PyTorch was not found. Models won't be available and only tokenizers, configuration and file/data utilities can be used.
[33m[2026-04-17 11:06:05,051] [ WARNING][0m - Due to potential compatibility issues between PaddlePaddle and PyTorch in PaddleFormers, PaddleFormers defaults `transformers.utils.import_utils.is_torch_available` and `transformers.utils.import_utils.is_torchvision_available` to False. If you need to use PyTorch in transformers or torchvision, please add `del sys.modules['transformers']` before using them.[0m
/public/home/baidu_test/hygon_2030/py310/lib/python3.10/site-packages/_distutils_hack/__init__.py:33: UserWarning: Setuptools is replacing distutils.
  warnings.warn("Setuptools is replacing distutils.")
PyTorch was not found. Models won't be available and only tokenizers, configuration and file/data utilities can be used.
/public/home/baidu_test/hygon_2030/Paddle/build/python/paddle/distributed/launch/context/args_envs.py:54: UserWarning: Unset 'http_proxy' to ensure stable NCCL communication in distributed training (backed up as 'http_proxy_original').
  warnings.warn(
/public/home/baidu_test/hygon_2030/Paddle/build/python/paddle/distributed/launch/context/args_envs.py:54: UserWarning: Unset 'https_proxy' to ensure stable NCCL communication in distributed training (backed up as 'https_proxy_original').
  warnings.warn(
LAUNCH INFO 2026-04-17 11:06:18,204 -----------  Configuration  ----------------------
LAUNCH INFO 2026-04-17 11:06:18,205 auto_cluster_config: 0
LAUNCH INFO 2026-04-17 11:06:18,206 auto_parallel_config: None
LAUNCH INFO 2026-04-17 11:06:18,207 auto_tuner_json: None
LAUNCH INFO 2026-04-17 11:06:18,208 devices: 0,1,2,3
LAUNCH INFO 2026-04-17 11:06:18,209 elastic_level: -1
LAUNCH INFO 2026-04-17 11:06:18,210 elastic_timeout: 30
LAUNCH INFO 2026-04-17 11:06:18,211 enable_gpu_log: True
LAUNCH INFO 2026-04-17 11:06:18,212 gloo_port: 6767
LAUNCH INFO 2026-04-17 11:06:18,213 host: None
LAUNCH INFO 2026-04-17 11:06:18,213 ips: None
LAUNCH INFO 2026-04-17 11:06:18,215 job_id: default
LAUNCH INFO 2026-04-17 11:06:18,216 legacy: False
LAUNCH INFO 2026-04-17 11:06:18,217 log_dir: logs/sft/13b.dist
LAUNCH INFO 2026-04-17 11:06:18,218 log_level: INFO
LAUNCH INFO 2026-04-17 11:06:18,220 log_overwrite: False
LAUNCH INFO 2026-04-17 11:06:18,221 master: 127.0.0.1:8080
LAUNCH INFO 2026-04-17 11:06:18,222 max_restart: 3
LAUNCH INFO 2026-04-17 11:06:18,223 nnodes: 1
LAUNCH INFO 2026-04-17 11:06:18,224 nproc_per_node: None
LAUNCH INFO 2026-04-17 11:06:18,225 rank: 0
LAUNCH INFO 2026-04-17 11:06:18,226 run_mode: collective
LAUNCH INFO 2026-04-17 11:06:18,227 server_num: None
LAUNCH INFO 2026-04-17 11:06:18,228 servers: 
LAUNCH INFO 2026-04-17 11:06:18,228 sort_ip: False
LAUNCH INFO 2026-04-17 11:06:18,230 start_port: 6070
LAUNCH INFO 2026-04-17 11:06:18,231 trainer_num: None
LAUNCH INFO 2026-04-17 11:06:18,232 trainers: 
LAUNCH INFO 2026-04-17 11:06:18,233 training_script: /public/home/baidu_test/hygon_2030/PaddleFormers/paddleformers/cli/launcher.py
LAUNCH INFO 2026-04-17 11:06:18,234 training_script_args: ['train', 'configs/sft/train.yaml']
LAUNCH INFO 2026-04-17 11:06:18,234 with_gloo: 1
LAUNCH INFO 2026-04-17 11:06:18,235 --------------------------------------------------
LAUNCH INFO 2026-04-17 11:06:18,236 Job: default, mode collective, replicas 1[1:1], elastic False
LAUNCH INFO 2026-04-17 11:06:18,244 Run Pod: dgrbvb, replicas 4, status ready
LAUNCH INFO 2026-04-17 11:06:18,406 Watching Pod: dgrbvb, replicas 4, status running
PyTorch was not found. Models won't be available and only tokenizers, configuration and file/data utilities can be used.
[33m[2026-04-17 11:06:22,002] [ WARNING][0m - Due to potential compatibility issues between PaddlePaddle and PyTorch in PaddleFormers, PaddleFormers defaults `transformers.utils.import_utils.is_torch_available` and `transformers.utils.import_utils.is_torchvision_available` to False. If you need to use PyTorch in transformers or torchvision, please add `del sys.modules['transformers']` before using them.[0m
/public/home/baidu_test/hygon_2030/py310/lib/python3.10/site-packages/_distutils_hack/__init__.py:33: UserWarning: Setuptools is replacing distutils.
  warnings.warn("Setuptools is replacing distutils.")
PyTorch was not found. Models won't be available and only tokenizers, configuration and file/data utilities can be used.
[32m[2026-04-17 11:06:25,202] [    INFO][0m - user has defined resume_from_checkpoint: None[0m
[32m[2026-04-17 11:06:25,216] [    INFO][0m - fa_version = 2 set FLAGS_flash_attn_version to 2[0m
[33m[2026-04-17 11:06:25,217] [ WARNING][0m - sharding_parallel_size=1 means no sharding, please set sharding to empty![0m
[2026-04-17 11:06:25,218] [    INFO] distributed_strategy.py:341 - distributed strategy initialized
[32m[2026-04-17 11:06:25,220] [    INFO][0m - PP configs:{'micro_batch_size': 1, 'accumulate_steps': 4, 'schedule_mode': '1F1B', 'p2p_cache_shape': True, 'enable_partial_send_recv': True}, use master_grad: True[0m
[33m[2026-04-17 11:06:25,220] [ WARNING][0m - In pipeline model, the evaluation also shares same setting with training. We will enforce that per_device_eval_batch_size=per_device_train_batch_size.[0m
[32m[2026-04-17 11:06:25,221] [    INFO][0m - using pipeline configs:{'delay_scale_loss': True, 'dp_comm_overlap': False, 'sharding_comm_overlap': False, 'enable_timer': False, 'release_gradients': False, 'overlap_p2p_comm': False, 'clear_every_step_cache': False, 'use_batch_p2p_comm': True, 'best_unbalanced_scheduler': False, 'enable_offload_queue': False, 'use_dualpipev': False, 'forward_backward_overlap_scheduler': False, 'enable_dynamic_shape': False}[0m
======================= Modified FLAGS detected =======================
FLAGS(name='FLAGS_cusolver_dir', current_value='/public/home/baidu_test/hygon_2030/Paddle/build/python/paddle/../nvidia/cusolver/lib', default_value='')
FLAGS(name='FLAGS_cusparse_dir', current_value='/public/home/baidu_test/hygon_2030/Paddle/build/python/paddle/../nvidia/cusparse/lib', default_value='')
FLAGS(name='FLAGS_cupti_dir', current_value='/public/home/baidu_test/hygon_2030/Paddle/build/python/paddle/../nvidia/cuda_cupti/lib', default_value='')
FLAGS(name='FLAGS_curand_dir', current_value='/public/home/baidu_test/hygon_2030/Paddle/build/python/paddle/../nvidia/curand/lib', default_value='')
FLAGS(name='FLAGS_nccl_dir', current_value='/public/home/baidu_test/hygon_2030/Paddle/build/python/paddle/../nvidia/nccl/lib', default_value='')
FLAGS(name='FLAGS_enable_pir_in_executor', current_value=True, default_value=False)
FLAGS(name='FLAGS_nvidia_package_dir', current_value='/public/home/baidu_test/hygon_2030/Paddle/build/python/paddle/../nvidia', default_value='')
FLAGS(name='FLAGS_cudnn_dir', current_value='/public/home/baidu_test/hygon_2030/Paddle/build/python/paddle/../nvidia/cudnn/lib', default_value='')
FLAGS(name='FLAGS_selected_gpus', current_value='0', default_value='')
FLAGS(name='FLAGS_cublas_dir', current_value='/public/home/baidu_test/hygon_2030/Paddle/build/python/paddle/../nvidia/cublas/lib', default_value='')
=======================================================================
I0417 11:06:25.248348 37736 tcp_store.cc:336] create libuv server at port: 55127
I0417 11:06:25.250571 37736 tcp_utils.cc:132] Successfully connected to 10.16.1.109:55127
I0417 11:06:28.208943 37736 process_group_nccl.cc:155] ProcessGroupNCCL pg_timeout_ 1800000
I0417 11:06:28.210204 37736 process_group_nccl.cc:156] ProcessGroupNCCL nccl_comm_init_option_ 0
I0417 11:06:28.211447 37736 process_group_nccl.cc:155] ProcessGroupNCCL pg_timeout_ 1800000
I0417 11:06:28.212617 37736 process_group_nccl.cc:156] ProcessGroupNCCL nccl_comm_init_option_ 0
[2026-04-17 11:06:28,213] [    INFO] topology.py:535 - Total 2 pipe comm group(s) create successfully!
W0417 11:06:28.215080 37736 gpu_resources.cc:116] Please NOTE: device: 0, GPU Compute Capability: 90.3, Driver API Version: 60125.1, Runtime API Version: 60125.1
W0417 11:06:28.893301 37736 nccl_comm_context.cc:70] ncclCommInitRankConfigMemOpt is not supported.
[2026-04-17 11:06:29,244] [    INFO] topology.py:535 - Total 4 data comm group(s) create successfully!
I0417 11:06:29.245270 37736 process_group_nccl.cc:155] ProcessGroupNCCL pg_timeout_ 1800000
I0417 11:06:29.246465 37736 process_group_nccl.cc:156] ProcessGroupNCCL nccl_comm_init_option_ 0
[2026-04-17 11:06:29,251] [    INFO] topology.py:535 - Total 2 model comm group(s) create successfully!
[2026-04-17 11:06:29,264] [    INFO] topology.py:535 - Total 4 sharding comm group(s) create successfully!
I0417 11:06:29.266032 37736 process_group_nccl.cc:155] ProcessGroupNCCL pg_timeout_ 1800000
I0417 11:06:29.266927 37736 process_group_nccl.cc:156] ProcessGroupNCCL nccl_comm_init_option_ 0
[2026-04-17 11:06:29,267] [    INFO] topology.py:449 - HybridParallelInfo: rank_id: 0, mp_degree: 2, sharding_degree: 1, pp_degree: 2, dp_degree: 1, sep_degree: 1, mp_group: [0, 1],  sharding_group: [0], pp_group: [0, 2], dp_group: [0], sep:group: None, check/clip group: [0, 1, 2, 3]
[32m[2026-04-17 11:06:29,270] [    INFO][0m -     +==============================================================================+
    |                                                                              |
    |                         DistributedStrategy Overview                         |
    |                                                                              |
    +==============================================================================+
    |                        a_sync=True <-> a_sync_configs                        |
    +------------------------------------------------------------------------------+
    |                               k_steps                    -1                  |
    |                     max_merge_var_num                    1                   |
    |                       send_queue_size                    16                  |
    |               independent_recv_thread                  False                 |
    |         min_send_grad_num_before_recv                    1                   |
    |                      thread_pool_size                    1                   |
    |                       send_wait_times                    1                   |
    |               runtime_split_send_recv                  False                 |
    |                        launch_barrier                   True                 |
    |             heter_worker_device_guard                   cpu                  |
    |                        lr_decay_steps                    10                  |
    |                            use_ps_gpu                    0                   |
    |                         use_gpu_graph                    0                   |
    +==============================================================================+
    |                    Environment Flags, Communication Flags                    |
    +------------------------------------------------------------------------------+
    |                                  mode                    1                   |
    |                               elastic                  False                 |
    |                                  auto                  False                 |
    |                   sync_nccl_allreduce                   True                 |
    |                         nccl_comm_num                    1                   |
    |            use_hierarchical_allreduce                  False                 |
    |   hierarchical_allreduce_inter_nranks                    1                   |
    |                       sync_batch_norm                  False                 |
    |                   fuse_all_reduce_ops                   True                 |
    |                  fuse_grad_size_in_MB                    32                  |
    |              fuse_grad_size_in_TFLOPS                   50.0                 |
    |               cudnn_exhaustive_search                  False                 |
    |             conv_workspace_size_limit                   512                  |
    |    cudnn_batchnorm_spatial_persistent                  False                 |
    |                        fp16_allreduce                  False                 |
    |               last_comm_group_size_MB                   1.0                  |
    |                find_unused_parameters                  False                 |
    |            without_graph_optimization                   True                 |
    |                 fuse_grad_size_in_num                    8                   |
    |                 calc_comm_same_stream                  False                 |
    |                                   asp                  False                 |
    |                       fuse_grad_merge                  False                 |
    |                             semi_auto                  False                 |
    |                            adam_d2sum                  False                 |
    |                           auto_search                  False                 |
    |                        heter_ccl_mode                  False                 |
    |                         is_fl_ps_mode                  False                 |
    |                      with_coordinator                  False                 |
    |                            split_data                   True                 |
    |                  downpour_table_param                    []                  |
    |                       fs_client_param                                        |
    +==============================================================================+
    |                                Build Strategy                                |
    +------------------------------------------------------------------------------+
    |              fuse_elewise_add_act_ops                  False                 |
    |                       fuse_bn_act_ops                  False                 |
    |              fuse_relu_depthwise_conv                  False                 |
    |                    fuse_broadcast_ops                  False                 |
    |                fuse_all_optimizer_ops                  False                 |
    |                        enable_inplace                  False                 |
    |     enable_backward_optimizer_op_deps                   True                 |
    |                 cache_runtime_context                  False                 |
    |                   fuse_bn_add_act_ops                   True                 |
    |                    enable_auto_fusion                  False                 |
    |                          enable_addto                  False                 |
    |              allow_cuda_graph_capture                  False                 |
    |                       reduce_strategy                    0                   |
    |                    fuse_gemm_epilogue                  False                 |
    |                   debug_graphviz_path                                        |
    |                       fused_attention                  False                 |
    |                     fused_feedforward                  False                 |
    |            fuse_dot_product_attention                  False                 |
    |                          fuse_resunit                  False                 |
    +==============================================================================+
[0m
[32m[2026-04-17 11:06:29,272] [    INFO][0m - The default value for the training argument `--report_to` will change in v5 (from all installed integrations to none). In v5, you will need to use `--report_to all` to get the same behavior as now. You should start updating your code and make this info disappear :-).[0m
[32m[2026-04-17 11:06:29,274] [    INFO][0m - Auto set hybrid_parallel_expert_grad_scale = 2.0[0m
[32m[2026-04-17 11:06:29,275] [    INFO][0m - reset finetuning arguments global_batch_size to 4[0m
[32m[2026-04-17 11:06:29,276] [    INFO][0m - fixing pp configs: {'micro_batch_size': 1, 'accumulate_steps': 4, 'schedule_mode': '1F1B', 'p2p_cache_shape': True, 'enable_partial_send_recv': True}[0m
[35m[2026-04-17 11:06:29,311] [   DEBUG][0m - ============================================================[0m
[35m[2026-04-17 11:06:29,312] [   DEBUG][0m -      Model Configuration Arguments      [0m
[35m[2026-04-17 11:06:29,313] [   DEBUG][0m - paddle commit id              : 49365aedc591d696031d8774418280d044b6d6f7[0m
[35m[2026-04-17 11:06:29,974] [   DEBUG][0m - paddleformers commit id       : eabee61c526c00a830efd09c629b9f5a8bde7712.dirty[0m
[35m[2026-04-17 11:06:29,976] [   DEBUG][0m - _attn_implementation          : eager[0m
[35m[2026-04-17 11:06:29,978] [   DEBUG][0m - bos_token_id                  : 0[0m
[35m[2026-04-17 11:06:29,980] [   DEBUG][0m - continue_training             : True[0m
[35m[2026-04-17 11:06:29,981] [   DEBUG][0m - copy_custom_file_list         : [0m
[35m[2026-04-17 11:06:29,982] [   DEBUG][0m - download_hub                  : None[0m
[35m[2026-04-17 11:06:29,983] [   DEBUG][0m - eos_token_id                  : 1[0m
[35m[2026-04-17 11:06:29,985] [   DEBUG][0m - ernie_model_config            : ErniePretrainArgument(use_quant_before_a2a=False, use_async_a2a=False, use_rms_qkv_recompute=False, moe_logging=False, use_recompute=False, num_nextn_predict_layers=0, use_fp8_mlp=False, num_hidden_layers=2, num_empty_layers_add_in_tail=0, use_fp8_fuse_node=False, use_ep_comm_overlap=False, fp8_mem_configs=FP8MemConfigs(shared_expert=False, recompute_fwd_gate_up=False, dequant_input=False, offline_quant_expert_weight=False, clear_origin_weight_when_offline_quant=False), fp8_fused_ops_configs=FP8FusedOpsConfigs(stack_quant=False, swiglu_probs_bwd=False, split_group_gemm=True, spaq=True, transpose_split_quant=True), use_combine_before_a2a=False, moe_num_experts=0, moe_k=2, moe_use_aux_free=False, moe_gate='top2_fused', transpose_split_quant=False)[0m
[35m[2026-04-17 11:06:29,986] [   DEBUG][0m - fine_tuning                   : full[0m
[35m[2026-04-17 11:06:29,987] [   DEBUG][0m - fuse_gate_detach_matmul       : True[0m
[35m[2026-04-17 11:06:29,988] [   DEBUG][0m - fuse_softmax_mask             : False[0m
[35m[2026-04-17 11:06:29,989] [   DEBUG][0m - lora                          : False[0m
[35m[2026-04-17 11:06:29,990] [   DEBUG][0m - lora_alpha                    : -1[0m
[35m[2026-04-17 11:06:29,991] [   DEBUG][0m - lora_path                     : None[0m
[35m[2026-04-17 11:06:29,992] [   DEBUG][0m - lora_plus_scale               : 1.0[0m
[35m[2026-04-17 11:06:29,993] [   DEBUG][0m - lora_rank                     : 8[0m
[35m[2026-04-17 11:06:29,994] [   DEBUG][0m - loss_subbatch_seqlen          : 32768[0m
[35m[2026-04-17 11:06:29,995] [   DEBUG][0m - max_position_embeddings       : 4096[0m
[35m[2026-04-17 11:06:29,996] [   DEBUG][0m - model_name_or_path            : ./models/Llama-2-13b[0m
[35m[2026-04-17 11:06:29,997] [   DEBUG][0m - model_with_dpo_criterion      : False[0m
[35m[2026-04-17 11:06:29,999] [   DEBUG][0m - moe_gate                      : top2_fused[0m
[35m[2026-04-17 11:06:30,000] [   DEBUG][0m - moe_group                     : dummy[0m
[35m[2026-04-17 11:06:30,000] [   DEBUG][0m - moe_group_experts             : False[0m
[35m[2026-04-17 11:06:30,001] [   DEBUG][0m - moe_multimodal_dispatch_use_allgather: v2-alltoall-unpad[0m
[35m[2026-04-17 11:06:30,002] [   DEBUG][0m - moe_orthogonal_loss_lambda    : 0.0[0m
[35m[2026-04-17 11:06:30,003] [   DEBUG][0m - moe_use_aux_free              : None[0m
[35m[2026-04-17 11:06:30,005] [   DEBUG][0m - moe_use_hard_gate             : False[0m
[35m[2026-04-17 11:06:30,006] [   DEBUG][0m - neftune                       : False[0m
[35m[2026-04-17 11:06:30,007] [   DEBUG][0m - neftune_noise_alpha           : 5.0[0m
[35m[2026-04-17 11:06:30,008] [   DEBUG][0m - pp_seg_method                 : layer:DecoderLayer|EmptyLayer[0m
[35m[2026-04-17 11:06:30,009] [   DEBUG][0m - rope_3d                       : True[0m
[35m[2026-04-17 11:06:30,010] [   DEBUG][0m - rslora                        : False[0m
[35m[2026-04-17 11:06:30,011] [   DEBUG][0m - rslora_plus                   : False[0m
[35m[2026-04-17 11:06:30,013] [   DEBUG][0m - stage                         : SFT[0m
[35m[2026-04-17 11:06:30,018] [   DEBUG][0m - tokenizer_name_or_path        : None[0m
[35m[2026-04-17 11:06:30,019] [   DEBUG][0m - use_attn_mask_startend_row_indices: True[0m
[35m[2026-04-17 11:06:30,020] [   DEBUG][0m - use_fast_layer_norm           : False[0m
[35m[2026-04-17 11:06:30,021] [   DEBUG][0m - use_global_causal_attn        : False[0m
[35m[2026-04-17 11:06:30,023] [   DEBUG][0m - use_mem_eff_attn              : True[0m
[35m[2026-04-17 11:06:30,024] [   DEBUG][0m - use_sparse_flash_attn         : True[0m
[35m[2026-04-17 11:06:30,025] [   DEBUG][0m - vision_config                 : VisionArguments(attn_implementation='eager', attn_sep=True, depth=32, embed_dim=1280, hidden_act='quick_gelu', hidden_size=1280, in_channels=3, mlp_ratio=4, model_type='DFNRope_vision_transformer', num_heads=16, patch_size=14, spatial_merge_size=2, tensor_model_parallel_size=4, vit_num_recompute_layers=10000)[0m
[35m[2026-04-17 11:06:30,026] [   DEBUG][0m - [0m
[35m[2026-04-17 11:06:30,026] [   DEBUG][0m - ============================================================[0m
[35m[2026-04-17 11:06:30,028] [   DEBUG][0m -       Data Configuration Arguments      [0m
[35m[2026-04-17 11:06:30,029] [   DEBUG][0m - paddle commit id              : 49365aedc591d696031d8774418280d044b6d6f7[0m
[35m[2026-04-17 11:06:30,031] [   DEBUG][0m - paddleformers commit id       : eabee61c526c00a830efd09c629b9f5a8bde7712.dirty[0m
[35m[2026-04-17 11:06:30,032] [   DEBUG][0m - binpacking                    : True[0m
[35m[2026-04-17 11:06:30,038] [   DEBUG][0m - buffer_size                   : 500[0m
[35m[2026-04-17 11:06:30,039] [   DEBUG][0m - custom_register_path          : None[0m
[35m[2026-04-17 11:06:30,040] [   DEBUG][0m - data_cache                    : None[0m
[35m[2026-04-17 11:06:30,042] [   DEBUG][0m - data_impl                     : mmap[0m
[35m[2026-04-17 11:06:30,043] [   DEBUG][0m - dataset_output_dir            : ./dataset_output[0m
[35m[2026-04-17 11:06:30,043] [   DEBUG][0m - dataset_type                  : iterable[0m
[35m[2026-04-17 11:06:30,045] [   DEBUG][0m - encode_one_turn               : True[0m
[35m[2026-04-17 11:06:30,049] [   DEBUG][0m - eval_dataset_path             : ./data/sft/school_math_0.25M/dev.json[0m
[35m[2026-04-17 11:06:30,050] [   DEBUG][0m - eval_dataset_prob             : 1.0[0m
[35m[2026-04-17 11:06:30,050] [   DEBUG][0m - eval_dataset_type             : erniekit[0m
[35m[2026-04-17 11:06:30,051] [   DEBUG][0m - eval_with_do_generation       : False[0m
[35m[2026-04-17 11:06:30,052] [   DEBUG][0m - greedy_intokens               : True[0m
[35m[2026-04-17 11:06:30,053] [   DEBUG][0m - input_dir                     : None[0m
[35m[2026-04-17 11:06:30,054] [   DEBUG][0m - make_offline_data             : False[0m
[35m[2026-04-17 11:06:30,055] [   DEBUG][0m - max_prompt_len                : 2048[0m
[35m[2026-04-17 11:06:30,056] [   DEBUG][0m - max_seq_len                   : 4096[0m
[35m[2026-04-17 11:06:30,057] [   DEBUG][0m - mix_strategy                  : concat[0m
[35m[2026-04-17 11:06:30,061] [   DEBUG][0m - new_special_tokens_path       : None[0m
[35m[2026-04-17 11:06:30,062] [   DEBUG][0m - num_samples_each_epoch        : 6000000[0m
[35m[2026-04-17 11:06:30,063] [   DEBUG][0m - packed_idx_cache_dir          : None[0m
[35m[2026-04-17 11:06:30,063] [   DEBUG][0m - packing                       : True[0m
[35m[2026-04-17 11:06:30,064] [   DEBUG][0m - packing_interval              : 1000[0m
[35m[2026-04-17 11:06:30,066] [   DEBUG][0m - padding_free                  : False[0m
[35m[2026-04-17 11:06:30,067] [   DEBUG][0m - processor_use_fast            : None[0m
[35m[2026-04-17 11:06:30,068] [   DEBUG][0m - random_shuffle                : True[0m
[35m[2026-04-17 11:06:30,069] [   DEBUG][0m - share_folder                  : False[0m
[35m[2026-04-17 11:06:30,070] [   DEBUG][0m - skip_warmup                   : True[0m
[35m[2026-04-17 11:06:30,071] [   DEBUG][0m - split                         : 950,50[0m
[35m[2026-04-17 11:06:30,072] [   DEBUG][0m - split_multi_turn              : False[0m
[35m[2026-04-17 11:06:30,072] [   DEBUG][0m - template                      : None[0m
[35m[2026-04-17 11:06:30,073] [   DEBUG][0m - template_backend              : custom[0m
[35m[2026-04-17 11:06:30,074] [   DEBUG][0m - train_dataset_path            : ./data/sft/school_math_0.25M/train.json[0m
[35m[2026-04-17 11:06:30,078] [   DEBUG][0m - train_dataset_prob            : 1.0[0m
[35m[2026-04-17 11:06:30,079] [   DEBUG][0m - train_dataset_type            : erniekit[0m
[35m[2026-04-17 11:06:30,080] [   DEBUG][0m - truncate_packing              : True[0m
[35m[2026-04-17 11:06:30,081] [   DEBUG][0m - truncation_strategy           : delete[0m
[35m[2026-04-17 11:06:30,082] [   DEBUG][0m - use_template                  : True[0m
[35m[2026-04-17 11:06:30,083] [   DEBUG][0m - warmup_only_rank0             : False[0m
[35m[2026-04-17 11:06:30,084] [   DEBUG][0m - [0m
[35m[2026-04-17 11:06:30,085] [   DEBUG][0m - ============================================================[0m
[35m[2026-04-17 11:06:30,086] [   DEBUG][0m -      Train Configuration Arguments      [0m
[35m[2026-04-17 11:06:30,087] [   DEBUG][0m - paddle commit id              : 49365aedc591d696031d8774418280d044b6d6f7[0m
[35m[2026-04-17 11:06:30,088] [   DEBUG][0m - paddleformers commit id       : eabee61c526c00a830efd09c629b9f5a8bde7712.dirty[0m
[35m[2026-04-17 11:06:30,089] [   DEBUG][0m - _no_sync_in_gradient_accumulation: True[0m
[35m[2026-04-17 11:06:30,092] [   DEBUG][0m - adam_beta1                    : 0.9[0m
[35m[2026-04-17 11:06:30,092] [   DEBUG][0m - adam_beta2                    : 0.999[0m
[35m[2026-04-17 11:06:30,096] [   DEBUG][0m - adam_epsilon                  : 1e-08[0m
[35m[2026-04-17 11:06:30,117] [   DEBUG][0m - amp_custom_black_list         : ['reduce_sum', 'softmax_with_cross_entropy', 'c_softmax_with_cross_entropy', 'elementwise_div', 'sin', 'cos'][0m
[35m[2026-04-17 11:06:30,118] [   DEBUG][0m - amp_custom_white_list         : ['lookup_table', 'lookup_table_v2', 'flash_attn', 'matmul', 'matmul_v2', 'fused_gemm_epilogue'][0m
[35m[2026-04-17 11:06:30,119] [   DEBUG][0m - amp_master_grad               : True[0m
[35m[2026-04-17 11:06:30,121] [   DEBUG][0m - aoa_config                    : None[0m
[35m[2026-04-17 11:06:30,122] [   DEBUG][0m - apply_rope_fusion             : False[0m
[35m[2026-04-17 11:06:30,123] [   DEBUG][0m - attention_probs_dropout_prob  : 0.0[0m
[35m[2026-04-17 11:06:30,124] [   DEBUG][0m - auto_parallel_resume_form_hybrid_parallel: False[0m
[35m[2026-04-17 11:06:30,125] [   DEBUG][0m - auto_parallel_sync_shared_params: False[0m
[35m[2026-04-17 11:06:30,126] [   DEBUG][0m - autotuner_benchmark           : False[0m
[35m[2026-04-17 11:06:30,127] [   DEBUG][0m - balanced_image_preprocess     : False[0m
[35m[2026-04-17 11:06:30,127] [   DEBUG][0m - batch_p2p_comm                : True[0m
[35m[2026-04-17 11:06:30,128] [   DEBUG][0m - benchmark                     : False[0m
[35m[2026-04-17 11:06:30,132] [   DEBUG][0m - best_unbalanced_scheduler     : False[0m
[35m[2026-04-17 11:06:30,133] [   DEBUG][0m - beta                          : 0.1[0m
[35m[2026-04-17 11:06:30,136] [   DEBUG][0m - bf16                          : True[0m
[35m[2026-04-17 11:06:30,137] [   DEBUG][0m - bf16_full_eval                : False[0m
[35m[2026-04-17 11:06:30,138] [   DEBUG][0m - ckpt_quant_stage              : O0[0m
[35m[2026-04-17 11:06:30,139] [   DEBUG][0m - clear_every_step_cache        : False[0m
[35m[2026-04-17 11:06:30,140] [   DEBUG][0m - compute_type                  : bf16[0m
[35m[2026-04-17 11:06:30,140] [   DEBUG][0m - context_parallel_rank         : 0[0m
[35m[2026-04-17 11:06:30,141] [   DEBUG][0m - context_parallel_size         : 1[0m
[35m[2026-04-17 11:06:30,142] [   DEBUG][0m - convert_from_hf               : True[0m
[35m[2026-04-17 11:06:30,143] [   DEBUG][0m - copy_custom_file_list         : [0m
[35m[2026-04-17 11:06:30,143] [   DEBUG][0m - count_trained_tokens          : False[0m
[35m[2026-04-17 11:06:30,144] [   DEBUG][0m - cp_comm_type                  : None[0m
[35m[2026-04-17 11:06:30,148] [   DEBUG][0m - cp_sharding_degree            : 1[0m
[35m[2026-04-17 11:06:30,148] [   DEBUG][0m - cp_sharding_rank              : 0[0m
[35m[2026-04-17 11:06:30,150] [   DEBUG][0m - current_device                : gpu:0[0m
[35m[2026-04-17 11:06:30,151] [   DEBUG][0m - data_parallel_config          : [0m
[35m[2026-04-17 11:06:30,153] [   DEBUG][0m - data_parallel_rank            : 0[0m
[35m[2026-04-17 11:06:30,155] [   DEBUG][0m - data_parallel_size            : 1[0m
[35m[2026-04-17 11:06:30,156] [   DEBUG][0m - dataloader_drop_last          : False[0m
[35m[2026-04-17 11:06:30,157] [   DEBUG][0m - dataloader_num_workers        : 0[0m
[35m[2026-04-17 11:06:30,158] [   DEBUG][0m - dataloader_shuffle            : True[0m
[35m[2026-04-17 11:06:30,158] [   DEBUG][0m - dataset_batch_size            : 1000[0m
[35m[2026-04-17 11:06:30,159] [   DEBUG][0m - dataset_kwargs                : None[0m
[35m[2026-04-17 11:06:30,160] [   DEBUG][0m - dataset_num_proc              : None[0m
[35m[2026-04-17 11:06:30,164] [   DEBUG][0m - dataset_rank                  : 0[0m
[35m[2026-04-17 11:06:30,165] [   DEBUG][0m - dataset_text_field            : text[0m
[35m[2026-04-17 11:06:30,166] [   DEBUG][0m - dataset_world_size            : 1[0m
[35m[2026-04-17 11:06:30,167] [   DEBUG][0m - ddp_find_unused_parameters    : None[0m
[35m[2026-04-17 11:06:30,168] [   DEBUG][0m - decay_function                : half_life[0m
[35m[2026-04-17 11:06:30,170] [   DEBUG][0m - decay_steps                   : None[0m
[35m[2026-04-17 11:06:30,171] [   DEBUG][0m - deterministic_mode            : False[0m
[35m[2026-04-17 11:06:30,172] [   DEBUG][0m - device                        : gpu[0m
[35m[2026-04-17 11:06:30,174] [   DEBUG][0m - disable_tqdm                  : True[0m
[35m[2026-04-17 11:06:30,175] [   DEBUG][0m - distributed_dataloader        : False[0m
[35m[2026-04-17 11:06:30,176] [   DEBUG][0m - do_eval                       : True[0m
[35m[2026-04-17 11:06:30,181] [   DEBUG][0m - do_export                     : False[0m
[35m[2026-04-17 11:06:30,182] [   DEBUG][0m - do_predict                    : False[0m
[35m[2026-04-17 11:06:30,183] [   DEBUG][0m - do_train                      : True[0m
[35m[2026-04-17 11:06:30,184] [   DEBUG][0m - download_hub                  : None[0m
[35m[2026-04-17 11:06:30,185] [   DEBUG][0m - dp_allreduce_avg_in_gradinent_scale: False[0m
[35m[2026-04-17 11:06:30,186] [   DEBUG][0m - dp_comm_overlap               : False[0m
[35m[2026-04-17 11:06:30,187] [   DEBUG][0m - dpop_lambda                   : 50[0m
[35m[2026-04-17 11:06:30,188] [   DEBUG][0m - embedding_init_method         : None[0m
[35m[2026-04-17 11:06:30,189] [   DEBUG][0m - embedding_init_method_std     : 0.02[0m
[35m[2026-04-17 11:06:30,190] [   DEBUG][0m - enable_auto_parallel          : False[0m
[35m[2026-04-17 11:06:30,191] [   DEBUG][0m - enable_linear_fused_grad_add  : False[0m
[35m[2026-04-17 11:06:30,192] [   DEBUG][0m - enable_mtp_magic_send         : False[0m
[35m[2026-04-17 11:06:30,193] [   DEBUG][0m - enable_sharding_comm_overlap  : False[0m
[35m[2026-04-17 11:06:30,194] [   DEBUG][0m - enable_zero_cost_checkpoint   : False[0m
[35m[2026-04-17 11:06:30,198] [   DEBUG][0m - estimation_output_file        : estimation_output.json[0m
[35m[2026-04-17 11:06:30,199] [   DEBUG][0m - eval_accumulation_steps       : None[0m
[35m[2026-04-17 11:06:30,200] [   DEBUG][0m - eval_batch_size               : 1[0m
[35m[2026-04-17 11:06:30,201] [   DEBUG][0m - eval_iters                    : 10[0m
[35m[2026-04-17 11:06:30,202] [   DEBUG][0m - eval_steps                    : 100[0m
[35m[2026-04-17 11:06:30,203] [   DEBUG][0m - evaluation_strategy           : IntervalStrategy.STEPS[0m
[35m[2026-04-17 11:06:30,204] [   DEBUG][0m - expert_model_parallel_size    : 1[0m
[35m[2026-04-17 11:06:30,210] [   DEBUG][0m - expert_parallel_rank          : 0[0m
[35m[2026-04-17 11:06:30,211] [   DEBUG][0m - expert_tensor_model_parallel_size: 1[0m
[35m[2026-04-17 11:06:30,212] [   DEBUG][0m - fa_version                    : 2[0m
[35m[2026-04-17 11:06:30,213] [   DEBUG][0m - factor                        : 20[0m
[35m[2026-04-17 11:06:30,214] [   DEBUG][0m - flash_device_save_steps       : 0[0m
[35m[2026-04-17 11:06:30,215] [   DEBUG][0m - flatten_param_grads           : False[0m
[35m[2026-04-17 11:06:30,217] [   DEBUG][0m - force_reshard_pp              : False[0m
[35m[2026-04-17 11:06:30,218] [   DEBUG][0m - forward_backward_overlap_scheduler: False[0m
[35m[2026-04-17 11:06:30,219] [   DEBUG][0m - fp16                          : False[0m
[35m[2026-04-17 11:06:30,220] [   DEBUG][0m - fp16_full_eval                : False[0m
[35m[2026-04-17 11:06:30,221] [   DEBUG][0m - fp16_opt_level                : O1[0m
[35m[2026-04-17 11:06:30,222] [   DEBUG][0m - fp32_residual_connection      : True[0m
[35m[2026-04-17 11:06:30,226] [   DEBUG][0m - fp8                           : None[0m
[35m[2026-04-17 11:06:30,227] [   DEBUG][0m - fp8_wgrad                     : True[0m
[35m[2026-04-17 11:06:30,228] [   DEBUG][0m - freeze_config                 : [0m
[35m[2026-04-17 11:06:30,229] [   DEBUG][0m - fuse_optimizer_states         : False[0m
[35m[2026-04-17 11:06:30,230] [   DEBUG][0m - fuse_sequence_parallel_allreduce: False[0m
[35m[2026-04-17 11:06:30,231] [   DEBUG][0m - fuse_swiglu                   : False[0m
[35m[2026-04-17 11:06:30,232] [   DEBUG][0m - gated_linear_unit             : True[0m
[35m[2026-04-17 11:06:30,233] [   DEBUG][0m - gc_interval                   : 0[0m
[35m[2026-04-17 11:06:30,234] [   DEBUG][0m - global_batch_size             : 4[0m
[35m[2026-04-17 11:06:30,235] [   DEBUG][0m - global_logging_interval       : 1[0m
[35m[2026-04-17 11:06:30,236] [   DEBUG][0m - gradient_accumulation_steps   : 4[0m
[35m[2026-04-17 11:06:30,237] [   DEBUG][0m - gradient_sync_after_accumulate: False[0m
[35m[2026-04-17 11:06:30,238] [   DEBUG][0m - greater_is_better             : None[0m
[35m[2026-04-17 11:06:30,239] [   DEBUG][0m - hidden_dropout_prob           : 0.0[0m
[35m[2026-04-17 11:06:30,240] [   DEBUG][0m - hidden_size                   : None[0m
[35m[2026-04-17 11:06:30,241] [   DEBUG][0m - hybrid_parallel_expert_grad_scale: 2.0[0m
[35m[2026-04-17 11:06:30,250] [   DEBUG][0m - hybrid_parallel_topo_order    : sharding_first[0m
[35m[2026-04-17 11:06:30,251] [   DEBUG][0m - ignore_data_skip              : False[0m
[35m[2026-04-17 11:06:30,252] [   DEBUG][0m - ignore_eos_token              : False[0m
[35m[2026-04-17 11:06:30,253] [   DEBUG][0m - ignore_load_lr_and_optim      : False[0m
[35m[2026-04-17 11:06:30,254] [   DEBUG][0m - ignore_save_lr_and_optim      : False[0m
[35m[2026-04-17 11:06:30,255] [   DEBUG][0m - init_method                   : None[0m
[35m[2026-04-17 11:06:30,256] [   DEBUG][0m - intermediate_size             : None[0m
[35m[2026-04-17 11:06:30,256] [   DEBUG][0m - label_names                   : None[0m
[35m[2026-04-17 11:06:30,258] [   DEBUG][0m - label_smoothing               : 0.0[0m
[35m[2026-04-17 11:06:30,259] [   DEBUG][0m - lazy_data_processing          : True[0m
[35m[2026-04-17 11:06:30,259] [   DEBUG][0m - learning_rate                 : 1e-05[0m
[35m[2026-04-17 11:06:30,260] [   DEBUG][0m - load_best_model_at_end        : False[0m
[35m[2026-04-17 11:06:30,265] [   DEBUG][0m - load_checkpoint_format        : flex_checkpoint[0m
[35m[2026-04-17 11:06:30,266] [   DEBUG][0m - load_from_hf                  : False[0m
[35m[2026-04-17 11:06:30,267] [   DEBUG][0m - load_sharded_model            : False[0m
[35m[2026-04-17 11:06:30,268] [   DEBUG][0m - load_sharded_model_remap_parameter_name: False[0m
[35m[2026-04-17 11:06:30,269] [   DEBUG][0m - load_via_cpu                  : True[0m
[35m[2026-04-17 11:06:30,270] [   DEBUG][0m - local_process_index           : 0[0m
[35m[2026-04-17 11:06:30,271] [   DEBUG][0m - local_rank                    : 0[0m
[35m[2026-04-17 11:06:30,272] [   DEBUG][0m - log_global_grad_norm          : False[0m
[35m[2026-04-17 11:06:30,273] [   DEBUG][0m - log_level                     : -1[0m
[35m[2026-04-17 11:06:30,274] [   DEBUG][0m - log_level_replica             : -1[0m
[35m[2026-04-17 11:06:30,275] [   DEBUG][0m - log_on_each_node              : True[0m
[35m[2026-04-17 11:06:30,276] [   DEBUG][0m - logging_dir                   : ./logs/sft/13b[0m
[35m[2026-04-17 11:06:30,277] [   DEBUG][0m - logging_first_step            : False[0m
[35m[2026-04-17 11:06:30,278] [   DEBUG][0m - logging_steps                 : 1[0m
[35m[2026-04-17 11:06:30,279] [   DEBUG][0m - logging_strategy              : IntervalStrategy.STEPS[0m
[35m[2026-04-17 11:06:30,280] [   DEBUG][0m - logical_process_index         : 0[0m
[35m[2026-04-17 11:06:30,281] [   DEBUG][0m - loss_subbatch_sequence_length : -1[0m
[35m[2026-04-17 11:06:30,282] [   DEBUG][0m - loss_type                     : sigmoid[0m
[35m[2026-04-17 11:06:30,283] [   DEBUG][0m - lr_end                        : 1e-07[0m
[35m[2026-04-17 11:06:30,284] [   DEBUG][0m - lr_scheduler                  : cosine[0m
[35m[2026-04-17 11:06:30,285] [   DEBUG][0m - lr_scheduler_type             : SchedulerType.LINEAR[0m
[35m[2026-04-17 11:06:30,286] [   DEBUG][0m - max_estimate_samples          : 100000.0[0m
[35m[2026-04-17 11:06:30,287] [   DEBUG][0m - max_evaluate_steps            : -1[0m
[35m[2026-04-17 11:06:30,288] [   DEBUG][0m - max_grad_norm                 : 1.0[0m
[35m[2026-04-17 11:06:30,293] [   DEBUG][0m - max_gradient_accumulation_steps: 4[0m
[35m[2026-04-17 11:06:30,294] [   DEBUG][0m - max_seq_len                   : 4096[0m
[35m[2026-04-17 11:06:30,296] [   DEBUG][0m - max_steps                     : 100[0m
[35m[2026-04-17 11:06:30,297] [   DEBUG][0m - merge_with_qdq_base_model     : False[0m
[35m[2026-04-17 11:06:30,299] [   DEBUG][0m - metric_for_best_model         : None[0m
[35m[2026-04-17 11:06:30,300] [   DEBUG][0m - metrics_output_path           : None[0m
[35m[2026-04-17 11:06:30,350] [   DEBUG][0m - min_lr                        : 0.0[0m
[35m[2026-04-17 11:06:30,360] [   DEBUG][0m - minimum_eval_times            : None[0m
[35m[2026-04-17 11:06:30,362] [   DEBUG][0m - model_name_or_path            : ./models/Llama-2-13b[0m
[35m[2026-04-17 11:06:30,363] [   DEBUG][0m - moe_deep_gemm                 : False[0m
[35m[2026-04-17 11:06:30,364] [   DEBUG][0m - moe_deepep_num_sms            : None[0m
[35m[2026-04-17 11:06:30,365] [   DEBUG][0m - moe_dequant_input             : False[0m
[35m[2026-04-17 11:06:30,366] [   DEBUG][0m - moe_dropout_prob              : 0.0[0m
[35m[2026-04-17 11:06:30,367] [   DEBUG][0m - moe_ep_barrier                : True[0m
[35m[2026-04-17 11:06:30,368] [   DEBUG][0m - moe_expert_capacity_factor    : 0.0[0m
[35m[2026-04-17 11:06:30,369] [   DEBUG][0m - moe_expert_fusion             : True[0m
[35m[2026-04-17 11:06:30,370] [   DEBUG][0m - moe_gate_lr_ratio             : None[0m
[35m[2026-04-17 11:06:30,374] [   DEBUG][0m - moe_grouped_gemm              : False[0m
[35m[2026-04-17 11:06:30,375] [   DEBUG][0m - moe_pad_expert_input_to_capacity: False[0m
[35m[2026-04-17 11:06:30,377] [   DEBUG][0m - moe_router_bias_update_rate   : 0.0[0m
[35m[2026-04-17 11:06:30,377] [   DEBUG][0m - moe_router_force_load_balancing: False[0m
[35m[2026-04-17 11:06:30,379] [   DEBUG][0m - moe_router_fusion             : True[0m
[35m[2026-04-17 11:06:30,380] [   DEBUG][0m - moe_router_load_balancing_type: seq_aux_loss[0m
[35m[2026-04-17 11:06:30,381] [   DEBUG][0m - moe_sharding_parallel_rank    : 0[0m
[35m[2026-04-17 11:06:30,382] [   DEBUG][0m - moe_sharding_parallel_size    : 1[0m
[35m[2026-04-17 11:06:30,383] [   DEBUG][0m - moe_shared_expert_overlap     : True[0m
[35m[2026-04-17 11:06:30,384] [   DEBUG][0m - moe_subbatch_token_num_after_dispatch: None[0m
[35m[2026-04-17 11:06:30,384] [   DEBUG][0m - moe_subbatch_token_num_before_dispatch: 0[0m
[35m[2026-04-17 11:06:30,385] [   DEBUG][0m - moe_token_dispatcher_type     : deepep[0m
[35m[2026-04-17 11:06:30,386] [   DEBUG][0m - moe_token_drop_policy         : probs[0m
[35m[2026-04-17 11:06:30,391] [   DEBUG][0m - moe_use_fusion_node           : True[0m
[35m[2026-04-17 11:06:30,392] [   DEBUG][0m - moe_with_send_router_loss     : True[0m
[35m[2026-04-17 11:06:30,393] [   DEBUG][0m - mp_async_allreduce            : False[0m
[35m[2026-04-17 11:06:30,393] [   DEBUG][0m - mp_fused_linear_param_grad_add: False[0m
[35m[2026-04-17 11:06:30,394] [   DEBUG][0m - mp_skip_c_identity            : False[0m
[35m[2026-04-17 11:06:30,395] [   DEBUG][0m - mtp_distillation_loss         : False[0m
[35m[2026-04-17 11:06:30,396] [   DEBUG][0m - mtp_num_layers                : 0[0m
[35m[2026-04-17 11:06:30,397] [   DEBUG][0m - multi_latent_attention        : False[0m
[35m[2026-04-17 11:06:30,398] [   DEBUG][0m - n_routed_experts              : None[0m
[35m[2026-04-17 11:06:30,399] [   DEBUG][0m - nccl_comm_group_config        : None[0m
[35m[2026-04-17 11:06:30,400] [   DEBUG][0m - need_data                     : True[0m
[35m[2026-04-17 11:06:30,401] [   DEBUG][0m - no_cuda                       : False[0m
[35m[2026-04-17 11:06:30,402] [   DEBUG][0m - no_recompute_layers           : None[0m
[35m[2026-04-17 11:06:30,403] [   DEBUG][0m - no_rope_freq                  : False[0m
[35m[2026-04-17 11:06:30,404] [   DEBUG][0m - non_batch_p2p_comm            : False[0m
[35m[2026-04-17 11:06:30,408] [   DEBUG][0m - normalization                 : RMSNorm[0m
[35m[2026-04-17 11:06:30,409] [   DEBUG][0m - normalize_logps               : False[0m
[35m[2026-04-17 11:06:30,410] [   DEBUG][0m - num_attention_heads           : None[0m
[35m[2026-04-17 11:06:30,411] [   DEBUG][0m - num_consecutive               : 1[0m
[35m[2026-04-17 11:06:30,413] [   DEBUG][0m - num_cycles                    : 0.5[0m
[35m[2026-04-17 11:06:30,414] [   DEBUG][0m - num_empty_layers_add_in_head  : 0[0m
[35m[2026-04-17 11:06:30,415] [   DEBUG][0m - num_empty_layers_add_in_tail  : 0[0m
[35m[2026-04-17 11:06:30,416] [   DEBUG][0m - num_experts_per_tok           : None[0m
[35m[2026-04-17 11:06:30,417] [   DEBUG][0m - num_hidden_layers             : None[0m
[35m[2026-04-17 11:06:30,418] [   DEBUG][0m - num_key_value_heads           : None[0m
[35m[2026-04-17 11:06:30,419] [   DEBUG][0m - num_nextn_predict_layers      : 0[0m
[35m[2026-04-17 11:06:30,420] [   DEBUG][0m - num_of_gpus                   : -1[0m
[35m[2026-04-17 11:06:30,424] [   DEBUG][0m - num_train_epochs              : 1.0[0m
[35m[2026-04-17 11:06:30,426] [   DEBUG][0m - offload_fp8_expert_master_weight: True[0m
[35m[2026-04-17 11:06:30,427] [   DEBUG][0m - offload_queue                 : False[0m
[35m[2026-04-17 11:06:30,428] [   DEBUG][0m - offset_alpha                  : 0.0[0m
[35m[2026-04-17 11:06:30,429] [   DEBUG][0m - optim                         : OptimizerNames.ADAMW[0m
[35m[2026-04-17 11:06:30,430] [   DEBUG][0m - optim_shard_num               : 1[0m
[35m[2026-04-17 11:06:30,431] [   DEBUG][0m - optimizer_name_suffix         : tp00_pp00[0m
[35m[2026-04-17 11:06:30,432] [   DEBUG][0m - ordered_save_group_size       : 0[0m
[35m[2026-04-17 11:06:30,433] [   DEBUG][0m - output_dir                    : ./checkpoints/sft/13b[0m
[35m[2026-04-17 11:06:30,434] [   DEBUG][0m - output_layer_init_method      : None[0m
[35m[2026-04-17 11:06:30,439] [   DEBUG][0m - output_signal_dir             : ./checkpoints/sft/13b[0m
[35m[2026-04-17 11:06:30,440] [   DEBUG][0m - overlap                       : False[0m
[35m[2026-04-17 11:06:30,441] [   DEBUG][0m - overlap_p2p_comm              : False[0m
[35m[2026-04-17 11:06:30,442] [   DEBUG][0m - overwrite_output_dir          : True[0m
[35m[2026-04-17 11:06:30,443] [   DEBUG][0m - p2p_cache_shape               : True[0m
[35m[2026-04-17 11:06:30,444] [   DEBUG][0m - pad_token_id                  : 0[0m
[35m[2026-04-17 11:06:30,445] [   DEBUG][0m - partial_send_recv             : True[0m
[35m[2026-04-17 11:06:30,445] [   DEBUG][0m - past_index                    : -1[0m
[35m[2026-04-17 11:06:30,446] [   DEBUG][0m - pdc_download_ckpt             : False[0m
[35m[2026-04-17 11:06:30,447] [   DEBUG][0m - pdc_download_timeout          : 300[0m
[35m[2026-04-17 11:06:30,448] [   DEBUG][0m - per_device_eval_batch_size    : 1[0m
[35m[2026-04-17 11:06:30,449] [   DEBUG][0m - per_device_train_batch_size   : 1[0m
[35m[2026-04-17 11:06:30,450] [   DEBUG][0m - pipeline_model_parallel_size  : 2[0m
[35m[2026-04-17 11:06:30,451] [   DEBUG][0m - pipeline_parallel_config      : [0m
[35m[2026-04-17 11:06:30,452] [   DEBUG][0m - pipeline_parallel_rank        : 0[0m
[35m[2026-04-17 11:06:30,456] [   DEBUG][0m - position_embedding_type       : rope[0m
[35m[2026-04-17 11:06:30,457] [   DEBUG][0m - power                         : 1.0[0m
[35m[2026-04-17 11:06:30,458] [   DEBUG][0m - pp_delay_scale_loss           : True[0m
[35m[2026-04-17 11:06:30,459] [   DEBUG][0m - pp_need_data                  : False[0m
[35m[2026-04-17 11:06:30,460] [   DEBUG][0m - pp_need_data_degree           : 0[0m
[35m[2026-04-17 11:06:30,461] [   DEBUG][0m - pp_release_grads              : False[0m
[35m[2026-04-17 11:06:30,462] [   DEBUG][0m - pp_sharding_comm_overlap      : False[0m
[35m[2026-04-17 11:06:30,463] [   DEBUG][0m - pp_sync_moment                : False[0m
[35m[2026-04-17 11:06:30,464] [   DEBUG][0m - pp_sync_param                 : False[0m
[35m[2026-04-17 11:06:30,465] [   DEBUG][0m - pre_alloc_memory              : 0[0m
[35m[2026-04-17 11:06:30,466] [   DEBUG][0m - prediction_loss_only          : False[0m
[35m[2026-04-17 11:06:30,467] [   DEBUG][0m - pref_loss_ratio               : 1.0[0m
[35m[2026-04-17 11:06:30,468] [   DEBUG][0m - prefetch_factor               : 2[0m
[35m[2026-04-17 11:06:30,469] [   DEBUG][0m - process_index                 : 0[0m
[35m[2026-04-17 11:06:30,473] [   DEBUG][0m - profile                       : False[0m
[35m[2026-04-17 11:06:30,474] [   DEBUG][0m - profile_step_end              : 12[0m
[35m[2026-04-17 11:06:30,475] [   DEBUG][0m - profile_step_start            : 10[0m
[35m[2026-04-17 11:06:30,477] [   DEBUG][0m - recompute_granularity         : full[0m
[35m[2026-04-17 11:06:30,478] [   DEBUG][0m - recompute_method              : uniform[0m
[35m[2026-04-17 11:06:30,479] [   DEBUG][0m - recompute_modules             : None[0m
[35m[2026-04-17 11:06:30,480] [   DEBUG][0m - recompute_mtp_granularity     : None[0m
[35m[2026-04-17 11:06:30,481] [   DEBUG][0m - recompute_mtp_method          : None[0m
[35m[2026-04-17 11:06:30,482] [   DEBUG][0m - recompute_mtp_modules         : None[0m
[35m[2026-04-17 11:06:30,483] [   DEBUG][0m - recompute_num_layers          : 1[0m
[35m[2026-04-17 11:06:30,488] [   DEBUG][0m - recompute_use_reentrant       : True[0m
[35m[2026-04-17 11:06:30,489] [   DEBUG][0m - reeao_dataset_rank            : 0[0m
[35m[2026-04-17 11:06:30,489] [   DEBUG][0m - reeao_dataset_world_size      : 1[0m
[35m[2026-04-17 11:06:30,491] [   DEBUG][0m - ref_model_update_steps        : -1[0m
[35m[2026-04-17 11:06:30,495] [   DEBUG][0m - reference_free                : False[0m
[35m[2026-04-17 11:06:30,495] [   DEBUG][0m - release_grads                 : False[0m
[35m[2026-04-17 11:06:30,496] [   DEBUG][0m - remove_unused_columns         : True[0m
[35m[2026-04-17 11:06:30,497] [   DEBUG][0m - reorder_pipeline_priority     : False[0m
[35m[2026-04-17 11:06:30,498] [   DEBUG][0m - replace_with_c_embedding      : False[0m
[35m[2026-04-17 11:06:30,498] [   DEBUG][0m - replace_with_parallel_cross_entropy: False[0m
[35m[2026-04-17 11:06:30,499] [   DEBUG][0m - replicate_saved_into_local    : False[0m
[35m[2026-04-17 11:06:30,500] [   DEBUG][0m - report_to                     : ['visualdl'][0m
[35m[2026-04-17 11:06:30,501] [   DEBUG][0m - resume_from_checkpoint        : None[0m
[35m[2026-04-17 11:06:30,504] [   DEBUG][0m - resume_from_huggingface_ckpt  : None[0m
[35m[2026-04-17 11:06:30,505] [   DEBUG][0m - router_aux_loss_coef          : 0.0[0m
[35m[2026-04-17 11:06:30,506] [   DEBUG][0m - router_z_loss_coef            : None[0m
[35m[2026-04-17 11:06:30,507] [   DEBUG][0m - run_name                      : ./checkpoints/sft/13b[0m
[35m[2026-04-17 11:06:30,508] [   DEBUG][0m - same_data                     : None[0m
[35m[2026-04-17 11:06:30,509] [   DEBUG][0m - save_checkpoint_format        : flex_checkpoint[0m
[35m[2026-04-17 11:06:30,510] [   DEBUG][0m - save_hf_memory_growth_threshold: 8[0m
[35m[2026-04-17 11:06:30,511] [   DEBUG][0m - save_hf_steps                 : -1[0m
[35m[2026-04-17 11:06:30,512] [   DEBUG][0m - save_hf_total_limit           : None[0m
[35m[2026-04-17 11:06:30,513] [   DEBUG][0m - save_last_step                : False[0m
[35m[2026-04-17 11:06:30,515] [   DEBUG][0m - save_on_each_node             : False[0m
[35m[2026-04-17 11:06:30,516] [   DEBUG][0m - save_rng_states               : True[0m
[35m[2026-04-17 11:06:30,517] [   DEBUG][0m - save_sharded_model            : False[0m
[35m[2026-04-17 11:06:30,518] [   DEBUG][0m - save_sharding_stage1_model_include_freeze_params: False[0m
[35m[2026-04-17 11:06:30,522] [   DEBUG][0m - save_steps                    : 100[0m
[35m[2026-04-17 11:06:30,522] [   DEBUG][0m - save_strategy                 : IntervalStrategy.STEPS[0m
[35m[2026-04-17 11:06:30,523] [   DEBUG][0m - save_to_hf                    : True[0m
[35m[2026-04-17 11:06:30,524] [   DEBUG][0m - save_tokenizer                : True[0m
[35m[2026-04-17 11:06:30,525] [   DEBUG][0m - save_total_limit              : None[0m
[35m[2026-04-17 11:06:30,526] [   DEBUG][0m - scale_loss                    : 32768[0m
[35m[2026-04-17 11:06:30,527] [   DEBUG][0m - sd_release_grads              : False[0m
[35m[2026-04-17 11:06:30,529] [   DEBUG][0m - sd_sharding_comm_overlap      : False[0m
[35m[2026-04-17 11:06:30,530] [   DEBUG][0m - sd_shardingv1_comm_overlap    : False[0m
[35m[2026-04-17 11:06:30,531] [   DEBUG][0m - seed                          : 23[0m
[35m[2026-04-17 11:06:30,532] [   DEBUG][0m - send_recv_overlap             : False[0m
[35m[2026-04-17 11:06:30,532] [   DEBUG][0m - sep_parallel_size             : 1[0m
[35m[2026-04-17 11:06:30,534] [   DEBUG][0m - sequence_parallel             : False[0m
[35m[2026-04-17 11:06:30,535] [   DEBUG][0m - sequence_parallel_config      : [0m
[35m[2026-04-17 11:06:30,538] [   DEBUG][0m - sft_loss_ratio                : 0.0[0m
[35m[2026-04-17 11:06:30,539] [   DEBUG][0m - sharded_model_from_ema        : False[0m
[35m[2026-04-17 11:06:30,540] [   DEBUG][0m - sharding                      : [][0m
[35m[2026-04-17 11:06:30,542] [   DEBUG][0m - sharding_comm_buffer_size_MB  : -1[0m
[35m[2026-04-17 11:06:30,543] [   DEBUG][0m - sharding_degree               : -1[0m
[35m[2026-04-17 11:06:30,544] [   DEBUG][0m - sharding_offload_opt_buffersize_GB: -1[0m
[35m[2026-04-17 11:06:30,545] [   DEBUG][0m - sharding_parallel_config      : [0m
[35m[2026-04-17 11:06:30,546] [   DEBUG][0m - sharding_parallel_mesh_dimension: dp[0m
[35m[2026-04-17 11:06:30,547] [   DEBUG][0m - sharding_parallel_rank        : 0[0m
[35m[2026-04-17 11:06:30,547] [   DEBUG][0m - sharding_parallel_size        : 1[0m
[35m[2026-04-17 11:06:30,548] [   DEBUG][0m - should_load_dataset           : True[0m
[35m[2026-04-17 11:06:30,549] [   DEBUG][0m - should_load_sharding_stage1_model: False[0m
[35m[2026-04-17 11:06:30,563] [   DEBUG][0m - should_log                    : True[0m
[35m[2026-04-17 11:06:30,564] [   DEBUG][0m - should_save                   : True[0m
[35m[2026-04-17 11:06:30,565] [   DEBUG][0m - should_save_model_state       : True[0m
[35m[2026-04-17 11:06:30,566] [   DEBUG][0m - should_save_model_with_tensor_fusion: False[0m
[35m[2026-04-17 11:06:30,567] [   DEBUG][0m - should_save_sharding_stage1_model: False[0m
[35m[2026-04-17 11:06:30,569] [   DEBUG][0m - shuffle_consecutive           : False[0m
[35m[2026-04-17 11:06:30,569] [   DEBUG][0m - simpo_gamma                   : 0.5[0m
[35m[2026-04-17 11:06:30,570] [   DEBUG][0m - skip_data_intervals           : None[0m
[35m[2026-04-17 11:06:30,574] [   DEBUG][0m - skip_memory_metrics           : True[0m
[35m[2026-04-17 11:06:30,575] [   DEBUG][0m - skip_profile_timer            : True[0m
[35m[2026-04-17 11:06:30,576] [   DEBUG][0m - softmax_scale                 : None[0m
[35m[2026-04-17 11:06:30,577] [   DEBUG][0m - softmax_type                  : vanilla[0m
[35m[2026-04-17 11:06:30,578] [   DEBUG][0m - sp_allreduce_avg_in_gradinent_scale: False[0m
[35m[2026-04-17 11:06:30,579] [   DEBUG][0m - sp_async_reduce_scatter       : False[0m
[35m[2026-04-17 11:06:30,580] [   DEBUG][0m - split_backward                : False[0m
[35m[2026-04-17 11:06:30,581] [   DEBUG][0m - split_inputs_sequence_dim     : True[0m
[35m[2026-04-17 11:06:30,582] [   DEBUG][0m - split_norm_comm               : False[0m
[35m[2026-04-17 11:06:30,583] [   DEBUG][0m - split_param                   : True[0m
[35m[2026-04-17 11:06:30,584] [   DEBUG][0m - stage1_allgather_overlap      : False[0m
[35m[2026-04-17 11:06:30,584] [   DEBUG][0m - stage1_broadcast_overlap      : False[0m
[35m[2026-04-17 11:06:30,585] [   DEBUG][0m - stage1_overlap                : False[0m
[35m[2026-04-17 11:06:30,586] [   DEBUG][0m - stage1_reduce_avg             : True[0m
[35m[2026-04-17 11:06:30,588] [   DEBUG][0m - stage1_tensor_fusion          : False[0m
[35m[2026-04-17 11:06:30,589] [   DEBUG][0m - stage2_overlap                : False[0m
[35m[2026-04-17 11:06:30,591] [   DEBUG][0m - sync_grad                     : False[0m
[35m[2026-04-17 11:06:30,592] [   DEBUG][0m - tensor_fusion                 : False[0m
[35m[2026-04-17 11:06:30,594] [   DEBUG][0m - tensor_model_parallel_size    : 2[0m
[35m[2026-04-17 11:06:30,594] [   DEBUG][0m - tensor_parallel_config        : [0m
[35m[2026-04-17 11:06:30,595] [   DEBUG][0m - tensor_parallel_output        : True[0m
[35m[2026-04-17 11:06:30,596] [   DEBUG][0m - tensor_parallel_rank          : 0[0m
[35m[2026-04-17 11:06:30,597] [   DEBUG][0m - tensorwise_offload_optimizer  : False[0m
[35m[2026-04-17 11:06:30,598] [   DEBUG][0m - tie_word_embeddings           : None[0m
[35m[2026-04-17 11:06:30,598] [   DEBUG][0m - timer                         : False[0m
[35m[2026-04-17 11:06:30,599] [   DEBUG][0m - to_static                     : False[0m
[35m[2026-04-17 11:06:30,600] [   DEBUG][0m - token_balance_loss            : False[0m
[35m[2026-04-17 11:06:30,601] [   DEBUG][0m - tp_async_allreduce            : False[0m
[35m[2026-04-17 11:06:30,602] [   DEBUG][0m - tp_sync_moment                : False[0m
[35m[2026-04-17 11:06:30,602] [   DEBUG][0m - tp_sync_param                 : False[0m
[35m[2026-04-17 11:06:30,603] [   DEBUG][0m - train_batch_size              : 1[0m
[35m[2026-04-17 11:06:30,604] [   DEBUG][0m - train_mtp_only                : False[0m
[35m[2026-04-17 11:06:30,608] [   DEBUG][0m - unified_checkpoint            : False[0m
[35m[2026-04-17 11:06:30,609] [   DEBUG][0m - unified_checkpoint_config     : [0m
[35m[2026-04-17 11:06:30,610] [   DEBUG][0m - use_async_save                : False[0m
[35m[2026-04-17 11:06:30,611] [   DEBUG][0m - use_cache                     : False[0m
[35m[2026-04-17 11:06:30,612] [   DEBUG][0m - use_dualpipev                 : False[0m
[35m[2026-04-17 11:06:30,613] [   DEBUG][0m - use_expert_parallel           : False[0m
[35m[2026-04-17 11:06:30,615] [   DEBUG][0m - use_filtered_label_loss       : False[0m
[35m[2026-04-17 11:06:30,616] [   DEBUG][0m - use_fp8                       : False[0m
[35m[2026-04-17 11:06:30,617] [   DEBUG][0m - use_fused_head_and_loss_fn    : False[0m
[35m[2026-04-17 11:06:30,618] [   DEBUG][0m - use_fused_linear_cross_entropy: False[0m
[35m[2026-04-17 11:06:30,621] [   DEBUG][0m - use_hybrid_parallel           : True[0m
[35m[2026-04-17 11:06:30,623] [   DEBUG][0m - use_intermediate_api          : False[0m
[35m[2026-04-17 11:06:30,624] [   DEBUG][0m - use_lowprecision_moment       : False[0m
[35m[2026-04-17 11:06:30,628] [   DEBUG][0m - use_moe                       : False[0m
[35m[2026-04-17 11:06:30,630] [   DEBUG][0m - use_ortho_loss_callback       : False[0m
[35m[2026-04-17 11:06:30,631] [   DEBUG][0m - use_qk_norm                   : None[0m
[35m[2026-04-17 11:06:30,632] [   DEBUG][0m - use_recompute_mtp             : False[0m
[35m[2026-04-17 11:06:30,633] [   DEBUG][0m - use_unified_moe               : False[0m
[35m[2026-04-17 11:06:30,635] [   DEBUG][0m - using_sonic_moe               : False[0m
[35m[2026-04-17 11:06:30,639] [   DEBUG][0m - variable_seq_lengths          : False[0m
[35m[2026-04-17 11:06:30,640] [   DEBUG][0m - virtual_pipeline_model_parallel_size: 1[0m
[35m[2026-04-17 11:06:30,646] [   DEBUG][0m - wandb_api_key                 : None[0m
[35m[2026-04-17 11:06:30,647] [   DEBUG][0m - wandb_http_proxy              : None[0m
[35m[2026-04-17 11:06:30,648] [   DEBUG][0m - warmup_ratio                  : 0.0[0m
[35m[2026-04-17 11:06:30,649] [   DEBUG][0m - warmup_steps                  : 10[0m
[35m[2026-04-17 11:06:30,650] [   DEBUG][0m - weight_decay                  : 0.0[0m
[35m[2026-04-17 11:06:30,651] [   DEBUG][0m - weight_name_suffix            : tp00_pp00[0m
[35m[2026-04-17 11:06:30,655] [   DEBUG][0m - weight_quantize_algo          : None[0m
[35m[2026-04-17 11:06:30,656] [   DEBUG][0m - world_size                    : 4[0m
[35m[2026-04-17 11:06:30,657] [   DEBUG][0m - zcc_ema_interval              : 1[0m
[35m[2026-04-17 11:06:30,658] [   DEBUG][0m - zcc_ema_loss_threshold        : None[0m
[35m[2026-04-17 11:06:30,658] [   DEBUG][0m - zcc_pipeline_hooks_capacity_usage: 0.6[0m
[35m[2026-04-17 11:06:30,660] [   DEBUG][0m - zcc_save_ema_coef             : None[0m
[35m[2026-04-17 11:06:30,661] [   DEBUG][0m - zcc_workers_num               : 3[0m
[35m[2026-04-17 11:06:30,662] [   DEBUG][0m - [0m
[32m[2026-04-17 11:06:30,665] [    INFO][0m - The global seed is set to 23, local seed is set to 27 and random seed is set to 23.[0m
[33m[2026-04-17 11:06:30,666] [ WARNING][0m - Process rank: 0, device: gpu, world_size: 4, distributed training: True, 16-bits training: True[0m
[32m[2026-04-17 11:06:30,667] [    INFO][0m - Using download source: huggingface[0m
[32m[2026-04-17 11:06:30,671] [    INFO][0m - Using download source: huggingface[0m
[32m[2026-04-17 11:06:30,672] [    INFO][0m - Loading configuration file ./models/Llama-2-13b/config.json[0m
[32m[2026-04-17 11:06:30,675] [    INFO][0m - Final model config: LlamaConfig {
  "_name_or_path": "meta-llama/Llama-2-13b-hf",
  "architectures": [
    "LlamaForCausalLM"
  ],
  "attention_bias": false,
  "attention_dropout": 0.0,
  "bos_token_id": 1,
  "enable_auto_parallel": false,
  "eos_token_id": 2,
  "head_dim": 128,
  "hidden_act": "silu",
  "hidden_size": 5120,
  "initializer_range": 0.02,
  "intermediate_size": 13824,
  "is_lora": false,
  "max_position_embeddings": 4096,
  "max_sequence_length": 4096,
  "mlp_bias": false,
  "model_type": "llama",
  "moe_router_bias_update_rate": 0.0,
  "num_attention_heads": 40,
  "num_hidden_layers": 40,
  "num_key_value_heads": 40,
  "pad_token_id": 0,
  "paddleformers_version": "1.1.0.post20260417",
  "pipeline_model_parallel_size": 2,
  "pp_seg_method": "layer:DecoderLayer|EmptyLayer",
  "pretraining_tp": 2,
  "recompute_granularity": "full",
  "recompute_method": "uniform",
  "recompute_num_layers": 1,
  "rms_norm_eps": 1e-05,
  "rope_parameters": {
    "rope_theta": 10000.0,
    "rope_type": "default"
  },
  "rope_scaling": null,
  "rope_theta": 10000.0,
  "seq_length": 4096,
  "tensor_model_parallel_size": 2,
  "tie_word_embeddings": false,
  "torch_dtype": "float32",
  "use_cache": true,
  "use_fast_layer_norm": false,
  "vocab_size": 32000
}
[0m
[32m[2026-04-17 11:06:30,677] [    INFO][0m - Creating model[0m
[32m[2026-04-17 11:06:30,678] [    INFO][0m - Loading model weights from ./models/Llama-2-13b[0m
[32m[2026-04-17 11:06:30,680] [    INFO][0m - Using download source: huggingface[0m
[32m[2026-04-17 11:06:30,689] [    INFO][0m - We are using <class 'paddleformers.transformers.llama.modeling.LlamaForCausalLMPipe'> to load './models/Llama-2-13b'.[0m
[32m[2026-04-17 11:06:30,690] [    INFO][0m - Loading weights file ./models/Llama-2-13b/model.safetensors.index.json[0m
[32m[2026-04-17 11:06:30,692] [    INFO][0m - change initializer-range from 0.02 to 0.008068311858747157[0m
[32m[2026-04-17 11:06:30,692] [    INFO][0m - using moe-group: dummy[0m
[32m[2026-04-17 11:06:30,694] [    INFO][0m - use no_recompute_layers: {0, 1, 2, 3, 4, 5, 6, 7, 8, 9, 10, 11, 12, 13, 14, 15, 16, 17, 18, 19, 20, 21, 22, 23, 24, 25, 26, 27, 28, 29, 30, 31, 32, 33, 34, 35, 36, 37, 38, 39}[0m
[32m[2026-04-17 11:06:30,695] [    INFO][0m - using recompute_interval=0, seg_method=layer:DecoderLayer|EmptyLayer[0m
[32m[2026-04-17 11:06:30,696] [    INFO][0m - loss_subbatch_sequence_length: -1 , use_fused_head_and_loss_fn: False, use_filtered_label_loss: False[0m
[32m[2026-04-17 11:06:30,697] [    INFO][0m - using parallel cross entroy, take care[0m
[2026-04-17 11:06:30,698] [    INFO] pp_layers.py:872 - start segment network..
[2026-04-17 11:06:30,702] [    INFO] pp_layers.py:878 - segment with method: layer:DecoderLayer|EmptyLayer; result: 0, 21, 43
[2026-04-17 11:06:30,704] [    INFO] pp_layers.py:895 - stage=0, global_rank=0 ,layer_number=21
[2026-04-17 11:06:30,707] [    INFO] pp_layers.py:900 - 0: EmbeddingPipe(config=LlamaConfig {
  "_name_or_path": "meta-llama/Llama-2-13b-hf",
  "architectures": [
    "LlamaForCausalLM"
  ],
  "attention_bias": false,
  "attention_dropout": 0.0,
  "bos_token_id": 1,
  "enable_auto_parallel": false,
  "eos_token_id": 2,
  "head_dim": 128,
  "hidden_act": "silu",
  "hidden_size": 5120,
  "initializer_range": 0.008068311858747157,
  "intermediate_size": 13824,
  "is_lora": false,
  "max_position_embeddings": 4096,
  "max_sequence_length": 4096,
  "mlp_bias": false,
  "model_type": "llama",
  "moe_group_origin": "dummy",
  "moe_rank": 0,
  "moe_router_bias_update_rate": 0.0,
  "moe_world_size": 1,
  "num_attention_heads": 40,
  "num_hidden_layers": 40,
  "num_key_value_heads": 40,
  "pad_token_id": 0,
  "paddleformers_version": "1.1.0.post20260417",
  "pipeline_model_parallel_size": 2,
  "pp_seg_method": "layer:DecoderLayer|EmptyLayer",
  "pretraining_tp": 2,
  "recompute_granularity": "full",
  "recompute_method": "uniform",
  "recompute_num_layers": 1,
  "rms_norm_eps": 1e-05,
  "rope_parameters": {
    "rope_theta": 10000.0,
    "rope_type": "default"
  },
  "rope_scaling": null,
  "rope_theta": 10000.0,
  "seq_length": 4096,
  "tensor_model_parallel_size": 2,
  "tie_word_embeddings": false,
  "torch_dtype": "float32",
  "use_cache": true,
  "use_fast_layer_norm": false,
  "vocab_size": 32000
}
, embed_cls=None, rotary_emb_cls=None)
[2026-04-17 11:06:30,709] [    INFO] pp_layers.py:900 - 1: DecoderLayerPipe(config=LlamaConfig {
  "_name_or_path": "meta-llama/Llama-2-13b-hf",
  "architectures": [
    "LlamaForCausalLM"
  ],
  "attention_bias": false,
  "attention_dropout": 0.0,
  "bos_token_id": 1,
  "enable_auto_parallel": false,
  "eos_token_id": 2,
  "head_dim": 128,
  "hidden_act": "silu",
  "hidden_size": 5120,
  "initializer_range": 0.008068311858747157,
  "intermediate_size": 13824,
  "is_lora": false,
  "max_position_embeddings": 4096,
  "max_sequence_length": 4096,
  "mlp_bias": false,
  "model_type": "llama",
  "moe_group_origin": "dummy",
  "moe_rank": 0,
  "moe_router_bias_update_rate": 0.0,
  "moe_world_size": 1,
  "num_attention_heads": 40,
  "num_hidden_layers": 40,
  "num_key_value_heads": 40,
  "pad_token_id": 0,
  "paddleformers_version": "1.1.0.post20260417",
  "pipeline_model_parallel_size": 2,
  "pp_seg_method": "layer:DecoderLayer|EmptyLayer",
  "pretraining_tp": 2,
  "recompute_granularity": "full",
  "recompute_method": "uniform",
  "recompute_num_layers": 1,
  "rms_norm_eps": 1e-05,
  "rope_parameters": {
    "rope_theta": 10000.0,
    "rope_type": "default"
  },
  "rope_scaling": null,
  "rope_theta": 10000.0,
  "seq_length": 4096,
  "tensor_model_parallel_size": 2,
  "tie_word_embeddings": false,
  "torch_dtype": "float32",
  "use_cache": true,
  "use_fast_layer_norm": false,
  "vocab_size": 32000
}
, layer_idx=0)
[2026-04-17 11:06:30,712] [    INFO] pp_layers.py:900 - 2: DecoderLayerPipe(config=LlamaConfig {
  "_name_or_path": "meta-llama/Llama-2-13b-hf",
  "architectures": [
    "LlamaForCausalLM"
  ],
  "attention_bias": false,
  "attention_dropout": 0.0,
  "bos_token_id": 1,
  "enable_auto_parallel": false,
  "eos_token_id": 2,
  "head_dim": 128,
  "hidden_act": "silu",
  "hidden_size": 5120,
  "initializer_range": 0.008068311858747157,
  "intermediate_size": 13824,
  "is_lora": false,
  "max_position_embeddings": 4096,
  "max_sequence_length": 4096,
  "mlp_bias": false,
  "model_type": "llama",
  "moe_group_origin": "dummy",
  "moe_rank": 0,
  "moe_router_bias_update_rate": 0.0,
  "moe_world_size": 1,
  "num_attention_heads": 40,
  "num_hidden_layers": 40,
  "num_key_value_heads": 40,
  "pad_token_id": 0,
  "paddleformers_version": "1.1.0.post20260417",
  "pipeline_model_parallel_size": 2,
  "pp_seg_method": "layer:DecoderLayer|EmptyLayer",
  "pretraining_tp": 2,
  "recompute_granularity": "full",
  "recompute_method": "uniform",
  "recompute_num_layers": 1,
  "rms_norm_eps": 1e-05,
  "rope_parameters": {
    "rope_theta": 10000.0,
    "rope_type": "default"
  },
  "rope_scaling": null,
  "rope_theta": 10000.0,
  "seq_length": 4096,
  "tensor_model_parallel_size": 2,
  "tie_word_embeddings": false,
  "torch_dtype": "float32",
  "use_cache": true,
  "use_fast_layer_norm": false,
  "vocab_size": 32000
}
, layer_idx=1)
[2026-04-17 11:06:30,731] [    INFO] pp_layers.py:900 - 3: DecoderLayerPipe(config=LlamaConfig {
  "_name_or_path": "meta-llama/Llama-2-13b-hf",
  "architectures": [
    "LlamaForCausalLM"
  ],
  "attention_bias": false,
  "attention_dropout": 0.0,
  "bos_token_id": 1,
  "enable_auto_parallel": false,
  "eos_token_id": 2,
  "head_dim": 128,
  "hidden_act": "silu",
  "hidden_size": 5120,
  "initializer_range": 0.008068311858747157,
  "intermediate_size": 13824,
  "is_lora": false,
  "max_position_embeddings": 4096,
  "max_sequence_length": 4096,
  "mlp_bias": false,
  "model_type": "llama",
  "moe_group_origin": "dummy",
  "moe_rank": 0,
  "moe_router_bias_update_rate": 0.0,
  "moe_world_size": 1,
  "num_attention_heads": 40,
  "num_hidden_layers": 40,
  "num_key_value_heads": 40,
  "pad_token_id": 0,
  "paddleformers_version": "1.1.0.post20260417",
  "pipeline_model_parallel_size": 2,
  "pp_seg_method": "layer:DecoderLayer|EmptyLayer",
  "pretraining_tp": 2,
  "recompute_granularity": "full",
  "recompute_method": "uniform",
  "recompute_num_layers": 1,
  "rms_norm_eps": 1e-05,
  "rope_parameters": {
    "rope_theta": 10000.0,
    "rope_type": "default"
  },
  "rope_scaling": null,
  "rope_theta": 10000.0,
  "seq_length": 4096,
  "tensor_model_parallel_size": 2,
  "tie_word_embeddings": false,
  "torch_dtype": "float32",
  "use_cache": true,
  "use_fast_layer_norm": false,
  "vocab_size": 32000
}
, layer_idx=2)
[2026-04-17 11:06:30,735] [    INFO] pp_layers.py:900 - 4: DecoderLayerPipe(config=LlamaConfig {
  "_name_or_path": "meta-llama/Llama-2-13b-hf",
  "architectures": [
    "LlamaForCausalLM"
  ],
  "attention_bias": false,
  "attention_dropout": 0.0,
  "bos_token_id": 1,
  "enable_auto_parallel": false,
  "eos_token_id": 2,
  "head_dim": 128,
  "hidden_act": "silu",
  "hidden_size": 5120,
  "initializer_range": 0.008068311858747157,
  "intermediate_size": 13824,
  "is_lora": false,
  "max_position_embeddings": 4096,
  "max_sequence_length": 4096,
  "mlp_bias": false,
  "model_type": "llama",
  "moe_group_origin": "dummy",
  "moe_rank": 0,
  "moe_router_bias_update_rate": 0.0,
  "moe_world_size": 1,
  "num_attention_heads": 40,
  "num_hidden_layers": 40,
  "num_key_value_heads": 40,
  "pad_token_id": 0,
  "paddleformers_version": "1.1.0.post20260417",
  "pipeline_model_parallel_size": 2,
  "pp_seg_method": "layer:DecoderLayer|EmptyLayer",
  "pretraining_tp": 2,
  "recompute_granularity": "full",
  "recompute_method": "uniform",
  "recompute_num_layers": 1,
  "rms_norm_eps": 1e-05,
  "rope_parameters": {
    "rope_theta": 10000.0,
    "rope_type": "default"
  },
  "rope_scaling": null,
  "rope_theta": 10000.0,
  "seq_length": 4096,
  "tensor_model_parallel_size": 2,
  "tie_word_embeddings": false,
  "torch_dtype": "float32",
  "use_cache": true,
  "use_fast_layer_norm": false,
  "vocab_size": 32000
}
, layer_idx=3)
[2026-04-17 11:06:30,743] [    INFO] pp_layers.py:900 - 5: DecoderLayerPipe(config=LlamaConfig {
  "_name_or_path": "meta-llama/Llama-2-13b-hf",
  "architectures": [
    "LlamaForCausalLM"
  ],
  "attention_bias": false,
  "attention_dropout": 0.0,
  "bos_token_id": 1,
  "enable_auto_parallel": false,
  "eos_token_id": 2,
  "head_dim": 128,
  "hidden_act": "silu",
  "hidden_size": 5120,
  "initializer_range": 0.008068311858747157,
  "intermediate_size": 13824,
  "is_lora": false,
  "max_position_embeddings": 4096,
  "max_sequence_length": 4096,
  "mlp_bias": false,
  "model_type": "llama",
  "moe_group_origin": "dummy",
  "moe_rank": 0,
  "moe_router_bias_update_rate": 0.0,
  "moe_world_size": 1,
  "num_attention_heads": 40,
  "num_hidden_layers": 40,
  "num_key_value_heads": 40,
  "pad_token_id": 0,
  "paddleformers_version": "1.1.0.post20260417",
  "pipeline_model_parallel_size": 2,
  "pp_seg_method": "layer:DecoderLayer|EmptyLayer",
  "pretraining_tp": 2,
  "recompute_granularity": "full",
  "recompute_method": "uniform",
  "recompute_num_layers": 1,
  "rms_norm_eps": 1e-05,
  "rope_parameters": {
    "rope_theta": 10000.0,
    "rope_type": "default"
  },
  "rope_scaling": null,
  "rope_theta": 10000.0,
  "seq_length": 4096,
  "tensor_model_parallel_size": 2,
  "tie_word_embeddings": false,
  "torch_dtype": "float32",
  "use_cache": true,
  "use_fast_layer_norm": false,
  "vocab_size": 32000
}
, layer_idx=4)
[2026-04-17 11:06:30,748] [    INFO] pp_layers.py:900 - 6: DecoderLayerPipe(config=LlamaConfig {
  "_name_or_path": "meta-llama/Llama-2-13b-hf",
  "architectures": [
    "LlamaForCausalLM"
  ],
  "attention_bias": false,
  "attention_dropout": 0.0,
  "bos_token_id": 1,
  "enable_auto_parallel": false,
  "eos_token_id": 2,
  "head_dim": 128,
  "hidden_act": "silu",
  "hidden_size": 5120,
  "initializer_range": 0.008068311858747157,
  "intermediate_size": 13824,
  "is_lora": false,
  "max_position_embeddings": 4096,
  "max_sequence_length": 4096,
  "mlp_bias": false,
  "model_type": "llama",
  "moe_group_origin": "dummy",
  "moe_rank": 0,
  "moe_router_bias_update_rate": 0.0,
  "moe_world_size": 1,
  "num_attention_heads": 40,
  "num_hidden_layers": 40,
  "num_key_value_heads": 40,
  "pad_token_id": 0,
  "paddleformers_version": "1.1.0.post20260417",
  "pipeline_model_parallel_size": 2,
  "pp_seg_method": "layer:DecoderLayer|EmptyLayer",
  "pretraining_tp": 2,
  "recompute_granularity": "full",
  "recompute_method": "uniform",
  "recompute_num_layers": 1,
  "rms_norm_eps": 1e-05,
  "rope_parameters": {
    "rope_theta": 10000.0,
    "rope_type": "default"
  },
  "rope_scaling": null,
  "rope_theta": 10000.0,
  "seq_length": 4096,
  "tensor_model_parallel_size": 2,
  "tie_word_embeddings": false,
  "torch_dtype": "float32",
  "use_cache": true,
  "use_fast_layer_norm": false,
  "vocab_size": 32000
}
, layer_idx=5)
[2026-04-17 11:06:30,751] [    INFO] pp_layers.py:900 - 7: DecoderLayerPipe(config=LlamaConfig {
  "_name_or_path": "meta-llama/Llama-2-13b-hf",
  "architectures": [
    "LlamaForCausalLM"
  ],
  "attention_bias": false,
  "attention_dropout": 0.0,
  "bos_token_id": 1,
  "enable_auto_parallel": false,
  "eos_token_id": 2,
  "head_dim": 128,
  "hidden_act": "silu",
  "hidden_size": 5120,
  "initializer_range": 0.008068311858747157,
  "intermediate_size": 13824,
  "is_lora": false,
  "max_position_embeddings": 4096,
  "max_sequence_length": 4096,
  "mlp_bias": false,
  "model_type": "llama",
  "moe_group_origin": "dummy",
  "moe_rank": 0,
  "moe_router_bias_update_rate": 0.0,
  "moe_world_size": 1,
  "num_attention_heads": 40,
  "num_hidden_layers": 40,
  "num_key_value_heads": 40,
  "pad_token_id": 0,
  "paddleformers_version": "1.1.0.post20260417",
  "pipeline_model_parallel_size": 2,
  "pp_seg_method": "layer:DecoderLayer|EmptyLayer",
  "pretraining_tp": 2,
  "recompute_granularity": "full",
  "recompute_method": "uniform",
  "recompute_num_layers": 1,
  "rms_norm_eps": 1e-05,
  "rope_parameters": {
    "rope_theta": 10000.0,
    "rope_type": "default"
  },
  "rope_scaling": null,
  "rope_theta": 10000.0,
  "seq_length": 4096,
  "tensor_model_parallel_size": 2,
  "tie_word_embeddings": false,
  "torch_dtype": "float32",
  "use_cache": true,
  "use_fast_layer_norm": false,
  "vocab_size": 32000
}
, layer_idx=6)
[2026-04-17 11:06:30,753] [    INFO] pp_layers.py:900 - 8: DecoderLayerPipe(config=LlamaConfig {
  "_name_or_path": "meta-llama/Llama-2-13b-hf",
  "architectures": [
    "LlamaForCausalLM"
  ],
  "attention_bias": false,
  "attention_dropout": 0.0,
  "bos_token_id": 1,
  "enable_auto_parallel": false,
  "eos_token_id": 2,
  "head_dim": 128,
  "hidden_act": "silu",
  "hidden_size": 5120,
  "initializer_range": 0.008068311858747157,
  "intermediate_size": 13824,
  "is_lora": false,
  "max_position_embeddings": 4096,
  "max_sequence_length": 4096,
  "mlp_bias": false,
  "model_type": "llama",
  "moe_group_origin": "dummy",
  "moe_rank": 0,
  "moe_router_bias_update_rate": 0.0,
  "moe_world_size": 1,
  "num_attention_heads": 40,
  "num_hidden_layers": 40,
  "num_key_value_heads": 40,
  "pad_token_id": 0,
  "paddleformers_version": "1.1.0.post20260417",
  "pipeline_model_parallel_size": 2,
  "pp_seg_method": "layer:DecoderLayer|EmptyLayer",
  "pretraining_tp": 2,
  "recompute_granularity": "full",
  "recompute_method": "uniform",
  "recompute_num_layers": 1,
  "rms_norm_eps": 1e-05,
  "rope_parameters": {
    "rope_theta": 10000.0,
    "rope_type": "default"
  },
  "rope_scaling": null,
  "rope_theta": 10000.0,
  "seq_length": 4096,
  "tensor_model_parallel_size": 2,
  "tie_word_embeddings": false,
  "torch_dtype": "float32",
  "use_cache": true,
  "use_fast_layer_norm": false,
  "vocab_size": 32000
}
, layer_idx=7)
[2026-04-17 11:06:30,756] [    INFO] pp_layers.py:900 - 9: DecoderLayerPipe(config=LlamaConfig {
  "_name_or_path": "meta-llama/Llama-2-13b-hf",
  "architectures": [
    "LlamaForCausalLM"
  ],
  "attention_bias": false,
  "attention_dropout": 0.0,
  "bos_token_id": 1,
  "enable_auto_parallel": false,
  "eos_token_id": 2,
  "head_dim": 128,
  "hidden_act": "silu",
  "hidden_size": 5120,
  "initializer_range": 0.008068311858747157,
  "intermediate_size": 13824,
  "is_lora": false,
  "max_position_embeddings": 4096,
  "max_sequence_length": 4096,
  "mlp_bias": false,
  "model_type": "llama",
  "moe_group_origin": "dummy",
  "moe_rank": 0,
  "moe_router_bias_update_rate": 0.0,
  "moe_world_size": 1,
  "num_attention_heads": 40,
  "num_hidden_layers": 40,
  "num_key_value_heads": 40,
  "pad_token_id": 0,
  "paddleformers_version": "1.1.0.post20260417",
  "pipeline_model_parallel_size": 2,
  "pp_seg_method": "layer:DecoderLayer|EmptyLayer",
  "pretraining_tp": 2,
  "recompute_granularity": "full",
  "recompute_method": "uniform",
  "recompute_num_layers": 1,
  "rms_norm_eps": 1e-05,
  "rope_parameters": {
    "rope_theta": 10000.0,
    "rope_type": "default"
  },
  "rope_scaling": null,
  "rope_theta": 10000.0,
  "seq_length": 4096,
  "tensor_model_parallel_size": 2,
  "tie_word_embeddings": false,
  "torch_dtype": "float32",
  "use_cache": true,
  "use_fast_layer_norm": false,
  "vocab_size": 32000
}
, layer_idx=8)
[2026-04-17 11:06:30,759] [    INFO] pp_layers.py:900 - 10: DecoderLayerPipe(config=LlamaConfig {
  "_name_or_path": "meta-llama/Llama-2-13b-hf",
  "architectures": [
    "LlamaForCausalLM"
  ],
  "attention_bias": false,
  "attention_dropout": 0.0,
  "bos_token_id": 1,
  "enable_auto_parallel": false,
  "eos_token_id": 2,
  "head_dim": 128,
  "hidden_act": "silu",
  "hidden_size": 5120,
  "initializer_range": 0.008068311858747157,
  "intermediate_size": 13824,
  "is_lora": false,
  "max_position_embeddings": 4096,
  "max_sequence_length": 4096,
  "mlp_bias": false,
  "model_type": "llama",
  "moe_group_origin": "dummy",
  "moe_rank": 0,
  "moe_router_bias_update_rate": 0.0,
  "moe_world_size": 1,
  "num_attention_heads": 40,
  "num_hidden_layers": 40,
  "num_key_value_heads": 40,
  "pad_token_id": 0,
  "paddleformers_version": "1.1.0.post20260417",
  "pipeline_model_parallel_size": 2,
  "pp_seg_method": "layer:DecoderLayer|EmptyLayer",
  "pretraining_tp": 2,
  "recompute_granularity": "full",
  "recompute_method": "uniform",
  "recompute_num_layers": 1,
  "rms_norm_eps": 1e-05,
  "rope_parameters": {
    "rope_theta": 10000.0,
    "rope_type": "default"
  },
  "rope_scaling": null,
  "rope_theta": 10000.0,
  "seq_length": 4096,
  "tensor_model_parallel_size": 2,
  "tie_word_embeddings": false,
  "torch_dtype": "float32",
  "use_cache": true,
  "use_fast_layer_norm": false,
  "vocab_size": 32000
}
, layer_idx=9)
[2026-04-17 11:06:30,763] [    INFO] pp_layers.py:900 - 11: DecoderLayerPipe(config=LlamaConfig {
  "_name_or_path": "meta-llama/Llama-2-13b-hf",
  "architectures": [
    "LlamaForCausalLM"
  ],
  "attention_bias": false,
  "attention_dropout": 0.0,
  "bos_token_id": 1,
  "enable_auto_parallel": false,
  "eos_token_id": 2,
  "head_dim": 128,
  "hidden_act": "silu",
  "hidden_size": 5120,
  "initializer_range": 0.008068311858747157,
  "intermediate_size": 13824,
  "is_lora": false,
  "max_position_embeddings": 4096,
  "max_sequence_length": 4096,
  "mlp_bias": false,
  "model_type": "llama",
  "moe_group_origin": "dummy",
  "moe_rank": 0,
  "moe_router_bias_update_rate": 0.0,
  "moe_world_size": 1,
  "num_attention_heads": 40,
  "num_hidden_layers": 40,
  "num_key_value_heads": 40,
  "pad_token_id": 0,
  "paddleformers_version": "1.1.0.post20260417",
  "pipeline_model_parallel_size": 2,
  "pp_seg_method": "layer:DecoderLayer|EmptyLayer",
  "pretraining_tp": 2,
  "recompute_granularity": "full",
  "recompute_method": "uniform",
  "recompute_num_layers": 1,
  "rms_norm_eps": 1e-05,
  "rope_parameters": {
    "rope_theta": 10000.0,
    "rope_type": "default"
  },
  "rope_scaling": null,
  "rope_theta": 10000.0,
  "seq_length": 4096,
  "tensor_model_parallel_size": 2,
  "tie_word_embeddings": false,
  "torch_dtype": "float32",
  "use_cache": true,
  "use_fast_layer_norm": false,
  "vocab_size": 32000
}
, layer_idx=10)
[2026-04-17 11:06:30,765] [    INFO] pp_layers.py:900 - 12: DecoderLayerPipe(config=LlamaConfig {
  "_name_or_path": "meta-llama/Llama-2-13b-hf",
  "architectures": [
    "LlamaForCausalLM"
  ],
  "attention_bias": false,
  "attention_dropout": 0.0,
  "bos_token_id": 1,
  "enable_auto_parallel": false,
  "eos_token_id": 2,
  "head_dim": 128,
  "hidden_act": "silu",
  "hidden_size": 5120,
  "initializer_range": 0.008068311858747157,
  "intermediate_size": 13824,
  "is_lora": false,
  "max_position_embeddings": 4096,
  "max_sequence_length": 4096,
  "mlp_bias": false,
  "model_type": "llama",
  "moe_group_origin": "dummy",
  "moe_rank": 0,
  "moe_router_bias_update_rate": 0.0,
  "moe_world_size": 1,
  "num_attention_heads": 40,
  "num_hidden_layers": 40,
  "num_key_value_heads": 40,
  "pad_token_id": 0,
  "paddleformers_version": "1.1.0.post20260417",
  "pipeline_model_parallel_size": 2,
  "pp_seg_method": "layer:DecoderLayer|EmptyLayer",
  "pretraining_tp": 2,
  "recompute_granularity": "full",
  "recompute_method": "uniform",
  "recompute_num_layers": 1,
  "rms_norm_eps": 1e-05,
  "rope_parameters": {
    "rope_theta": 10000.0,
    "rope_type": "default"
  },
  "rope_scaling": null,
  "rope_theta": 10000.0,
  "seq_length": 4096,
  "tensor_model_parallel_size": 2,
  "tie_word_embeddings": false,
  "torch_dtype": "float32",
  "use_cache": true,
  "use_fast_layer_norm": false,
  "vocab_size": 32000
}
, layer_idx=11)
[2026-04-17 11:06:30,768] [    INFO] pp_layers.py:900 - 13: DecoderLayerPipe(config=LlamaConfig {
  "_name_or_path": "meta-llama/Llama-2-13b-hf",
  "architectures": [
    "LlamaForCausalLM"
  ],
  "attention_bias": false,
  "attention_dropout": 0.0,
  "bos_token_id": 1,
  "enable_auto_parallel": false,
  "eos_token_id": 2,
  "head_dim": 128,
  "hidden_act": "silu",
  "hidden_size": 5120,
  "initializer_range": 0.008068311858747157,
  "intermediate_size": 13824,
  "is_lora": false,
  "max_position_embeddings": 4096,
  "max_sequence_length": 4096,
  "mlp_bias": false,
  "model_type": "llama",
  "moe_group_origin": "dummy",
  "moe_rank": 0,
  "moe_router_bias_update_rate": 0.0,
  "moe_world_size": 1,
  "num_attention_heads": 40,
  "num_hidden_layers": 40,
  "num_key_value_heads": 40,
  "pad_token_id": 0,
  "paddleformers_version": "1.1.0.post20260417",
  "pipeline_model_parallel_size": 2,
  "pp_seg_method": "layer:DecoderLayer|EmptyLayer",
  "pretraining_tp": 2,
  "recompute_granularity": "full",
  "recompute_method": "uniform",
  "recompute_num_layers": 1,
  "rms_norm_eps": 1e-05,
  "rope_parameters": {
    "rope_theta": 10000.0,
    "rope_type": "default"
  },
  "rope_scaling": null,
  "rope_theta": 10000.0,
  "seq_length": 4096,
  "tensor_model_parallel_size": 2,
  "tie_word_embeddings": false,
  "torch_dtype": "float32",
  "use_cache": true,
  "use_fast_layer_norm": false,
  "vocab_size": 32000
}
, layer_idx=12)
[2026-04-17 11:06:30,770] [    INFO] pp_layers.py:900 - 14: DecoderLayerPipe(config=LlamaConfig {
  "_name_or_path": "meta-llama/Llama-2-13b-hf",
  "architectures": [
    "LlamaForCausalLM"
  ],
  "attention_bias": false,
  "attention_dropout": 0.0,
  "bos_token_id": 1,
  "enable_auto_parallel": false,
  "eos_token_id": 2,
  "head_dim": 128,
  "hidden_act": "silu",
  "hidden_size": 5120,
  "initializer_range": 0.008068311858747157,
  "intermediate_size": 13824,
  "is_lora": false,
  "max_position_embeddings": 4096,
  "max_sequence_length": 4096,
  "mlp_bias": false,
  "model_type": "llama",
  "moe_group_origin": "dummy",
  "moe_rank": 0,
  "moe_router_bias_update_rate": 0.0,
  "moe_world_size": 1,
  "num_attention_heads": 40,
  "num_hidden_layers": 40,
  "num_key_value_heads": 40,
  "pad_token_id": 0,
  "paddleformers_version": "1.1.0.post20260417",
  "pipeline_model_parallel_size": 2,
  "pp_seg_method": "layer:DecoderLayer|EmptyLayer",
  "pretraining_tp": 2,
  "recompute_granularity": "full",
  "recompute_method": "uniform",
  "recompute_num_layers": 1,
  "rms_norm_eps": 1e-05,
  "rope_parameters": {
    "rope_theta": 10000.0,
    "rope_type": "default"
  },
  "rope_scaling": null,
  "rope_theta": 10000.0,
  "seq_length": 4096,
  "tensor_model_parallel_size": 2,
  "tie_word_embeddings": false,
  "torch_dtype": "float32",
  "use_cache": true,
  "use_fast_layer_norm": false,
  "vocab_size": 32000
}
, layer_idx=13)
[2026-04-17 11:06:30,772] [    INFO] pp_layers.py:900 - 15: DecoderLayerPipe(config=LlamaConfig {
  "_name_or_path": "meta-llama/Llama-2-13b-hf",
  "architectures": [
    "LlamaForCausalLM"
  ],
  "attention_bias": false,
  "attention_dropout": 0.0,
  "bos_token_id": 1,
  "enable_auto_parallel": false,
  "eos_token_id": 2,
  "head_dim": 128,
  "hidden_act": "silu",
  "hidden_size": 5120,
  "initializer_range": 0.008068311858747157,
  "intermediate_size": 13824,
  "is_lora": false,
  "max_position_embeddings": 4096,
  "max_sequence_length": 4096,
  "mlp_bias": false,
  "model_type": "llama",
  "moe_group_origin": "dummy",
  "moe_rank": 0,
  "moe_router_bias_update_rate": 0.0,
  "moe_world_size": 1,
  "num_attention_heads": 40,
  "num_hidden_layers": 40,
  "num_key_value_heads": 40,
  "pad_token_id": 0,
  "paddleformers_version": "1.1.0.post20260417",
  "pipeline_model_parallel_size": 2,
  "pp_seg_method": "layer:DecoderLayer|EmptyLayer",
  "pretraining_tp": 2,
  "recompute_granularity": "full",
  "recompute_method": "uniform",
  "recompute_num_layers": 1,
  "rms_norm_eps": 1e-05,
  "rope_parameters": {
    "rope_theta": 10000.0,
    "rope_type": "default"
  },
  "rope_scaling": null,
  "rope_theta": 10000.0,
  "seq_length": 4096,
  "tensor_model_parallel_size": 2,
  "tie_word_embeddings": false,
  "torch_dtype": "float32",
  "use_cache": true,
  "use_fast_layer_norm": false,
  "vocab_size": 32000
}
, layer_idx=14)
[2026-04-17 11:06:30,775] [    INFO] pp_layers.py:900 - 16: DecoderLayerPipe(config=LlamaConfig {
  "_name_or_path": "meta-llama/Llama-2-13b-hf",
  "architectures": [
    "LlamaForCausalLM"
  ],
  "attention_bias": false,
  "attention_dropout": 0.0,
  "bos_token_id": 1,
  "enable_auto_parallel": false,
  "eos_token_id": 2,
  "head_dim": 128,
  "hidden_act": "silu",
  "hidden_size": 5120,
  "initializer_range": 0.008068311858747157,
  "intermediate_size": 13824,
  "is_lora": false,
  "max_position_embeddings": 4096,
  "max_sequence_length": 4096,
  "mlp_bias": false,
  "model_type": "llama",
  "moe_group_origin": "dummy",
  "moe_rank": 0,
  "moe_router_bias_update_rate": 0.0,
  "moe_world_size": 1,
  "num_attention_heads": 40,
  "num_hidden_layers": 40,
  "num_key_value_heads": 40,
  "pad_token_id": 0,
  "paddleformers_version": "1.1.0.post20260417",
  "pipeline_model_parallel_size": 2,
  "pp_seg_method": "layer:DecoderLayer|EmptyLayer",
  "pretraining_tp": 2,
  "recompute_granularity": "full",
  "recompute_method": "uniform",
  "recompute_num_layers": 1,
  "rms_norm_eps": 1e-05,
  "rope_parameters": {
    "rope_theta": 10000.0,
    "rope_type": "default"
  },
  "rope_scaling": null,
  "rope_theta": 10000.0,
  "seq_length": 4096,
  "tensor_model_parallel_size": 2,
  "tie_word_embeddings": false,
  "torch_dtype": "float32",
  "use_cache": true,
  "use_fast_layer_norm": false,
  "vocab_size": 32000
}
, layer_idx=15)
[2026-04-17 11:06:30,778] [    INFO] pp_layers.py:900 - 17: DecoderLayerPipe(config=LlamaConfig {
  "_name_or_path": "meta-llama/Llama-2-13b-hf",
  "architectures": [
    "LlamaForCausalLM"
  ],
  "attention_bias": false,
  "attention_dropout": 0.0,
  "bos_token_id": 1,
  "enable_auto_parallel": false,
  "eos_token_id": 2,
  "head_dim": 128,
  "hidden_act": "silu",
  "hidden_size": 5120,
  "initializer_range": 0.008068311858747157,
  "intermediate_size": 13824,
  "is_lora": false,
  "max_position_embeddings": 4096,
  "max_sequence_length": 4096,
  "mlp_bias": false,
  "model_type": "llama",
  "moe_group_origin": "dummy",
  "moe_rank": 0,
  "moe_router_bias_update_rate": 0.0,
  "moe_world_size": 1,
  "num_attention_heads": 40,
  "num_hidden_layers": 40,
  "num_key_value_heads": 40,
  "pad_token_id": 0,
  "paddleformers_version": "1.1.0.post20260417",
  "pipeline_model_parallel_size": 2,
  "pp_seg_method": "layer:DecoderLayer|EmptyLayer",
  "pretraining_tp": 2,
  "recompute_granularity": "full",
  "recompute_method": "uniform",
  "recompute_num_layers": 1,
  "rms_norm_eps": 1e-05,
  "rope_parameters": {
    "rope_theta": 10000.0,
    "rope_type": "default"
  },
  "rope_scaling": null,
  "rope_theta": 10000.0,
  "seq_length": 4096,
  "tensor_model_parallel_size": 2,
  "tie_word_embeddings": false,
  "torch_dtype": "float32",
  "use_cache": true,
  "use_fast_layer_norm": false,
  "vocab_size": 32000
}
, layer_idx=16)
[2026-04-17 11:06:30,780] [    INFO] pp_layers.py:900 - 18: DecoderLayerPipe(config=LlamaConfig {
  "_name_or_path": "meta-llama/Llama-2-13b-hf",
  "architectures": [
    "LlamaForCausalLM"
  ],
  "attention_bias": false,
  "attention_dropout": 0.0,
  "bos_token_id": 1,
  "enable_auto_parallel": false,
  "eos_token_id": 2,
  "head_dim": 128,
  "hidden_act": "silu",
  "hidden_size": 5120,
  "initializer_range": 0.008068311858747157,
  "intermediate_size": 13824,
  "is_lora": false,
  "max_position_embeddings": 4096,
  "max_sequence_length": 4096,
  "mlp_bias": false,
  "model_type": "llama",
  "moe_group_origin": "dummy",
  "moe_rank": 0,
  "moe_router_bias_update_rate": 0.0,
  "moe_world_size": 1,
  "num_attention_heads": 40,
  "num_hidden_layers": 40,
  "num_key_value_heads": 40,
  "pad_token_id": 0,
  "paddleformers_version": "1.1.0.post20260417",
  "pipeline_model_parallel_size": 2,
  "pp_seg_method": "layer:DecoderLayer|EmptyLayer",
  "pretraining_tp": 2,
  "recompute_granularity": "full",
  "recompute_method": "uniform",
  "recompute_num_layers": 1,
  "rms_norm_eps": 1e-05,
  "rope_parameters": {
    "rope_theta": 10000.0,
    "rope_type": "default"
  },
  "rope_scaling": null,
  "rope_theta": 10000.0,
  "seq_length": 4096,
  "tensor_model_parallel_size": 2,
  "tie_word_embeddings": false,
  "torch_dtype": "float32",
  "use_cache": true,
  "use_fast_layer_norm": false,
  "vocab_size": 32000
}
, layer_idx=17)
[2026-04-17 11:06:30,783] [    INFO] pp_layers.py:900 - 19: DecoderLayerPipe(config=LlamaConfig {
  "_name_or_path": "meta-llama/Llama-2-13b-hf",
  "architectures": [
    "LlamaForCausalLM"
  ],
  "attention_bias": false,
  "attention_dropout": 0.0,
  "bos_token_id": 1,
  "enable_auto_parallel": false,
  "eos_token_id": 2,
  "head_dim": 128,
  "hidden_act": "silu",
  "hidden_size": 5120,
  "initializer_range": 0.008068311858747157,
  "intermediate_size": 13824,
  "is_lora": false,
  "max_position_embeddings": 4096,
  "max_sequence_length": 4096,
  "mlp_bias": false,
  "model_type": "llama",
  "moe_group_origin": "dummy",
  "moe_rank": 0,
  "moe_router_bias_update_rate": 0.0,
  "moe_world_size": 1,
  "num_attention_heads": 40,
  "num_hidden_layers": 40,
  "num_key_value_heads": 40,
  "pad_token_id": 0,
  "paddleformers_version": "1.1.0.post20260417",
  "pipeline_model_parallel_size": 2,
  "pp_seg_method": "layer:DecoderLayer|EmptyLayer",
  "pretraining_tp": 2,
  "recompute_granularity": "full",
  "recompute_method": "uniform",
  "recompute_num_layers": 1,
  "rms_norm_eps": 1e-05,
  "rope_parameters": {
    "rope_theta": 10000.0,
    "rope_type": "default"
  },
  "rope_scaling": null,
  "rope_theta": 10000.0,
  "seq_length": 4096,
  "tensor_model_parallel_size": 2,
  "tie_word_embeddings": false,
  "torch_dtype": "float32",
  "use_cache": true,
  "use_fast_layer_norm": false,
  "vocab_size": 32000
}
, layer_idx=18)
[2026-04-17 11:06:30,785] [    INFO] pp_layers.py:900 - 20: DecoderLayerPipe(config=LlamaConfig {
  "_name_or_path": "meta-llama/Llama-2-13b-hf",
  "architectures": [
    "LlamaForCausalLM"
  ],
  "attention_bias": false,
  "attention_dropout": 0.0,
  "bos_token_id": 1,
  "enable_auto_parallel": false,
  "eos_token_id": 2,
  "head_dim": 128,
  "hidden_act": "silu",
  "hidden_size": 5120,
  "initializer_range": 0.008068311858747157,
  "intermediate_size": 13824,
  "is_lora": false,
  "max_position_embeddings": 4096,
  "max_sequence_length": 4096,
  "mlp_bias": false,
  "model_type": "llama",
  "moe_group_origin": "dummy",
  "moe_rank": 0,
  "moe_router_bias_update_rate": 0.0,
  "moe_world_size": 1,
  "num_attention_heads": 40,
  "num_hidden_layers": 40,
  "num_key_value_heads": 40,
  "pad_token_id": 0,
  "paddleformers_version": "1.1.0.post20260417",
  "pipeline_model_parallel_size": 2,
  "pp_seg_method": "layer:DecoderLayer|EmptyLayer",
  "pretraining_tp": 2,
  "recompute_granularity": "full",
  "recompute_method": "uniform",
  "recompute_num_layers": 1,
  "rms_norm_eps": 1e-05,
  "rope_parameters": {
    "rope_theta": 10000.0,
    "rope_type": "default"
  },
  "rope_scaling": null,
  "rope_theta": 10000.0,
  "seq_length": 4096,
  "tensor_model_parallel_size": 2,
  "tie_word_embeddings": false,
  "torch_dtype": "float32",
  "use_cache": true,
  "use_fast_layer_norm": false,
  "vocab_size": 32000
}
, layer_idx=19)
[2026-04-17 11:06:30,786] [    INFO] pp_layers.py:895 - stage=1, global_rank=0 ,layer_number=22
[2026-04-17 11:06:30,788] [    INFO] pp_layers.py:900 - 21: DecoderLayerPipe(config=LlamaConfig {
  "_name_or_path": "meta-llama/Llama-2-13b-hf",
  "architectures": [
    "LlamaForCausalLM"
  ],
  "attention_bias": false,
  "attention_dropout": 0.0,
  "bos_token_id": 1,
  "enable_auto_parallel": false,
  "eos_token_id": 2,
  "head_dim": 128,
  "hidden_act": "silu",
  "hidden_size": 5120,
  "initializer_range": 0.008068311858747157,
  "intermediate_size": 13824,
  "is_lora": false,
  "max_position_embeddings": 4096,
  "max_sequence_length": 4096,
  "mlp_bias": false,
  "model_type": "llama",
  "moe_group_origin": "dummy",
  "moe_rank": 0,
  "moe_router_bias_update_rate": 0.0,
  "moe_world_size": 1,
  "num_attention_heads": 40,
  "num_hidden_layers": 40,
  "num_key_value_heads": 40,
  "pad_token_id": 0,
  "paddleformers_version": "1.1.0.post20260417",
  "pipeline_model_parallel_size": 2,
  "pp_seg_method": "layer:DecoderLayer|EmptyLayer",
  "pretraining_tp": 2,
  "recompute_granularity": "full",
  "recompute_method": "uniform",
  "recompute_num_layers": 1,
  "rms_norm_eps": 1e-05,
  "rope_parameters": {
    "rope_theta": 10000.0,
    "rope_type": "default"
  },
  "rope_scaling": null,
  "rope_theta": 10000.0,
  "seq_length": 4096,
  "tensor_model_parallel_size": 2,
  "tie_word_embeddings": false,
  "torch_dtype": "float32",
  "use_cache": true,
  "use_fast_layer_norm": false,
  "vocab_size": 32000
}
, layer_idx=20)
[2026-04-17 11:06:30,791] [    INFO] pp_layers.py:900 - 22: DecoderLayerPipe(config=LlamaConfig {
  "_name_or_path": "meta-llama/Llama-2-13b-hf",
  "architectures": [
    "LlamaForCausalLM"
  ],
  "attention_bias": false,
  "attention_dropout": 0.0,
  "bos_token_id": 1,
  "enable_auto_parallel": false,
  "eos_token_id": 2,
  "head_dim": 128,
  "hidden_act": "silu",
  "hidden_size": 5120,
  "initializer_range": 0.008068311858747157,
  "intermediate_size": 13824,
  "is_lora": false,
  "max_position_embeddings": 4096,
  "max_sequence_length": 4096,
  "mlp_bias": false,
  "model_type": "llama",
  "moe_group_origin": "dummy",
  "moe_rank": 0,
  "moe_router_bias_update_rate": 0.0,
  "moe_world_size": 1,
  "num_attention_heads": 40,
  "num_hidden_layers": 40,
  "num_key_value_heads": 40,
  "pad_token_id": 0,
  "paddleformers_version": "1.1.0.post20260417",
  "pipeline_model_parallel_size": 2,
  "pp_seg_method": "layer:DecoderLayer|EmptyLayer",
  "pretraining_tp": 2,
  "recompute_granularity": "full",
  "recompute_method": "uniform",
  "recompute_num_layers": 1,
  "rms_norm_eps": 1e-05,
  "rope_parameters": {
    "rope_theta": 10000.0,
    "rope_type": "default"
  },
  "rope_scaling": null,
  "rope_theta": 10000.0,
  "seq_length": 4096,
  "tensor_model_parallel_size": 2,
  "tie_word_embeddings": false,
  "torch_dtype": "float32",
  "use_cache": true,
  "use_fast_layer_norm": false,
  "vocab_size": 32000
}
, layer_idx=21)
[2026-04-17 11:06:30,793] [    INFO] pp_layers.py:900 - 23: DecoderLayerPipe(config=LlamaConfig {
  "_name_or_path": "meta-llama/Llama-2-13b-hf",
  "architectures": [
    "LlamaForCausalLM"
  ],
  "attention_bias": false,
  "attention_dropout": 0.0,
  "bos_token_id": 1,
  "enable_auto_parallel": false,
  "eos_token_id": 2,
  "head_dim": 128,
  "hidden_act": "silu",
  "hidden_size": 5120,
  "initializer_range": 0.008068311858747157,
  "intermediate_size": 13824,
  "is_lora": false,
  "max_position_embeddings": 4096,
  "max_sequence_length": 4096,
  "mlp_bias": false,
  "model_type": "llama",
  "moe_group_origin": "dummy",
  "moe_rank": 0,
  "moe_router_bias_update_rate": 0.0,
  "moe_world_size": 1,
  "num_attention_heads": 40,
  "num_hidden_layers": 40,
  "num_key_value_heads": 40,
  "pad_token_id": 0,
  "paddleformers_version": "1.1.0.post20260417",
  "pipeline_model_parallel_size": 2,
  "pp_seg_method": "layer:DecoderLayer|EmptyLayer",
  "pretraining_tp": 2,
  "recompute_granularity": "full",
  "recompute_method": "uniform",
  "recompute_num_layers": 1,
  "rms_norm_eps": 1e-05,
  "rope_parameters": {
    "rope_theta": 10000.0,
    "rope_type": "default"
  },
  "rope_scaling": null,
  "rope_theta": 10000.0,
  "seq_length": 4096,
  "tensor_model_parallel_size": 2,
  "tie_word_embeddings": false,
  "torch_dtype": "float32",
  "use_cache": true,
  "use_fast_layer_norm": false,
  "vocab_size": 32000
}
, layer_idx=22)
[2026-04-17 11:06:30,797] [    INFO] pp_layers.py:900 - 24: DecoderLayerPipe(config=LlamaConfig {
  "_name_or_path": "meta-llama/Llama-2-13b-hf",
  "architectures": [
    "LlamaForCausalLM"
  ],
  "attention_bias": false,
  "attention_dropout": 0.0,
  "bos_token_id": 1,
  "enable_auto_parallel": false,
  "eos_token_id": 2,
  "head_dim": 128,
  "hidden_act": "silu",
  "hidden_size": 5120,
  "initializer_range": 0.008068311858747157,
  "intermediate_size": 13824,
  "is_lora": false,
  "max_position_embeddings": 4096,
  "max_sequence_length": 4096,
  "mlp_bias": false,
  "model_type": "llama",
  "moe_group_origin": "dummy",
  "moe_rank": 0,
  "moe_router_bias_update_rate": 0.0,
  "moe_world_size": 1,
  "num_attention_heads": 40,
  "num_hidden_layers": 40,
  "num_key_value_heads": 40,
  "pad_token_id": 0,
  "paddleformers_version": "1.1.0.post20260417",
  "pipeline_model_parallel_size": 2,
  "pp_seg_method": "layer:DecoderLayer|EmptyLayer",
  "pretraining_tp": 2,
  "recompute_granularity": "full",
  "recompute_method": "uniform",
  "recompute_num_layers": 1,
  "rms_norm_eps": 1e-05,
  "rope_parameters": {
    "rope_theta": 10000.0,
    "rope_type": "default"
  },
  "rope_scaling": null,
  "rope_theta": 10000.0,
  "seq_length": 4096,
  "tensor_model_parallel_size": 2,
  "tie_word_embeddings": false,
  "torch_dtype": "float32",
  "use_cache": true,
  "use_fast_layer_norm": false,
  "vocab_size": 32000
}
, layer_idx=23)
[2026-04-17 11:06:30,800] [    INFO] pp_layers.py:900 - 25: DecoderLayerPipe(config=LlamaConfig {
  "_name_or_path": "meta-llama/Llama-2-13b-hf",
  "architectures": [
    "LlamaForCausalLM"
  ],
  "attention_bias": false,
  "attention_dropout": 0.0,
  "bos_token_id": 1,
  "enable_auto_parallel": false,
  "eos_token_id": 2,
  "head_dim": 128,
  "hidden_act": "silu",
  "hidden_size": 5120,
  "initializer_range": 0.008068311858747157,
  "intermediate_size": 13824,
  "is_lora": false,
  "max_position_embeddings": 4096,
  "max_sequence_length": 4096,
  "mlp_bias": false,
  "model_type": "llama",
  "moe_group_origin": "dummy",
  "moe_rank": 0,
  "moe_router_bias_update_rate": 0.0,
  "moe_world_size": 1,
  "num_attention_heads": 40,
  "num_hidden_layers": 40,
  "num_key_value_heads": 40,
  "pad_token_id": 0,
  "paddleformers_version": "1.1.0.post20260417",
  "pipeline_model_parallel_size": 2,
  "pp_seg_method": "layer:DecoderLayer|EmptyLayer",
  "pretraining_tp": 2,
  "recompute_granularity": "full",
  "recompute_method": "uniform",
  "recompute_num_layers": 1,
  "rms_norm_eps": 1e-05,
  "rope_parameters": {
    "rope_theta": 10000.0,
    "rope_type": "default"
  },
  "rope_scaling": null,
  "rope_theta": 10000.0,
  "seq_length": 4096,
  "tensor_model_parallel_size": 2,
  "tie_word_embeddings": false,
  "torch_dtype": "float32",
  "use_cache": true,
  "use_fast_layer_norm": false,
  "vocab_size": 32000
}
, layer_idx=24)
[2026-04-17 11:06:30,803] [    INFO] pp_layers.py:900 - 26: DecoderLayerPipe(config=LlamaConfig {
  "_name_or_path": "meta-llama/Llama-2-13b-hf",
  "architectures": [
    "LlamaForCausalLM"
  ],
  "attention_bias": false,
  "attention_dropout": 0.0,
  "bos_token_id": 1,
  "enable_auto_parallel": false,
  "eos_token_id": 2,
  "head_dim": 128,
  "hidden_act": "silu",
  "hidden_size": 5120,
  "initializer_range": 0.008068311858747157,
  "intermediate_size": 13824,
  "is_lora": false,
  "max_position_embeddings": 4096,
  "max_sequence_length": 4096,
  "mlp_bias": false,
  "model_type": "llama",
  "moe_group_origin": "dummy",
  "moe_rank": 0,
  "moe_router_bias_update_rate": 0.0,
  "moe_world_size": 1,
  "num_attention_heads": 40,
  "num_hidden_layers": 40,
  "num_key_value_heads": 40,
  "pad_token_id": 0,
  "paddleformers_version": "1.1.0.post20260417",
  "pipeline_model_parallel_size": 2,
  "pp_seg_method": "layer:DecoderLayer|EmptyLayer",
  "pretraining_tp": 2,
  "recompute_granularity": "full",
  "recompute_method": "uniform",
  "recompute_num_layers": 1,
  "rms_norm_eps": 1e-05,
  "rope_parameters": {
    "rope_theta": 10000.0,
    "rope_type": "default"
  },
  "rope_scaling": null,
  "rope_theta": 10000.0,
  "seq_length": 4096,
  "tensor_model_parallel_size": 2,
  "tie_word_embeddings": false,
  "torch_dtype": "float32",
  "use_cache": true,
  "use_fast_layer_norm": false,
  "vocab_size": 32000
}
, layer_idx=25)
[2026-04-17 11:06:30,806] [    INFO] pp_layers.py:900 - 27: DecoderLayerPipe(config=LlamaConfig {
  "_name_or_path": "meta-llama/Llama-2-13b-hf",
  "architectures": [
    "LlamaForCausalLM"
  ],
  "attention_bias": false,
  "attention_dropout": 0.0,
  "bos_token_id": 1,
  "enable_auto_parallel": false,
  "eos_token_id": 2,
  "head_dim": 128,
  "hidden_act": "silu",
  "hidden_size": 5120,
  "initializer_range": 0.008068311858747157,
  "intermediate_size": 13824,
  "is_lora": false,
  "max_position_embeddings": 4096,
  "max_sequence_length": 4096,
  "mlp_bias": false,
  "model_type": "llama",
  "moe_group_origin": "dummy",
  "moe_rank": 0,
  "moe_router_bias_update_rate": 0.0,
  "moe_world_size": 1,
  "num_attention_heads": 40,
  "num_hidden_layers": 40,
  "num_key_value_heads": 40,
  "pad_token_id": 0,
  "paddleformers_version": "1.1.0.post20260417",
  "pipeline_model_parallel_size": 2,
  "pp_seg_method": "layer:DecoderLayer|EmptyLayer",
  "pretraining_tp": 2,
  "recompute_granularity": "full",
  "recompute_method": "uniform",
  "recompute_num_layers": 1,
  "rms_norm_eps": 1e-05,
  "rope_parameters": {
    "rope_theta": 10000.0,
    "rope_type": "default"
  },
  "rope_scaling": null,
  "rope_theta": 10000.0,
  "seq_length": 4096,
  "tensor_model_parallel_size": 2,
  "tie_word_embeddings": false,
  "torch_dtype": "float32",
  "use_cache": true,
  "use_fast_layer_norm": false,
  "vocab_size": 32000
}
, layer_idx=26)
[2026-04-17 11:06:30,809] [    INFO] pp_layers.py:900 - 28: DecoderLayerPipe(config=LlamaConfig {
  "_name_or_path": "meta-llama/Llama-2-13b-hf",
  "architectures": [
    "LlamaForCausalLM"
  ],
  "attention_bias": false,
  "attention_dropout": 0.0,
  "bos_token_id": 1,
  "enable_auto_parallel": false,
  "eos_token_id": 2,
  "head_dim": 128,
  "hidden_act": "silu",
  "hidden_size": 5120,
  "initializer_range": 0.008068311858747157,
  "intermediate_size": 13824,
  "is_lora": false,
  "max_position_embeddings": 4096,
  "max_sequence_length": 4096,
  "mlp_bias": false,
  "model_type": "llama",
  "moe_group_origin": "dummy",
  "moe_rank": 0,
  "moe_router_bias_update_rate": 0.0,
  "moe_world_size": 1,
  "num_attention_heads": 40,
  "num_hidden_layers": 40,
  "num_key_value_heads": 40,
  "pad_token_id": 0,
  "paddleformers_version": "1.1.0.post20260417",
  "pipeline_model_parallel_size": 2,
  "pp_seg_method": "layer:DecoderLayer|EmptyLayer",
  "pretraining_tp": 2,
  "recompute_granularity": "full",
  "recompute_method": "uniform",
  "recompute_num_layers": 1,
  "rms_norm_eps": 1e-05,
  "rope_parameters": {
    "rope_theta": 10000.0,
    "rope_type": "default"
  },
  "rope_scaling": null,
  "rope_theta": 10000.0,
  "seq_length": 4096,
  "tensor_model_parallel_size": 2,
  "tie_word_embeddings": false,
  "torch_dtype": "float32",
  "use_cache": true,
  "use_fast_layer_norm": false,
  "vocab_size": 32000
}
, layer_idx=27)
[2026-04-17 11:06:30,812] [    INFO] pp_layers.py:900 - 29: DecoderLayerPipe(config=LlamaConfig {
  "_name_or_path": "meta-llama/Llama-2-13b-hf",
  "architectures": [
    "LlamaForCausalLM"
  ],
  "attention_bias": false,
  "attention_dropout": 0.0,
  "bos_token_id": 1,
  "enable_auto_parallel": false,
  "eos_token_id": 2,
  "head_dim": 128,
  "hidden_act": "silu",
  "hidden_size": 5120,
  "initializer_range": 0.008068311858747157,
  "intermediate_size": 13824,
  "is_lora": false,
  "max_position_embeddings": 4096,
  "max_sequence_length": 4096,
  "mlp_bias": false,
  "model_type": "llama",
  "moe_group_origin": "dummy",
  "moe_rank": 0,
  "moe_router_bias_update_rate": 0.0,
  "moe_world_size": 1,
  "num_attention_heads": 40,
  "num_hidden_layers": 40,
  "num_key_value_heads": 40,
  "pad_token_id": 0,
  "paddleformers_version": "1.1.0.post20260417",
  "pipeline_model_parallel_size": 2,
  "pp_seg_method": "layer:DecoderLayer|EmptyLayer",
  "pretraining_tp": 2,
  "recompute_granularity": "full",
  "recompute_method": "uniform",
  "recompute_num_layers": 1,
  "rms_norm_eps": 1e-05,
  "rope_parameters": {
    "rope_theta": 10000.0,
    "rope_type": "default"
  },
  "rope_scaling": null,
  "rope_theta": 10000.0,
  "seq_length": 4096,
  "tensor_model_parallel_size": 2,
  "tie_word_embeddings": false,
  "torch_dtype": "float32",
  "use_cache": true,
  "use_fast_layer_norm": false,
  "vocab_size": 32000
}
, layer_idx=28)
[2026-04-17 11:06:30,814] [    INFO] pp_layers.py:900 - 30: DecoderLayerPipe(config=LlamaConfig {
  "_name_or_path": "meta-llama/Llama-2-13b-hf",
  "architectures": [
    "LlamaForCausalLM"
  ],
  "attention_bias": false,
  "attention_dropout": 0.0,
  "bos_token_id": 1,
  "enable_auto_parallel": false,
  "eos_token_id": 2,
  "head_dim": 128,
  "hidden_act": "silu",
  "hidden_size": 5120,
  "initializer_range": 0.008068311858747157,
  "intermediate_size": 13824,
  "is_lora": false,
  "max_position_embeddings": 4096,
  "max_sequence_length": 4096,
  "mlp_bias": false,
  "model_type": "llama",
  "moe_group_origin": "dummy",
  "moe_rank": 0,
  "moe_router_bias_update_rate": 0.0,
  "moe_world_size": 1,
  "num_attention_heads": 40,
  "num_hidden_layers": 40,
  "num_key_value_heads": 40,
  "pad_token_id": 0,
  "paddleformers_version": "1.1.0.post20260417",
  "pipeline_model_parallel_size": 2,
  "pp_seg_method": "layer:DecoderLayer|EmptyLayer",
  "pretraining_tp": 2,
  "recompute_granularity": "full",
  "recompute_method": "uniform",
  "recompute_num_layers": 1,
  "rms_norm_eps": 1e-05,
  "rope_parameters": {
    "rope_theta": 10000.0,
    "rope_type": "default"
  },
  "rope_scaling": null,
  "rope_theta": 10000.0,
  "seq_length": 4096,
  "tensor_model_parallel_size": 2,
  "tie_word_embeddings": false,
  "torch_dtype": "float32",
  "use_cache": true,
  "use_fast_layer_norm": false,
  "vocab_size": 32000
}
, layer_idx=29)
[2026-04-17 11:06:30,818] [    INFO] pp_layers.py:900 - 31: DecoderLayerPipe(config=LlamaConfig {
  "_name_or_path": "meta-llama/Llama-2-13b-hf",
  "architectures": [
    "LlamaForCausalLM"
  ],
  "attention_bias": false,
  "attention_dropout": 0.0,
  "bos_token_id": 1,
  "enable_auto_parallel": false,
  "eos_token_id": 2,
  "head_dim": 128,
  "hidden_act": "silu",
  "hidden_size": 5120,
  "initializer_range": 0.008068311858747157,
  "intermediate_size": 13824,
  "is_lora": false,
  "max_position_embeddings": 4096,
  "max_sequence_length": 4096,
  "mlp_bias": false,
  "model_type": "llama",
  "moe_group_origin": "dummy",
  "moe_rank": 0,
  "moe_router_bias_update_rate": 0.0,
  "moe_world_size": 1,
  "num_attention_heads": 40,
  "num_hidden_layers": 40,
  "num_key_value_heads": 40,
  "pad_token_id": 0,
  "paddleformers_version": "1.1.0.post20260417",
  "pipeline_model_parallel_size": 2,
  "pp_seg_method": "layer:DecoderLayer|EmptyLayer",
  "pretraining_tp": 2,
  "recompute_granularity": "full",
  "recompute_method": "uniform",
  "recompute_num_layers": 1,
  "rms_norm_eps": 1e-05,
  "rope_parameters": {
    "rope_theta": 10000.0,
    "rope_type": "default"
  },
  "rope_scaling": null,
  "rope_theta": 10000.0,
  "seq_length": 4096,
  "tensor_model_parallel_size": 2,
  "tie_word_embeddings": false,
  "torch_dtype": "float32",
  "use_cache": true,
  "use_fast_layer_norm": false,
  "vocab_size": 32000
}
, layer_idx=30)
[2026-04-17 11:06:30,820] [    INFO] pp_layers.py:900 - 32: DecoderLayerPipe(config=LlamaConfig {
  "_name_or_path": "meta-llama/Llama-2-13b-hf",
  "architectures": [
    "LlamaForCausalLM"
  ],
  "attention_bias": false,
  "attention_dropout": 0.0,
  "bos_token_id": 1,
  "enable_auto_parallel": false,
  "eos_token_id": 2,
  "head_dim": 128,
  "hidden_act": "silu",
  "hidden_size": 5120,
  "initializer_range": 0.008068311858747157,
  "intermediate_size": 13824,
  "is_lora": false,
  "max_position_embeddings": 4096,
  "max_sequence_length": 4096,
  "mlp_bias": false,
  "model_type": "llama",
  "moe_group_origin": "dummy",
  "moe_rank": 0,
  "moe_router_bias_update_rate": 0.0,
  "moe_world_size": 1,
  "num_attention_heads": 40,
  "num_hidden_layers": 40,
  "num_key_value_heads": 40,
  "pad_token_id": 0,
  "paddleformers_version": "1.1.0.post20260417",
  "pipeline_model_parallel_size": 2,
  "pp_seg_method": "layer:DecoderLayer|EmptyLayer",
  "pretraining_tp": 2,
  "recompute_granularity": "full",
  "recompute_method": "uniform",
  "recompute_num_layers": 1,
  "rms_norm_eps": 1e-05,
  "rope_parameters": {
    "rope_theta": 10000.0,
    "rope_type": "default"
  },
  "rope_scaling": null,
  "rope_theta": 10000.0,
  "seq_length": 4096,
  "tensor_model_parallel_size": 2,
  "tie_word_embeddings": false,
  "torch_dtype": "float32",
  "use_cache": true,
  "use_fast_layer_norm": false,
  "vocab_size": 32000
}
, layer_idx=31)
[2026-04-17 11:06:30,823] [    INFO] pp_layers.py:900 - 33: DecoderLayerPipe(config=LlamaConfig {
  "_name_or_path": "meta-llama/Llama-2-13b-hf",
  "architectures": [
    "LlamaForCausalLM"
  ],
  "attention_bias": false,
  "attention_dropout": 0.0,
  "bos_token_id": 1,
  "enable_auto_parallel": false,
  "eos_token_id": 2,
  "head_dim": 128,
  "hidden_act": "silu",
  "hidden_size": 5120,
  "initializer_range": 0.008068311858747157,
  "intermediate_size": 13824,
  "is_lora": false,
  "max_position_embeddings": 4096,
  "max_sequence_length": 4096,
  "mlp_bias": false,
  "model_type": "llama",
  "moe_group_origin": "dummy",
  "moe_rank": 0,
  "moe_router_bias_update_rate": 0.0,
  "moe_world_size": 1,
  "num_attention_heads": 40,
  "num_hidden_layers": 40,
  "num_key_value_heads": 40,
  "pad_token_id": 0,
  "paddleformers_version": "1.1.0.post20260417",
  "pipeline_model_parallel_size": 2,
  "pp_seg_method": "layer:DecoderLayer|EmptyLayer",
  "pretraining_tp": 2,
  "recompute_granularity": "full",
  "recompute_method": "uniform",
  "recompute_num_layers": 1,
  "rms_norm_eps": 1e-05,
  "rope_parameters": {
    "rope_theta": 10000.0,
    "rope_type": "default"
  },
  "rope_scaling": null,
  "rope_theta": 10000.0,
  "seq_length": 4096,
  "tensor_model_parallel_size": 2,
  "tie_word_embeddings": false,
  "torch_dtype": "float32",
  "use_cache": true,
  "use_fast_layer_norm": false,
  "vocab_size": 32000
}
, layer_idx=32)
[2026-04-17 11:06:30,825] [    INFO] pp_layers.py:900 - 34: DecoderLayerPipe(config=LlamaConfig {
  "_name_or_path": "meta-llama/Llama-2-13b-hf",
  "architectures": [
    "LlamaForCausalLM"
  ],
  "attention_bias": false,
  "attention_dropout": 0.0,
  "bos_token_id": 1,
  "enable_auto_parallel": false,
  "eos_token_id": 2,
  "head_dim": 128,
  "hidden_act": "silu",
  "hidden_size": 5120,
  "initializer_range": 0.008068311858747157,
  "intermediate_size": 13824,
  "is_lora": false,
  "max_position_embeddings": 4096,
  "max_sequence_length": 4096,
  "mlp_bias": false,
  "model_type": "llama",
  "moe_group_origin": "dummy",
  "moe_rank": 0,
  "moe_router_bias_update_rate": 0.0,
  "moe_world_size": 1,
  "num_attention_heads": 40,
  "num_hidden_layers": 40,
  "num_key_value_heads": 40,
  "pad_token_id": 0,
  "paddleformers_version": "1.1.0.post20260417",
  "pipeline_model_parallel_size": 2,
  "pp_seg_method": "layer:DecoderLayer|EmptyLayer",
  "pretraining_tp": 2,
  "recompute_granularity": "full",
  "recompute_method": "uniform",
  "recompute_num_layers": 1,
  "rms_norm_eps": 1e-05,
  "rope_parameters": {
    "rope_theta": 10000.0,
    "rope_type": "default"
  },
  "rope_scaling": null,
  "rope_theta": 10000.0,
  "seq_length": 4096,
  "tensor_model_parallel_size": 2,
  "tie_word_embeddings": false,
  "torch_dtype": "float32",
  "use_cache": true,
  "use_fast_layer_norm": false,
  "vocab_size": 32000
}
, layer_idx=33)
[2026-04-17 11:06:30,828] [    INFO] pp_layers.py:900 - 35: DecoderLayerPipe(config=LlamaConfig {
  "_name_or_path": "meta-llama/Llama-2-13b-hf",
  "architectures": [
    "LlamaForCausalLM"
  ],
  "attention_bias": false,
  "attention_dropout": 0.0,
  "bos_token_id": 1,
  "enable_auto_parallel": false,
  "eos_token_id": 2,
  "head_dim": 128,
  "hidden_act": "silu",
  "hidden_size": 5120,
  "initializer_range": 0.008068311858747157,
  "intermediate_size": 13824,
  "is_lora": false,
  "max_position_embeddings": 4096,
  "max_sequence_length": 4096,
  "mlp_bias": false,
  "model_type": "llama",
  "moe_group_origin": "dummy",
  "moe_rank": 0,
  "moe_router_bias_update_rate": 0.0,
  "moe_world_size": 1,
  "num_attention_heads": 40,
  "num_hidden_layers": 40,
  "num_key_value_heads": 40,
  "pad_token_id": 0,
  "paddleformers_version": "1.1.0.post20260417",
  "pipeline_model_parallel_size": 2,
  "pp_seg_method": "layer:DecoderLayer|EmptyLayer",
  "pretraining_tp": 2,
  "recompute_granularity": "full",
  "recompute_method": "uniform",
  "recompute_num_layers": 1,
  "rms_norm_eps": 1e-05,
  "rope_parameters": {
    "rope_theta": 10000.0,
    "rope_type": "default"
  },
  "rope_scaling": null,
  "rope_theta": 10000.0,
  "seq_length": 4096,
  "tensor_model_parallel_size": 2,
  "tie_word_embeddings": false,
  "torch_dtype": "float32",
  "use_cache": true,
  "use_fast_layer_norm": false,
  "vocab_size": 32000
}
, layer_idx=34)
[2026-04-17 11:06:30,830] [    INFO] pp_layers.py:900 - 36: DecoderLayerPipe(config=LlamaConfig {
  "_name_or_path": "meta-llama/Llama-2-13b-hf",
  "architectures": [
    "LlamaForCausalLM"
  ],
  "attention_bias": false,
  "attention_dropout": 0.0,
  "bos_token_id": 1,
  "enable_auto_parallel": false,
  "eos_token_id": 2,
  "head_dim": 128,
  "hidden_act": "silu",
  "hidden_size": 5120,
  "initializer_range": 0.008068311858747157,
  "intermediate_size": 13824,
  "is_lora": false,
  "max_position_embeddings": 4096,
  "max_sequence_length": 4096,
  "mlp_bias": false,
  "model_type": "llama",
  "moe_group_origin": "dummy",
  "moe_rank": 0,
  "moe_router_bias_update_rate": 0.0,
  "moe_world_size": 1,
  "num_attention_heads": 40,
  "num_hidden_layers": 40,
  "num_key_value_heads": 40,
  "pad_token_id": 0,
  "paddleformers_version": "1.1.0.post20260417",
  "pipeline_model_parallel_size": 2,
  "pp_seg_method": "layer:DecoderLayer|EmptyLayer",
  "pretraining_tp": 2,
  "recompute_granularity": "full",
  "recompute_method": "uniform",
  "recompute_num_layers": 1,
  "rms_norm_eps": 1e-05,
  "rope_parameters": {
    "rope_theta": 10000.0,
    "rope_type": "default"
  },
  "rope_scaling": null,
  "rope_theta": 10000.0,
  "seq_length": 4096,
  "tensor_model_parallel_size": 2,
  "tie_word_embeddings": false,
  "torch_dtype": "float32",
  "use_cache": true,
  "use_fast_layer_norm": false,
  "vocab_size": 32000
}
, layer_idx=35)
[2026-04-17 11:06:30,835] [    INFO] pp_layers.py:900 - 37: DecoderLayerPipe(config=LlamaConfig {
  "_name_or_path": "meta-llama/Llama-2-13b-hf",
  "architectures": [
    "LlamaForCausalLM"
  ],
  "attention_bias": false,
  "attention_dropout": 0.0,
  "bos_token_id": 1,
  "enable_auto_parallel": false,
  "eos_token_id": 2,
  "head_dim": 128,
  "hidden_act": "silu",
  "hidden_size": 5120,
  "initializer_range": 0.008068311858747157,
  "intermediate_size": 13824,
  "is_lora": false,
  "max_position_embeddings": 4096,
  "max_sequence_length": 4096,
  "mlp_bias": false,
  "model_type": "llama",
  "moe_group_origin": "dummy",
  "moe_rank": 0,
  "moe_router_bias_update_rate": 0.0,
  "moe_world_size": 1,
  "num_attention_heads": 40,
  "num_hidden_layers": 40,
  "num_key_value_heads": 40,
  "pad_token_id": 0,
  "paddleformers_version": "1.1.0.post20260417",
  "pipeline_model_parallel_size": 2,
  "pp_seg_method": "layer:DecoderLayer|EmptyLayer",
  "pretraining_tp": 2,
  "recompute_granularity": "full",
  "recompute_method": "uniform",
  "recompute_num_layers": 1,
  "rms_norm_eps": 1e-05,
  "rope_parameters": {
    "rope_theta": 10000.0,
    "rope_type": "default"
  },
  "rope_scaling": null,
  "rope_theta": 10000.0,
  "seq_length": 4096,
  "tensor_model_parallel_size": 2,
  "tie_word_embeddings": false,
  "torch_dtype": "float32",
  "use_cache": true,
  "use_fast_layer_norm": false,
  "vocab_size": 32000
}
, layer_idx=36)
[2026-04-17 11:06:30,837] [    INFO] pp_layers.py:900 - 38: DecoderLayerPipe(config=LlamaConfig {
  "_name_or_path": "meta-llama/Llama-2-13b-hf",
  "architectures": [
    "LlamaForCausalLM"
  ],
  "attention_bias": false,
  "attention_dropout": 0.0,
  "bos_token_id": 1,
  "enable_auto_parallel": false,
  "eos_token_id": 2,
  "head_dim": 128,
  "hidden_act": "silu",
  "hidden_size": 5120,
  "initializer_range": 0.008068311858747157,
  "intermediate_size": 13824,
  "is_lora": false,
  "max_position_embeddings": 4096,
  "max_sequence_length": 4096,
  "mlp_bias": false,
  "model_type": "llama",
  "moe_group_origin": "dummy",
  "moe_rank": 0,
  "moe_router_bias_update_rate": 0.0,
  "moe_world_size": 1,
  "num_attention_heads": 40,
  "num_hidden_layers": 40,
  "num_key_value_heads": 40,
  "pad_token_id": 0,
  "paddleformers_version": "1.1.0.post20260417",
  "pipeline_model_parallel_size": 2,
  "pp_seg_method": "layer:DecoderLayer|EmptyLayer",
  "pretraining_tp": 2,
  "recompute_granularity": "full",
  "recompute_method": "uniform",
  "recompute_num_layers": 1,
  "rms_norm_eps": 1e-05,
  "rope_parameters": {
    "rope_theta": 10000.0,
    "rope_type": "default"
  },
  "rope_scaling": null,
  "rope_theta": 10000.0,
  "seq_length": 4096,
  "tensor_model_parallel_size": 2,
  "tie_word_embeddings": false,
  "torch_dtype": "float32",
  "use_cache": true,
  "use_fast_layer_norm": false,
  "vocab_size": 32000
}
, layer_idx=37)
[2026-04-17 11:06:30,840] [    INFO] pp_layers.py:900 - 39: DecoderLayerPipe(config=LlamaConfig {
  "_name_or_path": "meta-llama/Llama-2-13b-hf",
  "architectures": [
    "LlamaForCausalLM"
  ],
  "attention_bias": false,
  "attention_dropout": 0.0,
  "bos_token_id": 1,
  "enable_auto_parallel": false,
  "eos_token_id": 2,
  "head_dim": 128,
  "hidden_act": "silu",
  "hidden_size": 5120,
  "initializer_range": 0.008068311858747157,
  "intermediate_size": 13824,
  "is_lora": false,
  "max_position_embeddings": 4096,
  "max_sequence_length": 4096,
  "mlp_bias": false,
  "model_type": "llama",
  "moe_group_origin": "dummy",
  "moe_rank": 0,
  "moe_router_bias_update_rate": 0.0,
  "moe_world_size": 1,
  "num_attention_heads": 40,
  "num_hidden_layers": 40,
  "num_key_value_heads": 40,
  "pad_token_id": 0,
  "paddleformers_version": "1.1.0.post20260417",
  "pipeline_model_parallel_size": 2,
  "pp_seg_method": "layer:DecoderLayer|EmptyLayer",
  "pretraining_tp": 2,
  "recompute_granularity": "full",
  "recompute_method": "uniform",
  "recompute_num_layers": 1,
  "rms_norm_eps": 1e-05,
  "rope_parameters": {
    "rope_theta": 10000.0,
    "rope_type": "default"
  },
  "rope_scaling": null,
  "rope_theta": 10000.0,
  "seq_length": 4096,
  "tensor_model_parallel_size": 2,
  "tie_word_embeddings": false,
  "torch_dtype": "float32",
  "use_cache": true,
  "use_fast_layer_norm": false,
  "vocab_size": 32000
}
, layer_idx=38)
[2026-04-17 11:06:30,842] [    INFO] pp_layers.py:900 - 40: DecoderLayerPipe(config=LlamaConfig {
  "_name_or_path": "meta-llama/Llama-2-13b-hf",
  "architectures": [
    "LlamaForCausalLM"
  ],
  "attention_bias": false,
  "attention_dropout": 0.0,
  "bos_token_id": 1,
  "enable_auto_parallel": false,
  "eos_token_id": 2,
  "head_dim": 128,
  "hidden_act": "silu",
  "hidden_size": 5120,
  "initializer_range": 0.008068311858747157,
  "intermediate_size": 13824,
  "is_lora": false,
  "max_position_embeddings": 4096,
  "max_sequence_length": 4096,
  "mlp_bias": false,
  "model_type": "llama",
  "moe_group_origin": "dummy",
  "moe_rank": 0,
  "moe_router_bias_update_rate": 0.0,
  "moe_world_size": 1,
  "num_attention_heads": 40,
  "num_hidden_layers": 40,
  "num_key_value_heads": 40,
  "pad_token_id": 0,
  "paddleformers_version": "1.1.0.post20260417",
  "pipeline_model_parallel_size": 2,
  "pp_seg_method": "layer:DecoderLayer|EmptyLayer",
  "pretraining_tp": 2,
  "recompute_granularity": "full",
  "recompute_method": "uniform",
  "recompute_num_layers": 1,
  "rms_norm_eps": 1e-05,
  "rope_parameters": {
    "rope_theta": 10000.0,
    "rope_type": "default"
  },
  "rope_scaling": null,
  "rope_theta": 10000.0,
  "seq_length": 4096,
  "tensor_model_parallel_size": 2,
  "tie_word_embeddings": false,
  "torch_dtype": "float32",
  "use_cache": true,
  "use_fast_layer_norm": false,
  "vocab_size": 32000
}
, layer_idx=39)
[2026-04-17 11:06:30,844] [    INFO] pp_layers.py:900 - 41: RMSNormPipe(config=LlamaConfig {
  "_name_or_path": "meta-llama/Llama-2-13b-hf",
  "architectures": [
    "LlamaForCausalLM"
  ],
  "attention_bias": false,
  "attention_dropout": 0.0,
  "bos_token_id": 1,
  "enable_auto_parallel": false,
  "eos_token_id": 2,
  "head_dim": 128,
  "hidden_act": "silu",
  "hidden_size": 5120,
  "initializer_range": 0.008068311858747157,
  "intermediate_size": 13824,
  "is_lora": false,
  "max_position_embeddings": 4096,
  "max_sequence_length": 4096,
  "mlp_bias": false,
  "model_type": "llama",
  "moe_group_origin": "dummy",
  "moe_rank": 0,
  "moe_router_bias_update_rate": 0.0,
  "moe_world_size": 1,
  "num_attention_heads": 40,
  "num_hidden_layers": 40,
  "num_key_value_heads": 40,
  "pad_token_id": 0,
  "paddleformers_version": "1.1.0.post20260417",
  "pipeline_model_parallel_size": 2,
  "pp_seg_method": "layer:DecoderLayer|EmptyLayer",
  "pretraining_tp": 2,
  "recompute_granularity": "full",
  "recompute_method": "uniform",
  "recompute_num_layers": 1,
  "rms_norm_eps": 1e-05,
  "rope_parameters": {
    "rope_theta": 10000.0,
    "rope_type": "default"
  },
  "rope_scaling": null,
  "rope_theta": 10000.0,
  "seq_length": 4096,
  "tensor_model_parallel_size": 2,
  "tie_word_embeddings": false,
  "torch_dtype": "float32",
  "use_cache": true,
  "use_fast_layer_norm": false,
  "vocab_size": 32000
}
)
[2026-04-17 11:06:30,849] [    INFO] pp_layers.py:900 - 42: LMHeadPipe(config=LlamaConfig {
  "_name_or_path": "meta-llama/Llama-2-13b-hf",
  "architectures": [
    "LlamaForCausalLM"
  ],
  "attention_bias": false,
  "attention_dropout": 0.0,
  "bos_token_id": 1,
  "enable_auto_parallel": false,
  "eos_token_id": 2,
  "head_dim": 128,
  "hidden_act": "silu",
  "hidden_size": 5120,
  "initializer_range": 0.008068311858747157,
  "intermediate_size": 13824,
  "is_lora": false,
  "max_position_embeddings": 4096,
  "max_sequence_length": 4096,
  "mlp_bias": false,
  "model_type": "llama",
  "moe_group_origin": "dummy",
  "moe_rank": 0,
  "moe_router_bias_update_rate": 0.0,
  "moe_world_size": 1,
  "num_attention_heads": 40,
  "num_hidden_layers": 40,
  "num_key_value_heads": 40,
  "pad_token_id": 0,
  "paddleformers_version": "1.1.0.post20260417",
  "pipeline_model_parallel_size": 2,
  "pp_seg_method": "layer:DecoderLayer|EmptyLayer",
  "pretraining_tp": 2,
  "recompute_granularity": "full",
  "recompute_method": "uniform",
  "recompute_num_layers": 1,
  "rms_norm_eps": 1e-05,
  "rope_parameters": {
    "rope_theta": 10000.0,
    "rope_type": "default"
  },
  "rope_scaling": null,
  "rope_theta": 10000.0,
  "seq_length": 4096,
  "tensor_model_parallel_size": 2,
  "tie_word_embeddings": false,
  "torch_dtype": "float32",
  "use_cache": true,
  "use_fast_layer_norm": false,
  "vocab_size": 32000
}
)
[2026-04-17 11:06:30,850] [    INFO] pp_layers.py:922 - loss: CriterionLayerPipe
[2026-04-17 11:06:30,965] [    INFO] pp_layers.py:979 - flush 21 of layers into run_function
/public/home/baidu_test/hygon_2030/Paddle/build/python/paddle/distributed/fleet/meta_parallel/parallel_layers/pp_layers.py:674: UserWarning: No shared comm will be constructed, this may happen when all shared attrs are on a same stage.
  warnings.warn(
W0417 11:06:31.058796 37736 nccl_comm_context.cc:70] ncclCommInitRankConfigMemOpt is not supported.
[2026-04-17 11:06:31,496] [    INFO] load_state_dict.py:188 - Found HuggingFace-format checkpoint with files: model-00003-of-00003.safetensors, model-00002-of-00003.safetensors, model-00001-of-00003.safetensors
[2026-04-17 11:06:31,498] [    INFO] load_state_dict.py:197 - No metadata file found in the checkpoint directory: ./models/Llama-2-13b. Creating one now.
[2026-04-17 11:06:31,520] [    INFO] utils.py:382 - Process 37736 successfully wrote the metadata to the file.
[2026-04-17 11:06:31,528] [    INFO] load_state_dict.py:207 - Created metadata file: flex-ckpt.auto_generated.metadata successfully.
[2026-04-17 11:06:31,536] [ WARNING] load_state_dict.py:1820 - Unexpected keys:{'model.layers.34.self_attn.rotary_emb.inv_freq', 'model.layers.26.self_attn.rotary_emb.inv_freq', 'model.layers.28.self_attn.rotary_emb.inv_freq', 'model.layers.20.self_attn.rotary_emb.inv_freq', 'model.layers.33.self_attn.rotary_emb.inv_freq', 'model.layers.36.self_attn.rotary_emb.inv_freq', 'model.layers.3.self_attn.rotary_emb.inv_freq', 'model.layers.27.self_attn.rotary_emb.inv_freq', 'model.layers.11.self_attn.rotary_emb.inv_freq', 'model.layers.37.self_attn.rotary_emb.inv_freq', 'model.layers.16.self_attn.rotary_emb.inv_freq', 'model.layers.13.self_attn.rotary_emb.inv_freq', 'model.layers.30.self_attn.rotary_emb.inv_freq', 'model.layers.0.self_attn.rotary_emb.inv_freq', 'model.layers.24.self_attn.rotary_emb.inv_freq', 'model.layers.10.self_attn.rotary_emb.inv_freq', 'model.layers.35.self_attn.rotary_emb.inv_freq', 'model.layers.25.self_attn.rotary_emb.inv_freq', 'model.layers.1.self_attn.rotary_emb.inv_freq', 'model.layers.38.self_attn.rotary_emb.inv_freq', 'model.layers.17.self_attn.rotary_emb.inv_freq', 'model.layers.2.self_attn.rotary_emb.inv_freq', 'model.layers.7.self_attn.rotary_emb.inv_freq', 'model.layers.31.self_attn.rotary_emb.inv_freq', 'model.layers.21.self_attn.rotary_emb.inv_freq', 'model.layers.39.self_attn.rotary_emb.inv_freq', 'model.layers.12.self_attn.rotary_emb.inv_freq', 'model.layers.9.self_attn.rotary_emb.inv_freq', 'model.layers.19.self_attn.rotary_emb.inv_freq', 'model.layers.15.self_attn.rotary_emb.inv_freq', 'model.layers.18.self_attn.rotary_emb.inv_freq', 'model.layers.22.self_attn.rotary_emb.inv_freq', 'model.layers.6.self_attn.rotary_emb.inv_freq', 'model.layers.4.self_attn.rotary_emb.inv_freq', 'model.layers.32.self_attn.rotary_emb.inv_freq', 'model.layers.8.self_attn.rotary_emb.inv_freq', 'model.layers.23.self_attn.rotary_emb.inv_freq', 'model.layers.5.self_attn.rotary_emb.inv_freq', 'model.layers.29.self_attn.rotary_emb.inv_freq', 'model.layers.14.self_attn.rotary_emb.inv_freq'}, check whether the model is complete and note whether the aoa_statements is complete.
[2026-04-17 11:06:31,677] [    INFO] load_state_dict.py:1212 - The unique_id:0 is used.
[2026-04-17 11:06:31,732] [    INFO] load_state_dict.py:188 - Found HuggingFace-format checkpoint with files: model-00003-of-00003.safetensors, model-00002-of-00003.safetensors, model-00001-of-00003.safetensors
[2026-04-17 11:06:31,737] [ WARNING] load_state_dict.py:325 - Unexpected keys:{'model.layers.34.self_attn.rotary_emb.inv_freq', 'model.layers.22.mlp.gate_proj.weight', 'model.layers.32.mlp.down_proj.weight', 'model.layers.39.self_attn.k_proj.weight', 'model.layers.30.self_attn.q_proj.weight', 'model.layers.20.self_attn.rotary_emb.inv_freq', 'model.layers.33.self_attn.rotary_emb.inv_freq', 'model.layers.39.mlp.gate_proj.weight', 'model.layers.35.self_attn.q_proj.weight', 'model.layers.24.self_attn.k_proj.weight', 'model.layers.37.self_attn.v_proj.weight', 'model.layers.37.self_attn.rotary_emb.inv_freq', 'model.layers.30.self_attn.k_proj.weight', 'model.layers.38.mlp.up_proj.weight', 'model.layers.36.mlp.gate_proj.weight', 'model.layers.35.mlp.gate_proj.weight', 'model.layers.36.self_attn.q_proj.weight', 'model.layers.0.self_attn.rotary_emb.inv_freq', 'model.layers.21.mlp.down_proj.weight', 'model.layers.21.mlp.gate_proj.weight', 'model.layers.35.self_attn.rotary_emb.inv_freq', 'model.layers.34.mlp.down_proj.weight', 'model.layers.37.self_attn.k_proj.weight', 'model.layers.26.self_attn.v_proj.weight', 'model.layers.31.self_attn.rotary_emb.inv_freq', 'model.layers.32.input_layernorm.weight', 'model.layers.25.mlp.gate_proj.weight', 'model.layers.38.self_attn.q_proj.weight', 'model.layers.27.mlp.up_proj.weight', 'model.layers.31.self_attn.q_proj.weight', 'model.layers.28.self_attn.k_proj.weight', 'model.layers.25.self_attn.k_proj.weight', 'model.layers.38.mlp.gate_proj.weight', 'model.layers.29.post_attention_layernorm.weight', 'model.layers.34.self_attn.k_proj.weight', 'model.layers.22.self_attn.rotary_emb.inv_freq', 'model.layers.4.self_attn.rotary_emb.inv_freq', 'model.layers.23.self_attn.v_proj.weight', 'model.layers.37.mlp.gate_proj.weight', 'model.layers.30.mlp.down_proj.weight', 'model.layers.8.self_attn.rotary_emb.inv_freq', 'model.layers.31.mlp.up_proj.weight', 'model.layers.35.mlp.down_proj.weight', 'model.layers.32.self_attn.v_proj.weight', 'model.layers.20.post_attention_layernorm.weight', 'model.layers.33.post_attention_layernorm.weight', 'model.layers.29.self_attn.q_proj.weight', 'model.layers.29.self_attn.rotary_emb.inv_freq', 'model.layers.24.self_attn.v_proj.weight', 'model.layers.20.self_attn.v_proj.weight', 'model.layers.31.mlp.gate_proj.weight', 'model.layers.28.mlp.down_proj.weight', 'model.layers.21.self_attn.v_proj.weight', 'model.layers.22.self_attn.v_proj.weight', 'model.layers.27.self_attn.o_proj.weight', 'model.layers.24.self_attn.q_proj.weight', 'model.layers.29.mlp.up_proj.weight', 'model.layers.35.self_attn.v_proj.weight', 'model.layers.30.mlp.up_proj.weight', 'model.layers.11.self_attn.rotary_emb.inv_freq', 'model.layers.26.self_attn.o_proj.weight', 'model.layers.30.self_attn.o_proj.weight', 'model.layers.28.self_attn.q_proj.weight', 'model.layers.21.mlp.up_proj.weight', 'model.layers.21.self_attn.k_proj.weight', 'model.layers.26.self_attn.q_proj.weight', 'model.layers.30.self_attn.rotary_emb.inv_freq', 'model.layers.27.input_layernorm.weight', 'model.layers.26.self_attn.k_proj.weight', 'model.layers.20.mlp.down_proj.weight', 'model.layers.36.post_attention_layernorm.weight', 'model.layers.21.post_attention_layernorm.weight', 'model.layers.23.self_attn.k_proj.weight', 'model.layers.25.self_attn.v_proj.weight', 'model.layers.17.self_attn.rotary_emb.inv_freq', 'model.layers.2.self_attn.rotary_emb.inv_freq', 'model.layers.38.input_layernorm.weight', 'model.layers.21.self_attn.rotary_emb.inv_freq', 'model.layers.38.mlp.down_proj.weight', 'model.layers.33.self_attn.v_proj.weight', 'model.layers.33.mlp.gate_proj.weight', 'model.layers.12.self_attn.rotary_emb.inv_freq', 'model.layers.39.self_attn.o_proj.weight', 'model.norm.weight', 'model.layers.23.input_layernorm.weight', 'model.layers.31.self_attn.k_proj.weight', 'model.layers.39.mlp.down_proj.weight', 'model.layers.30.input_layernorm.weight', 'model.layers.6.self_attn.rotary_emb.inv_freq', 'model.layers.33.mlp.up_proj.weight', 'model.layers.30.mlp.gate_proj.weight', 'model.layers.32.self_attn.rotary_emb.inv_freq', 'model.layers.35.input_layernorm.weight', 'model.layers.34.self_attn.v_proj.weight', 'model.layers.35.self_attn.o_proj.weight', 'model.layers.33.self_attn.k_proj.weight', 'model.layers.23.self_attn.rotary_emb.inv_freq', 'model.layers.27.self_attn.v_proj.weight', 'model.layers.20.mlp.up_proj.weight', 'model.layers.25.self_attn.o_proj.weight', 'model.layers.27.mlp.gate_proj.weight', 'model.layers.29.self_attn.k_proj.weight', 'model.layers.31.self_attn.o_proj.weight', 'model.layers.38.self_attn.v_proj.weight', 'model.layers.33.self_attn.q_proj.weight', 'model.layers.25.mlp.down_proj.weight', 'model.layers.35.post_attention_layernorm.weight', 'model.layers.20.self_attn.q_proj.weight', 'model.layers.34.mlp.up_proj.weight', 'model.layers.37.self_attn.o_proj.weight', 'model.layers.22.post_attention_layernorm.weight', 'lm_head.weight', 'model.layers.30.post_attention_layernorm.weight', 'model.layers.28.self_attn.rotary_emb.inv_freq', 'model.layers.24.mlp.up_proj.weight', 'model.layers.36.self_attn.rotary_emb.inv_freq', 'model.layers.3.self_attn.rotary_emb.inv_freq', 'model.layers.24.input_layernorm.weight', 'model.layers.27.self_attn.rotary_emb.inv_freq', 'model.layers.33.self_attn.o_proj.weight', 'model.layers.26.post_attention_layernorm.weight', 'model.layers.28.mlp.up_proj.weight', 'model.layers.32.post_attention_layernorm.weight', 'model.layers.37.input_layernorm.weight', 'model.layers.31.input_layernorm.weight', 'model.layers.25.self_attn.q_proj.weight', 'model.layers.33.mlp.down_proj.weight', 'model.layers.34.input_layernorm.weight', 'model.layers.22.input_layernorm.weight', 'model.layers.20.input_layernorm.weight', 'model.layers.28.post_attention_layernorm.weight', 'model.layers.27.self_attn.k_proj.weight', 'model.layers.10.self_attn.rotary_emb.inv_freq', 'model.layers.39.self_attn.v_proj.weight', 'model.layers.34.self_attn.o_proj.weight', 'model.layers.32.self_attn.o_proj.weight', 'model.layers.25.self_attn.rotary_emb.inv_freq', 'model.layers.24.mlp.down_proj.weight', 'model.layers.28.self_attn.o_proj.weight', 'model.layers.7.self_attn.rotary_emb.inv_freq', 'model.layers.22.self_attn.o_proj.weight', 'model.layers.32.mlp.up_proj.weight', 'model.layers.35.mlp.up_proj.weight', 'model.layers.38.self_attn.rotary_emb.inv_freq', 'model.layers.36.mlp.down_proj.weight', 'model.layers.39.self_attn.rotary_emb.inv_freq', 'model.layers.25.input_layernorm.weight', 'model.layers.9.self_attn.rotary_emb.inv_freq', 'model.layers.15.self_attn.rotary_emb.inv_freq', 'model.layers.20.self_attn.k_proj.weight', 'model.layers.37.post_attention_layernorm.weight', 'model.layers.24.self_attn.o_proj.weight', 'model.layers.18.self_attn.rotary_emb.inv_freq', 'model.layers.29.mlp.gate_proj.weight', 'model.layers.26.mlp.up_proj.weight', 'model.layers.38.self_attn.o_proj.weight', 'model.layers.34.post_attention_layernorm.weight', 'model.layers.21.self_attn.q_proj.weight', 'model.layers.36.self_attn.o_proj.weight', 'model.layers.24.post_attention_layernorm.weight', 'model.layers.36.mlp.up_proj.weight', 'model.layers.34.mlp.gate_proj.weight', 'model.layers.31.self_attn.v_proj.weight', 'model.layers.36.input_layernorm.weight', 'model.layers.27.post_attention_layernorm.weight', 'model.layers.32.self_attn.q_proj.weight', 'model.layers.23.post_attention_layernorm.weight', 'model.layers.36.self_attn.v_proj.weight', 'model.layers.29.self_attn.o_proj.weight', 'model.layers.23.mlp.down_proj.weight', 'model.layers.28.self_attn.v_proj.weight', 'model.layers.31.post_attention_layernorm.weight', 'model.layers.26.self_attn.rotary_emb.inv_freq', 'model.layers.26.mlp.down_proj.weight', 'model.layers.21.input_layernorm.weight', 'model.layers.29.self_attn.v_proj.weight', 'model.layers.27.self_attn.q_proj.weight', 'model.layers.37.self_attn.q_proj.weight', 'model.layers.39.input_layernorm.weight', 'model.layers.16.self_attn.rotary_emb.inv_freq', 'model.layers.29.mlp.down_proj.weight', 'model.layers.23.self_attn.o_proj.weight', 'model.layers.32.mlp.gate_proj.weight', 'model.layers.26.mlp.gate_proj.weight', 'model.layers.23.mlp.gate_proj.weight', 'model.layers.35.self_attn.k_proj.weight', 'model.layers.38.self_attn.k_proj.weight', 'model.layers.26.input_layernorm.weight', 'model.layers.13.self_attn.rotary_emb.inv_freq', 'model.layers.23.self_attn.q_proj.weight', 'model.layers.24.self_attn.rotary_emb.inv_freq', 'model.layers.23.mlp.up_proj.weight', 'model.layers.32.self_attn.k_proj.weight', 'model.layers.22.mlp.down_proj.weight', 'model.layers.22.self_attn.k_proj.weight', 'model.layers.1.self_attn.rotary_emb.inv_freq', 'model.layers.39.self_attn.q_proj.weight', 'model.layers.28.mlp.gate_proj.weight', 'model.layers.36.self_attn.k_proj.weight', 'model.layers.37.mlp.up_proj.weight', 'model.layers.19.self_attn.rotary_emb.inv_freq', 'model.layers.25.post_attention_layernorm.weight', 'model.layers.28.input_layernorm.weight', 'model.layers.38.post_attention_layernorm.weight', 'model.layers.22.self_attn.q_proj.weight', 'model.layers.39.mlp.up_proj.weight', 'model.layers.25.mlp.up_proj.weight', 'model.layers.31.mlp.down_proj.weight', 'model.layers.21.self_attn.o_proj.weight', 'model.layers.20.self_attn.o_proj.weight', 'model.layers.37.mlp.down_proj.weight', 'model.layers.20.mlp.gate_proj.weight', 'model.layers.24.mlp.gate_proj.weight', 'model.layers.5.self_attn.rotary_emb.inv_freq', 'model.layers.30.self_attn.v_proj.weight', 'model.layers.33.input_layernorm.weight', 'model.layers.22.mlp.up_proj.weight', 'model.layers.34.self_attn.q_proj.weight', 'model.layers.29.input_layernorm.weight', 'model.layers.14.self_attn.rotary_emb.inv_freq', 'model.layers.27.mlp.down_proj.weight', 'model.layers.39.post_attention_layernorm.weight'}, these keys exist in checkpoint but not in state_dict.
[2026-04-17 11:06:31,748] [    INFO] load_state_dict.py:1265 - Rank 0: loading files from ['model-00001-of-00003.safetensors'].
[2026-04-17 11:06:55,101] [    INFO] resharder.py:372 - ReadItem generation completed, with a total of 726.
[2026-04-17 11:06:55,104] [    INFO] reshard_comm.py:196 - Generated 459 communication tasks.
[2026-04-17 11:06:55,105] [    INFO] reshard_comm.py:197 - Generated 267 local tasks.
[2026-04-17 11:06:56,192] [    INFO] reshard_comm.py:206 - Rank 0 finished local copy and entered communication phase.
[2026-04-17 11:07:02,312] [    INFO] reshard_comm.py:216 - 363/363 tasks have been sent/received successfully!
[2026-04-17 11:07:02,319] [    INFO] reshard_comm.py:288 - All communication tasks completed.
[32m[2026-04-17 11:07:02,725] [    INFO][0m - Using download source: huggingface[0m
[32m[2026-04-17 11:07:03,036] [    INFO][0m - Loading configuration file ./models/Llama-2-13b/config.json[0m
[32m[2026-04-17 11:07:03,056] [    INFO][0m - Using download source: huggingface[0m
[33m[2026-04-17 11:07:03,362] [ WARNING][0m - `template` was not specified, use `empty` template.[0m
[33m[2026-04-17 11:07:03,364] [ WARNING][0m - suffix is not specified, using eos token as suffix.[0m
[32m[2026-04-17 11:07:03,402] [    INFO][0m - self.dataset_num_proc: 1[0m
[32m[2026-04-17 11:07:03,404] [    INFO][0m - [dataflow] truncation_strategy: delete[0m
[33m[2026-04-17 11:07:03,405] [ WARNING][0m - Truncate packing is only valid in pretraining data flow[0m
[32m[2026-04-17 11:07:03,408] [    INFO][0m - Loading ./data/sft/school_math_0.25M/train.json as stream.[0m
json file path: ./data/sft/school_math_0.25M/train.json
[33m[2026-04-17 11:07:05,700] [ WARNING][0m - preprocess data error: Ignore example with empty string in str / tgt field., data: {'src': [''], 'tgt': ['']}[0m
[load json] done. total: 245997 lines, elapsed: 3.16s
[32m[2026-04-17 11:07:06,592] [    INFO][0m - self.num_reserved_tokens_for_each_dialog: 2[0m
[32m[2026-04-17 11:07:06,594] [    INFO][0m - self.dataset_num_proc: 1[0m
[32m[2026-04-17 11:07:06,596] [    INFO][0m - [dataflow] truncation_strategy: delete[0m
[32m[2026-04-17 11:07:06,600] [    INFO][0m - Loading ./data/sft/school_math_0.25M/dev.json as stream.[0m
json file path: ./data/sft/school_math_0.25M/dev.json
[load json] done. total: 2484 lines, elapsed: 0.02s
[32m[2026-04-17 11:07:06,643] [    INFO][0m - self.num_reserved_tokens_for_each_dialog: 2[0m
[32m[2026-04-17 11:07:06,645] [    INFO][0m - Setting max_seq_len to 4096 using PaddleFormers Model.[0m
callbacks: [<paddleformers.trainer.trainer_callback.FP8QuantWeightCallback object at 0x14d52a57ef50>]
[35m[2026-04-17 11:07:06,653] [   DEBUG][0m - 0: main local process completed work, releasing all replicas[0m
[32m[2026-04-17 11:07:07,356] [    INFO][0m - The global seed is set to 23, local seed is set to 27 and random seed is set to 23.[0m
[32m[2026-04-17 11:07:08,125] [    INFO][0m - max_steps is given, it will override any value given in num_train_epochs[0m
[32m[2026-04-17 11:07:08,127] [    INFO][0m - Using half precision[0m
/public/home/baidu_test/hygon_2030/PaddleFormers/paddleformers/trainer/trainer.py:643: VisibleDeprecationWarning: [93m
Warning:
API "paddle.distributed.fleet.utils.mix_precision_utils.MixPrecisionScaler" is deprecated since 2.5.0, and will be removed in future versions. Please use "paddle.distributed_scaler" instead. [0m
  mix_precision_utils.MixPrecisionScaler(self.scaler)  # return value has no use
[35m[2026-04-17 11:07:08,137] [   DEBUG][0m - ============================================================[0m
[35m[2026-04-17 11:07:08,139] [   DEBUG][0m -     Training Configuration Arguments    [0m
[35m[2026-04-17 11:07:08,141] [   DEBUG][0m - paddle commit id              : 49365aedc591d696031d8774418280d044b6d6f7[0m
[35m[2026-04-17 11:07:08,152] [   DEBUG][0m - paddleformers commit id       : eabee61c526c00a830efd09c629b9f5a8bde7712.dirty[0m
[35m[2026-04-17 11:07:08,154] [   DEBUG][0m - _no_sync_in_gradient_accumulation: True[0m
[35m[2026-04-17 11:07:08,155] [   DEBUG][0m - adam_beta1                    : 0.9[0m
[35m[2026-04-17 11:07:08,157] [   DEBUG][0m - adam_beta2                    : 0.999[0m
[35m[2026-04-17 11:07:08,158] [   DEBUG][0m - adam_epsilon                  : 1e-08[0m
[35m[2026-04-17 11:07:08,160] [   DEBUG][0m - amp_custom_black_list         : ['reduce_sum', 'softmax_with_cross_entropy', 'c_softmax_with_cross_entropy', 'elementwise_div', 'sin', 'cos'][0m
[35m[2026-04-17 11:07:08,162] [   DEBUG][0m - amp_custom_white_list         : ['lookup_table', 'lookup_table_v2', 'flash_attn', 'matmul', 'matmul_v2', 'fused_gemm_epilogue'][0m
[35m[2026-04-17 11:07:08,163] [   DEBUG][0m - amp_master_grad               : True[0m
[35m[2026-04-17 11:07:08,165] [   DEBUG][0m - aoa_config                    : None[0m
[35m[2026-04-17 11:07:08,170] [   DEBUG][0m - apply_rope_fusion             : False[0m
[35m[2026-04-17 11:07:08,171] [   DEBUG][0m - attention_probs_dropout_prob  : 0.0[0m
[35m[2026-04-17 11:07:08,173] [   DEBUG][0m - auto_parallel_resume_form_hybrid_parallel: False[0m
[35m[2026-04-17 11:07:08,174] [   DEBUG][0m - auto_parallel_sync_shared_params: False[0m
[35m[2026-04-17 11:07:08,175] [   DEBUG][0m - autotuner_benchmark           : False[0m
[35m[2026-04-17 11:07:08,177] [   DEBUG][0m - balanced_image_preprocess     : False[0m
[35m[2026-04-17 11:07:08,178] [   DEBUG][0m - batch_p2p_comm                : True[0m
[35m[2026-04-17 11:07:08,179] [   DEBUG][0m - benchmark                     : False[0m
[35m[2026-04-17 11:07:08,181] [   DEBUG][0m - best_unbalanced_scheduler     : False[0m
[35m[2026-04-17 11:07:08,182] [   DEBUG][0m - beta                          : 0.1[0m
[35m[2026-04-17 11:07:08,184] [   DEBUG][0m - bf16                          : True[0m
[35m[2026-04-17 11:07:08,186] [   DEBUG][0m - bf16_full_eval                : False[0m
[35m[2026-04-17 11:07:08,191] [   DEBUG][0m - ckpt_quant_stage              : O0[0m
[35m[2026-04-17 11:07:08,192] [   DEBUG][0m - clear_every_step_cache        : False[0m
[35m[2026-04-17 11:07:08,193] [   DEBUG][0m - compute_type                  : bf16[0m
[35m[2026-04-17 11:07:08,195] [   DEBUG][0m - context_parallel_rank         : 0[0m
[35m[2026-04-17 11:07:08,196] [   DEBUG][0m - context_parallel_size         : 1[0m
[35m[2026-04-17 11:07:08,197] [   DEBUG][0m - convert_from_hf               : True[0m
[35m[2026-04-17 11:07:08,199] [   DEBUG][0m - copy_custom_file_list         : [0m
[35m[2026-04-17 11:07:08,201] [   DEBUG][0m - count_trained_tokens          : False[0m
[35m[2026-04-17 11:07:08,202] [   DEBUG][0m - cp_comm_type                  : None[0m
[35m[2026-04-17 11:07:08,207] [   DEBUG][0m - cp_sharding_degree            : 1[0m
[35m[2026-04-17 11:07:08,209] [   DEBUG][0m - cp_sharding_rank              : 0[0m
[35m[2026-04-17 11:07:08,210] [   DEBUG][0m - current_device                : gpu:0[0m
[35m[2026-04-17 11:07:08,211] [   DEBUG][0m - data_parallel_config          : [0m
[35m[2026-04-17 11:07:08,213] [   DEBUG][0m - data_parallel_rank            : 0[0m
[35m[2026-04-17 11:07:08,215] [   DEBUG][0m - data_parallel_size            : 1[0m
[35m[2026-04-17 11:07:08,217] [   DEBUG][0m - dataloader_drop_last          : False[0m
[35m[2026-04-17 11:07:08,218] [   DEBUG][0m - dataloader_num_workers        : 0[0m
[35m[2026-04-17 11:07:08,219] [   DEBUG][0m - dataloader_shuffle            : True[0m
[35m[2026-04-17 11:07:08,223] [   DEBUG][0m - dataset_batch_size            : 1000[0m
[35m[2026-04-17 11:07:08,224] [   DEBUG][0m - dataset_kwargs                : {}[0m
[35m[2026-04-17 11:07:08,226] [   DEBUG][0m - dataset_num_proc              : None[0m
[35m[2026-04-17 11:07:08,227] [   DEBUG][0m - dataset_rank                  : 0[0m
[35m[2026-04-17 11:07:08,229] [   DEBUG][0m - dataset_text_field            : text[0m
[35m[2026-04-17 11:07:08,230] [   DEBUG][0m - dataset_world_size            : 1[0m
[35m[2026-04-17 11:07:08,238] [   DEBUG][0m - ddp_find_unused_parameters    : None[0m
[35m[2026-04-17 11:07:08,241] [   DEBUG][0m - decay_function                : half_life[0m
[35m[2026-04-17 11:07:08,243] [   DEBUG][0m - decay_steps                   : 100[0m
[35m[2026-04-17 11:07:08,244] [   DEBUG][0m - deterministic_mode            : False[0m
[35m[2026-04-17 11:07:08,246] [   DEBUG][0m - device                        : gpu[0m
[35m[2026-04-17 11:07:08,248] [   DEBUG][0m - disable_tqdm                  : True[0m
[35m[2026-04-17 11:07:08,251] [   DEBUG][0m - distributed_dataloader        : False[0m
[35m[2026-04-17 11:07:08,254] [   DEBUG][0m - do_eval                       : True[0m
[35m[2026-04-17 11:07:08,256] [   DEBUG][0m - do_export                     : False[0m
[35m[2026-04-17 11:07:08,260] [   DEBUG][0m - do_predict                    : False[0m
[35m[2026-04-17 11:07:08,261] [   DEBUG][0m - do_train                      : True[0m
[35m[2026-04-17 11:07:08,263] [   DEBUG][0m - download_hub                  : None[0m
[35m[2026-04-17 11:07:08,265] [   DEBUG][0m - dp_allreduce_avg_in_gradinent_scale: False[0m
[35m[2026-04-17 11:07:08,267] [   DEBUG][0m - dp_comm_overlap               : False[0m
[35m[2026-04-17 11:07:08,268] [   DEBUG][0m - dpop_lambda                   : 50[0m
[35m[2026-04-17 11:07:08,271] [   DEBUG][0m - embedding_init_method         : None[0m
[35m[2026-04-17 11:07:08,273] [   DEBUG][0m - embedding_init_method_std     : 0.02[0m
[35m[2026-04-17 11:07:08,275] [   DEBUG][0m - enable_auto_parallel          : False[0m
[35m[2026-04-17 11:07:08,280] [   DEBUG][0m - enable_linear_fused_grad_add  : False[0m
[35m[2026-04-17 11:07:08,282] [   DEBUG][0m - enable_mtp_magic_send         : False[0m
[35m[2026-04-17 11:07:08,283] [   DEBUG][0m - enable_sharding_comm_overlap  : False[0m
[35m[2026-04-17 11:07:08,285] [   DEBUG][0m - enable_zero_cost_checkpoint   : False[0m
[35m[2026-04-17 11:07:08,286] [   DEBUG][0m - estimation_output_file        : estimation_output.json[0m
[35m[2026-04-17 11:07:08,288] [   DEBUG][0m - eval_accumulation_steps       : None[0m
[35m[2026-04-17 11:07:08,289] [   DEBUG][0m - eval_batch_size               : 1[0m
[35m[2026-04-17 11:07:08,291] [   DEBUG][0m - eval_iters                    : 10[0m
[35m[2026-04-17 11:07:08,293] [   DEBUG][0m - eval_steps                    : 100[0m
[35m[2026-04-17 11:07:08,297] [   DEBUG][0m - evaluation_strategy           : IntervalStrategy.STEPS[0m
[35m[2026-04-17 11:07:08,298] [   DEBUG][0m - expert_model_parallel_size    : 1[0m
[35m[2026-04-17 11:07:08,300] [   DEBUG][0m - expert_parallel_rank          : 0[0m
[35m[2026-04-17 11:07:08,302] [   DEBUG][0m - expert_tensor_model_parallel_size: 1[0m
[35m[2026-04-17 11:07:08,303] [   DEBUG][0m - fa_version                    : 2[0m
[35m[2026-04-17 11:07:08,306] [   DEBUG][0m - factor                        : 20[0m
[35m[2026-04-17 11:07:08,307] [   DEBUG][0m - flash_device_save_steps       : 0[0m
[35m[2026-04-17 11:07:08,308] [   DEBUG][0m - flatten_param_grads           : False[0m
[35m[2026-04-17 11:07:08,310] [   DEBUG][0m - force_reshard_pp              : False[0m
[35m[2026-04-17 11:07:08,314] [   DEBUG][0m - forward_backward_overlap_scheduler: False[0m
[35m[2026-04-17 11:07:08,316] [   DEBUG][0m - fp16                          : False[0m
[35m[2026-04-17 11:07:08,319] [   DEBUG][0m - fp16_full_eval                : False[0m
[35m[2026-04-17 11:07:08,321] [   DEBUG][0m - fp16_opt_level                : O1[0m
[35m[2026-04-17 11:07:08,322] [   DEBUG][0m - fp32_residual_connection      : True[0m
[35m[2026-04-17 11:07:08,323] [   DEBUG][0m - fp8                           : None[0m
[35m[2026-04-17 11:07:08,325] [   DEBUG][0m - fp8_wgrad                     : True[0m
[35m[2026-04-17 11:07:08,327] [   DEBUG][0m - freeze_config                 : [0m
[35m[2026-04-17 11:07:08,330] [   DEBUG][0m - fuse_optimizer_states         : False[0m
[35m[2026-04-17 11:07:08,332] [   DEBUG][0m - fuse_sequence_parallel_allreduce: False[0m
[35m[2026-04-17 11:07:08,334] [   DEBUG][0m - fuse_swiglu                   : False[0m
[35m[2026-04-17 11:07:08,336] [   DEBUG][0m - gated_linear_unit             : True[0m
[35m[2026-04-17 11:07:08,338] [   DEBUG][0m - gc_interval                   : 0[0m
[35m[2026-04-17 11:07:08,367] [   DEBUG][0m - global_batch_size             : 4[0m
[35m[2026-04-17 11:07:08,369] [   DEBUG][0m - global_logging_interval       : 1[0m
[35m[2026-04-17 11:07:08,374] [   DEBUG][0m - gradient_accumulation_steps   : 4[0m
[35m[2026-04-17 11:07:08,376] [   DEBUG][0m - gradient_sync_after_accumulate: False[0m
[35m[2026-04-17 11:07:08,377] [   DEBUG][0m - greater_is_better             : None[0m
[35m[2026-04-17 11:07:08,379] [   DEBUG][0m - hidden_dropout_prob           : 0.0[0m
[35m[2026-04-17 11:07:08,380] [   DEBUG][0m - hidden_size                   : None[0m
[35m[2026-04-17 11:07:08,381] [   DEBUG][0m - hybrid_parallel_expert_grad_scale: 2.0[0m
[35m[2026-04-17 11:07:08,383] [   DEBUG][0m - hybrid_parallel_topo_order    : sharding_first[0m
[35m[2026-04-17 11:07:08,384] [   DEBUG][0m - ignore_data_skip              : False[0m
[35m[2026-04-17 11:07:08,385] [   DEBUG][0m - ignore_eos_token              : False[0m
[35m[2026-04-17 11:07:08,387] [   DEBUG][0m - ignore_load_lr_and_optim      : False[0m
[35m[2026-04-17 11:07:08,388] [   DEBUG][0m - ignore_save_lr_and_optim      : False[0m
[35m[2026-04-17 11:07:08,391] [   DEBUG][0m - init_method                   : None[0m
[35m[2026-04-17 11:07:08,392] [   DEBUG][0m - intermediate_size             : None[0m
[35m[2026-04-17 11:07:08,394] [   DEBUG][0m - label_names                   : None[0m
[35m[2026-04-17 11:07:08,396] [   DEBUG][0m - label_smoothing               : 0.0[0m
[35m[2026-04-17 11:07:08,397] [   DEBUG][0m - lazy_data_processing          : True[0m
[35m[2026-04-17 11:07:08,398] [   DEBUG][0m - learning_rate                 : 1e-05[0m
[35m[2026-04-17 11:07:08,399] [   DEBUG][0m - load_best_model_at_end        : False[0m
[35m[2026-04-17 11:07:08,401] [   DEBUG][0m - load_checkpoint_format        : flex_checkpoint[0m
[35m[2026-04-17 11:07:08,405] [   DEBUG][0m - load_from_hf                  : False[0m
[35m[2026-04-17 11:07:08,406] [   DEBUG][0m - load_sharded_model            : False[0m
[35m[2026-04-17 11:07:08,408] [   DEBUG][0m - load_sharded_model_remap_parameter_name: False[0m
[35m[2026-04-17 11:07:08,410] [   DEBUG][0m - load_via_cpu                  : True[0m
[35m[2026-04-17 11:07:08,412] [   DEBUG][0m - local_process_index           : 0[0m
[35m[2026-04-17 11:07:08,414] [   DEBUG][0m - local_rank                    : 0[0m
[35m[2026-04-17 11:07:08,416] [   DEBUG][0m - log_global_grad_norm          : False[0m
[35m[2026-04-17 11:07:08,417] [   DEBUG][0m - log_level                     : -1[0m
[35m[2026-04-17 11:07:08,421] [   DEBUG][0m - log_level_replica             : -1[0m
[35m[2026-04-17 11:07:08,423] [   DEBUG][0m - log_on_each_node              : True[0m
[35m[2026-04-17 11:07:08,425] [   DEBUG][0m - logging_dir                   : ./logs/sft/13b[0m
[35m[2026-04-17 11:07:08,426] [   DEBUG][0m - logging_first_step            : False[0m
[35m[2026-04-17 11:07:08,427] [   DEBUG][0m - logging_steps                 : 1[0m
[35m[2026-04-17 11:07:08,429] [   DEBUG][0m - logging_strategy              : IntervalStrategy.STEPS[0m
[35m[2026-04-17 11:07:08,430] [   DEBUG][0m - logical_process_index         : 0[0m
[35m[2026-04-17 11:07:08,431] [   DEBUG][0m - loss_subbatch_sequence_length : -1[0m
[35m[2026-04-17 11:07:08,432] [   DEBUG][0m - loss_type                     : sigmoid[0m
[35m[2026-04-17 11:07:08,438] [   DEBUG][0m - lr_end                        : 1e-07[0m
[35m[2026-04-17 11:07:08,439] [   DEBUG][0m - lr_scheduler                  : cosine[0m
[35m[2026-04-17 11:07:08,440] [   DEBUG][0m - lr_scheduler_type             : SchedulerType.LINEAR[0m
[35m[2026-04-17 11:07:08,442] [   DEBUG][0m - max_estimate_samples          : 100000.0[0m
[35m[2026-04-17 11:07:08,443] [   DEBUG][0m - max_evaluate_steps            : -1[0m
[35m[2026-04-17 11:07:08,445] [   DEBUG][0m - max_grad_norm                 : 1.0[0m
[35m[2026-04-17 11:07:08,446] [   DEBUG][0m - max_gradient_accumulation_steps: 4[0m
[35m[2026-04-17 11:07:08,448] [   DEBUG][0m - max_seq_len                   : 4096[0m
[35m[2026-04-17 11:07:08,450] [   DEBUG][0m - max_steps                     : 100[0m
[35m[2026-04-17 11:07:08,455] [   DEBUG][0m - merge_with_qdq_base_model     : False[0m
[35m[2026-04-17 11:07:08,456] [   DEBUG][0m - metric_for_best_model         : None[0m
[35m[2026-04-17 11:07:08,457] [   DEBUG][0m - metrics_output_path           : None[0m
[35m[2026-04-17 11:07:08,459] [   DEBUG][0m - min_lr                        : 0.0[0m
[35m[2026-04-17 11:07:08,461] [   DEBUG][0m - minimum_eval_times            : None[0m
[35m[2026-04-17 11:07:08,462] [   DEBUG][0m - model_name_or_path            : ./models/Llama-2-13b[0m
[35m[2026-04-17 11:07:08,463] [   DEBUG][0m - moe_deep_gemm                 : False[0m
[35m[2026-04-17 11:07:08,465] [   DEBUG][0m - moe_deepep_num_sms            : None[0m
[35m[2026-04-17 11:07:08,466] [   DEBUG][0m - moe_dequant_input             : False[0m
[35m[2026-04-17 11:07:08,467] [   DEBUG][0m - moe_dropout_prob              : 0.0[0m
[35m[2026-04-17 11:07:08,471] [   DEBUG][0m - moe_ep_barrier                : True[0m
[35m[2026-04-17 11:07:08,474] [   DEBUG][0m - moe_expert_capacity_factor    : 0.0[0m
[35m[2026-04-17 11:07:08,479] [   DEBUG][0m - moe_expert_fusion             : True[0m
[35m[2026-04-17 11:07:08,480] [   DEBUG][0m - moe_gate_lr_ratio             : None[0m
[35m[2026-04-17 11:07:08,482] [   DEBUG][0m - moe_grouped_gemm              : False[0m
[35m[2026-04-17 11:07:08,483] [   DEBUG][0m - moe_pad_expert_input_to_capacity: False[0m
[35m[2026-04-17 11:07:08,487] [   DEBUG][0m - moe_router_bias_update_rate   : 0.0[0m
[35m[2026-04-17 11:07:08,494] [   DEBUG][0m - moe_router_force_load_balancing: False[0m
[35m[2026-04-17 11:07:08,496] [   DEBUG][0m - moe_router_fusion             : True[0m
[35m[2026-04-17 11:07:08,497] [   DEBUG][0m - moe_router_load_balancing_type: seq_aux_loss[0m
[35m[2026-04-17 11:07:08,499] [   DEBUG][0m - moe_sharding_parallel_rank    : 0[0m
[35m[2026-04-17 11:07:08,503] [   DEBUG][0m - moe_sharding_parallel_size    : 1[0m
[35m[2026-04-17 11:07:08,505] [   DEBUG][0m - moe_shared_expert_overlap     : True[0m
[35m[2026-04-17 11:07:08,506] [   DEBUG][0m - moe_subbatch_token_num_after_dispatch: None[0m
[35m[2026-04-17 11:07:08,508] [   DEBUG][0m - moe_subbatch_token_num_before_dispatch: 0[0m
[35m[2026-04-17 11:07:08,510] [   DEBUG][0m - moe_token_dispatcher_type     : deepep[0m
[35m[2026-04-17 11:07:08,511] [   DEBUG][0m - moe_token_drop_policy         : probs[0m
[35m[2026-04-17 11:07:08,512] [   DEBUG][0m - moe_use_fusion_node           : True[0m
[35m[2026-04-17 11:07:08,513] [   DEBUG][0m - moe_with_send_router_loss     : True[0m
[35m[2026-04-17 11:07:08,515] [   DEBUG][0m - mp_async_allreduce            : False[0m
[35m[2026-04-17 11:07:08,516] [   DEBUG][0m - mp_fused_linear_param_grad_add: False[0m
[35m[2026-04-17 11:07:08,517] [   DEBUG][0m - mp_skip_c_identity            : False[0m
[35m[2026-04-17 11:07:08,521] [   DEBUG][0m - mtp_distillation_loss         : False[0m
[35m[2026-04-17 11:07:08,523] [   DEBUG][0m - mtp_num_layers                : 0[0m
[35m[2026-04-17 11:07:08,524] [   DEBUG][0m - multi_latent_attention        : False[0m
[35m[2026-04-17 11:07:08,525] [   DEBUG][0m - n_routed_experts              : None[0m
[35m[2026-04-17 11:07:08,527] [   DEBUG][0m - nccl_comm_group_config        : None[0m
[35m[2026-04-17 11:07:08,528] [   DEBUG][0m - need_data                     : True[0m
[35m[2026-04-17 11:07:08,530] [   DEBUG][0m - no_cuda                       : False[0m
[35m[2026-04-17 11:07:08,531] [   DEBUG][0m - no_recompute_layers           : None[0m
[35m[2026-04-17 11:07:08,532] [   DEBUG][0m - no_rope_freq                  : False[0m
[35m[2026-04-17 11:07:08,534] [   DEBUG][0m - non_batch_p2p_comm            : False[0m
[35m[2026-04-17 11:07:08,572] [   DEBUG][0m - normalization                 : RMSNorm[0m
[35m[2026-04-17 11:07:08,579] [   DEBUG][0m - normalize_logps               : False[0m
[35m[2026-04-17 11:07:08,581] [   DEBUG][0m - num_attention_heads           : None[0m
[35m[2026-04-17 11:07:08,585] [   DEBUG][0m - num_consecutive               : 1[0m
[35m[2026-04-17 11:07:08,588] [   DEBUG][0m - num_cycles                    : 0.5[0m
[35m[2026-04-17 11:07:08,589] [   DEBUG][0m - num_empty_layers_add_in_head  : 0[0m
[35m[2026-04-17 11:07:08,590] [   DEBUG][0m - num_empty_layers_add_in_tail  : 0[0m
[35m[2026-04-17 11:07:08,592] [   DEBUG][0m - num_experts_per_tok           : None[0m
[35m[2026-04-17 11:07:08,593] [   DEBUG][0m - num_hidden_layers             : None[0m
[35m[2026-04-17 11:07:08,595] [   DEBUG][0m - num_key_value_heads           : None[0m
[35m[2026-04-17 11:07:08,597] [   DEBUG][0m - num_nextn_predict_layers      : 0[0m
[35m[2026-04-17 11:07:08,598] [   DEBUG][0m - num_of_gpus                   : -1[0m
[35m[2026-04-17 11:07:08,599] [   DEBUG][0m - num_train_epochs              : 1.0[0m
[35m[2026-04-17 11:07:08,600] [   DEBUG][0m - offload_fp8_expert_master_weight: True[0m
[35m[2026-04-17 11:07:08,604] [   DEBUG][0m - offload_queue                 : False[0m
[35m[2026-04-17 11:07:08,605] [   DEBUG][0m - offset_alpha                  : 0.0[0m
[35m[2026-04-17 11:07:08,606] [   DEBUG][0m - optim                         : OptimizerNames.ADAMW[0m
[35m[2026-04-17 11:07:08,612] [   DEBUG][0m - optim_shard_num               : 1[0m
[35m[2026-04-17 11:07:08,619] [   DEBUG][0m - optimizer_name_suffix         : tp00_pp00[0m
[35m[2026-04-17 11:07:08,623] [   DEBUG][0m - ordered_save_group_size       : 0[0m
[35m[2026-04-17 11:07:08,625] [   DEBUG][0m - output_dir                    : ./checkpoints/sft/13b[0m
[35m[2026-04-17 11:07:08,626] [   DEBUG][0m - output_layer_init_method      : None[0m
[35m[2026-04-17 11:07:08,628] [   DEBUG][0m - output_signal_dir             : ./checkpoints/sft/13b[0m
[35m[2026-04-17 11:07:08,631] [   DEBUG][0m - overlap                       : False[0m
[35m[2026-04-17 11:07:08,633] [   DEBUG][0m - overlap_p2p_comm              : False[0m
[35m[2026-04-17 11:07:08,635] [   DEBUG][0m - overwrite_output_dir          : True[0m
[35m[2026-04-17 11:07:08,641] [   DEBUG][0m - p2p_cache_shape               : True[0m
[35m[2026-04-17 11:07:08,643] [   DEBUG][0m - pad_token_id                  : 0[0m
[35m[2026-04-17 11:07:08,644] [   DEBUG][0m - partial_send_recv             : True[0m
[35m[2026-04-17 11:07:08,646] [   DEBUG][0m - past_index                    : -1[0m
[35m[2026-04-17 11:07:08,648] [   DEBUG][0m - pdc_download_ckpt             : False[0m
[35m[2026-04-17 11:07:08,649] [   DEBUG][0m - pdc_download_timeout          : 300[0m
[35m[2026-04-17 11:07:08,651] [   DEBUG][0m - per_device_eval_batch_size    : 1[0m
[35m[2026-04-17 11:07:08,652] [   DEBUG][0m - per_device_train_batch_size   : 1[0m
[35m[2026-04-17 11:07:08,656] [   DEBUG][0m - pipeline_model_parallel_size  : 2[0m
[35m[2026-04-17 11:07:08,658] [   DEBUG][0m - pipeline_parallel_config      : [0m
[35m[2026-04-17 11:07:08,659] [   DEBUG][0m - pipeline_parallel_rank        : 0[0m
[35m[2026-04-17 11:07:08,664] [   DEBUG][0m - position_embedding_type       : rope[0m
[35m[2026-04-17 11:07:08,666] [   DEBUG][0m - power                         : 1.0[0m
[35m[2026-04-17 11:07:08,667] [   DEBUG][0m - pp_delay_scale_loss           : True[0m
[35m[2026-04-17 11:07:08,669] [   DEBUG][0m - pp_need_data                  : False[0m
[35m[2026-04-17 11:07:08,670] [   DEBUG][0m - pp_need_data_degree           : 0[0m
[35m[2026-04-17 11:07:08,672] [   DEBUG][0m - pp_release_grads              : False[0m
[35m[2026-04-17 11:07:08,673] [   DEBUG][0m - pp_sharding_comm_overlap      : False[0m
[35m[2026-04-17 11:07:08,675] [   DEBUG][0m - pp_sync_moment                : False[0m
[35m[2026-04-17 11:07:08,677] [   DEBUG][0m - pp_sync_param                 : False[0m
[35m[2026-04-17 11:07:08,679] [   DEBUG][0m - pre_alloc_memory              : 0[0m
[35m[2026-04-17 11:07:08,683] [   DEBUG][0m - prediction_loss_only          : False[0m
[35m[2026-04-17 11:07:08,684] [   DEBUG][0m - pref_loss_ratio               : 1.0[0m
[35m[2026-04-17 11:07:08,686] [   DEBUG][0m - prefetch_factor               : 2[0m
[35m[2026-04-17 11:07:08,687] [   DEBUG][0m - process_index                 : 0[0m
[35m[2026-04-17 11:07:08,689] [   DEBUG][0m - profile                       : False[0m
[35m[2026-04-17 11:07:08,691] [   DEBUG][0m - profile_step_end              : 12[0m
[35m[2026-04-17 11:07:08,692] [   DEBUG][0m - profile_step_start            : 10[0m
[35m[2026-04-17 11:07:08,693] [   DEBUG][0m - recompute_granularity         : full[0m
[35m[2026-04-17 11:07:08,695] [   DEBUG][0m - recompute_method              : uniform[0m
[35m[2026-04-17 11:07:08,697] [   DEBUG][0m - recompute_modules             : None[0m
[35m[2026-04-17 11:07:08,701] [   DEBUG][0m - recompute_mtp_granularity     : None[0m
[35m[2026-04-17 11:07:08,702] [   DEBUG][0m - recompute_mtp_method          : None[0m
[35m[2026-04-17 11:07:08,703] [   DEBUG][0m - recompute_mtp_modules         : None[0m
[35m[2026-04-17 11:07:08,707] [   DEBUG][0m - recompute_num_layers          : 1[0m
[35m[2026-04-17 11:07:08,708] [   DEBUG][0m - recompute_use_reentrant       : True[0m
[35m[2026-04-17 11:07:08,709] [   DEBUG][0m - reeao_dataset_rank            : 0[0m
[35m[2026-04-17 11:07:08,710] [   DEBUG][0m - reeao_dataset_world_size      : 1[0m
[35m[2026-04-17 11:07:08,711] [   DEBUG][0m - ref_model_update_steps        : -1[0m
[35m[2026-04-17 11:07:08,713] [   DEBUG][0m - reference_free                : False[0m
[35m[2026-04-17 11:07:08,714] [   DEBUG][0m - release_grads                 : False[0m
[35m[2026-04-17 11:07:08,715] [   DEBUG][0m - remove_unused_columns         : True[0m
[35m[2026-04-17 11:07:08,716] [   DEBUG][0m - reorder_pipeline_priority     : False[0m
[35m[2026-04-17 11:07:08,720] [   DEBUG][0m - replace_with_c_embedding      : False[0m
[35m[2026-04-17 11:07:08,723] [   DEBUG][0m - replace_with_parallel_cross_entropy: False[0m
[35m[2026-04-17 11:07:08,724] [   DEBUG][0m - replicate_saved_into_local    : False[0m
[35m[2026-04-17 11:07:08,725] [   DEBUG][0m - report_to                     : ['visualdl'][0m
[35m[2026-04-17 11:07:08,727] [   DEBUG][0m - resume_from_checkpoint        : None[0m
[35m[2026-04-17 11:07:08,728] [   DEBUG][0m - resume_from_huggingface_ckpt  : None[0m
[35m[2026-04-17 11:07:08,729] [   DEBUG][0m - router_aux_loss_coef          : 0.0[0m
[35m[2026-04-17 11:07:08,731] [   DEBUG][0m - router_z_loss_coef            : None[0m
[35m[2026-04-17 11:07:08,732] [   DEBUG][0m - run_name                      : ./checkpoints/sft/13b[0m
[35m[2026-04-17 11:07:08,733] [   DEBUG][0m - same_data                     : None[0m
[35m[2026-04-17 11:07:08,735] [   DEBUG][0m - save_checkpoint_format        : flex_checkpoint[0m
[35m[2026-04-17 11:07:08,736] [   DEBUG][0m - save_hf_memory_growth_threshold: 8[0m
[35m[2026-04-17 11:07:08,737] [   DEBUG][0m - save_hf_steps                 : -1[0m
[35m[2026-04-17 11:07:08,739] [   DEBUG][0m - save_hf_total_limit           : None[0m
[35m[2026-04-17 11:07:08,740] [   DEBUG][0m - save_last_step                : False[0m
[35m[2026-04-17 11:07:08,741] [   DEBUG][0m - save_on_each_node             : False[0m
[35m[2026-04-17 11:07:08,743] [   DEBUG][0m - save_rng_states               : True[0m
[35m[2026-04-17 11:07:08,744] [   DEBUG][0m - save_sharded_model            : False[0m
[35m[2026-04-17 11:07:08,748] [   DEBUG][0m - save_sharding_stage1_model_include_freeze_params: False[0m
[35m[2026-04-17 11:07:08,749] [   DEBUG][0m - save_steps                    : 100[0m
[35m[2026-04-17 11:07:08,753] [   DEBUG][0m - save_strategy                 : IntervalStrategy.STEPS[0m
[35m[2026-04-17 11:07:08,770] [   DEBUG][0m - save_to_hf                    : True[0m
[35m[2026-04-17 11:07:08,772] [   DEBUG][0m - save_tokenizer                : True[0m
[35m[2026-04-17 11:07:08,774] [   DEBUG][0m - save_total_limit              : None[0m
[35m[2026-04-17 11:07:08,775] [   DEBUG][0m - scale_loss                    : 32768[0m
[35m[2026-04-17 11:07:08,777] [   DEBUG][0m - sd_release_grads              : False[0m
[35m[2026-04-17 11:07:08,778] [   DEBUG][0m - sd_sharding_comm_overlap      : False[0m
[35m[2026-04-17 11:07:08,780] [   DEBUG][0m - sd_shardingv1_comm_overlap    : False[0m
[35m[2026-04-17 11:07:08,781] [   DEBUG][0m - seed                          : 23[0m
[35m[2026-04-17 11:07:08,786] [   DEBUG][0m - send_recv_overlap             : False[0m
[35m[2026-04-17 11:07:08,790] [   DEBUG][0m - sep_parallel_size             : 1[0m
[35m[2026-04-17 11:07:08,791] [   DEBUG][0m - sequence_parallel             : False[0m
[35m[2026-04-17 11:07:08,792] [   DEBUG][0m - sequence_parallel_config      : [0m
[35m[2026-04-17 11:07:08,794] [   DEBUG][0m - sft_loss_ratio                : 0.0[0m
[35m[2026-04-17 11:07:08,796] [   DEBUG][0m - sharded_model_from_ema        : False[0m
[35m[2026-04-17 11:07:08,798] [   DEBUG][0m - sharding                      : [][0m
[35m[2026-04-17 11:07:08,799] [   DEBUG][0m - sharding_comm_buffer_size_MB  : -1[0m
[35m[2026-04-17 11:07:08,804] [   DEBUG][0m - sharding_degree               : -1[0m
[35m[2026-04-17 11:07:08,806] [   DEBUG][0m - sharding_offload_opt_buffersize_GB: -1[0m
[35m[2026-04-17 11:07:08,807] [   DEBUG][0m - sharding_parallel_config      : [0m
[35m[2026-04-17 11:07:08,808] [   DEBUG][0m - sharding_parallel_mesh_dimension: dp[0m
[35m[2026-04-17 11:07:08,810] [   DEBUG][0m - sharding_parallel_rank        : 0[0m
[35m[2026-04-17 11:07:08,812] [   DEBUG][0m - sharding_parallel_size        : 1[0m
[35m[2026-04-17 11:07:08,813] [   DEBUG][0m - should_load_dataset           : True[0m
[35m[2026-04-17 11:07:08,814] [   DEBUG][0m - should_load_sharding_stage1_model: False[0m
[35m[2026-04-17 11:07:08,815] [   DEBUG][0m - should_log                    : True[0m
[35m[2026-04-17 11:07:08,816] [   DEBUG][0m - should_save                   : True[0m
[35m[2026-04-17 11:07:08,818] [   DEBUG][0m - should_save_model_state       : True[0m
[35m[2026-04-17 11:07:08,823] [   DEBUG][0m - should_save_model_with_tensor_fusion: False[0m
[35m[2026-04-17 11:07:08,824] [   DEBUG][0m - should_save_sharding_stage1_model: False[0m
[35m[2026-04-17 11:07:08,825] [   DEBUG][0m - shuffle_consecutive           : False[0m
[35m[2026-04-17 11:07:08,827] [   DEBUG][0m - simpo_gamma                   : 0.5[0m
[35m[2026-04-17 11:07:08,828] [   DEBUG][0m - skip_data_intervals           : None[0m
[35m[2026-04-17 11:07:08,830] [   DEBUG][0m - skip_memory_metrics           : True[0m
[35m[2026-04-17 11:07:08,831] [   DEBUG][0m - skip_profile_timer            : True[0m
[35m[2026-04-17 11:07:08,832] [   DEBUG][0m - softmax_scale                 : None[0m
[35m[2026-04-17 11:07:08,834] [   DEBUG][0m - softmax_type                  : vanilla[0m
[35m[2026-04-17 11:07:08,836] [   DEBUG][0m - sp_allreduce_avg_in_gradinent_scale: False[0m
[35m[2026-04-17 11:07:08,841] [   DEBUG][0m - sp_async_reduce_scatter       : False[0m
[35m[2026-04-17 11:07:08,843] [   DEBUG][0m - split_backward                : False[0m
[35m[2026-04-17 11:07:08,844] [   DEBUG][0m - split_inputs_sequence_dim     : True[0m
[35m[2026-04-17 11:07:08,846] [   DEBUG][0m - split_norm_comm               : False[0m
[35m[2026-04-17 11:07:08,847] [   DEBUG][0m - split_param                   : True[0m
[35m[2026-04-17 11:07:08,848] [   DEBUG][0m - stage1_allgather_overlap      : False[0m
[35m[2026-04-17 11:07:08,849] [   DEBUG][0m - stage1_broadcast_overlap      : False[0m
[35m[2026-04-17 11:07:08,850] [   DEBUG][0m - stage1_overlap                : False[0m
[35m[2026-04-17 11:07:08,852] [   DEBUG][0m - stage1_reduce_avg             : True[0m
[35m[2026-04-17 11:07:08,853] [   DEBUG][0m - stage1_tensor_fusion          : False[0m
[35m[2026-04-17 11:07:08,855] [   DEBUG][0m - stage2_overlap                : False[0m
[35m[2026-04-17 11:07:08,858] [   DEBUG][0m - sync_grad                     : False[0m
[35m[2026-04-17 11:07:08,860] [   DEBUG][0m - tensor_fusion                 : False[0m
[35m[2026-04-17 11:07:08,861] [   DEBUG][0m - tensor_model_parallel_size    : 2[0m
[35m[2026-04-17 11:07:08,863] [   DEBUG][0m - tensor_parallel_config        : [0m
[35m[2026-04-17 11:07:08,865] [   DEBUG][0m - tensor_parallel_output        : True[0m
[35m[2026-04-17 11:07:08,866] [   DEBUG][0m - tensor_parallel_rank          : 0[0m
[35m[2026-04-17 11:07:08,867] [   DEBUG][0m - tensorwise_offload_optimizer  : False[0m
[35m[2026-04-17 11:07:08,869] [   DEBUG][0m - tie_word_embeddings           : None[0m
[35m[2026-04-17 11:07:08,870] [   DEBUG][0m - timer                         : False[0m
[35m[2026-04-17 11:07:08,872] [   DEBUG][0m - to_static                     : False[0m
[35m[2026-04-17 11:07:08,877] [   DEBUG][0m - token_balance_loss            : False[0m
[35m[2026-04-17 11:07:08,879] [   DEBUG][0m - tp_async_allreduce            : False[0m
[35m[2026-04-17 11:07:08,880] [   DEBUG][0m - tp_sync_moment                : False[0m
[35m[2026-04-17 11:07:08,881] [   DEBUG][0m - tp_sync_param                 : False[0m
[35m[2026-04-17 11:07:08,882] [   DEBUG][0m - train_batch_size              : 1[0m
[35m[2026-04-17 11:07:08,884] [   DEBUG][0m - train_mtp_only                : False[0m
[35m[2026-04-17 11:07:08,885] [   DEBUG][0m - unified_checkpoint            : False[0m
[35m[2026-04-17 11:07:08,886] [   DEBUG][0m - unified_checkpoint_config     : [0m
[35m[2026-04-17 11:07:08,888] [   DEBUG][0m - use_async_save                : False[0m
[35m[2026-04-17 11:07:08,890] [   DEBUG][0m - use_cache                     : False[0m
[35m[2026-04-17 11:07:08,891] [   DEBUG][0m - use_dualpipev                 : False[0m
[35m[2026-04-17 11:07:08,896] [   DEBUG][0m - use_expert_parallel           : False[0m
[35m[2026-04-17 11:07:08,901] [   DEBUG][0m - use_filtered_label_loss       : False[0m
[35m[2026-04-17 11:07:08,903] [   DEBUG][0m - use_fp8                       : False[0m
[35m[2026-04-17 11:07:08,904] [   DEBUG][0m - use_fused_head_and_loss_fn    : False[0m
[35m[2026-04-17 11:07:08,909] [   DEBUG][0m - use_fused_linear_cross_entropy: False[0m
[35m[2026-04-17 11:07:08,910] [   DEBUG][0m - use_hybrid_parallel           : True[0m
[35m[2026-04-17 11:07:08,911] [   DEBUG][0m - use_intermediate_api          : False[0m
[35m[2026-04-17 11:07:08,913] [   DEBUG][0m - use_lowprecision_moment       : False[0m
[35m[2026-04-17 11:07:08,914] [   DEBUG][0m - use_moe                       : False[0m
[35m[2026-04-17 11:07:08,916] [   DEBUG][0m - use_ortho_loss_callback       : False[0m
[35m[2026-04-17 11:07:08,918] [   DEBUG][0m - use_qk_norm                   : None[0m
[35m[2026-04-17 11:07:08,920] [   DEBUG][0m - use_recompute_mtp             : False[0m
[35m[2026-04-17 11:07:08,921] [   DEBUG][0m - use_unified_moe               : False[0m
[35m[2026-04-17 11:07:08,923] [   DEBUG][0m - using_sonic_moe               : False[0m
[35m[2026-04-17 11:07:08,927] [   DEBUG][0m - variable_seq_lengths          : False[0m
[35m[2026-04-17 11:07:08,928] [   DEBUG][0m - virtual_pipeline_model_parallel_size: 1[0m
[35m[2026-04-17 11:07:08,930] [   DEBUG][0m - wandb_api_key                 : None[0m
[35m[2026-04-17 11:07:08,932] [   DEBUG][0m - wandb_http_proxy              : None[0m
[35m[2026-04-17 11:07:08,933] [   DEBUG][0m - warmup_ratio                  : 0.0[0m
[35m[2026-04-17 11:07:08,935] [   DEBUG][0m - warmup_steps                  : 10[0m
[35m[2026-04-17 11:07:08,936] [   DEBUG][0m - weight_decay                  : 0.0[0m
[35m[2026-04-17 11:07:08,937] [   DEBUG][0m - weight_name_suffix            : tp00_pp00[0m
[35m[2026-04-17 11:07:08,939] [   DEBUG][0m - weight_quantize_algo          : None[0m
[35m[2026-04-17 11:07:08,940] [   DEBUG][0m - world_size                    : 4[0m
[35m[2026-04-17 11:07:08,944] [   DEBUG][0m - zcc_ema_interval              : 1[0m
[35m[2026-04-17 11:07:08,946] [   DEBUG][0m - zcc_ema_loss_threshold        : None[0m
[35m[2026-04-17 11:07:08,948] [   DEBUG][0m - zcc_pipeline_hooks_capacity_usage: 0.6[0m
[35m[2026-04-17 11:07:08,949] [   DEBUG][0m - zcc_save_ema_coef             : None[0m
[35m[2026-04-17 11:07:08,951] [   DEBUG][0m - zcc_workers_num               : 3[0m
[35m[2026-04-17 11:07:08,952] [   DEBUG][0m - [0m
[32m[2026-04-17 11:07:08,955] [    INFO][0m - Starting training from resume_from_checkpoint : None[0m
[32m[2026-04-17 11:07:09,061] [    INFO][0m - [timelog] RuntimeTimer: 0.00s (2026-04-17 11:07:09) [0m
[32m[2026-04-17 11:07:09,064] [    INFO][0m - ***** Running training *****[0m
[32m[2026-04-17 11:07:09,066] [    INFO][0m -   Num examples = 400[0m
[32m[2026-04-17 11:07:09,068] [    INFO][0m -   Num Epochs = 9223372036854775807[0m
[32m[2026-04-17 11:07:09,073] [    INFO][0m -   Instantaneous batch size per device = 1[0m
[32m[2026-04-17 11:07:09,075] [    INFO][0m -   Total train batch size (w. parallel, distributed & accumulation) = 4[0m
[32m[2026-04-17 11:07:09,076] [    INFO][0m -   Gradient Accumulation steps = 4[0m
[32m[2026-04-17 11:07:09,078] [    INFO][0m -   Total optimization steps = 100[0m
[32m[2026-04-17 11:07:09,081] [    INFO][0m -   Total num train samples = 400[0m
[2026-04-17 11:07:09,088] [    INFO] pipeline_parallel.py:776 - Pipeline scheduler is in dynamic_shape mode=False
[2026-04-17 11:07:09,090] [    INFO] pipeline_parallel.py:786 - dp_comm_overlap False;             sharding_comm_overlap False;             sharding_split_param False;
[2026-04-17 11:07:09,092] [    INFO] pipeline_parallel.py:858 - Pipeline Info -- num_stages: 2, stage_id: 0
[2026-04-17 11:07:09,093] [    INFO] pipeline_parallel.py:863 - start broadcast mp parameters
W0417 11:07:09.098167 37736 nccl_comm_context.cc:70] ncclCommInitRankConfigMemOpt is not supported.
[2026-04-17 11:07:09,327] [ WARNING] hybrid_parallel_optimizer.py:327 - While using ClipGradByGlobalNorm in TensorParallel, PipelineParallel or Sharding, the grad clip of original optimizer will be changed.
[35m[2026-04-17 11:07:09,331] [   DEBUG][0m -   Number of trainable parameters = 3,254,067,200 (per device)[0m
[35m[2026-04-17 11:07:09,338] [   DEBUG][0m -   Number of trainable parameters = 13,016,279,040 (all devices, roughly)[0m
[32m[2026-04-17 11:07:09,357] [    INFO][0m - Using binpacking mode for data iteration.[0m
MIOpen(HIP): Error [SearchGcnAssembler] The "/opt/rocm/llvm/bin/clang"is not found. Using /opt/dtk-25.04/llvm/bin/clanginstead. Or You Can Specify MIOPEN_ASSIGN_AMDGCN_ASSEMBLER env.
MIOpen(HIP): Error [ValidateGcnAssemblerImpl] Wrong path to assembler: '/opt/dtk-25.04/llvm/bin/clang'. Expect performance degradation.
W0417 11:07:30.585439 37736 nccl_comm_context.cc:70] ncclCommInitRankConfigMemOpt is not supported.
W0417 11:07:48.879642 37736 nccl_comm_context.cc:70] ncclCommInitRankConfigMemOpt is not supported.
[32m[2026-04-17 11:07:49,474] [    INFO][0m - loss: 0.75755841, learning_rate: 1e-06, global_step: 1, current_memory_allocated: 48.48938226699829, current_memory_reserved: 52.13283896446228, max_memory_allocated: 48.48938322067261, max_memory_reserved: 52.13283896446228, interval_runtime: 40.116, interval_samples_per_second: 0.0997, interval_steps_per_second: 0.0249, global_norm: 1.820076823234558, ppl: 2.1330617949946196, progress_or_epoch: 0.01, cpu_used_memory: 1040.91, cpu_available_memory: 1222.26[0m
[32m[2026-04-17 11:07:49,477] [    INFO][0m - [DataLoad global_step: 1] data_load_time: 13810.86 ms (accumulated over 4 micro-batches)[0m
[32m[2026-04-17 11:08:01,196] [    INFO][0m - loss: 0.7770173, learning_rate: 2e-06, global_step: 2, current_memory_allocated: 48.48938226699829, current_memory_reserved: 59.31422138214111, max_memory_allocated: 56.16113495826721, max_memory_reserved: 59.96877646446228, interval_runtime: 10.9591, interval_samples_per_second: 0.365, interval_steps_per_second: 0.0912, global_norm: 2.20442271232605, ppl: 2.174975282264545, progress_or_epoch: 0.02, cpu_used_memory: 1040.91, cpu_available_memory: 1222.26[0m
[32m[2026-04-17 11:08:01,198] [    INFO][0m - [DataLoad global_step: 2] data_load_time: 0.33 ms (accumulated over 4 micro-batches)[0m
[32m[2026-04-17 11:08:12,160] [    INFO][0m - loss: 3.07679701, learning_rate: 3e-06, global_step: 3, current_memory_allocated: 48.48938226699829, current_memory_reserved: 59.31422138214111, max_memory_allocated: 56.16113495826721, max_memory_reserved: 59.96877646446228, interval_runtime: 11.7185, interval_samples_per_second: 0.3413, interval_steps_per_second: 0.0853, global_norm: 26.12071418762207, ppl: 21.68882194314007, progress_or_epoch: 0.03, cpu_used_memory: 1040.91, cpu_available_memory: 1222.26[0m
[32m[2026-04-17 11:08:12,187] [    INFO][0m - [DataLoad global_step: 3] data_load_time: 0.35 ms (accumulated over 4 micro-batches)[0m
[32m[2026-04-17 11:08:23,154] [    INFO][0m - loss: 4.53820038, learning_rate: 4e-06, global_step: 4, current_memory_allocated: 48.48938226699829, current_memory_reserved: 59.31422138214111, max_memory_allocated: 56.16113495826721, max_memory_reserved: 59.96877646446228, interval_runtime: 10.9881, interval_samples_per_second: 0.364, interval_steps_per_second: 0.091, global_norm: 190.06787109375, ppl: 93.52234390581256, progress_or_epoch: 0.04, cpu_used_memory: 1040.91, cpu_available_memory: 1222.25[0m
[32m[2026-04-17 11:08:23,156] [    INFO][0m - [DataLoad global_step: 4] data_load_time: 0.33 ms (accumulated over 4 micro-batches)[0m
[32m[2026-04-17 11:08:34,108] [    INFO][0m - loss: 1.27230263, learning_rate: 5e-06, global_step: 5, current_memory_allocated: 48.48938226699829, current_memory_reserved: 59.31422138214111, max_memory_allocated: 56.16113495826721, max_memory_reserved: 59.96877646446228, interval_runtime: 10.9542, interval_samples_per_second: 0.3652, interval_steps_per_second: 0.0913, global_norm: 16.513347625732422, ppl: 3.569061335547904, progress_or_epoch: 0.05, cpu_used_memory: 1040.91, cpu_available_memory: 1222.25[0m
[32m[2026-04-17 11:08:34,112] [    INFO][0m - [DataLoad global_step: 5] data_load_time: 0.31 ms (accumulated over 4 micro-batches)[0m
[32m[2026-04-17 11:08:45,061] [    INFO][0m - loss: 1.0976963, learning_rate: 6e-06, global_step: 6, current_memory_allocated: 48.48938226699829, current_memory_reserved: 59.31422138214111, max_memory_allocated: 56.16113495826721, max_memory_reserved: 59.96877646446228, interval_runtime: 10.9433, interval_samples_per_second: 0.3655, interval_steps_per_second: 0.0914, global_norm: 3.5868821144104004, ppl: 2.9972532921643458, progress_or_epoch: 0.06, cpu_used_memory: 1040.92, cpu_available_memory: 1222.25[0m
[32m[2026-04-17 11:08:45,063] [    INFO][0m - [DataLoad global_step: 6] data_load_time: 0.32 ms (accumulated over 4 micro-batches)[0m
[32m[2026-04-17 11:08:56,003] [    INFO][0m - loss: 0.82719511, learning_rate: 7e-06, global_step: 7, current_memory_allocated: 48.48938226699829, current_memory_reserved: 59.31422138214111, max_memory_allocated: 56.16113495826721, max_memory_reserved: 59.96877646446228, interval_runtime: 10.9492, interval_samples_per_second: 0.3653, interval_steps_per_second: 0.0913, global_norm: 2.1684601306915283, ppl: 2.2868952462711896, progress_or_epoch: 0.07, cpu_used_memory: 1040.92, cpu_available_memory: 1222.25[0m
[32m[2026-04-17 11:08:56,005] [    INFO][0m - [DataLoad global_step: 7] data_load_time: 0.30 ms (accumulated over 4 micro-batches)[0m
[32m[2026-04-17 11:09:06,951] [    INFO][0m - loss: 0.69882292, learning_rate: 8e-06, global_step: 8, current_memory_allocated: 48.48938226699829, current_memory_reserved: 59.31422138214111, max_memory_allocated: 56.16113495826721, max_memory_reserved: 59.96877646446228, interval_runtime: 10.95, interval_samples_per_second: 0.3653, interval_steps_per_second: 0.0913, global_norm: 1.6658014059066772, ppl: 2.011383753931002, progress_or_epoch: 0.08, cpu_used_memory: 1040.92, cpu_available_memory: 1222.25[0m
[32m[2026-04-17 11:09:06,956] [    INFO][0m - [DataLoad global_step: 8] data_load_time: 0.30 ms (accumulated over 4 micro-batches)[0m
[32m[2026-04-17 11:09:17,934] [    INFO][0m - loss: 0.70204812, learning_rate: 9e-06, global_step: 9, current_memory_allocated: 48.48938226699829, current_memory_reserved: 59.31422138214111, max_memory_allocated: 56.16113495826721, max_memory_reserved: 59.96877646446228, interval_runtime: 10.9562, interval_samples_per_second: 0.3651, interval_steps_per_second: 0.0913, global_norm: 1.6791163682937622, ppl: 2.017881341191118, progress_or_epoch: 0.09, cpu_used_memory: 1040.92, cpu_available_memory: 1222.25[0m
[32m[2026-04-17 11:09:17,936] [    INFO][0m - [DataLoad global_step: 9] data_load_time: 0.29 ms (accumulated over 4 micro-batches)[0m
[32m[2026-04-17 11:09:28,895] [    INFO][0m - loss: 0.65753603, learning_rate: 1e-05, global_step: 10, current_memory_allocated: 48.48938226699829, current_memory_reserved: 59.31422138214111, max_memory_allocated: 56.16113495826721, max_memory_reserved: 59.96877646446228, interval_runtime: 10.973, interval_samples_per_second: 0.3645, interval_steps_per_second: 0.0911, global_norm: 1.517787218093872, ppl: 1.9300309325184657, progress_or_epoch: 0.1, cpu_used_memory: 1040.92, cpu_available_memory: 1222.25[0m
[32m[2026-04-17 11:09:28,897] [    INFO][0m - [DataLoad global_step: 10] data_load_time: 0.29 ms (accumulated over 4 micro-batches)[0m
[32m[2026-04-17 11:09:39,861] [    INFO][0m - loss: 0.61412936, learning_rate: 9.889e-06, global_step: 11, current_memory_allocated: 48.48938226699829, current_memory_reserved: 59.31422138214111, max_memory_allocated: 56.16113495826721, max_memory_reserved: 59.96877646446228, interval_runtime: 10.9753, interval_samples_per_second: 0.3645, interval_steps_per_second: 0.0911, global_norm: 1.486938714981079, ppl: 1.8480469153658905, progress_or_epoch: 0.11, cpu_used_memory: 1040.92, cpu_available_memory: 1222.24[0m
[32m[2026-04-17 11:09:39,864] [    INFO][0m - [DataLoad global_step: 11] data_load_time: 0.41 ms (accumulated over 4 micro-batches)[0m
[32m[2026-04-17 11:09:50,843] [    INFO][0m - loss: 0.54892087, learning_rate: 9.778e-06, global_step: 12, current_memory_allocated: 48.48938226699829, current_memory_reserved: 59.31422138214111, max_memory_allocated: 56.16113495826721, max_memory_reserved: 59.96877646446228, interval_runtime: 10.979, interval_samples_per_second: 0.3643, interval_steps_per_second: 0.0911, global_norm: 1.5107108354568481, ppl: 1.7313836213805522, progress_or_epoch: 0.12, cpu_used_memory: 1040.93, cpu_available_memory: 1222.24[0m
[32m[2026-04-17 11:09:50,845] [    INFO][0m - [DataLoad global_step: 12] data_load_time: 0.28 ms (accumulated over 4 micro-batches)[0m
[32m[2026-04-17 11:10:01,788] [    INFO][0m - loss: 0.57603824, learning_rate: 9.667e-06, global_step: 13, current_memory_allocated: 48.48938226699829, current_memory_reserved: 59.31422138214111, max_memory_allocated: 56.16113495826721, max_memory_reserved: 59.96877646446228, interval_runtime: 10.9494, interval_samples_per_second: 0.3653, interval_steps_per_second: 0.0913, global_norm: 1.4550609588623047, ppl: 1.7789765730659524, progress_or_epoch: 0.13, cpu_used_memory: 1041.01, cpu_available_memory: 1222.16[0m
[32m[2026-04-17 11:10:01,790] [    INFO][0m - [DataLoad global_step: 13] data_load_time: 0.43 ms (accumulated over 4 micro-batches)[0m
[32m[2026-04-17 11:10:12,733] [    INFO][0m - loss: 0.52155161, learning_rate: 9.556e-06, global_step: 14, current_memory_allocated: 48.48938226699829, current_memory_reserved: 59.31422138214111, max_memory_allocated: 56.16113495826721, max_memory_reserved: 59.96877646446228, interval_runtime: 10.9464, interval_samples_per_second: 0.3654, interval_steps_per_second: 0.0914, global_norm: 1.3127570152282715, ppl: 1.6846395264034362, progress_or_epoch: 0.14, cpu_used_memory: 1041.0, cpu_available_memory: 1222.17[0m
[32m[2026-04-17 11:10:12,743] [    INFO][0m - [DataLoad global_step: 14] data_load_time: 0.38 ms (accumulated over 4 micro-batches)[0m
[32m[2026-04-17 11:10:23,687] [    INFO][0m - loss: 0.76345038, learning_rate: 9.444e-06, global_step: 15, current_memory_allocated: 48.48938226699829, current_memory_reserved: 59.31422138214111, max_memory_allocated: 56.16113495826721, max_memory_reserved: 59.96877646446228, interval_runtime: 10.9579, interval_samples_per_second: 0.365, interval_steps_per_second: 0.0913, global_norm: 1.7002921104431152, ppl: 2.1456668288739893, progress_or_epoch: 0.15, cpu_used_memory: 1041.0, cpu_available_memory: 1222.17[0m
[32m[2026-04-17 11:10:23,689] [    INFO][0m - [DataLoad global_step: 15] data_load_time: 0.31 ms (accumulated over 4 micro-batches)[0m
[32m[2026-04-17 11:10:34,632] [    INFO][0m - loss: 0.71219993, learning_rate: 9.333e-06, global_step: 16, current_memory_allocated: 48.48938226699829, current_memory_reserved: 59.31422138214111, max_memory_allocated: 56.16113495826721, max_memory_reserved: 59.96877646446228, interval_runtime: 10.9428, interval_samples_per_second: 0.3655, interval_steps_per_second: 0.0914, global_norm: 1.2869148254394531, ppl: 2.0384708225932995, progress_or_epoch: 0.16, cpu_used_memory: 1041.0, cpu_available_memory: 1222.17[0m
[32m[2026-04-17 11:10:34,634] [    INFO][0m - [DataLoad global_step: 16] data_load_time: 0.31 ms (accumulated over 4 micro-batches)[0m
[32m[2026-04-17 11:10:45,581] [    INFO][0m - loss: 0.6844095, learning_rate: 9.222e-06, global_step: 17, current_memory_allocated: 48.48938226699829, current_memory_reserved: 59.31422138214111, max_memory_allocated: 56.16113495826721, max_memory_reserved: 59.96877646446228, interval_runtime: 10.9454, interval_samples_per_second: 0.3655, interval_steps_per_second: 0.0914, global_norm: 1.3804975748062134, ppl: 1.982600764061157, progress_or_epoch: 0.17, cpu_used_memory: 1041.0, cpu_available_memory: 1222.17[0m
[32m[2026-04-17 11:10:45,582] [    INFO][0m - [DataLoad global_step: 17] data_load_time: 0.32 ms (accumulated over 4 micro-batches)[0m
[32m[2026-04-17 11:10:56,536] [    INFO][0m - loss: 0.72643614, learning_rate: 9.111e-06, global_step: 18, current_memory_allocated: 48.48938226699829, current_memory_reserved: 59.31422138214111, max_memory_allocated: 56.16113495826721, max_memory_reserved: 59.96877646446228, interval_runtime: 10.9481, interval_samples_per_second: 0.3654, interval_steps_per_second: 0.0913, global_norm: 1.4302997589111328, ppl: 2.0676984731600445, progress_or_epoch: 0.18, cpu_used_memory: 1041.01, cpu_available_memory: 1222.16[0m
[32m[2026-04-17 11:10:56,539] [    INFO][0m - [DataLoad global_step: 18] data_load_time: 0.31 ms (accumulated over 4 micro-batches)[0m
[32m[2026-04-17 11:11:07,507] [    INFO][0m - loss: 0.68402296, learning_rate: 9e-06, global_step: 19, current_memory_allocated: 48.48938226699829, current_memory_reserved: 59.31422138214111, max_memory_allocated: 56.16113495826721, max_memory_reserved: 59.96877646446228, interval_runtime: 10.9735, interval_samples_per_second: 0.3645, interval_steps_per_second: 0.0911, global_norm: 1.4146671295166016, ppl: 1.9818345576560688, progress_or_epoch: 0.19, cpu_used_memory: 1041.0, cpu_available_memory: 1222.17[0m
[32m[2026-04-17 11:11:07,509] [    INFO][0m - [DataLoad global_step: 19] data_load_time: 0.31 ms (accumulated over 4 micro-batches)[0m
[32m[2026-04-17 11:11:18,515] [    INFO][0m - loss: 0.70519316, learning_rate: 8.889e-06, global_step: 20, current_memory_allocated: 48.48938226699829, current_memory_reserved: 59.31422138214111, max_memory_allocated: 56.16113495826721, max_memory_reserved: 59.96877646446228, interval_runtime: 10.9638, interval_samples_per_second: 0.3648, interval_steps_per_second: 0.0912, global_norm: 1.3035831451416016, ppl: 2.024237648906093, progress_or_epoch: 0.2, cpu_used_memory: 1041.0, cpu_available_memory: 1222.17[0m
[32m[2026-04-17 11:11:18,546] [    INFO][0m - [DataLoad global_step: 20] data_load_time: 0.27 ms (accumulated over 4 micro-batches)[0m
[32m[2026-04-17 11:11:29,845] [    INFO][0m - loss: 0.62575567, learning_rate: 8.778e-06, global_step: 21, current_memory_allocated: 48.48938226699829, current_memory_reserved: 59.31422138214111, max_memory_allocated: 56.16113495826721, max_memory_reserved: 59.96877646446228, interval_runtime: 11.0726, interval_samples_per_second: 0.3613, interval_steps_per_second: 0.0903, global_norm: 1.2532753944396973, ppl: 1.869658268408186, progress_or_epoch: 0.21, cpu_used_memory: 1041.0, cpu_available_memory: 1222.17[0m
[32m[2026-04-17 11:11:29,847] [    INFO][0m - [DataLoad global_step: 21] data_load_time: 0.27 ms (accumulated over 4 micro-batches)[0m
[32m[2026-04-17 11:11:40,807] [    INFO][0m - loss: 0.62651777, learning_rate: 8.667e-06, global_step: 22, current_memory_allocated: 48.48938226699829, current_memory_reserved: 59.31422138214111, max_memory_allocated: 56.16113495826721, max_memory_reserved: 59.96877646446228, interval_runtime: 11.2623, interval_samples_per_second: 0.3552, interval_steps_per_second: 0.0888, global_norm: 1.2847036123275757, ppl: 1.8710836780578974, progress_or_epoch: 0.22, cpu_used_memory: 1041.01, cpu_available_memory: 1222.16[0m
[32m[2026-04-17 11:11:40,809] [    INFO][0m - [DataLoad global_step: 22] data_load_time: 0.28 ms (accumulated over 4 micro-batches)[0m
[32m[2026-04-17 11:11:51,767] [    INFO][0m - loss: 0.60865444, learning_rate: 8.556e-06, global_step: 23, current_memory_allocated: 48.48938226699829, current_memory_reserved: 59.31422138214111, max_memory_allocated: 56.16113495826721, max_memory_reserved: 59.96877646446228, interval_runtime: 10.9646, interval_samples_per_second: 0.3648, interval_steps_per_second: 0.0912, global_norm: 1.2054933309555054, ppl: 1.8379566532413811, progress_or_epoch: 0.23, cpu_used_memory: 1041.01, cpu_available_memory: 1222.16[0m
[32m[2026-04-17 11:11:51,770] [    INFO][0m - [DataLoad global_step: 23] data_load_time: 0.26 ms (accumulated over 4 micro-batches)[0m
[32m[2026-04-17 11:12:03,292] [    INFO][0m - loss: 0.54807305, learning_rate: 8.444e-06, global_step: 24, current_memory_allocated: 48.48938226699829, current_memory_reserved: 59.31422138214111, max_memory_allocated: 56.16113495826721, max_memory_reserved: 59.96877646446228, interval_runtime: 10.953, interval_samples_per_second: 0.3652, interval_steps_per_second: 0.0913, global_norm: 1.1409920454025269, ppl: 1.7299163418010497, progress_or_epoch: 0.24, cpu_used_memory: 1041.01, cpu_available_memory: 1222.16[0m
[32m[2026-04-17 11:12:03,294] [    INFO][0m - [DataLoad global_step: 24] data_load_time: 0.27 ms (accumulated over 4 micro-batches)[0m
[32m[2026-04-17 11:12:14,278] [    INFO][0m - loss: 0.54112983, learning_rate: 8.333e-06, global_step: 25, current_memory_allocated: 48.48938226699829, current_memory_reserved: 59.31422138214111, max_memory_allocated: 56.16113495826721, max_memory_reserved: 59.96877646446228, interval_runtime: 11.5329, interval_samples_per_second: 0.3468, interval_steps_per_second: 0.0867, global_norm: 1.1540178060531616, ppl: 1.7179467538855224, progress_or_epoch: 0.25, cpu_used_memory: 1041.01, cpu_available_memory: 1222.16[0m
[32m[2026-04-17 11:12:14,282] [    INFO][0m - [DataLoad global_step: 25] data_load_time: 0.30 ms (accumulated over 4 micro-batches)[0m
[32m[2026-04-17 11:12:25,228] [    INFO][0m - loss: 0.52218616, learning_rate: 8.222e-06, global_step: 26, current_memory_allocated: 48.48938226699829, current_memory_reserved: 59.31422138214111, max_memory_allocated: 56.16113495826721, max_memory_reserved: 59.96877646446228, interval_runtime: 10.9773, interval_samples_per_second: 0.3644, interval_steps_per_second: 0.0911, global_norm: 1.1384825706481934, ppl: 1.6857088536498366, progress_or_epoch: 0.26, cpu_used_memory: 1041.01, cpu_available_memory: 1222.16[0m
[32m[2026-04-17 11:12:25,229] [    INFO][0m - [DataLoad global_step: 26] data_load_time: 0.28 ms (accumulated over 4 micro-batches)[0m
[32m[2026-04-17 11:12:36,759] [    INFO][0m - loss: 0.47738037, learning_rate: 8.111e-06, global_step: 27, current_memory_allocated: 48.48938226699829, current_memory_reserved: 59.31422138214111, max_memory_allocated: 56.16113495826721, max_memory_reserved: 59.96877646446228, interval_runtime: 10.9539, interval_samples_per_second: 0.3652, interval_steps_per_second: 0.0913, global_norm: 1.2420399188995361, ppl: 1.6118464254918399, progress_or_epoch: 0.27, cpu_used_memory: 1041.01, cpu_available_memory: 1222.16[0m
[32m[2026-04-17 11:12:36,761] [    INFO][0m - [DataLoad global_step: 27] data_load_time: 0.27 ms (accumulated over 4 micro-batches)[0m
[32m[2026-04-17 11:12:47,708] [    INFO][0m - loss: 0.52821332, learning_rate: 8e-06, global_step: 28, current_memory_allocated: 48.48938226699829, current_memory_reserved: 59.31422138214111, max_memory_allocated: 56.16113495826721, max_memory_reserved: 59.96877646446228, interval_runtime: 11.5212, interval_samples_per_second: 0.3472, interval_steps_per_second: 0.0868, global_norm: 1.3313825130462646, ppl: 1.6958995703145898, progress_or_epoch: 0.28, cpu_used_memory: 1041.04, cpu_available_memory: 1222.13[0m
[32m[2026-04-17 11:12:47,710] [    INFO][0m - [DataLoad global_step: 28] data_load_time: 0.28 ms (accumulated over 4 micro-batches)[0m
[32m[2026-04-17 11:12:58,686] [    INFO][0m - loss: 0.60796428, learning_rate: 7.889e-06, global_step: 29, current_memory_allocated: 48.48938226699829, current_memory_reserved: 59.31422138214111, max_memory_allocated: 56.16113495826721, max_memory_reserved: 59.96877646446228, interval_runtime: 10.9553, interval_samples_per_second: 0.3651, interval_steps_per_second: 0.0913, global_norm: 1.4454340934753418, ppl: 1.8366886067054118, progress_or_epoch: 0.29, cpu_used_memory: 1041.04, cpu_available_memory: 1222.13[0m
[32m[2026-04-17 11:12:58,712] [    INFO][0m - [DataLoad global_step: 29] data_load_time: 0.26 ms (accumulated over 4 micro-batches)[0m
[32m[2026-04-17 11:13:09,714] [    INFO][0m - loss: 0.69204116, learning_rate: 7.778e-06, global_step: 30, current_memory_allocated: 48.48938226699829, current_memory_reserved: 59.31422138214111, max_memory_allocated: 56.16113495826721, max_memory_reserved: 59.96877646446228, interval_runtime: 11.0298, interval_samples_per_second: 0.3627, interval_steps_per_second: 0.0907, global_norm: 1.7558454275131226, ppl: 1.9977891817107216, progress_or_epoch: 0.3, cpu_used_memory: 1041.04, cpu_available_memory: 1222.13[0m
[32m[2026-04-17 11:13:09,717] [    INFO][0m - [DataLoad global_step: 30] data_load_time: 0.26 ms (accumulated over 4 micro-batches)[0m
[32m[2026-04-17 11:13:20,680] [    INFO][0m - loss: 0.68814969, learning_rate: 7.667e-06, global_step: 31, current_memory_allocated: 48.48938226699829, current_memory_reserved: 59.31422138214111, max_memory_allocated: 56.16113495826721, max_memory_reserved: 59.96877646446228, interval_runtime: 10.9805, interval_samples_per_second: 0.3643, interval_steps_per_second: 0.0911, global_norm: 1.6498256921768188, ppl: 1.990029952239971, progress_or_epoch: 0.31, cpu_used_memory: 1041.04, cpu_available_memory: 1222.13[0m
[32m[2026-04-17 11:13:20,685] [    INFO][0m - [DataLoad global_step: 31] data_load_time: 0.26 ms (accumulated over 4 micro-batches)[0m
[32m[2026-04-17 11:13:31,632] [    INFO][0m - loss: 0.69076574, learning_rate: 7.556e-06, global_step: 32, current_memory_allocated: 48.48938226699829, current_memory_reserved: 59.31422138214111, max_memory_allocated: 56.16113495826721, max_memory_reserved: 59.96877646446228, interval_runtime: 10.9529, interval_samples_per_second: 0.3652, interval_steps_per_second: 0.0913, global_norm: 1.4128113985061646, ppl: 1.9952427856400068, progress_or_epoch: 0.32, cpu_used_memory: 1041.05, cpu_available_memory: 1222.12[0m
[32m[2026-04-17 11:13:31,648] [    INFO][0m - [DataLoad global_step: 32] data_load_time: 0.25 ms (accumulated over 4 micro-batches)[0m
[32m[2026-04-17 11:13:42,598] [    INFO][0m - loss: 0.64018291, learning_rate: 7.444e-06, global_step: 33, current_memory_allocated: 48.48938226699829, current_memory_reserved: 59.31422138214111, max_memory_allocated: 56.16113495826721, max_memory_reserved: 59.96877646446228, interval_runtime: 10.9618, interval_samples_per_second: 0.3649, interval_steps_per_second: 0.0912, global_norm: 1.1951531171798706, ppl: 1.8968277963489162, progress_or_epoch: 0.33, cpu_used_memory: 1041.05, cpu_available_memory: 1222.12[0m
[32m[2026-04-17 11:13:42,600] [    INFO][0m - [DataLoad global_step: 33] data_load_time: 0.26 ms (accumulated over 4 micro-batches)[0m
[32m[2026-04-17 11:13:53,556] [    INFO][0m - loss: 0.62595522, learning_rate: 7.333e-06, global_step: 34, current_memory_allocated: 48.48938226699829, current_memory_reserved: 59.31422138214111, max_memory_allocated: 56.16113495826721, max_memory_reserved: 59.96877646446228, interval_runtime: 10.9622, interval_samples_per_second: 0.3649, interval_steps_per_second: 0.0912, global_norm: 1.164497971534729, ppl: 1.8700313959432084, progress_or_epoch: 0.34, cpu_used_memory: 1041.05, cpu_available_memory: 1222.12[0m
[32m[2026-04-17 11:13:53,558] [    INFO][0m - [DataLoad global_step: 34] data_load_time: 0.29 ms (accumulated over 4 micro-batches)[0m
[32m[2026-04-17 11:14:04,518] [    INFO][0m - loss: 0.66484439, learning_rate: 7.222e-06, global_step: 35, current_memory_allocated: 48.48938226699829, current_memory_reserved: 59.31422138214111, max_memory_allocated: 56.16113495826721, max_memory_reserved: 59.96877646446228, interval_runtime: 10.9599, interval_samples_per_second: 0.365, interval_steps_per_second: 0.0912, global_norm: 1.3789727687835693, ppl: 1.9441879627079903, progress_or_epoch: 0.35, cpu_used_memory: 1041.05, cpu_available_memory: 1222.12[0m
[32m[2026-04-17 11:14:04,520] [    INFO][0m - [DataLoad global_step: 35] data_load_time: 0.26 ms (accumulated over 4 micro-batches)[0m
[32m[2026-04-17 11:14:15,475] [    INFO][0m - loss: 0.61781842, learning_rate: 7.111e-06, global_step: 36, current_memory_allocated: 48.48938226699829, current_memory_reserved: 59.31422138214111, max_memory_allocated: 56.16113495826721, max_memory_reserved: 59.96877646446228, interval_runtime: 10.9621, interval_samples_per_second: 0.3649, interval_steps_per_second: 0.0912, global_norm: 1.3947244882583618, ppl: 1.8548770619837844, progress_or_epoch: 0.36, cpu_used_memory: 1041.04, cpu_available_memory: 1222.12[0m
[32m[2026-04-17 11:14:15,477] [    INFO][0m - [DataLoad global_step: 36] data_load_time: 0.27 ms (accumulated over 4 micro-batches)[0m
[32m[2026-04-17 11:14:26,438] [    INFO][0m - loss: 0.55528498, learning_rate: 7e-06, global_step: 37, current_memory_allocated: 48.48938226699829, current_memory_reserved: 59.31422138214111, max_memory_allocated: 56.16113495826721, max_memory_reserved: 59.96877646446228, interval_runtime: 10.9587, interval_samples_per_second: 0.365, interval_steps_per_second: 0.0913, global_norm: 1.2136346101760864, ppl: 1.7424374738572856, progress_or_epoch: 0.37, cpu_used_memory: 1041.05, cpu_available_memory: 1222.12[0m
[32m[2026-04-17 11:14:26,439] [    INFO][0m - [DataLoad global_step: 37] data_load_time: 0.26 ms (accumulated over 4 micro-batches)[0m
[32m[2026-04-17 11:14:37,442] [    INFO][0m - loss: 0.565323, learning_rate: 6.889e-06, global_step: 38, current_memory_allocated: 48.48938226699829, current_memory_reserved: 59.31422138214111, max_memory_allocated: 56.16113495826721, max_memory_reserved: 59.96877646446228, interval_runtime: 10.96, interval_samples_per_second: 0.365, interval_steps_per_second: 0.0912, global_norm: 1.2407441139221191, ppl: 1.7600161761462307, progress_or_epoch: 0.38, cpu_used_memory: 1041.05, cpu_available_memory: 1222.12[0m
[32m[2026-04-17 11:14:37,444] [    INFO][0m - [DataLoad global_step: 38] data_load_time: 0.25 ms (accumulated over 4 micro-batches)[0m
[32m[2026-04-17 11:14:48,463] [    INFO][0m - loss: 0.54899246, learning_rate: 6.778e-06, global_step: 39, current_memory_allocated: 48.48938226699829, current_memory_reserved: 59.31422138214111, max_memory_allocated: 56.16113495826721, max_memory_reserved: 59.96877646446228, interval_runtime: 11.0089, interval_samples_per_second: 0.3633, interval_steps_per_second: 0.0908, global_norm: 1.1323902606964111, ppl: 1.7315075755708942, progress_or_epoch: 0.39, cpu_used_memory: 1041.05, cpu_available_memory: 1222.12[0m
[32m[2026-04-17 11:14:48,464] [    INFO][0m - [DataLoad global_step: 39] data_load_time: 0.26 ms (accumulated over 4 micro-batches)[0m
[32m[2026-04-17 11:14:59,423] [    INFO][0m - loss: 0.50699848, learning_rate: 6.667e-06, global_step: 40, current_memory_allocated: 48.48938226699829, current_memory_reserved: 59.31422138214111, max_memory_allocated: 56.16113495826721, max_memory_reserved: 59.96877646446228, interval_runtime: 11.0086, interval_samples_per_second: 0.3634, interval_steps_per_second: 0.0908, global_norm: 1.0901111364364624, ppl: 1.6603002840248828, progress_or_epoch: 0.4, cpu_used_memory: 1041.05, cpu_available_memory: 1222.12[0m
[32m[2026-04-17 11:14:59,425] [    INFO][0m - [DataLoad global_step: 40] data_load_time: 0.26 ms (accumulated over 4 micro-batches)[0m
[32m[2026-04-17 11:15:10,406] [    INFO][0m - loss: 0.49010393, learning_rate: 6.556e-06, global_step: 41, current_memory_allocated: 48.48938226699829, current_memory_reserved: 59.31422138214111, max_memory_allocated: 56.16113495826721, max_memory_reserved: 59.96877646446228, interval_runtime: 10.9552, interval_samples_per_second: 0.3651, interval_steps_per_second: 0.0913, global_norm: 1.116852879524231, ppl: 1.6324858753961113, progress_or_epoch: 0.41, cpu_used_memory: 1041.05, cpu_available_memory: 1222.12[0m
[32m[2026-04-17 11:15:10,423] [    INFO][0m - [DataLoad global_step: 41] data_load_time: 0.27 ms (accumulated over 4 micro-batches)[0m
[32m[2026-04-17 11:15:21,393] [    INFO][0m - loss: 0.51217431, learning_rate: 6.444e-06, global_step: 42, current_memory_allocated: 48.48938226699829, current_memory_reserved: 59.31422138214111, max_memory_allocated: 56.16113495826721, max_memory_reserved: 59.96877646446228, interval_runtime: 10.9843, interval_samples_per_second: 0.3642, interval_steps_per_second: 0.091, global_norm: 1.2848917245864868, ppl: 1.6689159935338211, progress_or_epoch: 0.42, cpu_used_memory: 1041.07, cpu_available_memory: 1222.1[0m
[32m[2026-04-17 11:15:21,396] [    INFO][0m - [DataLoad global_step: 42] data_load_time: 0.35 ms (accumulated over 4 micro-batches)[0m
[32m[2026-04-17 11:15:32,334] [    INFO][0m - loss: 0.49336043, learning_rate: 6.333e-06, global_step: 43, current_memory_allocated: 48.48938226699829, current_memory_reserved: 59.31422138214111, max_memory_allocated: 56.16113495826721, max_memory_reserved: 59.96877646446228, interval_runtime: 10.9767, interval_samples_per_second: 0.3644, interval_steps_per_second: 0.0911, global_norm: 1.290293574333191, ppl: 1.6378107311399552, progress_or_epoch: 0.43, cpu_used_memory: 1041.08, cpu_available_memory: 1222.09[0m
[32m[2026-04-17 11:15:32,339] [    INFO][0m - [DataLoad global_step: 43] data_load_time: 0.37 ms (accumulated over 4 micro-batches)[0m
[32m[2026-04-17 11:15:43,287] [    INFO][0m - loss: 0.52072215, learning_rate: 6.222e-06, global_step: 44, current_memory_allocated: 48.48938226699829, current_memory_reserved: 59.31422138214111, max_memory_allocated: 56.16113495826721, max_memory_reserved: 59.96877646446228, interval_runtime: 10.9468, interval_samples_per_second: 0.3654, interval_steps_per_second: 0.0914, global_norm: 1.1304720640182495, ppl: 1.6832427646609445, progress_or_epoch: 0.44, cpu_used_memory: 1041.08, cpu_available_memory: 1222.09[0m
[32m[2026-04-17 11:15:43,289] [    INFO][0m - [DataLoad global_step: 44] data_load_time: 0.36 ms (accumulated over 4 micro-batches)[0m
[32m[2026-04-17 11:15:54,309] [    INFO][0m - loss: 0.66318911, learning_rate: 6.111e-06, global_step: 45, current_memory_allocated: 48.48938226699829, current_memory_reserved: 59.31422138214111, max_memory_allocated: 56.16113495826721, max_memory_reserved: 59.96877646446228, interval_runtime: 10.9616, interval_samples_per_second: 0.3649, interval_steps_per_second: 0.0912, global_norm: 1.378824234008789, ppl: 1.9409724492788096, progress_or_epoch: 0.45, cpu_used_memory: 1041.08, cpu_available_memory: 1222.09[0m
[32m[2026-04-17 11:15:54,332] [    INFO][0m - [DataLoad global_step: 45] data_load_time: 0.37 ms (accumulated over 4 micro-batches)[0m
[32m[2026-04-17 11:16:05,312] [    INFO][0m - loss: 0.64833772, learning_rate: 6e-06, global_step: 46, current_memory_allocated: 48.48938226699829, current_memory_reserved: 59.31422138214111, max_memory_allocated: 56.16113495826721, max_memory_reserved: 59.96877646446228, interval_runtime: 11.0665, interval_samples_per_second: 0.3614, interval_steps_per_second: 0.0904, global_norm: 1.2769865989685059, ppl: 1.9123593088259232, progress_or_epoch: 0.46, cpu_used_memory: 1041.08, cpu_available_memory: 1222.09[0m
[32m[2026-04-17 11:16:05,315] [    INFO][0m - [DataLoad global_step: 46] data_load_time: 0.38 ms (accumulated over 4 micro-batches)[0m
[32m[2026-04-17 11:16:16,264] [    INFO][0m - loss: 0.68799078, learning_rate: 5.889e-06, global_step: 47, current_memory_allocated: 48.48938226699829, current_memory_reserved: 59.31422138214111, max_memory_allocated: 56.16113495826721, max_memory_reserved: 59.96877646446228, interval_runtime: 10.9416, interval_samples_per_second: 0.3656, interval_steps_per_second: 0.0914, global_norm: 1.3988703489303589, ppl: 1.989713741705434, progress_or_epoch: 0.47, cpu_used_memory: 1041.08, cpu_available_memory: 1222.09[0m
[32m[2026-04-17 11:16:16,266] [    INFO][0m - [DataLoad global_step: 47] data_load_time: 0.35 ms (accumulated over 4 micro-batches)[0m
[32m[2026-04-17 11:16:27,223] [    INFO][0m - loss: 0.70098686, learning_rate: 5.778e-06, global_step: 48, current_memory_allocated: 48.48938226699829, current_memory_reserved: 59.31422138214111, max_memory_allocated: 56.16113495826721, max_memory_reserved: 59.96877646446228, interval_runtime: 10.9599, interval_samples_per_second: 0.365, interval_steps_per_second: 0.0912, global_norm: 1.2449347972869873, ppl: 2.0157409803795088, progress_or_epoch: 0.48, cpu_used_memory: 1041.08, cpu_available_memory: 1222.09[0m
[32m[2026-04-17 11:16:27,225] [    INFO][0m - [DataLoad global_step: 48] data_load_time: 0.35 ms (accumulated over 4 micro-batches)[0m
[32m[2026-04-17 11:16:38,197] [    INFO][0m - loss: 0.6332581, learning_rate: 5.667e-06, global_step: 49, current_memory_allocated: 48.48938226699829, current_memory_reserved: 59.31422138214111, max_memory_allocated: 56.16113495826721, max_memory_reserved: 59.96877646446228, interval_runtime: 10.9713, interval_samples_per_second: 0.3646, interval_steps_per_second: 0.0911, global_norm: 1.1767703294754028, ppl: 1.8837379987450271, progress_or_epoch: 0.49, cpu_used_memory: 1041.08, cpu_available_memory: 1222.09[0m
[32m[2026-04-17 11:16:38,206] [    INFO][0m - [DataLoad global_step: 49] data_load_time: 0.30 ms (accumulated over 4 micro-batches)[0m
[32m[2026-04-17 11:16:49,172] [    INFO][0m - loss: 0.56755662, learning_rate: 5.556e-06, global_step: 50, current_memory_allocated: 48.48938226699829, current_memory_reserved: 59.31422138214111, max_memory_allocated: 56.16113495826721, max_memory_reserved: 59.96877646446228, interval_runtime: 10.9627, interval_samples_per_second: 0.3649, interval_steps_per_second: 0.0912, global_norm: 1.0357426404953003, ppl: 1.7639517771599174, progress_or_epoch: 0.5, cpu_used_memory: 1041.08, cpu_available_memory: 1222.09[0m
[32m[2026-04-17 11:16:49,175] [    INFO][0m - [DataLoad global_step: 50] data_load_time: 0.33 ms (accumulated over 4 micro-batches)[0m
[32m[2026-04-17 11:17:00,143] [    INFO][0m - loss: 0.53200495, learning_rate: 5.444e-06, global_step: 51, current_memory_allocated: 48.48938226699829, current_memory_reserved: 59.31422138214111, max_memory_allocated: 56.16113495826721, max_memory_reserved: 59.96877646446228, interval_runtime: 11.0026, interval_samples_per_second: 0.3636, interval_steps_per_second: 0.0909, global_norm: 1.0904237031936646, ppl: 1.7023419999388252, progress_or_epoch: 0.51, cpu_used_memory: 1041.09, cpu_available_memory: 1222.08[0m
[32m[2026-04-17 11:17:00,145] [    INFO][0m - [DataLoad global_step: 51] data_load_time: 0.32 ms (accumulated over 4 micro-batches)[0m
[32m[2026-04-17 11:17:11,082] [    INFO][0m - loss: 0.57177305, learning_rate: 5.333e-06, global_step: 52, current_memory_allocated: 48.48938226699829, current_memory_reserved: 59.31422138214111, max_memory_allocated: 56.16113495826721, max_memory_reserved: 59.96877646446228, interval_runtime: 10.9379, interval_samples_per_second: 0.3657, interval_steps_per_second: 0.0914, global_norm: 1.1336334943771362, ppl: 1.77140505842885, progress_or_epoch: 0.52, cpu_used_memory: 1041.09, cpu_available_memory: 1222.08[0m
[32m[2026-04-17 11:17:11,084] [    INFO][0m - [DataLoad global_step: 52] data_load_time: 0.32 ms (accumulated over 4 micro-batches)[0m
[32m[2026-04-17 11:17:22,074] [    INFO][0m - loss: 0.55573058, learning_rate: 5.222e-06, global_step: 53, current_memory_allocated: 48.48938226699829, current_memory_reserved: 59.31422138214111, max_memory_allocated: 56.16113495826721, max_memory_reserved: 59.96877646446228, interval_runtime: 10.9432, interval_samples_per_second: 0.3655, interval_steps_per_second: 0.0914, global_norm: 1.199931025505066, ppl: 1.7432140770099687, progress_or_epoch: 0.53, cpu_used_memory: 1041.09, cpu_available_memory: 1222.07[0m
[32m[2026-04-17 11:17:22,078] [    INFO][0m - [DataLoad global_step: 53] data_load_time: 0.32 ms (accumulated over 4 micro-batches)[0m
[32m[2026-04-17 11:17:33,012] [    INFO][0m - loss: 0.55023056, learning_rate: 5.111e-06, global_step: 54, current_memory_allocated: 48.48938226699829, current_memory_reserved: 59.31422138214111, max_memory_allocated: 56.16113495826721, max_memory_reserved: 59.96877646446228, interval_runtime: 10.9834, interval_samples_per_second: 0.3642, interval_steps_per_second: 0.091, global_norm: 1.1817708015441895, ppl: 1.7336526827547927, progress_or_epoch: 0.54, cpu_used_memory: 1041.1, cpu_available_memory: 1222.07[0m
[32m[2026-04-17 11:17:33,014] [    INFO][0m - [DataLoad global_step: 54] data_load_time: 0.33 ms (accumulated over 4 micro-batches)[0m
[32m[2026-04-17 11:17:43,936] [    INFO][0m - loss: 0.50308472, learning_rate: 5e-06, global_step: 55, current_memory_allocated: 48.48938226699829, current_memory_reserved: 59.31422138214111, max_memory_allocated: 56.16113495826721, max_memory_reserved: 59.96877646446228, interval_runtime: 10.9267, interval_samples_per_second: 0.3661, interval_steps_per_second: 0.0915, global_norm: 1.0327088832855225, ppl: 1.653814966451775, progress_or_epoch: 0.55, cpu_used_memory: 1041.1, cpu_available_memory: 1222.07[0m
[32m[2026-04-17 11:17:43,938] [    INFO][0m - [DataLoad global_step: 55] data_load_time: 0.33 ms (accumulated over 4 micro-batches)[0m
[32m[2026-04-17 11:17:54,876] [    INFO][0m - loss: 0.49671125, learning_rate: 4.889e-06, global_step: 56, current_memory_allocated: 48.48938226699829, current_memory_reserved: 59.31422138214111, max_memory_allocated: 56.16113495826721, max_memory_reserved: 59.96877646446228, interval_runtime: 10.9205, interval_samples_per_second: 0.3663, interval_steps_per_second: 0.0916, global_norm: 1.163322925567627, ppl: 1.6433079450376535, progress_or_epoch: 0.56, cpu_used_memory: 1041.1, cpu_available_memory: 1222.07[0m
[32m[2026-04-17 11:17:54,879] [    INFO][0m - [DataLoad global_step: 56] data_load_time: 0.32 ms (accumulated over 4 micro-batches)[0m
[32m[2026-04-17 11:18:06,529] [    INFO][0m - loss: 0.47258931, learning_rate: 4.778e-06, global_step: 57, current_memory_allocated: 48.48938226699829, current_memory_reserved: 59.31422138214111, max_memory_allocated: 56.16113495826721, max_memory_reserved: 59.96877646446228, interval_runtime: 10.9407, interval_samples_per_second: 0.3656, interval_steps_per_second: 0.0914, global_norm: 1.1016323566436768, ppl: 1.6041424424156956, progress_or_epoch: 0.57, cpu_used_memory: 1041.12, cpu_available_memory: 1222.05[0m
[32m[2026-04-17 11:18:06,531] [    INFO][0m - [DataLoad global_step: 57] data_load_time: 0.47 ms (accumulated over 4 micro-batches)[0m
[32m[2026-04-17 11:18:17,452] [    INFO][0m - loss: 0.47218317, learning_rate: 4.667e-06, global_step: 58, current_memory_allocated: 48.48938226699829, current_memory_reserved: 59.31422138214111, max_memory_allocated: 56.16113495826721, max_memory_reserved: 59.96877646446228, interval_runtime: 11.6502, interval_samples_per_second: 0.3433, interval_steps_per_second: 0.0858, global_norm: 1.0158361196517944, ppl: 1.6034910682876307, progress_or_epoch: 0.58, cpu_used_memory: 1041.12, cpu_available_memory: 1222.04[0m
[32m[2026-04-17 11:18:17,456] [    INFO][0m - [DataLoad global_step: 58] data_load_time: 1.27 ms (accumulated over 4 micro-batches)[0m
[32m[2026-04-17 11:18:28,380] [    INFO][0m - loss: 0.64355075, learning_rate: 4.556e-06, global_step: 59, current_memory_allocated: 48.48938226699829, current_memory_reserved: 59.31422138214111, max_memory_allocated: 56.16113495826721, max_memory_reserved: 59.96877646446228, interval_runtime: 10.9316, interval_samples_per_second: 0.3659, interval_steps_per_second: 0.0915, global_norm: 1.3171635866165161, ppl: 1.9032267781998022, progress_or_epoch: 0.59, cpu_used_memory: 1041.12, cpu_available_memory: 1222.05[0m
[32m[2026-04-17 11:18:28,381] [    INFO][0m - [DataLoad global_step: 59] data_load_time: 0.32 ms (accumulated over 4 micro-batches)[0m
[32m[2026-04-17 11:18:40,028] [    INFO][0m - loss: 0.69060361, learning_rate: 4.444e-06, global_step: 60, current_memory_allocated: 48.48938226699829, current_memory_reserved: 59.31422138214111, max_memory_allocated: 56.16113495826721, max_memory_reserved: 59.96877646446228, interval_runtime: 10.9134, interval_samples_per_second: 0.3665, interval_steps_per_second: 0.0916, global_norm: 1.2528955936431885, ppl: 1.9949193231493663, progress_or_epoch: 0.6, cpu_used_memory: 1041.12, cpu_available_memory: 1222.05[0m
[32m[2026-04-17 11:18:40,055] [    INFO][0m - [DataLoad global_step: 60] data_load_time: 0.31 ms (accumulated over 4 micro-batches)[0m
[32m[2026-04-17 11:18:51,027] [    INFO][0m - loss: 0.60839325, learning_rate: 4.333e-06, global_step: 61, current_memory_allocated: 48.48938226699829, current_memory_reserved: 59.31422138214111, max_memory_allocated: 56.16113495826721, max_memory_reserved: 59.96877646446228, interval_runtime: 11.7331, interval_samples_per_second: 0.3409, interval_steps_per_second: 0.0852, global_norm: 1.219308614730835, ppl: 1.8374766600305632, progress_or_epoch: 0.61, cpu_used_memory: 1041.12, cpu_available_memory: 1222.04[0m
[32m[2026-04-17 11:18:51,029] [    INFO][0m - [DataLoad global_step: 61] data_load_time: 0.41 ms (accumulated over 4 micro-batches)[0m
[32m[2026-04-17 11:19:01,969] [    INFO][0m - loss: 0.60598767, learning_rate: 4.222e-06, global_step: 62, current_memory_allocated: 48.48938226699829, current_memory_reserved: 59.31422138214111, max_memory_allocated: 56.16113495826721, max_memory_reserved: 59.96877646446228, interval_runtime: 10.9093, interval_samples_per_second: 0.3667, interval_steps_per_second: 0.0917, global_norm: 1.1819076538085938, ppl: 1.83306177523502, progress_or_epoch: 0.62, cpu_used_memory: 1041.13, cpu_available_memory: 1222.04[0m
[32m[2026-04-17 11:19:01,971] [    INFO][0m - [DataLoad global_step: 62] data_load_time: 2.22 ms (accumulated over 4 micro-batches)[0m
[32m[2026-04-17 11:19:13,158] [    INFO][0m - loss: 0.60825104, learning_rate: 4.111e-06, global_step: 63, current_memory_allocated: 48.48938226699829, current_memory_reserved: 59.31422138214111, max_memory_allocated: 56.16113495826721, max_memory_reserved: 59.96877646446228, interval_runtime: 10.9619, interval_samples_per_second: 0.3649, interval_steps_per_second: 0.0912, global_norm: 1.1858041286468506, ppl: 1.8372153710541332, progress_or_epoch: 0.63, cpu_used_memory: 1041.12, cpu_available_memory: 1222.05[0m
[32m[2026-04-17 11:19:13,172] [    INFO][0m - [DataLoad global_step: 63] data_load_time: 1.33 ms (accumulated over 4 micro-batches)[0m
[32m[2026-04-17 11:19:24,178] [    INFO][0m - loss: 0.63523722, learning_rate: 4e-06, global_step: 64, current_memory_allocated: 48.48938226699829, current_memory_reserved: 59.31422138214111, max_memory_allocated: 56.16113495826721, max_memory_reserved: 59.96877646446228, interval_runtime: 11.0166, interval_samples_per_second: 0.3631, interval_steps_per_second: 0.0908, global_norm: 1.1058984994888306, ppl: 1.8874698339498417, progress_or_epoch: 0.64, cpu_used_memory: 1041.12, cpu_available_memory: 1222.05[0m
[32m[2026-04-17 11:19:24,180] [    INFO][0m - [DataLoad global_step: 64] data_load_time: 0.31 ms (accumulated over 4 micro-batches)[0m
[32m[2026-04-17 11:19:35,146] [    INFO][0m - loss: 0.57094157, learning_rate: 3.889e-06, global_step: 65, current_memory_allocated: 48.48938226699829, current_memory_reserved: 59.31422138214111, max_memory_allocated: 56.16113495826721, max_memory_reserved: 59.96877646446228, interval_runtime: 10.9628, interval_samples_per_second: 0.3649, interval_steps_per_second: 0.0912, global_norm: 1.0864564180374146, ppl: 1.7699327827195936, progress_or_epoch: 0.65, cpu_used_memory: 1041.13, cpu_available_memory: 1222.04[0m
[32m[2026-04-17 11:19:35,150] [    INFO][0m - [DataLoad global_step: 65] data_load_time: 0.31 ms (accumulated over 4 micro-batches)[0m
[32m[2026-04-17 11:19:46,743] [    INFO][0m - loss: 0.57518005, learning_rate: 3.778e-06, global_step: 66, current_memory_allocated: 48.48938226699829, current_memory_reserved: 59.31422138214111, max_memory_allocated: 56.16113495826721, max_memory_reserved: 59.96877646446228, interval_runtime: 10.9655, interval_samples_per_second: 0.3648, interval_steps_per_second: 0.0912, global_norm: 1.0571705102920532, ppl: 1.7774505280726491, progress_or_epoch: 0.66, cpu_used_memory: 1041.13, cpu_available_memory: 1222.04[0m
[32m[2026-04-17 11:19:46,748] [    INFO][0m - [DataLoad global_step: 66] data_load_time: 0.28 ms (accumulated over 4 micro-batches)[0m
[32m[2026-04-17 11:19:57,699] [    INFO][0m - loss: 0.49685293, learning_rate: 3.667e-06, global_step: 67, current_memory_allocated: 48.48938226699829, current_memory_reserved: 59.31422138214111, max_memory_allocated: 56.16113495826721, max_memory_reserved: 59.96877646446228, interval_runtime: 11.6026, interval_samples_per_second: 0.3448, interval_steps_per_second: 0.0862, global_norm: 1.0868473052978516, ppl: 1.6435407854013284, progress_or_epoch: 0.67, cpu_used_memory: 1041.13, cpu_available_memory: 1222.04[0m
[32m[2026-04-17 11:19:57,701] [    INFO][0m - [DataLoad global_step: 67] data_load_time: 0.31 ms (accumulated over 4 micro-batches)[0m
[32m[2026-04-17 11:20:08,639] [    INFO][0m - loss: 0.5671078, learning_rate: 3.556e-06, global_step: 68, current_memory_allocated: 48.48938226699829, current_memory_reserved: 59.31422138214111, max_memory_allocated: 56.16113495826721, max_memory_reserved: 59.96877646446228, interval_runtime: 10.9416, interval_samples_per_second: 0.3656, interval_steps_per_second: 0.0914, global_norm: 1.0849248170852661, ppl: 1.7631602579614027, progress_or_epoch: 0.68, cpu_used_memory: 1041.13, cpu_available_memory: 1222.04[0m
[32m[2026-04-17 11:20:08,640] [    INFO][0m - [DataLoad global_step: 68] data_load_time: 0.28 ms (accumulated over 4 micro-batches)[0m
[32m[2026-04-17 11:20:19,660] [    INFO][0m - loss: 0.51665354, learning_rate: 3.444e-06, global_step: 69, current_memory_allocated: 48.48938226699829, current_memory_reserved: 59.31422138214111, max_memory_allocated: 56.16113495826721, max_memory_reserved: 59.96877646446228, interval_runtime: 10.944, interval_samples_per_second: 0.3655, interval_steps_per_second: 0.0914, global_norm: 0.9906428456306458, ppl: 1.6764082192940475, progress_or_epoch: 0.69, cpu_used_memory: 1041.13, cpu_available_memory: 1222.04[0m
[32m[2026-04-17 11:20:19,664] [    INFO][0m - [DataLoad global_step: 69] data_load_time: 0.27 ms (accumulated over 4 micro-batches)[0m
[32m[2026-04-17 11:20:30,624] [    INFO][0m - loss: 0.48960203, learning_rate: 3.333e-06, global_step: 70, current_memory_allocated: 48.48938226699829, current_memory_reserved: 59.31422138214111, max_memory_allocated: 56.16113495826721, max_memory_reserved: 59.96877646446228, interval_runtime: 11.0248, interval_samples_per_second: 0.3628, interval_steps_per_second: 0.0907, global_norm: 1.0515995025634766, ppl: 1.6316667363153976, progress_or_epoch: 0.7, cpu_used_memory: 1041.13, cpu_available_memory: 1222.04[0m
[32m[2026-04-17 11:20:30,630] [    INFO][0m - [DataLoad global_step: 70] data_load_time: 0.28 ms (accumulated over 4 micro-batches)[0m
[32m[2026-04-17 11:20:41,625] [    INFO][0m - loss: 0.44064265, learning_rate: 3.222e-06, global_step: 71, current_memory_allocated: 48.48938226699829, current_memory_reserved: 59.31422138214111, max_memory_allocated: 56.16113495826721, max_memory_reserved: 59.96877646446228, interval_runtime: 10.9747, interval_samples_per_second: 0.3645, interval_steps_per_second: 0.0911, global_norm: 0.9954609274864197, ppl: 1.55370538650729, progress_or_epoch: 0.71, cpu_used_memory: 1041.15, cpu_available_memory: 1222.02[0m
[32m[2026-04-17 11:20:41,630] [    INFO][0m - [DataLoad global_step: 71] data_load_time: 0.28 ms (accumulated over 4 micro-batches)[0m
[32m[2026-04-17 11:20:52,585] [    INFO][0m - loss: 0.45704508, learning_rate: 3.111e-06, global_step: 72, current_memory_allocated: 48.48938226699829, current_memory_reserved: 59.31422138214111, max_memory_allocated: 56.16113495826721, max_memory_reserved: 59.96877646446228, interval_runtime: 10.9979, interval_samples_per_second: 0.3637, interval_steps_per_second: 0.0909, global_norm: 1.0731091499328613, ppl: 1.5794000820003282, progress_or_epoch: 0.72, cpu_used_memory: 1041.16, cpu_available_memory: 1222.01[0m
[32m[2026-04-17 11:20:52,617] [    INFO][0m - [DataLoad global_step: 72] data_load_time: 0.29 ms (accumulated over 4 micro-batches)[0m
[32m[2026-04-17 11:21:03,652] [    INFO][0m - loss: 0.55788356, learning_rate: 3e-06, global_step: 73, current_memory_allocated: 48.48938226699829, current_memory_reserved: 59.31422138214111, max_memory_allocated: 56.16113495826721, max_memory_reserved: 59.96877646446228, interval_runtime: 11.0467, interval_samples_per_second: 0.3621, interval_steps_per_second: 0.0905, global_norm: 0.9735940098762512, ppl: 1.7469712251345748, progress_or_epoch: 0.73, cpu_used_memory: 1041.16, cpu_available_memory: 1222.01[0m
[32m[2026-04-17 11:21:03,655] [    INFO][0m - [DataLoad global_step: 73] data_load_time: 0.27 ms (accumulated over 4 micro-batches)[0m
[32m[2026-04-17 11:21:14,623] [    INFO][0m - loss: 0.63835275, learning_rate: 2.889e-06, global_step: 74, current_memory_allocated: 48.48938226699829, current_memory_reserved: 59.31422138214111, max_memory_allocated: 56.16113495826721, max_memory_reserved: 59.96877646446228, interval_runtime: 10.9651, interval_samples_per_second: 0.3648, interval_steps_per_second: 0.0912, global_norm: 1.2134076356887817, ppl: 1.8933594727507999, progress_or_epoch: 0.74, cpu_used_memory: 1041.16, cpu_available_memory: 1222.01[0m
[32m[2026-04-17 11:21:14,626] [    INFO][0m - [DataLoad global_step: 74] data_load_time: 0.27 ms (accumulated over 4 micro-batches)[0m
[32m[2026-04-17 11:21:25,610] [    INFO][0m - loss: 0.66815174, learning_rate: 2.778e-06, global_step: 75, current_memory_allocated: 48.48938226699829, current_memory_reserved: 59.31422138214111, max_memory_allocated: 56.16113495826721, max_memory_reserved: 59.96877646446228, interval_runtime: 10.9801, interval_samples_per_second: 0.3643, interval_steps_per_second: 0.0911, global_norm: 1.228832483291626, ppl: 1.950628717811098, progress_or_epoch: 0.75, cpu_used_memory: 1041.17, cpu_available_memory: 1222.0[0m
[32m[2026-04-17 11:21:25,655] [    INFO][0m - [DataLoad global_step: 75] data_load_time: 0.27 ms (accumulated over 4 micro-batches)[0m
[32m[2026-04-17 11:21:36,597] [    INFO][0m - loss: 0.62415695, learning_rate: 2.667e-06, global_step: 76, current_memory_allocated: 48.48938226699829, current_memory_reserved: 59.31422138214111, max_memory_allocated: 56.16113495826721, max_memory_reserved: 59.96877646446228, interval_runtime: 11.0172, interval_samples_per_second: 0.3631, interval_steps_per_second: 0.0908, global_norm: 1.127999186515808, ppl: 1.8666715964035878, progress_or_epoch: 0.76, cpu_used_memory: 1041.17, cpu_available_memory: 1222.0[0m
[32m[2026-04-17 11:21:36,599] [    INFO][0m - [DataLoad global_step: 76] data_load_time: 0.27 ms (accumulated over 4 micro-batches)[0m
[32m[2026-04-17 11:21:47,558] [    INFO][0m - loss: 0.54678386, learning_rate: 2.556e-06, global_step: 77, current_memory_allocated: 48.48938226699829, current_memory_reserved: 59.31422138214111, max_memory_allocated: 56.16113495826721, max_memory_reserved: 59.96877646446228, interval_runtime: 10.9488, interval_samples_per_second: 0.3653, interval_steps_per_second: 0.0913, global_norm: 1.0160861015319824, ppl: 1.7276875879046656, progress_or_epoch: 0.77, cpu_used_memory: 1041.17, cpu_available_memory: 1222.0[0m
[32m[2026-04-17 11:21:47,560] [    INFO][0m - [DataLoad global_step: 77] data_load_time: 0.28 ms (accumulated over 4 micro-batches)[0m
[32m[2026-04-17 11:21:58,567] [    INFO][0m - loss: 0.59779942, learning_rate: 2.444e-06, global_step: 78, current_memory_allocated: 48.48938226699829, current_memory_reserved: 59.31422138214111, max_memory_allocated: 56.16113495826721, max_memory_reserved: 59.96877646446228, interval_runtime: 10.9596, interval_samples_per_second: 0.365, interval_steps_per_second: 0.0912, global_norm: 1.040975570678711, ppl: 1.8181134908191405, progress_or_epoch: 0.78, cpu_used_memory: 1041.17, cpu_available_memory: 1222.0[0m
[32m[2026-04-17 11:21:58,569] [    INFO][0m - [DataLoad global_step: 78] data_load_time: 0.27 ms (accumulated over 4 micro-batches)[0m
[32m[2026-04-17 11:22:09,526] [    INFO][0m - loss: 0.56193531, learning_rate: 2.333e-06, global_step: 79, current_memory_allocated: 48.48938226699829, current_memory_reserved: 59.31422138214111, max_memory_allocated: 56.16113495826721, max_memory_reserved: 59.96877646446228, interval_runtime: 11.0132, interval_samples_per_second: 0.3632, interval_steps_per_second: 0.0908, global_norm: 1.0411107540130615, ppl: 1.7540638749147441, progress_or_epoch: 0.79, cpu_used_memory: 1041.17, cpu_available_memory: 1222.0[0m
[32m[2026-04-17 11:22:09,528] [    INFO][0m - [DataLoad global_step: 79] data_load_time: 0.27 ms (accumulated over 4 micro-batches)[0m
[32m[2026-04-17 11:22:20,481] [    INFO][0m - loss: 0.5680759, learning_rate: 2.222e-06, global_step: 80, current_memory_allocated: 48.48938226699829, current_memory_reserved: 59.31422138214111, max_memory_allocated: 56.16113495826721, max_memory_reserved: 59.96877646446228, interval_runtime: 10.9539, interval_samples_per_second: 0.3652, interval_steps_per_second: 0.0913, global_norm: 1.02678644657135, ppl: 1.7648679999062464, progress_or_epoch: 0.8, cpu_used_memory: 1041.17, cpu_available_memory: 1222.0[0m
[32m[2026-04-17 11:22:20,483] [    INFO][0m - [DataLoad global_step: 80] data_load_time: 0.28 ms (accumulated over 4 micro-batches)[0m
[32m[2026-04-17 11:22:31,430] [    INFO][0m - loss: 0.52222401, learning_rate: 2.111e-06, global_step: 81, current_memory_allocated: 48.48938226699829, current_memory_reserved: 59.31422138214111, max_memory_allocated: 56.16113495826721, max_memory_reserved: 59.96877646446228, interval_runtime: 10.9601, interval_samples_per_second: 0.365, interval_steps_per_second: 0.0912, global_norm: 0.9495172500610352, ppl: 1.6857726589374549, progress_or_epoch: 0.81, cpu_used_memory: 1041.17, cpu_available_memory: 1222.0[0m
[32m[2026-04-17 11:22:31,475] [    INFO][0m - [DataLoad global_step: 81] data_load_time: 0.27 ms (accumulated over 4 micro-batches)[0m
[32m[2026-04-17 11:22:42,536] [    INFO][0m - loss: 0.52566177, learning_rate: 2e-06, global_step: 82, current_memory_allocated: 48.48938226699829, current_memory_reserved: 59.31422138214111, max_memory_allocated: 56.16113495826721, max_memory_reserved: 59.96877646446228, interval_runtime: 11.0376, interval_samples_per_second: 0.3624, interval_steps_per_second: 0.0906, global_norm: 1.073108434677124, ppl: 1.6915779135722295, progress_or_epoch: 0.82, cpu_used_memory: 1041.17, cpu_available_memory: 1222.0[0m
[32m[2026-04-17 11:22:42,539] [    INFO][0m - [DataLoad global_step: 82] data_load_time: 0.27 ms (accumulated over 4 micro-batches)[0m
[32m[2026-04-17 11:22:53,528] [    INFO][0m - loss: 0.50365067, learning_rate: 1.889e-06, global_step: 83, current_memory_allocated: 48.48938226699829, current_memory_reserved: 59.31422138214111, max_memory_allocated: 56.16113495826721, max_memory_reserved: 59.96877646446228, interval_runtime: 11.0293, interval_samples_per_second: 0.3627, interval_steps_per_second: 0.0907, global_norm: 0.9728766083717346, ppl: 1.6547512079399835, progress_or_epoch: 0.83, cpu_used_memory: 1041.17, cpu_available_memory: 1222.0[0m
[32m[2026-04-17 11:22:53,530] [    INFO][0m - [DataLoad global_step: 83] data_load_time: 0.28 ms (accumulated over 4 micro-batches)[0m
[32m[2026-04-17 11:23:04,471] [    INFO][0m - loss: 0.46816576, learning_rate: 1.778e-06, global_step: 84, current_memory_allocated: 48.48938226699829, current_memory_reserved: 59.31422138214111, max_memory_allocated: 56.16113495826721, max_memory_reserved: 59.96877646446228, interval_runtime: 10.9759, interval_samples_per_second: 0.3644, interval_steps_per_second: 0.0911, global_norm: 0.9813869595527649, ppl: 1.5970621097628384, progress_or_epoch: 0.84, cpu_used_memory: 1041.17, cpu_available_memory: 1222.0[0m
[32m[2026-04-17 11:23:04,498] [    INFO][0m - [DataLoad global_step: 84] data_load_time: 0.26 ms (accumulated over 4 micro-batches)[0m
[32m[2026-04-17 11:23:15,488] [    INFO][0m - loss: 0.46419838, learning_rate: 1.667e-06, global_step: 85, current_memory_allocated: 48.48938226699829, current_memory_reserved: 59.31422138214111, max_memory_allocated: 56.16113495826721, max_memory_reserved: 59.96877646446228, interval_runtime: 11.0098, interval_samples_per_second: 0.3633, interval_steps_per_second: 0.0908, global_norm: 1.0170656442642212, ppl: 1.5907385098462339, progress_or_epoch: 0.85, cpu_used_memory: 1041.19, cpu_available_memory: 1221.98[0m
[32m[2026-04-17 11:23:15,490] [    INFO][0m - [DataLoad global_step: 85] data_load_time: 0.27 ms (accumulated over 4 micro-batches)[0m
[32m[2026-04-17 11:23:26,456] [    INFO][0m - loss: 0.42425987, learning_rate: 1.556e-06, global_step: 86, current_memory_allocated: 48.48938226699829, current_memory_reserved: 59.31422138214111, max_memory_allocated: 56.16113495826721, max_memory_reserved: 59.96877646446228, interval_runtime: 10.9638, interval_samples_per_second: 0.3648, interval_steps_per_second: 0.0912, global_norm: 1.1170257329940796, ppl: 1.5284587427517498, progress_or_epoch: 0.86, cpu_used_memory: 1041.19, cpu_available_memory: 1221.98[0m
[32m[2026-04-17 11:23:26,459] [    INFO][0m - [DataLoad global_step: 86] data_load_time: 0.26 ms (accumulated over 4 micro-batches)[0m
[32m[2026-04-17 11:23:37,413] [    INFO][0m - loss: 0.53376567, learning_rate: 1.444e-06, global_step: 87, current_memory_allocated: 48.48938226699829, current_memory_reserved: 59.31422138214111, max_memory_allocated: 56.16113495826721, max_memory_reserved: 59.96877646446228, interval_runtime: 10.9574, interval_samples_per_second: 0.365, interval_steps_per_second: 0.0913, global_norm: 1.1513824462890625, ppl: 1.7053419878392748, progress_or_epoch: 0.87, cpu_used_memory: 1041.2, cpu_available_memory: 1221.97[0m
[32m[2026-04-17 11:23:37,417] [    INFO][0m - [DataLoad global_step: 87] data_load_time: 0.27 ms (accumulated over 4 micro-batches)[0m
[32m[2026-04-17 11:23:48,441] [    INFO][0m - loss: 0.62909603, learning_rate: 1.333e-06, global_step: 88, current_memory_allocated: 48.48938226699829, current_memory_reserved: 59.31422138214111, max_memory_allocated: 56.16113495826721, max_memory_reserved: 59.96877646446228, interval_runtime: 10.995, interval_samples_per_second: 0.3638, interval_steps_per_second: 0.091, global_norm: 1.0576062202453613, ppl: 1.8759140425536796, progress_or_epoch: 0.88, cpu_used_memory: 1041.2, cpu_available_memory: 1221.97[0m
[32m[2026-04-17 11:23:48,443] [    INFO][0m - [DataLoad global_step: 88] data_load_time: 0.26 ms (accumulated over 4 micro-batches)[0m
[32m[2026-04-17 11:23:59,392] [    INFO][0m - loss: 0.58249247, learning_rate: 1.222e-06, global_step: 89, current_memory_allocated: 48.48938226699829, current_memory_reserved: 59.31422138214111, max_memory_allocated: 56.16113495826721, max_memory_reserved: 59.96877646446228, interval_runtime: 10.9828, interval_samples_per_second: 0.3642, interval_steps_per_second: 0.0911, global_norm: 1.0420347452163696, ppl: 1.7904956303682367, progress_or_epoch: 0.89, cpu_used_memory: 1041.2, cpu_available_memory: 1221.97[0m
[32m[2026-04-17 11:23:59,394] [    INFO][0m - [DataLoad global_step: 89] data_load_time: 0.26 ms (accumulated over 4 micro-batches)[0m
[32m[2026-04-17 11:24:10,363] [    INFO][0m - loss: 0.63647479, learning_rate: 1.111e-06, global_step: 90, current_memory_allocated: 48.48938226699829, current_memory_reserved: 59.31422138214111, max_memory_allocated: 56.16113495826721, max_memory_reserved: 59.96877646446228, interval_runtime: 10.9458, interval_samples_per_second: 0.3654, interval_steps_per_second: 0.0914, global_norm: 1.0638182163238525, ppl: 1.8898071559937475, progress_or_epoch: 0.9, cpu_used_memory: 1041.2, cpu_available_memory: 1221.97[0m
[32m[2026-04-17 11:24:10,412] [    INFO][0m - [DataLoad global_step: 90] data_load_time: 0.27 ms (accumulated over 4 micro-batches)[0m
[32m[2026-04-17 11:24:21,423] [    INFO][0m - loss: 0.54906005, learning_rate: 1e-06, global_step: 91, current_memory_allocated: 48.48938226699829, current_memory_reserved: 59.31422138214111, max_memory_allocated: 56.16113495826721, max_memory_reserved: 59.96877646446228, interval_runtime: 11.0868, interval_samples_per_second: 0.3608, interval_steps_per_second: 0.0902, global_norm: 1.060036063194275, ppl: 1.7316246121231327, progress_or_epoch: 0.91, cpu_used_memory: 1041.2, cpu_available_memory: 1221.97[0m
[32m[2026-04-17 11:24:21,425] [    INFO][0m - [DataLoad global_step: 91] data_load_time: 0.27 ms (accumulated over 4 micro-batches)[0m
[32m[2026-04-17 11:24:32,373] [    INFO][0m - loss: 0.60727131, learning_rate: 8.889e-07, global_step: 92, current_memory_allocated: 48.48938226699829, current_memory_reserved: 59.31422138214111, max_memory_allocated: 56.16113495826721, max_memory_reserved: 59.96877646446228, interval_runtime: 10.945, interval_samples_per_second: 0.3655, interval_steps_per_second: 0.0914, global_norm: 1.0629727840423584, ppl: 1.8354162774955247, progress_or_epoch: 0.92, cpu_used_memory: 1041.2, cpu_available_memory: 1221.97[0m
[32m[2026-04-17 11:24:32,375] [    INFO][0m - [DataLoad global_step: 92] data_load_time: 0.26 ms (accumulated over 4 micro-batches)[0m
[32m[2026-04-17 11:24:43,320] [    INFO][0m - loss: 0.54018581, learning_rate: 7.778e-07, global_step: 93, current_memory_allocated: 48.48938226699829, current_memory_reserved: 59.31422138214111, max_memory_allocated: 56.16113495826721, max_memory_reserved: 59.96877646446228, interval_runtime: 10.9517, interval_samples_per_second: 0.3652, interval_steps_per_second: 0.0913, global_norm: 0.9790387749671936, ppl: 1.71632574304463, progress_or_epoch: 0.93, cpu_used_memory: 1041.2, cpu_available_memory: 1221.97[0m
[32m[2026-04-17 11:24:43,324] [    INFO][0m - [DataLoad global_step: 93] data_load_time: 0.26 ms (accumulated over 4 micro-batches)[0m
[32m[2026-04-17 11:24:54,285] [    INFO][0m - loss: 0.54715335, learning_rate: 6.667e-07, global_step: 94, current_memory_allocated: 48.48938226699829, current_memory_reserved: 59.31422138214111, max_memory_allocated: 56.16113495826721, max_memory_reserved: 59.96877646446228, interval_runtime: 10.9494, interval_samples_per_second: 0.3653, interval_steps_per_second: 0.0913, global_norm: 1.0247269868850708, ppl: 1.7283260691404723, progress_or_epoch: 0.94, cpu_used_memory: 1041.2, cpu_available_memory: 1221.97[0m
[32m[2026-04-17 11:24:54,288] [    INFO][0m - [DataLoad global_step: 94] data_load_time: 0.26 ms (accumulated over 4 micro-batches)[0m
[32m[2026-04-17 11:25:05,264] [    INFO][0m - loss: 0.56903768, learning_rate: 5.556e-07, global_step: 95, current_memory_allocated: 48.48938226699829, current_memory_reserved: 59.31422138214111, max_memory_allocated: 56.16113495826721, max_memory_reserved: 59.96877646446228, interval_runtime: 10.9685, interval_samples_per_second: 0.3647, interval_steps_per_second: 0.0912, global_norm: 1.0730772018432617, ppl: 1.7665662311827266, progress_or_epoch: 0.95, cpu_used_memory: 1041.2, cpu_available_memory: 1221.97[0m
[32m[2026-04-17 11:25:05,267] [    INFO][0m - [DataLoad global_step: 95] data_load_time: 0.27 ms (accumulated over 4 micro-batches)[0m
[32m[2026-04-17 11:25:16,228] [    INFO][0m - loss: 0.48808676, learning_rate: 4.444e-07, global_step: 96, current_memory_allocated: 48.48938226699829, current_memory_reserved: 59.31422138214111, max_memory_allocated: 56.16113495826721, max_memory_reserved: 59.96877646446228, interval_runtime: 10.9706, interval_samples_per_second: 0.3646, interval_steps_per_second: 0.0912, global_norm: 0.9264497756958008, ppl: 1.6291961929027257, progress_or_epoch: 0.96, cpu_used_memory: 1041.2, cpu_available_memory: 1221.96[0m
[32m[2026-04-17 11:25:16,229] [    INFO][0m - [DataLoad global_step: 96] data_load_time: 0.26 ms (accumulated over 4 micro-batches)[0m
[32m[2026-04-17 11:25:27,176] [    INFO][0m - loss: 0.49697155, learning_rate: 3.333e-07, global_step: 97, current_memory_allocated: 48.48938226699829, current_memory_reserved: 59.31422138214111, max_memory_allocated: 56.16113495826721, max_memory_reserved: 59.96877646446228, interval_runtime: 10.9625, interval_samples_per_second: 0.3649, interval_steps_per_second: 0.0912, global_norm: 0.9535881280899048, ppl: 1.6437357537726383, progress_or_epoch: 0.97, cpu_used_memory: 1041.21, cpu_available_memory: 1221.96[0m
[32m[2026-04-17 11:25:27,178] [    INFO][0m - [DataLoad global_step: 97] data_load_time: 0.26 ms (accumulated over 4 micro-batches)[0m
[32m[2026-04-17 11:25:38,133] [    INFO][0m - loss: 0.45921138, learning_rate: 2.222e-07, global_step: 98, current_memory_allocated: 48.48938226699829, current_memory_reserved: 59.31422138214111, max_memory_allocated: 56.16113495826721, max_memory_reserved: 59.96877646446228, interval_runtime: 10.9529, interval_samples_per_second: 0.3652, interval_steps_per_second: 0.0913, global_norm: 0.8848933577537537, ppl: 1.5828252450238114, progress_or_epoch: 0.98, cpu_used_memory: 1041.21, cpu_available_memory: 1221.96[0m
[32m[2026-04-17 11:25:38,135] [    INFO][0m - [DataLoad global_step: 98] data_load_time: 0.26 ms (accumulated over 4 micro-batches)[0m
[32m[2026-04-17 11:25:49,103] [    INFO][0m - loss: 0.48672092, learning_rate: 1.111e-07, global_step: 99, current_memory_allocated: 48.48938226699829, current_memory_reserved: 59.31422138214111, max_memory_allocated: 56.16113495826721, max_memory_reserved: 59.96877646446228, interval_runtime: 10.9566, interval_samples_per_second: 0.3651, interval_steps_per_second: 0.0913, global_norm: 0.9437296390533447, ppl: 1.6269724905311314, progress_or_epoch: 0.99, cpu_used_memory: 1041.21, cpu_available_memory: 1221.96[0m
[32m[2026-04-17 11:25:49,114] [    INFO][0m - [DataLoad global_step: 99] data_load_time: 0.26 ms (accumulated over 4 micro-batches)[0m
[32m[2026-04-17 11:26:00,053] [    INFO][0m - loss: 0.45135531, learning_rate: 0.0, global_step: 100, current_memory_allocated: 48.48938226699829, current_memory_reserved: 59.31422138214111, max_memory_allocated: 56.16113495826721, max_memory_reserved: 59.96877646446228, interval_runtime: 10.9687, interval_samples_per_second: 0.3647, interval_steps_per_second: 0.0912, global_norm: 0.9066271781921387, ppl: 1.5704391757182656, progress_or_epoch: 1.0, cpu_used_memory: 1041.21, cpu_available_memory: 1221.96[0m
[32m[2026-04-17 11:26:00,055] [    INFO][0m - ***** Running Evaluation *****[0m
[32m[2026-04-17 11:26:00,056] [    INFO][0m -   Num examples: Unknown[0m
[32m[2026-04-17 11:26:00,057] [    INFO][0m -   Pre device batch size = 1[0m
[32m[2026-04-17 11:26:00,059] [    INFO][0m -   Total Batch size = 1[0m
[32m[2026-04-17 11:26:00,062] [    INFO][0m - Using binpacking mode for data iteration.[0m
[32m[2026-04-17 11:27:52,395] [    INFO][0m - eval_loss: 0.5263516902923584, eval_runtime: 112.3264, eval_samples_per_second: 22.1141, eval_steps_per_second: 22.1141, eval_ppl: 1.6927453701806023, progress_or_epoch: 1.0, cpu_used_memory: 1041.29, cpu_available_memory: 1221.88[0m
[32m[2026-04-17 11:27:52,402] [    INFO][0m - Saving model checkpoint to ./checkpoints/sft/13b/checkpoint-100[0m
[2026-04-17 11:27:52,958] [    INFO] utils.py:389 - Process 37736 could not acquire the lock; another process is writing or has written the metadata.
[32m[2026-04-17 11:28:12,132] [    INFO][0m - Saving optimizer files.[0m
[2026-04-17 11:29:59,772] [    INFO] utils.py:382 - Process 37736 successfully wrote the metadata to the file.
[2026-04-17 11:30:59,797] [    INFO] utils.py:389 - Process 37736 could not acquire the lock; another process is writing or has written the metadata.
/public/home/baidu_test/hygon_2030/Paddle/build/python/paddle/framework/io.py:1016: UserWarning: The input state dict is empty, no need to save.
  warnings.warn("The input state dict is empty, no need to save.")
[32m[2026-04-17 11:31:00,370] [    INFO][0m - global_save_step: 100, progress_or_epoch: 1.0, cpu_used_memory: 1040.34, cpu_available_memory: 1222.83[0m
[32m[2026-04-17 11:31:00,372] [    INFO][0m - [timelog] checkpoint saving time: 187.86s (2026-04-17 11:31:00) [0m
[32m[2026-04-17 11:31:00,374] [    INFO][0m - [DataLoad global_step: 100] data_load_time: 0.45 ms (accumulated over 4 micro-batches)[0m
[32m[2026-04-17 11:31:00,376] [    INFO][0m - 
Training completed. 
[0m
[32m[2026-04-17 11:31:00,387] [    INFO][0m - train_runtime: 1431.0378, train_samples_per_second: 0.2795, train_steps_per_second: 0.0699, train_loss: 0.6604997751116752, progress_or_epoch: 1.0, cpu_used_memory: 1040.35, cpu_available_memory: 1222.82[0m
[32m[2026-04-17 11:31:00,388] [    INFO][0m - Saving model checkpoint to ./checkpoints/sft/13b[0m
[32m[2026-04-17 11:31:04,870] [    INFO][0m - [Rank 0/4] (Saver) Initializing save. Max shard size set to: 10.00 GB[0m
[32m[2026-04-17 11:31:04,872] [    INFO][0m - [Rank 0/4] Starting to process the weight iterator...[0m
[32m[2026-04-17 11:31:05,059] [    INFO][0m - [Rank 0/4] Assigned to store parameter model.embed_tokens.weight[0m
[32m[2026-04-17 11:31:05,340] [    INFO][0m - [Rank 0/4] Assigned to store parameter model.layers.0.self_attn.o_proj.weight[0m
[32m[2026-04-17 11:31:05,554] [    INFO][0m - [Rank 0/4] Assigned to store parameter model.layers.0.input_layernorm.weight[0m
[32m[2026-04-17 11:31:05,789] [    INFO][0m - [Rank 0/4] Assigned to store parameter model.layers.1.self_attn.v_proj.weight[0m
[32m[2026-04-17 11:31:06,110] [    INFO][0m - [Rank 0/4] Assigned to store parameter model.layers.1.mlp.down_proj.weight[0m
[32m[2026-04-17 11:31:06,287] [    INFO][0m - [Rank 0/4] Assigned to store parameter model.layers.2.self_attn.k_proj.weight[0m
[32m[2026-04-17 11:31:06,533] [    INFO][0m - [Rank 0/4] Assigned to store parameter model.layers.2.mlp.up_proj.weight[0m
[32m[2026-04-17 11:31:06,750] [    INFO][0m - [Rank 0/4] Assigned to store parameter model.layers.3.self_attn.q_proj.weight[0m
[32m[2026-04-17 11:31:06,917] [    INFO][0m - [Rank 0/4] Assigned to store parameter model.layers.3.mlp.gate_proj.weight[0m
[32m[2026-04-17 11:31:07,097] [    INFO][0m - [Rank 0/4] Assigned to store parameter model.layers.3.post_attention_layernorm.weight[0m
[32m[2026-04-17 11:31:07,366] [    INFO][0m - [Rank 0/4] Assigned to store parameter model.layers.4.self_attn.o_proj.weight[0m
[32m[2026-04-17 11:31:07,598] [    INFO][0m - [Rank 0/4] Assigned to store parameter model.layers.4.input_layernorm.weight[0m
[32m[2026-04-17 11:31:07,816] [    INFO][0m - [Rank 0/4] Assigned to store parameter model.layers.5.self_attn.v_proj.weight[0m
[32m[2026-04-17 11:31:08,137] [    INFO][0m - [Rank 0/4] Assigned to store parameter model.layers.5.mlp.down_proj.weight[0m
[32m[2026-04-17 11:31:08,331] [    INFO][0m - [Rank 0/4] Assigned to store parameter model.layers.6.self_attn.k_proj.weight[0m
[32m[2026-04-17 11:31:08,574] [    INFO][0m - [Rank 0/4] Assigned to store parameter model.layers.6.mlp.up_proj.weight[0m
[32m[2026-04-17 11:31:08,748] [    INFO][0m - [Rank 0/4] Assigned to store parameter model.layers.7.self_attn.q_proj.weight[0m
[32m[2026-04-17 11:31:08,922] [    INFO][0m - [Rank 0/4] Assigned to store parameter model.layers.7.mlp.gate_proj.weight[0m
[32m[2026-04-17 11:31:09,093] [    INFO][0m - [Rank 0/4] Assigned to store parameter model.layers.7.post_attention_layernorm.weight[0m
[32m[2026-04-17 11:31:09,355] [    INFO][0m - [Rank 0/4] Assigned to store parameter model.layers.8.self_attn.o_proj.weight[0m
[32m[2026-04-17 11:31:09,614] [    INFO][0m - [Rank 0/4] Assigned to store parameter model.layers.8.input_layernorm.weight[0m
[32m[2026-04-17 11:31:09,810] [    INFO][0m - [Rank 0/4] Assigned to store parameter model.layers.9.self_attn.v_proj.weight[0m
[32m[2026-04-17 11:31:10,132] [    INFO][0m - [Rank 0/4] Assigned to store parameter model.layers.9.mlp.down_proj.weight[0m
[32m[2026-04-17 11:31:10,326] [    INFO][0m - [Rank 0/4] Assigned to store parameter model.layers.10.self_attn.k_proj.weight[0m
[32m[2026-04-17 11:31:10,574] [    INFO][0m - [Rank 0/4] Assigned to store parameter model.layers.10.mlp.up_proj.weight[0m
[32m[2026-04-17 11:31:10,746] [    INFO][0m - [Rank 0/4] Assigned to store parameter model.layers.11.self_attn.q_proj.weight[0m
[32m[2026-04-17 11:31:10,926] [    INFO][0m - [Rank 0/4] Assigned to store parameter model.layers.11.mlp.gate_proj.weight[0m
[32m[2026-04-17 11:31:11,100] [    INFO][0m - [Rank 0/4] Assigned to store parameter model.layers.11.post_attention_layernorm.weight[0m
[32m[2026-04-17 11:31:11,338] [    INFO][0m - [Rank 0/4] Assigned to store parameter model.layers.12.self_attn.o_proj.weight[0m
[32m[2026-04-17 11:31:11,595] [    INFO][0m - [Rank 0/4] Assigned to store parameter model.layers.12.input_layernorm.weight[0m
[32m[2026-04-17 11:31:11,805] [    INFO][0m - [Rank 0/4] Assigned to store parameter model.layers.13.self_attn.v_proj.weight[0m
[32m[2026-04-17 11:31:12,111] [    INFO][0m - [Rank 0/4] Assigned to store parameter model.layers.13.mlp.down_proj.weight[0m
[32m[2026-04-17 11:31:12,312] [    INFO][0m - [Rank 0/4] Assigned to store parameter model.layers.14.self_attn.k_proj.weight[0m
[32m[2026-04-17 11:31:12,553] [    INFO][0m - [Rank 0/4] Assigned to store parameter model.layers.14.mlp.up_proj.weight[0m
[32m[2026-04-17 11:31:12,728] [    INFO][0m - [Rank 0/4] Assigned to store parameter model.layers.15.self_attn.q_proj.weight[0m
[32m[2026-04-17 11:31:12,897] [    INFO][0m - [Rank 0/4] Assigned to store parameter model.layers.15.mlp.gate_proj.weight[0m
[32m[2026-04-17 11:31:13,100] [    INFO][0m - [Rank 0/4] Assigned to store parameter model.layers.15.post_attention_layernorm.weight[0m
[32m[2026-04-17 11:31:13,336] [    INFO][0m - [Rank 0/4] Assigned to store parameter model.layers.16.self_attn.o_proj.weight[0m
[32m[2026-04-17 11:31:13,568] [    INFO][0m - [Rank 0/4] Assigned to store parameter model.layers.16.input_layernorm.weight[0m
[32m[2026-04-17 11:31:13,778] [    INFO][0m - [Rank 0/4] Assigned to store parameter model.layers.17.self_attn.v_proj.weight[0m
[32m[2026-04-17 11:31:14,062] [    INFO][0m - [Rank 0/4] Assigned to store parameter model.layers.17.mlp.down_proj.weight[0m
[32m[2026-04-17 11:31:14,199] [    INFO][0m - [Rank 0/4] Assigned to store parameter model.layers.18.self_attn.k_proj.weight[0m
[32m[2026-04-17 11:31:14,411] [    INFO][0m - [Rank 0/4] Assigned to store parameter model.layers.18.mlp.up_proj.weight[0m
[32m[2026-04-17 11:31:14,562] [    INFO][0m - [Rank 0/4] Assigned to store parameter model.layers.19.self_attn.q_proj.weight[0m
[32m[2026-04-17 11:31:14,714] [    INFO][0m - [Rank 0/4] Assigned to store parameter model.layers.19.mlp.gate_proj.weight[0m
[32m[2026-04-17 11:31:14,874] [    INFO][0m - [Rank 0/4] Assigned to store parameter model.layers.19.post_attention_layernorm.weight[0m
[32m[2026-04-17 11:31:15,079] [    INFO][0m - [Rank 0/4] Assigned to store parameter model.layers.20.self_attn.o_proj.weight[0m
[32m[2026-04-17 11:31:15,373] [    INFO][0m - [Rank 0/4] Assigned to store parameter model.layers.20.input_layernorm.weight[0m
[32m[2026-04-17 11:31:15,461] [    INFO][0m - [Rank 0/4] Assigned to store parameter model.layers.21.self_attn.v_proj.weight[0m
[32m[2026-04-17 11:31:15,771] [    INFO][0m - [Rank 0/4] Assigned to store parameter model.layers.21.mlp.down_proj.weight[0m
[32m[2026-04-17 11:31:15,907] [    INFO][0m - [Rank 0/4] Assigned to store parameter model.layers.22.self_attn.k_proj.weight[0m
[32m[2026-04-17 11:31:16,130] [    INFO][0m - [Rank 0/4] Assigned to store parameter model.layers.22.mlp.up_proj.weight[0m
[32m[2026-04-17 11:31:16,285] [    INFO][0m - [Rank 0/4] Assigned to store parameter model.layers.23.self_attn.q_proj.weight[0m
[32m[2026-04-17 11:31:16,440] [    INFO][0m - [Rank 0/4] Assigned to store parameter model.layers.23.mlp.gate_proj.weight[0m
[32m[2026-04-17 11:31:16,697] [    INFO][0m - [Rank 0/4] Assigned to store parameter model.layers.23.post_attention_layernorm.weight[0m
[32m[2026-04-17 11:31:16,826] [    INFO][0m - [Rank 0/4] Assigned to store parameter model.layers.24.self_attn.o_proj.weight[0m
[32m[2026-04-17 11:31:17,126] [    INFO][0m - [Rank 0/4] Assigned to store parameter model.layers.24.input_layernorm.weight[0m
[32m[2026-04-17 11:31:17,253] [    INFO][0m - [Rank 0/4] Assigned to store parameter model.layers.25.self_attn.v_proj.weight[0m
[32m[2026-04-17 11:31:17,539] [    INFO][0m - [Rank 0/4] Assigned to store parameter model.layers.25.mlp.down_proj.weight[0m
[32m[2026-04-17 11:31:17,667] [    INFO][0m - [Rank 0/4] Assigned to store parameter model.layers.26.self_attn.k_proj.weight[0m
[32m[2026-04-17 11:31:17,870] [    INFO][0m - [Rank 0/4] Assigned to store parameter model.layers.26.mlp.up_proj.weight[0m
[32m[2026-04-17 11:31:18,025] [    INFO][0m - [Rank 0/4] Assigned to store parameter model.layers.27.self_attn.q_proj.weight[0m
[32m[2026-04-17 11:31:18,161] [    INFO][0m - [Rank 0/4] Assigned to store parameter model.layers.27.mlp.gate_proj.weight[0m
[32m[2026-04-17 11:31:18,390] [    INFO][0m - [Rank 0/4] Assigned to store parameter model.layers.27.post_attention_layernorm.weight[0m
[32m[2026-04-17 11:31:18,499] [    INFO][0m - [Rank 0/4] Assigned to store parameter model.layers.28.self_attn.o_proj.weight[0m
[32m[2026-04-17 11:31:18,811] [    INFO][0m - [Rank 0/4] Assigned to store parameter model.layers.28.input_layernorm.weight[0m
[32m[2026-04-17 11:31:18,923] [    INFO][0m - [Rank 0/4] Assigned to store parameter model.layers.29.self_attn.v_proj.weight[0m
[32m[2026-04-17 11:31:19,174] [    INFO][0m - [Rank 0/4] Assigned to store parameter model.layers.29.mlp.down_proj.weight[0m
[32m[2026-04-17 11:31:19,282] [    INFO][0m - [Rank 0/4] Assigned to store parameter model.layers.30.self_attn.k_proj.weight[0m
[32m[2026-04-17 11:31:19,491] [    INFO][0m - [Rank 0/4] Assigned to store parameter model.layers.30.mlp.up_proj.weight[0m
[32m[2026-04-17 11:31:19,616] [    INFO][0m - [Rank 0/4] Assigned to store parameter model.layers.31.self_attn.q_proj.weight[0m
[32m[2026-04-17 11:31:19,753] [    INFO][0m - [Rank 0/4] Assigned to store parameter model.layers.31.mlp.gate_proj.weight[0m
[32m[2026-04-17 11:31:19,755] [    INFO][0m - [Rank 0/4] Saving sub-shard 0... Size: 10035.29 MB, Params: 71, Path: ./checkpoints/sft/13b/shard_0-0.safetensors[0m
[32m[2026-04-17 11:31:26,487] [    INFO][0m - [Rank 0/4] Assigned to store parameter model.layers.31.post_attention_layernorm.weight[0m
[32m[2026-04-17 11:31:26,663] [    INFO][0m - [Rank 0/4] Assigned to store parameter model.layers.32.self_attn.o_proj.weight[0m
[32m[2026-04-17 11:31:27,158] [    INFO][0m - [Rank 0/4] Assigned to store parameter model.layers.32.input_layernorm.weight[0m
[32m[2026-04-17 11:31:27,375] [    INFO][0m - [Rank 0/4] Assigned to store parameter model.layers.33.self_attn.v_proj.weight[0m
[32m[2026-04-17 11:31:49,877] [    INFO][0m - [Rank 0/4] Assigned to store parameter model.layers.33.mlp.down_proj.weight[0m
[32m[2026-04-17 11:31:49,998] [    INFO][0m - [Rank 0/4] Assigned to store parameter model.layers.34.self_attn.k_proj.weight[0m
[32m[2026-04-17 11:31:56,830] [    INFO][0m - [Rank 0/4] Assigned to store parameter model.layers.34.mlp.up_proj.weight[0m
[32m[2026-04-17 11:31:57,073] [    INFO][0m - [Rank 0/4] Assigned to store parameter model.layers.35.self_attn.q_proj.weight[0m
[32m[2026-04-17 11:31:57,305] [    INFO][0m - [Rank 0/4] Assigned to store parameter model.layers.35.mlp.gate_proj.weight[0m
[32m[2026-04-17 11:31:57,666] [    INFO][0m - [Rank 0/4] Assigned to store parameter model.layers.35.post_attention_layernorm.weight[0m
[32m[2026-04-17 11:31:57,869] [    INFO][0m - [Rank 0/4] Assigned to store parameter model.layers.36.self_attn.o_proj.weight[0m
[32m[2026-04-17 11:31:58,245] [    INFO][0m - [Rank 0/4] Assigned to store parameter model.layers.36.input_layernorm.weight[0m
[32m[2026-04-17 11:31:58,376] [    INFO][0m - [Rank 0/4] Assigned to store parameter model.layers.37.self_attn.v_proj.weight[0m
[32m[2026-04-17 11:31:58,685] [    INFO][0m - [Rank 0/4] Assigned to store parameter model.layers.37.mlp.down_proj.weight[0m
[32m[2026-04-17 11:31:58,920] [    INFO][0m - [Rank 0/4] Assigned to store parameter model.layers.38.self_attn.k_proj.weight[0m
[32m[2026-04-17 11:31:59,168] [    INFO][0m - [Rank 0/4] Assigned to store parameter model.layers.38.mlp.up_proj.weight[0m
[32m[2026-04-17 11:31:59,347] [    INFO][0m - [Rank 0/4] Assigned to store parameter model.layers.39.self_attn.q_proj.weight[0m
[32m[2026-04-17 11:31:59,510] [    INFO][0m - [Rank 0/4] Assigned to store parameter model.layers.39.mlp.gate_proj.weight[0m
[32m[2026-04-17 11:31:59,861] [    INFO][0m - [Rank 0/4] Assigned to store parameter model.layers.39.post_attention_layernorm.weight[0m
[32m[2026-04-17 11:31:59,883] [    INFO][0m - [Rank 0/4] Saving sub-shard 1... Size: 2690.10 MB, Params: 20, Path: ./checkpoints/sft/13b/shard_0-1.safetensors[0m
[32m[2026-04-17 11:32:03,217] [    INFO][0m - [Rank 0/4] (Saver) All shards saved successfully.[0m
[32m[2026-04-17 11:32:03,355] [    INFO][0m - Configuration saved in ./checkpoints/sft/13b/config.json[0m
[32m[2026-04-17 11:32:03,365] [    INFO][0m - ***** train metrics *****[0m
[32m[2026-04-17 11:32:03,413] [    INFO][0m -   cpu_available_memory     =    1222.82[0m
[32m[2026-04-17 11:32:03,445] [    INFO][0m -   cpu_used_memory          =    1040.35[0m
[32m[2026-04-17 11:32:03,456] [    INFO][0m -   progress_or_epoch        =        1.0[0m
[32m[2026-04-17 11:32:03,503] [    INFO][0m -   train_loss               =     0.6605[0m
[32m[2026-04-17 11:32:03,544] [    INFO][0m -   train_runtime            = 0:23:51.03[0m
[32m[2026-04-17 11:32:03,564] [    INFO][0m -   train_samples_per_second =     0.2795[0m
[32m[2026-04-17 11:32:03,598] [    INFO][0m -   train_steps_per_second   =     0.0699[0m
LAUNCH INFO 2026-04-17 11:32:11,830 Pod completed
LAUNCH INFO 2026-04-17 11:32:11,833 Exit code 0
