PyTorch was not found. Models won't be available and only tokenizers, configuration and file/data utilities can be used.
[33m[2026-05-12 06:50:38,152] [ WARNING][0m - Due to potential compatibility issues between PaddlePaddle and PyTorch in PaddleFormers, PaddleFormers defaults `transformers.utils.import_utils.is_torch_available` and `transformers.utils.import_utils.is_torchvision_available` to False. If you need to use PyTorch in transformers or torchvision, please add `del sys.modules['transformers']` before using them.[0m
/workspace/py310/lib/python3.10/site-packages/_distutils_hack/__init__.py:30: UserWarning: Setuptools is replacing distutils. Support for replacing an already imported distutils is deprecated. In the future, this condition will fail. Register concerns at https://github.com/pypa/setuptools/issues/new?template=distutils-deprecation.yml
  warnings.warn(
PyTorch was not found. Models won't be available and only tokenizers, configuration and file/data utilities can be used.
/workspace/Paddle/build/python/paddle/distributed/launch/context/args_envs.py:54: UserWarning: Unset 'http_proxy' to ensure stable NCCL communication in distributed training (backed up as 'http_proxy_original').
  warnings.warn(
/workspace/Paddle/build/python/paddle/distributed/launch/context/args_envs.py:54: UserWarning: Unset 'https_proxy' to ensure stable NCCL communication in distributed training (backed up as 'https_proxy_original').
  warnings.warn(
LAUNCH INFO 2026-05-12 06:50:41,227 -----------  Configuration  ----------------------
LAUNCH INFO 2026-05-12 06:50:41,227 auto_cluster_config: 0
LAUNCH INFO 2026-05-12 06:50:41,227 auto_parallel_config: None
LAUNCH INFO 2026-05-12 06:50:41,227 auto_tuner_json: None
LAUNCH INFO 2026-05-12 06:50:41,227 devices: 0,1,2,3
LAUNCH INFO 2026-05-12 06:50:41,227 elastic_level: -1
LAUNCH INFO 2026-05-12 06:50:41,227 elastic_timeout: 30
LAUNCH INFO 2026-05-12 06:50:41,227 enable_gpu_log: True
LAUNCH INFO 2026-05-12 06:50:41,227 gloo_port: 6767
LAUNCH INFO 2026-05-12 06:50:41,227 host: None
LAUNCH INFO 2026-05-12 06:50:41,227 ips: None
LAUNCH INFO 2026-05-12 06:50:41,227 job_id: default
LAUNCH INFO 2026-05-12 06:50:41,227 legacy: False
LAUNCH INFO 2026-05-12 06:50:41,227 log_dir: logs/sft/llama3-8b_gpu.dist
LAUNCH INFO 2026-05-12 06:50:41,227 log_level: INFO
LAUNCH INFO 2026-05-12 06:50:41,227 log_overwrite: False
LAUNCH INFO 2026-05-12 06:50:41,227 master: 127.0.0.1:8080
LAUNCH INFO 2026-05-12 06:50:41,227 max_restart: 3
LAUNCH INFO 2026-05-12 06:50:41,227 nnodes: 1
LAUNCH INFO 2026-05-12 06:50:41,227 nproc_per_node: None
LAUNCH INFO 2026-05-12 06:50:41,227 rank: 0
LAUNCH INFO 2026-05-12 06:50:41,227 run_mode: collective
LAUNCH INFO 2026-05-12 06:50:41,227 server_num: None
LAUNCH INFO 2026-05-12 06:50:41,227 servers: 
LAUNCH INFO 2026-05-12 06:50:41,227 sort_ip: False
LAUNCH INFO 2026-05-12 06:50:41,227 start_port: 6070
LAUNCH INFO 2026-05-12 06:50:41,227 trainer_num: None
LAUNCH INFO 2026-05-12 06:50:41,227 trainers: 
LAUNCH INFO 2026-05-12 06:50:41,227 training_script: /workspace/PaddleFormers/paddleformers/cli/launcher.py
LAUNCH INFO 2026-05-12 06:50:41,227 training_script_args: ['train', 'configs/sft/train_llama3_8b.yaml']
LAUNCH INFO 2026-05-12 06:50:41,227 with_gloo: 1
LAUNCH INFO 2026-05-12 06:50:41,227 --------------------------------------------------
LAUNCH INFO 2026-05-12 06:50:41,228 Job: default, mode collective, replicas 1[1:1], elastic False
LAUNCH INFO 2026-05-12 06:50:41,230 Run Pod: mpsotp, replicas 4, status ready
LAUNCH INFO 2026-05-12 06:50:41,293 Watching Pod: mpsotp, replicas 4, status running
PyTorch was not found. Models won't be available and only tokenizers, configuration and file/data utilities can be used.
[33m[2026-05-12 06:50:43,211] [ WARNING][0m - Due to potential compatibility issues between PaddlePaddle and PyTorch in PaddleFormers, PaddleFormers defaults `transformers.utils.import_utils.is_torch_available` and `transformers.utils.import_utils.is_torchvision_available` to False. If you need to use PyTorch in transformers or torchvision, please add `del sys.modules['transformers']` before using them.[0m
/workspace/py310/lib/python3.10/site-packages/_distutils_hack/__init__.py:30: UserWarning: Setuptools is replacing distutils. Support for replacing an already imported distutils is deprecated. In the future, this condition will fail. Register concerns at https://github.com/pypa/setuptools/issues/new?template=distutils-deprecation.yml
  warnings.warn(
PyTorch was not found. Models won't be available and only tokenizers, configuration and file/data utilities can be used.
[32m[2026-05-12 06:50:44,935] [    INFO][0m - user has defined resume_from_checkpoint: None[0m
[32m[2026-05-12 06:50:44,937] [    INFO][0m - fa_version = 2 set FLAGS_flash_attn_version to 2[0m
[33m[2026-05-12 06:50:44,938] [ WARNING][0m - sharding_parallel_size=1 means no sharding, please set sharding to empty![0m
[2026-05-12 06:50:44,938] [    INFO] distributed_strategy.py:343 - distributed strategy initialized
[32m[2026-05-12 06:50:44,938] [    INFO][0m - PP configs:{'micro_batch_size': 1, 'accumulate_steps': 4, 'schedule_mode': '1F1B', 'p2p_cache_shape': True, 'enable_partial_send_recv': True}, use master_grad: True[0m
[33m[2026-05-12 06:50:44,938] [ WARNING][0m - In pipeline model, the evaluation also shares same setting with training. We will enforce that per_device_eval_batch_size=per_device_train_batch_size.[0m
[32m[2026-05-12 06:50:44,938] [    INFO][0m - using pipeline configs:{'delay_scale_loss': True, 'dp_comm_overlap': False, 'sharding_comm_overlap': False, 'enable_timer': False, 'release_gradients': False, 'overlap_p2p_comm': False, 'clear_every_step_cache': False, 'use_batch_p2p_comm': True, 'best_unbalanced_scheduler': False, 'enable_offload_queue': False, 'use_dualpipev': False, 'forward_backward_overlap_scheduler': False, 'enable_dynamic_shape': False}[0m
======================= Modified FLAGS detected =======================
FLAGS(name='FLAGS_cusolver_dir', current_value='/workspace/Paddle/build/python/paddle/../nvidia/cusolver/lib', default_value='')
FLAGS(name='FLAGS_nccl_dir', current_value='/workspace/Paddle/build/python/paddle/../nvidia/nccl/lib', default_value='')
FLAGS(name='FLAGS_deterministic_rng', current_value=True, default_value=False)
FLAGS(name='FLAGS_curand_dir', current_value='/workspace/Paddle/build/python/paddle/../nvidia/curand/lib', default_value='')
FLAGS(name='FLAGS_cublas_dir', current_value='/workspace/Paddle/build/python/paddle/../nvidia/cublas/lib', default_value='')
FLAGS(name='FLAGS_cudnn_dir', current_value='/workspace/Paddle/build/python/paddle/../nvidia/cudnn/lib', default_value='')
FLAGS(name='FLAGS_cupti_dir', current_value='/workspace/Paddle/build/python/paddle/../nvidia/cuda_cupti/lib', default_value='')
FLAGS(name='FLAGS_selected_gpus', current_value='0', default_value='')
FLAGS(name='FLAGS_enable_pir_in_executor', current_value=True, default_value=False)
FLAGS(name='FLAGS_cusparse_dir', current_value='/workspace/Paddle/build/python/paddle/../nvidia/cusparse/lib', default_value='')
FLAGS(name='FLAGS_nvidia_package_dir', current_value='/workspace/Paddle/build/python/paddle/../nvidia', default_value='')
=======================================================================
I0512 06:50:44.940368 37919 tcp_store.cc:336] create libuv server at port: 60599
I0512 06:50:44.941597 37919 tcp_utils.cc:132] Successfully connected to 10.95.147.140:60599
I0512 06:50:45.786190 37919 process_group_nccl.cc:155] ProcessGroupNCCL pg_timeout_ 1800000
I0512 06:50:45.786237 37919 process_group_nccl.cc:156] ProcessGroupNCCL nccl_comm_init_option_ 0
I0512 06:50:45.786805 37919 process_group_nccl.cc:155] ProcessGroupNCCL pg_timeout_ 1800000
I0512 06:50:45.786820 37919 process_group_nccl.cc:156] ProcessGroupNCCL nccl_comm_init_option_ 0
[2026-05-12 06:50:45,786] [    INFO] topology.py:535 - Total 2 pipe comm group(s) create successfully!
W0512 06:50:45.787420 37919 gpu_resources.cc:116] Please NOTE: device: 0, GPU Compute Capability: 8.0, Driver API Version: 12.9, Runtime API Version: 12.9
W0512 06:50:45.791249 37919 nccl_comm_context.cc:70] ncclCommInitRankConfigMemOpt is not supported.
[2026-05-12 06:50:47,240] [    INFO] topology.py:535 - Total 4 data comm group(s) create successfully!
I0512 06:50:47.240839 37919 process_group_nccl.cc:155] ProcessGroupNCCL pg_timeout_ 1800000
I0512 06:50:47.240857 37919 process_group_nccl.cc:156] ProcessGroupNCCL nccl_comm_init_option_ 0
[2026-05-12 06:50:47,240] [    INFO] topology.py:535 - Total 2 model comm group(s) create successfully!
[2026-05-12 06:50:47,241] [    INFO] topology.py:535 - Total 4 sharding comm group(s) create successfully!
I0512 06:50:47.241093 37919 process_group_nccl.cc:155] ProcessGroupNCCL pg_timeout_ 1800000
I0512 06:50:47.241101 37919 process_group_nccl.cc:156] ProcessGroupNCCL nccl_comm_init_option_ 0
[2026-05-12 06:50:47,241] [    INFO] topology.py:449 - HybridParallelInfo: rank_id: 0, mp_degree: 2, sharding_degree: 1, pp_degree: 2, dp_degree: 1, sep_degree: 1, mp_group: [0, 1],  sharding_group: [0], pp_group: [0, 2], dp_group: [0], sep:group: None, check/clip group: [0, 1, 2, 3]
[32m[2026-05-12 06:50:47,241] [    INFO][0m -     +==============================================================================+
    |                                                                              |
    |                         DistributedStrategy Overview                         |
    |                                                                              |
    +==============================================================================+
    |                        a_sync=True <-> a_sync_configs                        |
    +------------------------------------------------------------------------------+
    |                               k_steps                    -1                  |
    |                     max_merge_var_num                    1                   |
    |                       send_queue_size                    16                  |
    |               independent_recv_thread                  False                 |
    |         min_send_grad_num_before_recv                    1                   |
    |                      thread_pool_size                    1                   |
    |                       send_wait_times                    1                   |
    |               runtime_split_send_recv                  False                 |
    |                        launch_barrier                   True                 |
    |             heter_worker_device_guard                   cpu                  |
    |                        lr_decay_steps                    10                  |
    |                            use_ps_gpu                    0                   |
    |                         use_gpu_graph                    0                   |
    +==============================================================================+
    |                    Environment Flags, Communication Flags                    |
    +------------------------------------------------------------------------------+
    |                                  mode                    1                   |
    |                               elastic                  False                 |
    |                                  auto                  False                 |
    |                   sync_nccl_allreduce                   True                 |
    |                         nccl_comm_num                    1                   |
    |            use_hierarchical_allreduce                  False                 |
    |   hierarchical_allreduce_inter_nranks                    1                   |
    |                       sync_batch_norm                  False                 |
    |                   fuse_all_reduce_ops                   True                 |
    |                  fuse_grad_size_in_MB                    32                  |
    |              fuse_grad_size_in_TFLOPS                   50.0                 |
    |               cudnn_exhaustive_search                  False                 |
    |             conv_workspace_size_limit                   512                  |
    |    cudnn_batchnorm_spatial_persistent                  False                 |
    |                        fp16_allreduce                  False                 |
    |               last_comm_group_size_MB                   1.0                  |
    |                find_unused_parameters                  False                 |
    |            without_graph_optimization                   True                 |
    |                 fuse_grad_size_in_num                    8                   |
    |                 calc_comm_same_stream                  False                 |
    |                                   asp                  False                 |
    |                       fuse_grad_merge                  False                 |
    |                             semi_auto                  False                 |
    |                            adam_d2sum                  False                 |
    |                           auto_search                  False                 |
    |                        heter_ccl_mode                  False                 |
    |                         is_fl_ps_mode                  False                 |
    |                      with_coordinator                  False                 |
    |                            split_data                   True                 |
    |                  downpour_table_param                    []                  |
    |                       fs_client_param                                        |
    +==============================================================================+
    |                                Build Strategy                                |
    +------------------------------------------------------------------------------+
    |              fuse_elewise_add_act_ops                  False                 |
    |                       fuse_bn_act_ops                  False                 |
    |              fuse_relu_depthwise_conv                  False                 |
    |                    fuse_broadcast_ops                  False                 |
    |                fuse_all_optimizer_ops                  False                 |
    |                        enable_inplace                  False                 |
    |     enable_backward_optimizer_op_deps                   True                 |
    |                 cache_runtime_context                  False                 |
    |                   fuse_bn_add_act_ops                   True                 |
    |                    enable_auto_fusion                  False                 |
    |                          enable_addto                  False                 |
    |              allow_cuda_graph_capture                  False                 |
    |                       reduce_strategy                    0                   |
    |                    fuse_gemm_epilogue                  False                 |
    |                   debug_graphviz_path                                        |
    |                       fused_attention                  False                 |
    |                     fused_feedforward                  False                 |
    |            fuse_dot_product_attention                  False                 |
    |                          fuse_resunit                  False                 |
    +==============================================================================+
[0m
[32m[2026-05-12 06:50:47,242] [    INFO][0m - The default value for the training argument `--report_to` will change in v5 (from all installed integrations to none). In v5, you will need to use `--report_to all` to get the same behavior as now. You should start updating your code and make this info disappear :-).[0m
[32m[2026-05-12 06:50:47,242] [    INFO][0m - Auto set hybrid_parallel_expert_grad_scale = 2.0[0m
[32m[2026-05-12 06:50:47,242] [    INFO][0m - reset finetuning arguments global_batch_size to 4[0m
[32m[2026-05-12 06:50:47,242] [    INFO][0m - fixing pp configs: {'micro_batch_size': 1, 'accumulate_steps': 4, 'schedule_mode': '1F1B', 'p2p_cache_shape': True, 'enable_partial_send_recv': True}[0m
[35m[2026-05-12 06:50:47,289] [   DEBUG][0m - ============================================================[0m
[35m[2026-05-12 06:50:47,289] [   DEBUG][0m -      Model Configuration Arguments      [0m
[35m[2026-05-12 06:50:47,289] [   DEBUG][0m - paddle commit id              : 328272eb92b8b82b6b05e1bd6b4de36793bef9e6[0m
[35m[2026-05-12 06:50:47,301] [   DEBUG][0m - paddleformers commit id       : 733171e1d61277b1b9d12869ff882b8422f3b939.dirty[0m
[35m[2026-05-12 06:50:47,301] [   DEBUG][0m - _attn_implementation          : eager[0m
[35m[2026-05-12 06:50:47,301] [   DEBUG][0m - bos_token_id                  : 0[0m
[35m[2026-05-12 06:50:47,301] [   DEBUG][0m - continue_training             : True[0m
[35m[2026-05-12 06:50:47,301] [   DEBUG][0m - copy_custom_file_list         : [0m
[35m[2026-05-12 06:50:47,301] [   DEBUG][0m - download_hub                  : None[0m
[35m[2026-05-12 06:50:47,301] [   DEBUG][0m - eos_token_id                  : 1[0m
[35m[2026-05-12 06:50:47,301] [   DEBUG][0m - ernie_model_config            : ErniePretrainArgument(use_quant_before_a2a=False, use_async_a2a=False, use_rms_qkv_recompute=False, moe_logging=False, use_recompute=False, num_nextn_predict_layers=0, use_fp8_mlp=False, num_hidden_layers=2, num_empty_layers_add_in_tail=0, use_fp8_fuse_node=False, use_ep_comm_overlap=False, fp8_mem_configs=FP8MemConfigs(shared_expert=False, recompute_fwd_gate_up=False, dequant_input=False, offline_quant_expert_weight=False, clear_origin_weight_when_offline_quant=False), fp8_fused_ops_configs=FP8FusedOpsConfigs(stack_quant=False, swiglu_probs_bwd=False, split_group_gemm=True, spaq=True, transpose_split_quant=True), use_combine_before_a2a=False, moe_num_experts=0, moe_k=2, moe_use_aux_free=False, moe_gate='top2_fused', transpose_split_quant=False)[0m
[35m[2026-05-12 06:50:47,302] [   DEBUG][0m - fine_tuning                   : full[0m
[35m[2026-05-12 06:50:47,302] [   DEBUG][0m - fuse_gate_detach_matmul       : True[0m
[35m[2026-05-12 06:50:47,302] [   DEBUG][0m - fuse_softmax_mask             : False[0m
[35m[2026-05-12 06:50:47,302] [   DEBUG][0m - lora                          : False[0m
[35m[2026-05-12 06:50:47,302] [   DEBUG][0m - lora_alpha                    : -1[0m
[35m[2026-05-12 06:50:47,302] [   DEBUG][0m - lora_path                     : None[0m
[35m[2026-05-12 06:50:47,302] [   DEBUG][0m - lora_plus_scale               : 1.0[0m
[35m[2026-05-12 06:50:47,302] [   DEBUG][0m - lora_rank                     : 8[0m
[35m[2026-05-12 06:50:47,302] [   DEBUG][0m - loss_subbatch_seqlen          : 32768[0m
[35m[2026-05-12 06:50:47,302] [   DEBUG][0m - max_position_embeddings       : 4096[0m
[35m[2026-05-12 06:50:47,302] [   DEBUG][0m - model_name_or_path            : ./models/Llama-3-8b[0m
[35m[2026-05-12 06:50:47,302] [   DEBUG][0m - model_with_dpo_criterion      : False[0m
[35m[2026-05-12 06:50:47,302] [   DEBUG][0m - moe_gate                      : top2_fused[0m
[35m[2026-05-12 06:50:47,302] [   DEBUG][0m - moe_group                     : dummy[0m
[35m[2026-05-12 06:50:47,302] [   DEBUG][0m - moe_group_experts             : False[0m
[35m[2026-05-12 06:50:47,302] [   DEBUG][0m - moe_multimodal_dispatch_use_allgather: v2-alltoall-unpad[0m
[35m[2026-05-12 06:50:47,302] [   DEBUG][0m - moe_orthogonal_loss_lambda    : 0.0[0m
[35m[2026-05-12 06:50:47,302] [   DEBUG][0m - moe_use_aux_free              : None[0m
[35m[2026-05-12 06:50:47,302] [   DEBUG][0m - moe_use_hard_gate             : False[0m
[35m[2026-05-12 06:50:47,302] [   DEBUG][0m - neftune                       : False[0m
[35m[2026-05-12 06:50:47,303] [   DEBUG][0m - neftune_noise_alpha           : 5.0[0m
[35m[2026-05-12 06:50:47,303] [   DEBUG][0m - pp_seg_method                 : layer:DecoderLayer|EmptyLayer[0m
[35m[2026-05-12 06:50:47,303] [   DEBUG][0m - rope_3d                       : True[0m
[35m[2026-05-12 06:50:47,303] [   DEBUG][0m - rslora                        : False[0m
[35m[2026-05-12 06:50:47,303] [   DEBUG][0m - rslora_plus                   : False[0m
[35m[2026-05-12 06:50:47,303] [   DEBUG][0m - stage                         : SFT[0m
[35m[2026-05-12 06:50:47,303] [   DEBUG][0m - tokenizer_name_or_path        : None[0m
[35m[2026-05-12 06:50:47,303] [   DEBUG][0m - use_attn_mask_startend_row_indices: True[0m
[35m[2026-05-12 06:50:47,303] [   DEBUG][0m - use_fast_layer_norm           : False[0m
[35m[2026-05-12 06:50:47,303] [   DEBUG][0m - use_global_causal_attn        : False[0m
[35m[2026-05-12 06:50:47,303] [   DEBUG][0m - use_mem_eff_attn              : True[0m
[35m[2026-05-12 06:50:47,303] [   DEBUG][0m - use_sparse_flash_attn         : True[0m
[35m[2026-05-12 06:50:47,303] [   DEBUG][0m - vision_config                 : VisionArguments(attn_implementation='eager', attn_sep=True, depth=32, embed_dim=1280, hidden_act='quick_gelu', hidden_size=1280, in_channels=3, mlp_ratio=4, model_type='DFNRope_vision_transformer', num_heads=16, patch_size=14, spatial_merge_size=2, tensor_model_parallel_size=4, vit_num_recompute_layers=10000)[0m
[35m[2026-05-12 06:50:47,303] [   DEBUG][0m - [0m
[35m[2026-05-12 06:50:47,303] [   DEBUG][0m - ============================================================[0m
[35m[2026-05-12 06:50:47,303] [   DEBUG][0m -       Data Configuration Arguments      [0m
[35m[2026-05-12 06:50:47,303] [   DEBUG][0m - paddle commit id              : 328272eb92b8b82b6b05e1bd6b4de36793bef9e6[0m
[35m[2026-05-12 06:50:47,303] [   DEBUG][0m - paddleformers commit id       : 733171e1d61277b1b9d12869ff882b8422f3b939.dirty[0m
[35m[2026-05-12 06:50:47,303] [   DEBUG][0m - binpacking                    : True[0m
[35m[2026-05-12 06:50:47,304] [   DEBUG][0m - buffer_size                   : 500[0m
[35m[2026-05-12 06:50:47,304] [   DEBUG][0m - custom_register_path          : None[0m
[35m[2026-05-12 06:50:47,304] [   DEBUG][0m - data_cache                    : None[0m
[35m[2026-05-12 06:50:47,304] [   DEBUG][0m - data_impl                     : mmap[0m
[35m[2026-05-12 06:50:47,304] [   DEBUG][0m - dataset_output_dir            : ./dataset_output[0m
[35m[2026-05-12 06:50:47,304] [   DEBUG][0m - dataset_type                  : iterable[0m
[35m[2026-05-12 06:50:47,304] [   DEBUG][0m - encode_one_turn               : True[0m
[35m[2026-05-12 06:50:47,304] [   DEBUG][0m - eval_dataset_path             : ./data/sft/school_math_0.25M/dev_llama3.json[0m
[35m[2026-05-12 06:50:47,304] [   DEBUG][0m - eval_dataset_prob             : 1.0[0m
[35m[2026-05-12 06:50:47,304] [   DEBUG][0m - eval_dataset_type             : erniekit[0m
[35m[2026-05-12 06:50:47,304] [   DEBUG][0m - eval_with_do_generation       : False[0m
[35m[2026-05-12 06:50:47,304] [   DEBUG][0m - greedy_intokens               : True[0m
[35m[2026-05-12 06:50:47,304] [   DEBUG][0m - input_dir                     : None[0m
[35m[2026-05-12 06:50:47,304] [   DEBUG][0m - make_offline_data             : False[0m
[35m[2026-05-12 06:50:47,304] [   DEBUG][0m - max_prompt_len                : 2048[0m
[35m[2026-05-12 06:50:47,304] [   DEBUG][0m - max_seq_len                   : 2048[0m
[35m[2026-05-12 06:50:47,304] [   DEBUG][0m - mix_strategy                  : concat[0m
[35m[2026-05-12 06:50:47,304] [   DEBUG][0m - new_special_tokens_path       : None[0m
[35m[2026-05-12 06:50:47,304] [   DEBUG][0m - num_samples_each_epoch        : 6000000[0m
[35m[2026-05-12 06:50:47,304] [   DEBUG][0m - packed_idx_cache_dir          : None[0m
[35m[2026-05-12 06:50:47,305] [   DEBUG][0m - packing                       : True[0m
[35m[2026-05-12 06:50:47,305] [   DEBUG][0m - packing_interval              : 1000[0m
[35m[2026-05-12 06:50:47,305] [   DEBUG][0m - padding_free                  : False[0m
[35m[2026-05-12 06:50:47,305] [   DEBUG][0m - processor_use_fast            : None[0m
[35m[2026-05-12 06:50:47,305] [   DEBUG][0m - random_shuffle                : True[0m
[35m[2026-05-12 06:50:47,305] [   DEBUG][0m - share_folder                  : False[0m
[35m[2026-05-12 06:50:47,305] [   DEBUG][0m - skip_warmup                   : True[0m
[35m[2026-05-12 06:50:47,305] [   DEBUG][0m - split                         : 950,50[0m
[35m[2026-05-12 06:50:47,305] [   DEBUG][0m - split_multi_turn              : False[0m
[35m[2026-05-12 06:50:47,305] [   DEBUG][0m - template                      : None[0m
[35m[2026-05-12 06:50:47,305] [   DEBUG][0m - template_backend              : custom[0m
[35m[2026-05-12 06:50:47,305] [   DEBUG][0m - train_dataset_path            : ./data/sft/school_math_0.25M/train_llama3.json[0m
[35m[2026-05-12 06:50:47,305] [   DEBUG][0m - train_dataset_prob            : 1.0[0m
[35m[2026-05-12 06:50:47,305] [   DEBUG][0m - train_dataset_type            : erniekit[0m
[35m[2026-05-12 06:50:47,305] [   DEBUG][0m - truncate_packing              : True[0m
[35m[2026-05-12 06:50:47,305] [   DEBUG][0m - truncation_strategy           : delete[0m
[35m[2026-05-12 06:50:47,305] [   DEBUG][0m - use_template                  : True[0m
[35m[2026-05-12 06:50:47,305] [   DEBUG][0m - warmup_only_rank0             : False[0m
[35m[2026-05-12 06:50:47,305] [   DEBUG][0m - [0m
[35m[2026-05-12 06:50:47,305] [   DEBUG][0m - ============================================================[0m
[35m[2026-05-12 06:50:47,305] [   DEBUG][0m -      Train Configuration Arguments      [0m
[35m[2026-05-12 06:50:47,306] [   DEBUG][0m - paddle commit id              : 328272eb92b8b82b6b05e1bd6b4de36793bef9e6[0m
[35m[2026-05-12 06:50:47,306] [   DEBUG][0m - paddleformers commit id       : 733171e1d61277b1b9d12869ff882b8422f3b939.dirty[0m
[35m[2026-05-12 06:50:47,306] [   DEBUG][0m - _no_sync_in_gradient_accumulation: True[0m
[35m[2026-05-12 06:50:47,306] [   DEBUG][0m - adam_beta1                    : 0.9[0m
[35m[2026-05-12 06:50:47,306] [   DEBUG][0m - adam_beta2                    : 0.999[0m
[35m[2026-05-12 06:50:47,306] [   DEBUG][0m - adam_epsilon                  : 1e-08[0m
[35m[2026-05-12 06:50:47,306] [   DEBUG][0m - amp_custom_black_list         : ['reduce_sum', 'softmax_with_cross_entropy', 'c_softmax_with_cross_entropy', 'elementwise_div', 'sin', 'cos'][0m
[35m[2026-05-12 06:50:47,306] [   DEBUG][0m - amp_custom_white_list         : ['lookup_table', 'lookup_table_v2', 'flash_attn', 'matmul', 'matmul_v2', 'fused_gemm_epilogue'][0m
[35m[2026-05-12 06:50:47,306] [   DEBUG][0m - amp_master_grad               : True[0m
[35m[2026-05-12 06:50:47,306] [   DEBUG][0m - aoa_config                    : None[0m
[35m[2026-05-12 06:50:47,306] [   DEBUG][0m - apply_rope_fusion             : False[0m
[35m[2026-05-12 06:50:47,306] [   DEBUG][0m - attention_probs_dropout_prob  : 0.0[0m
[35m[2026-05-12 06:50:47,306] [   DEBUG][0m - auto_parallel_resume_form_hybrid_parallel: False[0m
[35m[2026-05-12 06:50:47,306] [   DEBUG][0m - auto_parallel_sync_shared_params: False[0m
[35m[2026-05-12 06:50:47,306] [   DEBUG][0m - autotuner_benchmark           : False[0m
[35m[2026-05-12 06:50:47,307] [   DEBUG][0m - balanced_image_preprocess     : False[0m
[35m[2026-05-12 06:50:47,307] [   DEBUG][0m - batch_p2p_comm                : True[0m
[35m[2026-05-12 06:50:47,307] [   DEBUG][0m - benchmark                     : False[0m
[35m[2026-05-12 06:50:47,307] [   DEBUG][0m - best_unbalanced_scheduler     : False[0m
[35m[2026-05-12 06:50:47,307] [   DEBUG][0m - beta                          : 0.1[0m
[35m[2026-05-12 06:50:47,307] [   DEBUG][0m - bf16                          : True[0m
[35m[2026-05-12 06:50:47,307] [   DEBUG][0m - bf16_full_eval                : False[0m
[35m[2026-05-12 06:50:47,307] [   DEBUG][0m - ckpt_quant_stage              : O0[0m
[35m[2026-05-12 06:50:47,307] [   DEBUG][0m - clear_every_step_cache        : False[0m
[35m[2026-05-12 06:50:47,307] [   DEBUG][0m - compute_type                  : bf16[0m
[35m[2026-05-12 06:50:47,307] [   DEBUG][0m - context_parallel_rank         : 0[0m
[35m[2026-05-12 06:50:47,307] [   DEBUG][0m - context_parallel_size         : 1[0m
[35m[2026-05-12 06:50:47,307] [   DEBUG][0m - convert_from_hf               : True[0m
[35m[2026-05-12 06:50:47,307] [   DEBUG][0m - copy_custom_file_list         : [0m
[35m[2026-05-12 06:50:47,307] [   DEBUG][0m - count_trained_tokens          : False[0m
[35m[2026-05-12 06:50:47,307] [   DEBUG][0m - cp_comm_type                  : None[0m
[35m[2026-05-12 06:50:47,307] [   DEBUG][0m - cp_sharding_degree            : 1[0m
[35m[2026-05-12 06:50:47,307] [   DEBUG][0m - cp_sharding_rank              : 0[0m
[35m[2026-05-12 06:50:47,307] [   DEBUG][0m - current_device                : gpu:0[0m
[35m[2026-05-12 06:50:47,308] [   DEBUG][0m - data_parallel_config          : [0m
[35m[2026-05-12 06:50:47,308] [   DEBUG][0m - data_parallel_rank            : 0[0m
[35m[2026-05-12 06:50:47,308] [   DEBUG][0m - data_parallel_size            : 1[0m
[35m[2026-05-12 06:50:47,308] [   DEBUG][0m - dataloader_drop_last          : False[0m
[35m[2026-05-12 06:50:47,308] [   DEBUG][0m - dataloader_num_workers        : 0[0m
[35m[2026-05-12 06:50:47,308] [   DEBUG][0m - dataloader_shuffle            : True[0m
[35m[2026-05-12 06:50:47,308] [   DEBUG][0m - dataset_batch_size            : 1000[0m
[35m[2026-05-12 06:50:47,308] [   DEBUG][0m - dataset_kwargs                : None[0m
[35m[2026-05-12 06:50:47,308] [   DEBUG][0m - dataset_num_proc              : None[0m
[35m[2026-05-12 06:50:47,308] [   DEBUG][0m - dataset_rank                  : 0[0m
[35m[2026-05-12 06:50:47,308] [   DEBUG][0m - dataset_text_field            : text[0m
[35m[2026-05-12 06:50:47,308] [   DEBUG][0m - dataset_world_size            : 1[0m
[35m[2026-05-12 06:50:47,308] [   DEBUG][0m - ddp_find_unused_parameters    : None[0m
[35m[2026-05-12 06:50:47,308] [   DEBUG][0m - decay_function                : half_life[0m
[35m[2026-05-12 06:50:47,308] [   DEBUG][0m - decay_steps                   : None[0m
[35m[2026-05-12 06:50:47,308] [   DEBUG][0m - deterministic_mode            : False[0m
[35m[2026-05-12 06:50:47,308] [   DEBUG][0m - device                        : gpu[0m
[35m[2026-05-12 06:50:47,308] [   DEBUG][0m - disable_tqdm                  : True[0m
[35m[2026-05-12 06:50:47,308] [   DEBUG][0m - distributed_dataloader        : False[0m
[35m[2026-05-12 06:50:47,308] [   DEBUG][0m - do_eval                       : True[0m
[35m[2026-05-12 06:50:47,309] [   DEBUG][0m - do_export                     : False[0m
[35m[2026-05-12 06:50:47,309] [   DEBUG][0m - do_predict                    : False[0m
[35m[2026-05-12 06:50:47,309] [   DEBUG][0m - do_train                      : True[0m
[35m[2026-05-12 06:50:47,309] [   DEBUG][0m - download_hub                  : None[0m
[35m[2026-05-12 06:50:47,309] [   DEBUG][0m - dp_allreduce_avg_in_gradinent_scale: False[0m
[35m[2026-05-12 06:50:47,309] [   DEBUG][0m - dp_comm_overlap               : False[0m
[35m[2026-05-12 06:50:47,309] [   DEBUG][0m - dpop_lambda                   : 50[0m
[35m[2026-05-12 06:50:47,309] [   DEBUG][0m - embedding_init_method         : None[0m
[35m[2026-05-12 06:50:47,309] [   DEBUG][0m - embedding_init_method_std     : 0.02[0m
[35m[2026-05-12 06:50:47,309] [   DEBUG][0m - enable_auto_parallel          : False[0m
[35m[2026-05-12 06:50:47,309] [   DEBUG][0m - enable_linear_fused_grad_add  : False[0m
[35m[2026-05-12 06:50:47,309] [   DEBUG][0m - enable_mtp_magic_send         : False[0m
[35m[2026-05-12 06:50:47,309] [   DEBUG][0m - enable_sharding_comm_overlap  : False[0m
[35m[2026-05-12 06:50:47,309] [   DEBUG][0m - enable_zero_cost_checkpoint   : False[0m
[35m[2026-05-12 06:50:47,309] [   DEBUG][0m - estimation_output_file        : estimation_output.json[0m
[35m[2026-05-12 06:50:47,309] [   DEBUG][0m - eval_accumulation_steps       : None[0m
[35m[2026-05-12 06:50:47,309] [   DEBUG][0m - eval_batch_size               : 1[0m
[35m[2026-05-12 06:50:47,309] [   DEBUG][0m - eval_iters                    : 10[0m
[35m[2026-05-12 06:50:47,309] [   DEBUG][0m - eval_steps                    : 300[0m
[35m[2026-05-12 06:50:47,309] [   DEBUG][0m - evaluation_strategy           : IntervalStrategy.STEPS[0m
[35m[2026-05-12 06:50:47,310] [   DEBUG][0m - expert_model_parallel_size    : 1[0m
[35m[2026-05-12 06:50:47,310] [   DEBUG][0m - expert_parallel_rank          : 0[0m
[35m[2026-05-12 06:50:47,310] [   DEBUG][0m - expert_tensor_model_parallel_size: 1[0m
[35m[2026-05-12 06:50:47,310] [   DEBUG][0m - fa_version                    : 2[0m
[35m[2026-05-12 06:50:47,310] [   DEBUG][0m - factor                        : 20[0m
[35m[2026-05-12 06:50:47,310] [   DEBUG][0m - flash_device_save_steps       : 0[0m
[35m[2026-05-12 06:50:47,310] [   DEBUG][0m - flatten_param_grads           : False[0m
[35m[2026-05-12 06:50:47,310] [   DEBUG][0m - force_reshard_pp              : False[0m
[35m[2026-05-12 06:50:47,310] [   DEBUG][0m - forward_backward_overlap_scheduler: False[0m
[35m[2026-05-12 06:50:47,310] [   DEBUG][0m - fp16                          : False[0m
[35m[2026-05-12 06:50:47,310] [   DEBUG][0m - fp16_full_eval                : False[0m
[35m[2026-05-12 06:50:47,310] [   DEBUG][0m - fp16_opt_level                : O1[0m
[35m[2026-05-12 06:50:47,310] [   DEBUG][0m - fp32_residual_connection      : True[0m
[35m[2026-05-12 06:50:47,310] [   DEBUG][0m - fp8                           : None[0m
[35m[2026-05-12 06:50:47,310] [   DEBUG][0m - fp8_wgrad                     : True[0m
[35m[2026-05-12 06:50:47,310] [   DEBUG][0m - freeze_config                 : [0m
[35m[2026-05-12 06:50:47,310] [   DEBUG][0m - fuse_optimizer_states         : False[0m
[35m[2026-05-12 06:50:47,310] [   DEBUG][0m - fuse_sequence_parallel_allreduce: False[0m
[35m[2026-05-12 06:50:47,310] [   DEBUG][0m - fuse_swiglu                   : False[0m
[35m[2026-05-12 06:50:47,310] [   DEBUG][0m - gated_linear_unit             : True[0m
[35m[2026-05-12 06:50:47,310] [   DEBUG][0m - gc_interval                   : 0[0m
[35m[2026-05-12 06:50:47,311] [   DEBUG][0m - global_batch_size             : 4[0m
[35m[2026-05-12 06:50:47,311] [   DEBUG][0m - global_logging_interval       : 1[0m
[35m[2026-05-12 06:50:47,311] [   DEBUG][0m - gradient_accumulation_steps   : 4[0m
[35m[2026-05-12 06:50:47,311] [   DEBUG][0m - gradient_sync_after_accumulate: False[0m
[35m[2026-05-12 06:50:47,311] [   DEBUG][0m - greater_is_better             : None[0m
[35m[2026-05-12 06:50:47,311] [   DEBUG][0m - hidden_dropout_prob           : 0.0[0m
[35m[2026-05-12 06:50:47,311] [   DEBUG][0m - hidden_size                   : None[0m
[35m[2026-05-12 06:50:47,311] [   DEBUG][0m - hybrid_parallel_expert_grad_scale: 2.0[0m
[35m[2026-05-12 06:50:47,311] [   DEBUG][0m - hybrid_parallel_topo_order    : sharding_first[0m
[35m[2026-05-12 06:50:47,311] [   DEBUG][0m - ignore_data_skip              : False[0m
[35m[2026-05-12 06:50:47,311] [   DEBUG][0m - ignore_eos_token              : False[0m
[35m[2026-05-12 06:50:47,311] [   DEBUG][0m - ignore_load_lr_and_optim      : False[0m
[35m[2026-05-12 06:50:47,311] [   DEBUG][0m - ignore_save_lr_and_optim      : False[0m
[35m[2026-05-12 06:50:47,311] [   DEBUG][0m - init_method                   : None[0m
[35m[2026-05-12 06:50:47,311] [   DEBUG][0m - intermediate_size             : None[0m
[35m[2026-05-12 06:50:47,311] [   DEBUG][0m - label_names                   : None[0m
[35m[2026-05-12 06:50:47,311] [   DEBUG][0m - label_smoothing               : 0.0[0m
[35m[2026-05-12 06:50:47,311] [   DEBUG][0m - lazy_data_processing          : True[0m
[35m[2026-05-12 06:50:47,311] [   DEBUG][0m - learning_rate                 : 1e-05[0m
[35m[2026-05-12 06:50:47,311] [   DEBUG][0m - load_best_model_at_end        : False[0m
[35m[2026-05-12 06:50:47,312] [   DEBUG][0m - load_checkpoint_format        : flex_checkpoint[0m
[35m[2026-05-12 06:50:47,312] [   DEBUG][0m - load_from_hf                  : False[0m
[35m[2026-05-12 06:50:47,312] [   DEBUG][0m - load_sharded_model            : False[0m
[35m[2026-05-12 06:50:47,312] [   DEBUG][0m - load_sharded_model_remap_parameter_name: False[0m
[35m[2026-05-12 06:50:47,312] [   DEBUG][0m - load_via_cpu                  : True[0m
[35m[2026-05-12 06:50:47,312] [   DEBUG][0m - local_process_index           : 0[0m
[35m[2026-05-12 06:50:47,312] [   DEBUG][0m - local_rank                    : 0[0m
[35m[2026-05-12 06:50:47,312] [   DEBUG][0m - log_global_grad_norm          : False[0m
[35m[2026-05-12 06:50:47,312] [   DEBUG][0m - log_level                     : -1[0m
[35m[2026-05-12 06:50:47,312] [   DEBUG][0m - log_level_replica             : -1[0m
[35m[2026-05-12 06:50:47,312] [   DEBUG][0m - log_on_each_node              : True[0m
[35m[2026-05-12 06:50:47,312] [   DEBUG][0m - logging_dir                   : ./logs/sft/llama3-8b[0m
[35m[2026-05-12 06:50:47,312] [   DEBUG][0m - logging_first_step            : False[0m
[35m[2026-05-12 06:50:47,312] [   DEBUG][0m - logging_steps                 : 1[0m
[35m[2026-05-12 06:50:47,312] [   DEBUG][0m - logging_strategy              : IntervalStrategy.STEPS[0m
[35m[2026-05-12 06:50:47,312] [   DEBUG][0m - logical_process_index         : 0[0m
[35m[2026-05-12 06:50:47,312] [   DEBUG][0m - loss_subbatch_sequence_length : -1[0m
[35m[2026-05-12 06:50:47,312] [   DEBUG][0m - loss_type                     : sigmoid[0m
[35m[2026-05-12 06:50:47,312] [   DEBUG][0m - lr_end                        : 1e-07[0m
[35m[2026-05-12 06:50:47,312] [   DEBUG][0m - lr_scheduler                  : cosine[0m
[35m[2026-05-12 06:50:47,313] [   DEBUG][0m - lr_scheduler_type             : SchedulerType.LINEAR[0m
[35m[2026-05-12 06:50:47,313] [   DEBUG][0m - max_estimate_samples          : 100000.0[0m
[35m[2026-05-12 06:50:47,313] [   DEBUG][0m - max_evaluate_steps            : -1[0m
[35m[2026-05-12 06:50:47,313] [   DEBUG][0m - max_grad_norm                 : 1.0[0m
[35m[2026-05-12 06:50:47,313] [   DEBUG][0m - max_gradient_accumulation_steps: 4[0m
[35m[2026-05-12 06:50:47,313] [   DEBUG][0m - max_seq_len                   : 2048[0m
[35m[2026-05-12 06:50:47,313] [   DEBUG][0m - max_steps                     : 300[0m
[35m[2026-05-12 06:50:47,313] [   DEBUG][0m - merge_with_qdq_base_model     : False[0m
[35m[2026-05-12 06:50:47,313] [   DEBUG][0m - metric_for_best_model         : None[0m
[35m[2026-05-12 06:50:47,313] [   DEBUG][0m - metrics_output_path           : None[0m
[35m[2026-05-12 06:50:47,313] [   DEBUG][0m - min_lr                        : 0.0[0m
[35m[2026-05-12 06:50:47,313] [   DEBUG][0m - minimum_eval_times            : None[0m
[35m[2026-05-12 06:50:47,313] [   DEBUG][0m - model_name_or_path            : ./models/Llama-3-8b[0m
[35m[2026-05-12 06:50:47,313] [   DEBUG][0m - moe_deep_gemm                 : False[0m
[35m[2026-05-12 06:50:47,313] [   DEBUG][0m - moe_deepep_num_sms            : None[0m
[35m[2026-05-12 06:50:47,313] [   DEBUG][0m - moe_dequant_input             : False[0m
[35m[2026-05-12 06:50:47,313] [   DEBUG][0m - moe_dropout_prob              : 0.0[0m
[35m[2026-05-12 06:50:47,313] [   DEBUG][0m - moe_ep_barrier                : True[0m
[35m[2026-05-12 06:50:47,313] [   DEBUG][0m - moe_expert_capacity_factor    : 0.0[0m
[35m[2026-05-12 06:50:47,313] [   DEBUG][0m - moe_expert_fusion             : True[0m
[35m[2026-05-12 06:50:47,313] [   DEBUG][0m - moe_gate_lr_ratio             : None[0m
[35m[2026-05-12 06:50:47,314] [   DEBUG][0m - moe_grouped_gemm              : False[0m
[35m[2026-05-12 06:50:47,314] [   DEBUG][0m - moe_pad_expert_input_to_capacity: False[0m
[35m[2026-05-12 06:50:47,314] [   DEBUG][0m - moe_router_bias_update_rate   : 0.0[0m
[35m[2026-05-12 06:50:47,314] [   DEBUG][0m - moe_router_force_load_balancing: False[0m
[35m[2026-05-12 06:50:47,314] [   DEBUG][0m - moe_router_fusion             : True[0m
[35m[2026-05-12 06:50:47,314] [   DEBUG][0m - moe_router_load_balancing_type: seq_aux_loss[0m
[35m[2026-05-12 06:50:47,314] [   DEBUG][0m - moe_sharding_parallel_rank    : 0[0m
[35m[2026-05-12 06:50:47,314] [   DEBUG][0m - moe_sharding_parallel_size    : 1[0m
[35m[2026-05-12 06:50:47,314] [   DEBUG][0m - moe_shared_expert_overlap     : True[0m
[35m[2026-05-12 06:50:47,314] [   DEBUG][0m - moe_subbatch_token_num_after_dispatch: None[0m
[35m[2026-05-12 06:50:47,314] [   DEBUG][0m - moe_subbatch_token_num_before_dispatch: 0[0m
[35m[2026-05-12 06:50:47,314] [   DEBUG][0m - moe_token_dispatcher_type     : deepep[0m
[35m[2026-05-12 06:50:47,314] [   DEBUG][0m - moe_token_drop_policy         : probs[0m
[35m[2026-05-12 06:50:47,314] [   DEBUG][0m - moe_use_fusion_node           : True[0m
[35m[2026-05-12 06:50:47,314] [   DEBUG][0m - moe_with_send_router_loss     : True[0m
[35m[2026-05-12 06:50:47,314] [   DEBUG][0m - mp_async_allreduce            : False[0m
[35m[2026-05-12 06:50:47,314] [   DEBUG][0m - mp_fused_linear_param_grad_add: False[0m
[35m[2026-05-12 06:50:47,314] [   DEBUG][0m - mp_skip_c_identity            : False[0m
[35m[2026-05-12 06:50:47,314] [   DEBUG][0m - mtp_distillation_loss         : False[0m
[35m[2026-05-12 06:50:47,314] [   DEBUG][0m - mtp_num_layers                : 0[0m
[35m[2026-05-12 06:50:47,315] [   DEBUG][0m - multi_latent_attention        : False[0m
[35m[2026-05-12 06:50:47,315] [   DEBUG][0m - n_routed_experts              : None[0m
[35m[2026-05-12 06:50:47,315] [   DEBUG][0m - nccl_comm_group_config        : None[0m
[35m[2026-05-12 06:50:47,315] [   DEBUG][0m - need_data                     : True[0m
[35m[2026-05-12 06:50:47,315] [   DEBUG][0m - no_cuda                       : False[0m
[35m[2026-05-12 06:50:47,315] [   DEBUG][0m - no_recompute_layers           : None[0m
[35m[2026-05-12 06:50:47,315] [   DEBUG][0m - no_rope_freq                  : False[0m
[35m[2026-05-12 06:50:47,315] [   DEBUG][0m - non_batch_p2p_comm            : False[0m
[35m[2026-05-12 06:50:47,315] [   DEBUG][0m - normalization                 : RMSNorm[0m
[35m[2026-05-12 06:50:47,315] [   DEBUG][0m - normalize_logps               : False[0m
[35m[2026-05-12 06:50:47,315] [   DEBUG][0m - num_attention_heads           : None[0m
[35m[2026-05-12 06:50:47,315] [   DEBUG][0m - num_consecutive               : 1[0m
[35m[2026-05-12 06:50:47,315] [   DEBUG][0m - num_cycles                    : 0.5[0m
[35m[2026-05-12 06:50:47,315] [   DEBUG][0m - num_empty_layers_add_in_head  : 0[0m
[35m[2026-05-12 06:50:47,315] [   DEBUG][0m - num_empty_layers_add_in_tail  : 0[0m
[35m[2026-05-12 06:50:47,315] [   DEBUG][0m - num_experts_per_tok           : None[0m
[35m[2026-05-12 06:50:47,315] [   DEBUG][0m - num_hidden_layers             : None[0m
[35m[2026-05-12 06:50:47,315] [   DEBUG][0m - num_key_value_heads           : None[0m
[35m[2026-05-12 06:50:47,315] [   DEBUG][0m - num_nextn_predict_layers      : 0[0m
[35m[2026-05-12 06:50:47,315] [   DEBUG][0m - num_of_gpus                   : -1[0m
[35m[2026-05-12 06:50:47,316] [   DEBUG][0m - num_train_epochs              : 1.0[0m
[35m[2026-05-12 06:50:47,316] [   DEBUG][0m - offload_fp8_expert_master_weight: True[0m
[35m[2026-05-12 06:50:47,316] [   DEBUG][0m - offload_queue                 : False[0m
[35m[2026-05-12 06:50:47,316] [   DEBUG][0m - offset_alpha                  : 0.0[0m
[35m[2026-05-12 06:50:47,316] [   DEBUG][0m - optim                         : OptimizerNames.ADAMW[0m
[35m[2026-05-12 06:50:47,316] [   DEBUG][0m - optim_shard_num               : 1[0m
[35m[2026-05-12 06:50:47,316] [   DEBUG][0m - optimizer_name_suffix         : tp00_pp00[0m
[35m[2026-05-12 06:50:47,316] [   DEBUG][0m - ordered_save_group_size       : 0[0m
[35m[2026-05-12 06:50:47,316] [   DEBUG][0m - output_dir                    : ./checkpoints/sft/llama3-8b[0m
[35m[2026-05-12 06:50:47,316] [   DEBUG][0m - output_layer_init_method      : None[0m
[35m[2026-05-12 06:50:47,316] [   DEBUG][0m - output_signal_dir             : ./checkpoints/sft/llama3-8b[0m
[35m[2026-05-12 06:50:47,316] [   DEBUG][0m - overlap                       : False[0m
[35m[2026-05-12 06:50:47,316] [   DEBUG][0m - overlap_p2p_comm              : False[0m
[35m[2026-05-12 06:50:47,316] [   DEBUG][0m - overwrite_output_dir          : True[0m
[35m[2026-05-12 06:50:47,316] [   DEBUG][0m - p2p_cache_shape               : True[0m
[35m[2026-05-12 06:50:47,316] [   DEBUG][0m - pad_token_id                  : 0[0m
[35m[2026-05-12 06:50:47,316] [   DEBUG][0m - partial_send_recv             : True[0m
[35m[2026-05-12 06:50:47,316] [   DEBUG][0m - past_index                    : -1[0m
[35m[2026-05-12 06:50:47,316] [   DEBUG][0m - pdc_download_ckpt             : False[0m
[35m[2026-05-12 06:50:47,316] [   DEBUG][0m - pdc_download_timeout          : 300[0m
[35m[2026-05-12 06:50:47,317] [   DEBUG][0m - per_device_eval_batch_size    : 1[0m
[35m[2026-05-12 06:50:47,317] [   DEBUG][0m - per_device_train_batch_size   : 1[0m
[35m[2026-05-12 06:50:47,317] [   DEBUG][0m - pipeline_model_parallel_size  : 2[0m
[35m[2026-05-12 06:50:47,317] [   DEBUG][0m - pipeline_parallel_config      : [0m
[35m[2026-05-12 06:50:47,317] [   DEBUG][0m - pipeline_parallel_rank        : 0[0m
[35m[2026-05-12 06:50:47,317] [   DEBUG][0m - position_embedding_type       : rope[0m
[35m[2026-05-12 06:50:47,317] [   DEBUG][0m - power                         : 1.0[0m
[35m[2026-05-12 06:50:47,317] [   DEBUG][0m - pp_delay_scale_loss           : True[0m
[35m[2026-05-12 06:50:47,317] [   DEBUG][0m - pp_need_data                  : False[0m
[35m[2026-05-12 06:50:47,317] [   DEBUG][0m - pp_need_data_degree           : 0[0m
[35m[2026-05-12 06:50:47,317] [   DEBUG][0m - pp_release_grads              : False[0m
[35m[2026-05-12 06:50:47,317] [   DEBUG][0m - pp_sharding_comm_overlap      : False[0m
[35m[2026-05-12 06:50:47,317] [   DEBUG][0m - pp_sync_moment                : False[0m
[35m[2026-05-12 06:50:47,317] [   DEBUG][0m - pp_sync_param                 : False[0m
[35m[2026-05-12 06:50:47,317] [   DEBUG][0m - pre_alloc_memory              : 0[0m
[35m[2026-05-12 06:50:47,317] [   DEBUG][0m - prediction_loss_only          : False[0m
[35m[2026-05-12 06:50:47,317] [   DEBUG][0m - pref_loss_ratio               : 1.0[0m
[35m[2026-05-12 06:50:47,317] [   DEBUG][0m - prefetch_factor               : 2[0m
[35m[2026-05-12 06:50:47,317] [   DEBUG][0m - process_index                 : 0[0m
[35m[2026-05-12 06:50:47,317] [   DEBUG][0m - profile                       : False[0m
[35m[2026-05-12 06:50:47,317] [   DEBUG][0m - profile_step_end              : 12[0m
[35m[2026-05-12 06:50:47,318] [   DEBUG][0m - profile_step_start            : 10[0m
[35m[2026-05-12 06:50:47,318] [   DEBUG][0m - recompute_granularity         : full[0m
[35m[2026-05-12 06:50:47,318] [   DEBUG][0m - recompute_method              : uniform[0m
[35m[2026-05-12 06:50:47,318] [   DEBUG][0m - recompute_modules             : None[0m
[35m[2026-05-12 06:50:47,318] [   DEBUG][0m - recompute_mtp_granularity     : None[0m
[35m[2026-05-12 06:50:47,318] [   DEBUG][0m - recompute_mtp_method          : None[0m
[35m[2026-05-12 06:50:47,318] [   DEBUG][0m - recompute_mtp_modules         : None[0m
[35m[2026-05-12 06:50:47,318] [   DEBUG][0m - recompute_num_layers          : 1[0m
[35m[2026-05-12 06:50:47,318] [   DEBUG][0m - recompute_use_reentrant       : True[0m
[35m[2026-05-12 06:50:47,318] [   DEBUG][0m - reeao_dataset_rank            : 0[0m
[35m[2026-05-12 06:50:47,318] [   DEBUG][0m - reeao_dataset_world_size      : 1[0m
[35m[2026-05-12 06:50:47,318] [   DEBUG][0m - ref_model_update_steps        : -1[0m
[35m[2026-05-12 06:50:47,318] [   DEBUG][0m - reference_free                : False[0m
[35m[2026-05-12 06:50:47,318] [   DEBUG][0m - release_grads                 : False[0m
[35m[2026-05-12 06:50:47,318] [   DEBUG][0m - remove_unused_columns         : True[0m
[35m[2026-05-12 06:50:47,318] [   DEBUG][0m - reorder_pipeline_priority     : False[0m
[35m[2026-05-12 06:50:47,318] [   DEBUG][0m - replace_with_c_embedding      : False[0m
[35m[2026-05-12 06:50:47,318] [   DEBUG][0m - replace_with_parallel_cross_entropy: False[0m
[35m[2026-05-12 06:50:47,318] [   DEBUG][0m - replicate_saved_into_local    : False[0m
[35m[2026-05-12 06:50:47,318] [   DEBUG][0m - report_to                     : ['visualdl'][0m
[35m[2026-05-12 06:50:47,319] [   DEBUG][0m - resume_from_checkpoint        : None[0m
[35m[2026-05-12 06:50:47,319] [   DEBUG][0m - resume_from_huggingface_ckpt  : None[0m
[35m[2026-05-12 06:50:47,319] [   DEBUG][0m - router_aux_loss_coef          : 0.0[0m
[35m[2026-05-12 06:50:47,319] [   DEBUG][0m - router_z_loss_coef            : None[0m
[35m[2026-05-12 06:50:47,319] [   DEBUG][0m - run_name                      : ./checkpoints/sft/llama3-8b[0m
[35m[2026-05-12 06:50:47,319] [   DEBUG][0m - same_data                     : None[0m
[35m[2026-05-12 06:50:47,319] [   DEBUG][0m - save_checkpoint_format        : flex_checkpoint[0m
[35m[2026-05-12 06:50:47,319] [   DEBUG][0m - save_hf_memory_growth_threshold: 8[0m
[35m[2026-05-12 06:50:47,319] [   DEBUG][0m - save_hf_steps                 : -1[0m
[35m[2026-05-12 06:50:47,319] [   DEBUG][0m - save_hf_total_limit           : None[0m
[35m[2026-05-12 06:50:47,319] [   DEBUG][0m - save_last_step                : False[0m
[35m[2026-05-12 06:50:47,319] [   DEBUG][0m - save_on_each_node             : False[0m
[35m[2026-05-12 06:50:47,319] [   DEBUG][0m - save_rng_states               : True[0m
[35m[2026-05-12 06:50:47,319] [   DEBUG][0m - save_sharded_model            : False[0m
[35m[2026-05-12 06:50:47,319] [   DEBUG][0m - save_sharding_stage1_model_include_freeze_params: False[0m
[35m[2026-05-12 06:50:47,319] [   DEBUG][0m - save_steps                    : 300[0m
[35m[2026-05-12 06:50:47,319] [   DEBUG][0m - save_strategy                 : IntervalStrategy.NO[0m
[35m[2026-05-12 06:50:47,319] [   DEBUG][0m - save_to_hf                    : True[0m
[35m[2026-05-12 06:50:47,319] [   DEBUG][0m - save_tokenizer                : True[0m
[35m[2026-05-12 06:50:47,319] [   DEBUG][0m - save_total_limit              : None[0m
[35m[2026-05-12 06:50:47,320] [   DEBUG][0m - scale_loss                    : 32768[0m
[35m[2026-05-12 06:50:47,320] [   DEBUG][0m - sd_release_grads              : False[0m
[35m[2026-05-12 06:50:47,320] [   DEBUG][0m - sd_sharding_comm_overlap      : False[0m
[35m[2026-05-12 06:50:47,320] [   DEBUG][0m - sd_shardingv1_comm_overlap    : False[0m
[35m[2026-05-12 06:50:47,320] [   DEBUG][0m - seed                          : 23[0m
[35m[2026-05-12 06:50:47,320] [   DEBUG][0m - send_recv_overlap             : False[0m
[35m[2026-05-12 06:50:47,320] [   DEBUG][0m - sep_parallel_size             : 1[0m
[35m[2026-05-12 06:50:47,320] [   DEBUG][0m - sequence_parallel             : False[0m
[35m[2026-05-12 06:50:47,320] [   DEBUG][0m - sequence_parallel_config      : [0m
[35m[2026-05-12 06:50:47,320] [   DEBUG][0m - sft_loss_ratio                : 0.0[0m
[35m[2026-05-12 06:50:47,320] [   DEBUG][0m - sharded_model_from_ema        : False[0m
[35m[2026-05-12 06:50:47,320] [   DEBUG][0m - sharding                      : [][0m
[35m[2026-05-12 06:50:47,320] [   DEBUG][0m - sharding_comm_buffer_size_MB  : -1[0m
[35m[2026-05-12 06:50:47,320] [   DEBUG][0m - sharding_degree               : -1[0m
[35m[2026-05-12 06:50:47,320] [   DEBUG][0m - sharding_offload_opt_buffersize_GB: -1[0m
[35m[2026-05-12 06:50:47,320] [   DEBUG][0m - sharding_parallel_config      : [0m
[35m[2026-05-12 06:50:47,320] [   DEBUG][0m - sharding_parallel_mesh_dimension: dp[0m
[35m[2026-05-12 06:50:47,320] [   DEBUG][0m - sharding_parallel_rank        : 0[0m
[35m[2026-05-12 06:50:47,320] [   DEBUG][0m - sharding_parallel_size        : 1[0m
[35m[2026-05-12 06:50:47,320] [   DEBUG][0m - should_load_dataset           : True[0m
[35m[2026-05-12 06:50:47,320] [   DEBUG][0m - should_load_sharding_stage1_model: False[0m
[35m[2026-05-12 06:50:47,321] [   DEBUG][0m - should_log                    : True[0m
[35m[2026-05-12 06:50:47,321] [   DEBUG][0m - should_save                   : True[0m
[35m[2026-05-12 06:50:47,321] [   DEBUG][0m - should_save_model_state       : True[0m
[35m[2026-05-12 06:50:47,321] [   DEBUG][0m - should_save_model_with_tensor_fusion: False[0m
[35m[2026-05-12 06:50:47,321] [   DEBUG][0m - should_save_sharding_stage1_model: False[0m
[35m[2026-05-12 06:50:47,321] [   DEBUG][0m - shuffle_consecutive           : False[0m
[35m[2026-05-12 06:50:47,321] [   DEBUG][0m - simpo_gamma                   : 0.5[0m
[35m[2026-05-12 06:50:47,321] [   DEBUG][0m - skip_data_intervals           : None[0m
[35m[2026-05-12 06:50:47,321] [   DEBUG][0m - skip_memory_metrics           : True[0m
[35m[2026-05-12 06:50:47,321] [   DEBUG][0m - skip_profile_timer            : True[0m
[35m[2026-05-12 06:50:47,321] [   DEBUG][0m - softmax_scale                 : None[0m
[35m[2026-05-12 06:50:47,321] [   DEBUG][0m - softmax_type                  : vanilla[0m
[35m[2026-05-12 06:50:47,321] [   DEBUG][0m - sp_allreduce_avg_in_gradinent_scale: False[0m
[35m[2026-05-12 06:50:47,321] [   DEBUG][0m - sp_async_reduce_scatter       : False[0m
[35m[2026-05-12 06:50:47,321] [   DEBUG][0m - split_backward                : False[0m
[35m[2026-05-12 06:50:47,321] [   DEBUG][0m - split_inputs_sequence_dim     : True[0m
[35m[2026-05-12 06:50:47,321] [   DEBUG][0m - split_norm_comm               : False[0m
[35m[2026-05-12 06:50:47,321] [   DEBUG][0m - split_param                   : True[0m
[35m[2026-05-12 06:50:47,321] [   DEBUG][0m - stage1_allgather_overlap      : False[0m
[35m[2026-05-12 06:50:47,321] [   DEBUG][0m - stage1_broadcast_overlap      : False[0m
[35m[2026-05-12 06:50:47,322] [   DEBUG][0m - stage1_overlap                : False[0m
[35m[2026-05-12 06:50:47,322] [   DEBUG][0m - stage1_reduce_avg             : True[0m
[35m[2026-05-12 06:50:47,322] [   DEBUG][0m - stage1_tensor_fusion          : False[0m
[35m[2026-05-12 06:50:47,322] [   DEBUG][0m - stage2_overlap                : False[0m
[35m[2026-05-12 06:50:47,322] [   DEBUG][0m - sync_grad                     : False[0m
[35m[2026-05-12 06:50:47,322] [   DEBUG][0m - tensor_fusion                 : False[0m
[35m[2026-05-12 06:50:47,322] [   DEBUG][0m - tensor_model_parallel_size    : 2[0m
[35m[2026-05-12 06:50:47,322] [   DEBUG][0m - tensor_parallel_config        : [0m
[35m[2026-05-12 06:50:47,322] [   DEBUG][0m - tensor_parallel_output        : True[0m
[35m[2026-05-12 06:50:47,322] [   DEBUG][0m - tensor_parallel_rank          : 0[0m
[35m[2026-05-12 06:50:47,322] [   DEBUG][0m - tensorwise_offload_optimizer  : False[0m
[35m[2026-05-12 06:50:47,322] [   DEBUG][0m - tie_word_embeddings           : None[0m
[35m[2026-05-12 06:50:47,322] [   DEBUG][0m - timer                         : False[0m
[35m[2026-05-12 06:50:47,322] [   DEBUG][0m - to_static                     : False[0m
[35m[2026-05-12 06:50:47,322] [   DEBUG][0m - token_balance_loss            : False[0m
[35m[2026-05-12 06:50:47,322] [   DEBUG][0m - tp_async_allreduce            : False[0m
[35m[2026-05-12 06:50:47,322] [   DEBUG][0m - tp_sync_moment                : False[0m
[35m[2026-05-12 06:50:47,322] [   DEBUG][0m - tp_sync_param                 : False[0m
[35m[2026-05-12 06:50:47,322] [   DEBUG][0m - train_batch_size              : 1[0m
[35m[2026-05-12 06:50:47,322] [   DEBUG][0m - train_mtp_only                : False[0m
[35m[2026-05-12 06:50:47,323] [   DEBUG][0m - unified_checkpoint            : False[0m
[35m[2026-05-12 06:50:47,323] [   DEBUG][0m - unified_checkpoint_config     : [0m
[35m[2026-05-12 06:50:47,323] [   DEBUG][0m - use_async_save                : False[0m
[35m[2026-05-12 06:50:47,323] [   DEBUG][0m - use_cache                     : False[0m
[35m[2026-05-12 06:50:47,323] [   DEBUG][0m - use_dualpipev                 : False[0m
[35m[2026-05-12 06:50:47,323] [   DEBUG][0m - use_expert_parallel           : False[0m
[35m[2026-05-12 06:50:47,323] [   DEBUG][0m - use_filtered_label_loss       : False[0m
[35m[2026-05-12 06:50:47,323] [   DEBUG][0m - use_fp8                       : False[0m
[35m[2026-05-12 06:50:47,323] [   DEBUG][0m - use_fused_head_and_loss_fn    : False[0m
[35m[2026-05-12 06:50:47,323] [   DEBUG][0m - use_fused_linear_cross_entropy: False[0m
[35m[2026-05-12 06:50:47,323] [   DEBUG][0m - use_hybrid_parallel           : True[0m
[35m[2026-05-12 06:50:47,323] [   DEBUG][0m - use_intermediate_api          : False[0m
[35m[2026-05-12 06:50:47,323] [   DEBUG][0m - use_lowprecision_moment       : False[0m
[35m[2026-05-12 06:50:47,323] [   DEBUG][0m - use_moe                       : False[0m
[35m[2026-05-12 06:50:47,323] [   DEBUG][0m - use_ortho_loss_callback       : False[0m
[35m[2026-05-12 06:50:47,323] [   DEBUG][0m - use_qk_norm                   : None[0m
[35m[2026-05-12 06:50:47,323] [   DEBUG][0m - use_recompute_mtp             : False[0m
[35m[2026-05-12 06:50:47,323] [   DEBUG][0m - use_unified_moe               : False[0m
[35m[2026-05-12 06:50:47,323] [   DEBUG][0m - using_sonic_moe               : False[0m
[35m[2026-05-12 06:50:47,323] [   DEBUG][0m - variable_seq_lengths          : False[0m
[35m[2026-05-12 06:50:47,323] [   DEBUG][0m - virtual_pipeline_model_parallel_size: 1[0m
[35m[2026-05-12 06:50:47,324] [   DEBUG][0m - wandb_api_key                 : None[0m
[35m[2026-05-12 06:50:47,324] [   DEBUG][0m - wandb_http_proxy              : None[0m
[35m[2026-05-12 06:50:47,324] [   DEBUG][0m - warmup_ratio                  : 0.0[0m
[35m[2026-05-12 06:50:47,324] [   DEBUG][0m - warmup_steps                  : 10[0m
[35m[2026-05-12 06:50:47,324] [   DEBUG][0m - weight_decay                  : 0.0[0m
[35m[2026-05-12 06:50:47,324] [   DEBUG][0m - weight_name_suffix            : tp00_pp00[0m
[35m[2026-05-12 06:50:47,324] [   DEBUG][0m - weight_quantize_algo          : None[0m
[35m[2026-05-12 06:50:47,324] [   DEBUG][0m - world_size                    : 4[0m
[35m[2026-05-12 06:50:47,324] [   DEBUG][0m - zcc_ema_interval              : 1[0m
[35m[2026-05-12 06:50:47,324] [   DEBUG][0m - zcc_ema_loss_threshold        : None[0m
[35m[2026-05-12 06:50:47,324] [   DEBUG][0m - zcc_pipeline_hooks_capacity_usage: 0.6[0m
[35m[2026-05-12 06:50:47,324] [   DEBUG][0m - zcc_save_ema_coef             : None[0m
[35m[2026-05-12 06:50:47,324] [   DEBUG][0m - zcc_workers_num               : 3[0m
[35m[2026-05-12 06:50:47,324] [   DEBUG][0m - [0m
[32m[2026-05-12 06:50:47,325] [    INFO][0m - The global seed is set to 23, local seed is set to 27 and random seed is set to 23.[0m
[33m[2026-05-12 06:50:47,325] [ WARNING][0m - Process rank: 0, device: gpu, world_size: 4, distributed training: True, 16-bits training: True[0m
[32m[2026-05-12 06:50:47,325] [    INFO][0m - Using download source: huggingface[0m
[32m[2026-05-12 06:50:47,326] [    INFO][0m - Using download source: huggingface[0m
[32m[2026-05-12 06:50:47,326] [    INFO][0m - Loading configuration file ./models/Llama-3-8b/config.json[0m
[32m[2026-05-12 06:50:47,328] [    INFO][0m - Final model config: LlamaConfig {
  "architectures": [
    "LlamaForCausalLM"
  ],
  "attention_bias": false,
  "attention_dropout": 0.0,
  "bos_token_id": 128000,
  "enable_auto_parallel": false,
  "eos_token_id": 128001,
  "head_dim": 128,
  "hidden_act": "silu",
  "hidden_size": 4096,
  "initializer_range": 0.02,
  "intermediate_size": 14336,
  "is_lora": false,
  "max_position_embeddings": 8192,
  "max_sequence_length": 2048,
  "mlp_bias": false,
  "model_type": "llama",
  "moe_router_bias_update_rate": 0.0,
  "num_attention_heads": 32,
  "num_hidden_layers": 32,
  "num_key_value_heads": 8,
  "pad_token_id": 0,
  "paddleformers_version": "1.1.0.post20260512",
  "pipeline_model_parallel_size": 2,
  "pp_seg_method": "layer:DecoderLayer|EmptyLayer",
  "pretraining_tp": 1,
  "recompute_granularity": "full",
  "recompute_method": "uniform",
  "recompute_num_layers": 1,
  "rms_norm_eps": 1e-05,
  "rope_parameters": {
    "rope_theta": 500000.0,
    "rope_type": "default"
  },
  "rope_scaling": null,
  "rope_theta": 500000.0,
  "seq_length": 2048,
  "tensor_model_parallel_size": 2,
  "tie_word_embeddings": false,
  "torch_dtype": "float32",
  "use_cache": true,
  "use_fast_layer_norm": false,
  "vocab_size": 128256
}
[0m
[32m[2026-05-12 06:50:47,328] [    INFO][0m - Creating model[0m
[32m[2026-05-12 06:50:47,328] [    INFO][0m - Loading model weights from ./models/Llama-3-8b[0m
[32m[2026-05-12 06:50:47,328] [    INFO][0m - Using download source: huggingface[0m
[32m[2026-05-12 06:50:47,333] [    INFO][0m - We are using <class 'paddleformers.transformers.llama.modeling.LlamaForCausalLMPipe'> to load './models/Llama-3-8b'.[0m
[32m[2026-05-12 06:50:47,333] [    INFO][0m - Loading weights file ./models/Llama-3-8b/model.safetensors.index.json[0m
[32m[2026-05-12 06:50:47,334] [    INFO][0m - change initializer-range from 0.02 to 0.009020646889913162[0m
[32m[2026-05-12 06:50:47,334] [    INFO][0m - using moe-group: dummy[0m
[32m[2026-05-12 06:50:47,334] [    INFO][0m - use no_recompute_layers: {0, 1, 2, 3, 4, 5, 6, 7, 8, 9, 10, 11, 12, 13, 14, 15, 16, 17, 18, 19, 20, 21, 22, 23, 24, 25, 26, 27, 28, 29, 30, 31}[0m
[32m[2026-05-12 06:50:47,334] [    INFO][0m - using recompute_interval=0, seg_method=layer:DecoderLayer|EmptyLayer[0m
[32m[2026-05-12 06:50:47,334] [    INFO][0m - loss_subbatch_sequence_length: -1 , use_fused_head_and_loss_fn: False, use_filtered_label_loss: False[0m
[32m[2026-05-12 06:50:47,334] [    INFO][0m - using parallel cross entroy, take care[0m
[2026-05-12 06:50:47,335] [    INFO] pp_layers.py:871 - start segment network..
[2026-05-12 06:50:47,335] [    INFO] pp_layers.py:877 - segment with method: layer:DecoderLayer|EmptyLayer; result: 0, 17, 35
[2026-05-12 06:50:47,335] [    INFO] pp_layers.py:894 - stage=0, global_rank=0 ,layer_number=17
[2026-05-12 06:50:47,337] [    INFO] pp_layers.py:899 - 0: EmbeddingPipe(config=LlamaConfig {
  "architectures": [
    "LlamaForCausalLM"
  ],
  "attention_bias": false,
  "attention_dropout": 0.0,
  "bos_token_id": 128000,
  "enable_auto_parallel": false,
  "eos_token_id": 128001,
  "head_dim": 128,
  "hidden_act": "silu",
  "hidden_size": 4096,
  "initializer_range": 0.009020646889913162,
  "intermediate_size": 14336,
  "is_lora": false,
  "max_position_embeddings": 8192,
  "max_sequence_length": 2048,
  "mlp_bias": false,
  "model_type": "llama",
  "moe_group_origin": "dummy",
  "moe_rank": 0,
  "moe_router_bias_update_rate": 0.0,
  "moe_world_size": 1,
  "num_attention_heads": 32,
  "num_hidden_layers": 32,
  "num_key_value_heads": 8,
  "pad_token_id": 0,
  "paddleformers_version": "1.1.0.post20260512",
  "pipeline_model_parallel_size": 2,
  "pp_seg_method": "layer:DecoderLayer|EmptyLayer",
  "pretraining_tp": 1,
  "recompute_granularity": "full",
  "recompute_method": "uniform",
  "recompute_num_layers": 1,
  "rms_norm_eps": 1e-05,
  "rope_parameters": {
    "rope_theta": 500000.0,
    "rope_type": "default"
  },
  "rope_scaling": null,
  "rope_theta": 500000.0,
  "seq_length": 2048,
  "tensor_model_parallel_size": 2,
  "tie_word_embeddings": false,
  "torch_dtype": "float32",
  "use_cache": true,
  "use_fast_layer_norm": false,
  "vocab_size": 128256
}
, embed_cls=None, rotary_emb_cls=None)
[2026-05-12 06:50:47,339] [    INFO] pp_layers.py:899 - 1: DecoderLayerPipe(config=LlamaConfig {
  "architectures": [
    "LlamaForCausalLM"
  ],
  "attention_bias": false,
  "attention_dropout": 0.0,
  "bos_token_id": 128000,
  "enable_auto_parallel": false,
  "eos_token_id": 128001,
  "head_dim": 128,
  "hidden_act": "silu",
  "hidden_size": 4096,
  "initializer_range": 0.009020646889913162,
  "intermediate_size": 14336,
  "is_lora": false,
  "max_position_embeddings": 8192,
  "max_sequence_length": 2048,
  "mlp_bias": false,
  "model_type": "llama",
  "moe_group_origin": "dummy",
  "moe_rank": 0,
  "moe_router_bias_update_rate": 0.0,
  "moe_world_size": 1,
  "num_attention_heads": 32,
  "num_hidden_layers": 32,
  "num_key_value_heads": 8,
  "pad_token_id": 0,
  "paddleformers_version": "1.1.0.post20260512",
  "pipeline_model_parallel_size": 2,
  "pp_seg_method": "layer:DecoderLayer|EmptyLayer",
  "pretraining_tp": 1,
  "recompute_granularity": "full",
  "recompute_method": "uniform",
  "recompute_num_layers": 1,
  "rms_norm_eps": 1e-05,
  "rope_parameters": {
    "rope_theta": 500000.0,
    "rope_type": "default"
  },
  "rope_scaling": null,
  "rope_theta": 500000.0,
  "seq_length": 2048,
  "tensor_model_parallel_size": 2,
  "tie_word_embeddings": false,
  "torch_dtype": "float32",
  "use_cache": true,
  "use_fast_layer_norm": false,
  "vocab_size": 128256
}
, layer_idx=0)
[2026-05-12 06:50:47,340] [    INFO] pp_layers.py:899 - 2: DecoderLayerPipe(config=LlamaConfig {
  "architectures": [
    "LlamaForCausalLM"
  ],
  "attention_bias": false,
  "attention_dropout": 0.0,
  "bos_token_id": 128000,
  "enable_auto_parallel": false,
  "eos_token_id": 128001,
  "head_dim": 128,
  "hidden_act": "silu",
  "hidden_size": 4096,
  "initializer_range": 0.009020646889913162,
  "intermediate_size": 14336,
  "is_lora": false,
  "max_position_embeddings": 8192,
  "max_sequence_length": 2048,
  "mlp_bias": false,
  "model_type": "llama",
  "moe_group_origin": "dummy",
  "moe_rank": 0,
  "moe_router_bias_update_rate": 0.0,
  "moe_world_size": 1,
  "num_attention_heads": 32,
  "num_hidden_layers": 32,
  "num_key_value_heads": 8,
  "pad_token_id": 0,
  "paddleformers_version": "1.1.0.post20260512",
  "pipeline_model_parallel_size": 2,
  "pp_seg_method": "layer:DecoderLayer|EmptyLayer",
  "pretraining_tp": 1,
  "recompute_granularity": "full",
  "recompute_method": "uniform",
  "recompute_num_layers": 1,
  "rms_norm_eps": 1e-05,
  "rope_parameters": {
    "rope_theta": 500000.0,
    "rope_type": "default"
  },
  "rope_scaling": null,
  "rope_theta": 500000.0,
  "seq_length": 2048,
  "tensor_model_parallel_size": 2,
  "tie_word_embeddings": false,
  "torch_dtype": "float32",
  "use_cache": true,
  "use_fast_layer_norm": false,
  "vocab_size": 128256
}
, layer_idx=1)
[2026-05-12 06:50:47,342] [    INFO] pp_layers.py:899 - 3: DecoderLayerPipe(config=LlamaConfig {
  "architectures": [
    "LlamaForCausalLM"
  ],
  "attention_bias": false,
  "attention_dropout": 0.0,
  "bos_token_id": 128000,
  "enable_auto_parallel": false,
  "eos_token_id": 128001,
  "head_dim": 128,
  "hidden_act": "silu",
  "hidden_size": 4096,
  "initializer_range": 0.009020646889913162,
  "intermediate_size": 14336,
  "is_lora": false,
  "max_position_embeddings": 8192,
  "max_sequence_length": 2048,
  "mlp_bias": false,
  "model_type": "llama",
  "moe_group_origin": "dummy",
  "moe_rank": 0,
  "moe_router_bias_update_rate": 0.0,
  "moe_world_size": 1,
  "num_attention_heads": 32,
  "num_hidden_layers": 32,
  "num_key_value_heads": 8,
  "pad_token_id": 0,
  "paddleformers_version": "1.1.0.post20260512",
  "pipeline_model_parallel_size": 2,
  "pp_seg_method": "layer:DecoderLayer|EmptyLayer",
  "pretraining_tp": 1,
  "recompute_granularity": "full",
  "recompute_method": "uniform",
  "recompute_num_layers": 1,
  "rms_norm_eps": 1e-05,
  "rope_parameters": {
    "rope_theta": 500000.0,
    "rope_type": "default"
  },
  "rope_scaling": null,
  "rope_theta": 500000.0,
  "seq_length": 2048,
  "tensor_model_parallel_size": 2,
  "tie_word_embeddings": false,
  "torch_dtype": "float32",
  "use_cache": true,
  "use_fast_layer_norm": false,
  "vocab_size": 128256
}
, layer_idx=2)
[2026-05-12 06:50:47,343] [    INFO] pp_layers.py:899 - 4: DecoderLayerPipe(config=LlamaConfig {
  "architectures": [
    "LlamaForCausalLM"
  ],
  "attention_bias": false,
  "attention_dropout": 0.0,
  "bos_token_id": 128000,
  "enable_auto_parallel": false,
  "eos_token_id": 128001,
  "head_dim": 128,
  "hidden_act": "silu",
  "hidden_size": 4096,
  "initializer_range": 0.009020646889913162,
  "intermediate_size": 14336,
  "is_lora": false,
  "max_position_embeddings": 8192,
  "max_sequence_length": 2048,
  "mlp_bias": false,
  "model_type": "llama",
  "moe_group_origin": "dummy",
  "moe_rank": 0,
  "moe_router_bias_update_rate": 0.0,
  "moe_world_size": 1,
  "num_attention_heads": 32,
  "num_hidden_layers": 32,
  "num_key_value_heads": 8,
  "pad_token_id": 0,
  "paddleformers_version": "1.1.0.post20260512",
  "pipeline_model_parallel_size": 2,
  "pp_seg_method": "layer:DecoderLayer|EmptyLayer",
  "pretraining_tp": 1,
  "recompute_granularity": "full",
  "recompute_method": "uniform",
  "recompute_num_layers": 1,
  "rms_norm_eps": 1e-05,
  "rope_parameters": {
    "rope_theta": 500000.0,
    "rope_type": "default"
  },
  "rope_scaling": null,
  "rope_theta": 500000.0,
  "seq_length": 2048,
  "tensor_model_parallel_size": 2,
  "tie_word_embeddings": false,
  "torch_dtype": "float32",
  "use_cache": true,
  "use_fast_layer_norm": false,
  "vocab_size": 128256
}
, layer_idx=3)
[2026-05-12 06:50:47,345] [    INFO] pp_layers.py:899 - 5: DecoderLayerPipe(config=LlamaConfig {
  "architectures": [
    "LlamaForCausalLM"
  ],
  "attention_bias": false,
  "attention_dropout": 0.0,
  "bos_token_id": 128000,
  "enable_auto_parallel": false,
  "eos_token_id": 128001,
  "head_dim": 128,
  "hidden_act": "silu",
  "hidden_size": 4096,
  "initializer_range": 0.009020646889913162,
  "intermediate_size": 14336,
  "is_lora": false,
  "max_position_embeddings": 8192,
  "max_sequence_length": 2048,
  "mlp_bias": false,
  "model_type": "llama",
  "moe_group_origin": "dummy",
  "moe_rank": 0,
  "moe_router_bias_update_rate": 0.0,
  "moe_world_size": 1,
  "num_attention_heads": 32,
  "num_hidden_layers": 32,
  "num_key_value_heads": 8,
  "pad_token_id": 0,
  "paddleformers_version": "1.1.0.post20260512",
  "pipeline_model_parallel_size": 2,
  "pp_seg_method": "layer:DecoderLayer|EmptyLayer",
  "pretraining_tp": 1,
  "recompute_granularity": "full",
  "recompute_method": "uniform",
  "recompute_num_layers": 1,
  "rms_norm_eps": 1e-05,
  "rope_parameters": {
    "rope_theta": 500000.0,
    "rope_type": "default"
  },
  "rope_scaling": null,
  "rope_theta": 500000.0,
  "seq_length": 2048,
  "tensor_model_parallel_size": 2,
  "tie_word_embeddings": false,
  "torch_dtype": "float32",
  "use_cache": true,
  "use_fast_layer_norm": false,
  "vocab_size": 128256
}
, layer_idx=4)
[2026-05-12 06:50:47,346] [    INFO] pp_layers.py:899 - 6: DecoderLayerPipe(config=LlamaConfig {
  "architectures": [
    "LlamaForCausalLM"
  ],
  "attention_bias": false,
  "attention_dropout": 0.0,
  "bos_token_id": 128000,
  "enable_auto_parallel": false,
  "eos_token_id": 128001,
  "head_dim": 128,
  "hidden_act": "silu",
  "hidden_size": 4096,
  "initializer_range": 0.009020646889913162,
  "intermediate_size": 14336,
  "is_lora": false,
  "max_position_embeddings": 8192,
  "max_sequence_length": 2048,
  "mlp_bias": false,
  "model_type": "llama",
  "moe_group_origin": "dummy",
  "moe_rank": 0,
  "moe_router_bias_update_rate": 0.0,
  "moe_world_size": 1,
  "num_attention_heads": 32,
  "num_hidden_layers": 32,
  "num_key_value_heads": 8,
  "pad_token_id": 0,
  "paddleformers_version": "1.1.0.post20260512",
  "pipeline_model_parallel_size": 2,
  "pp_seg_method": "layer:DecoderLayer|EmptyLayer",
  "pretraining_tp": 1,
  "recompute_granularity": "full",
  "recompute_method": "uniform",
  "recompute_num_layers": 1,
  "rms_norm_eps": 1e-05,
  "rope_parameters": {
    "rope_theta": 500000.0,
    "rope_type": "default"
  },
  "rope_scaling": null,
  "rope_theta": 500000.0,
  "seq_length": 2048,
  "tensor_model_parallel_size": 2,
  "tie_word_embeddings": false,
  "torch_dtype": "float32",
  "use_cache": true,
  "use_fast_layer_norm": false,
  "vocab_size": 128256
}
, layer_idx=5)
[2026-05-12 06:50:47,348] [    INFO] pp_layers.py:899 - 7: DecoderLayerPipe(config=LlamaConfig {
  "architectures": [
    "LlamaForCausalLM"
  ],
  "attention_bias": false,
  "attention_dropout": 0.0,
  "bos_token_id": 128000,
  "enable_auto_parallel": false,
  "eos_token_id": 128001,
  "head_dim": 128,
  "hidden_act": "silu",
  "hidden_size": 4096,
  "initializer_range": 0.009020646889913162,
  "intermediate_size": 14336,
  "is_lora": false,
  "max_position_embeddings": 8192,
  "max_sequence_length": 2048,
  "mlp_bias": false,
  "model_type": "llama",
  "moe_group_origin": "dummy",
  "moe_rank": 0,
  "moe_router_bias_update_rate": 0.0,
  "moe_world_size": 1,
  "num_attention_heads": 32,
  "num_hidden_layers": 32,
  "num_key_value_heads": 8,
  "pad_token_id": 0,
  "paddleformers_version": "1.1.0.post20260512",
  "pipeline_model_parallel_size": 2,
  "pp_seg_method": "layer:DecoderLayer|EmptyLayer",
  "pretraining_tp": 1,
  "recompute_granularity": "full",
  "recompute_method": "uniform",
  "recompute_num_layers": 1,
  "rms_norm_eps": 1e-05,
  "rope_parameters": {
    "rope_theta": 500000.0,
    "rope_type": "default"
  },
  "rope_scaling": null,
  "rope_theta": 500000.0,
  "seq_length": 2048,
  "tensor_model_parallel_size": 2,
  "tie_word_embeddings": false,
  "torch_dtype": "float32",
  "use_cache": true,
  "use_fast_layer_norm": false,
  "vocab_size": 128256
}
, layer_idx=6)
[2026-05-12 06:50:47,350] [    INFO] pp_layers.py:899 - 8: DecoderLayerPipe(config=LlamaConfig {
  "architectures": [
    "LlamaForCausalLM"
  ],
  "attention_bias": false,
  "attention_dropout": 0.0,
  "bos_token_id": 128000,
  "enable_auto_parallel": false,
  "eos_token_id": 128001,
  "head_dim": 128,
  "hidden_act": "silu",
  "hidden_size": 4096,
  "initializer_range": 0.009020646889913162,
  "intermediate_size": 14336,
  "is_lora": false,
  "max_position_embeddings": 8192,
  "max_sequence_length": 2048,
  "mlp_bias": false,
  "model_type": "llama",
  "moe_group_origin": "dummy",
  "moe_rank": 0,
  "moe_router_bias_update_rate": 0.0,
  "moe_world_size": 1,
  "num_attention_heads": 32,
  "num_hidden_layers": 32,
  "num_key_value_heads": 8,
  "pad_token_id": 0,
  "paddleformers_version": "1.1.0.post20260512",
  "pipeline_model_parallel_size": 2,
  "pp_seg_method": "layer:DecoderLayer|EmptyLayer",
  "pretraining_tp": 1,
  "recompute_granularity": "full",
  "recompute_method": "uniform",
  "recompute_num_layers": 1,
  "rms_norm_eps": 1e-05,
  "rope_parameters": {
    "rope_theta": 500000.0,
    "rope_type": "default"
  },
  "rope_scaling": null,
  "rope_theta": 500000.0,
  "seq_length": 2048,
  "tensor_model_parallel_size": 2,
  "tie_word_embeddings": false,
  "torch_dtype": "float32",
  "use_cache": true,
  "use_fast_layer_norm": false,
  "vocab_size": 128256
}
, layer_idx=7)
[2026-05-12 06:50:47,351] [    INFO] pp_layers.py:899 - 9: DecoderLayerPipe(config=LlamaConfig {
  "architectures": [
    "LlamaForCausalLM"
  ],
  "attention_bias": false,
  "attention_dropout": 0.0,
  "bos_token_id": 128000,
  "enable_auto_parallel": false,
  "eos_token_id": 128001,
  "head_dim": 128,
  "hidden_act": "silu",
  "hidden_size": 4096,
  "initializer_range": 0.009020646889913162,
  "intermediate_size": 14336,
  "is_lora": false,
  "max_position_embeddings": 8192,
  "max_sequence_length": 2048,
  "mlp_bias": false,
  "model_type": "llama",
  "moe_group_origin": "dummy",
  "moe_rank": 0,
  "moe_router_bias_update_rate": 0.0,
  "moe_world_size": 1,
  "num_attention_heads": 32,
  "num_hidden_layers": 32,
  "num_key_value_heads": 8,
  "pad_token_id": 0,
  "paddleformers_version": "1.1.0.post20260512",
  "pipeline_model_parallel_size": 2,
  "pp_seg_method": "layer:DecoderLayer|EmptyLayer",
  "pretraining_tp": 1,
  "recompute_granularity": "full",
  "recompute_method": "uniform",
  "recompute_num_layers": 1,
  "rms_norm_eps": 1e-05,
  "rope_parameters": {
    "rope_theta": 500000.0,
    "rope_type": "default"
  },
  "rope_scaling": null,
  "rope_theta": 500000.0,
  "seq_length": 2048,
  "tensor_model_parallel_size": 2,
  "tie_word_embeddings": false,
  "torch_dtype": "float32",
  "use_cache": true,
  "use_fast_layer_norm": false,
  "vocab_size": 128256
}
, layer_idx=8)
[2026-05-12 06:50:47,353] [    INFO] pp_layers.py:899 - 10: DecoderLayerPipe(config=LlamaConfig {
  "architectures": [
    "LlamaForCausalLM"
  ],
  "attention_bias": false,
  "attention_dropout": 0.0,
  "bos_token_id": 128000,
  "enable_auto_parallel": false,
  "eos_token_id": 128001,
  "head_dim": 128,
  "hidden_act": "silu",
  "hidden_size": 4096,
  "initializer_range": 0.009020646889913162,
  "intermediate_size": 14336,
  "is_lora": false,
  "max_position_embeddings": 8192,
  "max_sequence_length": 2048,
  "mlp_bias": false,
  "model_type": "llama",
  "moe_group_origin": "dummy",
  "moe_rank": 0,
  "moe_router_bias_update_rate": 0.0,
  "moe_world_size": 1,
  "num_attention_heads": 32,
  "num_hidden_layers": 32,
  "num_key_value_heads": 8,
  "pad_token_id": 0,
  "paddleformers_version": "1.1.0.post20260512",
  "pipeline_model_parallel_size": 2,
  "pp_seg_method": "layer:DecoderLayer|EmptyLayer",
  "pretraining_tp": 1,
  "recompute_granularity": "full",
  "recompute_method": "uniform",
  "recompute_num_layers": 1,
  "rms_norm_eps": 1e-05,
  "rope_parameters": {
    "rope_theta": 500000.0,
    "rope_type": "default"
  },
  "rope_scaling": null,
  "rope_theta": 500000.0,
  "seq_length": 2048,
  "tensor_model_parallel_size": 2,
  "tie_word_embeddings": false,
  "torch_dtype": "float32",
  "use_cache": true,
  "use_fast_layer_norm": false,
  "vocab_size": 128256
}
, layer_idx=9)
[2026-05-12 06:50:47,354] [    INFO] pp_layers.py:899 - 11: DecoderLayerPipe(config=LlamaConfig {
  "architectures": [
    "LlamaForCausalLM"
  ],
  "attention_bias": false,
  "attention_dropout": 0.0,
  "bos_token_id": 128000,
  "enable_auto_parallel": false,
  "eos_token_id": 128001,
  "head_dim": 128,
  "hidden_act": "silu",
  "hidden_size": 4096,
  "initializer_range": 0.009020646889913162,
  "intermediate_size": 14336,
  "is_lora": false,
  "max_position_embeddings": 8192,
  "max_sequence_length": 2048,
  "mlp_bias": false,
  "model_type": "llama",
  "moe_group_origin": "dummy",
  "moe_rank": 0,
  "moe_router_bias_update_rate": 0.0,
  "moe_world_size": 1,
  "num_attention_heads": 32,
  "num_hidden_layers": 32,
  "num_key_value_heads": 8,
  "pad_token_id": 0,
  "paddleformers_version": "1.1.0.post20260512",
  "pipeline_model_parallel_size": 2,
  "pp_seg_method": "layer:DecoderLayer|EmptyLayer",
  "pretraining_tp": 1,
  "recompute_granularity": "full",
  "recompute_method": "uniform",
  "recompute_num_layers": 1,
  "rms_norm_eps": 1e-05,
  "rope_parameters": {
    "rope_theta": 500000.0,
    "rope_type": "default"
  },
  "rope_scaling": null,
  "rope_theta": 500000.0,
  "seq_length": 2048,
  "tensor_model_parallel_size": 2,
  "tie_word_embeddings": false,
  "torch_dtype": "float32",
  "use_cache": true,
  "use_fast_layer_norm": false,
  "vocab_size": 128256
}
, layer_idx=10)
[2026-05-12 06:50:47,356] [    INFO] pp_layers.py:899 - 12: DecoderLayerPipe(config=LlamaConfig {
  "architectures": [
    "LlamaForCausalLM"
  ],
  "attention_bias": false,
  "attention_dropout": 0.0,
  "bos_token_id": 128000,
  "enable_auto_parallel": false,
  "eos_token_id": 128001,
  "head_dim": 128,
  "hidden_act": "silu",
  "hidden_size": 4096,
  "initializer_range": 0.009020646889913162,
  "intermediate_size": 14336,
  "is_lora": false,
  "max_position_embeddings": 8192,
  "max_sequence_length": 2048,
  "mlp_bias": false,
  "model_type": "llama",
  "moe_group_origin": "dummy",
  "moe_rank": 0,
  "moe_router_bias_update_rate": 0.0,
  "moe_world_size": 1,
  "num_attention_heads": 32,
  "num_hidden_layers": 32,
  "num_key_value_heads": 8,
  "pad_token_id": 0,
  "paddleformers_version": "1.1.0.post20260512",
  "pipeline_model_parallel_size": 2,
  "pp_seg_method": "layer:DecoderLayer|EmptyLayer",
  "pretraining_tp": 1,
  "recompute_granularity": "full",
  "recompute_method": "uniform",
  "recompute_num_layers": 1,
  "rms_norm_eps": 1e-05,
  "rope_parameters": {
    "rope_theta": 500000.0,
    "rope_type": "default"
  },
  "rope_scaling": null,
  "rope_theta": 500000.0,
  "seq_length": 2048,
  "tensor_model_parallel_size": 2,
  "tie_word_embeddings": false,
  "torch_dtype": "float32",
  "use_cache": true,
  "use_fast_layer_norm": false,
  "vocab_size": 128256
}
, layer_idx=11)
[2026-05-12 06:50:47,357] [    INFO] pp_layers.py:899 - 13: DecoderLayerPipe(config=LlamaConfig {
  "architectures": [
    "LlamaForCausalLM"
  ],
  "attention_bias": false,
  "attention_dropout": 0.0,
  "bos_token_id": 128000,
  "enable_auto_parallel": false,
  "eos_token_id": 128001,
  "head_dim": 128,
  "hidden_act": "silu",
  "hidden_size": 4096,
  "initializer_range": 0.009020646889913162,
  "intermediate_size": 14336,
  "is_lora": false,
  "max_position_embeddings": 8192,
  "max_sequence_length": 2048,
  "mlp_bias": false,
  "model_type": "llama",
  "moe_group_origin": "dummy",
  "moe_rank": 0,
  "moe_router_bias_update_rate": 0.0,
  "moe_world_size": 1,
  "num_attention_heads": 32,
  "num_hidden_layers": 32,
  "num_key_value_heads": 8,
  "pad_token_id": 0,
  "paddleformers_version": "1.1.0.post20260512",
  "pipeline_model_parallel_size": 2,
  "pp_seg_method": "layer:DecoderLayer|EmptyLayer",
  "pretraining_tp": 1,
  "recompute_granularity": "full",
  "recompute_method": "uniform",
  "recompute_num_layers": 1,
  "rms_norm_eps": 1e-05,
  "rope_parameters": {
    "rope_theta": 500000.0,
    "rope_type": "default"
  },
  "rope_scaling": null,
  "rope_theta": 500000.0,
  "seq_length": 2048,
  "tensor_model_parallel_size": 2,
  "tie_word_embeddings": false,
  "torch_dtype": "float32",
  "use_cache": true,
  "use_fast_layer_norm": false,
  "vocab_size": 128256
}
, layer_idx=12)
[2026-05-12 06:50:47,359] [    INFO] pp_layers.py:899 - 14: DecoderLayerPipe(config=LlamaConfig {
  "architectures": [
    "LlamaForCausalLM"
  ],
  "attention_bias": false,
  "attention_dropout": 0.0,
  "bos_token_id": 128000,
  "enable_auto_parallel": false,
  "eos_token_id": 128001,
  "head_dim": 128,
  "hidden_act": "silu",
  "hidden_size": 4096,
  "initializer_range": 0.009020646889913162,
  "intermediate_size": 14336,
  "is_lora": false,
  "max_position_embeddings": 8192,
  "max_sequence_length": 2048,
  "mlp_bias": false,
  "model_type": "llama",
  "moe_group_origin": "dummy",
  "moe_rank": 0,
  "moe_router_bias_update_rate": 0.0,
  "moe_world_size": 1,
  "num_attention_heads": 32,
  "num_hidden_layers": 32,
  "num_key_value_heads": 8,
  "pad_token_id": 0,
  "paddleformers_version": "1.1.0.post20260512",
  "pipeline_model_parallel_size": 2,
  "pp_seg_method": "layer:DecoderLayer|EmptyLayer",
  "pretraining_tp": 1,
  "recompute_granularity": "full",
  "recompute_method": "uniform",
  "recompute_num_layers": 1,
  "rms_norm_eps": 1e-05,
  "rope_parameters": {
    "rope_theta": 500000.0,
    "rope_type": "default"
  },
  "rope_scaling": null,
  "rope_theta": 500000.0,
  "seq_length": 2048,
  "tensor_model_parallel_size": 2,
  "tie_word_embeddings": false,
  "torch_dtype": "float32",
  "use_cache": true,
  "use_fast_layer_norm": false,
  "vocab_size": 128256
}
, layer_idx=13)
[2026-05-12 06:50:47,360] [    INFO] pp_layers.py:899 - 15: DecoderLayerPipe(config=LlamaConfig {
  "architectures": [
    "LlamaForCausalLM"
  ],
  "attention_bias": false,
  "attention_dropout": 0.0,
  "bos_token_id": 128000,
  "enable_auto_parallel": false,
  "eos_token_id": 128001,
  "head_dim": 128,
  "hidden_act": "silu",
  "hidden_size": 4096,
  "initializer_range": 0.009020646889913162,
  "intermediate_size": 14336,
  "is_lora": false,
  "max_position_embeddings": 8192,
  "max_sequence_length": 2048,
  "mlp_bias": false,
  "model_type": "llama",
  "moe_group_origin": "dummy",
  "moe_rank": 0,
  "moe_router_bias_update_rate": 0.0,
  "moe_world_size": 1,
  "num_attention_heads": 32,
  "num_hidden_layers": 32,
  "num_key_value_heads": 8,
  "pad_token_id": 0,
  "paddleformers_version": "1.1.0.post20260512",
  "pipeline_model_parallel_size": 2,
  "pp_seg_method": "layer:DecoderLayer|EmptyLayer",
  "pretraining_tp": 1,
  "recompute_granularity": "full",
  "recompute_method": "uniform",
  "recompute_num_layers": 1,
  "rms_norm_eps": 1e-05,
  "rope_parameters": {
    "rope_theta": 500000.0,
    "rope_type": "default"
  },
  "rope_scaling": null,
  "rope_theta": 500000.0,
  "seq_length": 2048,
  "tensor_model_parallel_size": 2,
  "tie_word_embeddings": false,
  "torch_dtype": "float32",
  "use_cache": true,
  "use_fast_layer_norm": false,
  "vocab_size": 128256
}
, layer_idx=14)
[2026-05-12 06:50:47,362] [    INFO] pp_layers.py:899 - 16: DecoderLayerPipe(config=LlamaConfig {
  "architectures": [
    "LlamaForCausalLM"
  ],
  "attention_bias": false,
  "attention_dropout": 0.0,
  "bos_token_id": 128000,
  "enable_auto_parallel": false,
  "eos_token_id": 128001,
  "head_dim": 128,
  "hidden_act": "silu",
  "hidden_size": 4096,
  "initializer_range": 0.009020646889913162,
  "intermediate_size": 14336,
  "is_lora": false,
  "max_position_embeddings": 8192,
  "max_sequence_length": 2048,
  "mlp_bias": false,
  "model_type": "llama",
  "moe_group_origin": "dummy",
  "moe_rank": 0,
  "moe_router_bias_update_rate": 0.0,
  "moe_world_size": 1,
  "num_attention_heads": 32,
  "num_hidden_layers": 32,
  "num_key_value_heads": 8,
  "pad_token_id": 0,
  "paddleformers_version": "1.1.0.post20260512",
  "pipeline_model_parallel_size": 2,
  "pp_seg_method": "layer:DecoderLayer|EmptyLayer",
  "pretraining_tp": 1,
  "recompute_granularity": "full",
  "recompute_method": "uniform",
  "recompute_num_layers": 1,
  "rms_norm_eps": 1e-05,
  "rope_parameters": {
    "rope_theta": 500000.0,
    "rope_type": "default"
  },
  "rope_scaling": null,
  "rope_theta": 500000.0,
  "seq_length": 2048,
  "tensor_model_parallel_size": 2,
  "tie_word_embeddings": false,
  "torch_dtype": "float32",
  "use_cache": true,
  "use_fast_layer_norm": false,
  "vocab_size": 128256
}
, layer_idx=15)
[2026-05-12 06:50:47,362] [    INFO] pp_layers.py:894 - stage=1, global_rank=0 ,layer_number=18
[2026-05-12 06:50:47,364] [    INFO] pp_layers.py:899 - 17: DecoderLayerPipe(config=LlamaConfig {
  "architectures": [
    "LlamaForCausalLM"
  ],
  "attention_bias": false,
  "attention_dropout": 0.0,
  "bos_token_id": 128000,
  "enable_auto_parallel": false,
  "eos_token_id": 128001,
  "head_dim": 128,
  "hidden_act": "silu",
  "hidden_size": 4096,
  "initializer_range": 0.009020646889913162,
  "intermediate_size": 14336,
  "is_lora": false,
  "max_position_embeddings": 8192,
  "max_sequence_length": 2048,
  "mlp_bias": false,
  "model_type": "llama",
  "moe_group_origin": "dummy",
  "moe_rank": 0,
  "moe_router_bias_update_rate": 0.0,
  "moe_world_size": 1,
  "num_attention_heads": 32,
  "num_hidden_layers": 32,
  "num_key_value_heads": 8,
  "pad_token_id": 0,
  "paddleformers_version": "1.1.0.post20260512",
  "pipeline_model_parallel_size": 2,
  "pp_seg_method": "layer:DecoderLayer|EmptyLayer",
  "pretraining_tp": 1,
  "recompute_granularity": "full",
  "recompute_method": "uniform",
  "recompute_num_layers": 1,
  "rms_norm_eps": 1e-05,
  "rope_parameters": {
    "rope_theta": 500000.0,
    "rope_type": "default"
  },
  "rope_scaling": null,
  "rope_theta": 500000.0,
  "seq_length": 2048,
  "tensor_model_parallel_size": 2,
  "tie_word_embeddings": false,
  "torch_dtype": "float32",
  "use_cache": true,
  "use_fast_layer_norm": false,
  "vocab_size": 128256
}
, layer_idx=16)
[2026-05-12 06:50:47,365] [    INFO] pp_layers.py:899 - 18: DecoderLayerPipe(config=LlamaConfig {
  "architectures": [
    "LlamaForCausalLM"
  ],
  "attention_bias": false,
  "attention_dropout": 0.0,
  "bos_token_id": 128000,
  "enable_auto_parallel": false,
  "eos_token_id": 128001,
  "head_dim": 128,
  "hidden_act": "silu",
  "hidden_size": 4096,
  "initializer_range": 0.009020646889913162,
  "intermediate_size": 14336,
  "is_lora": false,
  "max_position_embeddings": 8192,
  "max_sequence_length": 2048,
  "mlp_bias": false,
  "model_type": "llama",
  "moe_group_origin": "dummy",
  "moe_rank": 0,
  "moe_router_bias_update_rate": 0.0,
  "moe_world_size": 1,
  "num_attention_heads": 32,
  "num_hidden_layers": 32,
  "num_key_value_heads": 8,
  "pad_token_id": 0,
  "paddleformers_version": "1.1.0.post20260512",
  "pipeline_model_parallel_size": 2,
  "pp_seg_method": "layer:DecoderLayer|EmptyLayer",
  "pretraining_tp": 1,
  "recompute_granularity": "full",
  "recompute_method": "uniform",
  "recompute_num_layers": 1,
  "rms_norm_eps": 1e-05,
  "rope_parameters": {
    "rope_theta": 500000.0,
    "rope_type": "default"
  },
  "rope_scaling": null,
  "rope_theta": 500000.0,
  "seq_length": 2048,
  "tensor_model_parallel_size": 2,
  "tie_word_embeddings": false,
  "torch_dtype": "float32",
  "use_cache": true,
  "use_fast_layer_norm": false,
  "vocab_size": 128256
}
, layer_idx=17)
[2026-05-12 06:50:47,367] [    INFO] pp_layers.py:899 - 19: DecoderLayerPipe(config=LlamaConfig {
  "architectures": [
    "LlamaForCausalLM"
  ],
  "attention_bias": false,
  "attention_dropout": 0.0,
  "bos_token_id": 128000,
  "enable_auto_parallel": false,
  "eos_token_id": 128001,
  "head_dim": 128,
  "hidden_act": "silu",
  "hidden_size": 4096,
  "initializer_range": 0.009020646889913162,
  "intermediate_size": 14336,
  "is_lora": false,
  "max_position_embeddings": 8192,
  "max_sequence_length": 2048,
  "mlp_bias": false,
  "model_type": "llama",
  "moe_group_origin": "dummy",
  "moe_rank": 0,
  "moe_router_bias_update_rate": 0.0,
  "moe_world_size": 1,
  "num_attention_heads": 32,
  "num_hidden_layers": 32,
  "num_key_value_heads": 8,
  "pad_token_id": 0,
  "paddleformers_version": "1.1.0.post20260512",
  "pipeline_model_parallel_size": 2,
  "pp_seg_method": "layer:DecoderLayer|EmptyLayer",
  "pretraining_tp": 1,
  "recompute_granularity": "full",
  "recompute_method": "uniform",
  "recompute_num_layers": 1,
  "rms_norm_eps": 1e-05,
  "rope_parameters": {
    "rope_theta": 500000.0,
    "rope_type": "default"
  },
  "rope_scaling": null,
  "rope_theta": 500000.0,
  "seq_length": 2048,
  "tensor_model_parallel_size": 2,
  "tie_word_embeddings": false,
  "torch_dtype": "float32",
  "use_cache": true,
  "use_fast_layer_norm": false,
  "vocab_size": 128256
}
, layer_idx=18)
[2026-05-12 06:50:47,368] [    INFO] pp_layers.py:899 - 20: DecoderLayerPipe(config=LlamaConfig {
  "architectures": [
    "LlamaForCausalLM"
  ],
  "attention_bias": false,
  "attention_dropout": 0.0,
  "bos_token_id": 128000,
  "enable_auto_parallel": false,
  "eos_token_id": 128001,
  "head_dim": 128,
  "hidden_act": "silu",
  "hidden_size": 4096,
  "initializer_range": 0.009020646889913162,
  "intermediate_size": 14336,
  "is_lora": false,
  "max_position_embeddings": 8192,
  "max_sequence_length": 2048,
  "mlp_bias": false,
  "model_type": "llama",
  "moe_group_origin": "dummy",
  "moe_rank": 0,
  "moe_router_bias_update_rate": 0.0,
  "moe_world_size": 1,
  "num_attention_heads": 32,
  "num_hidden_layers": 32,
  "num_key_value_heads": 8,
  "pad_token_id": 0,
  "paddleformers_version": "1.1.0.post20260512",
  "pipeline_model_parallel_size": 2,
  "pp_seg_method": "layer:DecoderLayer|EmptyLayer",
  "pretraining_tp": 1,
  "recompute_granularity": "full",
  "recompute_method": "uniform",
  "recompute_num_layers": 1,
  "rms_norm_eps": 1e-05,
  "rope_parameters": {
    "rope_theta": 500000.0,
    "rope_type": "default"
  },
  "rope_scaling": null,
  "rope_theta": 500000.0,
  "seq_length": 2048,
  "tensor_model_parallel_size": 2,
  "tie_word_embeddings": false,
  "torch_dtype": "float32",
  "use_cache": true,
  "use_fast_layer_norm": false,
  "vocab_size": 128256
}
, layer_idx=19)
[2026-05-12 06:50:47,370] [    INFO] pp_layers.py:899 - 21: DecoderLayerPipe(config=LlamaConfig {
  "architectures": [
    "LlamaForCausalLM"
  ],
  "attention_bias": false,
  "attention_dropout": 0.0,
  "bos_token_id": 128000,
  "enable_auto_parallel": false,
  "eos_token_id": 128001,
  "head_dim": 128,
  "hidden_act": "silu",
  "hidden_size": 4096,
  "initializer_range": 0.009020646889913162,
  "intermediate_size": 14336,
  "is_lora": false,
  "max_position_embeddings": 8192,
  "max_sequence_length": 2048,
  "mlp_bias": false,
  "model_type": "llama",
  "moe_group_origin": "dummy",
  "moe_rank": 0,
  "moe_router_bias_update_rate": 0.0,
  "moe_world_size": 1,
  "num_attention_heads": 32,
  "num_hidden_layers": 32,
  "num_key_value_heads": 8,
  "pad_token_id": 0,
  "paddleformers_version": "1.1.0.post20260512",
  "pipeline_model_parallel_size": 2,
  "pp_seg_method": "layer:DecoderLayer|EmptyLayer",
  "pretraining_tp": 1,
  "recompute_granularity": "full",
  "recompute_method": "uniform",
  "recompute_num_layers": 1,
  "rms_norm_eps": 1e-05,
  "rope_parameters": {
    "rope_theta": 500000.0,
    "rope_type": "default"
  },
  "rope_scaling": null,
  "rope_theta": 500000.0,
  "seq_length": 2048,
  "tensor_model_parallel_size": 2,
  "tie_word_embeddings": false,
  "torch_dtype": "float32",
  "use_cache": true,
  "use_fast_layer_norm": false,
  "vocab_size": 128256
}
, layer_idx=20)
[2026-05-12 06:50:47,371] [    INFO] pp_layers.py:899 - 22: DecoderLayerPipe(config=LlamaConfig {
  "architectures": [
    "LlamaForCausalLM"
  ],
  "attention_bias": false,
  "attention_dropout": 0.0,
  "bos_token_id": 128000,
  "enable_auto_parallel": false,
  "eos_token_id": 128001,
  "head_dim": 128,
  "hidden_act": "silu",
  "hidden_size": 4096,
  "initializer_range": 0.009020646889913162,
  "intermediate_size": 14336,
  "is_lora": false,
  "max_position_embeddings": 8192,
  "max_sequence_length": 2048,
  "mlp_bias": false,
  "model_type": "llama",
  "moe_group_origin": "dummy",
  "moe_rank": 0,
  "moe_router_bias_update_rate": 0.0,
  "moe_world_size": 1,
  "num_attention_heads": 32,
  "num_hidden_layers": 32,
  "num_key_value_heads": 8,
  "pad_token_id": 0,
  "paddleformers_version": "1.1.0.post20260512",
  "pipeline_model_parallel_size": 2,
  "pp_seg_method": "layer:DecoderLayer|EmptyLayer",
  "pretraining_tp": 1,
  "recompute_granularity": "full",
  "recompute_method": "uniform",
  "recompute_num_layers": 1,
  "rms_norm_eps": 1e-05,
  "rope_parameters": {
    "rope_theta": 500000.0,
    "rope_type": "default"
  },
  "rope_scaling": null,
  "rope_theta": 500000.0,
  "seq_length": 2048,
  "tensor_model_parallel_size": 2,
  "tie_word_embeddings": false,
  "torch_dtype": "float32",
  "use_cache": true,
  "use_fast_layer_norm": false,
  "vocab_size": 128256
}
, layer_idx=21)
[2026-05-12 06:50:47,373] [    INFO] pp_layers.py:899 - 23: DecoderLayerPipe(config=LlamaConfig {
  "architectures": [
    "LlamaForCausalLM"
  ],
  "attention_bias": false,
  "attention_dropout": 0.0,
  "bos_token_id": 128000,
  "enable_auto_parallel": false,
  "eos_token_id": 128001,
  "head_dim": 128,
  "hidden_act": "silu",
  "hidden_size": 4096,
  "initializer_range": 0.009020646889913162,
  "intermediate_size": 14336,
  "is_lora": false,
  "max_position_embeddings": 8192,
  "max_sequence_length": 2048,
  "mlp_bias": false,
  "model_type": "llama",
  "moe_group_origin": "dummy",
  "moe_rank": 0,
  "moe_router_bias_update_rate": 0.0,
  "moe_world_size": 1,
  "num_attention_heads": 32,
  "num_hidden_layers": 32,
  "num_key_value_heads": 8,
  "pad_token_id": 0,
  "paddleformers_version": "1.1.0.post20260512",
  "pipeline_model_parallel_size": 2,
  "pp_seg_method": "layer:DecoderLayer|EmptyLayer",
  "pretraining_tp": 1,
  "recompute_granularity": "full",
  "recompute_method": "uniform",
  "recompute_num_layers": 1,
  "rms_norm_eps": 1e-05,
  "rope_parameters": {
    "rope_theta": 500000.0,
    "rope_type": "default"
  },
  "rope_scaling": null,
  "rope_theta": 500000.0,
  "seq_length": 2048,
  "tensor_model_parallel_size": 2,
  "tie_word_embeddings": false,
  "torch_dtype": "float32",
  "use_cache": true,
  "use_fast_layer_norm": false,
  "vocab_size": 128256
}
, layer_idx=22)
[2026-05-12 06:50:47,374] [    INFO] pp_layers.py:899 - 24: DecoderLayerPipe(config=LlamaConfig {
  "architectures": [
    "LlamaForCausalLM"
  ],
  "attention_bias": false,
  "attention_dropout": 0.0,
  "bos_token_id": 128000,
  "enable_auto_parallel": false,
  "eos_token_id": 128001,
  "head_dim": 128,
  "hidden_act": "silu",
  "hidden_size": 4096,
  "initializer_range": 0.009020646889913162,
  "intermediate_size": 14336,
  "is_lora": false,
  "max_position_embeddings": 8192,
  "max_sequence_length": 2048,
  "mlp_bias": false,
  "model_type": "llama",
  "moe_group_origin": "dummy",
  "moe_rank": 0,
  "moe_router_bias_update_rate": 0.0,
  "moe_world_size": 1,
  "num_attention_heads": 32,
  "num_hidden_layers": 32,
  "num_key_value_heads": 8,
  "pad_token_id": 0,
  "paddleformers_version": "1.1.0.post20260512",
  "pipeline_model_parallel_size": 2,
  "pp_seg_method": "layer:DecoderLayer|EmptyLayer",
  "pretraining_tp": 1,
  "recompute_granularity": "full",
  "recompute_method": "uniform",
  "recompute_num_layers": 1,
  "rms_norm_eps": 1e-05,
  "rope_parameters": {
    "rope_theta": 500000.0,
    "rope_type": "default"
  },
  "rope_scaling": null,
  "rope_theta": 500000.0,
  "seq_length": 2048,
  "tensor_model_parallel_size": 2,
  "tie_word_embeddings": false,
  "torch_dtype": "float32",
  "use_cache": true,
  "use_fast_layer_norm": false,
  "vocab_size": 128256
}
, layer_idx=23)
[2026-05-12 06:50:47,376] [    INFO] pp_layers.py:899 - 25: DecoderLayerPipe(config=LlamaConfig {
  "architectures": [
    "LlamaForCausalLM"
  ],
  "attention_bias": false,
  "attention_dropout": 0.0,
  "bos_token_id": 128000,
  "enable_auto_parallel": false,
  "eos_token_id": 128001,
  "head_dim": 128,
  "hidden_act": "silu",
  "hidden_size": 4096,
  "initializer_range": 0.009020646889913162,
  "intermediate_size": 14336,
  "is_lora": false,
  "max_position_embeddings": 8192,
  "max_sequence_length": 2048,
  "mlp_bias": false,
  "model_type": "llama",
  "moe_group_origin": "dummy",
  "moe_rank": 0,
  "moe_router_bias_update_rate": 0.0,
  "moe_world_size": 1,
  "num_attention_heads": 32,
  "num_hidden_layers": 32,
  "num_key_value_heads": 8,
  "pad_token_id": 0,
  "paddleformers_version": "1.1.0.post20260512",
  "pipeline_model_parallel_size": 2,
  "pp_seg_method": "layer:DecoderLayer|EmptyLayer",
  "pretraining_tp": 1,
  "recompute_granularity": "full",
  "recompute_method": "uniform",
  "recompute_num_layers": 1,
  "rms_norm_eps": 1e-05,
  "rope_parameters": {
    "rope_theta": 500000.0,
    "rope_type": "default"
  },
  "rope_scaling": null,
  "rope_theta": 500000.0,
  "seq_length": 2048,
  "tensor_model_parallel_size": 2,
  "tie_word_embeddings": false,
  "torch_dtype": "float32",
  "use_cache": true,
  "use_fast_layer_norm": false,
  "vocab_size": 128256
}
, layer_idx=24)
[2026-05-12 06:50:47,378] [    INFO] pp_layers.py:899 - 26: DecoderLayerPipe(config=LlamaConfig {
  "architectures": [
    "LlamaForCausalLM"
  ],
  "attention_bias": false,
  "attention_dropout": 0.0,
  "bos_token_id": 128000,
  "enable_auto_parallel": false,
  "eos_token_id": 128001,
  "head_dim": 128,
  "hidden_act": "silu",
  "hidden_size": 4096,
  "initializer_range": 0.009020646889913162,
  "intermediate_size": 14336,
  "is_lora": false,
  "max_position_embeddings": 8192,
  "max_sequence_length": 2048,
  "mlp_bias": false,
  "model_type": "llama",
  "moe_group_origin": "dummy",
  "moe_rank": 0,
  "moe_router_bias_update_rate": 0.0,
  "moe_world_size": 1,
  "num_attention_heads": 32,
  "num_hidden_layers": 32,
  "num_key_value_heads": 8,
  "pad_token_id": 0,
  "paddleformers_version": "1.1.0.post20260512",
  "pipeline_model_parallel_size": 2,
  "pp_seg_method": "layer:DecoderLayer|EmptyLayer",
  "pretraining_tp": 1,
  "recompute_granularity": "full",
  "recompute_method": "uniform",
  "recompute_num_layers": 1,
  "rms_norm_eps": 1e-05,
  "rope_parameters": {
    "rope_theta": 500000.0,
    "rope_type": "default"
  },
  "rope_scaling": null,
  "rope_theta": 500000.0,
  "seq_length": 2048,
  "tensor_model_parallel_size": 2,
  "tie_word_embeddings": false,
  "torch_dtype": "float32",
  "use_cache": true,
  "use_fast_layer_norm": false,
  "vocab_size": 128256
}
, layer_idx=25)
[2026-05-12 06:50:47,379] [    INFO] pp_layers.py:899 - 27: DecoderLayerPipe(config=LlamaConfig {
  "architectures": [
    "LlamaForCausalLM"
  ],
  "attention_bias": false,
  "attention_dropout": 0.0,
  "bos_token_id": 128000,
  "enable_auto_parallel": false,
  "eos_token_id": 128001,
  "head_dim": 128,
  "hidden_act": "silu",
  "hidden_size": 4096,
  "initializer_range": 0.009020646889913162,
  "intermediate_size": 14336,
  "is_lora": false,
  "max_position_embeddings": 8192,
  "max_sequence_length": 2048,
  "mlp_bias": false,
  "model_type": "llama",
  "moe_group_origin": "dummy",
  "moe_rank": 0,
  "moe_router_bias_update_rate": 0.0,
  "moe_world_size": 1,
  "num_attention_heads": 32,
  "num_hidden_layers": 32,
  "num_key_value_heads": 8,
  "pad_token_id": 0,
  "paddleformers_version": "1.1.0.post20260512",
  "pipeline_model_parallel_size": 2,
  "pp_seg_method": "layer:DecoderLayer|EmptyLayer",
  "pretraining_tp": 1,
  "recompute_granularity": "full",
  "recompute_method": "uniform",
  "recompute_num_layers": 1,
  "rms_norm_eps": 1e-05,
  "rope_parameters": {
    "rope_theta": 500000.0,
    "rope_type": "default"
  },
  "rope_scaling": null,
  "rope_theta": 500000.0,
  "seq_length": 2048,
  "tensor_model_parallel_size": 2,
  "tie_word_embeddings": false,
  "torch_dtype": "float32",
  "use_cache": true,
  "use_fast_layer_norm": false,
  "vocab_size": 128256
}
, layer_idx=26)
[2026-05-12 06:50:47,381] [    INFO] pp_layers.py:899 - 28: DecoderLayerPipe(config=LlamaConfig {
  "architectures": [
    "LlamaForCausalLM"
  ],
  "attention_bias": false,
  "attention_dropout": 0.0,
  "bos_token_id": 128000,
  "enable_auto_parallel": false,
  "eos_token_id": 128001,
  "head_dim": 128,
  "hidden_act": "silu",
  "hidden_size": 4096,
  "initializer_range": 0.009020646889913162,
  "intermediate_size": 14336,
  "is_lora": false,
  "max_position_embeddings": 8192,
  "max_sequence_length": 2048,
  "mlp_bias": false,
  "model_type": "llama",
  "moe_group_origin": "dummy",
  "moe_rank": 0,
  "moe_router_bias_update_rate": 0.0,
  "moe_world_size": 1,
  "num_attention_heads": 32,
  "num_hidden_layers": 32,
  "num_key_value_heads": 8,
  "pad_token_id": 0,
  "paddleformers_version": "1.1.0.post20260512",
  "pipeline_model_parallel_size": 2,
  "pp_seg_method": "layer:DecoderLayer|EmptyLayer",
  "pretraining_tp": 1,
  "recompute_granularity": "full",
  "recompute_method": "uniform",
  "recompute_num_layers": 1,
  "rms_norm_eps": 1e-05,
  "rope_parameters": {
    "rope_theta": 500000.0,
    "rope_type": "default"
  },
  "rope_scaling": null,
  "rope_theta": 500000.0,
  "seq_length": 2048,
  "tensor_model_parallel_size": 2,
  "tie_word_embeddings": false,
  "torch_dtype": "float32",
  "use_cache": true,
  "use_fast_layer_norm": false,
  "vocab_size": 128256
}
, layer_idx=27)
[2026-05-12 06:50:47,382] [    INFO] pp_layers.py:899 - 29: DecoderLayerPipe(config=LlamaConfig {
  "architectures": [
    "LlamaForCausalLM"
  ],
  "attention_bias": false,
  "attention_dropout": 0.0,
  "bos_token_id": 128000,
  "enable_auto_parallel": false,
  "eos_token_id": 128001,
  "head_dim": 128,
  "hidden_act": "silu",
  "hidden_size": 4096,
  "initializer_range": 0.009020646889913162,
  "intermediate_size": 14336,
  "is_lora": false,
  "max_position_embeddings": 8192,
  "max_sequence_length": 2048,
  "mlp_bias": false,
  "model_type": "llama",
  "moe_group_origin": "dummy",
  "moe_rank": 0,
  "moe_router_bias_update_rate": 0.0,
  "moe_world_size": 1,
  "num_attention_heads": 32,
  "num_hidden_layers": 32,
  "num_key_value_heads": 8,
  "pad_token_id": 0,
  "paddleformers_version": "1.1.0.post20260512",
  "pipeline_model_parallel_size": 2,
  "pp_seg_method": "layer:DecoderLayer|EmptyLayer",
  "pretraining_tp": 1,
  "recompute_granularity": "full",
  "recompute_method": "uniform",
  "recompute_num_layers": 1,
  "rms_norm_eps": 1e-05,
  "rope_parameters": {
    "rope_theta": 500000.0,
    "rope_type": "default"
  },
  "rope_scaling": null,
  "rope_theta": 500000.0,
  "seq_length": 2048,
  "tensor_model_parallel_size": 2,
  "tie_word_embeddings": false,
  "torch_dtype": "float32",
  "use_cache": true,
  "use_fast_layer_norm": false,
  "vocab_size": 128256
}
, layer_idx=28)
[2026-05-12 06:50:47,384] [    INFO] pp_layers.py:899 - 30: DecoderLayerPipe(config=LlamaConfig {
  "architectures": [
    "LlamaForCausalLM"
  ],
  "attention_bias": false,
  "attention_dropout": 0.0,
  "bos_token_id": 128000,
  "enable_auto_parallel": false,
  "eos_token_id": 128001,
  "head_dim": 128,
  "hidden_act": "silu",
  "hidden_size": 4096,
  "initializer_range": 0.009020646889913162,
  "intermediate_size": 14336,
  "is_lora": false,
  "max_position_embeddings": 8192,
  "max_sequence_length": 2048,
  "mlp_bias": false,
  "model_type": "llama",
  "moe_group_origin": "dummy",
  "moe_rank": 0,
  "moe_router_bias_update_rate": 0.0,
  "moe_world_size": 1,
  "num_attention_heads": 32,
  "num_hidden_layers": 32,
  "num_key_value_heads": 8,
  "pad_token_id": 0,
  "paddleformers_version": "1.1.0.post20260512",
  "pipeline_model_parallel_size": 2,
  "pp_seg_method": "layer:DecoderLayer|EmptyLayer",
  "pretraining_tp": 1,
  "recompute_granularity": "full",
  "recompute_method": "uniform",
  "recompute_num_layers": 1,
  "rms_norm_eps": 1e-05,
  "rope_parameters": {
    "rope_theta": 500000.0,
    "rope_type": "default"
  },
  "rope_scaling": null,
  "rope_theta": 500000.0,
  "seq_length": 2048,
  "tensor_model_parallel_size": 2,
  "tie_word_embeddings": false,
  "torch_dtype": "float32",
  "use_cache": true,
  "use_fast_layer_norm": false,
  "vocab_size": 128256
}
, layer_idx=29)
[2026-05-12 06:50:47,385] [    INFO] pp_layers.py:899 - 31: DecoderLayerPipe(config=LlamaConfig {
  "architectures": [
    "LlamaForCausalLM"
  ],
  "attention_bias": false,
  "attention_dropout": 0.0,
  "bos_token_id": 128000,
  "enable_auto_parallel": false,
  "eos_token_id": 128001,
  "head_dim": 128,
  "hidden_act": "silu",
  "hidden_size": 4096,
  "initializer_range": 0.009020646889913162,
  "intermediate_size": 14336,
  "is_lora": false,
  "max_position_embeddings": 8192,
  "max_sequence_length": 2048,
  "mlp_bias": false,
  "model_type": "llama",
  "moe_group_origin": "dummy",
  "moe_rank": 0,
  "moe_router_bias_update_rate": 0.0,
  "moe_world_size": 1,
  "num_attention_heads": 32,
  "num_hidden_layers": 32,
  "num_key_value_heads": 8,
  "pad_token_id": 0,
  "paddleformers_version": "1.1.0.post20260512",
  "pipeline_model_parallel_size": 2,
  "pp_seg_method": "layer:DecoderLayer|EmptyLayer",
  "pretraining_tp": 1,
  "recompute_granularity": "full",
  "recompute_method": "uniform",
  "recompute_num_layers": 1,
  "rms_norm_eps": 1e-05,
  "rope_parameters": {
    "rope_theta": 500000.0,
    "rope_type": "default"
  },
  "rope_scaling": null,
  "rope_theta": 500000.0,
  "seq_length": 2048,
  "tensor_model_parallel_size": 2,
  "tie_word_embeddings": false,
  "torch_dtype": "float32",
  "use_cache": true,
  "use_fast_layer_norm": false,
  "vocab_size": 128256
}
, layer_idx=30)
[2026-05-12 06:50:47,387] [    INFO] pp_layers.py:899 - 32: DecoderLayerPipe(config=LlamaConfig {
  "architectures": [
    "LlamaForCausalLM"
  ],
  "attention_bias": false,
  "attention_dropout": 0.0,
  "bos_token_id": 128000,
  "enable_auto_parallel": false,
  "eos_token_id": 128001,
  "head_dim": 128,
  "hidden_act": "silu",
  "hidden_size": 4096,
  "initializer_range": 0.009020646889913162,
  "intermediate_size": 14336,
  "is_lora": false,
  "max_position_embeddings": 8192,
  "max_sequence_length": 2048,
  "mlp_bias": false,
  "model_type": "llama",
  "moe_group_origin": "dummy",
  "moe_rank": 0,
  "moe_router_bias_update_rate": 0.0,
  "moe_world_size": 1,
  "num_attention_heads": 32,
  "num_hidden_layers": 32,
  "num_key_value_heads": 8,
  "pad_token_id": 0,
  "paddleformers_version": "1.1.0.post20260512",
  "pipeline_model_parallel_size": 2,
  "pp_seg_method": "layer:DecoderLayer|EmptyLayer",
  "pretraining_tp": 1,
  "recompute_granularity": "full",
  "recompute_method": "uniform",
  "recompute_num_layers": 1,
  "rms_norm_eps": 1e-05,
  "rope_parameters": {
    "rope_theta": 500000.0,
    "rope_type": "default"
  },
  "rope_scaling": null,
  "rope_theta": 500000.0,
  "seq_length": 2048,
  "tensor_model_parallel_size": 2,
  "tie_word_embeddings": false,
  "torch_dtype": "float32",
  "use_cache": true,
  "use_fast_layer_norm": false,
  "vocab_size": 128256
}
, layer_idx=31)
[2026-05-12 06:50:47,389] [    INFO] pp_layers.py:899 - 33: RMSNormPipe(config=LlamaConfig {
  "architectures": [
    "LlamaForCausalLM"
  ],
  "attention_bias": false,
  "attention_dropout": 0.0,
  "bos_token_id": 128000,
  "enable_auto_parallel": false,
  "eos_token_id": 128001,
  "head_dim": 128,
  "hidden_act": "silu",
  "hidden_size": 4096,
  "initializer_range": 0.009020646889913162,
  "intermediate_size": 14336,
  "is_lora": false,
  "max_position_embeddings": 8192,
  "max_sequence_length": 2048,
  "mlp_bias": false,
  "model_type": "llama",
  "moe_group_origin": "dummy",
  "moe_rank": 0,
  "moe_router_bias_update_rate": 0.0,
  "moe_world_size": 1,
  "num_attention_heads": 32,
  "num_hidden_layers": 32,
  "num_key_value_heads": 8,
  "pad_token_id": 0,
  "paddleformers_version": "1.1.0.post20260512",
  "pipeline_model_parallel_size": 2,
  "pp_seg_method": "layer:DecoderLayer|EmptyLayer",
  "pretraining_tp": 1,
  "recompute_granularity": "full",
  "recompute_method": "uniform",
  "recompute_num_layers": 1,
  "rms_norm_eps": 1e-05,
  "rope_parameters": {
    "rope_theta": 500000.0,
    "rope_type": "default"
  },
  "rope_scaling": null,
  "rope_theta": 500000.0,
  "seq_length": 2048,
  "tensor_model_parallel_size": 2,
  "tie_word_embeddings": false,
  "torch_dtype": "float32",
  "use_cache": true,
  "use_fast_layer_norm": false,
  "vocab_size": 128256
}
)
[2026-05-12 06:50:47,390] [    INFO] pp_layers.py:899 - 34: LMHeadPipe(config=LlamaConfig {
  "architectures": [
    "LlamaForCausalLM"
  ],
  "attention_bias": false,
  "attention_dropout": 0.0,
  "bos_token_id": 128000,
  "enable_auto_parallel": false,
  "eos_token_id": 128001,
  "head_dim": 128,
  "hidden_act": "silu",
  "hidden_size": 4096,
  "initializer_range": 0.009020646889913162,
  "intermediate_size": 14336,
  "is_lora": false,
  "max_position_embeddings": 8192,
  "max_sequence_length": 2048,
  "mlp_bias": false,
  "model_type": "llama",
  "moe_group_origin": "dummy",
  "moe_rank": 0,
  "moe_router_bias_update_rate": 0.0,
  "moe_world_size": 1,
  "num_attention_heads": 32,
  "num_hidden_layers": 32,
  "num_key_value_heads": 8,
  "pad_token_id": 0,
  "paddleformers_version": "1.1.0.post20260512",
  "pipeline_model_parallel_size": 2,
  "pp_seg_method": "layer:DecoderLayer|EmptyLayer",
  "pretraining_tp": 1,
  "recompute_granularity": "full",
  "recompute_method": "uniform",
  "recompute_num_layers": 1,
  "rms_norm_eps": 1e-05,
  "rope_parameters": {
    "rope_theta": 500000.0,
    "rope_type": "default"
  },
  "rope_scaling": null,
  "rope_theta": 500000.0,
  "seq_length": 2048,
  "tensor_model_parallel_size": 2,
  "tie_word_embeddings": false,
  "torch_dtype": "float32",
  "use_cache": true,
  "use_fast_layer_norm": false,
  "vocab_size": 128256
}
)
[2026-05-12 06:50:47,390] [    INFO] pp_layers.py:921 - loss: CriterionLayerPipe
[2026-05-12 06:50:47,477] [    INFO] pp_layers.py:978 - flush 17 of layers into run_function
/workspace/Paddle/build/python/paddle/distributed/fleet/meta_parallel/parallel_layers/pp_layers.py:674: UserWarning: No shared comm will be constructed, this may happen when all shared attrs are on a same stage.
  warnings.warn(
W0512 06:50:47.521111 37919 nccl_comm_context.cc:70] ncclCommInitRankConfigMemOpt is not supported.
[2026-05-12 06:50:48,161] [    INFO] load_state_dict.py:188 - Found HuggingFace-format checkpoint with files: model-00003-of-00004.safetensors, model-00004-of-00004.safetensors, model-00002-of-00004.safetensors, model-00001-of-00004.safetensors
[2026-05-12 06:50:48,161] [    INFO] load_state_dict.py:197 - No metadata file found in the checkpoint directory: ./models/Llama-3-8b. Creating one now.
[2026-05-12 06:50:48,296] [    INFO] utils.py:382 - Process 37919 successfully wrote the metadata to the file.
[2026-05-12 06:50:48,377] [    INFO] load_state_dict.py:207 - Created metadata file: flex-ckpt.auto_generated.metadata successfully.
[2026-05-12 06:50:48,499] [    INFO] load_state_dict.py:1212 - The unique_id:0 is used.
[2026-05-12 06:50:48,504] [    INFO] load_state_dict.py:188 - Found HuggingFace-format checkpoint with files: model-00003-of-00004.safetensors, model-00004-of-00004.safetensors, model-00002-of-00004.safetensors, model-00001-of-00004.safetensors
[2026-05-12 06:50:48,507] [ WARNING] load_state_dict.py:325 - Unexpected keys:{'model.layers.31.mlp.up_proj.weight', 'model.layers.29.self_attn.q_proj.weight', 'model.layers.20.self_attn.o_proj.weight', 'model.layers.19.self_attn.q_proj.weight', 'model.layers.17.input_layernorm.weight', 'model.layers.18.input_layernorm.weight', 'model.layers.23.mlp.down_proj.weight', 'model.layers.22.mlp.gate_proj.weight', 'model.layers.25.self_attn.o_proj.weight', 'model.layers.23.self_attn.o_proj.weight', 'model.layers.22.mlp.up_proj.weight', 'model.layers.22.mlp.down_proj.weight', 'model.layers.26.mlp.gate_proj.weight', 'model.layers.29.self_attn.k_proj.weight', 'model.layers.16.mlp.down_proj.weight', 'model.layers.31.self_attn.q_proj.weight', 'model.layers.18.self_attn.k_proj.weight', 'model.layers.27.mlp.down_proj.weight', 'model.layers.21.self_attn.v_proj.weight', 'model.layers.17.self_attn.k_proj.weight', 'model.layers.22.input_layernorm.weight', 'model.layers.16.self_attn.o_proj.weight', 'model.layers.28.input_layernorm.weight', 'model.layers.30.input_layernorm.weight', 'model.layers.21.mlp.gate_proj.weight', 'model.layers.28.self_attn.q_proj.weight', 'model.layers.24.self_attn.o_proj.weight', 'model.layers.24.post_attention_layernorm.weight', 'model.layers.29.mlp.gate_proj.weight', 'model.layers.24.input_layernorm.weight', 'model.layers.19.mlp.gate_proj.weight', 'model.layers.23.input_layernorm.weight', 'model.layers.26.self_attn.q_proj.weight', 'model.layers.23.post_attention_layernorm.weight', 'model.layers.25.post_attention_layernorm.weight', 'model.layers.19.self_attn.k_proj.weight', 'model.layers.17.self_attn.v_proj.weight', 'model.layers.28.mlp.up_proj.weight', 'model.layers.19.input_layernorm.weight', 'model.layers.19.mlp.up_proj.weight', 'model.layers.25.mlp.up_proj.weight', 'model.layers.26.input_layernorm.weight', 'model.layers.16.mlp.gate_proj.weight', 'model.layers.24.mlp.down_proj.weight', 'model.layers.26.post_attention_layernorm.weight', 'model.layers.30.mlp.up_proj.weight', 'model.layers.30.post_attention_layernorm.weight', 'model.layers.20.mlp.up_proj.weight', 'model.layers.17.mlp.gate_proj.weight', 'model.layers.18.mlp.up_proj.weight', 'model.layers.23.mlp.gate_proj.weight', 'model.layers.22.self_attn.o_proj.weight', 'model.layers.30.mlp.gate_proj.weight', 'model.layers.25.mlp.gate_proj.weight', 'model.layers.20.self_attn.v_proj.weight', 'model.layers.25.self_attn.k_proj.weight', 'model.layers.21.post_attention_layernorm.weight', 'model.layers.20.self_attn.q_proj.weight', 'model.layers.28.mlp.down_proj.weight', 'model.layers.19.self_attn.v_proj.weight', 'model.layers.17.self_attn.o_proj.weight', 'model.layers.29.mlp.up_proj.weight', 'model.layers.25.input_layernorm.weight', 'model.layers.27.self_attn.k_proj.weight', 'model.layers.28.self_attn.v_proj.weight', 'model.layers.27.self_attn.o_proj.weight', 'model.layers.27.input_layernorm.weight', 'model.layers.27.post_attention_layernorm.weight', 'model.layers.27.self_attn.v_proj.weight', 'model.layers.22.self_attn.k_proj.weight', 'model.layers.22.self_attn.q_proj.weight', 'model.layers.16.post_attention_layernorm.weight', 'model.layers.26.mlp.down_proj.weight', 'model.layers.27.mlp.gate_proj.weight', 'model.layers.28.self_attn.k_proj.weight', 'model.layers.25.self_attn.v_proj.weight', 'model.layers.17.post_attention_layernorm.weight', 'lm_head.weight', 'model.layers.20.input_layernorm.weight', 'model.layers.18.mlp.down_proj.weight', 'model.layers.24.mlp.up_proj.weight', 'model.layers.27.self_attn.q_proj.weight', 'model.layers.17.self_attn.q_proj.weight', 'model.layers.21.mlp.down_proj.weight', 'model.layers.31.input_layernorm.weight', 'model.layers.17.mlp.down_proj.weight', 'model.layers.28.mlp.gate_proj.weight', 'model.layers.26.self_attn.k_proj.weight', 'model.layers.23.self_attn.k_proj.weight', 'model.layers.26.mlp.up_proj.weight', 'model.layers.21.self_attn.k_proj.weight', 'model.layers.21.input_layernorm.weight', 'model.layers.31.mlp.down_proj.weight', 'model.norm.weight', 'model.layers.23.mlp.up_proj.weight', 'model.layers.30.mlp.down_proj.weight', 'model.layers.27.mlp.up_proj.weight', 'model.layers.31.self_attn.v_proj.weight', 'model.layers.31.self_attn.o_proj.weight', 'model.layers.31.mlp.gate_proj.weight', 'model.layers.26.self_attn.o_proj.weight', 'model.layers.24.self_attn.q_proj.weight', 'model.layers.19.mlp.down_proj.weight', 'model.layers.18.mlp.gate_proj.weight', 'model.layers.28.self_attn.o_proj.weight', 'model.layers.20.mlp.down_proj.weight', 'model.layers.26.self_attn.v_proj.weight', 'model.layers.31.post_attention_layernorm.weight', 'model.layers.16.self_attn.k_proj.weight', 'model.layers.19.self_attn.o_proj.weight', 'model.layers.18.self_attn.q_proj.weight', 'model.layers.30.self_attn.o_proj.weight', 'model.layers.30.self_attn.q_proj.weight', 'model.layers.20.mlp.gate_proj.weight', 'model.layers.24.self_attn.v_proj.weight', 'model.layers.18.self_attn.v_proj.weight', 'model.layers.23.self_attn.v_proj.weight', 'model.layers.16.self_attn.v_proj.weight', 'model.layers.23.self_attn.q_proj.weight', 'model.layers.29.input_layernorm.weight', 'model.layers.16.input_layernorm.weight', 'model.layers.25.mlp.down_proj.weight', 'model.layers.29.self_attn.v_proj.weight', 'model.layers.21.self_attn.q_proj.weight', 'model.layers.29.post_attention_layernorm.weight', 'model.layers.19.post_attention_layernorm.weight', 'model.layers.29.self_attn.o_proj.weight', 'model.layers.30.self_attn.k_proj.weight', 'model.layers.16.self_attn.q_proj.weight', 'model.layers.24.self_attn.k_proj.weight', 'model.layers.29.mlp.down_proj.weight', 'model.layers.24.mlp.gate_proj.weight', 'model.layers.20.post_attention_layernorm.weight', 'model.layers.21.mlp.up_proj.weight', 'model.layers.25.self_attn.q_proj.weight', 'model.layers.16.mlp.up_proj.weight', 'model.layers.22.post_attention_layernorm.weight', 'model.layers.18.self_attn.o_proj.weight', 'model.layers.17.mlp.up_proj.weight', 'model.layers.20.self_attn.k_proj.weight', 'model.layers.18.post_attention_layernorm.weight', 'model.layers.31.self_attn.k_proj.weight', 'model.layers.28.post_attention_layernorm.weight', 'model.layers.22.self_attn.v_proj.weight', 'model.layers.30.self_attn.v_proj.weight', 'model.layers.21.self_attn.o_proj.weight'}, these keys exist in checkpoint but not in state_dict.
[2026-05-12 06:50:48,508] [    INFO] load_state_dict.py:1265 - Rank 0: loading files from ['model-00001-of-00004.safetensors'].
[2026-05-12 06:50:56,627] [    INFO] resharder.py:372 - ReadItem generation completed, with a total of 582.
[2026-05-12 06:50:56,628] [    INFO] reshard_comm.py:196 - Generated 332 communication tasks.
[2026-05-12 06:50:56,628] [    INFO] reshard_comm.py:197 - Generated 250 local tasks.
[2026-05-12 06:50:57,704] [    INFO] reshard_comm.py:206 - Rank 0 finished local copy and entered communication phase.
[2026-05-12 06:51:03,443] [    INFO] reshard_comm.py:216 - 291/291 tasks have been sent/received successfully!
[2026-05-12 06:51:03,444] [    INFO] reshard_comm.py:288 - All communication tasks completed.
[32m[2026-05-12 06:51:04,053] [    INFO][0m - Using download source: huggingface[0m
[32m[2026-05-12 06:51:05,211] [    INFO][0m - Loading configuration file ./models/Llama-3-8b/config.json[0m
[32m[2026-05-12 06:51:05,212] [    INFO][0m - Using download source: huggingface[0m
[33m[2026-05-12 06:51:06,382] [ WARNING][0m - `template` was not specified, use `empty` template.[0m
[33m[2026-05-12 06:51:06,384] [ WARNING][0m - suffix is not specified, using eos token as suffix.[0m
[32m[2026-05-12 06:51:06,385] [    INFO][0m - self.dataset_num_proc: None[0m
[33m[2026-05-12 06:51:06,386] [ WARNING][0m - Truncate packing is only valid in pretraining data flow[0m
[32m[2026-05-12 06:51:06,386] [    INFO][0m - [dataflow] truncation_strategy: delete[0m
[32m[2026-05-12 06:51:06,403] [    INFO][0m - self.num_reserved_tokens_for_each_dialog: 2[0m
[32m[2026-05-12 06:51:06,405] [    INFO][0m - Loading ./data/sft/school_math_0.25M/train_llama3.json as stream.[0m
json file path: ./data/sft/school_math_0.25M/train_llama3.json
[33m[2026-05-12 06:51:08,759] [ WARNING][0m - preprocess data error: Ignore example with empty string in str / tgt field., data: {'src': ['<|begin_of_text|><|s[0m
[load json] done. total: 245997 lines, elapsed: 3.30s
[32m[2026-05-12 06:51:09,718] [    INFO][0m - self.dataset_num_proc: None[0m
[32m[2026-05-12 06:51:09,718] [    INFO][0m - [dataflow] truncation_strategy: delete[0m
[32m[2026-05-12 06:51:09,718] [    INFO][0m - self.num_reserved_tokens_for_each_dialog: 2[0m
[32m[2026-05-12 06:51:09,719] [    INFO][0m - Loading ./data/sft/school_math_0.25M/dev_llama3.json as stream.[0m
json file path: ./data/sft/school_math_0.25M/dev_llama3.json
[load json] done. total: 2484 lines, elapsed: 0.03s
[32m[2026-05-12 06:51:09,747] [    INFO][0m - Setting max_seq_len to 2048 using PaddleFormers Model.[0m
callbacks: [<paddleformers.trainer.trainer_callback.FP8QuantWeightCallback object at 0x7f15587bb1c0>]
[35m[2026-05-12 06:51:09,747] [   DEBUG][0m - 0: main local process completed work, releasing all replicas[0m
[32m[2026-05-12 06:51:10,212] [    INFO][0m - The global seed is set to 23, local seed is set to 27 and random seed is set to 23.[0m
[32m[2026-05-12 06:51:10,251] [    INFO][0m - max_steps is given, it will override any value given in num_train_epochs[0m
[32m[2026-05-12 06:51:10,251] [    INFO][0m - Using half precision[0m
/workspace/PaddleFormers/paddleformers/trainer/trainer.py:641: VisibleDeprecationWarning: [93m
Warning:
API "paddle.distributed.fleet.utils.mix_precision_utils.MixPrecisionScaler" is deprecated since 2.5.0, and will be removed in future versions. Please use "paddle.distributed_scaler" instead. [0m
  mix_precision_utils.MixPrecisionScaler(self.scaler)  # return value has no use
[35m[2026-05-12 06:51:10,254] [   DEBUG][0m - ============================================================[0m
[35m[2026-05-12 06:51:10,255] [   DEBUG][0m -     Training Configuration Arguments    [0m
[35m[2026-05-12 06:51:10,255] [   DEBUG][0m - paddle commit id              : 328272eb92b8b82b6b05e1bd6b4de36793bef9e6[0m
[35m[2026-05-12 06:51:10,255] [   DEBUG][0m - paddleformers commit id       : 733171e1d61277b1b9d12869ff882b8422f3b939.dirty[0m
[35m[2026-05-12 06:51:10,255] [   DEBUG][0m - _no_sync_in_gradient_accumulation: True[0m
[35m[2026-05-12 06:51:10,255] [   DEBUG][0m - adam_beta1                    : 0.9[0m
[35m[2026-05-12 06:51:10,255] [   DEBUG][0m - adam_beta2                    : 0.999[0m
[35m[2026-05-12 06:51:10,255] [   DEBUG][0m - adam_epsilon                  : 1e-08[0m
[35m[2026-05-12 06:51:10,255] [   DEBUG][0m - amp_custom_black_list         : ['reduce_sum', 'softmax_with_cross_entropy', 'c_softmax_with_cross_entropy', 'elementwise_div', 'sin', 'cos'][0m
[35m[2026-05-12 06:51:10,255] [   DEBUG][0m - amp_custom_white_list         : ['lookup_table', 'lookup_table_v2', 'flash_attn', 'matmul', 'matmul_v2', 'fused_gemm_epilogue'][0m
[35m[2026-05-12 06:51:10,255] [   DEBUG][0m - amp_master_grad               : True[0m
[35m[2026-05-12 06:51:10,255] [   DEBUG][0m - aoa_config                    : None[0m
[35m[2026-05-12 06:51:10,256] [   DEBUG][0m - apply_rope_fusion             : False[0m
[35m[2026-05-12 06:51:10,256] [   DEBUG][0m - attention_probs_dropout_prob  : 0.0[0m
[35m[2026-05-12 06:51:10,256] [   DEBUG][0m - auto_parallel_resume_form_hybrid_parallel: False[0m
[35m[2026-05-12 06:51:10,256] [   DEBUG][0m - auto_parallel_sync_shared_params: False[0m
[35m[2026-05-12 06:51:10,256] [   DEBUG][0m - autotuner_benchmark           : False[0m
[35m[2026-05-12 06:51:10,256] [   DEBUG][0m - balanced_image_preprocess     : False[0m
[35m[2026-05-12 06:51:10,256] [   DEBUG][0m - batch_p2p_comm                : True[0m
[35m[2026-05-12 06:51:10,256] [   DEBUG][0m - benchmark                     : False[0m
[35m[2026-05-12 06:51:10,256] [   DEBUG][0m - best_unbalanced_scheduler     : False[0m
[35m[2026-05-12 06:51:10,256] [   DEBUG][0m - beta                          : 0.1[0m
[35m[2026-05-12 06:51:10,256] [   DEBUG][0m - bf16                          : True[0m
[35m[2026-05-12 06:51:10,256] [   DEBUG][0m - bf16_full_eval                : False[0m
[35m[2026-05-12 06:51:10,256] [   DEBUG][0m - ckpt_quant_stage              : O0[0m
[35m[2026-05-12 06:51:10,256] [   DEBUG][0m - clear_every_step_cache        : False[0m
[35m[2026-05-12 06:51:10,256] [   DEBUG][0m - compute_type                  : bf16[0m
[35m[2026-05-12 06:51:10,256] [   DEBUG][0m - context_parallel_rank         : 0[0m
[35m[2026-05-12 06:51:10,256] [   DEBUG][0m - context_parallel_size         : 1[0m
[35m[2026-05-12 06:51:10,256] [   DEBUG][0m - convert_from_hf               : True[0m
[35m[2026-05-12 06:51:10,256] [   DEBUG][0m - copy_custom_file_list         : [0m
[35m[2026-05-12 06:51:10,256] [   DEBUG][0m - count_trained_tokens          : False[0m
[35m[2026-05-12 06:51:10,257] [   DEBUG][0m - cp_comm_type                  : None[0m
[35m[2026-05-12 06:51:10,257] [   DEBUG][0m - cp_sharding_degree            : 1[0m
[35m[2026-05-12 06:51:10,257] [   DEBUG][0m - cp_sharding_rank              : 0[0m
[35m[2026-05-12 06:51:10,257] [   DEBUG][0m - current_device                : gpu:0[0m
[35m[2026-05-12 06:51:10,257] [   DEBUG][0m - data_parallel_config          : [0m
[35m[2026-05-12 06:51:10,257] [   DEBUG][0m - data_parallel_rank            : 0[0m
[35m[2026-05-12 06:51:10,257] [   DEBUG][0m - data_parallel_size            : 1[0m
[35m[2026-05-12 06:51:10,257] [   DEBUG][0m - dataloader_drop_last          : False[0m
[35m[2026-05-12 06:51:10,257] [   DEBUG][0m - dataloader_num_workers        : 0[0m
[35m[2026-05-12 06:51:10,257] [   DEBUG][0m - dataloader_shuffle            : True[0m
[35m[2026-05-12 06:51:10,257] [   DEBUG][0m - dataset_batch_size            : 1000[0m
[35m[2026-05-12 06:51:10,257] [   DEBUG][0m - dataset_kwargs                : {}[0m
[35m[2026-05-12 06:51:10,257] [   DEBUG][0m - dataset_num_proc              : None[0m
[35m[2026-05-12 06:51:10,257] [   DEBUG][0m - dataset_rank                  : 0[0m
[35m[2026-05-12 06:51:10,257] [   DEBUG][0m - dataset_text_field            : text[0m
[35m[2026-05-12 06:51:10,257] [   DEBUG][0m - dataset_world_size            : 1[0m
[35m[2026-05-12 06:51:10,257] [   DEBUG][0m - ddp_find_unused_parameters    : None[0m
[35m[2026-05-12 06:51:10,257] [   DEBUG][0m - decay_function                : half_life[0m
[35m[2026-05-12 06:51:10,257] [   DEBUG][0m - decay_steps                   : 300[0m
[35m[2026-05-12 06:51:10,258] [   DEBUG][0m - deterministic_mode            : False[0m
[35m[2026-05-12 06:51:10,258] [   DEBUG][0m - device                        : gpu[0m
[35m[2026-05-12 06:51:10,258] [   DEBUG][0m - disable_tqdm                  : True[0m
[35m[2026-05-12 06:51:10,258] [   DEBUG][0m - distributed_dataloader        : False[0m
[35m[2026-05-12 06:51:10,258] [   DEBUG][0m - do_eval                       : True[0m
[35m[2026-05-12 06:51:10,258] [   DEBUG][0m - do_export                     : False[0m
[35m[2026-05-12 06:51:10,258] [   DEBUG][0m - do_predict                    : False[0m
[35m[2026-05-12 06:51:10,258] [   DEBUG][0m - do_train                      : True[0m
[35m[2026-05-12 06:51:10,258] [   DEBUG][0m - download_hub                  : None[0m
[35m[2026-05-12 06:51:10,258] [   DEBUG][0m - dp_allreduce_avg_in_gradinent_scale: False[0m
[35m[2026-05-12 06:51:10,258] [   DEBUG][0m - dp_comm_overlap               : False[0m
[35m[2026-05-12 06:51:10,258] [   DEBUG][0m - dpop_lambda                   : 50[0m
[35m[2026-05-12 06:51:10,258] [   DEBUG][0m - embedding_init_method         : None[0m
[35m[2026-05-12 06:51:10,258] [   DEBUG][0m - embedding_init_method_std     : 0.02[0m
[35m[2026-05-12 06:51:10,258] [   DEBUG][0m - enable_auto_parallel          : False[0m
[35m[2026-05-12 06:51:10,258] [   DEBUG][0m - enable_linear_fused_grad_add  : False[0m
[35m[2026-05-12 06:51:10,258] [   DEBUG][0m - enable_mtp_magic_send         : False[0m
[35m[2026-05-12 06:51:10,258] [   DEBUG][0m - enable_sharding_comm_overlap  : False[0m
[35m[2026-05-12 06:51:10,258] [   DEBUG][0m - enable_zero_cost_checkpoint   : False[0m
[35m[2026-05-12 06:51:10,258] [   DEBUG][0m - estimation_output_file        : estimation_output.json[0m
[35m[2026-05-12 06:51:10,258] [   DEBUG][0m - eval_accumulation_steps       : None[0m
[35m[2026-05-12 06:51:10,259] [   DEBUG][0m - eval_batch_size               : 1[0m
[35m[2026-05-12 06:51:10,259] [   DEBUG][0m - eval_iters                    : 10[0m
[35m[2026-05-12 06:51:10,259] [   DEBUG][0m - eval_steps                    : 300[0m
[35m[2026-05-12 06:51:10,259] [   DEBUG][0m - evaluation_strategy           : IntervalStrategy.STEPS[0m
[35m[2026-05-12 06:51:10,259] [   DEBUG][0m - expert_model_parallel_size    : 1[0m
[35m[2026-05-12 06:51:10,259] [   DEBUG][0m - expert_parallel_rank          : 0[0m
[35m[2026-05-12 06:51:10,259] [   DEBUG][0m - expert_tensor_model_parallel_size: 1[0m
[35m[2026-05-12 06:51:10,259] [   DEBUG][0m - fa_version                    : 2[0m
[35m[2026-05-12 06:51:10,259] [   DEBUG][0m - factor                        : 20[0m
[35m[2026-05-12 06:51:10,259] [   DEBUG][0m - flash_device_save_steps       : 0[0m
[35m[2026-05-12 06:51:10,259] [   DEBUG][0m - flatten_param_grads           : False[0m
[35m[2026-05-12 06:51:10,259] [   DEBUG][0m - force_reshard_pp              : False[0m
[35m[2026-05-12 06:51:10,259] [   DEBUG][0m - forward_backward_overlap_scheduler: False[0m
[35m[2026-05-12 06:51:10,259] [   DEBUG][0m - fp16                          : False[0m
[35m[2026-05-12 06:51:10,259] [   DEBUG][0m - fp16_full_eval                : False[0m
[35m[2026-05-12 06:51:10,259] [   DEBUG][0m - fp16_opt_level                : O1[0m
[35m[2026-05-12 06:51:10,259] [   DEBUG][0m - fp32_residual_connection      : True[0m
[35m[2026-05-12 06:51:10,259] [   DEBUG][0m - fp8                           : None[0m
[35m[2026-05-12 06:51:10,259] [   DEBUG][0m - fp8_wgrad                     : True[0m
[35m[2026-05-12 06:51:10,259] [   DEBUG][0m - freeze_config                 : [0m
[35m[2026-05-12 06:51:10,260] [   DEBUG][0m - fuse_optimizer_states         : False[0m
[35m[2026-05-12 06:51:10,260] [   DEBUG][0m - fuse_sequence_parallel_allreduce: False[0m
[35m[2026-05-12 06:51:10,260] [   DEBUG][0m - fuse_swiglu                   : False[0m
[35m[2026-05-12 06:51:10,260] [   DEBUG][0m - gated_linear_unit             : True[0m
[35m[2026-05-12 06:51:10,260] [   DEBUG][0m - gc_interval                   : 0[0m
[35m[2026-05-12 06:51:10,260] [   DEBUG][0m - global_batch_size             : 4[0m
[35m[2026-05-12 06:51:10,260] [   DEBUG][0m - global_logging_interval       : 1[0m
[35m[2026-05-12 06:51:10,260] [   DEBUG][0m - gradient_accumulation_steps   : 4[0m
[35m[2026-05-12 06:51:10,260] [   DEBUG][0m - gradient_sync_after_accumulate: False[0m
[35m[2026-05-12 06:51:10,260] [   DEBUG][0m - greater_is_better             : None[0m
[35m[2026-05-12 06:51:10,260] [   DEBUG][0m - hidden_dropout_prob           : 0.0[0m
[35m[2026-05-12 06:51:10,260] [   DEBUG][0m - hidden_size                   : None[0m
[35m[2026-05-12 06:51:10,260] [   DEBUG][0m - hybrid_parallel_expert_grad_scale: 2.0[0m
[35m[2026-05-12 06:51:10,260] [   DEBUG][0m - hybrid_parallel_topo_order    : sharding_first[0m
[35m[2026-05-12 06:51:10,260] [   DEBUG][0m - ignore_data_skip              : False[0m
[35m[2026-05-12 06:51:10,260] [   DEBUG][0m - ignore_eos_token              : False[0m
[35m[2026-05-12 06:51:10,260] [   DEBUG][0m - ignore_load_lr_and_optim      : False[0m
[35m[2026-05-12 06:51:10,260] [   DEBUG][0m - ignore_save_lr_and_optim      : False[0m
[35m[2026-05-12 06:51:10,260] [   DEBUG][0m - init_method                   : None[0m
[35m[2026-05-12 06:51:10,260] [   DEBUG][0m - intermediate_size             : None[0m
[35m[2026-05-12 06:51:10,261] [   DEBUG][0m - label_names                   : None[0m
[35m[2026-05-12 06:51:10,261] [   DEBUG][0m - label_smoothing               : 0.0[0m
[35m[2026-05-12 06:51:10,261] [   DEBUG][0m - lazy_data_processing          : True[0m
[35m[2026-05-12 06:51:10,261] [   DEBUG][0m - learning_rate                 : 1e-05[0m
[35m[2026-05-12 06:51:10,261] [   DEBUG][0m - load_best_model_at_end        : False[0m
[35m[2026-05-12 06:51:10,261] [   DEBUG][0m - load_checkpoint_format        : flex_checkpoint[0m
[35m[2026-05-12 06:51:10,261] [   DEBUG][0m - load_from_hf                  : False[0m
[35m[2026-05-12 06:51:10,261] [   DEBUG][0m - load_sharded_model            : False[0m
[35m[2026-05-12 06:51:10,261] [   DEBUG][0m - load_sharded_model_remap_parameter_name: False[0m
[35m[2026-05-12 06:51:10,261] [   DEBUG][0m - load_via_cpu                  : True[0m
[35m[2026-05-12 06:51:10,261] [   DEBUG][0m - local_process_index           : 0[0m
[35m[2026-05-12 06:51:10,261] [   DEBUG][0m - local_rank                    : 0[0m
[35m[2026-05-12 06:51:10,261] [   DEBUG][0m - log_global_grad_norm          : False[0m
[35m[2026-05-12 06:51:10,261] [   DEBUG][0m - log_level                     : -1[0m
[35m[2026-05-12 06:51:10,261] [   DEBUG][0m - log_level_replica             : -1[0m
[35m[2026-05-12 06:51:10,261] [   DEBUG][0m - log_on_each_node              : True[0m
[35m[2026-05-12 06:51:10,261] [   DEBUG][0m - logging_dir                   : ./logs/sft/llama3-8b[0m
[35m[2026-05-12 06:51:10,261] [   DEBUG][0m - logging_first_step            : False[0m
[35m[2026-05-12 06:51:10,261] [   DEBUG][0m - logging_steps                 : 1[0m
[35m[2026-05-12 06:51:10,261] [   DEBUG][0m - logging_strategy              : IntervalStrategy.STEPS[0m
[35m[2026-05-12 06:51:10,262] [   DEBUG][0m - logical_process_index         : 0[0m
[35m[2026-05-12 06:51:10,262] [   DEBUG][0m - loss_subbatch_sequence_length : -1[0m
[35m[2026-05-12 06:51:10,262] [   DEBUG][0m - loss_type                     : sigmoid[0m
[35m[2026-05-12 06:51:10,262] [   DEBUG][0m - lr_end                        : 1e-07[0m
[35m[2026-05-12 06:51:10,262] [   DEBUG][0m - lr_scheduler                  : cosine[0m
[35m[2026-05-12 06:51:10,262] [   DEBUG][0m - lr_scheduler_type             : SchedulerType.LINEAR[0m
[35m[2026-05-12 06:51:10,262] [   DEBUG][0m - max_estimate_samples          : 100000.0[0m
[35m[2026-05-12 06:51:10,262] [   DEBUG][0m - max_evaluate_steps            : -1[0m
[35m[2026-05-12 06:51:10,262] [   DEBUG][0m - max_grad_norm                 : 1.0[0m
[35m[2026-05-12 06:51:10,262] [   DEBUG][0m - max_gradient_accumulation_steps: 4[0m
[35m[2026-05-12 06:51:10,262] [   DEBUG][0m - max_seq_len                   : 2048[0m
[35m[2026-05-12 06:51:10,262] [   DEBUG][0m - max_steps                     : 300[0m
[35m[2026-05-12 06:51:10,262] [   DEBUG][0m - merge_with_qdq_base_model     : False[0m
[35m[2026-05-12 06:51:10,262] [   DEBUG][0m - metric_for_best_model         : None[0m
[35m[2026-05-12 06:51:10,262] [   DEBUG][0m - metrics_output_path           : None[0m
[35m[2026-05-12 06:51:10,262] [   DEBUG][0m - min_lr                        : 0.0[0m
[35m[2026-05-12 06:51:10,262] [   DEBUG][0m - minimum_eval_times            : None[0m
[35m[2026-05-12 06:51:10,262] [   DEBUG][0m - model_name_or_path            : ./models/Llama-3-8b[0m
[35m[2026-05-12 06:51:10,262] [   DEBUG][0m - moe_deep_gemm                 : False[0m
[35m[2026-05-12 06:51:10,262] [   DEBUG][0m - moe_deepep_num_sms            : None[0m
[35m[2026-05-12 06:51:10,263] [   DEBUG][0m - moe_dequant_input             : False[0m
[35m[2026-05-12 06:51:10,263] [   DEBUG][0m - moe_dropout_prob              : 0.0[0m
[35m[2026-05-12 06:51:10,263] [   DEBUG][0m - moe_ep_barrier                : True[0m
[35m[2026-05-12 06:51:10,263] [   DEBUG][0m - moe_expert_capacity_factor    : 0.0[0m
[35m[2026-05-12 06:51:10,263] [   DEBUG][0m - moe_expert_fusion             : True[0m
[35m[2026-05-12 06:51:10,263] [   DEBUG][0m - moe_gate_lr_ratio             : None[0m
[35m[2026-05-12 06:51:10,263] [   DEBUG][0m - moe_grouped_gemm              : False[0m
[35m[2026-05-12 06:51:10,263] [   DEBUG][0m - moe_pad_expert_input_to_capacity: False[0m
[35m[2026-05-12 06:51:10,263] [   DEBUG][0m - moe_router_bias_update_rate   : 0.0[0m
[35m[2026-05-12 06:51:10,263] [   DEBUG][0m - moe_router_force_load_balancing: False[0m
[35m[2026-05-12 06:51:10,263] [   DEBUG][0m - moe_router_fusion             : True[0m
[35m[2026-05-12 06:51:10,263] [   DEBUG][0m - moe_router_load_balancing_type: seq_aux_loss[0m
[35m[2026-05-12 06:51:10,263] [   DEBUG][0m - moe_sharding_parallel_rank    : 0[0m
[35m[2026-05-12 06:51:10,263] [   DEBUG][0m - moe_sharding_parallel_size    : 1[0m
[35m[2026-05-12 06:51:10,263] [   DEBUG][0m - moe_shared_expert_overlap     : True[0m
[35m[2026-05-12 06:51:10,263] [   DEBUG][0m - moe_subbatch_token_num_after_dispatch: None[0m
[35m[2026-05-12 06:51:10,263] [   DEBUG][0m - moe_subbatch_token_num_before_dispatch: 0[0m
[35m[2026-05-12 06:51:10,263] [   DEBUG][0m - moe_token_dispatcher_type     : deepep[0m
[35m[2026-05-12 06:51:10,263] [   DEBUG][0m - moe_token_drop_policy         : probs[0m
[35m[2026-05-12 06:51:10,263] [   DEBUG][0m - moe_use_fusion_node           : True[0m
[35m[2026-05-12 06:51:10,263] [   DEBUG][0m - moe_with_send_router_loss     : True[0m
[35m[2026-05-12 06:51:10,264] [   DEBUG][0m - mp_async_allreduce            : False[0m
[35m[2026-05-12 06:51:10,264] [   DEBUG][0m - mp_fused_linear_param_grad_add: False[0m
[35m[2026-05-12 06:51:10,264] [   DEBUG][0m - mp_skip_c_identity            : False[0m
[35m[2026-05-12 06:51:10,264] [   DEBUG][0m - mtp_distillation_loss         : False[0m
[35m[2026-05-12 06:51:10,264] [   DEBUG][0m - mtp_num_layers                : 0[0m
[35m[2026-05-12 06:51:10,264] [   DEBUG][0m - multi_latent_attention        : False[0m
[35m[2026-05-12 06:51:10,264] [   DEBUG][0m - n_routed_experts              : None[0m
[35m[2026-05-12 06:51:10,264] [   DEBUG][0m - nccl_comm_group_config        : None[0m
[35m[2026-05-12 06:51:10,264] [   DEBUG][0m - need_data                     : True[0m
[35m[2026-05-12 06:51:10,264] [   DEBUG][0m - no_cuda                       : False[0m
[35m[2026-05-12 06:51:10,264] [   DEBUG][0m - no_recompute_layers           : None[0m
[35m[2026-05-12 06:51:10,264] [   DEBUG][0m - no_rope_freq                  : False[0m
[35m[2026-05-12 06:51:10,264] [   DEBUG][0m - non_batch_p2p_comm            : False[0m
[35m[2026-05-12 06:51:10,264] [   DEBUG][0m - normalization                 : RMSNorm[0m
[35m[2026-05-12 06:51:10,264] [   DEBUG][0m - normalize_logps               : False[0m
[35m[2026-05-12 06:51:10,264] [   DEBUG][0m - num_attention_heads           : None[0m
[35m[2026-05-12 06:51:10,264] [   DEBUG][0m - num_consecutive               : 1[0m
[35m[2026-05-12 06:51:10,264] [   DEBUG][0m - num_cycles                    : 0.5[0m
[35m[2026-05-12 06:51:10,264] [   DEBUG][0m - num_empty_layers_add_in_head  : 0[0m
[35m[2026-05-12 06:51:10,264] [   DEBUG][0m - num_empty_layers_add_in_tail  : 0[0m
[35m[2026-05-12 06:51:10,265] [   DEBUG][0m - num_experts_per_tok           : None[0m
[35m[2026-05-12 06:51:10,265] [   DEBUG][0m - num_hidden_layers             : None[0m
[35m[2026-05-12 06:51:10,265] [   DEBUG][0m - num_key_value_heads           : None[0m
[35m[2026-05-12 06:51:10,265] [   DEBUG][0m - num_nextn_predict_layers      : 0[0m
[35m[2026-05-12 06:51:10,265] [   DEBUG][0m - num_of_gpus                   : -1[0m
[35m[2026-05-12 06:51:10,265] [   DEBUG][0m - num_train_epochs              : 1.0[0m
[35m[2026-05-12 06:51:10,265] [   DEBUG][0m - offload_fp8_expert_master_weight: True[0m
[35m[2026-05-12 06:51:10,265] [   DEBUG][0m - offload_queue                 : False[0m
[35m[2026-05-12 06:51:10,265] [   DEBUG][0m - offset_alpha                  : 0.0[0m
[35m[2026-05-12 06:51:10,265] [   DEBUG][0m - optim                         : OptimizerNames.ADAMW[0m
[35m[2026-05-12 06:51:10,265] [   DEBUG][0m - optim_shard_num               : 1[0m
[35m[2026-05-12 06:51:10,265] [   DEBUG][0m - optimizer_name_suffix         : tp00_pp00[0m
[35m[2026-05-12 06:51:10,265] [   DEBUG][0m - ordered_save_group_size       : 0[0m
[35m[2026-05-12 06:51:10,265] [   DEBUG][0m - output_dir                    : ./checkpoints/sft/llama3-8b[0m
[35m[2026-05-12 06:51:10,265] [   DEBUG][0m - output_layer_init_method      : None[0m
[35m[2026-05-12 06:51:10,265] [   DEBUG][0m - output_signal_dir             : ./checkpoints/sft/llama3-8b[0m
[35m[2026-05-12 06:51:10,265] [   DEBUG][0m - overlap                       : False[0m
[35m[2026-05-12 06:51:10,265] [   DEBUG][0m - overlap_p2p_comm              : False[0m
[35m[2026-05-12 06:51:10,265] [   DEBUG][0m - overwrite_output_dir          : True[0m
[35m[2026-05-12 06:51:10,266] [   DEBUG][0m - p2p_cache_shape               : True[0m
[35m[2026-05-12 06:51:10,266] [   DEBUG][0m - pad_token_id                  : 0[0m
[35m[2026-05-12 06:51:10,266] [   DEBUG][0m - partial_send_recv             : True[0m
[35m[2026-05-12 06:51:10,266] [   DEBUG][0m - past_index                    : -1[0m
[35m[2026-05-12 06:51:10,266] [   DEBUG][0m - pdc_download_ckpt             : False[0m
[35m[2026-05-12 06:51:10,266] [   DEBUG][0m - pdc_download_timeout          : 300[0m
[35m[2026-05-12 06:51:10,266] [   DEBUG][0m - per_device_eval_batch_size    : 1[0m
[35m[2026-05-12 06:51:10,266] [   DEBUG][0m - per_device_train_batch_size   : 1[0m
[35m[2026-05-12 06:51:10,266] [   DEBUG][0m - pipeline_model_parallel_size  : 2[0m
[35m[2026-05-12 06:51:10,266] [   DEBUG][0m - pipeline_parallel_config      : [0m
[35m[2026-05-12 06:51:10,266] [   DEBUG][0m - pipeline_parallel_rank        : 0[0m
[35m[2026-05-12 06:51:10,266] [   DEBUG][0m - position_embedding_type       : rope[0m
[35m[2026-05-12 06:51:10,266] [   DEBUG][0m - power                         : 1.0[0m
[35m[2026-05-12 06:51:10,266] [   DEBUG][0m - pp_delay_scale_loss           : True[0m
[35m[2026-05-12 06:51:10,266] [   DEBUG][0m - pp_need_data                  : False[0m
[35m[2026-05-12 06:51:10,266] [   DEBUG][0m - pp_need_data_degree           : 0[0m
[35m[2026-05-12 06:51:10,266] [   DEBUG][0m - pp_release_grads              : False[0m
[35m[2026-05-12 06:51:10,266] [   DEBUG][0m - pp_sharding_comm_overlap      : False[0m
[35m[2026-05-12 06:51:10,266] [   DEBUG][0m - pp_sync_moment                : False[0m
[35m[2026-05-12 06:51:10,266] [   DEBUG][0m - pp_sync_param                 : False[0m
[35m[2026-05-12 06:51:10,266] [   DEBUG][0m - pre_alloc_memory              : 0[0m
[35m[2026-05-12 06:51:10,267] [   DEBUG][0m - prediction_loss_only          : False[0m
[35m[2026-05-12 06:51:10,267] [   DEBUG][0m - pref_loss_ratio               : 1.0[0m
[35m[2026-05-12 06:51:10,267] [   DEBUG][0m - prefetch_factor               : 2[0m
[35m[2026-05-12 06:51:10,267] [   DEBUG][0m - process_index                 : 0[0m
[35m[2026-05-12 06:51:10,267] [   DEBUG][0m - profile                       : False[0m
[35m[2026-05-12 06:51:10,267] [   DEBUG][0m - profile_step_end              : 12[0m
[35m[2026-05-12 06:51:10,267] [   DEBUG][0m - profile_step_start            : 10[0m
[35m[2026-05-12 06:51:10,267] [   DEBUG][0m - recompute_granularity         : full[0m
[35m[2026-05-12 06:51:10,267] [   DEBUG][0m - recompute_method              : uniform[0m
[35m[2026-05-12 06:51:10,267] [   DEBUG][0m - recompute_modules             : None[0m
[35m[2026-05-12 06:51:10,267] [   DEBUG][0m - recompute_mtp_granularity     : None[0m
[35m[2026-05-12 06:51:10,267] [   DEBUG][0m - recompute_mtp_method          : None[0m
[35m[2026-05-12 06:51:10,267] [   DEBUG][0m - recompute_mtp_modules         : None[0m
[35m[2026-05-12 06:51:10,267] [   DEBUG][0m - recompute_num_layers          : 1[0m
[35m[2026-05-12 06:51:10,267] [   DEBUG][0m - recompute_use_reentrant       : True[0m
[35m[2026-05-12 06:51:10,267] [   DEBUG][0m - reeao_dataset_rank            : 0[0m
[35m[2026-05-12 06:51:10,267] [   DEBUG][0m - reeao_dataset_world_size      : 1[0m
[35m[2026-05-12 06:51:10,267] [   DEBUG][0m - ref_model_update_steps        : -1[0m
[35m[2026-05-12 06:51:10,267] [   DEBUG][0m - reference_free                : False[0m
[35m[2026-05-12 06:51:10,267] [   DEBUG][0m - release_grads                 : False[0m
[35m[2026-05-12 06:51:10,268] [   DEBUG][0m - remove_unused_columns         : True[0m
[35m[2026-05-12 06:51:10,268] [   DEBUG][0m - reorder_pipeline_priority     : False[0m
[35m[2026-05-12 06:51:10,268] [   DEBUG][0m - replace_with_c_embedding      : False[0m
[35m[2026-05-12 06:51:10,268] [   DEBUG][0m - replace_with_parallel_cross_entropy: False[0m
[35m[2026-05-12 06:51:10,268] [   DEBUG][0m - replicate_saved_into_local    : False[0m
[35m[2026-05-12 06:51:10,268] [   DEBUG][0m - report_to                     : ['visualdl'][0m
[35m[2026-05-12 06:51:10,268] [   DEBUG][0m - resume_from_checkpoint        : None[0m
[35m[2026-05-12 06:51:10,268] [   DEBUG][0m - resume_from_huggingface_ckpt  : None[0m
[35m[2026-05-12 06:51:10,268] [   DEBUG][0m - router_aux_loss_coef          : 0.0[0m
[35m[2026-05-12 06:51:10,268] [   DEBUG][0m - router_z_loss_coef            : None[0m
[35m[2026-05-12 06:51:10,268] [   DEBUG][0m - run_name                      : ./checkpoints/sft/llama3-8b[0m
[35m[2026-05-12 06:51:10,268] [   DEBUG][0m - same_data                     : None[0m
[35m[2026-05-12 06:51:10,268] [   DEBUG][0m - save_checkpoint_format        : flex_checkpoint[0m
[35m[2026-05-12 06:51:10,268] [   DEBUG][0m - save_hf_memory_growth_threshold: 8[0m
[35m[2026-05-12 06:51:10,268] [   DEBUG][0m - save_hf_steps                 : -1[0m
[35m[2026-05-12 06:51:10,268] [   DEBUG][0m - save_hf_total_limit           : None[0m
[35m[2026-05-12 06:51:10,268] [   DEBUG][0m - save_last_step                : False[0m
[35m[2026-05-12 06:51:10,268] [   DEBUG][0m - save_on_each_node             : False[0m
[35m[2026-05-12 06:51:10,268] [   DEBUG][0m - save_rng_states               : True[0m
[35m[2026-05-12 06:51:10,268] [   DEBUG][0m - save_sharded_model            : False[0m
[35m[2026-05-12 06:51:10,269] [   DEBUG][0m - save_sharding_stage1_model_include_freeze_params: False[0m
[35m[2026-05-12 06:51:10,269] [   DEBUG][0m - save_steps                    : 300[0m
[35m[2026-05-12 06:51:10,269] [   DEBUG][0m - save_strategy                 : IntervalStrategy.NO[0m
[35m[2026-05-12 06:51:10,269] [   DEBUG][0m - save_to_hf                    : True[0m
[35m[2026-05-12 06:51:10,269] [   DEBUG][0m - save_tokenizer                : True[0m
[35m[2026-05-12 06:51:10,269] [   DEBUG][0m - save_total_limit              : None[0m
[35m[2026-05-12 06:51:10,269] [   DEBUG][0m - scale_loss                    : 32768[0m
[35m[2026-05-12 06:51:10,269] [   DEBUG][0m - sd_release_grads              : False[0m
[35m[2026-05-12 06:51:10,269] [   DEBUG][0m - sd_sharding_comm_overlap      : False[0m
[35m[2026-05-12 06:51:10,269] [   DEBUG][0m - sd_shardingv1_comm_overlap    : False[0m
[35m[2026-05-12 06:51:10,269] [   DEBUG][0m - seed                          : 23[0m
[35m[2026-05-12 06:51:10,269] [   DEBUG][0m - send_recv_overlap             : False[0m
[35m[2026-05-12 06:51:10,269] [   DEBUG][0m - sep_parallel_size             : 1[0m
[35m[2026-05-12 06:51:10,269] [   DEBUG][0m - sequence_parallel             : False[0m
[35m[2026-05-12 06:51:10,269] [   DEBUG][0m - sequence_parallel_config      : [0m
[35m[2026-05-12 06:51:10,269] [   DEBUG][0m - sft_loss_ratio                : 0.0[0m
[35m[2026-05-12 06:51:10,269] [   DEBUG][0m - sharded_model_from_ema        : False[0m
[35m[2026-05-12 06:51:10,269] [   DEBUG][0m - sharding                      : [][0m
[35m[2026-05-12 06:51:10,269] [   DEBUG][0m - sharding_comm_buffer_size_MB  : -1[0m
[35m[2026-05-12 06:51:10,269] [   DEBUG][0m - sharding_degree               : -1[0m
[35m[2026-05-12 06:51:10,269] [   DEBUG][0m - sharding_offload_opt_buffersize_GB: -1[0m
[35m[2026-05-12 06:51:10,270] [   DEBUG][0m - sharding_parallel_config      : [0m
[35m[2026-05-12 06:51:10,270] [   DEBUG][0m - sharding_parallel_mesh_dimension: dp[0m
[35m[2026-05-12 06:51:10,270] [   DEBUG][0m - sharding_parallel_rank        : 0[0m
[35m[2026-05-12 06:51:10,270] [   DEBUG][0m - sharding_parallel_size        : 1[0m
[35m[2026-05-12 06:51:10,270] [   DEBUG][0m - should_load_dataset           : True[0m
[35m[2026-05-12 06:51:10,270] [   DEBUG][0m - should_load_sharding_stage1_model: False[0m
[35m[2026-05-12 06:51:10,270] [   DEBUG][0m - should_log                    : True[0m
[35m[2026-05-12 06:51:10,270] [   DEBUG][0m - should_save                   : True[0m
[35m[2026-05-12 06:51:10,270] [   DEBUG][0m - should_save_model_state       : True[0m
[35m[2026-05-12 06:51:10,270] [   DEBUG][0m - should_save_model_with_tensor_fusion: False[0m
[35m[2026-05-12 06:51:10,270] [   DEBUG][0m - should_save_sharding_stage1_model: False[0m
[35m[2026-05-12 06:51:10,270] [   DEBUG][0m - shuffle_consecutive           : False[0m
[35m[2026-05-12 06:51:10,270] [   DEBUG][0m - simpo_gamma                   : 0.5[0m
[35m[2026-05-12 06:51:10,270] [   DEBUG][0m - skip_data_intervals           : None[0m
[35m[2026-05-12 06:51:10,270] [   DEBUG][0m - skip_memory_metrics           : True[0m
[35m[2026-05-12 06:51:10,270] [   DEBUG][0m - skip_profile_timer            : True[0m
[35m[2026-05-12 06:51:10,270] [   DEBUG][0m - softmax_scale                 : None[0m
[35m[2026-05-12 06:51:10,270] [   DEBUG][0m - softmax_type                  : vanilla[0m
[35m[2026-05-12 06:51:10,270] [   DEBUG][0m - sp_allreduce_avg_in_gradinent_scale: False[0m
[35m[2026-05-12 06:51:10,270] [   DEBUG][0m - sp_async_reduce_scatter       : False[0m
[35m[2026-05-12 06:51:10,271] [   DEBUG][0m - split_backward                : False[0m
[35m[2026-05-12 06:51:10,271] [   DEBUG][0m - split_inputs_sequence_dim     : True[0m
[35m[2026-05-12 06:51:10,271] [   DEBUG][0m - split_norm_comm               : False[0m
[35m[2026-05-12 06:51:10,271] [   DEBUG][0m - split_param                   : True[0m
[35m[2026-05-12 06:51:10,271] [   DEBUG][0m - stage1_allgather_overlap      : False[0m
[35m[2026-05-12 06:51:10,271] [   DEBUG][0m - stage1_broadcast_overlap      : False[0m
[35m[2026-05-12 06:51:10,271] [   DEBUG][0m - stage1_overlap                : False[0m
[35m[2026-05-12 06:51:10,271] [   DEBUG][0m - stage1_reduce_avg             : True[0m
[35m[2026-05-12 06:51:10,271] [   DEBUG][0m - stage1_tensor_fusion          : False[0m
[35m[2026-05-12 06:51:10,271] [   DEBUG][0m - stage2_overlap                : False[0m
[35m[2026-05-12 06:51:10,271] [   DEBUG][0m - sync_grad                     : False[0m
[35m[2026-05-12 06:51:10,271] [   DEBUG][0m - tensor_fusion                 : False[0m
[35m[2026-05-12 06:51:10,271] [   DEBUG][0m - tensor_model_parallel_size    : 2[0m
[35m[2026-05-12 06:51:10,271] [   DEBUG][0m - tensor_parallel_config        : [0m
[35m[2026-05-12 06:51:10,271] [   DEBUG][0m - tensor_parallel_output        : True[0m
[35m[2026-05-12 06:51:10,271] [   DEBUG][0m - tensor_parallel_rank          : 0[0m
[35m[2026-05-12 06:51:10,271] [   DEBUG][0m - tensorwise_offload_optimizer  : False[0m
[35m[2026-05-12 06:51:10,271] [   DEBUG][0m - tie_word_embeddings           : None[0m
[35m[2026-05-12 06:51:10,271] [   DEBUG][0m - timer                         : False[0m
[35m[2026-05-12 06:51:10,271] [   DEBUG][0m - to_static                     : False[0m
[35m[2026-05-12 06:51:10,272] [   DEBUG][0m - token_balance_loss            : False[0m
[35m[2026-05-12 06:51:10,272] [   DEBUG][0m - tp_async_allreduce            : False[0m
[35m[2026-05-12 06:51:10,272] [   DEBUG][0m - tp_sync_moment                : False[0m
[35m[2026-05-12 06:51:10,272] [   DEBUG][0m - tp_sync_param                 : False[0m
[35m[2026-05-12 06:51:10,272] [   DEBUG][0m - train_batch_size              : 1[0m
[35m[2026-05-12 06:51:10,272] [   DEBUG][0m - train_mtp_only                : False[0m
[35m[2026-05-12 06:51:10,272] [   DEBUG][0m - unified_checkpoint            : False[0m
[35m[2026-05-12 06:51:10,272] [   DEBUG][0m - unified_checkpoint_config     : [0m
[35m[2026-05-12 06:51:10,272] [   DEBUG][0m - use_async_save                : False[0m
[35m[2026-05-12 06:51:10,272] [   DEBUG][0m - use_cache                     : False[0m
[35m[2026-05-12 06:51:10,272] [   DEBUG][0m - use_dualpipev                 : False[0m
[35m[2026-05-12 06:51:10,272] [   DEBUG][0m - use_expert_parallel           : False[0m
[35m[2026-05-12 06:51:10,272] [   DEBUG][0m - use_filtered_label_loss       : False[0m
[35m[2026-05-12 06:51:10,272] [   DEBUG][0m - use_fp8                       : False[0m
[35m[2026-05-12 06:51:10,272] [   DEBUG][0m - use_fused_head_and_loss_fn    : False[0m
[35m[2026-05-12 06:51:10,272] [   DEBUG][0m - use_fused_linear_cross_entropy: False[0m
[35m[2026-05-12 06:51:10,272] [   DEBUG][0m - use_hybrid_parallel           : True[0m
[35m[2026-05-12 06:51:10,272] [   DEBUG][0m - use_intermediate_api          : False[0m
[35m[2026-05-12 06:51:10,272] [   DEBUG][0m - use_lowprecision_moment       : False[0m
[35m[2026-05-12 06:51:10,272] [   DEBUG][0m - use_moe                       : False[0m
[35m[2026-05-12 06:51:10,272] [   DEBUG][0m - use_ortho_loss_callback       : False[0m
[35m[2026-05-12 06:51:10,273] [   DEBUG][0m - use_qk_norm                   : None[0m
[35m[2026-05-12 06:51:10,273] [   DEBUG][0m - use_recompute_mtp             : False[0m
[35m[2026-05-12 06:51:10,273] [   DEBUG][0m - use_unified_moe               : False[0m
[35m[2026-05-12 06:51:10,273] [   DEBUG][0m - using_sonic_moe               : False[0m
[35m[2026-05-12 06:51:10,273] [   DEBUG][0m - variable_seq_lengths          : False[0m
[35m[2026-05-12 06:51:10,273] [   DEBUG][0m - virtual_pipeline_model_parallel_size: 1[0m
[35m[2026-05-12 06:51:10,273] [   DEBUG][0m - wandb_api_key                 : None[0m
[35m[2026-05-12 06:51:10,273] [   DEBUG][0m - wandb_http_proxy              : None[0m
[35m[2026-05-12 06:51:10,273] [   DEBUG][0m - warmup_ratio                  : 0.0[0m
[35m[2026-05-12 06:51:10,273] [   DEBUG][0m - warmup_steps                  : 10[0m
[35m[2026-05-12 06:51:10,273] [   DEBUG][0m - weight_decay                  : 0.0[0m
[35m[2026-05-12 06:51:10,273] [   DEBUG][0m - weight_name_suffix            : tp00_pp00[0m
[35m[2026-05-12 06:51:10,273] [   DEBUG][0m - weight_quantize_algo          : None[0m
[35m[2026-05-12 06:51:10,273] [   DEBUG][0m - world_size                    : 4[0m
[35m[2026-05-12 06:51:10,273] [   DEBUG][0m - zcc_ema_interval              : 1[0m
[35m[2026-05-12 06:51:10,273] [   DEBUG][0m - zcc_ema_loss_threshold        : None[0m
[35m[2026-05-12 06:51:10,273] [   DEBUG][0m - zcc_pipeline_hooks_capacity_usage: 0.6[0m
[35m[2026-05-12 06:51:10,273] [   DEBUG][0m - zcc_save_ema_coef             : None[0m
[35m[2026-05-12 06:51:10,273] [   DEBUG][0m - zcc_workers_num               : 3[0m
[35m[2026-05-12 06:51:10,274] [   DEBUG][0m - [0m
[32m[2026-05-12 06:51:10,274] [    INFO][0m - Starting training from resume_from_checkpoint : None[0m
[32m[2026-05-12 06:51:10,275] [    INFO][0m - [timelog] RuntimeTimer: 0.00s (2026-05-12 06:51:10) [0m
[32m[2026-05-12 06:51:10,275] [    INFO][0m - ***** Running training *****[0m
[32m[2026-05-12 06:51:10,275] [    INFO][0m -   Num examples = 1,200[0m
[32m[2026-05-12 06:51:10,275] [    INFO][0m -   Num Epochs = 9223372036854775807[0m
[32m[2026-05-12 06:51:10,275] [    INFO][0m -   Instantaneous batch size per device = 1[0m
[32m[2026-05-12 06:51:10,275] [    INFO][0m -   Total train batch size (w. parallel, distributed & accumulation) = 4[0m
[32m[2026-05-12 06:51:10,276] [    INFO][0m -   Gradient Accumulation steps = 4[0m
[32m[2026-05-12 06:51:10,276] [    INFO][0m -   Total optimization steps = 300[0m
[32m[2026-05-12 06:51:10,276] [    INFO][0m -   Total num train samples = 1,200[0m
[2026-05-12 06:51:10,280] [    INFO] pipeline_parallel.py:808 - Pipeline scheduler is in dynamic_shape mode=False
[2026-05-12 06:51:10,280] [    INFO] pipeline_parallel.py:818 - dp_comm_overlap False;             sharding_comm_overlap False;             sharding_split_param False;
[2026-05-12 06:51:10,280] [    INFO] pipeline_parallel.py:890 - Pipeline Info -- num_stages: 2, stage_id: 0
[2026-05-12 06:51:10,280] [    INFO] pipeline_parallel.py:895 - start broadcast mp parameters
W0512 06:51:10.283049 37919 nccl_comm_context.cc:70] ncclCommInitRankConfigMemOpt is not supported.
[2026-05-12 06:51:10,798] [ WARNING] hybrid_parallel_optimizer.py:332 - While using ClipGradByGlobalNorm in TensorParallel, PipelineParallel or Sharding, the grad clip of original optimizer will be changed.
[35m[2026-05-12 06:51:10,800] [   DEBUG][0m -   Number of trainable parameters = 2,007,629,824 (per device)[0m
[35m[2026-05-12 06:51:10,802] [   DEBUG][0m -   Number of trainable parameters = 8,030,527,488 (all devices, roughly)[0m
[32m[2026-05-12 06:51:10,808] [    INFO][0m - Using binpacking mode for data iteration.[0m
[33m[2026-05-12 06:51:11,454] [ WARNING][0m - [SKIP] data is deleted by truncation strategy: <|begin_of_text|><|start_header_id|>user<|end_head...[0m
W0512 06:51:13.571209 37919 nccl_comm_context.cc:70] ncclCommInitRankConfigMemOpt is not supported.
W0512 06:51:17.225234 37919 nccl_comm_context.cc:70] ncclCommInitRankConfigMemOpt is not supported.
[32m[2026-05-12 06:51:17,971] [    INFO][0m - loss: 0.03899311, learning_rate: 1e-06, global_step: 1, current_memory_allocated: 29.91601800918579, current_memory_reserved: 30.965862274169922, max_memory_allocated: 29.916018962860107, max_memory_reserved: 30.965862274169922, interval_runtime: 7.1677, interval_samples_per_second: 0.5581, interval_steps_per_second: 0.1395, global_norm: 37.75647735595703, ppl: 1.0397633196562055, progress_or_epoch: 0.0033, cpu_used_memory: 270.13, cpu_available_memory: 1240.03[0m
[32m[2026-05-12 06:51:17,971] [    INFO][0m - [DataLoad global_step: 1] data_load_time: 2188.57 ms (accumulated over 4 micro-batches)[0m
[32m[2026-05-12 06:51:19,873] [    INFO][0m - loss: 0.05123557, learning_rate: 2e-06, global_step: 2, current_memory_allocated: 29.91601800918579, current_memory_reserved: 34.48344039916992, max_memory_allocated: 32.04139161109924, max_memory_reserved: 34.48344039916992, interval_runtime: 1.9014, interval_samples_per_second: 2.1037, interval_steps_per_second: 0.5259, global_norm: 86.39845275878906, ppl: 1.052570818187863, progress_or_epoch: 0.0067, cpu_used_memory: 270.18, cpu_available_memory: 1239.98[0m
[32m[2026-05-12 06:51:19,873] [    INFO][0m - [DataLoad global_step: 2] data_load_time: 0.20 ms (accumulated over 4 micro-batches)[0m
[32m[2026-05-12 06:51:21,773] [    INFO][0m - loss: 0.05332904, learning_rate: 3e-06, global_step: 3, current_memory_allocated: 29.91601800918579, current_memory_reserved: 34.48344039916992, max_memory_allocated: 32.04139161109924, max_memory_reserved: 34.48344039916992, interval_runtime: 1.9002, interval_samples_per_second: 2.105, interval_steps_per_second: 0.5263, global_norm: 8.300946235656738, ppl: 1.0547766517361836, progress_or_epoch: 0.01, cpu_used_memory: 270.22, cpu_available_memory: 1239.94[0m
[32m[2026-05-12 06:51:21,773] [    INFO][0m - [DataLoad global_step: 3] data_load_time: 0.69 ms (accumulated over 4 micro-batches)[0m
[32m[2026-05-12 06:51:23,674] [    INFO][0m - loss: 0.05047805, learning_rate: 4e-06, global_step: 4, current_memory_allocated: 29.91601800918579, current_memory_reserved: 34.48344039916992, max_memory_allocated: 32.04139161109924, max_memory_reserved: 34.48344039916992, interval_runtime: 1.8999, interval_samples_per_second: 2.1054, interval_steps_per_second: 0.5263, global_norm: 100.6657943725586, ppl: 1.05177377666723, progress_or_epoch: 0.0133, cpu_used_memory: 270.28, cpu_available_memory: 1239.88[0m
[32m[2026-05-12 06:51:23,674] [    INFO][0m - [DataLoad global_step: 4] data_load_time: 0.24 ms (accumulated over 4 micro-batches)[0m
[32m[2026-05-12 06:51:25,574] [    INFO][0m - loss: 0.03463528, learning_rate: 5e-06, global_step: 5, current_memory_allocated: 29.91601800918579, current_memory_reserved: 34.48344039916992, max_memory_allocated: 32.04139161109924, max_memory_reserved: 34.48344039916992, interval_runtime: 1.9002, interval_samples_per_second: 2.1051, interval_steps_per_second: 0.5263, global_norm: 7.009596824645996, ppl: 1.035242066450475, progress_or_epoch: 0.0167, cpu_used_memory: 270.29, cpu_available_memory: 1239.87[0m
[32m[2026-05-12 06:51:25,574] [    INFO][0m - [DataLoad global_step: 5] data_load_time: 0.26 ms (accumulated over 4 micro-batches)[0m
[32m[2026-05-12 06:51:27,476] [    INFO][0m - loss: 0.01421461, learning_rate: 6e-06, global_step: 6, current_memory_allocated: 29.91601800918579, current_memory_reserved: 34.48344039916992, max_memory_allocated: 32.04139161109924, max_memory_reserved: 34.48344039916992, interval_runtime: 1.9019, interval_samples_per_second: 2.1032, interval_steps_per_second: 0.5258, global_norm: 6.5820817947387695, ppl: 1.0143161179638314, progress_or_epoch: 0.02, cpu_used_memory: 270.34, cpu_available_memory: 1239.82[0m
[32m[2026-05-12 06:51:27,476] [    INFO][0m - [DataLoad global_step: 6] data_load_time: 0.29 ms (accumulated over 4 micro-batches)[0m
[32m[2026-05-12 06:51:29,376] [    INFO][0m - loss: 0.00642797, learning_rate: 7e-06, global_step: 7, current_memory_allocated: 29.91601800918579, current_memory_reserved: 34.48344039916992, max_memory_allocated: 32.04139161109924, max_memory_reserved: 34.48344039916992, interval_runtime: 1.9001, interval_samples_per_second: 2.1051, interval_steps_per_second: 0.5263, global_norm: 4.3807220458984375, ppl: 1.0064486737363865, progress_or_epoch: 0.0233, cpu_used_memory: 270.32, cpu_available_memory: 1239.84[0m
[32m[2026-05-12 06:51:29,377] [    INFO][0m - [DataLoad global_step: 7] data_load_time: 0.24 ms (accumulated over 4 micro-batches)[0m
[32m[2026-05-12 06:51:31,278] [    INFO][0m - loss: 0.00106673, learning_rate: 8e-06, global_step: 8, current_memory_allocated: 29.91601800918579, current_memory_reserved: 34.48344039916992, max_memory_allocated: 32.04139161109924, max_memory_reserved: 34.48344039916992, interval_runtime: 1.9011, interval_samples_per_second: 2.1041, interval_steps_per_second: 0.526, global_norm: 0.9624099135398865, ppl: 1.001067299158808, progress_or_epoch: 0.0267, cpu_used_memory: 270.33, cpu_available_memory: 1239.83[0m
[32m[2026-05-12 06:51:31,278] [    INFO][0m - [DataLoad global_step: 8] data_load_time: 0.21 ms (accumulated over 4 micro-batches)[0m
[32m[2026-05-12 06:51:33,176] [    INFO][0m - loss: 0.00408204, learning_rate: 9e-06, global_step: 9, current_memory_allocated: 29.91601800918579, current_memory_reserved: 34.48344039916992, max_memory_allocated: 32.04139161109924, max_memory_reserved: 34.48344039916992, interval_runtime: 1.8984, interval_samples_per_second: 2.107, interval_steps_per_second: 0.5268, global_norm: 13.42586898803711, ppl: 1.0040903828733991, progress_or_epoch: 0.03, cpu_used_memory: 270.32, cpu_available_memory: 1239.84[0m
[32m[2026-05-12 06:51:33,177] [    INFO][0m - [DataLoad global_step: 9] data_load_time: 0.24 ms (accumulated over 4 micro-batches)[0m
[32m[2026-05-12 06:51:35,075] [    INFO][0m - loss: 0.02280263, learning_rate: 1e-05, global_step: 10, current_memory_allocated: 29.91601800918579, current_memory_reserved: 34.48344039916992, max_memory_allocated: 32.04139161109924, max_memory_reserved: 34.48344039916992, interval_runtime: 1.8983, interval_samples_per_second: 2.1071, interval_steps_per_second: 0.5268, global_norm: 9.238778114318848, ppl: 1.0230645973596273, progress_or_epoch: 0.0333, cpu_used_memory: 270.3, cpu_available_memory: 1239.86[0m
[32m[2026-05-12 06:51:35,075] [    INFO][0m - [DataLoad global_step: 10] data_load_time: 0.20 ms (accumulated over 4 micro-batches)[0m
[32m[2026-05-12 06:51:36,974] [    INFO][0m - loss: 0.00794026, learning_rate: 9.966e-06, global_step: 11, current_memory_allocated: 29.91601800918579, current_memory_reserved: 34.48344039916992, max_memory_allocated: 32.04139161109924, max_memory_reserved: 34.48344039916992, interval_runtime: 1.8985, interval_samples_per_second: 2.1069, interval_steps_per_second: 0.5267, global_norm: 4.8820576667785645, ppl: 1.0079718674662161, progress_or_epoch: 0.0367, cpu_used_memory: 270.23, cpu_available_memory: 1239.93[0m
[32m[2026-05-12 06:51:36,974] [    INFO][0m - [DataLoad global_step: 11] data_load_time: 0.21 ms (accumulated over 4 micro-batches)[0m
[32m[2026-05-12 06:51:38,875] [    INFO][0m - loss: 0.00571212, learning_rate: 9.931e-06, global_step: 12, current_memory_allocated: 29.91601800918579, current_memory_reserved: 34.48344039916992, max_memory_allocated: 32.04139161109924, max_memory_reserved: 34.48344039916992, interval_runtime: 1.9005, interval_samples_per_second: 2.1047, interval_steps_per_second: 0.5262, global_norm: 8.66440200805664, ppl: 1.005728465264665, progress_or_epoch: 0.04, cpu_used_memory: 270.27, cpu_available_memory: 1239.89[0m
[32m[2026-05-12 06:51:38,875] [    INFO][0m - [DataLoad global_step: 12] data_load_time: 0.23 ms (accumulated over 4 micro-batches)[0m
[32m[2026-05-12 06:51:40,775] [    INFO][0m - loss: 0.0040158, learning_rate: 9.897e-06, global_step: 13, current_memory_allocated: 29.91601800918579, current_memory_reserved: 34.48344039916992, max_memory_allocated: 32.04139161109924, max_memory_reserved: 34.48344039916992, interval_runtime: 1.9003, interval_samples_per_second: 2.1049, interval_steps_per_second: 0.5262, global_norm: 13.830060005187988, ppl: 1.0040238741292316, progress_or_epoch: 0.0433, cpu_used_memory: 270.29, cpu_available_memory: 1239.87[0m
[32m[2026-05-12 06:51:40,776] [    INFO][0m - [DataLoad global_step: 13] data_load_time: 0.57 ms (accumulated over 4 micro-batches)[0m
[32m[2026-05-12 06:51:42,676] [    INFO][0m - loss: 0.06404573, learning_rate: 9.862e-06, global_step: 14, current_memory_allocated: 29.91601800918579, current_memory_reserved: 34.48344039916992, max_memory_allocated: 32.04139161109924, max_memory_reserved: 34.48344039916992, interval_runtime: 1.9003, interval_samples_per_second: 2.105, interval_steps_per_second: 0.5262, global_norm: 15.690325736999512, ppl: 1.0661411522816413, progress_or_epoch: 0.0467, cpu_used_memory: 270.25, cpu_available_memory: 1239.91[0m
[32m[2026-05-12 06:51:42,676] [    INFO][0m - [DataLoad global_step: 14] data_load_time: 0.26 ms (accumulated over 4 micro-batches)[0m
[32m[2026-05-12 06:51:44,577] [    INFO][0m - loss: 0.00249044, learning_rate: 9.828e-06, global_step: 15, current_memory_allocated: 29.91601800918579, current_memory_reserved: 34.48344039916992, max_memory_allocated: 32.04139161109924, max_memory_reserved: 34.48344039916992, interval_runtime: 1.9012, interval_samples_per_second: 2.1039, interval_steps_per_second: 0.526, global_norm: 3.223343849182129, ppl: 1.0024935437217062, progress_or_epoch: 0.05, cpu_used_memory: 270.24, cpu_available_memory: 1239.92[0m
[32m[2026-05-12 06:51:44,578] [    INFO][0m - [DataLoad global_step: 15] data_load_time: 0.28 ms (accumulated over 4 micro-batches)[0m
[32m[2026-05-12 06:51:46,476] [    INFO][0m - loss: 0.00458907, learning_rate: 9.793e-06, global_step: 16, current_memory_allocated: 29.91601800918579, current_memory_reserved: 34.48344039916992, max_memory_allocated: 32.04139161109924, max_memory_reserved: 34.48344039916992, interval_runtime: 1.8984, interval_samples_per_second: 2.107, interval_steps_per_second: 0.5268, global_norm: 3.088489055633545, ppl: 1.0045996159075306, progress_or_epoch: 0.0533, cpu_used_memory: 270.25, cpu_available_memory: 1239.91[0m
[32m[2026-05-12 06:51:46,476] [    INFO][0m - [DataLoad global_step: 16] data_load_time: 0.21 ms (accumulated over 4 micro-batches)[0m
[32m[2026-05-12 06:51:48,375] [    INFO][0m - loss: 0.01242481, learning_rate: 9.759e-06, global_step: 17, current_memory_allocated: 29.91601800918579, current_memory_reserved: 34.48344039916992, max_memory_allocated: 32.04139161109924, max_memory_reserved: 34.48344039916992, interval_runtime: 1.8986, interval_samples_per_second: 2.1068, interval_steps_per_second: 0.5267, global_norm: 16.027137756347656, ppl: 1.0125023186291158, progress_or_epoch: 0.0567, cpu_used_memory: 270.24, cpu_available_memory: 1239.91[0m
[32m[2026-05-12 06:51:48,375] [    INFO][0m - [DataLoad global_step: 17] data_load_time: 0.22 ms (accumulated over 4 micro-batches)[0m
[32m[2026-05-12 06:51:50,273] [    INFO][0m - loss: 0.00115334, learning_rate: 9.724e-06, global_step: 18, current_memory_allocated: 29.91601800918579, current_memory_reserved: 34.48344039916992, max_memory_allocated: 32.04139161109924, max_memory_reserved: 34.48344039916992, interval_runtime: 1.898, interval_samples_per_second: 2.1075, interval_steps_per_second: 0.5269, global_norm: 0.5786580443382263, ppl: 1.0011540053523458, progress_or_epoch: 0.06, cpu_used_memory: 270.3, cpu_available_memory: 1239.86[0m
[32m[2026-05-12 06:51:50,273] [    INFO][0m - [DataLoad global_step: 18] data_load_time: 0.21 ms (accumulated over 4 micro-batches)[0m
[32m[2026-05-12 06:51:52,172] [    INFO][0m - loss: 0.00161742, learning_rate: 9.69e-06, global_step: 19, current_memory_allocated: 29.91601800918579, current_memory_reserved: 34.48344039916992, max_memory_allocated: 32.04139161109924, max_memory_reserved: 34.48344039916992, interval_runtime: 1.8989, interval_samples_per_second: 2.1064, interval_steps_per_second: 0.5266, global_norm: 1.4723963737487793, ppl: 1.0016187287292213, progress_or_epoch: 0.0633, cpu_used_memory: 270.25, cpu_available_memory: 1239.91[0m
[32m[2026-05-12 06:51:52,173] [    INFO][0m - [DataLoad global_step: 19] data_load_time: 0.22 ms (accumulated over 4 micro-batches)[0m
[32m[2026-05-12 06:51:54,071] [    INFO][0m - loss: 0.00341552, learning_rate: 9.655e-06, global_step: 20, current_memory_allocated: 29.91601800918579, current_memory_reserved: 34.48344039916992, max_memory_allocated: 32.04139161109924, max_memory_reserved: 34.48344039916992, interval_runtime: 1.8987, interval_samples_per_second: 2.1067, interval_steps_per_second: 0.5267, global_norm: 6.517333030700684, ppl: 1.003421359534892, progress_or_epoch: 0.0667, cpu_used_memory: 270.3, cpu_available_memory: 1239.86[0m
[32m[2026-05-12 06:51:54,072] [    INFO][0m - [DataLoad global_step: 20] data_load_time: 0.21 ms (accumulated over 4 micro-batches)[0m
[32m[2026-05-12 06:51:55,969] [    INFO][0m - loss: 0.00293603, learning_rate: 9.621e-06, global_step: 21, current_memory_allocated: 29.91601800918579, current_memory_reserved: 34.48344039916992, max_memory_allocated: 32.04139161109924, max_memory_reserved: 34.48344039916992, interval_runtime: 1.8975, interval_samples_per_second: 2.108, interval_steps_per_second: 0.527, global_norm: 1.5955759286880493, ppl: 1.002940344357408, progress_or_epoch: 0.07, cpu_used_memory: 270.29, cpu_available_memory: 1239.87[0m
[32m[2026-05-12 06:51:55,969] [    INFO][0m - [DataLoad global_step: 21] data_load_time: 0.20 ms (accumulated over 4 micro-batches)[0m
[32m[2026-05-12 06:51:57,868] [    INFO][0m - loss: 0.00082147, learning_rate: 9.586e-06, global_step: 22, current_memory_allocated: 29.91601800918579, current_memory_reserved: 34.48344039916992, max_memory_allocated: 32.04139161109924, max_memory_reserved: 34.48344039916992, interval_runtime: 1.899, interval_samples_per_second: 2.1064, interval_steps_per_second: 0.5266, global_norm: 1.3048248291015625, ppl: 1.0008218074988893, progress_or_epoch: 0.0733, cpu_used_memory: 270.64, cpu_available_memory: 1239.52[0m
[32m[2026-05-12 06:51:57,869] [    INFO][0m - [DataLoad global_step: 22] data_load_time: 0.22 ms (accumulated over 4 micro-batches)[0m
[32m[2026-05-12 06:51:59,768] [    INFO][0m - loss: 0.00930609, learning_rate: 9.552e-06, global_step: 23, current_memory_allocated: 29.91601800918579, current_memory_reserved: 34.48344039916992, max_memory_allocated: 32.04139161109924, max_memory_reserved: 34.48344039916992, interval_runtime: 1.8995, interval_samples_per_second: 2.1059, interval_steps_per_second: 0.5265, global_norm: 1.7409707307815552, ppl: 1.0093495262916667, progress_or_epoch: 0.0767, cpu_used_memory: 270.59, cpu_available_memory: 1239.57[0m
[32m[2026-05-12 06:51:59,768] [    INFO][0m - [DataLoad global_step: 23] data_load_time: 0.22 ms (accumulated over 4 micro-batches)[0m
[32m[2026-05-12 06:52:01,667] [    INFO][0m - loss: 0.00438405, learning_rate: 9.517e-06, global_step: 24, current_memory_allocated: 29.91601800918579, current_memory_reserved: 34.48344039916992, max_memory_allocated: 32.04139161109924, max_memory_reserved: 34.48344039916992, interval_runtime: 1.8985, interval_samples_per_second: 2.1069, interval_steps_per_second: 0.5267, global_norm: 6.212967872619629, ppl: 1.004393674006103, progress_or_epoch: 0.08, cpu_used_memory: 270.59, cpu_available_memory: 1239.57[0m
[32m[2026-05-12 06:52:01,667] [    INFO][0m - [DataLoad global_step: 24] data_load_time: 0.22 ms (accumulated over 4 micro-batches)[0m
[32m[2026-05-12 06:52:03,567] [    INFO][0m - loss: 0.03310256, learning_rate: 9.483e-06, global_step: 25, current_memory_allocated: 29.91601800918579, current_memory_reserved: 34.48344039916992, max_memory_allocated: 32.04139161109924, max_memory_reserved: 34.48344039916992, interval_runtime: 1.8998, interval_samples_per_second: 2.1054, interval_steps_per_second: 0.5264, global_norm: 17.480077743530273, ppl: 1.0336565456205242, progress_or_epoch: 0.0833, cpu_used_memory: 270.64, cpu_available_memory: 1239.52[0m
[32m[2026-05-12 06:52:03,567] [    INFO][0m - [DataLoad global_step: 25] data_load_time: 0.22 ms (accumulated over 4 micro-batches)[0m
[32m[2026-05-12 06:52:05,466] [    INFO][0m - loss: 0.00326615, learning_rate: 9.448e-06, global_step: 26, current_memory_allocated: 29.91601800918579, current_memory_reserved: 34.48344039916992, max_memory_allocated: 32.04139161109924, max_memory_reserved: 34.48344039916992, interval_runtime: 1.8991, interval_samples_per_second: 2.1063, interval_steps_per_second: 0.5266, global_norm: 27.73708152770996, ppl: 1.003271489679727, progress_or_epoch: 0.0867, cpu_used_memory: 270.63, cpu_available_memory: 1239.53[0m
[32m[2026-05-12 06:52:05,467] [    INFO][0m - [DataLoad global_step: 26] data_load_time: 1.21 ms (accumulated over 4 micro-batches)[0m
[32m[2026-05-12 06:52:07,365] [    INFO][0m - loss: 0.07068601, learning_rate: 9.414e-06, global_step: 27, current_memory_allocated: 29.91601800918579, current_memory_reserved: 34.48344039916992, max_memory_allocated: 32.04139161109924, max_memory_reserved: 34.48344039916992, interval_runtime: 1.8988, interval_samples_per_second: 2.1066, interval_steps_per_second: 0.5266, global_norm: 19.61255645751953, ppl: 1.0732441850157446, progress_or_epoch: 0.09, cpu_used_memory: 270.56, cpu_available_memory: 1239.59[0m
[32m[2026-05-12 06:52:07,366] [    INFO][0m - [DataLoad global_step: 27] data_load_time: 0.22 ms (accumulated over 4 micro-batches)[0m
[32m[2026-05-12 06:52:09,265] [    INFO][0m - loss: 0.0021078, learning_rate: 9.379e-06, global_step: 28, current_memory_allocated: 29.91601800918579, current_memory_reserved: 34.48344039916992, max_memory_allocated: 32.04139161109924, max_memory_reserved: 34.48344039916992, interval_runtime: 1.8995, interval_samples_per_second: 2.1058, interval_steps_per_second: 0.5264, global_norm: 5.194880962371826, ppl: 1.0021100229720057, progress_or_epoch: 0.0933, cpu_used_memory: 270.48, cpu_available_memory: 1239.68[0m
[32m[2026-05-12 06:52:09,266] [    INFO][0m - [DataLoad global_step: 28] data_load_time: 0.21 ms (accumulated over 4 micro-batches)[0m
[32m[2026-05-12 06:52:11,166] [    INFO][0m - loss: 0.01412217, learning_rate: 9.345e-06, global_step: 29, current_memory_allocated: 29.91601800918579, current_memory_reserved: 34.48344039916992, max_memory_allocated: 32.04139161109924, max_memory_reserved: 34.48344039916992, interval_runtime: 1.9, interval_samples_per_second: 2.1053, interval_steps_per_second: 0.5263, global_norm: 20.187707901000977, ppl: 1.0142223589154968, progress_or_epoch: 0.0967, cpu_used_memory: 270.47, cpu_available_memory: 1239.69[0m
[32m[2026-05-12 06:52:11,166] [    INFO][0m - [DataLoad global_step: 29] data_load_time: 0.25 ms (accumulated over 4 micro-batches)[0m
[32m[2026-05-12 06:52:13,066] [    INFO][0m - loss: 0.01425399, learning_rate: 9.31e-06, global_step: 30, current_memory_allocated: 29.91601800918579, current_memory_reserved: 34.48344039916992, max_memory_allocated: 32.04139161109924, max_memory_reserved: 34.48344039916992, interval_runtime: 1.8998, interval_samples_per_second: 2.1055, interval_steps_per_second: 0.5264, global_norm: 7.2779645919799805, ppl: 1.01435606251906, progress_or_epoch: 0.1, cpu_used_memory: 270.47, cpu_available_memory: 1239.69[0m
[32m[2026-05-12 06:52:13,066] [    INFO][0m - [DataLoad global_step: 30] data_load_time: 0.25 ms (accumulated over 4 micro-batches)[0m
[32m[2026-05-12 06:52:14,976] [    INFO][0m - loss: 0.0044242, learning_rate: 9.276e-06, global_step: 31, current_memory_allocated: 29.91601800918579, current_memory_reserved: 34.48344039916992, max_memory_allocated: 32.04139161109924, max_memory_reserved: 34.48344039916992, interval_runtime: 1.9099, interval_samples_per_second: 2.0943, interval_steps_per_second: 0.5236, global_norm: 0.8030122518539429, ppl: 1.0044340012216777, progress_or_epoch: 0.1033, cpu_used_memory: 270.52, cpu_available_memory: 1239.64[0m
[32m[2026-05-12 06:52:14,976] [    INFO][0m - [DataLoad global_step: 31] data_load_time: 0.24 ms (accumulated over 4 micro-batches)[0m
[32m[2026-05-12 06:52:16,875] [    INFO][0m - loss: 0.00055053, learning_rate: 9.241e-06, global_step: 32, current_memory_allocated: 29.91601800918579, current_memory_reserved: 34.48344039916992, max_memory_allocated: 32.04139161109924, max_memory_reserved: 34.48344039916992, interval_runtime: 1.8984, interval_samples_per_second: 2.107, interval_steps_per_second: 0.5267, global_norm: 0.27037128806114197, ppl: 1.0005506815694536, progress_or_epoch: 0.1067, cpu_used_memory: 270.52, cpu_available_memory: 1239.64[0m
[32m[2026-05-12 06:52:16,875] [    INFO][0m - [DataLoad global_step: 32] data_load_time: 0.22 ms (accumulated over 4 micro-batches)[0m
[32m[2026-05-12 06:52:18,774] [    INFO][0m - loss: 0.00469512, learning_rate: 9.207e-06, global_step: 33, current_memory_allocated: 29.91601800918579, current_memory_reserved: 34.48344039916992, max_memory_allocated: 32.04139161109924, max_memory_reserved: 34.48344039916992, interval_runtime: 1.8988, interval_samples_per_second: 2.1066, interval_steps_per_second: 0.5266, global_norm: 3.7219462394714355, ppl: 1.0047061593461637, progress_or_epoch: 0.11, cpu_used_memory: 270.52, cpu_available_memory: 1239.63[0m
[32m[2026-05-12 06:52:18,774] [    INFO][0m - [DataLoad global_step: 33] data_load_time: 0.24 ms (accumulated over 4 micro-batches)[0m
[32m[2026-05-12 06:52:20,673] [    INFO][0m - loss: 0.00548605, learning_rate: 9.172e-06, global_step: 34, current_memory_allocated: 29.91601800918579, current_memory_reserved: 34.48344039916992, max_memory_allocated: 32.04139161109924, max_memory_reserved: 34.48344039916992, interval_runtime: 1.8988, interval_samples_per_second: 2.1065, interval_steps_per_second: 0.5266, global_norm: 7.173474311828613, ppl: 1.0055011259287925, progress_or_epoch: 0.1133, cpu_used_memory: 270.55, cpu_available_memory: 1239.6[0m
[32m[2026-05-12 06:52:20,673] [    INFO][0m - [DataLoad global_step: 34] data_load_time: 0.22 ms (accumulated over 4 micro-batches)[0m
[32m[2026-05-12 06:52:22,573] [    INFO][0m - loss: 0.00546256, learning_rate: 9.138e-06, global_step: 35, current_memory_allocated: 29.91601800918579, current_memory_reserved: 34.48344039916992, max_memory_allocated: 32.04139161109924, max_memory_reserved: 34.48344039916992, interval_runtime: 1.8995, interval_samples_per_second: 2.1058, interval_steps_per_second: 0.5264, global_norm: 2.310310125350952, ppl: 1.0054775069847501, progress_or_epoch: 0.1167, cpu_used_memory: 270.58, cpu_available_memory: 1239.58[0m
[32m[2026-05-12 06:52:22,573] [    INFO][0m - [DataLoad global_step: 35] data_load_time: 0.24 ms (accumulated over 4 micro-batches)[0m
[32m[2026-05-12 06:52:24,472] [    INFO][0m - loss: 0.00081733, learning_rate: 9.103e-06, global_step: 36, current_memory_allocated: 29.91601800918579, current_memory_reserved: 34.48344039916992, max_memory_allocated: 32.04139161109924, max_memory_reserved: 34.48344039916992, interval_runtime: 1.8992, interval_samples_per_second: 2.1062, interval_steps_per_second: 0.5265, global_norm: 1.088495135307312, ppl: 1.000817664105183, progress_or_epoch: 0.12, cpu_used_memory: 270.63, cpu_available_memory: 1239.53[0m
[32m[2026-05-12 06:52:24,472] [    INFO][0m - [DataLoad global_step: 36] data_load_time: 0.24 ms (accumulated over 4 micro-batches)[0m
[32m[2026-05-12 06:52:26,371] [    INFO][0m - loss: 0.00198487, learning_rate: 9.069e-06, global_step: 37, current_memory_allocated: 29.91601800918579, current_memory_reserved: 34.48344039916992, max_memory_allocated: 32.04139161109924, max_memory_reserved: 34.48344039916992, interval_runtime: 1.899, interval_samples_per_second: 2.1064, interval_steps_per_second: 0.5266, global_norm: 0.7038643956184387, ppl: 1.0019868411584072, progress_or_epoch: 0.1233, cpu_used_memory: 270.62, cpu_available_memory: 1239.54[0m
[32m[2026-05-12 06:52:26,372] [    INFO][0m - [DataLoad global_step: 37] data_load_time: 0.22 ms (accumulated over 4 micro-batches)[0m
[32m[2026-05-12 06:52:28,270] [    INFO][0m - loss: 0.00192046, learning_rate: 9.034e-06, global_step: 38, current_memory_allocated: 29.91601800918579, current_memory_reserved: 34.48344039916992, max_memory_allocated: 32.04139161109924, max_memory_reserved: 34.48344039916992, interval_runtime: 1.8984, interval_samples_per_second: 2.107, interval_steps_per_second: 0.5267, global_norm: 1.006029486656189, ppl: 1.0019223052643689, progress_or_epoch: 0.1267, cpu_used_memory: 270.6, cpu_available_memory: 1239.56[0m
[32m[2026-05-12 06:52:28,270] [    INFO][0m - [DataLoad global_step: 38] data_load_time: 0.22 ms (accumulated over 4 micro-batches)[0m
[32m[2026-05-12 06:52:30,169] [    INFO][0m - loss: 0.00061921, learning_rate: 9e-06, global_step: 39, current_memory_allocated: 29.91601800918579, current_memory_reserved: 34.48344039916992, max_memory_allocated: 32.04139161109924, max_memory_reserved: 34.48344039916992, interval_runtime: 1.8987, interval_samples_per_second: 2.1067, interval_steps_per_second: 0.5267, global_norm: 0.36765220761299133, ppl: 1.0006194017500878, progress_or_epoch: 0.13, cpu_used_memory: 270.56, cpu_available_memory: 1239.6[0m
[32m[2026-05-12 06:52:30,169] [    INFO][0m - [DataLoad global_step: 39] data_load_time: 0.22 ms (accumulated over 4 micro-batches)[0m
[32m[2026-05-12 06:52:32,071] [    INFO][0m - loss: 0.00061146, learning_rate: 8.966e-06, global_step: 40, current_memory_allocated: 29.91601800918579, current_memory_reserved: 34.48344039916992, max_memory_allocated: 32.04139161109924, max_memory_reserved: 34.48344039916992, interval_runtime: 1.9015, interval_samples_per_second: 2.1036, interval_steps_per_second: 0.5259, global_norm: 0.2838325500488281, ppl: 1.0006116469797741, progress_or_epoch: 0.1333, cpu_used_memory: 270.57, cpu_available_memory: 1239.59[0m
[32m[2026-05-12 06:52:32,071] [    INFO][0m - [DataLoad global_step: 40] data_load_time: 0.21 ms (accumulated over 4 micro-batches)[0m
[32m[2026-05-12 06:52:33,970] [    INFO][0m - loss: 0.00276708, learning_rate: 8.931e-06, global_step: 41, current_memory_allocated: 29.91601800918579, current_memory_reserved: 34.48344039916992, max_memory_allocated: 32.04139161109924, max_memory_reserved: 34.48344039916992, interval_runtime: 1.8992, interval_samples_per_second: 2.1062, interval_steps_per_second: 0.5265, global_norm: 12.12614631652832, ppl: 1.0027709118994388, progress_or_epoch: 0.1367, cpu_used_memory: 270.55, cpu_available_memory: 1239.6[0m
[32m[2026-05-12 06:52:33,971] [    INFO][0m - [DataLoad global_step: 41] data_load_time: 0.22 ms (accumulated over 4 micro-batches)[0m
[32m[2026-05-12 06:52:35,869] [    INFO][0m - loss: 0.00202493, learning_rate: 8.897e-06, global_step: 42, current_memory_allocated: 29.91601800918579, current_memory_reserved: 34.48344039916992, max_memory_allocated: 32.04139161109924, max_memory_reserved: 34.48344039916992, interval_runtime: 1.8984, interval_samples_per_second: 2.107, interval_steps_per_second: 0.5268, global_norm: 2.4952447414398193, ppl: 1.0020269815552707, progress_or_epoch: 0.14, cpu_used_memory: 270.61, cpu_available_memory: 1239.54[0m
[32m[2026-05-12 06:52:35,869] [    INFO][0m - [DataLoad global_step: 42] data_load_time: 0.22 ms (accumulated over 4 micro-batches)[0m
[32m[2026-05-12 06:52:37,768] [    INFO][0m - loss: 0.00084592, learning_rate: 8.862e-06, global_step: 43, current_memory_allocated: 29.91601800918579, current_memory_reserved: 34.48344039916992, max_memory_allocated: 32.04139161109924, max_memory_reserved: 34.48344039916992, interval_runtime: 1.899, interval_samples_per_second: 2.1064, interval_steps_per_second: 0.5266, global_norm: 1.875400185585022, ppl: 1.000846277891232, progress_or_epoch: 0.1433, cpu_used_memory: 270.6, cpu_available_memory: 1239.56[0m
[32m[2026-05-12 06:52:37,768] [    INFO][0m - [DataLoad global_step: 43] data_load_time: 0.73 ms (accumulated over 4 micro-batches)[0m
[32m[2026-05-12 06:52:39,668] [    INFO][0m - loss: 0.00047065, learning_rate: 8.828e-06, global_step: 44, current_memory_allocated: 29.91601800918579, current_memory_reserved: 34.48344039916992, max_memory_allocated: 32.04139161109924, max_memory_reserved: 34.48344039916992, interval_runtime: 1.8994, interval_samples_per_second: 2.1059, interval_steps_per_second: 0.5265, global_norm: 0.5509403944015503, ppl: 1.000470760773089, progress_or_epoch: 0.1467, cpu_used_memory: 270.56, cpu_available_memory: 1239.6[0m
[32m[2026-05-12 06:52:39,668] [    INFO][0m - [DataLoad global_step: 44] data_load_time: 0.21 ms (accumulated over 4 micro-batches)[0m
[32m[2026-05-12 06:52:41,568] [    INFO][0m - loss: 0.0001547, learning_rate: 8.793e-06, global_step: 45, current_memory_allocated: 29.91601800918579, current_memory_reserved: 34.48344039916992, max_memory_allocated: 32.04139161109924, max_memory_reserved: 34.48344039916992, interval_runtime: 1.9003, interval_samples_per_second: 2.1049, interval_steps_per_second: 0.5262, global_norm: 0.055314552038908005, ppl: 1.000154711966662, progress_or_epoch: 0.15, cpu_used_memory: 270.62, cpu_available_memory: 1239.53[0m
[32m[2026-05-12 06:52:41,569] [    INFO][0m - [DataLoad global_step: 45] data_load_time: 0.24 ms (accumulated over 4 micro-batches)[0m
[32m[2026-05-12 06:52:43,469] [    INFO][0m - loss: 0.00017251, learning_rate: 8.759e-06, global_step: 46, current_memory_allocated: 29.91601800918579, current_memory_reserved: 34.48344039916992, max_memory_allocated: 32.04139161109924, max_memory_reserved: 34.48344039916992, interval_runtime: 1.9001, interval_samples_per_second: 2.1052, interval_steps_per_second: 0.5263, global_norm: 0.16978095471858978, ppl: 1.0001725248807056, progress_or_epoch: 0.1533, cpu_used_memory: 270.58, cpu_available_memory: 1239.58[0m
[32m[2026-05-12 06:52:43,469] [    INFO][0m - [DataLoad global_step: 46] data_load_time: 0.23 ms (accumulated over 4 micro-batches)[0m
[32m[2026-05-12 06:52:45,369] [    INFO][0m - loss: 0.00040504, learning_rate: 8.724e-06, global_step: 47, current_memory_allocated: 29.91601800918579, current_memory_reserved: 34.48344039916992, max_memory_allocated: 32.04139161109924, max_memory_reserved: 34.48344039916992, interval_runtime: 1.8998, interval_samples_per_second: 2.1055, interval_steps_per_second: 0.5264, global_norm: 0.552159309387207, ppl: 1.000405122039777, progress_or_epoch: 0.1567, cpu_used_memory: 270.56, cpu_available_memory: 1239.6[0m
[32m[2026-05-12 06:52:45,369] [    INFO][0m - [DataLoad global_step: 47] data_load_time: 0.25 ms (accumulated over 4 micro-batches)[0m
[32m[2026-05-12 06:52:47,268] [    INFO][0m - loss: 0.00066783, learning_rate: 8.69e-06, global_step: 48, current_memory_allocated: 29.91601800918579, current_memory_reserved: 34.48344039916992, max_memory_allocated: 32.04139161109924, max_memory_reserved: 34.48344039916992, interval_runtime: 1.8989, interval_samples_per_second: 2.1065, interval_steps_per_second: 0.5266, global_norm: 1.0565564632415771, ppl: 1.0006680530481045, progress_or_epoch: 0.16, cpu_used_memory: 270.57, cpu_available_memory: 1239.59[0m
[32m[2026-05-12 06:52:47,268] [    INFO][0m - [DataLoad global_step: 48] data_load_time: 0.22 ms (accumulated over 4 micro-batches)[0m
[32m[2026-05-12 06:52:49,168] [    INFO][0m - loss: 0.00023588, learning_rate: 8.655e-06, global_step: 49, current_memory_allocated: 29.91601800918579, current_memory_reserved: 34.48344039916992, max_memory_allocated: 32.04139161109924, max_memory_reserved: 34.48344039916992, interval_runtime: 1.8994, interval_samples_per_second: 2.1059, interval_steps_per_second: 0.5265, global_norm: 0.13649505376815796, ppl: 1.0002359078218748, progress_or_epoch: 0.1633, cpu_used_memory: 270.53, cpu_available_memory: 1239.63[0m
[32m[2026-05-12 06:52:49,168] [    INFO][0m - [DataLoad global_step: 49] data_load_time: 0.22 ms (accumulated over 4 micro-batches)[0m
[32m[2026-05-12 06:52:51,068] [    INFO][0m - loss: 0.00015609, learning_rate: 8.621e-06, global_step: 50, current_memory_allocated: 29.91601800918579, current_memory_reserved: 34.48344039916992, max_memory_allocated: 32.04139161109924, max_memory_reserved: 34.48344039916992, interval_runtime: 1.9002, interval_samples_per_second: 2.1051, interval_steps_per_second: 0.5263, global_norm: 0.06784498691558838, ppl: 1.000156102182678, progress_or_epoch: 0.1667, cpu_used_memory: 270.52, cpu_available_memory: 1239.63[0m
[32m[2026-05-12 06:52:51,068] [    INFO][0m - [DataLoad global_step: 50] data_load_time: 0.23 ms (accumulated over 4 micro-batches)[0m
[32m[2026-05-12 06:52:52,967] [    INFO][0m - loss: 0.00100948, learning_rate: 8.586e-06, global_step: 51, current_memory_allocated: 29.91601800918579, current_memory_reserved: 34.48344039916992, max_memory_allocated: 32.04139161109924, max_memory_reserved: 34.48344039916992, interval_runtime: 1.8985, interval_samples_per_second: 2.1069, interval_steps_per_second: 0.5267, global_norm: 0.68822181224823, ppl: 1.0010099896964302, progress_or_epoch: 0.17, cpu_used_memory: 270.52, cpu_available_memory: 1239.63[0m
[32m[2026-05-12 06:52:52,967] [    INFO][0m - [DataLoad global_step: 51] data_load_time: 0.22 ms (accumulated over 4 micro-batches)[0m
[32m[2026-05-12 06:52:54,867] [    INFO][0m - loss: 0.00191609, learning_rate: 8.552e-06, global_step: 52, current_memory_allocated: 29.91601800918579, current_memory_reserved: 34.48344039916992, max_memory_allocated: 32.04139161109924, max_memory_reserved: 34.48344039916992, interval_runtime: 1.8993, interval_samples_per_second: 2.106, interval_steps_per_second: 0.5265, global_norm: 1.2972666025161743, ppl: 1.0019179268734617, progress_or_epoch: 0.1733, cpu_used_memory: 270.49, cpu_available_memory: 1239.67[0m
[32m[2026-05-12 06:52:54,867] [    INFO][0m - [DataLoad global_step: 52] data_load_time: 0.23 ms (accumulated over 4 micro-batches)[0m
[32m[2026-05-12 06:52:56,767] [    INFO][0m - loss: 0.00248843, learning_rate: 8.517e-06, global_step: 53, current_memory_allocated: 29.91601800918579, current_memory_reserved: 34.48344039916992, max_memory_allocated: 32.04139161109924, max_memory_reserved: 34.48344039916992, interval_runtime: 1.8998, interval_samples_per_second: 2.1055, interval_steps_per_second: 0.5264, global_norm: 1.2370606660842896, ppl: 1.0024915287117084, progress_or_epoch: 0.1767, cpu_used_memory: 270.53, cpu_available_memory: 1239.63[0m
[32m[2026-05-12 06:52:56,767] [    INFO][0m - [DataLoad global_step: 53] data_load_time: 0.22 ms (accumulated over 4 micro-batches)[0m
[32m[2026-05-12 06:52:58,669] [    INFO][0m - loss: 0.0010619, learning_rate: 8.483e-06, global_step: 54, current_memory_allocated: 29.91601800918579, current_memory_reserved: 34.48344039916992, max_memory_allocated: 32.04139161109924, max_memory_reserved: 34.48344039916992, interval_runtime: 1.9019, interval_samples_per_second: 2.1032, interval_steps_per_second: 0.5258, global_norm: 0.7380815744400024, ppl: 1.00106246401543, progress_or_epoch: 0.18, cpu_used_memory: 270.52, cpu_available_memory: 1239.64[0m
[32m[2026-05-12 06:52:58,669] [    INFO][0m - [DataLoad global_step: 54] data_load_time: 0.24 ms (accumulated over 4 micro-batches)[0m
[32m[2026-05-12 06:53:00,570] [    INFO][0m - loss: 0.00068519, learning_rate: 8.448e-06, global_step: 55, current_memory_allocated: 29.91601800918579, current_memory_reserved: 34.48344039916992, max_memory_allocated: 32.04139161109924, max_memory_reserved: 34.48344039916992, interval_runtime: 1.901, interval_samples_per_second: 2.1041, interval_steps_per_second: 0.526, global_norm: 0.9758819937705994, ppl: 1.0006854247962917, progress_or_epoch: 0.1833, cpu_used_memory: 270.54, cpu_available_memory: 1239.62[0m
[32m[2026-05-12 06:53:00,571] [    INFO][0m - [DataLoad global_step: 55] data_load_time: 0.26 ms (accumulated over 4 micro-batches)[0m
[32m[2026-05-12 06:53:02,474] [    INFO][0m - loss: 0.00012773, learning_rate: 8.414e-06, global_step: 56, current_memory_allocated: 29.91601800918579, current_memory_reserved: 34.48344039916992, max_memory_allocated: 32.04139161109924, max_memory_reserved: 34.48344039916992, interval_runtime: 1.9038, interval_samples_per_second: 2.1011, interval_steps_per_second: 0.5253, global_norm: 0.04001208022236824, ppl: 1.0001277381578237, progress_or_epoch: 0.1867, cpu_used_memory: 270.56, cpu_available_memory: 1239.6[0m
[32m[2026-05-12 06:53:02,475] [    INFO][0m - [DataLoad global_step: 56] data_load_time: 0.23 ms (accumulated over 4 micro-batches)[0m
[32m[2026-05-12 06:53:04,375] [    INFO][0m - loss: 0.00181029, learning_rate: 8.379e-06, global_step: 57, current_memory_allocated: 29.91601800918579, current_memory_reserved: 34.48344039916992, max_memory_allocated: 32.04139161109924, max_memory_reserved: 34.48344039916992, interval_runtime: 1.9004, interval_samples_per_second: 2.1049, interval_steps_per_second: 0.5262, global_norm: 0.898557722568512, ppl: 1.001811929564155, progress_or_epoch: 0.19, cpu_used_memory: 270.56, cpu_available_memory: 1239.6[0m
[32m[2026-05-12 06:53:04,375] [    INFO][0m - [DataLoad global_step: 57] data_load_time: 0.22 ms (accumulated over 4 micro-batches)[0m
[32m[2026-05-12 06:53:06,276] [    INFO][0m - loss: 0.00440742, learning_rate: 8.345e-06, global_step: 58, current_memory_allocated: 29.91601800918579, current_memory_reserved: 34.48344039916992, max_memory_allocated: 32.04139161109924, max_memory_reserved: 34.48344039916992, interval_runtime: 1.9002, interval_samples_per_second: 2.105, interval_steps_per_second: 0.5263, global_norm: 7.17891788482666, ppl: 1.004417146960545, progress_or_epoch: 0.1933, cpu_used_memory: 270.38, cpu_available_memory: 1239.78[0m
[32m[2026-05-12 06:53:06,276] [    INFO][0m - [DataLoad global_step: 58] data_load_time: 0.23 ms (accumulated over 4 micro-batches)[0m
[32m[2026-05-12 06:53:08,175] [    INFO][0m - loss: 0.00291867, learning_rate: 8.31e-06, global_step: 59, current_memory_allocated: 29.91601800918579, current_memory_reserved: 34.48344039916992, max_memory_allocated: 32.04139161109924, max_memory_reserved: 34.48344039916992, interval_runtime: 1.899, interval_samples_per_second: 2.1063, interval_steps_per_second: 0.5266, global_norm: 1.1050535440444946, ppl: 1.002922933464157, progress_or_epoch: 0.1967, cpu_used_memory: 270.37, cpu_available_memory: 1239.79[0m
[32m[2026-05-12 06:53:08,175] [    INFO][0m - [DataLoad global_step: 59] data_load_time: 1.39 ms (accumulated over 4 micro-batches)[0m
[32m[2026-05-12 06:53:10,074] [    INFO][0m - loss: 0.00273255, learning_rate: 8.276e-06, global_step: 60, current_memory_allocated: 29.91601800918579, current_memory_reserved: 34.48344039916992, max_memory_allocated: 32.04139161109924, max_memory_reserved: 34.48344039916992, interval_runtime: 1.8985, interval_samples_per_second: 2.1069, interval_steps_per_second: 0.5267, global_norm: 4.574665069580078, ppl: 1.0027362868176564, progress_or_epoch: 0.2, cpu_used_memory: 270.36, cpu_available_memory: 1239.8[0m
[32m[2026-05-12 06:53:10,074] [    INFO][0m - [DataLoad global_step: 60] data_load_time: 0.21 ms (accumulated over 4 micro-batches)[0m
[32m[2026-05-12 06:53:11,973] [    INFO][0m - loss: 0.00354154, learning_rate: 8.241e-06, global_step: 61, current_memory_allocated: 29.91601800918579, current_memory_reserved: 34.48344039916992, max_memory_allocated: 32.04139161109924, max_memory_reserved: 34.48344039916992, interval_runtime: 1.8991, interval_samples_per_second: 2.1062, interval_steps_per_second: 0.5266, global_norm: 2.816417932510376, ppl: 1.0035478186626428, progress_or_epoch: 0.2033, cpu_used_memory: 270.38, cpu_available_memory: 1239.77[0m
[32m[2026-05-12 06:53:11,973] [    INFO][0m - [DataLoad global_step: 61] data_load_time: 0.22 ms (accumulated over 4 micro-batches)[0m
[32m[2026-05-12 06:53:13,872] [    INFO][0m - loss: 0.00152386, learning_rate: 8.207e-06, global_step: 62, current_memory_allocated: 29.91601800918579, current_memory_reserved: 34.48344039916992, max_memory_allocated: 32.04139161109924, max_memory_reserved: 34.48344039916992, interval_runtime: 1.8992, interval_samples_per_second: 2.1062, interval_steps_per_second: 0.5265, global_norm: 0.5238951444625854, ppl: 1.0015250216646463, progress_or_epoch: 0.2067, cpu_used_memory: 270.4, cpu_available_memory: 1239.75[0m
[32m[2026-05-12 06:53:13,873] [    INFO][0m - [DataLoad global_step: 62] data_load_time: 0.23 ms (accumulated over 4 micro-batches)[0m
[32m[2026-05-12 06:53:15,773] [    INFO][0m - loss: 0.00018469, learning_rate: 8.172e-06, global_step: 63, current_memory_allocated: 29.91601800918579, current_memory_reserved: 34.48344039916992, max_memory_allocated: 32.04139161109924, max_memory_reserved: 34.48344039916992, interval_runtime: 1.9003, interval_samples_per_second: 2.105, interval_steps_per_second: 0.5262, global_norm: 0.09357728809118271, ppl: 1.0001847070562482, progress_or_epoch: 0.21, cpu_used_memory: 270.42, cpu_available_memory: 1239.74[0m
[32m[2026-05-12 06:53:15,773] [    INFO][0m - [DataLoad global_step: 63] data_load_time: 0.23 ms (accumulated over 4 micro-batches)[0m
[32m[2026-05-12 06:53:17,673] [    INFO][0m - loss: 0.00011419, learning_rate: 8.138e-06, global_step: 64, current_memory_allocated: 29.91601800918579, current_memory_reserved: 34.48344039916992, max_memory_allocated: 32.04139161109924, max_memory_reserved: 34.48344039916992, interval_runtime: 1.8998, interval_samples_per_second: 2.1055, interval_steps_per_second: 0.5264, global_norm: 0.051074303686618805, ppl: 1.0001141965199263, progress_or_epoch: 0.2133, cpu_used_memory: 270.44, cpu_available_memory: 1239.71[0m
[32m[2026-05-12 06:53:17,673] [    INFO][0m - [DataLoad global_step: 64] data_load_time: 0.25 ms (accumulated over 4 micro-batches)[0m
[32m[2026-05-12 06:53:19,576] [    INFO][0m - loss: 0.00031028, learning_rate: 8.103e-06, global_step: 65, current_memory_allocated: 29.91601800918579, current_memory_reserved: 34.48344039916992, max_memory_allocated: 32.04139161109924, max_memory_reserved: 34.48344039916992, interval_runtime: 1.9029, interval_samples_per_second: 2.1021, interval_steps_per_second: 0.5255, global_norm: 0.24375607073307037, ppl: 1.0003103281418182, progress_or_epoch: 0.2167, cpu_used_memory: 270.5, cpu_available_memory: 1239.66[0m
[32m[2026-05-12 06:53:19,577] [    INFO][0m - [DataLoad global_step: 65] data_load_time: 0.22 ms (accumulated over 4 micro-batches)[0m
[32m[2026-05-12 06:53:21,476] [    INFO][0m - loss: 0.00010338, learning_rate: 8.069e-06, global_step: 66, current_memory_allocated: 29.91601800918579, current_memory_reserved: 34.48344039916992, max_memory_allocated: 32.04139161109924, max_memory_reserved: 34.48344039916992, interval_runtime: 1.8989, interval_samples_per_second: 2.1065, interval_steps_per_second: 0.5266, global_norm: 0.04318566247820854, ppl: 1.0001033853438963, progress_or_epoch: 0.22, cpu_used_memory: 270.53, cpu_available_memory: 1239.63[0m
[32m[2026-05-12 06:53:21,476] [    INFO][0m - [DataLoad global_step: 66] data_load_time: 0.26 ms (accumulated over 4 micro-batches)[0m
[32m[2026-05-12 06:53:23,375] [    INFO][0m - loss: 0.01801087, learning_rate: 8.034e-06, global_step: 67, current_memory_allocated: 29.91601800918579, current_memory_reserved: 34.48344039916992, max_memory_allocated: 32.04139161109924, max_memory_reserved: 34.48344039916992, interval_runtime: 1.8992, interval_samples_per_second: 2.1061, interval_steps_per_second: 0.5265, global_norm: 10.187339782714844, ppl: 1.0181740438814988, progress_or_epoch: 0.2233, cpu_used_memory: 270.55, cpu_available_memory: 1239.61[0m
[32m[2026-05-12 06:53:23,375] [    INFO][0m - [DataLoad global_step: 67] data_load_time: 0.24 ms (accumulated over 4 micro-batches)[0m
[32m[2026-05-12 06:53:25,275] [    INFO][0m - loss: 0.02701425, learning_rate: 8e-06, global_step: 68, current_memory_allocated: 29.91601800918579, current_memory_reserved: 34.48344039916992, max_memory_allocated: 32.04139161109924, max_memory_reserved: 34.48344039916992, interval_runtime: 1.8992, interval_samples_per_second: 2.1062, interval_steps_per_second: 0.5265, global_norm: 8.304058074951172, ppl: 1.0273824428589893, progress_or_epoch: 0.2267, cpu_used_memory: 270.57, cpu_available_memory: 1239.59[0m
[32m[2026-05-12 06:53:25,275] [    INFO][0m - [DataLoad global_step: 68] data_load_time: 0.26 ms (accumulated over 4 micro-batches)[0m
[32m[2026-05-12 06:53:27,174] [    INFO][0m - loss: 0.00320271, learning_rate: 7.966e-06, global_step: 69, current_memory_allocated: 29.91601800918579, current_memory_reserved: 34.48344039916992, max_memory_allocated: 32.04139161109924, max_memory_reserved: 34.48344039916992, interval_runtime: 1.8997, interval_samples_per_second: 2.1056, interval_steps_per_second: 0.5264, global_norm: 1.2561661005020142, ppl: 1.003207844155279, progress_or_epoch: 0.23, cpu_used_memory: 270.58, cpu_available_memory: 1239.58[0m
[32m[2026-05-12 06:53:27,175] [    INFO][0m - [DataLoad global_step: 69] data_load_time: 0.25 ms (accumulated over 4 micro-batches)[0m
[32m[2026-05-12 06:53:29,075] [    INFO][0m - loss: 0.00178807, learning_rate: 7.931e-06, global_step: 70, current_memory_allocated: 29.91601800918579, current_memory_reserved: 34.48344039916992, max_memory_allocated: 32.04139161109924, max_memory_reserved: 34.48344039916992, interval_runtime: 1.9002, interval_samples_per_second: 2.105, interval_steps_per_second: 0.5263, global_norm: 0.5921882390975952, ppl: 1.0017896695503898, progress_or_epoch: 0.2333, cpu_used_memory: 270.65, cpu_available_memory: 1239.51[0m
[32m[2026-05-12 06:53:29,075] [    INFO][0m - [DataLoad global_step: 70] data_load_time: 0.24 ms (accumulated over 4 micro-batches)[0m
[32m[2026-05-12 06:53:30,976] [    INFO][0m - loss: 0.00056132, learning_rate: 7.897e-06, global_step: 71, current_memory_allocated: 29.91601800918579, current_memory_reserved: 34.48344039916992, max_memory_allocated: 32.04139161109924, max_memory_reserved: 34.48344039916992, interval_runtime: 1.9011, interval_samples_per_second: 2.1041, interval_steps_per_second: 0.526, global_norm: 0.22983728349208832, ppl: 1.0005614775695522, progress_or_epoch: 0.2367, cpu_used_memory: 270.64, cpu_available_memory: 1239.52[0m
[32m[2026-05-12 06:53:30,977] [    INFO][0m - [DataLoad global_step: 71] data_load_time: 0.27 ms (accumulated over 4 micro-batches)[0m
[32m[2026-05-12 06:53:32,875] [    INFO][0m - loss: 0.00398745, learning_rate: 7.862e-06, global_step: 72, current_memory_allocated: 29.91601800918579, current_memory_reserved: 34.48344039916992, max_memory_allocated: 32.04139161109924, max_memory_reserved: 34.48344039916992, interval_runtime: 1.8989, interval_samples_per_second: 2.1065, interval_steps_per_second: 0.5266, global_norm: 6.375060558319092, ppl: 1.0039954104558744, progress_or_epoch: 0.24, cpu_used_memory: 270.63, cpu_available_memory: 1239.52[0m
[32m[2026-05-12 06:53:32,876] [    INFO][0m - [DataLoad global_step: 72] data_load_time: 0.22 ms (accumulated over 4 micro-batches)[0m
[32m[2026-05-12 06:53:34,775] [    INFO][0m - loss: 0.0007951, learning_rate: 7.828e-06, global_step: 73, current_memory_allocated: 29.91601800918579, current_memory_reserved: 34.48344039916992, max_memory_allocated: 32.04139161109924, max_memory_reserved: 34.48344039916992, interval_runtime: 1.8993, interval_samples_per_second: 2.1061, interval_steps_per_second: 0.5265, global_norm: 3.5924904346466064, ppl: 1.0007954161757966, progress_or_epoch: 0.2433, cpu_used_memory: 270.64, cpu_available_memory: 1239.52[0m
[32m[2026-05-12 06:53:34,775] [    INFO][0m - [DataLoad global_step: 73] data_load_time: 0.21 ms (accumulated over 4 micro-batches)[0m
[32m[2026-05-12 06:53:36,674] [    INFO][0m - loss: 0.00965983, learning_rate: 7.793e-06, global_step: 74, current_memory_allocated: 29.91601800918579, current_memory_reserved: 34.48344039916992, max_memory_allocated: 32.04139161109924, max_memory_reserved: 34.48344039916992, interval_runtime: 1.8991, interval_samples_per_second: 2.1063, interval_steps_per_second: 0.5266, global_norm: 2.6734747886657715, ppl: 1.0097066367515004, progress_or_epoch: 0.2467, cpu_used_memory: 270.63, cpu_available_memory: 1239.53[0m
[32m[2026-05-12 06:53:36,675] [    INFO][0m - [DataLoad global_step: 74] data_load_time: 0.22 ms (accumulated over 4 micro-batches)[0m
[32m[2026-05-12 06:53:38,575] [    INFO][0m - loss: 0.00118514, learning_rate: 7.759e-06, global_step: 75, current_memory_allocated: 29.91601800918579, current_memory_reserved: 34.48344039916992, max_memory_allocated: 32.04139161109924, max_memory_reserved: 34.48344039916992, interval_runtime: 1.9001, interval_samples_per_second: 2.1051, interval_steps_per_second: 0.5263, global_norm: 0.6121532320976257, ppl: 1.0011858425559248, progress_or_epoch: 0.25, cpu_used_memory: 270.6, cpu_available_memory: 1239.56[0m
[32m[2026-05-12 06:53:38,575] [    INFO][0m - [DataLoad global_step: 75] data_load_time: 1.14 ms (accumulated over 4 micro-batches)[0m
[32m[2026-05-12 06:53:40,474] [    INFO][0m - loss: 0.00089492, learning_rate: 7.724e-06, global_step: 76, current_memory_allocated: 29.91601800918579, current_memory_reserved: 34.48344039916992, max_memory_allocated: 32.04139161109924, max_memory_reserved: 34.48344039916992, interval_runtime: 1.8993, interval_samples_per_second: 2.1061, interval_steps_per_second: 0.5265, global_norm: 0.7044829726219177, ppl: 1.000895320560384, progress_or_epoch: 0.2533, cpu_used_memory: 270.6, cpu_available_memory: 1239.56[0m
[32m[2026-05-12 06:53:40,475] [    INFO][0m - [DataLoad global_step: 76] data_load_time: 0.22 ms (accumulated over 4 micro-batches)[0m
[32m[2026-05-12 06:53:42,374] [    INFO][0m - loss: 0.00042982, learning_rate: 7.69e-06, global_step: 77, current_memory_allocated: 29.91601800918579, current_memory_reserved: 34.48344039916992, max_memory_allocated: 32.04139161109924, max_memory_reserved: 34.48344039916992, interval_runtime: 1.8995, interval_samples_per_second: 2.1058, interval_steps_per_second: 0.5265, global_norm: 0.23874123394489288, ppl: 1.0004299123858522, progress_or_epoch: 0.2567, cpu_used_memory: 270.61, cpu_available_memory: 1239.55[0m
[32m[2026-05-12 06:53:42,374] [    INFO][0m - [DataLoad global_step: 77] data_load_time: 0.23 ms (accumulated over 4 micro-batches)[0m
[32m[2026-05-12 06:53:44,273] [    INFO][0m - loss: 0.00205553, learning_rate: 7.655e-06, global_step: 78, current_memory_allocated: 29.91601800918579, current_memory_reserved: 34.48344039916992, max_memory_allocated: 32.04139161109924, max_memory_reserved: 34.48344039916992, interval_runtime: 1.8987, interval_samples_per_second: 2.1068, interval_steps_per_second: 0.5267, global_norm: 1.2213900089263916, ppl: 1.0020576440500402, progress_or_epoch: 0.26, cpu_used_memory: 270.6, cpu_available_memory: 1239.56[0m
[32m[2026-05-12 06:53:44,274] [    INFO][0m - [DataLoad global_step: 78] data_load_time: 0.21 ms (accumulated over 4 micro-batches)[0m
[32m[2026-05-12 06:53:46,173] [    INFO][0m - loss: 0.00016994, learning_rate: 7.621e-06, global_step: 79, current_memory_allocated: 29.91601800918579, current_memory_reserved: 34.48344039916992, max_memory_allocated: 32.04139161109924, max_memory_reserved: 34.48344039916992, interval_runtime: 1.8992, interval_samples_per_second: 2.1062, interval_steps_per_second: 0.5265, global_norm: 0.1727389693260193, ppl: 1.0001699544406197, progress_or_epoch: 0.2633, cpu_used_memory: 270.62, cpu_available_memory: 1239.54[0m
[32m[2026-05-12 06:53:46,173] [    INFO][0m - [DataLoad global_step: 79] data_load_time: 0.25 ms (accumulated over 4 micro-batches)[0m
[32m[2026-05-12 06:53:48,072] [    INFO][0m - loss: 0.00160423, learning_rate: 7.586e-06, global_step: 80, current_memory_allocated: 29.91601800918579, current_memory_reserved: 34.48344039916992, max_memory_allocated: 32.04139161109924, max_memory_reserved: 34.48344039916992, interval_runtime: 1.8989, interval_samples_per_second: 2.1065, interval_steps_per_second: 0.5266, global_norm: 0.8869606256484985, ppl: 1.001605517465318, progress_or_epoch: 0.2667, cpu_used_memory: 270.6, cpu_available_memory: 1239.56[0m
[32m[2026-05-12 06:53:48,072] [    INFO][0m - [DataLoad global_step: 80] data_load_time: 0.23 ms (accumulated over 4 micro-batches)[0m
[32m[2026-05-12 06:53:49,971] [    INFO][0m - loss: 0.00374271, learning_rate: 7.552e-06, global_step: 81, current_memory_allocated: 29.91601800918579, current_memory_reserved: 34.48344039916992, max_memory_allocated: 32.04139161109924, max_memory_reserved: 34.48344039916992, interval_runtime: 1.8988, interval_samples_per_second: 2.1066, interval_steps_per_second: 0.5266, global_norm: 1.1320428848266602, ppl: 1.0037497226851584, progress_or_epoch: 0.27, cpu_used_memory: 270.59, cpu_available_memory: 1239.57[0m
[32m[2026-05-12 06:53:49,971] [    INFO][0m - [DataLoad global_step: 81] data_load_time: 0.21 ms (accumulated over 4 micro-batches)[0m
[32m[2026-05-12 06:53:51,869] [    INFO][0m - loss: 0.00162595, learning_rate: 7.517e-06, global_step: 82, current_memory_allocated: 29.91601800918579, current_memory_reserved: 34.48344039916992, max_memory_allocated: 32.04139161109924, max_memory_reserved: 34.48344039916992, interval_runtime: 1.8984, interval_samples_per_second: 2.1071, interval_steps_per_second: 0.5268, global_norm: 0.9144107699394226, ppl: 1.0016272725734168, progress_or_epoch: 0.2733, cpu_used_memory: 270.61, cpu_available_memory: 1239.55[0m
[32m[2026-05-12 06:53:51,870] [    INFO][0m - [DataLoad global_step: 82] data_load_time: 0.23 ms (accumulated over 4 micro-batches)[0m
[32m[2026-05-12 06:53:53,768] [    INFO][0m - loss: 0.00265833, learning_rate: 7.483e-06, global_step: 83, current_memory_allocated: 29.91601800918579, current_memory_reserved: 34.48344039916992, max_memory_allocated: 32.04139161109924, max_memory_reserved: 34.48344039916992, interval_runtime: 1.8984, interval_samples_per_second: 2.107, interval_steps_per_second: 0.5268, global_norm: 1.0261644124984741, ppl: 1.0026618664922213, progress_or_epoch: 0.2767, cpu_used_memory: 270.6, cpu_available_memory: 1239.56[0m
[32m[2026-05-12 06:53:53,768] [    INFO][0m - [DataLoad global_step: 83] data_load_time: 0.22 ms (accumulated over 4 micro-batches)[0m
[32m[2026-05-12 06:53:55,668] [    INFO][0m - loss: 0.0006166, learning_rate: 7.448e-06, global_step: 84, current_memory_allocated: 29.91601800918579, current_memory_reserved: 34.48344039916992, max_memory_allocated: 32.04139161109924, max_memory_reserved: 34.48344039916992, interval_runtime: 1.8992, interval_samples_per_second: 2.1062, interval_steps_per_second: 0.5265, global_norm: 0.22761668264865875, ppl: 1.0006167901368574, progress_or_epoch: 0.28, cpu_used_memory: 270.61, cpu_available_memory: 1239.55[0m
[32m[2026-05-12 06:53:55,668] [    INFO][0m - [DataLoad global_step: 84] data_load_time: 0.23 ms (accumulated over 4 micro-batches)[0m
[32m[2026-05-12 06:53:57,567] [    INFO][0m - loss: 0.0003261, learning_rate: 7.414e-06, global_step: 85, current_memory_allocated: 29.91601800918579, current_memory_reserved: 34.48344039916992, max_memory_allocated: 32.04139161109924, max_memory_reserved: 34.48344039916992, interval_runtime: 1.8996, interval_samples_per_second: 2.1057, interval_steps_per_second: 0.5264, global_norm: 0.11455120891332626, ppl: 1.0003261531763852, progress_or_epoch: 0.2833, cpu_used_memory: 270.62, cpu_available_memory: 1239.54[0m
[32m[2026-05-12 06:53:57,568] [    INFO][0m - [DataLoad global_step: 85] data_load_time: 0.21 ms (accumulated over 4 micro-batches)[0m
[32m[2026-05-12 06:53:59,467] [    INFO][0m - loss: 0.00066084, learning_rate: 7.379e-06, global_step: 86, current_memory_allocated: 29.91601800918579, current_memory_reserved: 34.48344039916992, max_memory_allocated: 32.04139161109924, max_memory_reserved: 34.48344039916992, interval_runtime: 1.899, interval_samples_per_second: 2.1063, interval_steps_per_second: 0.5266, global_norm: 0.19078201055526733, ppl: 1.00066105840286, progress_or_epoch: 0.2867, cpu_used_memory: 270.64, cpu_available_memory: 1239.52[0m
[32m[2026-05-12 06:53:59,467] [    INFO][0m - [DataLoad global_step: 86] data_load_time: 0.22 ms (accumulated over 4 micro-batches)[0m
[32m[2026-05-12 06:54:01,367] [    INFO][0m - loss: 0.00375112, learning_rate: 7.345e-06, global_step: 87, current_memory_allocated: 29.91601800918579, current_memory_reserved: 34.48344039916992, max_memory_allocated: 32.04139161109924, max_memory_reserved: 34.48344039916992, interval_runtime: 1.9001, interval_samples_per_second: 2.1052, interval_steps_per_second: 0.5263, global_norm: 0.7358676791191101, ppl: 1.0037581642558229, progress_or_epoch: 0.29, cpu_used_memory: 270.64, cpu_available_memory: 1239.52[0m
[32m[2026-05-12 06:54:01,367] [    INFO][0m - [DataLoad global_step: 87] data_load_time: 0.22 ms (accumulated over 4 micro-batches)[0m
[32m[2026-05-12 06:54:03,267] [    INFO][0m - loss: 0.00034183, learning_rate: 7.31e-06, global_step: 88, current_memory_allocated: 29.91601800918579, current_memory_reserved: 34.48344039916992, max_memory_allocated: 32.04139161109924, max_memory_reserved: 34.48344039916992, interval_runtime: 1.8994, interval_samples_per_second: 2.1059, interval_steps_per_second: 0.5265, global_norm: 0.16586712002754211, ppl: 1.000341888430532, progress_or_epoch: 0.2933, cpu_used_memory: 270.74, cpu_available_memory: 1239.42[0m
[32m[2026-05-12 06:54:03,267] [    INFO][0m - [DataLoad global_step: 88] data_load_time: 0.22 ms (accumulated over 4 micro-batches)[0m
[32m[2026-05-12 06:54:05,167] [    INFO][0m - loss: 0.00025954, learning_rate: 7.276e-06, global_step: 89, current_memory_allocated: 29.91601800918579, current_memory_reserved: 34.48344039916992, max_memory_allocated: 32.04139161109924, max_memory_reserved: 34.48344039916992, interval_runtime: 1.8995, interval_samples_per_second: 2.1058, interval_steps_per_second: 0.5264, global_norm: 0.10279256105422974, ppl: 1.00025957368342, progress_or_epoch: 0.2967, cpu_used_memory: 270.75, cpu_available_memory: 1239.41[0m
[32m[2026-05-12 06:54:05,167] [    INFO][0m - [DataLoad global_step: 89] data_load_time: 0.21 ms (accumulated over 4 micro-batches)[0m
[32m[2026-05-12 06:54:07,067] [    INFO][0m - loss: 0.00062761, learning_rate: 7.241e-06, global_step: 90, current_memory_allocated: 29.91601800918579, current_memory_reserved: 34.48344039916992, max_memory_allocated: 32.04139161109924, max_memory_reserved: 34.48344039916992, interval_runtime: 1.9, interval_samples_per_second: 2.1053, interval_steps_per_second: 0.5263, global_norm: 0.3173295557498932, ppl: 1.0006278069883645, progress_or_epoch: 0.3, cpu_used_memory: 270.78, cpu_available_memory: 1239.38[0m
[32m[2026-05-12 06:54:07,067] [    INFO][0m - [DataLoad global_step: 90] data_load_time: 0.64 ms (accumulated over 4 micro-batches)[0m
[32m[2026-05-12 06:54:08,966] [    INFO][0m - loss: 0.01040267, learning_rate: 7.207e-06, global_step: 91, current_memory_allocated: 29.91601800918579, current_memory_reserved: 34.48344039916992, max_memory_allocated: 32.04139161109924, max_memory_reserved: 34.48344039916992, interval_runtime: 1.8987, interval_samples_per_second: 2.1067, interval_steps_per_second: 0.5267, global_norm: 0.5631479024887085, ppl: 1.0104569658822873, progress_or_epoch: 0.3033, cpu_used_memory: 270.75, cpu_available_memory: 1239.41[0m
[32m[2026-05-12 06:54:08,966] [    INFO][0m - [DataLoad global_step: 91] data_load_time: 0.22 ms (accumulated over 4 micro-batches)[0m
[32m[2026-05-12 06:54:10,865] [    INFO][0m - loss: 0.00011355, learning_rate: 7.172e-06, global_step: 92, current_memory_allocated: 29.91601800918579, current_memory_reserved: 34.48344039916992, max_memory_allocated: 32.04139161109924, max_memory_reserved: 34.48344039916992, interval_runtime: 1.8988, interval_samples_per_second: 2.1066, interval_steps_per_second: 0.5266, global_norm: 0.20005038380622864, ppl: 1.0001135564470454, progress_or_epoch: 0.3067, cpu_used_memory: 270.76, cpu_available_memory: 1239.4[0m
[32m[2026-05-12 06:54:10,865] [    INFO][0m - [DataLoad global_step: 92] data_load_time: 0.21 ms (accumulated over 4 micro-batches)[0m
[32m[2026-05-12 06:54:12,765] [    INFO][0m - loss: 0.0002437, learning_rate: 7.138e-06, global_step: 93, current_memory_allocated: 29.91601800918579, current_memory_reserved: 34.48344039916992, max_memory_allocated: 32.04139161109924, max_memory_reserved: 34.48344039916992, interval_runtime: 1.8996, interval_samples_per_second: 2.1058, interval_steps_per_second: 0.5264, global_norm: 0.1733347624540329, ppl: 1.0002437296972573, progress_or_epoch: 0.31, cpu_used_memory: 270.76, cpu_available_memory: 1239.4[0m
[32m[2026-05-12 06:54:12,765] [    INFO][0m - [DataLoad global_step: 93] data_load_time: 0.23 ms (accumulated over 4 micro-batches)[0m
[32m[2026-05-12 06:54:14,664] [    INFO][0m - loss: 0.00220091, learning_rate: 7.103e-06, global_step: 94, current_memory_allocated: 29.91601800918579, current_memory_reserved: 34.48344039916992, max_memory_allocated: 32.04139161109924, max_memory_reserved: 34.48344039916992, interval_runtime: 1.8989, interval_samples_per_second: 2.1064, interval_steps_per_second: 0.5266, global_norm: 0.506761372089386, ppl: 1.002203333780262, progress_or_epoch: 0.3133, cpu_used_memory: 270.68, cpu_available_memory: 1239.48[0m
[32m[2026-05-12 06:54:14,664] [    INFO][0m - [DataLoad global_step: 94] data_load_time: 0.26 ms (accumulated over 4 micro-batches)[0m
[32m[2026-05-12 06:54:16,563] [    INFO][0m - loss: 0.00010653, learning_rate: 7.069e-06, global_step: 95, current_memory_allocated: 29.91601800918579, current_memory_reserved: 34.48344039916992, max_memory_allocated: 32.04139161109924, max_memory_reserved: 34.48344039916992, interval_runtime: 1.899, interval_samples_per_second: 2.1064, interval_steps_per_second: 0.5266, global_norm: 0.07056023925542831, ppl: 1.000106535674522, progress_or_epoch: 0.3167, cpu_used_memory: 270.71, cpu_available_memory: 1239.45[0m
[32m[2026-05-12 06:54:16,564] [    INFO][0m - [DataLoad global_step: 95] data_load_time: 0.22 ms (accumulated over 4 micro-batches)[0m
[32m[2026-05-12 06:54:18,463] [    INFO][0m - loss: 0.00675973, learning_rate: 7.034e-06, global_step: 96, current_memory_allocated: 29.91601800918579, current_memory_reserved: 34.48344039916992, max_memory_allocated: 32.04139161109924, max_memory_reserved: 34.48344039916992, interval_runtime: 1.899, interval_samples_per_second: 2.1063, interval_steps_per_second: 0.5266, global_norm: 1.2917847633361816, ppl: 1.0067826285417454, progress_or_epoch: 0.32, cpu_used_memory: 270.68, cpu_available_memory: 1239.48[0m
[32m[2026-05-12 06:54:18,463] [    INFO][0m - [DataLoad global_step: 96] data_load_time: 0.21 ms (accumulated over 4 micro-batches)[0m
[32m[2026-05-12 06:54:20,363] [    INFO][0m - loss: 0.00012694, learning_rate: 7e-06, global_step: 97, current_memory_allocated: 29.91601800918579, current_memory_reserved: 34.48344039916992, max_memory_allocated: 32.04139161109924, max_memory_reserved: 34.48344039916992, interval_runtime: 1.8997, interval_samples_per_second: 2.1056, interval_steps_per_second: 0.5264, global_norm: 0.221888467669487, ppl: 1.0001269480572228, progress_or_epoch: 0.3233, cpu_used_memory: 270.72, cpu_available_memory: 1239.44[0m
[32m[2026-05-12 06:54:20,363] [    INFO][0m - [DataLoad global_step: 97] data_load_time: 0.22 ms (accumulated over 4 micro-batches)[0m
[32m[2026-05-12 06:54:22,262] [    INFO][0m - loss: 0.00011031, learning_rate: 6.966e-06, global_step: 98, current_memory_allocated: 29.91601800918579, current_memory_reserved: 34.48344039916992, max_memory_allocated: 32.04139161109924, max_memory_reserved: 34.48344039916992, interval_runtime: 1.8992, interval_samples_per_second: 2.1061, interval_steps_per_second: 0.5265, global_norm: 0.03613951802253723, ppl: 1.0001103160843718, progress_or_epoch: 0.3267, cpu_used_memory: 270.72, cpu_available_memory: 1239.44[0m
[32m[2026-05-12 06:54:22,262] [    INFO][0m - [DataLoad global_step: 98] data_load_time: 0.22 ms (accumulated over 4 micro-batches)[0m
[32m[2026-05-12 06:54:24,174] [    INFO][0m - loss: 0.00016331, learning_rate: 6.931e-06, global_step: 99, current_memory_allocated: 29.91601800918579, current_memory_reserved: 34.48344039916992, max_memory_allocated: 32.04139161109924, max_memory_reserved: 34.48344039916992, interval_runtime: 1.9115, interval_samples_per_second: 2.0926, interval_steps_per_second: 0.5231, global_norm: 0.08985283225774765, ppl: 1.000163323335804, progress_or_epoch: 0.33, cpu_used_memory: 270.73, cpu_available_memory: 1239.43[0m
[32m[2026-05-12 06:54:24,174] [    INFO][0m - [DataLoad global_step: 99] data_load_time: 0.24 ms (accumulated over 4 micro-batches)[0m
[32m[2026-05-12 06:54:26,072] [    INFO][0m - loss: 0.00034275, learning_rate: 6.897e-06, global_step: 100, current_memory_allocated: 29.91601800918579, current_memory_reserved: 34.48344039916992, max_memory_allocated: 32.04139161109924, max_memory_reserved: 34.48344039916992, interval_runtime: 1.8982, interval_samples_per_second: 2.1073, interval_steps_per_second: 0.5268, global_norm: 0.7898282408714294, ppl: 1.0003428087454926, progress_or_epoch: 0.3333, cpu_used_memory: 270.72, cpu_available_memory: 1239.44[0m
[32m[2026-05-12 06:54:26,073] [    INFO][0m - [DataLoad global_step: 100] data_load_time: 0.23 ms (accumulated over 4 micro-batches)[0m
[32m[2026-05-12 06:54:27,970] [    INFO][0m - loss: 0.03067269, learning_rate: 6.862e-06, global_step: 101, current_memory_allocated: 29.91601800918579, current_memory_reserved: 34.48344039916992, max_memory_allocated: 32.04139161109924, max_memory_reserved: 34.48344039916992, interval_runtime: 1.8978, interval_samples_per_second: 2.1077, interval_steps_per_second: 0.5269, global_norm: 6.350484848022461, ppl: 1.0311479436126858, progress_or_epoch: 0.3367, cpu_used_memory: 270.7, cpu_available_memory: 1239.46[0m
[32m[2026-05-12 06:54:27,971] [    INFO][0m - [DataLoad global_step: 101] data_load_time: 0.21 ms (accumulated over 4 micro-batches)[0m
[32m[2026-05-12 06:54:29,869] [    INFO][0m - loss: 0.01059696, learning_rate: 6.828e-06, global_step: 102, current_memory_allocated: 29.91601800918579, current_memory_reserved: 34.48344039916992, max_memory_allocated: 32.04139161109924, max_memory_reserved: 34.48344039916992, interval_runtime: 1.8987, interval_samples_per_second: 2.1067, interval_steps_per_second: 0.5267, global_norm: 3.1342573165893555, ppl: 1.0106533066390937, progress_or_epoch: 0.34, cpu_used_memory: 270.7, cpu_available_memory: 1239.46[0m
[32m[2026-05-12 06:54:29,870] [    INFO][0m - [DataLoad global_step: 102] data_load_time: 0.21 ms (accumulated over 4 micro-batches)[0m
[32m[2026-05-12 06:54:31,769] [    INFO][0m - loss: 0.03132557, learning_rate: 6.793e-06, global_step: 103, current_memory_allocated: 29.91601800918579, current_memory_reserved: 34.48344039916992, max_memory_allocated: 32.04139161109924, max_memory_reserved: 34.48344039916992, interval_runtime: 1.8988, interval_samples_per_second: 2.1065, interval_steps_per_second: 0.5266, global_norm: 3.027702808380127, ppl: 1.0318213792945345, progress_or_epoch: 0.3433, cpu_used_memory: 270.71, cpu_available_memory: 1239.45[0m
[32m[2026-05-12 06:54:31,769] [    INFO][0m - [DataLoad global_step: 103] data_load_time: 0.21 ms (accumulated over 4 micro-batches)[0m
[32m[2026-05-12 06:54:33,667] [    INFO][0m - loss: 0.00237933, learning_rate: 6.759e-06, global_step: 104, current_memory_allocated: 29.91601800918579, current_memory_reserved: 34.48344039916992, max_memory_allocated: 32.04139161109924, max_memory_reserved: 34.48344039916992, interval_runtime: 1.8981, interval_samples_per_second: 2.1074, interval_steps_per_second: 0.5269, global_norm: 2.6587212085723877, ppl: 1.002382162851942, progress_or_epoch: 0.3467, cpu_used_memory: 270.76, cpu_available_memory: 1239.4[0m
[32m[2026-05-12 06:54:33,667] [    INFO][0m - [DataLoad global_step: 104] data_load_time: 0.21 ms (accumulated over 4 micro-batches)[0m
[32m[2026-05-12 06:54:35,566] [    INFO][0m - loss: 0.00083974, learning_rate: 6.724e-06, global_step: 105, current_memory_allocated: 29.91601800918579, current_memory_reserved: 34.48344039916992, max_memory_allocated: 32.04139161109924, max_memory_reserved: 34.48344039916992, interval_runtime: 1.8985, interval_samples_per_second: 2.1069, interval_steps_per_second: 0.5267, global_norm: 1.2025179862976074, ppl: 1.000840092680347, progress_or_epoch: 0.35, cpu_used_memory: 270.77, cpu_available_memory: 1239.39[0m
[32m[2026-05-12 06:54:35,566] [    INFO][0m - [DataLoad global_step: 105] data_load_time: 1.30 ms (accumulated over 4 micro-batches)[0m
[32m[2026-05-12 06:54:37,464] [    INFO][0m - loss: 0.00145969, learning_rate: 6.69e-06, global_step: 106, current_memory_allocated: 29.91601800918579, current_memory_reserved: 34.48344039916992, max_memory_allocated: 32.04139161109924, max_memory_reserved: 34.48344039916992, interval_runtime: 1.8984, interval_samples_per_second: 2.1071, interval_steps_per_second: 0.5268, global_norm: 0.865562379360199, ppl: 1.0014607558659963, progress_or_epoch: 0.3533, cpu_used_memory: 270.76, cpu_available_memory: 1239.39[0m
[32m[2026-05-12 06:54:37,464] [    INFO][0m - [DataLoad global_step: 106] data_load_time: 0.22 ms (accumulated over 4 micro-batches)[0m
[32m[2026-05-12 06:54:39,364] [    INFO][0m - loss: 0.00204687, learning_rate: 6.655e-06, global_step: 107, current_memory_allocated: 29.91601800918579, current_memory_reserved: 34.48344039916992, max_memory_allocated: 32.04139161109924, max_memory_reserved: 34.48344039916992, interval_runtime: 1.8992, interval_samples_per_second: 2.1062, interval_steps_per_second: 0.5265, global_norm: 0.9075316786766052, ppl: 1.0020489662684173, progress_or_epoch: 0.3567, cpu_used_memory: 270.85, cpu_available_memory: 1239.31[0m
[32m[2026-05-12 06:54:39,364] [    INFO][0m - [DataLoad global_step: 107] data_load_time: 0.20 ms (accumulated over 4 micro-batches)[0m
[32m[2026-05-12 06:54:41,264] [    INFO][0m - loss: 0.00012308, learning_rate: 6.621e-06, global_step: 108, current_memory_allocated: 29.91601800918579, current_memory_reserved: 34.48344039916992, max_memory_allocated: 32.04139161109924, max_memory_reserved: 34.48344039916992, interval_runtime: 1.8998, interval_samples_per_second: 2.1055, interval_steps_per_second: 0.5264, global_norm: 0.023205680772662163, ppl: 1.000123087574654, progress_or_epoch: 0.36, cpu_used_memory: 270.89, cpu_available_memory: 1239.27[0m
[32m[2026-05-12 06:54:41,264] [    INFO][0m - [DataLoad global_step: 108] data_load_time: 0.23 ms (accumulated over 4 micro-batches)[0m
[32m[2026-05-12 06:54:43,164] [    INFO][0m - loss: 8.271e-05, learning_rate: 6.586e-06, global_step: 109, current_memory_allocated: 29.91601800918579, current_memory_reserved: 34.48344039916992, max_memory_allocated: 32.04139161109924, max_memory_reserved: 34.48344039916992, interval_runtime: 1.8999, interval_samples_per_second: 2.1053, interval_steps_per_second: 0.5263, global_norm: 0.019870372489094734, ppl: 1.0000827134205663, progress_or_epoch: 0.3633, cpu_used_memory: 270.72, cpu_available_memory: 1239.43[0m
[32m[2026-05-12 06:54:43,164] [    INFO][0m - [DataLoad global_step: 109] data_load_time: 0.25 ms (accumulated over 4 micro-batches)[0m
[32m[2026-05-12 06:54:45,063] [    INFO][0m - loss: 0.00170051, learning_rate: 6.552e-06, global_step: 110, current_memory_allocated: 29.91601800918579, current_memory_reserved: 34.48344039916992, max_memory_allocated: 32.04139161109924, max_memory_reserved: 34.48344039916992, interval_runtime: 1.899, interval_samples_per_second: 2.1064, interval_steps_per_second: 0.5266, global_norm: 0.6982643008232117, ppl: 1.001701956687049, progress_or_epoch: 0.3667, cpu_used_memory: 270.72, cpu_available_memory: 1239.44[0m
[32m[2026-05-12 06:54:45,064] [    INFO][0m - [DataLoad global_step: 110] data_load_time: 0.21 ms (accumulated over 4 micro-batches)[0m
[32m[2026-05-12 06:54:46,963] [    INFO][0m - loss: 0.00241777, learning_rate: 6.517e-06, global_step: 111, current_memory_allocated: 29.91601800918579, current_memory_reserved: 34.48344039916992, max_memory_allocated: 32.04139161109924, max_memory_reserved: 34.48344039916992, interval_runtime: 1.8992, interval_samples_per_second: 2.1061, interval_steps_per_second: 0.5265, global_norm: 4.9975714683532715, ppl: 1.0024206951628685, progress_or_epoch: 0.37, cpu_used_memory: 270.7, cpu_available_memory: 1239.46[0m
[32m[2026-05-12 06:54:46,963] [    INFO][0m - [DataLoad global_step: 111] data_load_time: 0.21 ms (accumulated over 4 micro-batches)[0m
[32m[2026-05-12 06:54:48,863] [    INFO][0m - loss: 0.0006747, learning_rate: 6.483e-06, global_step: 112, current_memory_allocated: 29.91601800918579, current_memory_reserved: 34.48344039916992, max_memory_allocated: 32.04139161109924, max_memory_reserved: 34.48344039916992, interval_runtime: 1.8995, interval_samples_per_second: 2.1058, interval_steps_per_second: 0.5265, global_norm: 1.088801383972168, ppl: 1.0006749276612432, progress_or_epoch: 0.3733, cpu_used_memory: 270.68, cpu_available_memory: 1239.48[0m
[32m[2026-05-12 06:54:48,863] [    INFO][0m - [DataLoad global_step: 112] data_load_time: 0.25 ms (accumulated over 4 micro-batches)[0m
[32m[2026-05-12 06:54:50,761] [    INFO][0m - loss: 0.00048568, learning_rate: 6.448e-06, global_step: 113, current_memory_allocated: 29.91601800918579, current_memory_reserved: 34.48344039916992, max_memory_allocated: 32.04139161109924, max_memory_reserved: 34.48344039916992, interval_runtime: 1.8982, interval_samples_per_second: 2.1072, interval_steps_per_second: 0.5268, global_norm: 3.5642452239990234, ppl: 1.0004857979616277, progress_or_epoch: 0.3767, cpu_used_memory: 270.72, cpu_available_memory: 1239.44[0m
[32m[2026-05-12 06:54:50,761] [    INFO][0m - [DataLoad global_step: 113] data_load_time: 0.21 ms (accumulated over 4 micro-batches)[0m
[32m[2026-05-12 06:54:52,660] [    INFO][0m - loss: 0.00012054, learning_rate: 6.414e-06, global_step: 114, current_memory_allocated: 29.91601800918579, current_memory_reserved: 34.48344039916992, max_memory_allocated: 32.04139161109924, max_memory_reserved: 34.48344039916992, interval_runtime: 1.8989, interval_samples_per_second: 2.1065, interval_steps_per_second: 0.5266, global_norm: 0.033447105437517166, ppl: 1.0001205472652377, progress_or_epoch: 0.38, cpu_used_memory: 270.88, cpu_available_memory: 1239.28[0m
[32m[2026-05-12 06:54:52,661] [    INFO][0m - [DataLoad global_step: 114] data_load_time: 0.20 ms (accumulated over 4 micro-batches)[0m
[32m[2026-05-12 06:54:54,559] [    INFO][0m - loss: 0.00010721, learning_rate: 6.379e-06, global_step: 115, current_memory_allocated: 29.91601800918579, current_memory_reserved: 34.48344039916992, max_memory_allocated: 32.04139161109924, max_memory_reserved: 34.48344039916992, interval_runtime: 1.8988, interval_samples_per_second: 2.1066, interval_steps_per_second: 0.5266, global_norm: 0.023547422140836716, ppl: 1.0001072157471975, progress_or_epoch: 0.3833, cpu_used_memory: 270.86, cpu_available_memory: 1239.3[0m
[32m[2026-05-12 06:54:54,560] [    INFO][0m - [DataLoad global_step: 115] data_load_time: 0.23 ms (accumulated over 4 micro-batches)[0m
[32m[2026-05-12 06:54:56,459] [    INFO][0m - loss: 0.000171, learning_rate: 6.345e-06, global_step: 116, current_memory_allocated: 29.91601800918579, current_memory_reserved: 34.48344039916992, max_memory_allocated: 32.04139161109924, max_memory_reserved: 34.48344039916992, interval_runtime: 1.8994, interval_samples_per_second: 2.106, interval_steps_per_second: 0.5265, global_norm: 0.12157196551561356, ppl: 1.0001710146213334, progress_or_epoch: 0.3867, cpu_used_memory: 270.91, cpu_available_memory: 1239.25[0m
[32m[2026-05-12 06:54:56,459] [    INFO][0m - [DataLoad global_step: 116] data_load_time: 0.22 ms (accumulated over 4 micro-batches)[0m
[32m[2026-05-12 06:54:58,359] [    INFO][0m - loss: 0.00043234, learning_rate: 6.31e-06, global_step: 117, current_memory_allocated: 29.91601800918579, current_memory_reserved: 34.48344039916992, max_memory_allocated: 32.04139161109924, max_memory_reserved: 34.48344039916992, interval_runtime: 1.8992, interval_samples_per_second: 2.1062, interval_steps_per_second: 0.5265, global_norm: 0.3083356022834778, ppl: 1.000432433472408, progress_or_epoch: 0.39, cpu_used_memory: 270.82, cpu_available_memory: 1239.33[0m
[32m[2026-05-12 06:54:58,359] [    INFO][0m - [DataLoad global_step: 117] data_load_time: 0.22 ms (accumulated over 4 micro-batches)[0m
[32m[2026-05-12 06:55:00,257] [    INFO][0m - loss: 0.00011157, learning_rate: 6.276e-06, global_step: 118, current_memory_allocated: 29.91601800918579, current_memory_reserved: 34.48344039916992, max_memory_allocated: 32.04139161109924, max_memory_reserved: 34.48344039916992, interval_runtime: 1.8981, interval_samples_per_second: 2.1074, interval_steps_per_second: 0.5268, global_norm: 0.04146141931414604, ppl: 1.000111576224164, progress_or_epoch: 0.3933, cpu_used_memory: 270.84, cpu_available_memory: 1239.31[0m
[32m[2026-05-12 06:55:00,257] [    INFO][0m - [DataLoad global_step: 118] data_load_time: 0.20 ms (accumulated over 4 micro-batches)[0m
[32m[2026-05-12 06:55:02,156] [    INFO][0m - loss: 0.00121882, learning_rate: 6.241e-06, global_step: 119, current_memory_allocated: 29.91601800918579, current_memory_reserved: 34.48344039916992, max_memory_allocated: 32.04139161109924, max_memory_reserved: 34.48344039916992, interval_runtime: 1.8989, interval_samples_per_second: 2.1065, interval_steps_per_second: 0.5266, global_norm: 0.36055442690849304, ppl: 1.0012195630629521, progress_or_epoch: 0.3967, cpu_used_memory: 270.8, cpu_available_memory: 1239.36[0m
[32m[2026-05-12 06:55:02,156] [    INFO][0m - [DataLoad global_step: 119] data_load_time: 0.21 ms (accumulated over 4 micro-batches)[0m
[32m[2026-05-12 06:55:04,059] [    INFO][0m - loss: 9.423e-05, learning_rate: 6.207e-06, global_step: 120, current_memory_allocated: 29.91601800918579, current_memory_reserved: 34.48344039916992, max_memory_allocated: 32.04139161109924, max_memory_reserved: 34.48344039916992, interval_runtime: 1.9026, interval_samples_per_second: 2.1024, interval_steps_per_second: 0.5256, global_norm: 0.05533670634031296, ppl: 1.0000942344397858, progress_or_epoch: 0.4, cpu_used_memory: 270.81, cpu_available_memory: 1239.35[0m
[32m[2026-05-12 06:55:04,059] [    INFO][0m - [DataLoad global_step: 120] data_load_time: 0.22 ms (accumulated over 4 micro-batches)[0m
[32m[2026-05-12 06:55:05,959] [    INFO][0m - loss: 9.105e-05, learning_rate: 6.172e-06, global_step: 121, current_memory_allocated: 29.91601800918579, current_memory_reserved: 34.48344039916992, max_memory_allocated: 32.04139161109924, max_memory_reserved: 34.48344039916992, interval_runtime: 1.8996, interval_samples_per_second: 2.1057, interval_steps_per_second: 0.5264, global_norm: 0.04199053719639778, ppl: 1.000091054145177, progress_or_epoch: 0.4033, cpu_used_memory: 270.71, cpu_available_memory: 1239.45[0m
[32m[2026-05-12 06:55:05,959] [    INFO][0m - [DataLoad global_step: 121] data_load_time: 1.37 ms (accumulated over 4 micro-batches)[0m
[32m[2026-05-12 06:55:07,857] [    INFO][0m - loss: 9.282e-05, learning_rate: 6.138e-06, global_step: 122, current_memory_allocated: 29.91601800918579, current_memory_reserved: 34.48344039916992, max_memory_allocated: 32.04139161109924, max_memory_reserved: 34.48344039916992, interval_runtime: 1.8985, interval_samples_per_second: 2.107, interval_steps_per_second: 0.5267, global_norm: 0.023533081635832787, ppl: 1.0000928243079095, progress_or_epoch: 0.4067, cpu_used_memory: 270.68, cpu_available_memory: 1239.48[0m
[32m[2026-05-12 06:55:07,858] [    INFO][0m - [DataLoad global_step: 122] data_load_time: 0.21 ms (accumulated over 4 micro-batches)[0m
[32m[2026-05-12 06:55:09,757] [    INFO][0m - loss: 0.00042579, learning_rate: 6.103e-06, global_step: 123, current_memory_allocated: 29.91601800918579, current_memory_reserved: 34.48344039916992, max_memory_allocated: 32.04139161109924, max_memory_reserved: 34.48344039916992, interval_runtime: 1.8987, interval_samples_per_second: 2.1067, interval_steps_per_second: 0.5267, global_norm: 0.24806936085224152, ppl: 1.0004258806614292, progress_or_epoch: 0.41, cpu_used_memory: 270.69, cpu_available_memory: 1239.47[0m
[32m[2026-05-12 06:55:09,757] [    INFO][0m - [DataLoad global_step: 123] data_load_time: 0.21 ms (accumulated over 4 micro-batches)[0m
[32m[2026-05-12 06:55:11,656] [    INFO][0m - loss: 8.422e-05, learning_rate: 6.069e-06, global_step: 124, current_memory_allocated: 29.91601800918579, current_memory_reserved: 34.48344039916992, max_memory_allocated: 32.04139161109924, max_memory_reserved: 34.48344039916992, interval_runtime: 1.8998, interval_samples_per_second: 2.1055, interval_steps_per_second: 0.5264, global_norm: 0.03413282707333565, ppl: 1.0000842235466039, progress_or_epoch: 0.4133, cpu_used_memory: 270.68, cpu_available_memory: 1239.47[0m
[32m[2026-05-12 06:55:11,657] [    INFO][0m - [DataLoad global_step: 124] data_load_time: 0.22 ms (accumulated over 4 micro-batches)[0m
[32m[2026-05-12 06:55:13,555] [    INFO][0m - loss: 0.00290056, learning_rate: 6.034e-06, global_step: 125, current_memory_allocated: 29.91601800918579, current_memory_reserved: 34.48344039916992, max_memory_allocated: 32.04139161109924, max_memory_reserved: 34.48344039916992, interval_runtime: 1.8985, interval_samples_per_second: 2.107, interval_steps_per_second: 0.5267, global_norm: 0.4142085611820221, ppl: 1.0029047706942964, progress_or_epoch: 0.4167, cpu_used_memory: 270.68, cpu_available_memory: 1239.48[0m
[32m[2026-05-12 06:55:13,556] [    INFO][0m - [DataLoad global_step: 125] data_load_time: 0.22 ms (accumulated over 4 micro-batches)[0m
[32m[2026-05-12 06:55:15,455] [    INFO][0m - loss: 0.00097546, learning_rate: 6e-06, global_step: 126, current_memory_allocated: 29.91601800918579, current_memory_reserved: 34.48344039916992, max_memory_allocated: 32.04139161109924, max_memory_reserved: 34.48344039916992, interval_runtime: 1.8996, interval_samples_per_second: 2.1057, interval_steps_per_second: 0.5264, global_norm: 0.19944919645786285, ppl: 1.0009759359158388, progress_or_epoch: 0.42, cpu_used_memory: 270.69, cpu_available_memory: 1239.46[0m
[32m[2026-05-12 06:55:15,456] [    INFO][0m - [DataLoad global_step: 126] data_load_time: 0.25 ms (accumulated over 4 micro-batches)[0m
[32m[2026-05-12 06:55:17,354] [    INFO][0m - loss: 5.462e-05, learning_rate: 5.966e-06, global_step: 127, current_memory_allocated: 29.91601800918579, current_memory_reserved: 34.48344039916992, max_memory_allocated: 32.04139161109924, max_memory_reserved: 34.48344039916992, interval_runtime: 1.8986, interval_samples_per_second: 2.1068, interval_steps_per_second: 0.5267, global_norm: 0.03163132071495056, ppl: 1.0000546214916994, progress_or_epoch: 0.4233, cpu_used_memory: 270.71, cpu_available_memory: 1239.45[0m
[32m[2026-05-12 06:55:17,354] [    INFO][0m - [DataLoad global_step: 127] data_load_time: 0.22 ms (accumulated over 4 micro-batches)[0m
[32m[2026-05-12 06:55:19,254] [    INFO][0m - loss: 3.116e-05, learning_rate: 5.931e-06, global_step: 128, current_memory_allocated: 29.91601800918579, current_memory_reserved: 34.48344039916992, max_memory_allocated: 32.04139161109924, max_memory_reserved: 34.48344039916992, interval_runtime: 1.8996, interval_samples_per_second: 2.1057, interval_steps_per_second: 0.5264, global_norm: 0.0032958509400486946, ppl: 1.000031160485478, progress_or_epoch: 0.4267, cpu_used_memory: 270.73, cpu_available_memory: 1239.42[0m
[32m[2026-05-12 06:55:19,254] [    INFO][0m - [DataLoad global_step: 128] data_load_time: 0.21 ms (accumulated over 4 micro-batches)[0m
[32m[2026-05-12 06:55:21,156] [    INFO][0m - loss: 0.00012344, learning_rate: 5.897e-06, global_step: 129, current_memory_allocated: 29.91601800918579, current_memory_reserved: 34.48344039916992, max_memory_allocated: 32.04139161109924, max_memory_reserved: 34.48344039916992, interval_runtime: 1.9016, interval_samples_per_second: 2.1034, interval_steps_per_second: 0.5259, global_norm: 0.0636235699057579, ppl: 1.0001234476190304, progress_or_epoch: 0.43, cpu_used_memory: 270.76, cpu_available_memory: 1239.4[0m
[32m[2026-05-12 06:55:21,156] [    INFO][0m - [DataLoad global_step: 129] data_load_time: 0.23 ms (accumulated over 4 micro-batches)[0m
[32m[2026-05-12 06:55:23,057] [    INFO][0m - loss: 4.637e-05, learning_rate: 5.862e-06, global_step: 130, current_memory_allocated: 29.91601800918579, current_memory_reserved: 34.48344039916992, max_memory_allocated: 32.04139161109924, max_memory_reserved: 34.48344039916992, interval_runtime: 1.9004, interval_samples_per_second: 2.1049, interval_steps_per_second: 0.5262, global_norm: 0.007412441074848175, ppl: 1.000046371075105, progress_or_epoch: 0.4333, cpu_used_memory: 270.76, cpu_available_memory: 1239.4[0m
[32m[2026-05-12 06:55:23,057] [    INFO][0m - [DataLoad global_step: 130] data_load_time: 0.22 ms (accumulated over 4 micro-batches)[0m
[32m[2026-05-12 06:55:24,957] [    INFO][0m - loss: 4.005e-05, learning_rate: 5.828e-06, global_step: 131, current_memory_allocated: 29.91601800918579, current_memory_reserved: 34.48344039916992, max_memory_allocated: 32.04139161109924, max_memory_reserved: 34.48344039916992, interval_runtime: 1.9001, interval_samples_per_second: 2.1052, interval_steps_per_second: 0.5263, global_norm: 0.0060516418889164925, ppl: 1.000040050802012, progress_or_epoch: 0.4367, cpu_used_memory: 270.85, cpu_available_memory: 1239.31[0m
[32m[2026-05-12 06:55:24,957] [    INFO][0m - [DataLoad global_step: 131] data_load_time: 0.25 ms (accumulated over 4 micro-batches)[0m
[33m[2026-05-12 06:55:25,092] [ WARNING][0m - [SKIP] data is deleted by truncation strategy: <|begin_of_text|><|start_header_id|>user<|end_head...[0m
[32m[2026-05-12 06:55:26,858] [    INFO][0m - loss: 0.0083809, learning_rate: 5.793e-06, global_step: 132, current_memory_allocated: 29.91601800918579, current_memory_reserved: 34.48344039916992, max_memory_allocated: 32.04139161109924, max_memory_reserved: 34.48344039916992, interval_runtime: 1.9011, interval_samples_per_second: 2.1041, interval_steps_per_second: 0.526, global_norm: 2.013951539993286, ppl: 1.008416118059999, progress_or_epoch: 0.44, cpu_used_memory: 270.83, cpu_available_memory: 1239.33[0m
[32m[2026-05-12 06:55:26,859] [    INFO][0m - [DataLoad global_step: 132] data_load_time: 0.23 ms (accumulated over 4 micro-batches)[0m
[32m[2026-05-12 06:55:28,757] [    INFO][0m - loss: 0.0001956, learning_rate: 5.759e-06, global_step: 133, current_memory_allocated: 29.91601800918579, current_memory_reserved: 34.48344039916992, max_memory_allocated: 32.04139161109924, max_memory_reserved: 34.48344039916992, interval_runtime: 1.8988, interval_samples_per_second: 2.1066, interval_steps_per_second: 0.5267, global_norm: 0.15867282450199127, ppl: 1.0001956191309274, progress_or_epoch: 0.4433, cpu_used_memory: 270.8, cpu_available_memory: 1239.36[0m
[32m[2026-05-12 06:55:28,758] [    INFO][0m - [DataLoad global_step: 133] data_load_time: 0.22 ms (accumulated over 4 micro-batches)[0m
[32m[2026-05-12 06:55:30,659] [    INFO][0m - loss: 0.00017834, learning_rate: 5.724e-06, global_step: 134, current_memory_allocated: 29.91601800918579, current_memory_reserved: 34.48344039916992, max_memory_allocated: 32.04139161109924, max_memory_reserved: 34.48344039916992, interval_runtime: 1.9009, interval_samples_per_second: 2.1043, interval_steps_per_second: 0.5261, global_norm: 0.19365374743938446, ppl: 1.000178355903523, progress_or_epoch: 0.4467, cpu_used_memory: 270.8, cpu_available_memory: 1239.36[0m
[32m[2026-05-12 06:55:30,659] [    INFO][0m - [DataLoad global_step: 134] data_load_time: 0.22 ms (accumulated over 4 micro-batches)[0m
[32m[2026-05-12 06:55:32,558] [    INFO][0m - loss: 0.02216109, learning_rate: 5.69e-06, global_step: 135, current_memory_allocated: 29.91601800918579, current_memory_reserved: 34.48344039916992, max_memory_allocated: 32.04139161109924, max_memory_reserved: 34.48344039916992, interval_runtime: 1.8991, interval_samples_per_second: 2.1063, interval_steps_per_second: 0.5266, global_norm: 6.8955817222595215, ppl: 1.022408470985998, progress_or_epoch: 0.45, cpu_used_memory: 270.81, cpu_available_memory: 1239.35[0m
[32m[2026-05-12 06:55:32,558] [    INFO][0m - [DataLoad global_step: 135] data_load_time: 0.21 ms (accumulated over 4 micro-batches)[0m
[32m[2026-05-12 06:55:34,458] [    INFO][0m - loss: 0.00777588, learning_rate: 5.655e-06, global_step: 136, current_memory_allocated: 29.91601800918579, current_memory_reserved: 34.48344039916992, max_memory_allocated: 32.04139161109924, max_memory_reserved: 34.48344039916992, interval_runtime: 1.9001, interval_samples_per_second: 2.1052, interval_steps_per_second: 0.5263, global_norm: 2.359869956970215, ppl: 1.0078061906679912, progress_or_epoch: 0.4533, cpu_used_memory: 270.81, cpu_available_memory: 1239.34[0m
[32m[2026-05-12 06:55:34,458] [    INFO][0m - [DataLoad global_step: 136] data_load_time: 0.25 ms (accumulated over 4 micro-batches)[0m
[32m[2026-05-12 06:55:36,358] [    INFO][0m - loss: 0.00024735, learning_rate: 5.621e-06, global_step: 137, current_memory_allocated: 29.91601800918579, current_memory_reserved: 34.48344039916992, max_memory_allocated: 32.04139161109924, max_memory_reserved: 34.48344039916992, interval_runtime: 1.8995, interval_samples_per_second: 2.1058, interval_steps_per_second: 0.5264, global_norm: 0.17589308321475983, ppl: 1.0002473805935337, progress_or_epoch: 0.4567, cpu_used_memory: 270.82, cpu_available_memory: 1239.33[0m
[32m[2026-05-12 06:55:36,358] [    INFO][0m - [DataLoad global_step: 137] data_load_time: 0.72 ms (accumulated over 4 micro-batches)[0m
[32m[2026-05-12 06:55:38,258] [    INFO][0m - loss: 0.00359169, learning_rate: 5.586e-06, global_step: 138, current_memory_allocated: 29.91601800918579, current_memory_reserved: 34.48344039916992, max_memory_allocated: 32.04139161109924, max_memory_reserved: 34.48344039916992, interval_runtime: 1.8995, interval_samples_per_second: 2.1058, interval_steps_per_second: 0.5264, global_norm: 0.29426634311676025, ppl: 1.0035981478477425, progress_or_epoch: 0.46, cpu_used_memory: 270.78, cpu_available_memory: 1239.38[0m
[32m[2026-05-12 06:55:38,258] [    INFO][0m - [DataLoad global_step: 138] data_load_time: 0.21 ms (accumulated over 4 micro-batches)[0m
[32m[2026-05-12 06:55:40,159] [    INFO][0m - loss: 0.00214093, learning_rate: 5.552e-06, global_step: 139, current_memory_allocated: 29.91601800918579, current_memory_reserved: 34.48344039916992, max_memory_allocated: 32.04139161109924, max_memory_reserved: 34.48344039916992, interval_runtime: 1.9007, interval_samples_per_second: 2.1045, interval_steps_per_second: 0.5261, global_norm: 2.0811421871185303, ppl: 1.0021432234270293, progress_or_epoch: 0.4633, cpu_used_memory: 270.79, cpu_available_memory: 1239.37[0m
[32m[2026-05-12 06:55:40,159] [    INFO][0m - [DataLoad global_step: 139] data_load_time: 0.22 ms (accumulated over 4 micro-batches)[0m
[32m[2026-05-12 06:55:42,060] [    INFO][0m - loss: 0.00039084, learning_rate: 5.517e-06, global_step: 140, current_memory_allocated: 29.91601800918579, current_memory_reserved: 34.48344039916992, max_memory_allocated: 32.04139161109924, max_memory_reserved: 34.48344039916992, interval_runtime: 1.9004, interval_samples_per_second: 2.1049, interval_steps_per_second: 0.5262, global_norm: 0.136803537607193, ppl: 1.0003909163879043, progress_or_epoch: 0.4667, cpu_used_memory: 270.77, cpu_available_memory: 1239.39[0m
[32m[2026-05-12 06:55:42,060] [    INFO][0m - [DataLoad global_step: 140] data_load_time: 0.23 ms (accumulated over 4 micro-batches)[0m
[32m[2026-05-12 06:55:43,959] [    INFO][0m - loss: 0.00115704, learning_rate: 5.483e-06, global_step: 141, current_memory_allocated: 29.91601800918579, current_memory_reserved: 34.48344039916992, max_memory_allocated: 32.04139161109924, max_memory_reserved: 34.48344039916992, interval_runtime: 1.8997, interval_samples_per_second: 2.1056, interval_steps_per_second: 0.5264, global_norm: 0.9474443793296814, ppl: 1.0011577096290185, progress_or_epoch: 0.47, cpu_used_memory: 270.79, cpu_available_memory: 1239.36[0m
[32m[2026-05-12 06:55:43,960] [    INFO][0m - [DataLoad global_step: 141] data_load_time: 0.26 ms (accumulated over 4 micro-batches)[0m
[32m[2026-05-12 06:55:45,859] [    INFO][0m - loss: 0.00027671, learning_rate: 5.448e-06, global_step: 142, current_memory_allocated: 29.91601800918579, current_memory_reserved: 34.48344039916992, max_memory_allocated: 32.04139161109924, max_memory_reserved: 34.48344039916992, interval_runtime: 1.8988, interval_samples_per_second: 2.1066, interval_steps_per_second: 0.5266, global_norm: 0.047647763043642044, ppl: 1.0002767482877435, progress_or_epoch: 0.4733, cpu_used_memory: 270.78, cpu_available_memory: 1239.37[0m
[32m[2026-05-12 06:55:45,859] [    INFO][0m - [DataLoad global_step: 142] data_load_time: 0.23 ms (accumulated over 4 micro-batches)[0m
[32m[2026-05-12 06:55:47,759] [    INFO][0m - loss: 0.00033664, learning_rate: 5.414e-06, global_step: 143, current_memory_allocated: 29.91601800918579, current_memory_reserved: 34.48344039916992, max_memory_allocated: 32.04139161109924, max_memory_reserved: 34.48344039916992, interval_runtime: 1.8996, interval_samples_per_second: 2.1057, interval_steps_per_second: 0.5264, global_norm: 0.07398625463247299, ppl: 1.0003366966696037, progress_or_epoch: 0.4767, cpu_used_memory: 270.8, cpu_available_memory: 1239.36[0m
[32m[2026-05-12 06:55:47,759] [    INFO][0m - [DataLoad global_step: 143] data_load_time: 0.22 ms (accumulated over 4 micro-batches)[0m
[32m[2026-05-12 06:55:49,657] [    INFO][0m - loss: 0.00052097, learning_rate: 5.379e-06, global_step: 144, current_memory_allocated: 29.91601800918579, current_memory_reserved: 34.48344039916992, max_memory_allocated: 32.04139161109924, max_memory_reserved: 34.48344039916992, interval_runtime: 1.8987, interval_samples_per_second: 2.1067, interval_steps_per_second: 0.5267, global_norm: 0.12140878289937973, ppl: 1.0005211057284396, progress_or_epoch: 0.48, cpu_used_memory: 270.77, cpu_available_memory: 1239.39[0m
[32m[2026-05-12 06:55:49,658] [    INFO][0m - [DataLoad global_step: 144] data_load_time: 0.23 ms (accumulated over 4 micro-batches)[0m
[32m[2026-05-12 06:55:51,556] [    INFO][0m - loss: 0.0024369, learning_rate: 5.345e-06, global_step: 145, current_memory_allocated: 29.91601800918579, current_memory_reserved: 34.48344039916992, max_memory_allocated: 32.04139161109924, max_memory_reserved: 34.48344039916992, interval_runtime: 1.8988, interval_samples_per_second: 2.1066, interval_steps_per_second: 0.5267, global_norm: 1.3086321353912354, ppl: 1.0024398716541894, progress_or_epoch: 0.4833, cpu_used_memory: 270.74, cpu_available_memory: 1239.42[0m
[32m[2026-05-12 06:55:51,557] [    INFO][0m - [DataLoad global_step: 145] data_load_time: 0.22 ms (accumulated over 4 micro-batches)[0m
[32m[2026-05-12 06:55:53,456] [    INFO][0m - loss: 0.00263113, learning_rate: 5.31e-06, global_step: 146, current_memory_allocated: 29.91601800918579, current_memory_reserved: 34.48344039916992, max_memory_allocated: 32.04139161109924, max_memory_reserved: 34.48344039916992, interval_runtime: 1.8988, interval_samples_per_second: 2.1066, interval_steps_per_second: 0.5266, global_norm: 0.4706661105155945, ppl: 1.002634594460354, progress_or_epoch: 0.4867, cpu_used_memory: 270.76, cpu_available_memory: 1239.4[0m
[32m[2026-05-12 06:55:53,456] [    INFO][0m - [DataLoad global_step: 146] data_load_time: 0.22 ms (accumulated over 4 micro-batches)[0m
[32m[2026-05-12 06:55:55,355] [    INFO][0m - loss: 0.00027059, learning_rate: 5.276e-06, global_step: 147, current_memory_allocated: 29.91601800918579, current_memory_reserved: 34.48344039916992, max_memory_allocated: 32.04139161109924, max_memory_reserved: 34.48344039916992, interval_runtime: 1.8995, interval_samples_per_second: 2.1058, interval_steps_per_second: 0.5265, global_norm: 0.08714672923088074, ppl: 1.0002706266127763, progress_or_epoch: 0.49, cpu_used_memory: 270.77, cpu_available_memory: 1239.38[0m
[32m[2026-05-12 06:55:55,356] [    INFO][0m - [DataLoad global_step: 147] data_load_time: 0.22 ms (accumulated over 4 micro-batches)[0m
[32m[2026-05-12 06:55:57,255] [    INFO][0m - loss: 0.00013936, learning_rate: 5.241e-06, global_step: 148, current_memory_allocated: 29.91601800918579, current_memory_reserved: 34.48344039916992, max_memory_allocated: 32.04139161109924, max_memory_reserved: 34.48344039916992, interval_runtime: 1.899, interval_samples_per_second: 2.1064, interval_steps_per_second: 0.5266, global_norm: 0.01995040476322174, ppl: 1.0001393697110559, progress_or_epoch: 0.4933, cpu_used_memory: 270.74, cpu_available_memory: 1239.41[0m
[32m[2026-05-12 06:55:57,255] [    INFO][0m - [DataLoad global_step: 148] data_load_time: 0.22 ms (accumulated over 4 micro-batches)[0m
[32m[2026-05-12 06:55:59,155] [    INFO][0m - loss: 0.00084269, learning_rate: 5.207e-06, global_step: 149, current_memory_allocated: 29.91601800918579, current_memory_reserved: 34.48344039916992, max_memory_allocated: 32.04139161109924, max_memory_reserved: 34.48344039916992, interval_runtime: 1.9, interval_samples_per_second: 2.1053, interval_steps_per_second: 0.5263, global_norm: 0.8833751678466797, ppl: 1.000843045162975, progress_or_epoch: 0.4967, cpu_used_memory: 270.74, cpu_available_memory: 1239.42[0m
[32m[2026-05-12 06:55:59,155] [    INFO][0m - [DataLoad global_step: 149] data_load_time: 0.23 ms (accumulated over 4 micro-batches)[0m
[32m[2026-05-12 06:56:01,055] [    INFO][0m - loss: 0.00287325, learning_rate: 5.172e-06, global_step: 150, current_memory_allocated: 29.91601800918579, current_memory_reserved: 34.48344039916992, max_memory_allocated: 32.04139161109924, max_memory_reserved: 34.48344039916992, interval_runtime: 1.8996, interval_samples_per_second: 2.1057, interval_steps_per_second: 0.5264, global_norm: 1.3136844635009766, ppl: 1.0028773817390066, progress_or_epoch: 0.5, cpu_used_memory: 270.76, cpu_available_memory: 1239.4[0m
[32m[2026-05-12 06:56:01,055] [    INFO][0m - [DataLoad global_step: 150] data_load_time: 0.23 ms (accumulated over 4 micro-batches)[0m
[32m[2026-05-12 06:56:02,955] [    INFO][0m - loss: 0.00045667, learning_rate: 5.138e-06, global_step: 151, current_memory_allocated: 29.91601800918579, current_memory_reserved: 34.48344039916992, max_memory_allocated: 32.04139161109924, max_memory_reserved: 34.48344039916992, interval_runtime: 1.9004, interval_samples_per_second: 2.1048, interval_steps_per_second: 0.5262, global_norm: 0.3037011921405792, ppl: 1.000456774289619, progress_or_epoch: 0.5033, cpu_used_memory: 270.73, cpu_available_memory: 1239.42[0m
[32m[2026-05-12 06:56:02,956] [    INFO][0m - [DataLoad global_step: 151] data_load_time: 0.23 ms (accumulated over 4 micro-batches)[0m
[32m[2026-05-12 06:56:04,857] [    INFO][0m - loss: 0.00040779, learning_rate: 5.103e-06, global_step: 152, current_memory_allocated: 29.91601800918579, current_memory_reserved: 34.48344039916992, max_memory_allocated: 32.04139161109924, max_memory_reserved: 34.48344039916992, interval_runtime: 1.9009, interval_samples_per_second: 2.1043, interval_steps_per_second: 0.5261, global_norm: 0.14347970485687256, ppl: 1.0004078731576453, progress_or_epoch: 0.5067, cpu_used_memory: 270.73, cpu_available_memory: 1239.43[0m
[32m[2026-05-12 06:56:04,857] [    INFO][0m - [DataLoad global_step: 152] data_load_time: 0.21 ms (accumulated over 4 micro-batches)[0m
[32m[2026-05-12 06:56:06,757] [    INFO][0m - loss: 0.00012518, learning_rate: 5.069e-06, global_step: 153, current_memory_allocated: 29.91601800918579, current_memory_reserved: 34.48344039916992, max_memory_allocated: 32.04139161109924, max_memory_reserved: 34.48344039916992, interval_runtime: 1.9003, interval_samples_per_second: 2.1049, interval_steps_per_second: 0.5262, global_norm: 0.023104561492800713, ppl: 1.0001251878353432, progress_or_epoch: 0.51, cpu_used_memory: 270.74, cpu_available_memory: 1239.41[0m
[32m[2026-05-12 06:56:06,757] [    INFO][0m - [DataLoad global_step: 153] data_load_time: 0.26 ms (accumulated over 4 micro-batches)[0m
[32m[2026-05-12 06:56:08,657] [    INFO][0m - loss: 7.163e-05, learning_rate: 5.034e-06, global_step: 154, current_memory_allocated: 29.91601800918579, current_memory_reserved: 34.48344039916992, max_memory_allocated: 32.04139161109924, max_memory_reserved: 34.48344039916992, interval_runtime: 1.8993, interval_samples_per_second: 2.1061, interval_steps_per_second: 0.5265, global_norm: 0.008446876890957355, ppl: 1.0000716325654897, progress_or_epoch: 0.5133, cpu_used_memory: 270.59, cpu_available_memory: 1239.57[0m
[32m[2026-05-12 06:56:08,657] [    INFO][0m - [DataLoad global_step: 154] data_load_time: 0.23 ms (accumulated over 4 micro-batches)[0m
[32m[2026-05-12 06:56:10,556] [    INFO][0m - loss: 0.0001437, learning_rate: 5e-06, global_step: 155, current_memory_allocated: 29.91601800918579, current_memory_reserved: 34.48344039916992, max_memory_allocated: 32.04139161109924, max_memory_reserved: 34.48344039916992, interval_runtime: 1.8988, interval_samples_per_second: 2.1066, interval_steps_per_second: 0.5266, global_norm: 0.045454103499650955, ppl: 1.0001437103253397, progress_or_epoch: 0.5167, cpu_used_memory: 270.6, cpu_available_memory: 1239.56[0m
[32m[2026-05-12 06:56:10,556] [    INFO][0m - [DataLoad global_step: 155] data_load_time: 0.21 ms (accumulated over 4 micro-batches)[0m
[32m[2026-05-12 06:56:12,456] [    INFO][0m - loss: 9.531e-05, learning_rate: 4.966e-06, global_step: 156, current_memory_allocated: 29.91601800918579, current_memory_reserved: 34.48344039916992, max_memory_allocated: 32.04139161109924, max_memory_reserved: 34.48344039916992, interval_runtime: 1.9001, interval_samples_per_second: 2.1052, interval_steps_per_second: 0.5263, global_norm: 0.016642773523926735, ppl: 1.0000953145421423, progress_or_epoch: 0.52, cpu_used_memory: 270.61, cpu_available_memory: 1239.55[0m
[32m[2026-05-12 06:56:12,456] [    INFO][0m - [DataLoad global_step: 156] data_load_time: 0.22 ms (accumulated over 4 micro-batches)[0m
[32m[2026-05-12 06:56:14,356] [    INFO][0m - loss: 0.00012895, learning_rate: 4.931e-06, global_step: 157, current_memory_allocated: 29.91601800918579, current_memory_reserved: 34.48344039916992, max_memory_allocated: 32.04139161109924, max_memory_reserved: 34.48344039916992, interval_runtime: 1.8994, interval_samples_per_second: 2.106, interval_steps_per_second: 0.5265, global_norm: 0.024752642959356308, ppl: 1.0001289583144086, progress_or_epoch: 0.5233, cpu_used_memory: 270.61, cpu_available_memory: 1239.54[0m
[32m[2026-05-12 06:56:14,356] [    INFO][0m - [DataLoad global_step: 157] data_load_time: 0.23 ms (accumulated over 4 micro-batches)[0m
[32m[2026-05-12 06:56:16,258] [    INFO][0m - loss: 0.00010893, learning_rate: 4.897e-06, global_step: 158, current_memory_allocated: 29.91601800918579, current_memory_reserved: 34.48344039916992, max_memory_allocated: 32.04139161109924, max_memory_reserved: 34.48344039916992, interval_runtime: 1.9017, interval_samples_per_second: 2.1034, interval_steps_per_second: 0.5259, global_norm: 0.028148993849754333, ppl: 1.000108935933088, progress_or_epoch: 0.5267, cpu_used_memory: 270.62, cpu_available_memory: 1239.54[0m
[32m[2026-05-12 06:56:16,258] [    INFO][0m - [DataLoad global_step: 158] data_load_time: 0.25 ms (accumulated over 4 micro-batches)[0m
[32m[2026-05-12 06:56:18,157] [    INFO][0m - loss: 0.00058059, learning_rate: 4.862e-06, global_step: 159, current_memory_allocated: 29.91601800918579, current_memory_reserved: 34.48344039916992, max_memory_allocated: 32.04139161109924, max_memory_reserved: 34.48344039916992, interval_runtime: 1.8992, interval_samples_per_second: 2.1062, interval_steps_per_second: 0.5265, global_norm: 0.5802314281463623, ppl: 1.0005807585749968, progress_or_epoch: 0.53, cpu_used_memory: 270.67, cpu_available_memory: 1239.48[0m
[32m[2026-05-12 06:56:18,157] [    INFO][0m - [DataLoad global_step: 159] data_load_time: 0.24 ms (accumulated over 4 micro-batches)[0m
[32m[2026-05-12 06:56:20,059] [    INFO][0m - loss: 0.00020166, learning_rate: 4.828e-06, global_step: 160, current_memory_allocated: 29.91601800918579, current_memory_reserved: 34.48344039916992, max_memory_allocated: 32.04139161109924, max_memory_reserved: 34.48344039916992, interval_runtime: 1.9015, interval_samples_per_second: 2.1036, interval_steps_per_second: 0.5259, global_norm: 0.23339258134365082, ppl: 1.0002016803347447, progress_or_epoch: 0.5333, cpu_used_memory: 270.77, cpu_available_memory: 1239.39[0m
[32m[2026-05-12 06:56:20,059] [    INFO][0m - [DataLoad global_step: 160] data_load_time: 0.24 ms (accumulated over 4 micro-batches)[0m
[32m[2026-05-12 06:56:21,959] [    INFO][0m - loss: 0.00015051, learning_rate: 4.793e-06, global_step: 161, current_memory_allocated: 29.91601800918579, current_memory_reserved: 34.48344039916992, max_memory_allocated: 32.04139161109924, max_memory_reserved: 34.48344039916992, interval_runtime: 1.9, interval_samples_per_second: 2.1052, interval_steps_per_second: 0.5263, global_norm: 0.09852229803800583, ppl: 1.0001505213271984, progress_or_epoch: 0.5367, cpu_used_memory: 270.91, cpu_available_memory: 1239.25[0m
[32m[2026-05-12 06:56:21,960] [    INFO][0m - [DataLoad global_step: 161] data_load_time: 0.23 ms (accumulated over 4 micro-batches)[0m
[32m[2026-05-12 06:56:23,860] [    INFO][0m - loss: 0.00016823, learning_rate: 4.759e-06, global_step: 162, current_memory_allocated: 29.91601800918579, current_memory_reserved: 34.48344039916992, max_memory_allocated: 32.04139161109924, max_memory_reserved: 34.48344039916992, interval_runtime: 1.9007, interval_samples_per_second: 2.1045, interval_steps_per_second: 0.5261, global_norm: 0.09442149847745895, ppl: 1.00016824415146, progress_or_epoch: 0.54, cpu_used_memory: 270.94, cpu_available_memory: 1239.22[0m
[32m[2026-05-12 06:56:23,861] [    INFO][0m - [DataLoad global_step: 162] data_load_time: 0.23 ms (accumulated over 4 micro-batches)[0m
[32m[2026-05-12 06:56:25,761] [    INFO][0m - loss: 5.835e-05, learning_rate: 4.724e-06, global_step: 163, current_memory_allocated: 29.91601800918579, current_memory_reserved: 34.48344039916992, max_memory_allocated: 32.04139161109924, max_memory_reserved: 34.48344039916992, interval_runtime: 1.9003, interval_samples_per_second: 2.105, interval_steps_per_second: 0.5262, global_norm: 0.018781224265694618, ppl: 1.0000583517023944, progress_or_epoch: 0.5433, cpu_used_memory: 270.91, cpu_available_memory: 1239.25[0m
[32m[2026-05-12 06:56:25,761] [    INFO][0m - [DataLoad global_step: 163] data_load_time: 0.25 ms (accumulated over 4 micro-batches)[0m
[32m[2026-05-12 06:56:27,661] [    INFO][0m - loss: 6.406e-05, learning_rate: 4.69e-06, global_step: 164, current_memory_allocated: 29.91601800918579, current_memory_reserved: 34.48344039916992, max_memory_allocated: 32.04139161109924, max_memory_reserved: 34.48344039916992, interval_runtime: 1.8999, interval_samples_per_second: 2.1054, interval_steps_per_second: 0.5263, global_norm: 0.02273976057767868, ppl: 1.0000640620518857, progress_or_epoch: 0.5467, cpu_used_memory: 270.92, cpu_available_memory: 1239.23[0m
[32m[2026-05-12 06:56:27,661] [    INFO][0m - [DataLoad global_step: 164] data_load_time: 0.23 ms (accumulated over 4 micro-batches)[0m
[32m[2026-05-12 06:56:29,580] [    INFO][0m - loss: 0.00162416, learning_rate: 4.655e-06, global_step: 165, current_memory_allocated: 29.91601800918579, current_memory_reserved: 34.48344039916992, max_memory_allocated: 32.04139161109924, max_memory_reserved: 34.48344039916992, interval_runtime: 1.9189, interval_samples_per_second: 2.0846, interval_steps_per_second: 0.5211, global_norm: 1.0007717609405518, ppl: 1.0016254796622037, progress_or_epoch: 0.55, cpu_used_memory: 270.93, cpu_available_memory: 1239.23[0m
[32m[2026-05-12 06:56:29,580] [    INFO][0m - [DataLoad global_step: 165] data_load_time: 0.24 ms (accumulated over 4 micro-batches)[0m
[32m[2026-05-12 06:56:31,479] [    INFO][0m - loss: 0.00042914, learning_rate: 4.621e-06, global_step: 166, current_memory_allocated: 29.91601800918579, current_memory_reserved: 34.48344039916992, max_memory_allocated: 32.04139161109924, max_memory_reserved: 34.48344039916992, interval_runtime: 1.898, interval_samples_per_second: 2.1075, interval_steps_per_second: 0.5269, global_norm: 0.25473660230636597, ppl: 1.0004292320937431, progress_or_epoch: 0.5533, cpu_used_memory: 270.93, cpu_available_memory: 1239.23[0m
[32m[2026-05-12 06:56:31,479] [    INFO][0m - [DataLoad global_step: 166] data_load_time: 0.23 ms (accumulated over 4 micro-batches)[0m
[32m[2026-05-12 06:56:33,377] [    INFO][0m - loss: 3.954e-05, learning_rate: 4.586e-06, global_step: 167, current_memory_allocated: 29.91601800918579, current_memory_reserved: 34.48344039916992, max_memory_allocated: 32.04139161109924, max_memory_reserved: 34.48344039916992, interval_runtime: 1.8982, interval_samples_per_second: 2.1073, interval_steps_per_second: 0.5268, global_norm: 0.01378699392080307, ppl: 1.0000395407817162, progress_or_epoch: 0.5567, cpu_used_memory: 270.93, cpu_available_memory: 1239.23[0m
[32m[2026-05-12 06:56:33,377] [    INFO][0m - [DataLoad global_step: 167] data_load_time: 0.20 ms (accumulated over 4 micro-batches)[0m
[32m[2026-05-12 06:56:35,276] [    INFO][0m - loss: 0.004074, learning_rate: 4.552e-06, global_step: 168, current_memory_allocated: 29.91601800918579, current_memory_reserved: 34.48344039916992, max_memory_allocated: 32.04139161109924, max_memory_reserved: 34.48344039916992, interval_runtime: 1.8992, interval_samples_per_second: 2.1061, interval_steps_per_second: 0.5265, global_norm: 3.3274898529052734, ppl: 1.0040823100191738, progress_or_epoch: 0.56, cpu_used_memory: 270.96, cpu_available_memory: 1239.2[0m
[32m[2026-05-12 06:56:35,277] [    INFO][0m - [DataLoad global_step: 168] data_load_time: 0.21 ms (accumulated over 4 micro-batches)[0m
[32m[2026-05-12 06:56:37,175] [    INFO][0m - loss: 3.157e-05, learning_rate: 4.517e-06, global_step: 169, current_memory_allocated: 29.91601800918579, current_memory_reserved: 34.48344039916992, max_memory_allocated: 32.04139161109924, max_memory_reserved: 34.48344039916992, interval_runtime: 1.898, interval_samples_per_second: 2.1075, interval_steps_per_second: 0.5269, global_norm: 0.0036323603708297014, ppl: 1.0000315704983378, progress_or_epoch: 0.5633, cpu_used_memory: 270.96, cpu_available_memory: 1239.2[0m
[32m[2026-05-12 06:56:37,175] [    INFO][0m - [DataLoad global_step: 169] data_load_time: 0.22 ms (accumulated over 4 micro-batches)[0m
[32m[2026-05-12 06:56:39,074] [    INFO][0m - loss: 0.00018237, learning_rate: 4.483e-06, global_step: 170, current_memory_allocated: 29.91601800918579, current_memory_reserved: 34.48344039916992, max_memory_allocated: 32.04139161109924, max_memory_reserved: 34.48344039916992, interval_runtime: 1.8987, interval_samples_per_second: 2.1067, interval_steps_per_second: 0.5267, global_norm: 0.07981854677200317, ppl: 1.0001823866304194, progress_or_epoch: 0.5667, cpu_used_memory: 270.94, cpu_available_memory: 1239.22[0m
[32m[2026-05-12 06:56:39,074] [    INFO][0m - [DataLoad global_step: 170] data_load_time: 0.24 ms (accumulated over 4 micro-batches)[0m
[32m[2026-05-12 06:56:40,972] [    INFO][0m - loss: 2.851e-05, learning_rate: 4.448e-06, global_step: 171, current_memory_allocated: 29.91601800918579, current_memory_reserved: 34.48344039916992, max_memory_allocated: 32.04139161109924, max_memory_reserved: 34.48344039916992, interval_runtime: 1.8985, interval_samples_per_second: 2.1069, interval_steps_per_second: 0.5267, global_norm: 0.003122329246252775, ppl: 1.000028510406414, progress_or_epoch: 0.57, cpu_used_memory: 270.87, cpu_available_memory: 1239.29[0m
[32m[2026-05-12 06:56:40,973] [    INFO][0m - [DataLoad global_step: 171] data_load_time: 0.21 ms (accumulated over 4 micro-batches)[0m
[32m[2026-05-12 06:56:42,871] [    INFO][0m - loss: 4.241e-05, learning_rate: 4.414e-06, global_step: 172, current_memory_allocated: 29.91601800918579, current_memory_reserved: 34.48344039916992, max_memory_allocated: 32.04139161109924, max_memory_reserved: 34.48344039916992, interval_runtime: 1.8987, interval_samples_per_second: 2.1067, interval_steps_per_second: 0.5267, global_norm: 0.01227881945669651, ppl: 1.0000424108993167, progress_or_epoch: 0.5733, cpu_used_memory: 270.86, cpu_available_memory: 1239.3[0m
[32m[2026-05-12 06:56:42,872] [    INFO][0m - [DataLoad global_step: 172] data_load_time: 0.21 ms (accumulated over 4 micro-batches)[0m
[32m[2026-05-12 06:56:44,771] [    INFO][0m - loss: 2.904e-05, learning_rate: 4.379e-06, global_step: 173, current_memory_allocated: 29.91601800918579, current_memory_reserved: 34.48344039916992, max_memory_allocated: 32.04139161109924, max_memory_reserved: 34.48344039916992, interval_runtime: 1.8994, interval_samples_per_second: 2.1059, interval_steps_per_second: 0.5265, global_norm: 0.0031379207503050566, ppl: 1.000029040421665, progress_or_epoch: 0.5767, cpu_used_memory: 270.86, cpu_available_memory: 1239.3[0m
[32m[2026-05-12 06:56:44,771] [    INFO][0m - [DataLoad global_step: 173] data_load_time: 0.25 ms (accumulated over 4 micro-batches)[0m
[32m[2026-05-12 06:56:46,670] [    INFO][0m - loss: 2.196e-05, learning_rate: 4.345e-06, global_step: 174, current_memory_allocated: 29.91601800918579, current_memory_reserved: 34.48344039916992, max_memory_allocated: 32.04139161109924, max_memory_reserved: 34.48344039916992, interval_runtime: 1.898, interval_samples_per_second: 2.1075, interval_steps_per_second: 0.5269, global_norm: 0.015290901064872742, ppl: 1.0000219602411227, progress_or_epoch: 0.58, cpu_used_memory: 270.86, cpu_available_memory: 1239.3[0m
[32m[2026-05-12 06:56:46,670] [    INFO][0m - [DataLoad global_step: 174] data_load_time: 0.22 ms (accumulated over 4 micro-batches)[0m
[32m[2026-05-12 06:56:48,570] [    INFO][0m - loss: 3.067e-05, learning_rate: 4.31e-06, global_step: 175, current_memory_allocated: 29.91601800918579, current_memory_reserved: 34.48344039916992, max_memory_allocated: 32.04139161109924, max_memory_reserved: 34.48344039916992, interval_runtime: 1.9007, interval_samples_per_second: 2.1045, interval_steps_per_second: 0.5261, global_norm: 0.018787194043397903, ppl: 1.0000306704703292, progress_or_epoch: 0.5833, cpu_used_memory: 270.85, cpu_available_memory: 1239.31[0m
[32m[2026-05-12 06:56:48,571] [    INFO][0m - [DataLoad global_step: 175] data_load_time: 0.26 ms (accumulated over 4 micro-batches)[0m
[32m[2026-05-12 06:56:50,469] [    INFO][0m - loss: 2.359e-05, learning_rate: 4.276e-06, global_step: 176, current_memory_allocated: 29.91601800918579, current_memory_reserved: 34.48344039916992, max_memory_allocated: 32.04139161109924, max_memory_reserved: 34.48344039916992, interval_runtime: 1.8983, interval_samples_per_second: 2.1071, interval_steps_per_second: 0.5268, global_norm: 0.0026887545827776194, ppl: 1.0000235902782462, progress_or_epoch: 0.5867, cpu_used_memory: 270.85, cpu_available_memory: 1239.31[0m
[32m[2026-05-12 06:56:50,469] [    INFO][0m - [DataLoad global_step: 176] data_load_time: 0.21 ms (accumulated over 4 micro-batches)[0m
[32m[2026-05-12 06:56:52,368] [    INFO][0m - loss: 2.321e-05, learning_rate: 4.241e-06, global_step: 177, current_memory_allocated: 29.91601800918579, current_memory_reserved: 34.48344039916992, max_memory_allocated: 32.04139161109924, max_memory_reserved: 34.48344039916992, interval_runtime: 1.8991, interval_samples_per_second: 2.1062, interval_steps_per_second: 0.5266, global_norm: 0.0029392798896878958, ppl: 1.000023210269354, progress_or_epoch: 0.59, cpu_used_memory: 270.84, cpu_available_memory: 1239.32[0m
[32m[2026-05-12 06:56:52,369] [    INFO][0m - [DataLoad global_step: 177] data_load_time: 0.25 ms (accumulated over 4 micro-batches)[0m
[32m[2026-05-12 06:56:54,267] [    INFO][0m - loss: 0.002528, learning_rate: 4.207e-06, global_step: 178, current_memory_allocated: 29.91601800918579, current_memory_reserved: 34.48344039916992, max_memory_allocated: 32.04139161109924, max_memory_reserved: 34.48344039916992, interval_runtime: 1.8985, interval_samples_per_second: 2.107, interval_steps_per_second: 0.5267, global_norm: 1.5487117767333984, ppl: 1.002531198086353, progress_or_epoch: 0.5933, cpu_used_memory: 270.83, cpu_available_memory: 1239.33[0m
[32m[2026-05-12 06:56:54,267] [    INFO][0m - [DataLoad global_step: 178] data_load_time: 0.21 ms (accumulated over 4 micro-batches)[0m
[32m[2026-05-12 06:56:56,166] [    INFO][0m - loss: 3.091e-05, learning_rate: 4.172e-06, global_step: 179, current_memory_allocated: 29.91601800918579, current_memory_reserved: 34.48344039916992, max_memory_allocated: 32.04139161109924, max_memory_reserved: 34.48344039916992, interval_runtime: 1.8987, interval_samples_per_second: 2.1067, interval_steps_per_second: 0.5267, global_norm: 0.004477526526898146, ppl: 1.000030910477719, progress_or_epoch: 0.5967, cpu_used_memory: 270.82, cpu_available_memory: 1239.34[0m
[32m[2026-05-12 06:56:56,166] [    INFO][0m - [DataLoad global_step: 179] data_load_time: 0.22 ms (accumulated over 4 micro-batches)[0m
[32m[2026-05-12 06:56:58,064] [    INFO][0m - loss: 0.00017858, learning_rate: 4.138e-06, global_step: 180, current_memory_allocated: 29.91601800918579, current_memory_reserved: 34.48344039916992, max_memory_allocated: 32.04139161109924, max_memory_reserved: 34.48344039916992, interval_runtime: 1.8978, interval_samples_per_second: 2.1077, interval_steps_per_second: 0.5269, global_norm: 0.28659558296203613, ppl: 1.0001785959463574, progress_or_epoch: 0.6, cpu_used_memory: 270.82, cpu_available_memory: 1239.34[0m
[32m[2026-05-12 06:56:58,065] [    INFO][0m - [DataLoad global_step: 180] data_load_time: 0.22 ms (accumulated over 4 micro-batches)[0m
[32m[2026-05-12 06:56:59,963] [    INFO][0m - loss: 3.035e-05, learning_rate: 4.103e-06, global_step: 181, current_memory_allocated: 29.91601800918579, current_memory_reserved: 34.48344039916992, max_memory_allocated: 32.04139161109924, max_memory_reserved: 34.48344039916992, interval_runtime: 1.8986, interval_samples_per_second: 2.1068, interval_steps_per_second: 0.5267, global_norm: 0.007496736012399197, ppl: 1.0000303504605659, progress_or_epoch: 0.6033, cpu_used_memory: 270.82, cpu_available_memory: 1239.34[0m
[32m[2026-05-12 06:56:59,963] [    INFO][0m - [DataLoad global_step: 181] data_load_time: 0.20 ms (accumulated over 4 micro-batches)[0m
[32m[2026-05-12 06:57:01,863] [    INFO][0m - loss: 1.387e-05, learning_rate: 4.069e-06, global_step: 182, current_memory_allocated: 29.91601800918579, current_memory_reserved: 34.48344039916992, max_memory_allocated: 32.04139161109924, max_memory_reserved: 34.48344039916992, interval_runtime: 1.8998, interval_samples_per_second: 2.1055, interval_steps_per_second: 0.5264, global_norm: 0.0013675595400854945, ppl: 1.000013870096189, progress_or_epoch: 0.6067, cpu_used_memory: 270.8, cpu_available_memory: 1239.36[0m
[32m[2026-05-12 06:57:01,863] [    INFO][0m - [DataLoad global_step: 182] data_load_time: 0.21 ms (accumulated over 4 micro-batches)[0m
[32m[2026-05-12 06:57:03,764] [    INFO][0m - loss: 2.283e-05, learning_rate: 4.034e-06, global_step: 183, current_memory_allocated: 29.91601800918579, current_memory_reserved: 34.48344039916992, max_memory_allocated: 32.04139161109924, max_memory_reserved: 34.48344039916992, interval_runtime: 1.9005, interval_samples_per_second: 2.1047, interval_steps_per_second: 0.5262, global_norm: 0.002215620828792453, ppl: 1.0000228302606065, progress_or_epoch: 0.61, cpu_used_memory: 270.83, cpu_available_memory: 1239.33[0m
[32m[2026-05-12 06:57:03,764] [    INFO][0m - [DataLoad global_step: 183] data_load_time: 0.23 ms (accumulated over 4 micro-batches)[0m
[32m[2026-05-12 06:57:05,663] [    INFO][0m - loss: 3.324e-05, learning_rate: 4e-06, global_step: 184, current_memory_allocated: 29.91601800918579, current_memory_reserved: 34.48344039916992, max_memory_allocated: 32.04139161109924, max_memory_reserved: 34.48344039916992, interval_runtime: 1.8988, interval_samples_per_second: 2.1066, interval_steps_per_second: 0.5266, global_norm: 0.010625197552144527, ppl: 1.000033240552455, progress_or_epoch: 0.6133, cpu_used_memory: 270.88, cpu_available_memory: 1239.28[0m
[32m[2026-05-12 06:57:05,663] [    INFO][0m - [DataLoad global_step: 184] data_load_time: 0.24 ms (accumulated over 4 micro-batches)[0m
[32m[2026-05-12 06:57:07,562] [    INFO][0m - loss: 0.00292559, learning_rate: 3.966e-06, global_step: 185, current_memory_allocated: 29.91601800918579, current_memory_reserved: 34.48344039916992, max_memory_allocated: 32.04139161109924, max_memory_reserved: 34.48344039916992, interval_runtime: 1.8987, interval_samples_per_second: 2.1067, interval_steps_per_second: 0.5267, global_norm: 1.2235180139541626, ppl: 1.0029298737148697, progress_or_epoch: 0.6167, cpu_used_memory: 270.9, cpu_available_memory: 1239.26[0m
[32m[2026-05-12 06:57:07,562] [    INFO][0m - [DataLoad global_step: 185] data_load_time: 0.21 ms (accumulated over 4 micro-batches)[0m
[32m[2026-05-12 06:57:09,462] [    INFO][0m - loss: 3.013e-05, learning_rate: 3.931e-06, global_step: 186, current_memory_allocated: 29.91601800918579, current_memory_reserved: 34.48344039916992, max_memory_allocated: 32.04139161109924, max_memory_reserved: 34.48344039916992, interval_runtime: 1.8998, interval_samples_per_second: 2.1055, interval_steps_per_second: 0.5264, global_norm: 0.004863101057708263, ppl: 1.000030130453913, progress_or_epoch: 0.62, cpu_used_memory: 270.89, cpu_available_memory: 1239.27[0m
[32m[2026-05-12 06:57:09,462] [    INFO][0m - [DataLoad global_step: 186] data_load_time: 0.25 ms (accumulated over 4 micro-batches)[0m
[32m[2026-05-12 06:57:11,363] [    INFO][0m - loss: 2.506e-05, learning_rate: 3.897e-06, global_step: 187, current_memory_allocated: 29.91601800918579, current_memory_reserved: 34.48344039916992, max_memory_allocated: 32.04139161109924, max_memory_reserved: 34.48344039916992, interval_runtime: 1.9, interval_samples_per_second: 2.1053, interval_steps_per_second: 0.5263, global_norm: 0.03655608370900154, ppl: 1.0000250603140044, progress_or_epoch: 0.6233, cpu_used_memory: 270.87, cpu_available_memory: 1239.29[0m
[32m[2026-05-12 06:57:11,363] [    INFO][0m - [DataLoad global_step: 187] data_load_time: 0.23 ms (accumulated over 4 micro-batches)[0m
[32m[2026-05-12 06:57:13,262] [    INFO][0m - loss: 1.799e-05, learning_rate: 3.862e-06, global_step: 188, current_memory_allocated: 29.91601800918579, current_memory_reserved: 34.48344039916992, max_memory_allocated: 32.04139161109924, max_memory_reserved: 34.48344039916992, interval_runtime: 1.8991, interval_samples_per_second: 2.1062, interval_steps_per_second: 0.5266, global_norm: 0.002303103683516383, ppl: 1.000017990161821, progress_or_epoch: 0.6267, cpu_used_memory: 270.83, cpu_available_memory: 1239.33[0m
[32m[2026-05-12 06:57:13,262] [    INFO][0m - [DataLoad global_step: 188] data_load_time: 0.25 ms (accumulated over 4 micro-batches)[0m
[32m[2026-05-12 06:57:15,162] [    INFO][0m - loss: 6.187e-05, learning_rate: 3.828e-06, global_step: 189, current_memory_allocated: 29.91601800918579, current_memory_reserved: 34.48344039916992, max_memory_allocated: 32.04139161109924, max_memory_reserved: 34.48344039916992, interval_runtime: 1.8998, interval_samples_per_second: 2.1055, interval_steps_per_second: 0.5264, global_norm: 0.03559286147356033, ppl: 1.000061871913988, progress_or_epoch: 0.63, cpu_used_memory: 270.83, cpu_available_memory: 1239.33[0m
[32m[2026-05-12 06:57:15,162] [    INFO][0m - [DataLoad global_step: 189] data_load_time: 0.22 ms (accumulated over 4 micro-batches)[0m
[32m[2026-05-12 06:57:17,062] [    INFO][0m - loss: 3.74e-05, learning_rate: 3.793e-06, global_step: 190, current_memory_allocated: 29.91601800918579, current_memory_reserved: 34.48344039916992, max_memory_allocated: 32.04139161109924, max_memory_reserved: 34.48344039916992, interval_runtime: 1.8991, interval_samples_per_second: 2.1062, interval_steps_per_second: 0.5266, global_norm: 0.010240371339023113, ppl: 1.0000374006993886, progress_or_epoch: 0.6333, cpu_used_memory: 270.8, cpu_available_memory: 1239.35[0m
[32m[2026-05-12 06:57:17,062] [    INFO][0m - [DataLoad global_step: 190] data_load_time: 0.25 ms (accumulated over 4 micro-batches)[0m
[32m[2026-05-12 06:57:18,962] [    INFO][0m - loss: 0.00114171, learning_rate: 3.759e-06, global_step: 191, current_memory_allocated: 29.91601800918579, current_memory_reserved: 34.48344039916992, max_memory_allocated: 32.04139161109924, max_memory_reserved: 34.48344039916992, interval_runtime: 1.9004, interval_samples_per_second: 2.1048, interval_steps_per_second: 0.5262, global_norm: 1.7070417404174805, ppl: 1.0011423619989697, progress_or_epoch: 0.6367, cpu_used_memory: 270.86, cpu_available_memory: 1239.29[0m
[32m[2026-05-12 06:57:18,962] [    INFO][0m - [DataLoad global_step: 191] data_load_time: 0.23 ms (accumulated over 4 micro-batches)[0m
[32m[2026-05-12 06:57:20,862] [    INFO][0m - loss: 2.149e-05, learning_rate: 3.724e-06, global_step: 192, current_memory_allocated: 29.91601800918579, current_memory_reserved: 34.48344039916992, max_memory_allocated: 32.04139161109924, max_memory_reserved: 34.48344039916992, interval_runtime: 1.8998, interval_samples_per_second: 2.1055, interval_steps_per_second: 0.5264, global_norm: 0.00201505608856678, ppl: 1.0000214902309117, progress_or_epoch: 0.64, cpu_used_memory: 270.92, cpu_available_memory: 1239.24[0m
[32m[2026-05-12 06:57:20,862] [    INFO][0m - [DataLoad global_step: 192] data_load_time: 0.22 ms (accumulated over 4 micro-batches)[0m
[32m[2026-05-12 06:57:22,762] [    INFO][0m - loss: 2.284e-05, learning_rate: 3.69e-06, global_step: 193, current_memory_allocated: 29.91601800918579, current_memory_reserved: 34.48344039916992, max_memory_allocated: 32.04139161109924, max_memory_reserved: 34.48344039916992, interval_runtime: 1.8991, interval_samples_per_second: 2.1062, interval_steps_per_second: 0.5266, global_norm: 0.0024581076577305794, ppl: 1.0000228402608349, progress_or_epoch: 0.6433, cpu_used_memory: 270.95, cpu_available_memory: 1239.21[0m
[32m[2026-05-12 06:57:22,762] [    INFO][0m - [DataLoad global_step: 193] data_load_time: 0.23 ms (accumulated over 4 micro-batches)[0m
[32m[2026-05-12 06:57:24,662] [    INFO][0m - loss: 1.889e-05, learning_rate: 3.655e-06, global_step: 194, current_memory_allocated: 29.91601800918579, current_memory_reserved: 34.48344039916992, max_memory_allocated: 32.04139161109924, max_memory_reserved: 34.48344039916992, interval_runtime: 1.9001, interval_samples_per_second: 2.1052, interval_steps_per_second: 0.5263, global_norm: 0.002407982712611556, ppl: 1.0000188901784173, progress_or_epoch: 0.6467, cpu_used_memory: 271.02, cpu_available_memory: 1239.14[0m
[32m[2026-05-12 06:57:24,662] [    INFO][0m - [DataLoad global_step: 194] data_load_time: 0.22 ms (accumulated over 4 micro-batches)[0m
[32m[2026-05-12 06:57:26,561] [    INFO][0m - loss: 2.478e-05, learning_rate: 3.621e-06, global_step: 195, current_memory_allocated: 29.91601800918579, current_memory_reserved: 34.48344039916992, max_memory_allocated: 32.04139161109924, max_memory_reserved: 34.48344039916992, interval_runtime: 1.8991, interval_samples_per_second: 2.1063, interval_steps_per_second: 0.5266, global_norm: 0.0027975980192422867, ppl: 1.0000247803070268, progress_or_epoch: 0.65, cpu_used_memory: 271.08, cpu_available_memory: 1239.08[0m
[32m[2026-05-12 06:57:26,562] [    INFO][0m - [DataLoad global_step: 195] data_load_time: 0.23 ms (accumulated over 4 micro-batches)[0m
[32m[2026-05-12 06:57:28,462] [    INFO][0m - loss: 2.872e-05, learning_rate: 3.586e-06, global_step: 196, current_memory_allocated: 29.91601800918579, current_memory_reserved: 34.48344039916992, max_memory_allocated: 32.04139161109924, max_memory_reserved: 34.48344039916992, interval_runtime: 1.9, interval_samples_per_second: 2.1053, interval_steps_per_second: 0.5263, global_norm: 0.008897276595234871, ppl: 1.0000287204124232, progress_or_epoch: 0.6533, cpu_used_memory: 271.09, cpu_available_memory: 1239.07[0m
[32m[2026-05-12 06:57:28,462] [    INFO][0m - [DataLoad global_step: 196] data_load_time: 0.23 ms (accumulated over 4 micro-batches)[0m
[32m[2026-05-12 06:57:30,361] [    INFO][0m - loss: 4.214e-05, learning_rate: 3.552e-06, global_step: 197, current_memory_allocated: 29.91601800918579, current_memory_reserved: 34.48344039916992, max_memory_allocated: 32.04139161109924, max_memory_reserved: 34.48344039916992, interval_runtime: 1.8994, interval_samples_per_second: 2.1059, interval_steps_per_second: 0.5265, global_norm: 0.1262292116880417, ppl: 1.0000421408879023, progress_or_epoch: 0.6567, cpu_used_memory: 271.11, cpu_available_memory: 1239.05[0m
[32m[2026-05-12 06:57:30,361] [    INFO][0m - [DataLoad global_step: 197] data_load_time: 0.21 ms (accumulated over 4 micro-batches)[0m
[32m[2026-05-12 06:57:32,267] [    INFO][0m - loss: 3.878e-05, learning_rate: 3.517e-06, global_step: 198, current_memory_allocated: 29.91601800918579, current_memory_reserved: 34.48344039916992, max_memory_allocated: 32.04139161109924, max_memory_reserved: 34.48344039916992, interval_runtime: 1.9052, interval_samples_per_second: 2.0996, interval_steps_per_second: 0.5249, global_norm: 0.021259108558297157, ppl: 1.000038780751954, progress_or_epoch: 0.66, cpu_used_memory: 271.14, cpu_available_memory: 1239.02[0m
[32m[2026-05-12 06:57:32,267] [    INFO][0m - [DataLoad global_step: 198] data_load_time: 0.22 ms (accumulated over 4 micro-batches)[0m
[32m[2026-05-12 06:57:34,165] [    INFO][0m - loss: 2.35e-05, learning_rate: 3.483e-06, global_step: 199, current_memory_allocated: 29.91601800918579, current_memory_reserved: 34.48344039916992, max_memory_allocated: 32.04139161109924, max_memory_reserved: 34.48344039916992, interval_runtime: 1.8983, interval_samples_per_second: 2.1072, interval_steps_per_second: 0.5268, global_norm: 0.006339962128549814, ppl: 1.000023500276127, progress_or_epoch: 0.6633, cpu_used_memory: 271.12, cpu_available_memory: 1239.03[0m
[32m[2026-05-12 06:57:34,165] [    INFO][0m - [DataLoad global_step: 199] data_load_time: 0.22 ms (accumulated over 4 micro-batches)[0m
[32m[2026-05-12 06:57:36,063] [    INFO][0m - loss: 6.23e-05, learning_rate: 3.448e-06, global_step: 200, current_memory_allocated: 29.91601800918579, current_memory_reserved: 34.48344039916992, max_memory_allocated: 32.04139161109924, max_memory_reserved: 34.48344039916992, interval_runtime: 1.8972, interval_samples_per_second: 2.1083, interval_steps_per_second: 0.5271, global_norm: 0.014117717742919922, ppl: 1.0000623019406853, progress_or_epoch: 0.6667, cpu_used_memory: 271.13, cpu_available_memory: 1239.03[0m
[32m[2026-05-12 06:57:36,063] [    INFO][0m - [DataLoad global_step: 200] data_load_time: 0.21 ms (accumulated over 4 micro-batches)[0m
[32m[2026-05-12 06:57:37,961] [    INFO][0m - loss: 0.00023651, learning_rate: 3.414e-06, global_step: 201, current_memory_allocated: 29.91601800918579, current_memory_reserved: 34.48344039916992, max_memory_allocated: 32.04139161109924, max_memory_reserved: 34.48344039916992, interval_runtime: 1.8984, interval_samples_per_second: 2.107, interval_steps_per_second: 0.5267, global_norm: 0.2905239164829254, ppl: 1.0002365379706952, progress_or_epoch: 0.67, cpu_used_memory: 271.14, cpu_available_memory: 1239.02[0m
[32m[2026-05-12 06:57:37,962] [    INFO][0m - [DataLoad global_step: 201] data_load_time: 0.20 ms (accumulated over 4 micro-batches)[0m
[32m[2026-05-12 06:57:39,860] [    INFO][0m - loss: 6.763e-05, learning_rate: 3.379e-06, global_step: 202, current_memory_allocated: 29.91601800918579, current_memory_reserved: 34.48344039916992, max_memory_allocated: 32.04139161109924, max_memory_reserved: 34.48344039916992, interval_runtime: 1.8987, interval_samples_per_second: 2.1067, interval_steps_per_second: 0.5267, global_norm: 0.062492579221725464, ppl: 1.00006763228696, progress_or_epoch: 0.6733, cpu_used_memory: 271.02, cpu_available_memory: 1239.13[0m
[32m[2026-05-12 06:57:39,861] [    INFO][0m - [DataLoad global_step: 202] data_load_time: 0.70 ms (accumulated over 4 micro-batches)[0m
[32m[2026-05-12 06:57:41,759] [    INFO][0m - loss: 4.864e-05, learning_rate: 3.345e-06, global_step: 203, current_memory_allocated: 29.91601800918579, current_memory_reserved: 34.48344039916992, max_memory_allocated: 32.04139161109924, max_memory_reserved: 34.48344039916992, interval_runtime: 1.8986, interval_samples_per_second: 2.1068, interval_steps_per_second: 0.5267, global_norm: 0.015534009784460068, ppl: 1.000048641182944, progress_or_epoch: 0.6767, cpu_used_memory: 271.1, cpu_available_memory: 1239.06[0m
[32m[2026-05-12 06:57:41,759] [    INFO][0m - [DataLoad global_step: 203] data_load_time: 0.22 ms (accumulated over 4 micro-batches)[0m
[32m[2026-05-12 06:57:43,659] [    INFO][0m - loss: 4.977e-05, learning_rate: 3.31e-06, global_step: 204, current_memory_allocated: 29.91601800918579, current_memory_reserved: 34.48344039916992, max_memory_allocated: 32.04139161109924, max_memory_reserved: 34.48344039916992, interval_runtime: 1.8996, interval_samples_per_second: 2.1057, interval_steps_per_second: 0.5264, global_norm: 0.019162211567163467, ppl: 1.000049771238547, progress_or_epoch: 0.68, cpu_used_memory: 271.14, cpu_available_memory: 1239.02[0m
[32m[2026-05-12 06:57:43,659] [    INFO][0m - [DataLoad global_step: 204] data_load_time: 0.24 ms (accumulated over 4 micro-batches)[0m
[32m[2026-05-12 06:57:45,559] [    INFO][0m - loss: 3.246e-05, learning_rate: 3.276e-06, global_step: 205, current_memory_allocated: 29.91601800918579, current_memory_reserved: 34.48344039916992, max_memory_allocated: 32.04139161109924, max_memory_reserved: 34.48344039916992, interval_runtime: 1.8996, interval_samples_per_second: 2.1057, interval_steps_per_second: 0.5264, global_norm: 0.009601423516869545, ppl: 1.0000324605268316, progress_or_epoch: 0.6833, cpu_used_memory: 271.13, cpu_available_memory: 1239.03[0m
[32m[2026-05-12 06:57:45,559] [    INFO][0m - [DataLoad global_step: 205] data_load_time: 0.22 ms (accumulated over 4 micro-batches)[0m
[32m[2026-05-12 06:57:47,458] [    INFO][0m - loss: 9.499e-05, learning_rate: 3.241e-06, global_step: 206, current_memory_allocated: 29.91601800918579, current_memory_reserved: 34.48344039916992, max_memory_allocated: 32.04139161109924, max_memory_reserved: 34.48344039916992, interval_runtime: 1.8987, interval_samples_per_second: 2.1067, interval_steps_per_second: 0.5267, global_norm: 0.04064253717660904, ppl: 1.0000949945116928, progress_or_epoch: 0.6867, cpu_used_memory: 271.04, cpu_available_memory: 1239.12[0m
[32m[2026-05-12 06:57:47,459] [    INFO][0m - [DataLoad global_step: 206] data_load_time: 0.22 ms (accumulated over 4 micro-batches)[0m
[32m[2026-05-12 06:57:49,358] [    INFO][0m - loss: 0.00021657, learning_rate: 3.207e-06, global_step: 207, current_memory_allocated: 29.91601800918579, current_memory_reserved: 34.48344039916992, max_memory_allocated: 32.04139161109924, max_memory_reserved: 34.48344039916992, interval_runtime: 1.8995, interval_samples_per_second: 2.1058, interval_steps_per_second: 0.5264, global_norm: 0.1971782147884369, ppl: 1.0002165934529754, progress_or_epoch: 0.69, cpu_used_memory: 271.02, cpu_available_memory: 1239.14[0m
[32m[2026-05-12 06:57:49,358] [    INFO][0m - [DataLoad global_step: 207] data_load_time: 0.25 ms (accumulated over 4 micro-batches)[0m
[32m[2026-05-12 06:57:51,258] [    INFO][0m - loss: 0.00040886, learning_rate: 3.172e-06, global_step: 208, current_memory_allocated: 29.91601800918579, current_memory_reserved: 34.48344039916992, max_memory_allocated: 32.04139161109924, max_memory_reserved: 34.48344039916992, interval_runtime: 1.8997, interval_samples_per_second: 2.1056, interval_steps_per_second: 0.5264, global_norm: 0.280471533536911, ppl: 1.0004089435946422, progress_or_epoch: 0.6933, cpu_used_memory: 271.02, cpu_available_memory: 1239.14[0m
[32m[2026-05-12 06:57:51,258] [    INFO][0m - [DataLoad global_step: 208] data_load_time: 0.24 ms (accumulated over 4 micro-batches)[0m
[32m[2026-05-12 06:57:53,157] [    INFO][0m - loss: 0.00027318, learning_rate: 3.138e-06, global_step: 209, current_memory_allocated: 29.91601800918579, current_memory_reserved: 34.48344039916992, max_memory_allocated: 32.04139161109924, max_memory_reserved: 34.48344039916992, interval_runtime: 1.8989, interval_samples_per_second: 2.1065, interval_steps_per_second: 0.5266, global_norm: 0.7498048543930054, ppl: 1.0002732173170543, progress_or_epoch: 0.6967, cpu_used_memory: 271.09, cpu_available_memory: 1239.07[0m
[32m[2026-05-12 06:57:53,157] [    INFO][0m - [DataLoad global_step: 209] data_load_time: 0.24 ms (accumulated over 4 micro-batches)[0m
[32m[2026-05-12 06:57:55,055] [    INFO][0m - loss: 3.509e-05, learning_rate: 3.103e-06, global_step: 210, current_memory_allocated: 29.91601800918579, current_memory_reserved: 34.48344039916992, max_memory_allocated: 32.04139161109924, max_memory_reserved: 34.48344039916992, interval_runtime: 1.898, interval_samples_per_second: 2.1075, interval_steps_per_second: 0.5269, global_norm: 0.022242490202188492, ppl: 1.0000350906156612, progress_or_epoch: 0.7, cpu_used_memory: 270.99, cpu_available_memory: 1239.17[0m
[32m[2026-05-12 06:57:55,056] [    INFO][0m - [DataLoad global_step: 210] data_load_time: 0.20 ms (accumulated over 4 micro-batches)[0m
[32m[2026-05-12 06:57:56,954] [    INFO][0m - loss: 2.035e-05, learning_rate: 3.069e-06, global_step: 211, current_memory_allocated: 29.91601800918579, current_memory_reserved: 34.48344039916992, max_memory_allocated: 32.04139161109924, max_memory_reserved: 34.48344039916992, interval_runtime: 1.8987, interval_samples_per_second: 2.1067, interval_steps_per_second: 0.5267, global_norm: 0.003826047759503126, ppl: 1.0000203502070626, progress_or_epoch: 0.7033, cpu_used_memory: 271.02, cpu_available_memory: 1239.14[0m
[32m[2026-05-12 06:57:56,955] [    INFO][0m - [DataLoad global_step: 211] data_load_time: 0.23 ms (accumulated over 4 micro-batches)[0m
[32m[2026-05-12 06:57:58,854] [    INFO][0m - loss: 0.00011671, learning_rate: 3.034e-06, global_step: 212, current_memory_allocated: 29.91601800918579, current_memory_reserved: 34.48344039916992, max_memory_allocated: 32.04139161109924, max_memory_reserved: 34.48344039916992, interval_runtime: 1.8998, interval_samples_per_second: 2.1055, interval_steps_per_second: 0.5264, global_norm: 0.5213472843170166, ppl: 1.000116716810877, progress_or_epoch: 0.7067, cpu_used_memory: 271.0, cpu_available_memory: 1239.16[0m
[32m[2026-05-12 06:57:58,855] [    INFO][0m - [DataLoad global_step: 212] data_load_time: 0.21 ms (accumulated over 4 micro-batches)[0m
[32m[2026-05-12 06:58:00,753] [    INFO][0m - loss: 0.00044037, learning_rate: 3e-06, global_step: 213, current_memory_allocated: 29.91601800918579, current_memory_reserved: 34.48344039916992, max_memory_allocated: 32.04139161109924, max_memory_reserved: 34.48344039916992, interval_runtime: 1.8982, interval_samples_per_second: 2.1072, interval_steps_per_second: 0.5268, global_norm: 0.3253054916858673, ppl: 1.0004404669771032, progress_or_epoch: 0.71, cpu_used_memory: 270.93, cpu_available_memory: 1239.22[0m
[32m[2026-05-12 06:58:00,753] [    INFO][0m - [DataLoad global_step: 213] data_load_time: 0.22 ms (accumulated over 4 micro-batches)[0m
[32m[2026-05-12 06:58:02,653] [    INFO][0m - loss: 1.955e-05, learning_rate: 2.966e-06, global_step: 214, current_memory_allocated: 29.91601800918579, current_memory_reserved: 34.48344039916992, max_memory_allocated: 32.04139161109924, max_memory_reserved: 34.48344039916992, interval_runtime: 1.9001, interval_samples_per_second: 2.1051, interval_steps_per_second: 0.5263, global_norm: 0.004412742797285318, ppl: 1.0000195501911024, progress_or_epoch: 0.7133, cpu_used_memory: 270.95, cpu_available_memory: 1239.2[0m
[32m[2026-05-12 06:58:02,653] [    INFO][0m - [DataLoad global_step: 214] data_load_time: 0.21 ms (accumulated over 4 micro-batches)[0m
[32m[2026-05-12 06:58:04,552] [    INFO][0m - loss: 0.0005357, learning_rate: 2.931e-06, global_step: 215, current_memory_allocated: 29.91601800918579, current_memory_reserved: 34.48344039916992, max_memory_allocated: 32.04139161109924, max_memory_reserved: 34.48344039916992, interval_runtime: 1.899, interval_samples_per_second: 2.1064, interval_steps_per_second: 0.5266, global_norm: 0.5565090775489807, ppl: 1.0005358435128704, progress_or_epoch: 0.7167, cpu_used_memory: 270.97, cpu_available_memory: 1239.19[0m
[32m[2026-05-12 06:58:04,553] [    INFO][0m - [DataLoad global_step: 215] data_load_time: 0.69 ms (accumulated over 4 micro-batches)[0m
[32m[2026-05-12 06:58:06,453] [    INFO][0m - loss: 1.971e-05, learning_rate: 2.897e-06, global_step: 216, current_memory_allocated: 29.91601800918579, current_memory_reserved: 34.48344039916992, max_memory_allocated: 32.04139161109924, max_memory_reserved: 34.48344039916992, interval_runtime: 1.9, interval_samples_per_second: 2.1052, interval_steps_per_second: 0.5263, global_norm: 0.011057445779442787, ppl: 1.0000197101942434, progress_or_epoch: 0.72, cpu_used_memory: 271.0, cpu_available_memory: 1239.16[0m
[32m[2026-05-12 06:58:06,453] [    INFO][0m - [DataLoad global_step: 216] data_load_time: 0.23 ms (accumulated over 4 micro-batches)[0m
[32m[2026-05-12 06:58:08,352] [    INFO][0m - loss: 2.755e-05, learning_rate: 2.862e-06, global_step: 217, current_memory_allocated: 29.91601800918579, current_memory_reserved: 34.48344039916992, max_memory_allocated: 32.04139161109924, max_memory_reserved: 34.48344039916992, interval_runtime: 1.8988, interval_samples_per_second: 2.1066, interval_steps_per_second: 0.5267, global_norm: 0.005371422972530127, ppl: 1.0000275503795046, progress_or_epoch: 0.7233, cpu_used_memory: 270.98, cpu_available_memory: 1239.17[0m
[32m[2026-05-12 06:58:08,352] [    INFO][0m - [DataLoad global_step: 217] data_load_time: 0.22 ms (accumulated over 4 micro-batches)[0m
[32m[2026-05-12 06:58:10,252] [    INFO][0m - loss: 0.00187036, learning_rate: 2.828e-06, global_step: 218, current_memory_allocated: 29.91601800918579, current_memory_reserved: 34.48344039916992, max_memory_allocated: 32.04139161109924, max_memory_reserved: 34.48344039916992, interval_runtime: 1.9002, interval_samples_per_second: 2.105, interval_steps_per_second: 0.5262, global_norm: 0.64133620262146, ppl: 1.0018721102142716, progress_or_epoch: 0.7267, cpu_used_memory: 270.99, cpu_available_memory: 1239.17[0m
[32m[2026-05-12 06:58:10,253] [    INFO][0m - [DataLoad global_step: 218] data_load_time: 0.76 ms (accumulated over 4 micro-batches)[0m
[32m[2026-05-12 06:58:12,152] [    INFO][0m - loss: 3.165e-05, learning_rate: 2.793e-06, global_step: 219, current_memory_allocated: 29.91601800918579, current_memory_reserved: 34.48344039916992, max_memory_allocated: 32.04139161109924, max_memory_reserved: 34.48344039916992, interval_runtime: 1.8993, interval_samples_per_second: 2.106, interval_steps_per_second: 0.5265, global_norm: 0.010142967104911804, ppl: 1.0000316505008666, progress_or_epoch: 0.73, cpu_used_memory: 271.01, cpu_available_memory: 1239.15[0m
[32m[2026-05-12 06:58:12,152] [    INFO][0m - [DataLoad global_step: 219] data_load_time: 0.22 ms (accumulated over 4 micro-batches)[0m
[32m[2026-05-12 06:58:14,052] [    INFO][0m - loss: 1.389e-05, learning_rate: 2.759e-06, global_step: 220, current_memory_allocated: 29.91601800918579, current_memory_reserved: 34.48344039916992, max_memory_allocated: 32.04139161109924, max_memory_reserved: 34.48344039916992, interval_runtime: 1.8994, interval_samples_per_second: 2.1059, interval_steps_per_second: 0.5265, global_norm: 0.0015194205334410071, ppl: 1.0000138900964666, progress_or_epoch: 0.7333, cpu_used_memory: 271.02, cpu_available_memory: 1239.14[0m
[32m[2026-05-12 06:58:14,052] [    INFO][0m - [DataLoad global_step: 220] data_load_time: 0.25 ms (accumulated over 4 micro-batches)[0m
[32m[2026-05-12 06:58:15,951] [    INFO][0m - loss: 2.501e-05, learning_rate: 2.724e-06, global_step: 221, current_memory_allocated: 29.91601800918579, current_memory_reserved: 34.48344039916992, max_memory_allocated: 32.04139161109924, max_memory_reserved: 34.48344039916992, interval_runtime: 1.8992, interval_samples_per_second: 2.1062, interval_steps_per_second: 0.5266, global_norm: 0.004826655145734549, ppl: 1.0000250103127526, progress_or_epoch: 0.7367, cpu_used_memory: 271.03, cpu_available_memory: 1239.13[0m
[32m[2026-05-12 06:58:15,952] [    INFO][0m - [DataLoad global_step: 221] data_load_time: 0.23 ms (accumulated over 4 micro-batches)[0m
[32m[2026-05-12 06:58:17,851] [    INFO][0m - loss: 3.134e-05, learning_rate: 2.69e-06, global_step: 222, current_memory_allocated: 29.91601800918579, current_memory_reserved: 34.48344039916992, max_memory_allocated: 32.04139161109924, max_memory_reserved: 34.48344039916992, interval_runtime: 1.8992, interval_samples_per_second: 2.1061, interval_steps_per_second: 0.5265, global_norm: 0.016791492700576782, ppl: 1.000031340491103, progress_or_epoch: 0.74, cpu_used_memory: 271.05, cpu_available_memory: 1239.11[0m
[32m[2026-05-12 06:58:17,851] [    INFO][0m - [DataLoad global_step: 222] data_load_time: 0.25 ms (accumulated over 4 micro-batches)[0m
[32m[2026-05-12 06:58:19,751] [    INFO][0m - loss: 1.922e-05, learning_rate: 2.655e-06, global_step: 223, current_memory_allocated: 29.91601800918579, current_memory_reserved: 34.48344039916992, max_memory_allocated: 32.04139161109924, max_memory_reserved: 34.48344039916992, interval_runtime: 1.9002, interval_samples_per_second: 2.105, interval_steps_per_second: 0.5262, global_norm: 0.006199015770107508, ppl: 1.0000192201847053, progress_or_epoch: 0.7433, cpu_used_memory: 271.07, cpu_available_memory: 1239.09[0m
[32m[2026-05-12 06:58:19,751] [    INFO][0m - [DataLoad global_step: 223] data_load_time: 0.23 ms (accumulated over 4 micro-batches)[0m
[32m[2026-05-12 06:58:21,651] [    INFO][0m - loss: 2.062e-05, learning_rate: 2.621e-06, global_step: 224, current_memory_allocated: 29.91601800918579, current_memory_reserved: 34.48344039916992, max_memory_allocated: 32.04139161109924, max_memory_reserved: 34.48344039916992, interval_runtime: 1.8994, interval_samples_per_second: 2.1059, interval_steps_per_second: 0.5265, global_norm: 0.0032709985971450806, ppl: 1.0000206202125936, progress_or_epoch: 0.7467, cpu_used_memory: 271.08, cpu_available_memory: 1239.08[0m
[32m[2026-05-12 06:58:21,651] [    INFO][0m - [DataLoad global_step: 224] data_load_time: 0.22 ms (accumulated over 4 micro-batches)[0m
[32m[2026-05-12 06:58:23,551] [    INFO][0m - loss: 1.484e-05, learning_rate: 2.586e-06, global_step: 225, current_memory_allocated: 29.91601800918579, current_memory_reserved: 34.48344039916992, max_memory_allocated: 32.04139161109924, max_memory_reserved: 34.48344039916992, interval_runtime: 1.8998, interval_samples_per_second: 2.1055, interval_steps_per_second: 0.5264, global_norm: 0.0019881296902894974, ppl: 1.0000148401101134, progress_or_epoch: 0.75, cpu_used_memory: 271.1, cpu_available_memory: 1239.06[0m
[32m[2026-05-12 06:58:23,551] [    INFO][0m - [DataLoad global_step: 225] data_load_time: 0.22 ms (accumulated over 4 micro-batches)[0m
[32m[2026-05-12 06:58:25,451] [    INFO][0m - loss: 1.797e-05, learning_rate: 2.552e-06, global_step: 226, current_memory_allocated: 29.91601800918579, current_memory_reserved: 34.48344039916992, max_memory_allocated: 32.04139161109924, max_memory_reserved: 34.48344039916992, interval_runtime: 1.8997, interval_samples_per_second: 2.1056, interval_steps_per_second: 0.5264, global_norm: 0.0021716749761253595, ppl: 1.0000179701614613, progress_or_epoch: 0.7533, cpu_used_memory: 271.15, cpu_available_memory: 1239.0[0m
[32m[2026-05-12 06:58:25,451] [    INFO][0m - [DataLoad global_step: 226] data_load_time: 0.22 ms (accumulated over 4 micro-batches)[0m
[32m[2026-05-12 06:58:27,350] [    INFO][0m - loss: 2.04e-05, learning_rate: 2.517e-06, global_step: 227, current_memory_allocated: 29.91601800918579, current_memory_reserved: 34.48344039916992, max_memory_allocated: 32.04139161109924, max_memory_reserved: 34.48344039916992, interval_runtime: 1.8989, interval_samples_per_second: 2.1065, interval_steps_per_second: 0.5266, global_norm: 0.004054045770317316, ppl: 1.0000204002080815, progress_or_epoch: 0.7567, cpu_used_memory: 271.15, cpu_available_memory: 1239.01[0m
[32m[2026-05-12 06:58:27,350] [    INFO][0m - [DataLoad global_step: 227] data_load_time: 0.24 ms (accumulated over 4 micro-batches)[0m
[32m[2026-05-12 06:58:29,250] [    INFO][0m - loss: 1.515e-05, learning_rate: 2.483e-06, global_step: 228, current_memory_allocated: 29.91601800918579, current_memory_reserved: 34.48344039916992, max_memory_allocated: 32.04139161109924, max_memory_reserved: 34.48344039916992, interval_runtime: 1.8996, interval_samples_per_second: 2.1057, interval_steps_per_second: 0.5264, global_norm: 0.0023267632350325584, ppl: 1.0000151501147618, progress_or_epoch: 0.76, cpu_used_memory: 271.15, cpu_available_memory: 1239.01[0m
[32m[2026-05-12 06:58:29,250] [    INFO][0m - [DataLoad global_step: 228] data_load_time: 0.23 ms (accumulated over 4 micro-batches)[0m
[32m[2026-05-12 06:58:31,151] [    INFO][0m - loss: 1.265e-05, learning_rate: 2.448e-06, global_step: 229, current_memory_allocated: 29.91601800918579, current_memory_reserved: 34.48344039916992, max_memory_allocated: 32.04139161109924, max_memory_reserved: 34.48344039916992, interval_runtime: 1.9004, interval_samples_per_second: 2.1049, interval_steps_per_second: 0.5262, global_norm: 0.0014259101590141654, ppl: 1.0000126500800115, progress_or_epoch: 0.7633, cpu_used_memory: 271.14, cpu_available_memory: 1239.01[0m
[32m[2026-05-12 06:58:31,151] [    INFO][0m - [DataLoad global_step: 229] data_load_time: 0.21 ms (accumulated over 4 micro-batches)[0m
[32m[2026-05-12 06:58:33,051] [    INFO][0m - loss: 1.38e-05, learning_rate: 2.414e-06, global_step: 230, current_memory_allocated: 29.91601800918579, current_memory_reserved: 34.48344039916992, max_memory_allocated: 32.04139161109924, max_memory_reserved: 34.48344039916992, interval_runtime: 1.8997, interval_samples_per_second: 2.1056, interval_steps_per_second: 0.5264, global_norm: 0.00262314616702497, ppl: 1.0000138000952203, progress_or_epoch: 0.7667, cpu_used_memory: 271.16, cpu_available_memory: 1238.99[0m
[32m[2026-05-12 06:58:33,051] [    INFO][0m - [DataLoad global_step: 230] data_load_time: 0.22 ms (accumulated over 4 micro-batches)[0m
[32m[2026-05-12 06:58:34,958] [    INFO][0m - loss: 1.215e-05, learning_rate: 2.379e-06, global_step: 231, current_memory_allocated: 29.91601800918579, current_memory_reserved: 34.48344039916992, max_memory_allocated: 32.04139161109924, max_memory_reserved: 34.48344039916992, interval_runtime: 1.9069, interval_samples_per_second: 2.0977, interval_steps_per_second: 0.5244, global_norm: 0.0013592734467238188, ppl: 1.0000121500738115, progress_or_epoch: 0.77, cpu_used_memory: 271.14, cpu_available_memory: 1239.01[0m
[32m[2026-05-12 06:58:34,958] [    INFO][0m - [DataLoad global_step: 231] data_load_time: 0.23 ms (accumulated over 4 micro-batches)[0m
[32m[2026-05-12 06:58:36,861] [    INFO][0m - loss: 1.255e-05, learning_rate: 2.345e-06, global_step: 232, current_memory_allocated: 29.91601800918579, current_memory_reserved: 34.48344039916992, max_memory_allocated: 32.04139161109924, max_memory_reserved: 34.48344039916992, interval_runtime: 1.9026, interval_samples_per_second: 2.1024, interval_steps_per_second: 0.5256, global_norm: 0.001421675318852067, ppl: 1.0000125500787516, progress_or_epoch: 0.7733, cpu_used_memory: 271.17, cpu_available_memory: 1238.99[0m
[32m[2026-05-12 06:58:36,861] [    INFO][0m - [DataLoad global_step: 232] data_load_time: 0.22 ms (accumulated over 4 micro-batches)[0m
[32m[2026-05-12 06:58:38,760] [    INFO][0m - loss: 0.00080343, learning_rate: 2.31e-06, global_step: 233, current_memory_allocated: 29.91601800918579, current_memory_reserved: 34.48344039916992, max_memory_allocated: 32.04139161109924, max_memory_reserved: 34.48344039916992, interval_runtime: 1.8989, interval_samples_per_second: 2.1065, interval_steps_per_second: 0.5266, global_norm: 0.575001060962677, ppl: 1.0008037528363354, progress_or_epoch: 0.7767, cpu_used_memory: 271.16, cpu_available_memory: 1239.0[0m
[32m[2026-05-12 06:58:38,760] [    INFO][0m - [DataLoad global_step: 233] data_load_time: 0.70 ms (accumulated over 4 micro-batches)[0m
[32m[2026-05-12 06:58:40,660] [    INFO][0m - loss: 0.00255115, learning_rate: 2.276e-06, global_step: 234, current_memory_allocated: 29.91601800918579, current_memory_reserved: 34.48344039916992, max_memory_allocated: 32.04139161109924, max_memory_reserved: 34.48344039916992, interval_runtime: 1.8997, interval_samples_per_second: 2.1056, interval_steps_per_second: 0.5264, global_norm: 0.5927367210388184, ppl: 1.0025544069522303, progress_or_epoch: 0.78, cpu_used_memory: 271.17, cpu_available_memory: 1238.99[0m
[32m[2026-05-12 06:58:40,660] [    INFO][0m - [DataLoad global_step: 234] data_load_time: 0.22 ms (accumulated over 4 micro-batches)[0m
[32m[2026-05-12 06:58:42,560] [    INFO][0m - loss: 0.00029509, learning_rate: 2.241e-06, global_step: 235, current_memory_allocated: 29.91601800918579, current_memory_reserved: 34.48344039916992, max_memory_allocated: 32.04139161109924, max_memory_reserved: 34.48344039916992, interval_runtime: 1.8999, interval_samples_per_second: 2.1054, interval_steps_per_second: 0.5264, global_norm: 0.4353770613670349, ppl: 1.000295133543337, progress_or_epoch: 0.7833, cpu_used_memory: 271.17, cpu_available_memory: 1238.98[0m
[32m[2026-05-12 06:58:42,560] [    INFO][0m - [DataLoad global_step: 235] data_load_time: 0.67 ms (accumulated over 4 micro-batches)[0m
[32m[2026-05-12 06:58:44,460] [    INFO][0m - loss: 1.818e-05, learning_rate: 2.207e-06, global_step: 236, current_memory_allocated: 29.91601800918579, current_memory_reserved: 34.48344039916992, max_memory_allocated: 32.04139161109924, max_memory_reserved: 34.48344039916992, interval_runtime: 1.8997, interval_samples_per_second: 2.1056, interval_steps_per_second: 0.5264, global_norm: 0.0018622848438099027, ppl: 1.0000181801652572, progress_or_epoch: 0.7867, cpu_used_memory: 271.17, cpu_available_memory: 1238.99[0m
[32m[2026-05-12 06:58:44,460] [    INFO][0m - [DataLoad global_step: 236] data_load_time: 0.25 ms (accumulated over 4 micro-batches)[0m
[32m[2026-05-12 06:58:46,359] [    INFO][0m - loss: 2.459e-05, learning_rate: 2.172e-06, global_step: 237, current_memory_allocated: 29.91601800918579, current_memory_reserved: 34.48344039916992, max_memory_allocated: 32.04139161109924, max_memory_reserved: 34.48344039916992, interval_runtime: 1.899, interval_samples_per_second: 2.1063, interval_steps_per_second: 0.5266, global_norm: 0.003553801914677024, ppl: 1.0000245903023366, progress_or_epoch: 0.79, cpu_used_memory: 271.16, cpu_available_memory: 1239.0[0m
[32m[2026-05-12 06:58:46,360] [    INFO][0m - [DataLoad global_step: 237] data_load_time: 0.26 ms (accumulated over 4 micro-batches)[0m
[32m[2026-05-12 06:58:48,258] [    INFO][0m - loss: 4.223e-05, learning_rate: 2.138e-06, global_step: 238, current_memory_allocated: 29.91601800918579, current_memory_reserved: 34.48344039916992, max_memory_allocated: 32.04139161109924, max_memory_reserved: 34.48344039916992, interval_runtime: 1.8986, interval_samples_per_second: 2.1068, interval_steps_per_second: 0.5267, global_norm: 0.03782736882567406, ppl: 1.000042230891699, progress_or_epoch: 0.7933, cpu_used_memory: 271.2, cpu_available_memory: 1238.96[0m
[32m[2026-05-12 06:58:48,258] [    INFO][0m - [DataLoad global_step: 238] data_load_time: 0.23 ms (accumulated over 4 micro-batches)[0m
[32m[2026-05-12 06:58:50,157] [    INFO][0m - loss: 0.00101243, learning_rate: 2.103e-06, global_step: 239, current_memory_allocated: 29.91601800918579, current_memory_reserved: 34.48344039916992, max_memory_allocated: 32.04139161109924, max_memory_reserved: 34.48344039916992, interval_runtime: 1.8983, interval_samples_per_second: 2.1072, interval_steps_per_second: 0.5268, global_norm: 1.6606043577194214, ppl: 1.0010129426802554, progress_or_epoch: 0.7967, cpu_used_memory: 271.18, cpu_available_memory: 1238.98[0m
[32m[2026-05-12 06:58:50,157] [    INFO][0m - [DataLoad global_step: 239] data_load_time: 0.22 ms (accumulated over 4 micro-batches)[0m
[32m[2026-05-12 06:58:52,056] [    INFO][0m - loss: 2.114e-05, learning_rate: 2.069e-06, global_step: 240, current_memory_allocated: 29.91601800918579, current_memory_reserved: 34.48344039916992, max_memory_allocated: 32.04139161109924, max_memory_reserved: 34.48344039916992, interval_runtime: 1.8989, interval_samples_per_second: 2.1065, interval_steps_per_second: 0.5266, global_norm: 0.003692762227728963, ppl: 1.0000211402234513, progress_or_epoch: 0.8, cpu_used_memory: 271.19, cpu_available_memory: 1238.96[0m
[32m[2026-05-12 06:58:52,056] [    INFO][0m - [DataLoad global_step: 240] data_load_time: 0.23 ms (accumulated over 4 micro-batches)[0m
[32m[2026-05-12 06:58:53,956] [    INFO][0m - loss: 3.485e-05, learning_rate: 2.034e-06, global_step: 241, current_memory_allocated: 29.91601800918579, current_memory_reserved: 34.48344039916992, max_memory_allocated: 32.04139161109924, max_memory_reserved: 34.48344039916992, interval_runtime: 1.8995, interval_samples_per_second: 2.1058, interval_steps_per_second: 0.5265, global_norm: 0.021981187164783478, ppl: 1.0000348506072683, progress_or_epoch: 0.8033, cpu_used_memory: 271.17, cpu_available_memory: 1238.99[0m
[32m[2026-05-12 06:58:53,956] [    INFO][0m - [DataLoad global_step: 241] data_load_time: 0.24 ms (accumulated over 4 micro-batches)[0m
[32m[2026-05-12 06:58:55,855] [    INFO][0m - loss: 2.291e-05, learning_rate: 2e-06, global_step: 242, current_memory_allocated: 29.91601800918579, current_memory_reserved: 34.48344039916992, max_memory_allocated: 32.04139161109924, max_memory_reserved: 34.48344039916992, interval_runtime: 1.8991, interval_samples_per_second: 2.1062, interval_steps_per_second: 0.5266, global_norm: 0.004111998248845339, ppl: 1.000022910262436, progress_or_epoch: 0.8067, cpu_used_memory: 271.19, cpu_available_memory: 1238.97[0m
[32m[2026-05-12 06:58:55,855] [    INFO][0m - [DataLoad global_step: 242] data_load_time: 0.25 ms (accumulated over 4 micro-batches)[0m
[32m[2026-05-12 06:58:57,755] [    INFO][0m - loss: 0.00015557, learning_rate: 1.966e-06, global_step: 243, current_memory_allocated: 29.91601800918579, current_memory_reserved: 34.48344039916992, max_memory_allocated: 32.04139161109924, max_memory_reserved: 34.48344039916992, interval_runtime: 1.8992, interval_samples_per_second: 2.1061, interval_steps_per_second: 0.5265, global_norm: 0.1163269653916359, ppl: 1.00015558210164, progress_or_epoch: 0.81, cpu_used_memory: 271.19, cpu_available_memory: 1238.97[0m
[32m[2026-05-12 06:58:57,755] [    INFO][0m - [DataLoad global_step: 243] data_load_time: 0.22 ms (accumulated over 4 micro-batches)[0m
[32m[2026-05-12 06:58:59,654] [    INFO][0m - loss: 7.642e-05, learning_rate: 1.931e-06, global_step: 244, current_memory_allocated: 29.91601800918579, current_memory_reserved: 34.48344039916992, max_memory_allocated: 32.04139161109924, max_memory_reserved: 34.48344039916992, interval_runtime: 1.8992, interval_samples_per_second: 2.1062, interval_steps_per_second: 0.5265, global_norm: 0.03972118720412254, ppl: 1.0000764229200825, progress_or_epoch: 0.8133, cpu_used_memory: 271.18, cpu_available_memory: 1238.98[0m
[32m[2026-05-12 06:58:59,654] [    INFO][0m - [DataLoad global_step: 244] data_load_time: 0.23 ms (accumulated over 4 micro-batches)[0m
[32m[2026-05-12 06:59:01,553] [    INFO][0m - loss: 0.00015241, learning_rate: 1.897e-06, global_step: 245, current_memory_allocated: 29.91601800918579, current_memory_reserved: 34.48344039916992, max_memory_allocated: 32.04139161109924, max_memory_reserved: 34.48344039916992, interval_runtime: 1.8988, interval_samples_per_second: 2.1066, interval_steps_per_second: 0.5266, global_norm: 0.058409884572029114, ppl: 1.0001524216149942, progress_or_epoch: 0.8167, cpu_used_memory: 271.18, cpu_available_memory: 1238.98[0m
[32m[2026-05-12 06:59:01,553] [    INFO][0m - [DataLoad global_step: 245] data_load_time: 0.23 ms (accumulated over 4 micro-batches)[0m
[32m[2026-05-12 06:59:03,453] [    INFO][0m - loss: 4.009e-05, learning_rate: 1.862e-06, global_step: 246, current_memory_allocated: 29.91601800918579, current_memory_reserved: 34.48344039916992, max_memory_allocated: 32.04139161109924, max_memory_reserved: 34.48344039916992, interval_runtime: 1.8993, interval_samples_per_second: 2.1061, interval_steps_per_second: 0.5265, global_norm: 0.01208665780723095, ppl: 1.000040090803615, progress_or_epoch: 0.82, cpu_used_memory: 271.24, cpu_available_memory: 1238.91[0m
[32m[2026-05-12 06:59:03,453] [    INFO][0m - [DataLoad global_step: 246] data_load_time: 0.22 ms (accumulated over 4 micro-batches)[0m
[32m[2026-05-12 06:59:05,352] [    INFO][0m - loss: 0.00020244, learning_rate: 1.828e-06, global_step: 247, current_memory_allocated: 29.91601800918579, current_memory_reserved: 34.48344039916992, max_memory_allocated: 32.04139161109924, max_memory_reserved: 34.48344039916992, interval_runtime: 1.8991, interval_samples_per_second: 2.1063, interval_steps_per_second: 0.5266, global_norm: 0.12530599534511566, ppl: 1.0002024604923596, progress_or_epoch: 0.8233, cpu_used_memory: 271.21, cpu_available_memory: 1238.95[0m
[32m[2026-05-12 06:59:05,352] [    INFO][0m - [DataLoad global_step: 247] data_load_time: 0.23 ms (accumulated over 4 micro-batches)[0m
[32m[2026-05-12 06:59:07,252] [    INFO][0m - loss: 0.0007324, learning_rate: 1.793e-06, global_step: 248, current_memory_allocated: 29.91601800918579, current_memory_reserved: 34.48344039916992, max_memory_allocated: 32.04139161109924, max_memory_reserved: 34.48344039916992, interval_runtime: 1.899, interval_samples_per_second: 2.1064, interval_steps_per_second: 0.5266, global_norm: 1.1214275360107422, ppl: 1.0007326682703697, progress_or_epoch: 0.8267, cpu_used_memory: 271.22, cpu_available_memory: 1238.94[0m
[32m[2026-05-12 06:59:07,252] [    INFO][0m - [DataLoad global_step: 248] data_load_time: 1.45 ms (accumulated over 4 micro-batches)[0m
[32m[2026-05-12 06:59:09,150] [    INFO][0m - loss: 3.711e-05, learning_rate: 1.759e-06, global_step: 249, current_memory_allocated: 29.91601800918579, current_memory_reserved: 34.48344039916992, max_memory_allocated: 32.04139161109924, max_memory_reserved: 34.48344039916992, interval_runtime: 1.8987, interval_samples_per_second: 2.1068, interval_steps_per_second: 0.5267, global_norm: 0.014655028469860554, ppl: 1.0000371106885846, progress_or_epoch: 0.83, cpu_used_memory: 271.02, cpu_available_memory: 1239.14[0m
[32m[2026-05-12 06:59:09,151] [    INFO][0m - [DataLoad global_step: 249] data_load_time: 0.22 ms (accumulated over 4 micro-batches)[0m
[32m[2026-05-12 06:59:11,050] [    INFO][0m - loss: 2.779e-05, learning_rate: 1.724e-06, global_step: 250, current_memory_allocated: 29.91601800918579, current_memory_reserved: 34.48344039916992, max_memory_allocated: 32.04139161109924, max_memory_reserved: 34.48344039916992, interval_runtime: 1.8994, interval_samples_per_second: 2.1059, interval_steps_per_second: 0.5265, global_norm: 0.005668542347848415, ppl: 1.0000277903861456, progress_or_epoch: 0.8333, cpu_used_memory: 271.02, cpu_available_memory: 1239.14[0m
[32m[2026-05-12 06:59:11,050] [    INFO][0m - [DataLoad global_step: 250] data_load_time: 0.22 ms (accumulated over 4 micro-batches)[0m
[32m[2026-05-12 06:59:12,951] [    INFO][0m - loss: 1.772e-05, learning_rate: 1.69e-06, global_step: 251, current_memory_allocated: 29.91601800918579, current_memory_reserved: 34.48344039916992, max_memory_allocated: 32.04139161109924, max_memory_reserved: 34.48344039916992, interval_runtime: 1.9002, interval_samples_per_second: 2.1051, interval_steps_per_second: 0.5263, global_norm: 0.0027133773546665907, ppl: 1.0000177201570002, progress_or_epoch: 0.8367, cpu_used_memory: 271.01, cpu_available_memory: 1239.14[0m
[32m[2026-05-12 06:59:12,951] [    INFO][0m - [DataLoad global_step: 251] data_load_time: 0.25 ms (accumulated over 4 micro-batches)[0m
[32m[2026-05-12 06:59:14,850] [    INFO][0m - loss: 3.83e-05, learning_rate: 1.655e-06, global_step: 252, current_memory_allocated: 29.91601800918579, current_memory_reserved: 34.48344039916992, max_memory_allocated: 32.04139161109924, max_memory_reserved: 34.48344039916992, interval_runtime: 1.8992, interval_samples_per_second: 2.1061, interval_steps_per_second: 0.5265, global_norm: 0.008411196991801262, ppl: 1.0000383007334543, progress_or_epoch: 0.84, cpu_used_memory: 271.0, cpu_available_memory: 1239.16[0m
[32m[2026-05-12 06:59:14,850] [    INFO][0m - [DataLoad global_step: 252] data_load_time: 0.25 ms (accumulated over 4 micro-batches)[0m
[32m[2026-05-12 06:59:16,749] [    INFO][0m - loss: 1.847e-05, learning_rate: 1.621e-06, global_step: 253, current_memory_allocated: 29.91601800918579, current_memory_reserved: 34.48344039916992, max_memory_allocated: 32.04139161109924, max_memory_reserved: 34.48344039916992, interval_runtime: 1.8988, interval_samples_per_second: 2.1066, interval_steps_per_second: 0.5266, global_norm: 0.002864476991817355, ppl: 1.0000184701705714, progress_or_epoch: 0.8433, cpu_used_memory: 271.0, cpu_available_memory: 1239.16[0m
[32m[2026-05-12 06:59:16,749] [    INFO][0m - [DataLoad global_step: 253] data_load_time: 0.23 ms (accumulated over 4 micro-batches)[0m
[32m[2026-05-12 06:59:18,650] [    INFO][0m - loss: 1.961e-05, learning_rate: 1.586e-06, global_step: 254, current_memory_allocated: 29.91601800918579, current_memory_reserved: 34.48344039916992, max_memory_allocated: 32.04139161109924, max_memory_reserved: 34.48344039916992, interval_runtime: 1.9003, interval_samples_per_second: 2.1049, interval_steps_per_second: 0.5262, global_norm: 0.0037760776467621326, ppl: 1.0000196101922774, progress_or_epoch: 0.8467, cpu_used_memory: 271.03, cpu_available_memory: 1239.13[0m
[32m[2026-05-12 06:59:18,650] [    INFO][0m - [DataLoad global_step: 254] data_load_time: 0.23 ms (accumulated over 4 micro-batches)[0m
[32m[2026-05-12 06:59:20,551] [    INFO][0m - loss: 1.518e-05, learning_rate: 1.552e-06, global_step: 255, current_memory_allocated: 29.91601800918579, current_memory_reserved: 34.48344039916992, max_memory_allocated: 32.04139161109924, max_memory_reserved: 34.48344039916992, interval_runtime: 1.901, interval_samples_per_second: 2.1042, interval_steps_per_second: 0.526, global_norm: 0.0018383846618235111, ppl: 1.0000151801152168, progress_or_epoch: 0.85, cpu_used_memory: 271.11, cpu_available_memory: 1239.05[0m
[32m[2026-05-12 06:59:20,551] [    INFO][0m - [DataLoad global_step: 255] data_load_time: 0.22 ms (accumulated over 4 micro-batches)[0m
[32m[2026-05-12 06:59:22,451] [    INFO][0m - loss: 1.504e-05, learning_rate: 1.517e-06, global_step: 256, current_memory_allocated: 29.91601800918579, current_memory_reserved: 34.48344039916992, max_memory_allocated: 32.04139161109924, max_memory_reserved: 34.48344039916992, interval_runtime: 1.8997, interval_samples_per_second: 2.1056, interval_steps_per_second: 0.5264, global_norm: 0.001641934970393777, ppl: 1.0000150401131014, progress_or_epoch: 0.8533, cpu_used_memory: 271.24, cpu_available_memory: 1238.92[0m
[32m[2026-05-12 06:59:22,451] [    INFO][0m - [DataLoad global_step: 256] data_load_time: 0.24 ms (accumulated over 4 micro-batches)[0m
[32m[2026-05-12 06:59:24,352] [    INFO][0m - loss: 1.431e-05, learning_rate: 1.483e-06, global_step: 257, current_memory_allocated: 29.91601800918579, current_memory_reserved: 34.48344039916992, max_memory_allocated: 32.04139161109924, max_memory_reserved: 34.48344039916992, interval_runtime: 1.901, interval_samples_per_second: 2.1042, interval_steps_per_second: 0.5261, global_norm: 0.0016503700753673911, ppl: 1.0000143101023886, progress_or_epoch: 0.8567, cpu_used_memory: 271.27, cpu_available_memory: 1238.89[0m
[32m[2026-05-12 06:59:24,352] [    INFO][0m - [DataLoad global_step: 257] data_load_time: 0.21 ms (accumulated over 4 micro-batches)[0m
[32m[2026-05-12 06:59:26,252] [    INFO][0m - loss: 1.23e-05, learning_rate: 1.448e-06, global_step: 258, current_memory_allocated: 29.91601800918579, current_memory_reserved: 34.48344039916992, max_memory_allocated: 32.04139161109924, max_memory_reserved: 34.48344039916992, interval_runtime: 1.8992, interval_samples_per_second: 2.1061, interval_steps_per_second: 0.5265, global_norm: 0.0013145685661584139, ppl: 1.0000123000756453, progress_or_epoch: 0.86, cpu_used_memory: 271.33, cpu_available_memory: 1238.83[0m
[32m[2026-05-12 06:59:26,252] [    INFO][0m - [DataLoad global_step: 258] data_load_time: 0.20 ms (accumulated over 4 micro-batches)[0m
[32m[2026-05-12 06:59:28,152] [    INFO][0m - loss: 3.66e-05, learning_rate: 1.414e-06, global_step: 259, current_memory_allocated: 29.91601800918579, current_memory_reserved: 34.48344039916992, max_memory_allocated: 32.04139161109924, max_memory_reserved: 34.48344039916992, interval_runtime: 1.9, interval_samples_per_second: 2.1053, interval_steps_per_second: 0.5263, global_norm: 0.027503754943609238, ppl: 1.0000366006697883, progress_or_epoch: 0.8633, cpu_used_memory: 271.34, cpu_available_memory: 1238.82[0m
[32m[2026-05-12 06:59:28,152] [    INFO][0m - [DataLoad global_step: 259] data_load_time: 0.22 ms (accumulated over 4 micro-batches)[0m
[32m[2026-05-12 06:59:30,052] [    INFO][0m - loss: 1.382e-05, learning_rate: 1.379e-06, global_step: 260, current_memory_allocated: 29.91601800918579, current_memory_reserved: 34.48344039916992, max_memory_allocated: 32.04139161109924, max_memory_reserved: 34.48344039916992, interval_runtime: 1.8994, interval_samples_per_second: 2.106, interval_steps_per_second: 0.5265, global_norm: 0.0039083994925022125, ppl: 1.0000138200954967, progress_or_epoch: 0.8667, cpu_used_memory: 271.35, cpu_available_memory: 1238.81[0m
[32m[2026-05-12 06:59:30,052] [    INFO][0m - [DataLoad global_step: 260] data_load_time: 0.20 ms (accumulated over 4 micro-batches)[0m
[32m[2026-05-12 06:59:31,953] [    INFO][0m - loss: 1.422e-05, learning_rate: 1.345e-06, global_step: 261, current_memory_allocated: 29.91601800918579, current_memory_reserved: 34.48344039916992, max_memory_allocated: 32.04139161109924, max_memory_reserved: 34.48344039916992, interval_runtime: 1.9009, interval_samples_per_second: 2.1043, interval_steps_per_second: 0.5261, global_norm: 0.002424063393846154, ppl: 1.0000142201011046, progress_or_epoch: 0.87, cpu_used_memory: 271.34, cpu_available_memory: 1238.82[0m
[32m[2026-05-12 06:59:31,953] [    INFO][0m - [DataLoad global_step: 261] data_load_time: 0.22 ms (accumulated over 4 micro-batches)[0m
[32m[2026-05-12 06:59:33,853] [    INFO][0m - loss: 2.549e-05, learning_rate: 1.31e-06, global_step: 262, current_memory_allocated: 29.91601800918579, current_memory_reserved: 34.48344039916992, max_memory_allocated: 32.04139161109924, max_memory_reserved: 34.48344039916992, interval_runtime: 1.8999, interval_samples_per_second: 2.1054, interval_steps_per_second: 0.5264, global_norm: 0.024022676050662994, ppl: 1.0000254903248729, progress_or_epoch: 0.8733, cpu_used_memory: 271.35, cpu_available_memory: 1238.81[0m
[32m[2026-05-12 06:59:33,853] [    INFO][0m - [DataLoad global_step: 262] data_load_time: 0.21 ms (accumulated over 4 micro-batches)[0m
[32m[2026-05-12 06:59:35,752] [    INFO][0m - loss: 1.313e-05, learning_rate: 1.276e-06, global_step: 263, current_memory_allocated: 29.91601800918579, current_memory_reserved: 34.48344039916992, max_memory_allocated: 32.04139161109924, max_memory_reserved: 34.48344039916992, interval_runtime: 1.8987, interval_samples_per_second: 2.1067, interval_steps_per_second: 0.5267, global_norm: 0.0037850725930184126, ppl: 1.0000131300861987, progress_or_epoch: 0.8767, cpu_used_memory: 271.33, cpu_available_memory: 1238.83[0m
[32m[2026-05-12 06:59:35,752] [    INFO][0m - [DataLoad global_step: 263] data_load_time: 0.21 ms (accumulated over 4 micro-batches)[0m
[32m[2026-05-12 06:59:37,652] [    INFO][0m - loss: 2.367e-05, learning_rate: 1.241e-06, global_step: 264, current_memory_allocated: 29.91601800918579, current_memory_reserved: 34.48344039916992, max_memory_allocated: 32.04139161109924, max_memory_reserved: 34.48344039916992, interval_runtime: 1.8997, interval_samples_per_second: 2.1056, interval_steps_per_second: 0.5264, global_norm: 0.006072608288377523, ppl: 1.0000236702801366, progress_or_epoch: 0.88, cpu_used_memory: 271.33, cpu_available_memory: 1238.83[0m
[32m[2026-05-12 06:59:37,652] [    INFO][0m - [DataLoad global_step: 264] data_load_time: 1.09 ms (accumulated over 4 micro-batches)[0m
[32m[2026-05-12 06:59:39,559] [    INFO][0m - loss: 0.00046986, learning_rate: 1.207e-06, global_step: 265, current_memory_allocated: 29.91601800918579, current_memory_reserved: 34.48344039916992, max_memory_allocated: 32.04139161109924, max_memory_reserved: 34.48344039916992, interval_runtime: 1.907, interval_samples_per_second: 2.0975, interval_steps_per_second: 0.5244, global_norm: 1.0226824283599854, ppl: 1.0004699704015, progress_or_epoch: 0.8833, cpu_used_memory: 271.35, cpu_available_memory: 1238.81[0m
[32m[2026-05-12 06:59:39,559] [    INFO][0m - [DataLoad global_step: 265] data_load_time: 0.21 ms (accumulated over 4 micro-batches)[0m
[32m[2026-05-12 06:59:41,777] [    INFO][0m - loss: 3.69e-05, learning_rate: 1.172e-06, global_step: 266, current_memory_allocated: 29.91601800918579, current_memory_reserved: 34.48344039916992, max_memory_allocated: 32.04139161109924, max_memory_reserved: 34.48344039916992, interval_runtime: 2.218, interval_samples_per_second: 1.8034, interval_steps_per_second: 0.4509, global_norm: 0.02624206244945526, ppl: 1.0000369006808134, progress_or_epoch: 0.8867, cpu_used_memory: 271.27, cpu_available_memory: 1238.89[0m
[32m[2026-05-12 06:59:41,778] [    INFO][0m - [DataLoad global_step: 266] data_load_time: 0.21 ms (accumulated over 4 micro-batches)[0m
[32m[2026-05-12 06:59:43,677] [    INFO][0m - loss: 6.07e-05, learning_rate: 1.138e-06, global_step: 267, current_memory_allocated: 29.91601800918579, current_memory_reserved: 34.48344039916992, max_memory_allocated: 32.04139161109924, max_memory_reserved: 34.48344039916992, interval_runtime: 1.8989, interval_samples_per_second: 2.1065, interval_steps_per_second: 0.5266, global_norm: 0.03700152039527893, ppl: 1.0000607018422822, progress_or_epoch: 0.89, cpu_used_memory: 271.29, cpu_available_memory: 1238.87[0m
[32m[2026-05-12 06:59:43,677] [    INFO][0m - [DataLoad global_step: 267] data_load_time: 0.23 ms (accumulated over 4 micro-batches)[0m
[32m[2026-05-12 06:59:45,577] [    INFO][0m - loss: 5.846e-05, learning_rate: 1.103e-06, global_step: 268, current_memory_allocated: 29.91601800918579, current_memory_reserved: 34.48344039916992, max_memory_allocated: 32.04139161109924, max_memory_reserved: 34.48344039916992, interval_runtime: 1.9001, interval_samples_per_second: 2.1052, interval_steps_per_second: 0.5263, global_norm: 0.05729445815086365, ppl: 1.000058461708819, progress_or_epoch: 0.8933, cpu_used_memory: 271.27, cpu_available_memory: 1238.89[0m
[32m[2026-05-12 06:59:45,577] [    INFO][0m - [DataLoad global_step: 268] data_load_time: 0.24 ms (accumulated over 4 micro-batches)[0m
[32m[2026-05-12 06:59:47,476] [    INFO][0m - loss: 0.00214182, learning_rate: 1.069e-06, global_step: 269, current_memory_allocated: 29.91601800918579, current_memory_reserved: 34.48344039916992, max_memory_allocated: 32.04139161109924, max_memory_reserved: 34.48344039916992, interval_runtime: 1.8988, interval_samples_per_second: 2.1066, interval_steps_per_second: 0.5266, global_norm: 0.3158819079399109, ppl: 1.0021441153348951, progress_or_epoch: 0.8967, cpu_used_memory: 271.23, cpu_available_memory: 1238.93[0m
[32m[2026-05-12 06:59:47,476] [    INFO][0m - [DataLoad global_step: 269] data_load_time: 0.23 ms (accumulated over 4 micro-batches)[0m
[32m[2026-05-12 06:59:49,376] [    INFO][0m - loss: 1.531e-05, learning_rate: 1.034e-06, global_step: 270, current_memory_allocated: 29.91601800918579, current_memory_reserved: 34.48344039916992, max_memory_allocated: 32.04139161109924, max_memory_reserved: 34.48344039916992, interval_runtime: 1.8994, interval_samples_per_second: 2.106, interval_steps_per_second: 0.5265, global_norm: 0.001699365908280015, ppl: 1.0000153101171987, progress_or_epoch: 0.9, cpu_used_memory: 271.22, cpu_available_memory: 1238.94[0m
[32m[2026-05-12 06:59:49,376] [    INFO][0m - [DataLoad global_step: 270] data_load_time: 0.22 ms (accumulated over 4 micro-batches)[0m
[32m[2026-05-12 06:59:51,276] [    INFO][0m - loss: 2.397e-05, learning_rate: 1e-06, global_step: 271, current_memory_allocated: 29.91601800918579, current_memory_reserved: 34.48344039916992, max_memory_allocated: 32.04139161109924, max_memory_reserved: 34.48344039916992, interval_runtime: 1.9003, interval_samples_per_second: 2.105, interval_steps_per_second: 0.5262, global_norm: 0.0049211508594453335, ppl: 1.0000239702872828, progress_or_epoch: 0.9033, cpu_used_memory: 271.21, cpu_available_memory: 1238.95[0m
[32m[2026-05-12 06:59:51,276] [    INFO][0m - [DataLoad global_step: 271] data_load_time: 0.22 ms (accumulated over 4 micro-batches)[0m
[32m[2026-05-12 06:59:53,175] [    INFO][0m - loss: 1.908e-05, learning_rate: 9.655e-07, global_step: 272, current_memory_allocated: 29.91601800918579, current_memory_reserved: 34.48344039916992, max_memory_allocated: 32.04139161109924, max_memory_reserved: 34.48344039916992, interval_runtime: 1.899, interval_samples_per_second: 2.1064, interval_steps_per_second: 0.5266, global_norm: 0.002007163129746914, ppl: 1.0000190801820243, progress_or_epoch: 0.9067, cpu_used_memory: 271.21, cpu_available_memory: 1238.95[0m
[32m[2026-05-12 06:59:53,176] [    INFO][0m - [DataLoad global_step: 272] data_load_time: 0.22 ms (accumulated over 4 micro-batches)[0m
[32m[2026-05-12 06:59:55,075] [    INFO][0m - loss: 3.166e-05, learning_rate: 9.31e-07, global_step: 273, current_memory_allocated: 29.91601800918579, current_memory_reserved: 34.48344039916992, max_memory_allocated: 32.04139161109924, max_memory_reserved: 34.48344039916992, interval_runtime: 1.8996, interval_samples_per_second: 2.1057, interval_steps_per_second: 0.5264, global_norm: 0.009622318670153618, ppl: 1.0000316605011832, progress_or_epoch: 0.91, cpu_used_memory: 271.19, cpu_available_memory: 1238.97[0m
[32m[2026-05-12 06:59:55,075] [    INFO][0m - [DataLoad global_step: 273] data_load_time: 0.22 ms (accumulated over 4 micro-batches)[0m
[32m[2026-05-12 06:59:56,976] [    INFO][0m - loss: 1.612e-05, learning_rate: 8.966e-07, global_step: 274, current_memory_allocated: 29.91601800918579, current_memory_reserved: 34.48344039916992, max_memory_allocated: 32.04139161109924, max_memory_reserved: 34.48344039916992, interval_runtime: 1.9, interval_samples_per_second: 2.1052, interval_steps_per_second: 0.5263, global_norm: 0.001655317610129714, ppl: 1.0000161201299278, progress_or_epoch: 0.9133, cpu_used_memory: 271.19, cpu_available_memory: 1238.97[0m
[32m[2026-05-12 06:59:56,976] [    INFO][0m - [DataLoad global_step: 274] data_load_time: 0.20 ms (accumulated over 4 micro-batches)[0m
[32m[2026-05-12 06:59:58,875] [    INFO][0m - loss: 2.822e-05, learning_rate: 8.621e-07, global_step: 275, current_memory_allocated: 29.91601800918579, current_memory_reserved: 34.48344039916992, max_memory_allocated: 32.04139161109924, max_memory_reserved: 34.48344039916992, interval_runtime: 1.8988, interval_samples_per_second: 2.1066, interval_steps_per_second: 0.5266, global_norm: 0.005517188459634781, ppl: 1.0000282203981878, progress_or_epoch: 0.9167, cpu_used_memory: 271.18, cpu_available_memory: 1238.98[0m
[32m[2026-05-12 06:59:58,875] [    INFO][0m - [DataLoad global_step: 275] data_load_time: 0.21 ms (accumulated over 4 micro-batches)[0m
[32m[2026-05-12 07:00:00,775] [    INFO][0m - loss: 1.68e-05, learning_rate: 8.276e-07, global_step: 276, current_memory_allocated: 29.91601800918579, current_memory_reserved: 34.48344039916992, max_memory_allocated: 32.04139161109924, max_memory_reserved: 34.48344039916992, interval_runtime: 1.8996, interval_samples_per_second: 2.1057, interval_steps_per_second: 0.5264, global_norm: 0.0018099382286891341, ppl: 1.0000168001411207, progress_or_epoch: 0.92, cpu_used_memory: 271.17, cpu_available_memory: 1238.98[0m
[32m[2026-05-12 07:00:00,775] [    INFO][0m - [DataLoad global_step: 276] data_load_time: 0.21 ms (accumulated over 4 micro-batches)[0m
[32m[2026-05-12 07:00:02,675] [    INFO][0m - loss: 2.386e-05, learning_rate: 7.931e-07, global_step: 277, current_memory_allocated: 29.91601800918579, current_memory_reserved: 34.48344039916992, max_memory_allocated: 32.04139161109924, max_memory_reserved: 34.48344039916992, interval_runtime: 1.9002, interval_samples_per_second: 2.1051, interval_steps_per_second: 0.5263, global_norm: 0.0075216335244476795, ppl: 1.000023860284652, progress_or_epoch: 0.9233, cpu_used_memory: 271.21, cpu_available_memory: 1238.94[0m
[32m[2026-05-12 07:00:02,675] [    INFO][0m - [DataLoad global_step: 277] data_load_time: 0.20 ms (accumulated over 4 micro-batches)[0m
[32m[2026-05-12 07:00:04,574] [    INFO][0m - loss: 1.39e-05, learning_rate: 7.586e-07, global_step: 278, current_memory_allocated: 29.91601800918579, current_memory_reserved: 34.48344039916992, max_memory_allocated: 32.04139161109924, max_memory_reserved: 34.48344039916992, interval_runtime: 1.8988, interval_samples_per_second: 2.1065, interval_steps_per_second: 0.5266, global_norm: 0.0014876375207677484, ppl: 1.0000139000966055, progress_or_epoch: 0.9267, cpu_used_memory: 271.22, cpu_available_memory: 1238.94[0m
[32m[2026-05-12 07:00:04,574] [    INFO][0m - [DataLoad global_step: 278] data_load_time: 0.23 ms (accumulated over 4 micro-batches)[0m
[32m[2026-05-12 07:00:06,474] [    INFO][0m - loss: 1.49e-05, learning_rate: 7.241e-07, global_step: 279, current_memory_allocated: 29.91601800918579, current_memory_reserved: 34.48344039916992, max_memory_allocated: 32.04139161109924, max_memory_reserved: 34.48344039916992, interval_runtime: 1.8998, interval_samples_per_second: 2.1055, interval_steps_per_second: 0.5264, global_norm: 0.0016021601622924209, ppl: 1.0000149001110055, progress_or_epoch: 0.93, cpu_used_memory: 271.27, cpu_available_memory: 1238.89[0m
[32m[2026-05-12 07:00:06,474] [    INFO][0m - [DataLoad global_step: 279] data_load_time: 0.25 ms (accumulated over 4 micro-batches)[0m
[32m[2026-05-12 07:00:08,374] [    INFO][0m - loss: 3.572e-05, learning_rate: 6.897e-07, global_step: 280, current_memory_allocated: 29.91601800918579, current_memory_reserved: 34.48344039916992, max_memory_allocated: 32.04139161109924, max_memory_reserved: 34.48344039916992, interval_runtime: 1.8991, interval_samples_per_second: 2.1062, interval_steps_per_second: 0.5266, global_norm: 0.010970421135425568, ppl: 1.0000357206379669, progress_or_epoch: 0.9333, cpu_used_memory: 271.28, cpu_available_memory: 1238.88[0m
[32m[2026-05-12 07:00:08,374] [    INFO][0m - [DataLoad global_step: 280] data_load_time: 0.23 ms (accumulated over 4 micro-batches)[0m
[32m[2026-05-12 07:00:10,273] [    INFO][0m - loss: 2.602e-05, learning_rate: 6.552e-07, global_step: 281, current_memory_allocated: 29.91601800918579, current_memory_reserved: 34.48344039916992, max_memory_allocated: 32.04139161109924, max_memory_reserved: 34.48344039916992, interval_runtime: 1.8992, interval_samples_per_second: 2.1061, interval_steps_per_second: 0.5265, global_norm: 0.005915156099945307, ppl: 1.0000260203385232, progress_or_epoch: 0.9367, cpu_used_memory: 271.27, cpu_available_memory: 1238.89[0m
[32m[2026-05-12 07:00:10,273] [    INFO][0m - [DataLoad global_step: 281] data_load_time: 0.22 ms (accumulated over 4 micro-batches)[0m
[32m[2026-05-12 07:00:12,173] [    INFO][0m - loss: 1.832e-05, learning_rate: 6.207e-07, global_step: 282, current_memory_allocated: 29.91601800918579, current_memory_reserved: 34.48344039916992, max_memory_allocated: 32.04139161109924, max_memory_reserved: 34.48344039916992, interval_runtime: 1.8994, interval_samples_per_second: 2.106, interval_steps_per_second: 0.5265, global_norm: 0.002734564943239093, ppl: 1.0000183201678123, progress_or_epoch: 0.94, cpu_used_memory: 271.27, cpu_available_memory: 1238.89[0m
[32m[2026-05-12 07:00:12,173] [    INFO][0m - [DataLoad global_step: 282] data_load_time: 0.22 ms (accumulated over 4 micro-batches)[0m
[32m[2026-05-12 07:00:14,074] [    INFO][0m - loss: 0.00060225, learning_rate: 5.862e-07, global_step: 283, current_memory_allocated: 29.91601800918579, current_memory_reserved: 34.48344039916992, max_memory_allocated: 32.04139161109924, max_memory_reserved: 34.48344039916992, interval_runtime: 1.9007, interval_samples_per_second: 2.1045, interval_steps_per_second: 0.5261, global_norm: 0.18648380041122437, ppl: 1.0006024313889432, progress_or_epoch: 0.9433, cpu_used_memory: 271.26, cpu_available_memory: 1238.9[0m
[32m[2026-05-12 07:00:14,074] [    INFO][0m - [DataLoad global_step: 283] data_load_time: 0.25 ms (accumulated over 4 micro-batches)[0m
[32m[2026-05-12 07:00:15,974] [    INFO][0m - loss: 1.865e-05, learning_rate: 5.517e-07, global_step: 284, current_memory_allocated: 29.91601800918579, current_memory_reserved: 34.48344039916992, max_memory_allocated: 32.04139161109924, max_memory_reserved: 34.48344039916992, interval_runtime: 1.8997, interval_samples_per_second: 2.1056, interval_steps_per_second: 0.5264, global_norm: 0.002702472498640418, ppl: 1.0000186501739123, progress_or_epoch: 0.9467, cpu_used_memory: 271.28, cpu_available_memory: 1238.88[0m
[32m[2026-05-12 07:00:15,974] [    INFO][0m - [DataLoad global_step: 284] data_load_time: 0.24 ms (accumulated over 4 micro-batches)[0m
[32m[2026-05-12 07:00:17,872] [    INFO][0m - loss: 2.012e-05, learning_rate: 5.172e-07, global_step: 285, current_memory_allocated: 29.91601800918579, current_memory_reserved: 34.48344039916992, max_memory_allocated: 32.04139161109924, max_memory_reserved: 34.48344039916992, interval_runtime: 1.8985, interval_samples_per_second: 2.1069, interval_steps_per_second: 0.5267, global_norm: 0.0023868561256676912, ppl: 1.0000201202024086, progress_or_epoch: 0.95, cpu_used_memory: 271.2, cpu_available_memory: 1238.96[0m
[32m[2026-05-12 07:00:17,873] [    INFO][0m - [DataLoad global_step: 285] data_load_time: 0.21 ms (accumulated over 4 micro-batches)[0m
[32m[2026-05-12 07:00:19,771] [    INFO][0m - loss: 1.332e-05, learning_rate: 4.828e-07, global_step: 286, current_memory_allocated: 29.91601800918579, current_memory_reserved: 34.48344039916992, max_memory_allocated: 32.04139161109924, max_memory_reserved: 34.48344039916992, interval_runtime: 1.8984, interval_samples_per_second: 2.1071, interval_steps_per_second: 0.5268, global_norm: 0.0015974203124642372, ppl: 1.0000133200887116, progress_or_epoch: 0.9533, cpu_used_memory: 271.23, cpu_available_memory: 1238.93[0m
[32m[2026-05-12 07:00:19,771] [    INFO][0m - [DataLoad global_step: 286] data_load_time: 0.20 ms (accumulated over 4 micro-batches)[0m
[32m[2026-05-12 07:00:21,733] [    INFO][0m - loss: 0.00108825, learning_rate: 4.483e-07, global_step: 287, current_memory_allocated: 29.91601800918579, current_memory_reserved: 34.48344039916992, max_memory_allocated: 32.04139161109924, max_memory_reserved: 34.48344039916992, interval_runtime: 1.9616, interval_samples_per_second: 2.0391, interval_steps_per_second: 0.5098, global_norm: 0.22717377543449402, ppl: 1.00108884235889, progress_or_epoch: 0.9567, cpu_used_memory: 271.26, cpu_available_memory: 1238.9[0m
[32m[2026-05-12 07:00:21,733] [    INFO][0m - [DataLoad global_step: 287] data_load_time: 0.21 ms (accumulated over 4 micro-batches)[0m
[32m[2026-05-12 07:00:23,632] [    INFO][0m - loss: 1.17e-05, learning_rate: 4.138e-07, global_step: 288, current_memory_allocated: 29.91601800918579, current_memory_reserved: 34.48344039916992, max_memory_allocated: 32.04139161109924, max_memory_reserved: 34.48344039916992, interval_runtime: 1.8989, interval_samples_per_second: 2.1065, interval_steps_per_second: 0.5266, global_norm: 0.0017646821215748787, ppl: 1.0000117000684452, progress_or_epoch: 0.96, cpu_used_memory: 271.27, cpu_available_memory: 1238.89[0m
[32m[2026-05-12 07:00:23,632] [    INFO][0m - [DataLoad global_step: 288] data_load_time: 0.21 ms (accumulated over 4 micro-batches)[0m
[32m[2026-05-12 07:00:25,531] [    INFO][0m - loss: 1.06e-05, learning_rate: 3.793e-07, global_step: 289, current_memory_allocated: 29.91601800918579, current_memory_reserved: 34.48344039916992, max_memory_allocated: 32.04139161109924, max_memory_reserved: 34.48344039916992, interval_runtime: 1.8988, interval_samples_per_second: 2.1066, interval_steps_per_second: 0.5267, global_norm: 0.001066575525328517, ppl: 1.0000106000561801, progress_or_epoch: 0.9633, cpu_used_memory: 271.24, cpu_available_memory: 1238.91[0m
[32m[2026-05-12 07:00:25,531] [    INFO][0m - [DataLoad global_step: 289] data_load_time: 0.68 ms (accumulated over 4 micro-batches)[0m
[32m[2026-05-12 07:00:27,430] [    INFO][0m - loss: 8.61e-06, learning_rate: 3.448e-07, global_step: 290, current_memory_allocated: 29.91601800918579, current_memory_reserved: 34.48344039916992, max_memory_allocated: 32.04139161109924, max_memory_reserved: 34.48344039916992, interval_runtime: 1.8989, interval_samples_per_second: 2.1064, interval_steps_per_second: 0.5266, global_norm: 0.0010288767516613007, ppl: 1.0000086100370662, progress_or_epoch: 0.9667, cpu_used_memory: 271.26, cpu_available_memory: 1238.9[0m
[32m[2026-05-12 07:00:27,431] [    INFO][0m - [DataLoad global_step: 290] data_load_time: 0.20 ms (accumulated over 4 micro-batches)[0m
[32m[2026-05-12 07:00:29,329] [    INFO][0m - loss: 1.262e-05, learning_rate: 3.103e-07, global_step: 291, current_memory_allocated: 29.91601800918579, current_memory_reserved: 34.48344039916992, max_memory_allocated: 32.04139161109924, max_memory_reserved: 34.48344039916992, interval_runtime: 1.8983, interval_samples_per_second: 2.1071, interval_steps_per_second: 0.5268, global_norm: 0.003523927880451083, ppl: 1.0000126200796324, progress_or_epoch: 0.97, cpu_used_memory: 271.26, cpu_available_memory: 1238.9[0m
[32m[2026-05-12 07:00:29,329] [    INFO][0m - [DataLoad global_step: 291] data_load_time: 0.22 ms (accumulated over 4 micro-batches)[0m
[32m[2026-05-12 07:00:31,229] [    INFO][0m - loss: 1.203e-05, learning_rate: 2.759e-07, global_step: 292, current_memory_allocated: 29.91601800918579, current_memory_reserved: 34.48344039916992, max_memory_allocated: 32.04139161109924, max_memory_reserved: 34.48344039916992, interval_runtime: 1.8997, interval_samples_per_second: 2.1056, interval_steps_per_second: 0.5264, global_norm: 0.004464326426386833, ppl: 1.0000120300723607, progress_or_epoch: 0.9733, cpu_used_memory: 271.34, cpu_available_memory: 1238.82[0m
[32m[2026-05-12 07:00:31,229] [    INFO][0m - [DataLoad global_step: 292] data_load_time: 0.22 ms (accumulated over 4 micro-batches)[0m
[32m[2026-05-12 07:00:33,128] [    INFO][0m - loss: 1.347e-05, learning_rate: 2.414e-07, global_step: 293, current_memory_allocated: 29.91601800918579, current_memory_reserved: 34.48344039916992, max_memory_allocated: 32.04139161109924, max_memory_reserved: 34.48344039916992, interval_runtime: 1.8988, interval_samples_per_second: 2.1066, interval_steps_per_second: 0.5266, global_norm: 0.008207482285797596, ppl: 1.0000134700907208, progress_or_epoch: 0.9767, cpu_used_memory: 271.32, cpu_available_memory: 1238.84[0m
[32m[2026-05-12 07:00:33,128] [    INFO][0m - [DataLoad global_step: 293] data_load_time: 0.22 ms (accumulated over 4 micro-batches)[0m
[32m[2026-05-12 07:00:35,030] [    INFO][0m - loss: 1.276e-05, learning_rate: 2.069e-07, global_step: 294, current_memory_allocated: 29.91601800918579, current_memory_reserved: 34.48344039916992, max_memory_allocated: 32.04139161109924, max_memory_reserved: 34.48344039916992, interval_runtime: 1.9019, interval_samples_per_second: 2.1031, interval_steps_per_second: 0.5258, global_norm: 0.0013894166331738234, ppl: 1.000012760081409, progress_or_epoch: 0.98, cpu_used_memory: 271.32, cpu_available_memory: 1238.84[0m
[32m[2026-05-12 07:00:35,031] [    INFO][0m - [DataLoad global_step: 294] data_load_time: 0.85 ms (accumulated over 4 micro-batches)[0m
[32m[2026-05-12 07:00:36,930] [    INFO][0m - loss: 9.89e-06, learning_rate: 1.724e-07, global_step: 295, current_memory_allocated: 29.91601800918579, current_memory_reserved: 34.48344039916992, max_memory_allocated: 32.04139161109924, max_memory_reserved: 34.48344039916992, interval_runtime: 1.8996, interval_samples_per_second: 2.1057, interval_steps_per_second: 0.5264, global_norm: 0.0009982037590816617, ppl: 1.0000098900489063, progress_or_epoch: 0.9833, cpu_used_memory: 271.34, cpu_available_memory: 1238.82[0m
[32m[2026-05-12 07:00:36,930] [    INFO][0m - [DataLoad global_step: 295] data_load_time: 0.21 ms (accumulated over 4 micro-batches)[0m
[32m[2026-05-12 07:00:38,829] [    INFO][0m - loss: 1.313e-05, learning_rate: 1.379e-07, global_step: 296, current_memory_allocated: 29.91601800918579, current_memory_reserved: 34.48344039916992, max_memory_allocated: 32.04139161109924, max_memory_reserved: 34.48344039916992, interval_runtime: 1.8985, interval_samples_per_second: 2.1069, interval_steps_per_second: 0.5267, global_norm: 0.0014714483404532075, ppl: 1.0000131300861987, progress_or_epoch: 0.9867, cpu_used_memory: 271.34, cpu_available_memory: 1238.82[0m
[32m[2026-05-12 07:00:38,829] [    INFO][0m - [DataLoad global_step: 296] data_load_time: 0.22 ms (accumulated over 4 micro-batches)[0m
[32m[2026-05-12 07:00:40,729] [    INFO][0m - loss: 1.28e-05, learning_rate: 1.034e-07, global_step: 297, current_memory_allocated: 29.91601800918579, current_memory_reserved: 34.48344039916992, max_memory_allocated: 32.04139161109924, max_memory_reserved: 34.48344039916992, interval_runtime: 1.899, interval_samples_per_second: 2.1064, interval_steps_per_second: 0.5266, global_norm: 0.0016611508326604962, ppl: 1.0000128000819204, progress_or_epoch: 0.99, cpu_used_memory: 271.28, cpu_available_memory: 1238.88[0m
[32m[2026-05-12 07:00:40,729] [    INFO][0m - [DataLoad global_step: 297] data_load_time: 0.21 ms (accumulated over 4 micro-batches)[0m
[33m[2026-05-12 07:00:40,772] [ WARNING][0m - [SKIP] data is deleted by truncation strategy: <|begin_of_text|><|start_header_id|>user<|end_head...[0m
[32m[2026-05-12 07:00:42,640] [    INFO][0m - loss: 1.283e-05, learning_rate: 6.897e-08, global_step: 298, current_memory_allocated: 29.91601800918579, current_memory_reserved: 34.48344039916992, max_memory_allocated: 32.04139161109924, max_memory_reserved: 34.48344039916992, interval_runtime: 1.9111, interval_samples_per_second: 2.0931, interval_steps_per_second: 0.5233, global_norm: 0.0018116323044523597, ppl: 1.0000128300823048, progress_or_epoch: 0.9933, cpu_used_memory: 271.31, cpu_available_memory: 1238.85[0m
[32m[2026-05-12 07:00:42,640] [    INFO][0m - [DataLoad global_step: 298] data_load_time: 0.23 ms (accumulated over 4 micro-batches)[0m
[32m[2026-05-12 07:00:44,780] [    INFO][0m - loss: 1.919e-05, learning_rate: 3.448e-08, global_step: 299, current_memory_allocated: 29.91601800918579, current_memory_reserved: 34.48344039916992, max_memory_allocated: 32.04139161109924, max_memory_reserved: 34.48344039916992, interval_runtime: 2.1399, interval_samples_per_second: 1.8693, interval_steps_per_second: 0.4673, global_norm: 0.02184404619038105, ppl: 1.0000191901841293, progress_or_epoch: 0.9967, cpu_used_memory: 271.32, cpu_available_memory: 1238.84[0m
[32m[2026-05-12 07:00:44,780] [    INFO][0m - [DataLoad global_step: 299] data_load_time: 0.20 ms (accumulated over 4 micro-batches)[0m
[32m[2026-05-12 07:00:46,936] [    INFO][0m - loss: 0.00124118, learning_rate: 0.0, global_step: 300, current_memory_allocated: 29.91601800918579, current_memory_reserved: 34.48344039916992, max_memory_allocated: 32.04139161109924, max_memory_reserved: 34.48344039916992, interval_runtime: 2.1559, interval_samples_per_second: 1.8553, interval_steps_per_second: 0.4638, global_norm: 0.47998911142349243, ppl: 1.0012419505826737, progress_or_epoch: 1.0, cpu_used_memory: 271.33, cpu_available_memory: 1238.82[0m
[32m[2026-05-12 07:00:46,936] [    INFO][0m - ***** Running Evaluation *****[0m
[32m[2026-05-12 07:00:46,937] [    INFO][0m -   Num examples: Unknown[0m
[32m[2026-05-12 07:00:46,937] [    INFO][0m -   Pre device batch size = 1[0m
[32m[2026-05-12 07:00:46,937] [    INFO][0m -   Total Batch size = 1[0m
[32m[2026-05-12 07:00:46,938] [    INFO][0m - Using binpacking mode for data iteration.[0m
[33m[2026-05-12 07:01:03,382] [ WARNING][0m - [SKIP] data is deleted by truncation strategy: <|begin_of_text|><|start_header_id|>user<|end_head...[0m
[32m[2026-05-12 07:01:27,764] [    INFO][0m - eval_loss: 0.00026384429656900465, eval_runtime: 40.8269, eval_samples_per_second: 60.8422, eval_steps_per_second: 60.8422, eval_ppl: 1.0002638791065368, progress_or_epoch: 1.0, cpu_used_memory: 271.53, cpu_available_memory: 1238.63[0m
[32m[2026-05-12 07:01:27,765] [    INFO][0m - [DataLoad global_step: 300] data_load_time: 0.22 ms (accumulated over 4 micro-batches)[0m
[32m[2026-05-12 07:01:27,765] [    INFO][0m - 
Training completed. 
[0m
[32m[2026-05-12 07:01:27,766] [    INFO][0m - train_runtime: 616.9631, train_samples_per_second: 1.945, train_steps_per_second: 0.4863, train_loss: 0.002960898702325115, progress_or_epoch: 1.0, cpu_used_memory: 271.53, cpu_available_memory: 1238.63[0m
[32m[2026-05-12 07:01:27,766] [    INFO][0m - Saving model checkpoint to ./checkpoints/sft/llama3-8b[0m
[32m[2026-05-12 07:01:28,134] [    INFO][0m - [Rank 0/4] (Saver) Initializing save. Max shard size set to: 10.00 GB[0m
[32m[2026-05-12 07:01:28,134] [    INFO][0m - [Rank 0/4] Starting to process the weight iterator...[0m
[32m[2026-05-12 07:01:28,218] [    INFO][0m - [Rank 0/4] Assigned to store parameter model.embed_tokens.weight[0m
[32m[2026-05-12 07:01:29,612] [    INFO][0m - [Rank 0/4] Assigned to store parameter model.layers.0.self_attn.o_proj.weight[0m
[32m[2026-05-12 07:01:29,964] [    INFO][0m - [Rank 0/4] Assigned to store parameter model.layers.0.input_layernorm.weight[0m
[32m[2026-05-12 07:01:30,127] [    INFO][0m - [Rank 0/4] Assigned to store parameter model.layers.1.self_attn.v_proj.weight[0m
[32m[2026-05-12 07:01:30,483] [    INFO][0m - [Rank 0/4] Assigned to store parameter model.layers.1.mlp.down_proj.weight[0m
[32m[2026-05-12 07:01:30,677] [    INFO][0m - [Rank 0/4] Assigned to store parameter model.layers.2.self_attn.k_proj.weight[0m
[32m[2026-05-12 07:01:30,893] [    INFO][0m - [Rank 0/4] Assigned to store parameter model.layers.2.mlp.up_proj.weight[0m
[32m[2026-05-12 07:01:31,196] [    INFO][0m - [Rank 0/4] Assigned to store parameter model.layers.3.self_attn.q_proj.weight[0m
[32m[2026-05-12 07:01:31,311] [    INFO][0m - [Rank 0/4] Assigned to store parameter model.layers.3.mlp.gate_proj.weight[0m
[32m[2026-05-12 07:01:31,615] [    INFO][0m - [Rank 0/4] Assigned to store parameter model.layers.3.post_attention_layernorm.weight[0m
[32m[2026-05-12 07:01:31,792] [    INFO][0m - [Rank 0/4] Assigned to store parameter model.layers.4.self_attn.o_proj.weight[0m
[32m[2026-05-12 07:01:32,143] [    INFO][0m - [Rank 0/4] Assigned to store parameter model.layers.4.input_layernorm.weight[0m
[32m[2026-05-12 07:01:32,307] [    INFO][0m - [Rank 0/4] Assigned to store parameter model.layers.5.self_attn.v_proj.weight[0m
[32m[2026-05-12 07:01:32,659] [    INFO][0m - [Rank 0/4] Assigned to store parameter model.layers.5.mlp.down_proj.weight[0m
[32m[2026-05-12 07:01:32,853] [    INFO][0m - [Rank 0/4] Assigned to store parameter model.layers.6.self_attn.k_proj.weight[0m
[32m[2026-05-12 07:01:33,073] [    INFO][0m - [Rank 0/4] Assigned to store parameter model.layers.6.mlp.up_proj.weight[0m
[32m[2026-05-12 07:01:33,373] [    INFO][0m - [Rank 0/4] Assigned to store parameter model.layers.7.self_attn.q_proj.weight[0m
[32m[2026-05-12 07:01:33,485] [    INFO][0m - [Rank 0/4] Assigned to store parameter model.layers.7.mlp.gate_proj.weight[0m
[32m[2026-05-12 07:01:33,785] [    INFO][0m - [Rank 0/4] Assigned to store parameter model.layers.7.post_attention_layernorm.weight[0m
[32m[2026-05-12 07:01:33,958] [    INFO][0m - [Rank 0/4] Assigned to store parameter model.layers.8.self_attn.o_proj.weight[0m
[32m[2026-05-12 07:01:34,302] [    INFO][0m - [Rank 0/4] Assigned to store parameter model.layers.8.input_layernorm.weight[0m
[32m[2026-05-12 07:01:34,463] [    INFO][0m - [Rank 0/4] Assigned to store parameter model.layers.9.self_attn.v_proj.weight[0m
[32m[2026-05-12 07:01:34,819] [    INFO][0m - [Rank 0/4] Assigned to store parameter model.layers.9.mlp.down_proj.weight[0m
[32m[2026-05-12 07:01:35,013] [    INFO][0m - [Rank 0/4] Assigned to store parameter model.layers.10.self_attn.k_proj.weight[0m
[32m[2026-05-12 07:01:35,234] [    INFO][0m - [Rank 0/4] Assigned to store parameter model.layers.10.mlp.up_proj.weight[0m
[32m[2026-05-12 07:01:35,533] [    INFO][0m - [Rank 0/4] Assigned to store parameter model.layers.11.self_attn.q_proj.weight[0m
[32m[2026-05-12 07:01:35,646] [    INFO][0m - [Rank 0/4] Assigned to store parameter model.layers.11.mlp.gate_proj.weight[0m
[32m[2026-05-12 07:01:35,947] [    INFO][0m - [Rank 0/4] Assigned to store parameter model.layers.11.post_attention_layernorm.weight[0m
[32m[2026-05-12 07:01:36,120] [    INFO][0m - [Rank 0/4] Assigned to store parameter model.layers.12.self_attn.o_proj.weight[0m
[32m[2026-05-12 07:01:36,476] [    INFO][0m - [Rank 0/4] Assigned to store parameter model.layers.12.input_layernorm.weight[0m
[32m[2026-05-12 07:01:36,641] [    INFO][0m - [Rank 0/4] Assigned to store parameter model.layers.13.self_attn.v_proj.weight[0m
[32m[2026-05-12 07:01:36,998] [    INFO][0m - [Rank 0/4] Assigned to store parameter model.layers.13.mlp.down_proj.weight[0m
[32m[2026-05-12 07:01:37,191] [    INFO][0m - [Rank 0/4] Assigned to store parameter model.layers.14.self_attn.k_proj.weight[0m
[32m[2026-05-12 07:01:37,410] [    INFO][0m - [Rank 0/4] Assigned to store parameter model.layers.14.mlp.up_proj.weight[0m
[32m[2026-05-12 07:01:37,708] [    INFO][0m - [Rank 0/4] Assigned to store parameter model.layers.15.self_attn.q_proj.weight[0m
[32m[2026-05-12 07:01:37,820] [    INFO][0m - [Rank 0/4] Assigned to store parameter model.layers.15.mlp.gate_proj.weight[0m
[32m[2026-05-12 07:01:38,118] [    INFO][0m - [Rank 0/4] Assigned to store parameter model.layers.15.post_attention_layernorm.weight[0m
[32m[2026-05-12 07:01:38,334] [    INFO][0m - [Rank 0/4] Assigned to store parameter model.layers.16.self_attn.o_proj.weight[0m
[32m[2026-05-12 07:01:38,823] [    INFO][0m - [Rank 0/4] Assigned to store parameter model.layers.16.input_layernorm.weight[0m
[32m[2026-05-12 07:01:38,881] [    INFO][0m - [Rank 0/4] Assigned to store parameter model.layers.17.self_attn.v_proj.weight[0m
[32m[2026-05-12 07:01:39,240] [    INFO][0m - [Rank 0/4] Assigned to store parameter model.layers.17.mlp.down_proj.weight[0m
[32m[2026-05-12 07:01:39,392] [    INFO][0m - [Rank 0/4] Assigned to store parameter model.layers.18.self_attn.k_proj.weight[0m
[32m[2026-05-12 07:01:39,611] [    INFO][0m - [Rank 0/4] Assigned to store parameter model.layers.18.mlp.up_proj.weight[0m
[32m[2026-05-12 07:01:39,764] [    INFO][0m - [Rank 0/4] Assigned to store parameter model.layers.19.self_attn.q_proj.weight[0m
[32m[2026-05-12 07:01:39,980] [    INFO][0m - [Rank 0/4] Assigned to store parameter model.layers.19.mlp.gate_proj.weight[0m
[32m[2026-05-12 07:01:40,429] [    INFO][0m - [Rank 0/4] Assigned to store parameter model.layers.19.post_attention_layernorm.weight[0m
[32m[2026-05-12 07:01:40,498] [    INFO][0m - [Rank 0/4] Assigned to store parameter model.layers.20.self_attn.o_proj.weight[0m
[32m[2026-05-12 07:01:40,991] [    INFO][0m - [Rank 0/4] Assigned to store parameter model.layers.20.input_layernorm.weight[0m
[32m[2026-05-12 07:01:41,050] [    INFO][0m - [Rank 0/4] Assigned to store parameter model.layers.21.self_attn.v_proj.weight[0m
[32m[2026-05-12 07:01:41,409] [    INFO][0m - [Rank 0/4] Assigned to store parameter model.layers.21.mlp.down_proj.weight[0m
[32m[2026-05-12 07:01:41,560] [    INFO][0m - [Rank 0/4] Assigned to store parameter model.layers.22.self_attn.k_proj.weight[0m
[32m[2026-05-12 07:01:41,780] [    INFO][0m - [Rank 0/4] Assigned to store parameter model.layers.22.mlp.up_proj.weight[0m
[32m[2026-05-12 07:01:41,933] [    INFO][0m - [Rank 0/4] Assigned to store parameter model.layers.23.self_attn.q_proj.weight[0m
[32m[2026-05-12 07:01:42,149] [    INFO][0m - [Rank 0/4] Assigned to store parameter model.layers.23.mlp.gate_proj.weight[0m
[32m[2026-05-12 07:01:42,598] [    INFO][0m - [Rank 0/4] Assigned to store parameter model.layers.23.post_attention_layernorm.weight[0m
[32m[2026-05-12 07:01:42,667] [    INFO][0m - [Rank 0/4] Assigned to store parameter model.layers.24.self_attn.o_proj.weight[0m
[32m[2026-05-12 07:01:43,159] [    INFO][0m - [Rank 0/4] Assigned to store parameter model.layers.24.input_layernorm.weight[0m
[32m[2026-05-12 07:01:43,217] [    INFO][0m - [Rank 0/4] Assigned to store parameter model.layers.25.self_attn.v_proj.weight[0m
[32m[2026-05-12 07:01:43,575] [    INFO][0m - [Rank 0/4] Assigned to store parameter model.layers.25.mlp.down_proj.weight[0m
[32m[2026-05-12 07:01:43,725] [    INFO][0m - [Rank 0/4] Assigned to store parameter model.layers.26.self_attn.k_proj.weight[0m
[32m[2026-05-12 07:01:43,945] [    INFO][0m - [Rank 0/4] Assigned to store parameter model.layers.26.mlp.up_proj.weight[0m
[32m[2026-05-12 07:01:44,098] [    INFO][0m - [Rank 0/4] Assigned to store parameter model.layers.27.self_attn.q_proj.weight[0m
[32m[2026-05-12 07:01:44,312] [    INFO][0m - [Rank 0/4] Assigned to store parameter model.layers.27.mlp.gate_proj.weight[0m
[32m[2026-05-12 07:01:44,754] [    INFO][0m - [Rank 0/4] Assigned to store parameter model.layers.27.post_attention_layernorm.weight[0m
[32m[2026-05-12 07:01:44,822] [    INFO][0m - [Rank 0/4] Assigned to store parameter model.layers.28.self_attn.o_proj.weight[0m
[32m[2026-05-12 07:01:45,307] [    INFO][0m - [Rank 0/4] Assigned to store parameter model.layers.28.input_layernorm.weight[0m
[32m[2026-05-12 07:01:45,364] [    INFO][0m - [Rank 0/4] Assigned to store parameter model.layers.29.self_attn.v_proj.weight[0m
[32m[2026-05-12 07:01:45,718] [    INFO][0m - [Rank 0/4] Assigned to store parameter model.layers.29.mlp.down_proj.weight[0m
[32m[2026-05-12 07:01:45,869] [    INFO][0m - [Rank 0/4] Assigned to store parameter model.layers.30.self_attn.k_proj.weight[0m
[32m[2026-05-12 07:01:46,087] [    INFO][0m - [Rank 0/4] Assigned to store parameter model.layers.30.mlp.up_proj.weight[0m
[32m[2026-05-12 07:01:46,240] [    INFO][0m - [Rank 0/4] Assigned to store parameter model.layers.31.self_attn.q_proj.weight[0m
[32m[2026-05-12 07:01:46,453] [    INFO][0m - [Rank 0/4] Assigned to store parameter model.layers.31.mlp.gate_proj.weight[0m
[32m[2026-05-12 07:01:46,897] [    INFO][0m - [Rank 0/4] Assigned to store parameter model.layers.31.post_attention_layernorm.weight[0m
[32m[2026-05-12 07:01:46,915] [    INFO][0m - [Rank 0/4] Saving sub-shard 0... Size: 8660.25 MB, Params: 73, Path: ./checkpoints/sft/llama3-8b/shard_0-0.safetensors[0m
[32m[2026-05-12 07:02:00,368] [    INFO][0m - [Rank 0/4] (Saver) All shards saved successfully.[0m
[32m[2026-05-12 07:02:01,028] [    INFO][0m - Configuration saved in ./checkpoints/sft/llama3-8b/config.json[0m
[32m[2026-05-12 07:02:01,029] [    INFO][0m - ***** train metrics *****[0m
[32m[2026-05-12 07:02:01,029] [    INFO][0m -   cpu_available_memory     =    1238.63[0m
[32m[2026-05-12 07:02:01,029] [    INFO][0m -   cpu_used_memory          =     271.53[0m
[32m[2026-05-12 07:02:01,029] [    INFO][0m -   progress_or_epoch        =        1.0[0m
[32m[2026-05-12 07:02:01,029] [    INFO][0m -   train_loss               =      0.003[0m
[32m[2026-05-12 07:02:01,030] [    INFO][0m -   train_runtime            = 0:10:16.96[0m
[32m[2026-05-12 07:02:01,030] [    INFO][0m -   train_samples_per_second =      1.945[0m
[32m[2026-05-12 07:02:01,030] [    INFO][0m -   train_steps_per_second   =     0.4863[0m
LAUNCH INFO 2026-05-12 07:02:05,982 Pod completed
LAUNCH INFO 2026-05-12 07:02:05,982 Exit code 0
