PyTorch was not found. Models won't be available and only tokenizers, configuration and file/data utilities can be used.
[33m[2026-04-24 16:18:55,031] [ WARNING][0m - Due to potential compatibility issues between PaddlePaddle and PyTorch in PaddleFormers, PaddleFormers defaults `transformers.utils.import_utils.is_torch_available` and `transformers.utils.import_utils.is_torchvision_available` to False. If you need to use PyTorch in transformers or torchvision, please add `del sys.modules['transformers']` before using them.[0m
/workspace/py310/lib/python3.10/site-packages/_distutils_hack/__init__.py:30: UserWarning: Setuptools is replacing distutils. Support for replacing an already imported distutils is deprecated. In the future, this condition will fail. Register concerns at https://github.com/pypa/setuptools/issues/new?template=distutils-deprecation.yml
  warnings.warn(
PyTorch was not found. Models won't be available and only tokenizers, configuration and file/data utilities can be used.
/workspace/Paddle/build/python/paddle/distributed/launch/context/args_envs.py:54: UserWarning: Unset 'http_proxy' to ensure stable NCCL communication in distributed training (backed up as 'http_proxy_original').
  warnings.warn(
/workspace/Paddle/build/python/paddle/distributed/launch/context/args_envs.py:54: UserWarning: Unset 'https_proxy' to ensure stable NCCL communication in distributed training (backed up as 'https_proxy_original').
  warnings.warn(
LAUNCH INFO 2026-04-24 16:18:59,330 -----------  Configuration  ----------------------
LAUNCH INFO 2026-04-24 16:18:59,330 auto_cluster_config: 0
LAUNCH INFO 2026-04-24 16:18:59,330 auto_parallel_config: None
LAUNCH INFO 2026-04-24 16:18:59,330 auto_tuner_json: None
LAUNCH INFO 2026-04-24 16:18:59,330 devices: 0,1,2,3
LAUNCH INFO 2026-04-24 16:18:59,330 elastic_level: -1
LAUNCH INFO 2026-04-24 16:18:59,330 elastic_timeout: 30
LAUNCH INFO 2026-04-24 16:18:59,330 enable_gpu_log: True
LAUNCH INFO 2026-04-24 16:18:59,330 gloo_port: 6767
LAUNCH INFO 2026-04-24 16:18:59,330 host: None
LAUNCH INFO 2026-04-24 16:18:59,331 ips: None
LAUNCH INFO 2026-04-24 16:18:59,331 job_id: default
LAUNCH INFO 2026-04-24 16:18:59,331 legacy: False
LAUNCH INFO 2026-04-24 16:18:59,331 log_dir: logs/pt/13b.dist
LAUNCH INFO 2026-04-24 16:18:59,331 log_level: INFO
LAUNCH INFO 2026-04-24 16:18:59,331 log_overwrite: False
LAUNCH INFO 2026-04-24 16:18:59,331 master: 127.0.0.1:8080
LAUNCH INFO 2026-04-24 16:18:59,331 max_restart: 3
LAUNCH INFO 2026-04-24 16:18:59,331 nnodes: 1
LAUNCH INFO 2026-04-24 16:18:59,331 nproc_per_node: None
LAUNCH INFO 2026-04-24 16:18:59,331 rank: 0
LAUNCH INFO 2026-04-24 16:18:59,331 run_mode: collective
LAUNCH INFO 2026-04-24 16:18:59,331 server_num: None
LAUNCH INFO 2026-04-24 16:18:59,331 servers: 
LAUNCH INFO 2026-04-24 16:18:59,331 sort_ip: False
LAUNCH INFO 2026-04-24 16:18:59,331 start_port: 6070
LAUNCH INFO 2026-04-24 16:18:59,331 trainer_num: None
LAUNCH INFO 2026-04-24 16:18:59,331 trainers: 
LAUNCH INFO 2026-04-24 16:18:59,331 training_script: /workspace/PaddleFormers/paddleformers/cli/launcher.py
LAUNCH INFO 2026-04-24 16:18:59,331 training_script_args: ['train', 'configs/pt/train.yaml']
LAUNCH INFO 2026-04-24 16:18:59,331 with_gloo: 1
LAUNCH INFO 2026-04-24 16:18:59,331 --------------------------------------------------
LAUNCH INFO 2026-04-24 16:18:59,332 Job: default, mode collective, replicas 1[1:1], elastic False
LAUNCH INFO 2026-04-24 16:18:59,333 Run Pod: zuhxag, replicas 4, status ready
LAUNCH INFO 2026-04-24 16:18:59,378 Watching Pod: zuhxag, replicas 4, status running
PyTorch was not found. Models won't be available and only tokenizers, configuration and file/data utilities can be used.
[33m[2026-04-24 16:19:03,458] [ WARNING][0m - Due to potential compatibility issues between PaddlePaddle and PyTorch in PaddleFormers, PaddleFormers defaults `transformers.utils.import_utils.is_torch_available` and `transformers.utils.import_utils.is_torchvision_available` to False. If you need to use PyTorch in transformers or torchvision, please add `del sys.modules['transformers']` before using them.[0m
/workspace/py310/lib/python3.10/site-packages/_distutils_hack/__init__.py:30: UserWarning: Setuptools is replacing distutils. Support for replacing an already imported distutils is deprecated. In the future, this condition will fail. Register concerns at https://github.com/pypa/setuptools/issues/new?template=distutils-deprecation.yml
  warnings.warn(
PyTorch was not found. Models won't be available and only tokenizers, configuration and file/data utilities can be used.
[32m[2026-04-24 16:19:05,890] [    INFO][0m - user has defined resume_from_checkpoint: None[0m
[32m[2026-04-24 16:19:05,891] [    INFO][0m - fa_version = 2 set FLAGS_flash_attn_version to 2[0m
[33m[2026-04-24 16:19:05,892] [ WARNING][0m - sharding_parallel_size=1 means no sharding, please set sharding to empty![0m
[2026-04-24 16:19:05,892] [    INFO] distributed_strategy.py:343 - distributed strategy initialized
[32m[2026-04-24 16:19:05,892] [    INFO][0m - PP configs:{'micro_batch_size': 1, 'accumulate_steps': 4, 'schedule_mode': '1F1B', 'p2p_cache_shape': True, 'enable_partial_send_recv': True}, use master_grad: True[0m
[33m[2026-04-24 16:19:05,892] [ WARNING][0m - In pipeline model, the evaluation also shares same setting with training. We will enforce that per_device_eval_batch_size=per_device_train_batch_size.[0m
[32m[2026-04-24 16:19:05,893] [    INFO][0m - using pipeline configs:{'delay_scale_loss': True, 'dp_comm_overlap': False, 'sharding_comm_overlap': False, 'enable_timer': False, 'release_gradients': False, 'overlap_p2p_comm': False, 'clear_every_step_cache': False, 'use_batch_p2p_comm': True, 'best_unbalanced_scheduler': False, 'enable_offload_queue': False, 'use_dualpipev': False, 'forward_backward_overlap_scheduler': False, 'enable_dynamic_shape': False}[0m
======================= Modified FLAGS detected =======================
FLAGS(name='FLAGS_cusolver_dir', current_value='/workspace/Paddle/build/python/paddle/../nvidia/cusolver/lib', default_value='')
FLAGS(name='FLAGS_selected_gpus', current_value='0', default_value='')
FLAGS(name='FLAGS_cupti_dir', current_value='/workspace/Paddle/build/python/paddle/../nvidia/cuda_cupti/lib', default_value='')
FLAGS(name='FLAGS_nccl_dir', current_value='/workspace/Paddle/build/python/paddle/../nvidia/nccl/lib', default_value='')
FLAGS(name='FLAGS_nvidia_package_dir', current_value='/workspace/Paddle/build/python/paddle/../nvidia', default_value='')
FLAGS(name='FLAGS_cudnn_dir', current_value='/workspace/Paddle/build/python/paddle/../nvidia/cudnn/lib', default_value='')
FLAGS(name='FLAGS_cublas_dir', current_value='/workspace/Paddle/build/python/paddle/../nvidia/cublas/lib', default_value='')
FLAGS(name='FLAGS_cusparse_dir', current_value='/workspace/Paddle/build/python/paddle/../nvidia/cusparse/lib', default_value='')
FLAGS(name='FLAGS_enable_pir_in_executor', current_value=True, default_value=False)
FLAGS(name='FLAGS_curand_dir', current_value='/workspace/Paddle/build/python/paddle/../nvidia/curand/lib', default_value='')
=======================================================================
I0424 16:19:05.895917 81880 tcp_store.cc:336] create libuv server at port: 39371
I0424 16:19:05.896649 81880 tcp_utils.cc:132] Successfully connected to 10.213.179.22:39371
I0424 16:19:08.882581 81880 process_group_nccl.cc:155] ProcessGroupNCCL pg_timeout_ 1800000
I0424 16:19:08.882659 81880 process_group_nccl.cc:156] ProcessGroupNCCL nccl_comm_init_option_ 0
I0424 16:19:08.883373 81880 process_group_nccl.cc:155] ProcessGroupNCCL pg_timeout_ 1800000
I0424 16:19:08.883395 81880 process_group_nccl.cc:156] ProcessGroupNCCL nccl_comm_init_option_ 0
[2026-04-24 16:19:08,883] [    INFO] topology.py:535 - Total 2 pipe comm group(s) create successfully!
W0424 16:19:08.884089 81880 gpu_resources.cc:116] Please NOTE: device: 0, GPU Compute Capability: 90.2, Driver API Version: 60325.2, Runtime API Version: 60325.2
W0424 16:19:09.059934 81880 nccl_comm_context.cc:70] ncclCommInitRankConfigMemOpt is not supported.
[2026-04-24 16:19:09,624] [    INFO] topology.py:535 - Total 4 data comm group(s) create successfully!
I0424 16:19:09.624799 81880 process_group_nccl.cc:155] ProcessGroupNCCL pg_timeout_ 1800000
I0424 16:19:09.624833 81880 process_group_nccl.cc:156] ProcessGroupNCCL nccl_comm_init_option_ 0
[2026-04-24 16:19:09,624] [    INFO] topology.py:535 - Total 2 model comm group(s) create successfully!
[2026-04-24 16:19:09,625] [    INFO] topology.py:535 - Total 4 sharding comm group(s) create successfully!
I0424 16:19:09.625159 81880 process_group_nccl.cc:155] ProcessGroupNCCL pg_timeout_ 1800000
I0424 16:19:09.625177 81880 process_group_nccl.cc:156] ProcessGroupNCCL nccl_comm_init_option_ 0
[2026-04-24 16:19:09,625] [    INFO] topology.py:449 - HybridParallelInfo: rank_id: 0, mp_degree: 2, sharding_degree: 1, pp_degree: 2, dp_degree: 1, sep_degree: 1, mp_group: [0, 1],  sharding_group: [0], pp_group: [0, 2], dp_group: [0], sep:group: None, check/clip group: [0, 1, 2, 3]
[32m[2026-04-24 16:19:09,626] [    INFO][0m -     +==============================================================================+
    |                                                                              |
    |                         DistributedStrategy Overview                         |
    |                                                                              |
    +==============================================================================+
    |                        a_sync=True <-> a_sync_configs                        |
    +------------------------------------------------------------------------------+
    |                               k_steps                    -1                  |
    |                     max_merge_var_num                    1                   |
    |                       send_queue_size                    16                  |
    |               independent_recv_thread                  False                 |
    |         min_send_grad_num_before_recv                    1                   |
    |                      thread_pool_size                    1                   |
    |                       send_wait_times                    1                   |
    |               runtime_split_send_recv                  False                 |
    |                        launch_barrier                   True                 |
    |             heter_worker_device_guard                   cpu                  |
    |                        lr_decay_steps                    10                  |
    |                            use_ps_gpu                    0                   |
    |                         use_gpu_graph                    0                   |
    +==============================================================================+
    |                    Environment Flags, Communication Flags                    |
    +------------------------------------------------------------------------------+
    |                                  mode                    1                   |
    |                               elastic                  False                 |
    |                                  auto                  False                 |
    |                   sync_nccl_allreduce                   True                 |
    |                         nccl_comm_num                    1                   |
    |            use_hierarchical_allreduce                  False                 |
    |   hierarchical_allreduce_inter_nranks                    1                   |
    |                       sync_batch_norm                  False                 |
    |                   fuse_all_reduce_ops                   True                 |
    |                  fuse_grad_size_in_MB                    32                  |
    |              fuse_grad_size_in_TFLOPS                   50.0                 |
    |               cudnn_exhaustive_search                  False                 |
    |             conv_workspace_size_limit                   512                  |
    |    cudnn_batchnorm_spatial_persistent                  False                 |
    |                        fp16_allreduce                  False                 |
    |               last_comm_group_size_MB                   1.0                  |
    |                find_unused_parameters                  False                 |
    |            without_graph_optimization                   True                 |
    |                 fuse_grad_size_in_num                    8                   |
    |                 calc_comm_same_stream                  False                 |
    |                                   asp                  False                 |
    |                       fuse_grad_merge                  False                 |
    |                             semi_auto                  False                 |
    |                            adam_d2sum                  False                 |
    |                           auto_search                  False                 |
    |                        heter_ccl_mode                  False                 |
    |                         is_fl_ps_mode                  False                 |
    |                      with_coordinator                  False                 |
    |                            split_data                   True                 |
    |                  downpour_table_param                    []                  |
    |                       fs_client_param                                        |
    +==============================================================================+
    |                                Build Strategy                                |
    +------------------------------------------------------------------------------+
    |              fuse_elewise_add_act_ops                  False                 |
    |                       fuse_bn_act_ops                  False                 |
    |              fuse_relu_depthwise_conv                  False                 |
    |                    fuse_broadcast_ops                  False                 |
    |                fuse_all_optimizer_ops                  False                 |
    |                        enable_inplace                  False                 |
    |     enable_backward_optimizer_op_deps                   True                 |
    |                 cache_runtime_context                  False                 |
    |                   fuse_bn_add_act_ops                   True                 |
    |                    enable_auto_fusion                  False                 |
    |                          enable_addto                  False                 |
    |              allow_cuda_graph_capture                  False                 |
    |                       reduce_strategy                    0                   |
    |                    fuse_gemm_epilogue                  False                 |
    |                   debug_graphviz_path                                        |
    |                       fused_attention                  False                 |
    |                     fused_feedforward                  False                 |
    |            fuse_dot_product_attention                  False                 |
    |                          fuse_resunit                  False                 |
    +==============================================================================+
[0m
[32m[2026-04-24 16:19:09,627] [    INFO][0m - The default value for the training argument `--report_to` will change in v5 (from all installed integrations to none). In v5, you will need to use `--report_to all` to get the same behavior as now. You should start updating your code and make this info disappear :-).[0m
[32m[2026-04-24 16:19:09,627] [    INFO][0m - Auto set hybrid_parallel_expert_grad_scale = 2.0[0m
[32m[2026-04-24 16:19:09,627] [    INFO][0m - reset finetuning arguments global_batch_size to 4[0m
[32m[2026-04-24 16:19:09,627] [    INFO][0m - fixing pp configs: {'micro_batch_size': 1, 'accumulate_steps': 4, 'schedule_mode': '1F1B', 'p2p_cache_shape': True, 'enable_partial_send_recv': True}[0m
[35m[2026-04-24 16:19:09,708] [   DEBUG][0m - ============================================================[0m
[35m[2026-04-24 16:19:09,708] [   DEBUG][0m -      Model Configuration Arguments      [0m
[35m[2026-04-24 16:19:09,709] [   DEBUG][0m - paddle commit id              : a6fad64864f7da10a0e363a47ac26d8de1fdfaa3[0m
[35m[2026-04-24 16:19:09,722] [   DEBUG][0m - paddleformers commit id       : 86ec32991b7f33eb542869a54ea675405a769e92.dirty[0m
[35m[2026-04-24 16:19:09,722] [   DEBUG][0m - _attn_implementation          : eager[0m
[35m[2026-04-24 16:19:09,722] [   DEBUG][0m - bos_token_id                  : 0[0m
[35m[2026-04-24 16:19:09,722] [   DEBUG][0m - continue_training             : False[0m
[35m[2026-04-24 16:19:09,723] [   DEBUG][0m - copy_custom_file_list         : [0m
[35m[2026-04-24 16:19:09,723] [   DEBUG][0m - download_hub                  : None[0m
[35m[2026-04-24 16:19:09,723] [   DEBUG][0m - eos_token_id                  : 1[0m
[35m[2026-04-24 16:19:09,723] [   DEBUG][0m - ernie_model_config            : ErniePretrainArgument(use_quant_before_a2a=False, use_async_a2a=False, use_rms_qkv_recompute=False, moe_logging=False, use_recompute=False, num_nextn_predict_layers=0, use_fp8_mlp=False, num_hidden_layers=2, num_empty_layers_add_in_tail=0, use_fp8_fuse_node=False, use_ep_comm_overlap=False, fp8_mem_configs=FP8MemConfigs(shared_expert=False, recompute_fwd_gate_up=False, dequant_input=False, offline_quant_expert_weight=False, clear_origin_weight_when_offline_quant=False), fp8_fused_ops_configs=FP8FusedOpsConfigs(stack_quant=False, swiglu_probs_bwd=False, split_group_gemm=True, spaq=True, transpose_split_quant=True), use_combine_before_a2a=False, moe_num_experts=0, moe_k=2, moe_use_aux_free=False, moe_gate='top2_fused', transpose_split_quant=False)[0m
[35m[2026-04-24 16:19:09,723] [   DEBUG][0m - fine_tuning                   : full[0m
[35m[2026-04-24 16:19:09,723] [   DEBUG][0m - fuse_gate_detach_matmul       : True[0m
[35m[2026-04-24 16:19:09,723] [   DEBUG][0m - fuse_softmax_mask             : False[0m
[35m[2026-04-24 16:19:09,723] [   DEBUG][0m - lora                          : False[0m
[35m[2026-04-24 16:19:09,723] [   DEBUG][0m - lora_alpha                    : -1[0m
[35m[2026-04-24 16:19:09,724] [   DEBUG][0m - lora_path                     : None[0m
[35m[2026-04-24 16:19:09,724] [   DEBUG][0m - lora_plus_scale               : 1.0[0m
[35m[2026-04-24 16:19:09,724] [   DEBUG][0m - lora_rank                     : 8[0m
[35m[2026-04-24 16:19:09,724] [   DEBUG][0m - loss_subbatch_seqlen          : 32768[0m
[35m[2026-04-24 16:19:09,724] [   DEBUG][0m - max_position_embeddings       : 4096[0m
[35m[2026-04-24 16:19:09,724] [   DEBUG][0m - model_name_or_path            : ./models/Llama-2-13b[0m
[35m[2026-04-24 16:19:09,724] [   DEBUG][0m - model_with_dpo_criterion      : False[0m
[35m[2026-04-24 16:19:09,724] [   DEBUG][0m - moe_gate                      : top2_fused[0m
[35m[2026-04-24 16:19:09,724] [   DEBUG][0m - moe_group                     : dummy[0m
[35m[2026-04-24 16:19:09,724] [   DEBUG][0m - moe_group_experts             : False[0m
[35m[2026-04-24 16:19:09,725] [   DEBUG][0m - moe_multimodal_dispatch_use_allgather: v2-alltoall-unpad[0m
[35m[2026-04-24 16:19:09,725] [   DEBUG][0m - moe_orthogonal_loss_lambda    : 0.0[0m
[35m[2026-04-24 16:19:09,725] [   DEBUG][0m - moe_use_aux_free              : None[0m
[35m[2026-04-24 16:19:09,725] [   DEBUG][0m - moe_use_hard_gate             : False[0m
[35m[2026-04-24 16:19:09,725] [   DEBUG][0m - neftune                       : False[0m
[35m[2026-04-24 16:19:09,725] [   DEBUG][0m - neftune_noise_alpha           : 5.0[0m
[35m[2026-04-24 16:19:09,725] [   DEBUG][0m - pp_seg_method                 : layer:DecoderLayer|EmptyLayer[0m
[35m[2026-04-24 16:19:09,725] [   DEBUG][0m - rope_3d                       : True[0m
[35m[2026-04-24 16:19:09,725] [   DEBUG][0m - rslora                        : False[0m
[35m[2026-04-24 16:19:09,725] [   DEBUG][0m - rslora_plus                   : False[0m
[35m[2026-04-24 16:19:09,726] [   DEBUG][0m - stage                         : PT[0m
[35m[2026-04-24 16:19:09,726] [   DEBUG][0m - tokenizer_name_or_path        : None[0m
[35m[2026-04-24 16:19:09,726] [   DEBUG][0m - use_attn_mask_startend_row_indices: True[0m
[35m[2026-04-24 16:19:09,726] [   DEBUG][0m - use_fast_layer_norm           : False[0m
[35m[2026-04-24 16:19:09,726] [   DEBUG][0m - use_global_causal_attn        : False[0m
[35m[2026-04-24 16:19:09,726] [   DEBUG][0m - use_mem_eff_attn              : True[0m
[35m[2026-04-24 16:19:09,726] [   DEBUG][0m - use_sparse_flash_attn         : True[0m
[35m[2026-04-24 16:19:09,726] [   DEBUG][0m - vision_config                 : VisionArguments(attn_implementation='eager', attn_sep=True, depth=32, embed_dim=1280, hidden_act='quick_gelu', hidden_size=1280, in_channels=3, mlp_ratio=4, model_type='DFNRope_vision_transformer', num_heads=16, patch_size=14, spatial_merge_size=2, tensor_model_parallel_size=4, vit_num_recompute_layers=10000)[0m
[35m[2026-04-24 16:19:09,726] [   DEBUG][0m - [0m
[35m[2026-04-24 16:19:09,727] [   DEBUG][0m - ============================================================[0m
[35m[2026-04-24 16:19:09,727] [   DEBUG][0m -       Data Configuration Arguments      [0m
[35m[2026-04-24 16:19:09,727] [   DEBUG][0m - paddle commit id              : a6fad64864f7da10a0e363a47ac26d8de1fdfaa3[0m
[35m[2026-04-24 16:19:09,727] [   DEBUG][0m - paddleformers commit id       : 86ec32991b7f33eb542869a54ea675405a769e92.dirty[0m
[35m[2026-04-24 16:19:09,727] [   DEBUG][0m - binpacking                    : True[0m
[35m[2026-04-24 16:19:09,727] [   DEBUG][0m - buffer_size                   : 500[0m
[35m[2026-04-24 16:19:09,727] [   DEBUG][0m - custom_register_path          : None[0m
[35m[2026-04-24 16:19:09,727] [   DEBUG][0m - data_cache                    : None[0m
[35m[2026-04-24 16:19:09,727] [   DEBUG][0m - data_impl                     : mmap[0m
[35m[2026-04-24 16:19:09,728] [   DEBUG][0m - dataset_output_dir            : ./dataset_output[0m
[35m[2026-04-24 16:19:09,728] [   DEBUG][0m - dataset_type                  : pretrain[0m
[35m[2026-04-24 16:19:09,728] [   DEBUG][0m - encode_one_turn               : True[0m
[35m[2026-04-24 16:19:09,728] [   DEBUG][0m - eval_dataset_path             : examples/data/sft-eval.jsonl[0m
[35m[2026-04-24 16:19:09,728] [   DEBUG][0m - eval_dataset_prob             : 1.0[0m
[35m[2026-04-24 16:19:09,728] [   DEBUG][0m - eval_dataset_type             : erniekit[0m
[35m[2026-04-24 16:19:09,728] [   DEBUG][0m - eval_with_do_generation       : False[0m
[35m[2026-04-24 16:19:09,728] [   DEBUG][0m - greedy_intokens               : True[0m
[35m[2026-04-24 16:19:09,729] [   DEBUG][0m - input_dir                     : 1.0 ./data/pt/llama_openwebtext_100k[0m
[35m[2026-04-24 16:19:09,729] [   DEBUG][0m - make_offline_data             : False[0m
[35m[2026-04-24 16:19:09,729] [   DEBUG][0m - max_prompt_len                : 2048[0m
[35m[2026-04-24 16:19:09,729] [   DEBUG][0m - max_seq_len                   : 4096[0m
[35m[2026-04-24 16:19:09,729] [   DEBUG][0m - mix_strategy                  : concat[0m
[35m[2026-04-24 16:19:09,729] [   DEBUG][0m - new_special_tokens_path       : None[0m
[35m[2026-04-24 16:19:09,729] [   DEBUG][0m - num_samples_each_epoch        : 6000000[0m
[35m[2026-04-24 16:19:09,729] [   DEBUG][0m - packed_idx_cache_dir          : None[0m
[35m[2026-04-24 16:19:09,729] [   DEBUG][0m - packing                       : False[0m
[35m[2026-04-24 16:19:09,729] [   DEBUG][0m - packing_interval              : 1000[0m
[35m[2026-04-24 16:19:09,730] [   DEBUG][0m - padding_free                  : False[0m
[35m[2026-04-24 16:19:09,730] [   DEBUG][0m - processor_use_fast            : None[0m
[35m[2026-04-24 16:19:09,730] [   DEBUG][0m - random_shuffle                : True[0m
[35m[2026-04-24 16:19:09,730] [   DEBUG][0m - share_folder                  : False[0m
[35m[2026-04-24 16:19:09,730] [   DEBUG][0m - skip_warmup                   : True[0m
[35m[2026-04-24 16:19:09,730] [   DEBUG][0m - split                         : 990,10,0[0m
[35m[2026-04-24 16:19:09,730] [   DEBUG][0m - split_multi_turn              : False[0m
[35m[2026-04-24 16:19:09,730] [   DEBUG][0m - template                      : None[0m
[35m[2026-04-24 16:19:09,730] [   DEBUG][0m - template_backend              : custom[0m
[35m[2026-04-24 16:19:09,730] [   DEBUG][0m - train_dataset_path            : None[0m
[35m[2026-04-24 16:19:09,731] [   DEBUG][0m - train_dataset_prob            : None[0m
[35m[2026-04-24 16:19:09,731] [   DEBUG][0m - train_dataset_type            : None[0m
[35m[2026-04-24 16:19:09,731] [   DEBUG][0m - truncate_packing              : True[0m
[35m[2026-04-24 16:19:09,731] [   DEBUG][0m - truncation_strategy           : delete[0m
[35m[2026-04-24 16:19:09,731] [   DEBUG][0m - use_template                  : True[0m
[35m[2026-04-24 16:19:09,731] [   DEBUG][0m - warmup_only_rank0             : False[0m
[35m[2026-04-24 16:19:09,731] [   DEBUG][0m - [0m
[35m[2026-04-24 16:19:09,731] [   DEBUG][0m - ============================================================[0m
[35m[2026-04-24 16:19:09,731] [   DEBUG][0m -      Train Configuration Arguments      [0m
[35m[2026-04-24 16:19:09,731] [   DEBUG][0m - paddle commit id              : a6fad64864f7da10a0e363a47ac26d8de1fdfaa3[0m
[35m[2026-04-24 16:19:09,732] [   DEBUG][0m - paddleformers commit id       : 86ec32991b7f33eb542869a54ea675405a769e92.dirty[0m
[35m[2026-04-24 16:19:09,732] [   DEBUG][0m - _no_sync_in_gradient_accumulation: True[0m
[35m[2026-04-24 16:19:09,732] [   DEBUG][0m - adam_beta1                    : 0.9[0m
[35m[2026-04-24 16:19:09,732] [   DEBUG][0m - adam_beta2                    : 0.999[0m
[35m[2026-04-24 16:19:09,732] [   DEBUG][0m - adam_epsilon                  : 1e-08[0m
[35m[2026-04-24 16:19:09,732] [   DEBUG][0m - amp_custom_black_list         : ['reduce_sum', 'softmax_with_cross_entropy', 'c_softmax_with_cross_entropy', 'elementwise_div', 'sin', 'cos'][0m
[35m[2026-04-24 16:19:09,732] [   DEBUG][0m - amp_custom_white_list         : ['lookup_table', 'lookup_table_v2', 'flash_attn', 'matmul', 'matmul_v2', 'fused_gemm_epilogue'][0m
[35m[2026-04-24 16:19:09,733] [   DEBUG][0m - amp_master_grad               : True[0m
[35m[2026-04-24 16:19:09,733] [   DEBUG][0m - aoa_config                    : None[0m
[35m[2026-04-24 16:19:09,733] [   DEBUG][0m - apply_rope_fusion             : False[0m
[35m[2026-04-24 16:19:09,733] [   DEBUG][0m - attention_probs_dropout_prob  : 0.0[0m
[35m[2026-04-24 16:19:09,733] [   DEBUG][0m - auto_parallel_resume_form_hybrid_parallel: False[0m
[35m[2026-04-24 16:19:09,733] [   DEBUG][0m - auto_parallel_sync_shared_params: False[0m
[35m[2026-04-24 16:19:09,733] [   DEBUG][0m - autotuner_benchmark           : False[0m
[35m[2026-04-24 16:19:09,733] [   DEBUG][0m - balanced_image_preprocess     : False[0m
[35m[2026-04-24 16:19:09,733] [   DEBUG][0m - batch_p2p_comm                : True[0m
[35m[2026-04-24 16:19:09,733] [   DEBUG][0m - benchmark                     : False[0m
[35m[2026-04-24 16:19:09,734] [   DEBUG][0m - best_unbalanced_scheduler     : False[0m
[35m[2026-04-24 16:19:09,734] [   DEBUG][0m - beta                          : 0.1[0m
[35m[2026-04-24 16:19:09,734] [   DEBUG][0m - bf16                          : True[0m
[35m[2026-04-24 16:19:09,734] [   DEBUG][0m - bf16_full_eval                : False[0m
[35m[2026-04-24 16:19:09,734] [   DEBUG][0m - ckpt_quant_stage              : O0[0m
[35m[2026-04-24 16:19:09,734] [   DEBUG][0m - clear_every_step_cache        : False[0m
[35m[2026-04-24 16:19:09,734] [   DEBUG][0m - compute_type                  : bf16[0m
[35m[2026-04-24 16:19:09,734] [   DEBUG][0m - context_parallel_rank         : 0[0m
[35m[2026-04-24 16:19:09,734] [   DEBUG][0m - context_parallel_size         : 1[0m
[35m[2026-04-24 16:19:09,734] [   DEBUG][0m - convert_from_hf               : True[0m
[35m[2026-04-24 16:19:09,735] [   DEBUG][0m - copy_custom_file_list         : [0m
[35m[2026-04-24 16:19:09,735] [   DEBUG][0m - count_trained_tokens          : False[0m
[35m[2026-04-24 16:19:09,735] [   DEBUG][0m - cp_comm_type                  : None[0m
[35m[2026-04-24 16:19:09,735] [   DEBUG][0m - cp_sharding_degree            : 1[0m
[35m[2026-04-24 16:19:09,735] [   DEBUG][0m - cp_sharding_rank              : 0[0m
[35m[2026-04-24 16:19:09,735] [   DEBUG][0m - current_device                : gpu:0[0m
[35m[2026-04-24 16:19:09,735] [   DEBUG][0m - data_parallel_config          : [0m
[35m[2026-04-24 16:19:09,735] [   DEBUG][0m - data_parallel_rank            : 0[0m
[35m[2026-04-24 16:19:09,735] [   DEBUG][0m - data_parallel_size            : 1[0m
[35m[2026-04-24 16:19:09,736] [   DEBUG][0m - dataloader_drop_last          : False[0m
[35m[2026-04-24 16:19:09,736] [   DEBUG][0m - dataloader_num_workers        : 0[0m
[35m[2026-04-24 16:19:09,736] [   DEBUG][0m - dataloader_shuffle            : True[0m
[35m[2026-04-24 16:19:09,736] [   DEBUG][0m - dataset_batch_size            : 1000[0m
[35m[2026-04-24 16:19:09,736] [   DEBUG][0m - dataset_kwargs                : None[0m
[35m[2026-04-24 16:19:09,736] [   DEBUG][0m - dataset_num_proc              : None[0m
[35m[2026-04-24 16:19:09,736] [   DEBUG][0m - dataset_rank                  : 0[0m
[35m[2026-04-24 16:19:09,736] [   DEBUG][0m - dataset_text_field            : text[0m
[35m[2026-04-24 16:19:09,736] [   DEBUG][0m - dataset_world_size            : 1[0m
[35m[2026-04-24 16:19:09,736] [   DEBUG][0m - ddp_find_unused_parameters    : None[0m
[35m[2026-04-24 16:19:09,737] [   DEBUG][0m - decay_function                : half_life[0m
[35m[2026-04-24 16:19:09,737] [   DEBUG][0m - decay_steps                   : None[0m
[35m[2026-04-24 16:19:09,737] [   DEBUG][0m - deterministic_mode            : False[0m
[35m[2026-04-24 16:19:09,737] [   DEBUG][0m - device                        : gpu[0m
[35m[2026-04-24 16:19:09,737] [   DEBUG][0m - disable_tqdm                  : False[0m
[35m[2026-04-24 16:19:09,737] [   DEBUG][0m - distributed_dataloader        : False[0m
[35m[2026-04-24 16:19:09,737] [   DEBUG][0m - do_eval                       : True[0m
[35m[2026-04-24 16:19:09,737] [   DEBUG][0m - do_export                     : False[0m
[35m[2026-04-24 16:19:09,737] [   DEBUG][0m - do_predict                    : False[0m
[35m[2026-04-24 16:19:09,738] [   DEBUG][0m - do_train                      : True[0m
[35m[2026-04-24 16:19:09,738] [   DEBUG][0m - download_hub                  : None[0m
[35m[2026-04-24 16:19:09,738] [   DEBUG][0m - dp_allreduce_avg_in_gradinent_scale: False[0m
[35m[2026-04-24 16:19:09,738] [   DEBUG][0m - dp_comm_overlap               : False[0m
[35m[2026-04-24 16:19:09,738] [   DEBUG][0m - dpop_lambda                   : 50[0m
[35m[2026-04-24 16:19:09,738] [   DEBUG][0m - embedding_init_method         : None[0m
[35m[2026-04-24 16:19:09,738] [   DEBUG][0m - embedding_init_method_std     : 0.02[0m
[35m[2026-04-24 16:19:09,738] [   DEBUG][0m - enable_auto_parallel          : False[0m
[35m[2026-04-24 16:19:09,738] [   DEBUG][0m - enable_linear_fused_grad_add  : False[0m
[35m[2026-04-24 16:19:09,739] [   DEBUG][0m - enable_mtp_magic_send         : False[0m
[35m[2026-04-24 16:19:09,739] [   DEBUG][0m - enable_sharding_comm_overlap  : False[0m
[35m[2026-04-24 16:19:09,739] [   DEBUG][0m - enable_zero_cost_checkpoint   : False[0m
[35m[2026-04-24 16:19:09,739] [   DEBUG][0m - estimation_output_file        : estimation_output.json[0m
[35m[2026-04-24 16:19:09,739] [   DEBUG][0m - eval_accumulation_steps       : None[0m
[35m[2026-04-24 16:19:09,739] [   DEBUG][0m - eval_batch_size               : 1[0m
[35m[2026-04-24 16:19:09,739] [   DEBUG][0m - eval_iters                    : 10[0m
[35m[2026-04-24 16:19:09,739] [   DEBUG][0m - eval_steps                    : 100[0m
[35m[2026-04-24 16:19:09,739] [   DEBUG][0m - evaluation_strategy           : IntervalStrategy.STEPS[0m
[35m[2026-04-24 16:19:09,739] [   DEBUG][0m - expert_model_parallel_size    : 1[0m
[35m[2026-04-24 16:19:09,740] [   DEBUG][0m - expert_parallel_rank          : 0[0m
[35m[2026-04-24 16:19:09,740] [   DEBUG][0m - expert_tensor_model_parallel_size: 1[0m
[35m[2026-04-24 16:19:09,740] [   DEBUG][0m - fa_version                    : 2[0m
[35m[2026-04-24 16:19:09,740] [   DEBUG][0m - factor                        : 20[0m
[35m[2026-04-24 16:19:09,740] [   DEBUG][0m - flash_device_save_steps       : 0[0m
[35m[2026-04-24 16:19:09,740] [   DEBUG][0m - flatten_param_grads           : False[0m
[35m[2026-04-24 16:19:09,740] [   DEBUG][0m - force_reshard_pp              : False[0m
[35m[2026-04-24 16:19:09,740] [   DEBUG][0m - forward_backward_overlap_scheduler: False[0m
[35m[2026-04-24 16:19:09,740] [   DEBUG][0m - fp16                          : False[0m
[35m[2026-04-24 16:19:09,740] [   DEBUG][0m - fp16_full_eval                : False[0m
[35m[2026-04-24 16:19:09,741] [   DEBUG][0m - fp16_opt_level                : O1[0m
[35m[2026-04-24 16:19:09,741] [   DEBUG][0m - fp32_residual_connection      : True[0m
[35m[2026-04-24 16:19:09,741] [   DEBUG][0m - fp8                           : None[0m
[35m[2026-04-24 16:19:09,741] [   DEBUG][0m - fp8_wgrad                     : True[0m
[35m[2026-04-24 16:19:09,741] [   DEBUG][0m - freeze_config                 : [0m
[35m[2026-04-24 16:19:09,741] [   DEBUG][0m - fuse_optimizer_states         : False[0m
[35m[2026-04-24 16:19:09,741] [   DEBUG][0m - fuse_sequence_parallel_allreduce: False[0m
[35m[2026-04-24 16:19:09,741] [   DEBUG][0m - fuse_swiglu                   : False[0m
[35m[2026-04-24 16:19:09,741] [   DEBUG][0m - gated_linear_unit             : True[0m
[35m[2026-04-24 16:19:09,741] [   DEBUG][0m - gc_interval                   : 0[0m
[35m[2026-04-24 16:19:09,742] [   DEBUG][0m - global_batch_size             : 4[0m
[35m[2026-04-24 16:19:09,742] [   DEBUG][0m - global_logging_interval       : 1[0m
[35m[2026-04-24 16:19:09,742] [   DEBUG][0m - gradient_accumulation_steps   : 4[0m
[35m[2026-04-24 16:19:09,742] [   DEBUG][0m - gradient_sync_after_accumulate: False[0m
[35m[2026-04-24 16:19:09,742] [   DEBUG][0m - greater_is_better             : None[0m
[35m[2026-04-24 16:19:09,742] [   DEBUG][0m - hidden_dropout_prob           : 0.0[0m
[35m[2026-04-24 16:19:09,742] [   DEBUG][0m - hidden_size                   : None[0m
[35m[2026-04-24 16:19:09,742] [   DEBUG][0m - hybrid_parallel_expert_grad_scale: 2.0[0m
[35m[2026-04-24 16:19:09,742] [   DEBUG][0m - hybrid_parallel_topo_order    : sharding_first[0m
[35m[2026-04-24 16:19:09,742] [   DEBUG][0m - ignore_data_skip              : False[0m
[35m[2026-04-24 16:19:09,743] [   DEBUG][0m - ignore_eos_token              : False[0m
[35m[2026-04-24 16:19:09,743] [   DEBUG][0m - ignore_load_lr_and_optim      : False[0m
[35m[2026-04-24 16:19:09,743] [   DEBUG][0m - ignore_save_lr_and_optim      : False[0m
[35m[2026-04-24 16:19:09,743] [   DEBUG][0m - init_method                   : None[0m
[35m[2026-04-24 16:19:09,743] [   DEBUG][0m - intermediate_size             : None[0m
[35m[2026-04-24 16:19:09,743] [   DEBUG][0m - label_names                   : None[0m
[35m[2026-04-24 16:19:09,743] [   DEBUG][0m - label_smoothing               : 0.0[0m
[35m[2026-04-24 16:19:09,743] [   DEBUG][0m - lazy_data_processing          : True[0m
[35m[2026-04-24 16:19:09,743] [   DEBUG][0m - learning_rate                 : 0.0001[0m
[35m[2026-04-24 16:19:09,743] [   DEBUG][0m - load_best_model_at_end        : False[0m
[35m[2026-04-24 16:19:09,744] [   DEBUG][0m - load_checkpoint_format        : flex_checkpoint[0m
[35m[2026-04-24 16:19:09,744] [   DEBUG][0m - load_from_hf                  : False[0m
[35m[2026-04-24 16:19:09,744] [   DEBUG][0m - load_sharded_model            : False[0m
[35m[2026-04-24 16:19:09,744] [   DEBUG][0m - load_sharded_model_remap_parameter_name: False[0m
[35m[2026-04-24 16:19:09,744] [   DEBUG][0m - load_via_cpu                  : True[0m
[35m[2026-04-24 16:19:09,744] [   DEBUG][0m - local_process_index           : 0[0m
[35m[2026-04-24 16:19:09,744] [   DEBUG][0m - local_rank                    : 0[0m
[35m[2026-04-24 16:19:09,744] [   DEBUG][0m - log_global_grad_norm          : False[0m
[35m[2026-04-24 16:19:09,744] [   DEBUG][0m - log_level                     : -1[0m
[35m[2026-04-24 16:19:09,744] [   DEBUG][0m - log_level_replica             : -1[0m
[35m[2026-04-24 16:19:09,745] [   DEBUG][0m - log_on_each_node              : True[0m
[35m[2026-04-24 16:19:09,745] [   DEBUG][0m - logging_dir                   : ./logs/pt/13b[0m
[35m[2026-04-24 16:19:09,745] [   DEBUG][0m - logging_first_step            : False[0m
[35m[2026-04-24 16:19:09,745] [   DEBUG][0m - logging_steps                 : 1[0m
[35m[2026-04-24 16:19:09,745] [   DEBUG][0m - logging_strategy              : IntervalStrategy.STEPS[0m
[35m[2026-04-24 16:19:09,745] [   DEBUG][0m - logical_process_index         : 0[0m
[35m[2026-04-24 16:19:09,745] [   DEBUG][0m - loss_subbatch_sequence_length : -1[0m
[35m[2026-04-24 16:19:09,745] [   DEBUG][0m - loss_type                     : sigmoid[0m
[35m[2026-04-24 16:19:09,745] [   DEBUG][0m - lr_end                        : 1e-07[0m
[35m[2026-04-24 16:19:09,745] [   DEBUG][0m - lr_scheduler                  : cosine[0m
[35m[2026-04-24 16:19:09,746] [   DEBUG][0m - lr_scheduler_type             : SchedulerType.LINEAR[0m
[35m[2026-04-24 16:19:09,746] [   DEBUG][0m - max_estimate_samples          : 100000.0[0m
[35m[2026-04-24 16:19:09,746] [   DEBUG][0m - max_evaluate_steps            : -1[0m
[35m[2026-04-24 16:19:09,746] [   DEBUG][0m - max_grad_norm                 : 1.0[0m
[35m[2026-04-24 16:19:09,746] [   DEBUG][0m - max_gradient_accumulation_steps: 4[0m
[35m[2026-04-24 16:19:09,746] [   DEBUG][0m - max_seq_len                   : 4096[0m
[35m[2026-04-24 16:19:09,746] [   DEBUG][0m - max_steps                     : 100[0m
[35m[2026-04-24 16:19:09,746] [   DEBUG][0m - merge_with_qdq_base_model     : False[0m
[35m[2026-04-24 16:19:09,746] [   DEBUG][0m - metric_for_best_model         : None[0m
[35m[2026-04-24 16:19:09,747] [   DEBUG][0m - metrics_output_path           : None[0m
[35m[2026-04-24 16:19:09,747] [   DEBUG][0m - min_lr                        : 0.0[0m
[35m[2026-04-24 16:19:09,747] [   DEBUG][0m - minimum_eval_times            : None[0m
[35m[2026-04-24 16:19:09,747] [   DEBUG][0m - model_name_or_path            : ./models/Llama-2-13b[0m
[35m[2026-04-24 16:19:09,747] [   DEBUG][0m - moe_deep_gemm                 : False[0m
[35m[2026-04-24 16:19:09,747] [   DEBUG][0m - moe_deepep_num_sms            : None[0m
[35m[2026-04-24 16:19:09,747] [   DEBUG][0m - moe_dequant_input             : False[0m
[35m[2026-04-24 16:19:09,747] [   DEBUG][0m - moe_dropout_prob              : 0.0[0m
[35m[2026-04-24 16:19:09,747] [   DEBUG][0m - moe_ep_barrier                : True[0m
[35m[2026-04-24 16:19:09,748] [   DEBUG][0m - moe_expert_capacity_factor    : 0.0[0m
[35m[2026-04-24 16:19:09,748] [   DEBUG][0m - moe_expert_fusion             : True[0m
[35m[2026-04-24 16:19:09,748] [   DEBUG][0m - moe_gate_lr_ratio             : None[0m
[35m[2026-04-24 16:19:09,748] [   DEBUG][0m - moe_grouped_gemm              : False[0m
[35m[2026-04-24 16:19:09,748] [   DEBUG][0m - moe_pad_expert_input_to_capacity: False[0m
[35m[2026-04-24 16:19:09,748] [   DEBUG][0m - moe_router_bias_update_rate   : 0.0[0m
[35m[2026-04-24 16:19:09,748] [   DEBUG][0m - moe_router_force_load_balancing: False[0m
[35m[2026-04-24 16:19:09,748] [   DEBUG][0m - moe_router_fusion             : True[0m
[35m[2026-04-24 16:19:09,749] [   DEBUG][0m - moe_router_load_balancing_type: seq_aux_loss[0m
[35m[2026-04-24 16:19:09,749] [   DEBUG][0m - moe_sharding_parallel_rank    : 0[0m
[35m[2026-04-24 16:19:09,749] [   DEBUG][0m - moe_sharding_parallel_size    : 1[0m
[35m[2026-04-24 16:19:09,749] [   DEBUG][0m - moe_shared_expert_overlap     : True[0m
[35m[2026-04-24 16:19:09,749] [   DEBUG][0m - moe_subbatch_token_num_after_dispatch: None[0m
[35m[2026-04-24 16:19:09,749] [   DEBUG][0m - moe_subbatch_token_num_before_dispatch: 0[0m
[35m[2026-04-24 16:19:09,749] [   DEBUG][0m - moe_token_dispatcher_type     : deepep[0m
[35m[2026-04-24 16:19:09,749] [   DEBUG][0m - moe_token_drop_policy         : probs[0m
[35m[2026-04-24 16:19:09,749] [   DEBUG][0m - moe_use_fusion_node           : True[0m
[35m[2026-04-24 16:19:09,749] [   DEBUG][0m - moe_with_send_router_loss     : True[0m
[35m[2026-04-24 16:19:09,750] [   DEBUG][0m - mp_async_allreduce            : False[0m
[35m[2026-04-24 16:19:09,750] [   DEBUG][0m - mp_fused_linear_param_grad_add: False[0m
[35m[2026-04-24 16:19:09,750] [   DEBUG][0m - mp_skip_c_identity            : False[0m
[35m[2026-04-24 16:19:09,750] [   DEBUG][0m - mtp_distillation_loss         : False[0m
[35m[2026-04-24 16:19:09,750] [   DEBUG][0m - mtp_num_layers                : 0[0m
[35m[2026-04-24 16:19:09,750] [   DEBUG][0m - multi_latent_attention        : False[0m
[35m[2026-04-24 16:19:09,750] [   DEBUG][0m - n_routed_experts              : None[0m
[35m[2026-04-24 16:19:09,750] [   DEBUG][0m - nccl_comm_group_config        : None[0m
[35m[2026-04-24 16:19:09,750] [   DEBUG][0m - need_data                     : True[0m
[35m[2026-04-24 16:19:09,751] [   DEBUG][0m - no_cuda                       : False[0m
[35m[2026-04-24 16:19:09,751] [   DEBUG][0m - no_recompute_layers           : None[0m
[35m[2026-04-24 16:19:09,751] [   DEBUG][0m - no_rope_freq                  : False[0m
[35m[2026-04-24 16:19:09,751] [   DEBUG][0m - non_batch_p2p_comm            : False[0m
[35m[2026-04-24 16:19:09,751] [   DEBUG][0m - normalization                 : RMSNorm[0m
[35m[2026-04-24 16:19:09,751] [   DEBUG][0m - normalize_logps               : False[0m
[35m[2026-04-24 16:19:09,751] [   DEBUG][0m - num_attention_heads           : None[0m
[35m[2026-04-24 16:19:09,751] [   DEBUG][0m - num_consecutive               : 1[0m
[35m[2026-04-24 16:19:09,751] [   DEBUG][0m - num_cycles                    : 0.5[0m
[35m[2026-04-24 16:19:09,751] [   DEBUG][0m - num_empty_layers_add_in_head  : 0[0m
[35m[2026-04-24 16:19:09,752] [   DEBUG][0m - num_empty_layers_add_in_tail  : 0[0m
[35m[2026-04-24 16:19:09,752] [   DEBUG][0m - num_experts_per_tok           : None[0m
[35m[2026-04-24 16:19:09,752] [   DEBUG][0m - num_hidden_layers             : None[0m
[35m[2026-04-24 16:19:09,752] [   DEBUG][0m - num_key_value_heads           : None[0m
[35m[2026-04-24 16:19:09,752] [   DEBUG][0m - num_nextn_predict_layers      : 0[0m
[35m[2026-04-24 16:19:09,752] [   DEBUG][0m - num_of_gpus                   : -1[0m
[35m[2026-04-24 16:19:09,752] [   DEBUG][0m - num_train_epochs              : 1.0[0m
[35m[2026-04-24 16:19:09,752] [   DEBUG][0m - offload_fp8_expert_master_weight: True[0m
[35m[2026-04-24 16:19:09,752] [   DEBUG][0m - offload_queue                 : False[0m
[35m[2026-04-24 16:19:09,752] [   DEBUG][0m - offset_alpha                  : 0.0[0m
[35m[2026-04-24 16:19:09,753] [   DEBUG][0m - optim                         : OptimizerNames.ADAMW[0m
[35m[2026-04-24 16:19:09,753] [   DEBUG][0m - optim_shard_num               : 1[0m
[35m[2026-04-24 16:19:09,753] [   DEBUG][0m - optimizer_name_suffix         : tp00_pp00[0m
[35m[2026-04-24 16:19:09,753] [   DEBUG][0m - ordered_save_group_size       : 0[0m
[35m[2026-04-24 16:19:09,753] [   DEBUG][0m - output_dir                    : ./checkpoints/pt/13b[0m
[35m[2026-04-24 16:19:09,753] [   DEBUG][0m - output_layer_init_method      : None[0m
[35m[2026-04-24 16:19:09,753] [   DEBUG][0m - output_signal_dir             : ./checkpoints/pt/13b[0m
[35m[2026-04-24 16:19:09,753] [   DEBUG][0m - overlap                       : False[0m
[35m[2026-04-24 16:19:09,753] [   DEBUG][0m - overlap_p2p_comm              : False[0m
[35m[2026-04-24 16:19:09,753] [   DEBUG][0m - overwrite_output_dir          : True[0m
[35m[2026-04-24 16:19:09,754] [   DEBUG][0m - p2p_cache_shape               : True[0m
[35m[2026-04-24 16:19:09,754] [   DEBUG][0m - pad_token_id                  : 0[0m
[35m[2026-04-24 16:19:09,754] [   DEBUG][0m - partial_send_recv             : True[0m
[35m[2026-04-24 16:19:09,754] [   DEBUG][0m - past_index                    : -1[0m
[35m[2026-04-24 16:19:09,754] [   DEBUG][0m - pdc_download_ckpt             : False[0m
[35m[2026-04-24 16:19:09,754] [   DEBUG][0m - pdc_download_timeout          : 300[0m
[35m[2026-04-24 16:19:09,754] [   DEBUG][0m - per_device_eval_batch_size    : 1[0m
[35m[2026-04-24 16:19:09,754] [   DEBUG][0m - per_device_train_batch_size   : 1[0m
[35m[2026-04-24 16:19:09,754] [   DEBUG][0m - pipeline_model_parallel_size  : 2[0m
[35m[2026-04-24 16:19:09,754] [   DEBUG][0m - pipeline_parallel_config      : [0m
[35m[2026-04-24 16:19:09,755] [   DEBUG][0m - pipeline_parallel_rank        : 0[0m
[35m[2026-04-24 16:19:09,755] [   DEBUG][0m - position_embedding_type       : rope[0m
[35m[2026-04-24 16:19:09,755] [   DEBUG][0m - power                         : 1.0[0m
[35m[2026-04-24 16:19:09,755] [   DEBUG][0m - pp_delay_scale_loss           : True[0m
[35m[2026-04-24 16:19:09,755] [   DEBUG][0m - pp_need_data                  : False[0m
[35m[2026-04-24 16:19:09,755] [   DEBUG][0m - pp_need_data_degree           : 0[0m
[35m[2026-04-24 16:19:09,755] [   DEBUG][0m - pp_release_grads              : False[0m
[35m[2026-04-24 16:19:09,755] [   DEBUG][0m - pp_sharding_comm_overlap      : False[0m
[35m[2026-04-24 16:19:09,755] [   DEBUG][0m - pp_sync_moment                : False[0m
[35m[2026-04-24 16:19:09,755] [   DEBUG][0m - pp_sync_param                 : False[0m
[35m[2026-04-24 16:19:09,756] [   DEBUG][0m - pre_alloc_memory              : 0[0m
[35m[2026-04-24 16:19:09,756] [   DEBUG][0m - prediction_loss_only          : False[0m
[35m[2026-04-24 16:19:09,756] [   DEBUG][0m - pref_loss_ratio               : 1.0[0m
[35m[2026-04-24 16:19:09,756] [   DEBUG][0m - prefetch_factor               : 2[0m
[35m[2026-04-24 16:19:09,756] [   DEBUG][0m - process_index                 : 0[0m
[35m[2026-04-24 16:19:09,756] [   DEBUG][0m - profile                       : False[0m
[35m[2026-04-24 16:19:09,756] [   DEBUG][0m - profile_step_end              : 12[0m
[35m[2026-04-24 16:19:09,756] [   DEBUG][0m - profile_step_start            : 10[0m
[35m[2026-04-24 16:19:09,756] [   DEBUG][0m - recompute_granularity         : full[0m
[35m[2026-04-24 16:19:09,756] [   DEBUG][0m - recompute_method              : uniform[0m
[35m[2026-04-24 16:19:09,757] [   DEBUG][0m - recompute_modules             : None[0m
[35m[2026-04-24 16:19:09,757] [   DEBUG][0m - recompute_mtp_granularity     : None[0m
[35m[2026-04-24 16:19:09,757] [   DEBUG][0m - recompute_mtp_method          : None[0m
[35m[2026-04-24 16:19:09,757] [   DEBUG][0m - recompute_mtp_modules         : None[0m
[35m[2026-04-24 16:19:09,757] [   DEBUG][0m - recompute_num_layers          : 1[0m
[35m[2026-04-24 16:19:09,757] [   DEBUG][0m - recompute_use_reentrant       : True[0m
[35m[2026-04-24 16:19:09,757] [   DEBUG][0m - reeao_dataset_rank            : 0[0m
[35m[2026-04-24 16:19:09,757] [   DEBUG][0m - reeao_dataset_world_size      : 1[0m
[35m[2026-04-24 16:19:09,757] [   DEBUG][0m - ref_model_update_steps        : -1[0m
[35m[2026-04-24 16:19:09,757] [   DEBUG][0m - reference_free                : False[0m
[35m[2026-04-24 16:19:09,758] [   DEBUG][0m - release_grads                 : False[0m
[35m[2026-04-24 16:19:09,758] [   DEBUG][0m - remove_unused_columns         : True[0m
[35m[2026-04-24 16:19:09,758] [   DEBUG][0m - reorder_pipeline_priority     : False[0m
[35m[2026-04-24 16:19:09,758] [   DEBUG][0m - replace_with_c_embedding      : False[0m
[35m[2026-04-24 16:19:09,758] [   DEBUG][0m - replace_with_parallel_cross_entropy: False[0m
[35m[2026-04-24 16:19:09,758] [   DEBUG][0m - replicate_saved_into_local    : False[0m
[35m[2026-04-24 16:19:09,758] [   DEBUG][0m - report_to                     : ['visualdl'][0m
[35m[2026-04-24 16:19:09,758] [   DEBUG][0m - resume_from_checkpoint        : None[0m
[35m[2026-04-24 16:19:09,758] [   DEBUG][0m - resume_from_huggingface_ckpt  : None[0m
[35m[2026-04-24 16:19:09,758] [   DEBUG][0m - router_aux_loss_coef          : 0.0[0m
[35m[2026-04-24 16:19:09,759] [   DEBUG][0m - router_z_loss_coef            : None[0m
[35m[2026-04-24 16:19:09,759] [   DEBUG][0m - run_name                      : ./checkpoints/pt/13b[0m
[35m[2026-04-24 16:19:09,759] [   DEBUG][0m - same_data                     : None[0m
[35m[2026-04-24 16:19:09,759] [   DEBUG][0m - save_checkpoint_format        : flex_checkpoint[0m
[35m[2026-04-24 16:19:09,759] [   DEBUG][0m - save_hf_memory_growth_threshold: 8[0m
[35m[2026-04-24 16:19:09,759] [   DEBUG][0m - save_hf_steps                 : -1[0m
[35m[2026-04-24 16:19:09,759] [   DEBUG][0m - save_hf_total_limit           : None[0m
[35m[2026-04-24 16:19:09,759] [   DEBUG][0m - save_last_step                : False[0m
[35m[2026-04-24 16:19:09,759] [   DEBUG][0m - save_on_each_node             : False[0m
[35m[2026-04-24 16:19:09,759] [   DEBUG][0m - save_rng_states               : True[0m
[35m[2026-04-24 16:19:09,760] [   DEBUG][0m - save_sharded_model            : False[0m
[35m[2026-04-24 16:19:09,760] [   DEBUG][0m - save_sharding_stage1_model_include_freeze_params: False[0m
[35m[2026-04-24 16:19:09,760] [   DEBUG][0m - save_steps                    : 100[0m
[35m[2026-04-24 16:19:09,760] [   DEBUG][0m - save_strategy                 : IntervalStrategy.STEPS[0m
[35m[2026-04-24 16:19:09,760] [   DEBUG][0m - save_to_hf                    : True[0m
[35m[2026-04-24 16:19:09,760] [   DEBUG][0m - save_tokenizer                : True[0m
[35m[2026-04-24 16:19:09,760] [   DEBUG][0m - save_total_limit              : None[0m
[35m[2026-04-24 16:19:09,760] [   DEBUG][0m - scale_loss                    : 32768[0m
[35m[2026-04-24 16:19:09,760] [   DEBUG][0m - sd_release_grads              : False[0m
[35m[2026-04-24 16:19:09,760] [   DEBUG][0m - sd_sharding_comm_overlap      : False[0m
[35m[2026-04-24 16:19:09,761] [   DEBUG][0m - sd_shardingv1_comm_overlap    : False[0m
[35m[2026-04-24 16:19:09,761] [   DEBUG][0m - seed                          : 23[0m
[35m[2026-04-24 16:19:09,761] [   DEBUG][0m - send_recv_overlap             : False[0m
[35m[2026-04-24 16:19:09,761] [   DEBUG][0m - sep_parallel_size             : 1[0m
[35m[2026-04-24 16:19:09,761] [   DEBUG][0m - sequence_parallel             : False[0m
[35m[2026-04-24 16:19:09,761] [   DEBUG][0m - sequence_parallel_config      : [0m
[35m[2026-04-24 16:19:09,761] [   DEBUG][0m - sft_loss_ratio                : 0.0[0m
[35m[2026-04-24 16:19:09,761] [   DEBUG][0m - sharded_model_from_ema        : False[0m
[35m[2026-04-24 16:19:09,761] [   DEBUG][0m - sharding                      : [][0m
[35m[2026-04-24 16:19:09,761] [   DEBUG][0m - sharding_comm_buffer_size_MB  : -1[0m
[35m[2026-04-24 16:19:09,762] [   DEBUG][0m - sharding_degree               : -1[0m
[35m[2026-04-24 16:19:09,762] [   DEBUG][0m - sharding_offload_opt_buffersize_GB: -1[0m
[35m[2026-04-24 16:19:09,762] [   DEBUG][0m - sharding_parallel_config      : [0m
[35m[2026-04-24 16:19:09,762] [   DEBUG][0m - sharding_parallel_mesh_dimension: dp[0m
[35m[2026-04-24 16:19:09,762] [   DEBUG][0m - sharding_parallel_rank        : 0[0m
[35m[2026-04-24 16:19:09,762] [   DEBUG][0m - sharding_parallel_size        : 1[0m
[35m[2026-04-24 16:19:09,762] [   DEBUG][0m - should_load_dataset           : True[0m
[35m[2026-04-24 16:19:09,762] [   DEBUG][0m - should_load_sharding_stage1_model: False[0m
[35m[2026-04-24 16:19:09,762] [   DEBUG][0m - should_log                    : True[0m
[35m[2026-04-24 16:19:09,763] [   DEBUG][0m - should_save                   : True[0m
[35m[2026-04-24 16:19:09,763] [   DEBUG][0m - should_save_model_state       : True[0m
[35m[2026-04-24 16:19:09,763] [   DEBUG][0m - should_save_model_with_tensor_fusion: False[0m
[35m[2026-04-24 16:19:09,763] [   DEBUG][0m - should_save_sharding_stage1_model: False[0m
[35m[2026-04-24 16:19:09,763] [   DEBUG][0m - shuffle_consecutive           : False[0m
[35m[2026-04-24 16:19:09,763] [   DEBUG][0m - simpo_gamma                   : 0.5[0m
[35m[2026-04-24 16:19:09,763] [   DEBUG][0m - skip_data_intervals           : None[0m
[35m[2026-04-24 16:19:09,763] [   DEBUG][0m - skip_memory_metrics           : True[0m
[35m[2026-04-24 16:19:09,763] [   DEBUG][0m - skip_profile_timer            : True[0m
[35m[2026-04-24 16:19:09,763] [   DEBUG][0m - softmax_scale                 : None[0m
[35m[2026-04-24 16:19:09,764] [   DEBUG][0m - softmax_type                  : vanilla[0m
[35m[2026-04-24 16:19:09,764] [   DEBUG][0m - sp_allreduce_avg_in_gradinent_scale: False[0m
[35m[2026-04-24 16:19:09,764] [   DEBUG][0m - sp_async_reduce_scatter       : False[0m
[35m[2026-04-24 16:19:09,764] [   DEBUG][0m - split_backward                : False[0m
[35m[2026-04-24 16:19:09,764] [   DEBUG][0m - split_inputs_sequence_dim     : True[0m
[35m[2026-04-24 16:19:09,764] [   DEBUG][0m - split_norm_comm               : False[0m
[35m[2026-04-24 16:19:09,764] [   DEBUG][0m - split_param                   : True[0m
[35m[2026-04-24 16:19:09,764] [   DEBUG][0m - stage1_allgather_overlap      : False[0m
[35m[2026-04-24 16:19:09,764] [   DEBUG][0m - stage1_broadcast_overlap      : False[0m
[35m[2026-04-24 16:19:09,764] [   DEBUG][0m - stage1_overlap                : False[0m
[35m[2026-04-24 16:19:09,765] [   DEBUG][0m - stage1_reduce_avg             : True[0m
[35m[2026-04-24 16:19:09,765] [   DEBUG][0m - stage1_tensor_fusion          : False[0m
[35m[2026-04-24 16:19:09,765] [   DEBUG][0m - stage2_overlap                : False[0m
[35m[2026-04-24 16:19:09,765] [   DEBUG][0m - sync_grad                     : False[0m
[35m[2026-04-24 16:19:09,765] [   DEBUG][0m - tensor_fusion                 : False[0m
[35m[2026-04-24 16:19:09,765] [   DEBUG][0m - tensor_model_parallel_size    : 2[0m
[35m[2026-04-24 16:19:09,765] [   DEBUG][0m - tensor_parallel_config        : [0m
[35m[2026-04-24 16:19:09,765] [   DEBUG][0m - tensor_parallel_output        : True[0m
[35m[2026-04-24 16:19:09,765] [   DEBUG][0m - tensor_parallel_rank          : 0[0m
[35m[2026-04-24 16:19:09,765] [   DEBUG][0m - tensorwise_offload_optimizer  : False[0m
[35m[2026-04-24 16:19:09,766] [   DEBUG][0m - tie_word_embeddings           : None[0m
[35m[2026-04-24 16:19:09,766] [   DEBUG][0m - timer                         : False[0m
[35m[2026-04-24 16:19:09,766] [   DEBUG][0m - to_static                     : False[0m
[35m[2026-04-24 16:19:09,766] [   DEBUG][0m - token_balance_loss            : False[0m
[35m[2026-04-24 16:19:09,766] [   DEBUG][0m - tp_async_allreduce            : False[0m
[35m[2026-04-24 16:19:09,766] [   DEBUG][0m - tp_sync_moment                : False[0m
[35m[2026-04-24 16:19:09,766] [   DEBUG][0m - tp_sync_param                 : False[0m
[35m[2026-04-24 16:19:09,766] [   DEBUG][0m - train_batch_size              : 1[0m
[35m[2026-04-24 16:19:09,766] [   DEBUG][0m - train_mtp_only                : False[0m
[35m[2026-04-24 16:19:09,767] [   DEBUG][0m - unified_checkpoint            : False[0m
[35m[2026-04-24 16:19:09,767] [   DEBUG][0m - unified_checkpoint_config     : [0m
[35m[2026-04-24 16:19:09,767] [   DEBUG][0m - use_async_save                : False[0m
[35m[2026-04-24 16:19:09,767] [   DEBUG][0m - use_cache                     : False[0m
[35m[2026-04-24 16:19:09,767] [   DEBUG][0m - use_dualpipev                 : False[0m
[35m[2026-04-24 16:19:09,767] [   DEBUG][0m - use_expert_parallel           : False[0m
[35m[2026-04-24 16:19:09,767] [   DEBUG][0m - use_filtered_label_loss       : False[0m
[35m[2026-04-24 16:19:09,767] [   DEBUG][0m - use_fp8                       : False[0m
[35m[2026-04-24 16:19:09,767] [   DEBUG][0m - use_fused_head_and_loss_fn    : False[0m
[35m[2026-04-24 16:19:09,767] [   DEBUG][0m - use_fused_linear_cross_entropy: False[0m
[35m[2026-04-24 16:19:09,768] [   DEBUG][0m - use_hybrid_parallel           : True[0m
[35m[2026-04-24 16:19:09,768] [   DEBUG][0m - use_intermediate_api          : False[0m
[35m[2026-04-24 16:19:09,768] [   DEBUG][0m - use_lowprecision_moment       : False[0m
[35m[2026-04-24 16:19:09,768] [   DEBUG][0m - use_moe                       : False[0m
[35m[2026-04-24 16:19:09,768] [   DEBUG][0m - use_ortho_loss_callback       : False[0m
[35m[2026-04-24 16:19:09,768] [   DEBUG][0m - use_qk_norm                   : None[0m
[35m[2026-04-24 16:19:09,768] [   DEBUG][0m - use_recompute_mtp             : False[0m
[35m[2026-04-24 16:19:09,768] [   DEBUG][0m - use_unified_moe               : False[0m
[35m[2026-04-24 16:19:09,768] [   DEBUG][0m - using_sonic_moe               : False[0m
[35m[2026-04-24 16:19:09,769] [   DEBUG][0m - variable_seq_lengths          : False[0m
[35m[2026-04-24 16:19:09,769] [   DEBUG][0m - virtual_pipeline_model_parallel_size: 1[0m
[35m[2026-04-24 16:19:09,769] [   DEBUG][0m - wandb_api_key                 : None[0m
[35m[2026-04-24 16:19:09,769] [   DEBUG][0m - wandb_http_proxy              : None[0m
[35m[2026-04-24 16:19:09,769] [   DEBUG][0m - warmup_ratio                  : 0.0[0m
[35m[2026-04-24 16:19:09,769] [   DEBUG][0m - warmup_steps                  : 10[0m
[35m[2026-04-24 16:19:09,769] [   DEBUG][0m - weight_decay                  : 0.0[0m
[35m[2026-04-24 16:19:09,769] [   DEBUG][0m - weight_name_suffix            : tp00_pp00[0m
[35m[2026-04-24 16:19:09,769] [   DEBUG][0m - weight_quantize_algo          : None[0m
[35m[2026-04-24 16:19:09,769] [   DEBUG][0m - world_size                    : 4[0m
[35m[2026-04-24 16:19:09,770] [   DEBUG][0m - zcc_ema_interval              : 1[0m
[35m[2026-04-24 16:19:09,770] [   DEBUG][0m - zcc_ema_loss_threshold        : None[0m
[35m[2026-04-24 16:19:09,770] [   DEBUG][0m - zcc_pipeline_hooks_capacity_usage: 0.6[0m
[35m[2026-04-24 16:19:09,770] [   DEBUG][0m - zcc_save_ema_coef             : None[0m
[35m[2026-04-24 16:19:09,770] [   DEBUG][0m - zcc_workers_num               : 3[0m
[35m[2026-04-24 16:19:09,770] [   DEBUG][0m - [0m
[32m[2026-04-24 16:19:09,772] [    INFO][0m - The global seed is set to 23, local seed is set to 27 and random seed is set to 23.[0m
[33m[2026-04-24 16:19:09,772] [ WARNING][0m - Process rank: 0, device: gpu, world_size: 4, distributed training: True, 16-bits training: True[0m
[32m[2026-04-24 16:19:09,772] [    INFO][0m - Using download source: huggingface[0m
[32m[2026-04-24 16:19:09,772] [    INFO][0m - Using download source: huggingface[0m
[32m[2026-04-24 16:19:09,772] [    INFO][0m - Loading configuration file ./models/Llama-2-13b/config.json[0m
[32m[2026-04-24 16:19:09,776] [    INFO][0m - Final model config: LlamaConfig {
  "_name_or_path": "meta-llama/Llama-2-13b-hf",
  "architectures": [
    "LlamaForCausalLM"
  ],
  "attention_bias": false,
  "attention_dropout": 0.0,
  "bos_token_id": 1,
  "enable_auto_parallel": false,
  "eos_token_id": 2,
  "head_dim": 128,
  "hidden_act": "silu",
  "hidden_size": 5120,
  "initializer_range": 0.02,
  "intermediate_size": 13824,
  "is_lora": false,
  "max_position_embeddings": 4096,
  "max_sequence_length": 4096,
  "mlp_bias": false,
  "model_type": "llama",
  "moe_router_bias_update_rate": 0.0,
  "num_attention_heads": 40,
  "num_hidden_layers": 40,
  "num_key_value_heads": 40,
  "pad_token_id": 0,
  "paddleformers_version": "1.1.0.post20260424",
  "pipeline_model_parallel_size": 2,
  "pp_seg_method": "layer:DecoderLayer|EmptyLayer",
  "pretraining_tp": 2,
  "recompute_granularity": "full",
  "recompute_method": "uniform",
  "recompute_num_layers": 1,
  "rms_norm_eps": 1e-05,
  "rope_parameters": {
    "rope_theta": 10000.0,
    "rope_type": "default"
  },
  "rope_scaling": null,
  "rope_theta": 10000.0,
  "seq_length": 4096,
  "tensor_model_parallel_size": 2,
  "tie_word_embeddings": false,
  "torch_dtype": "float32",
  "use_cache": true,
  "use_fast_layer_norm": false,
  "vocab_size": 32000
}
[0m
[32m[2026-04-24 16:19:09,777] [    INFO][0m - Creating model[0m
[32m[2026-04-24 16:19:09,777] [    INFO][0m - Loading model weights from ./models/Llama-2-13b[0m
[32m[2026-04-24 16:19:09,782] [    INFO][0m - change initializer-range from 0.02 to 0.008068311858747157[0m
[32m[2026-04-24 16:19:09,782] [    INFO][0m - using moe-group: dummy[0m
[32m[2026-04-24 16:19:09,783] [    INFO][0m - use no_recompute_layers: {0, 1, 2, 3, 4, 5, 6, 7, 8, 9, 10, 11, 12, 13, 14, 15, 16, 17, 18, 19, 20, 21, 22, 23, 24, 25, 26, 27, 28, 29, 30, 31, 32, 33, 34, 35, 36, 37, 38, 39}[0m
[32m[2026-04-24 16:19:09,783] [    INFO][0m - using recompute_interval=0, seg_method=layer:DecoderLayer|EmptyLayer[0m
[32m[2026-04-24 16:19:09,783] [    INFO][0m - loss_subbatch_sequence_length: -1 , use_fused_head_and_loss_fn: False, use_filtered_label_loss: False[0m
[32m[2026-04-24 16:19:09,784] [    INFO][0m - using parallel cross entroy, take care[0m
[2026-04-24 16:19:09,785] [    INFO] pp_layers.py:871 - start segment network..
[2026-04-24 16:19:09,785] [    INFO] pp_layers.py:877 - segment with method: layer:DecoderLayer|EmptyLayer; result: 0, 21, 43
[2026-04-24 16:19:09,785] [    INFO] pp_layers.py:894 - stage=0, global_rank=0 ,layer_number=21
[2026-04-24 16:19:09,788] [    INFO] pp_layers.py:899 - 0: EmbeddingPipe(config=LlamaConfig {
  "_name_or_path": "meta-llama/Llama-2-13b-hf",
  "architectures": [
    "LlamaForCausalLM"
  ],
  "attention_bias": false,
  "attention_dropout": 0.0,
  "bos_token_id": 1,
  "enable_auto_parallel": false,
  "eos_token_id": 2,
  "head_dim": 128,
  "hidden_act": "silu",
  "hidden_size": 5120,
  "initializer_range": 0.008068311858747157,
  "intermediate_size": 13824,
  "is_lora": false,
  "max_position_embeddings": 4096,
  "max_sequence_length": 4096,
  "mlp_bias": false,
  "model_type": "llama",
  "moe_group_origin": "dummy",
  "moe_rank": 0,
  "moe_router_bias_update_rate": 0.0,
  "moe_world_size": 1,
  "num_attention_heads": 40,
  "num_hidden_layers": 40,
  "num_key_value_heads": 40,
  "pad_token_id": 0,
  "paddleformers_version": "1.1.0.post20260424",
  "pipeline_model_parallel_size": 2,
  "pp_seg_method": "layer:DecoderLayer|EmptyLayer",
  "pretraining_tp": 2,
  "recompute_granularity": "full",
  "recompute_method": "uniform",
  "recompute_num_layers": 1,
  "rms_norm_eps": 1e-05,
  "rope_parameters": {
    "rope_theta": 10000.0,
    "rope_type": "default"
  },
  "rope_scaling": null,
  "rope_theta": 10000.0,
  "seq_length": 4096,
  "tensor_model_parallel_size": 2,
  "tie_word_embeddings": false,
  "torch_dtype": "float32",
  "use_cache": true,
  "use_fast_layer_norm": false,
  "vocab_size": 32000
}
, embed_cls=None, rotary_emb_cls=None)
[2026-04-24 16:19:09,791] [    INFO] pp_layers.py:899 - 1: DecoderLayerPipe(config=LlamaConfig {
  "_name_or_path": "meta-llama/Llama-2-13b-hf",
  "architectures": [
    "LlamaForCausalLM"
  ],
  "attention_bias": false,
  "attention_dropout": 0.0,
  "bos_token_id": 1,
  "enable_auto_parallel": false,
  "eos_token_id": 2,
  "head_dim": 128,
  "hidden_act": "silu",
  "hidden_size": 5120,
  "initializer_range": 0.008068311858747157,
  "intermediate_size": 13824,
  "is_lora": false,
  "max_position_embeddings": 4096,
  "max_sequence_length": 4096,
  "mlp_bias": false,
  "model_type": "llama",
  "moe_group_origin": "dummy",
  "moe_rank": 0,
  "moe_router_bias_update_rate": 0.0,
  "moe_world_size": 1,
  "num_attention_heads": 40,
  "num_hidden_layers": 40,
  "num_key_value_heads": 40,
  "pad_token_id": 0,
  "paddleformers_version": "1.1.0.post20260424",
  "pipeline_model_parallel_size": 2,
  "pp_seg_method": "layer:DecoderLayer|EmptyLayer",
  "pretraining_tp": 2,
  "recompute_granularity": "full",
  "recompute_method": "uniform",
  "recompute_num_layers": 1,
  "rms_norm_eps": 1e-05,
  "rope_parameters": {
    "rope_theta": 10000.0,
    "rope_type": "default"
  },
  "rope_scaling": null,
  "rope_theta": 10000.0,
  "seq_length": 4096,
  "tensor_model_parallel_size": 2,
  "tie_word_embeddings": false,
  "torch_dtype": "float32",
  "use_cache": true,
  "use_fast_layer_norm": false,
  "vocab_size": 32000
}
, layer_idx=0)
[2026-04-24 16:19:09,793] [    INFO] pp_layers.py:899 - 2: DecoderLayerPipe(config=LlamaConfig {
  "_name_or_path": "meta-llama/Llama-2-13b-hf",
  "architectures": [
    "LlamaForCausalLM"
  ],
  "attention_bias": false,
  "attention_dropout": 0.0,
  "bos_token_id": 1,
  "enable_auto_parallel": false,
  "eos_token_id": 2,
  "head_dim": 128,
  "hidden_act": "silu",
  "hidden_size": 5120,
  "initializer_range": 0.008068311858747157,
  "intermediate_size": 13824,
  "is_lora": false,
  "max_position_embeddings": 4096,
  "max_sequence_length": 4096,
  "mlp_bias": false,
  "model_type": "llama",
  "moe_group_origin": "dummy",
  "moe_rank": 0,
  "moe_router_bias_update_rate": 0.0,
  "moe_world_size": 1,
  "num_attention_heads": 40,
  "num_hidden_layers": 40,
  "num_key_value_heads": 40,
  "pad_token_id": 0,
  "paddleformers_version": "1.1.0.post20260424",
  "pipeline_model_parallel_size": 2,
  "pp_seg_method": "layer:DecoderLayer|EmptyLayer",
  "pretraining_tp": 2,
  "recompute_granularity": "full",
  "recompute_method": "uniform",
  "recompute_num_layers": 1,
  "rms_norm_eps": 1e-05,
  "rope_parameters": {
    "rope_theta": 10000.0,
    "rope_type": "default"
  },
  "rope_scaling": null,
  "rope_theta": 10000.0,
  "seq_length": 4096,
  "tensor_model_parallel_size": 2,
  "tie_word_embeddings": false,
  "torch_dtype": "float32",
  "use_cache": true,
  "use_fast_layer_norm": false,
  "vocab_size": 32000
}
, layer_idx=1)
[2026-04-24 16:19:09,796] [    INFO] pp_layers.py:899 - 3: DecoderLayerPipe(config=LlamaConfig {
  "_name_or_path": "meta-llama/Llama-2-13b-hf",
  "architectures": [
    "LlamaForCausalLM"
  ],
  "attention_bias": false,
  "attention_dropout": 0.0,
  "bos_token_id": 1,
  "enable_auto_parallel": false,
  "eos_token_id": 2,
  "head_dim": 128,
  "hidden_act": "silu",
  "hidden_size": 5120,
  "initializer_range": 0.008068311858747157,
  "intermediate_size": 13824,
  "is_lora": false,
  "max_position_embeddings": 4096,
  "max_sequence_length": 4096,
  "mlp_bias": false,
  "model_type": "llama",
  "moe_group_origin": "dummy",
  "moe_rank": 0,
  "moe_router_bias_update_rate": 0.0,
  "moe_world_size": 1,
  "num_attention_heads": 40,
  "num_hidden_layers": 40,
  "num_key_value_heads": 40,
  "pad_token_id": 0,
  "paddleformers_version": "1.1.0.post20260424",
  "pipeline_model_parallel_size": 2,
  "pp_seg_method": "layer:DecoderLayer|EmptyLayer",
  "pretraining_tp": 2,
  "recompute_granularity": "full",
  "recompute_method": "uniform",
  "recompute_num_layers": 1,
  "rms_norm_eps": 1e-05,
  "rope_parameters": {
    "rope_theta": 10000.0,
    "rope_type": "default"
  },
  "rope_scaling": null,
  "rope_theta": 10000.0,
  "seq_length": 4096,
  "tensor_model_parallel_size": 2,
  "tie_word_embeddings": false,
  "torch_dtype": "float32",
  "use_cache": true,
  "use_fast_layer_norm": false,
  "vocab_size": 32000
}
, layer_idx=2)
[2026-04-24 16:19:09,799] [    INFO] pp_layers.py:899 - 4: DecoderLayerPipe(config=LlamaConfig {
  "_name_or_path": "meta-llama/Llama-2-13b-hf",
  "architectures": [
    "LlamaForCausalLM"
  ],
  "attention_bias": false,
  "attention_dropout": 0.0,
  "bos_token_id": 1,
  "enable_auto_parallel": false,
  "eos_token_id": 2,
  "head_dim": 128,
  "hidden_act": "silu",
  "hidden_size": 5120,
  "initializer_range": 0.008068311858747157,
  "intermediate_size": 13824,
  "is_lora": false,
  "max_position_embeddings": 4096,
  "max_sequence_length": 4096,
  "mlp_bias": false,
  "model_type": "llama",
  "moe_group_origin": "dummy",
  "moe_rank": 0,
  "moe_router_bias_update_rate": 0.0,
  "moe_world_size": 1,
  "num_attention_heads": 40,
  "num_hidden_layers": 40,
  "num_key_value_heads": 40,
  "pad_token_id": 0,
  "paddleformers_version": "1.1.0.post20260424",
  "pipeline_model_parallel_size": 2,
  "pp_seg_method": "layer:DecoderLayer|EmptyLayer",
  "pretraining_tp": 2,
  "recompute_granularity": "full",
  "recompute_method": "uniform",
  "recompute_num_layers": 1,
  "rms_norm_eps": 1e-05,
  "rope_parameters": {
    "rope_theta": 10000.0,
    "rope_type": "default"
  },
  "rope_scaling": null,
  "rope_theta": 10000.0,
  "seq_length": 4096,
  "tensor_model_parallel_size": 2,
  "tie_word_embeddings": false,
  "torch_dtype": "float32",
  "use_cache": true,
  "use_fast_layer_norm": false,
  "vocab_size": 32000
}
, layer_idx=3)
[2026-04-24 16:19:09,801] [    INFO] pp_layers.py:899 - 5: DecoderLayerPipe(config=LlamaConfig {
  "_name_or_path": "meta-llama/Llama-2-13b-hf",
  "architectures": [
    "LlamaForCausalLM"
  ],
  "attention_bias": false,
  "attention_dropout": 0.0,
  "bos_token_id": 1,
  "enable_auto_parallel": false,
  "eos_token_id": 2,
  "head_dim": 128,
  "hidden_act": "silu",
  "hidden_size": 5120,
  "initializer_range": 0.008068311858747157,
  "intermediate_size": 13824,
  "is_lora": false,
  "max_position_embeddings": 4096,
  "max_sequence_length": 4096,
  "mlp_bias": false,
  "model_type": "llama",
  "moe_group_origin": "dummy",
  "moe_rank": 0,
  "moe_router_bias_update_rate": 0.0,
  "moe_world_size": 1,
  "num_attention_heads": 40,
  "num_hidden_layers": 40,
  "num_key_value_heads": 40,
  "pad_token_id": 0,
  "paddleformers_version": "1.1.0.post20260424",
  "pipeline_model_parallel_size": 2,
  "pp_seg_method": "layer:DecoderLayer|EmptyLayer",
  "pretraining_tp": 2,
  "recompute_granularity": "full",
  "recompute_method": "uniform",
  "recompute_num_layers": 1,
  "rms_norm_eps": 1e-05,
  "rope_parameters": {
    "rope_theta": 10000.0,
    "rope_type": "default"
  },
  "rope_scaling": null,
  "rope_theta": 10000.0,
  "seq_length": 4096,
  "tensor_model_parallel_size": 2,
  "tie_word_embeddings": false,
  "torch_dtype": "float32",
  "use_cache": true,
  "use_fast_layer_norm": false,
  "vocab_size": 32000
}
, layer_idx=4)
[2026-04-24 16:19:09,804] [    INFO] pp_layers.py:899 - 6: DecoderLayerPipe(config=LlamaConfig {
  "_name_or_path": "meta-llama/Llama-2-13b-hf",
  "architectures": [
    "LlamaForCausalLM"
  ],
  "attention_bias": false,
  "attention_dropout": 0.0,
  "bos_token_id": 1,
  "enable_auto_parallel": false,
  "eos_token_id": 2,
  "head_dim": 128,
  "hidden_act": "silu",
  "hidden_size": 5120,
  "initializer_range": 0.008068311858747157,
  "intermediate_size": 13824,
  "is_lora": false,
  "max_position_embeddings": 4096,
  "max_sequence_length": 4096,
  "mlp_bias": false,
  "model_type": "llama",
  "moe_group_origin": "dummy",
  "moe_rank": 0,
  "moe_router_bias_update_rate": 0.0,
  "moe_world_size": 1,
  "num_attention_heads": 40,
  "num_hidden_layers": 40,
  "num_key_value_heads": 40,
  "pad_token_id": 0,
  "paddleformers_version": "1.1.0.post20260424",
  "pipeline_model_parallel_size": 2,
  "pp_seg_method": "layer:DecoderLayer|EmptyLayer",
  "pretraining_tp": 2,
  "recompute_granularity": "full",
  "recompute_method": "uniform",
  "recompute_num_layers": 1,
  "rms_norm_eps": 1e-05,
  "rope_parameters": {
    "rope_theta": 10000.0,
    "rope_type": "default"
  },
  "rope_scaling": null,
  "rope_theta": 10000.0,
  "seq_length": 4096,
  "tensor_model_parallel_size": 2,
  "tie_word_embeddings": false,
  "torch_dtype": "float32",
  "use_cache": true,
  "use_fast_layer_norm": false,
  "vocab_size": 32000
}
, layer_idx=5)
[2026-04-24 16:19:09,807] [    INFO] pp_layers.py:899 - 7: DecoderLayerPipe(config=LlamaConfig {
  "_name_or_path": "meta-llama/Llama-2-13b-hf",
  "architectures": [
    "LlamaForCausalLM"
  ],
  "attention_bias": false,
  "attention_dropout": 0.0,
  "bos_token_id": 1,
  "enable_auto_parallel": false,
  "eos_token_id": 2,
  "head_dim": 128,
  "hidden_act": "silu",
  "hidden_size": 5120,
  "initializer_range": 0.008068311858747157,
  "intermediate_size": 13824,
  "is_lora": false,
  "max_position_embeddings": 4096,
  "max_sequence_length": 4096,
  "mlp_bias": false,
  "model_type": "llama",
  "moe_group_origin": "dummy",
  "moe_rank": 0,
  "moe_router_bias_update_rate": 0.0,
  "moe_world_size": 1,
  "num_attention_heads": 40,
  "num_hidden_layers": 40,
  "num_key_value_heads": 40,
  "pad_token_id": 0,
  "paddleformers_version": "1.1.0.post20260424",
  "pipeline_model_parallel_size": 2,
  "pp_seg_method": "layer:DecoderLayer|EmptyLayer",
  "pretraining_tp": 2,
  "recompute_granularity": "full",
  "recompute_method": "uniform",
  "recompute_num_layers": 1,
  "rms_norm_eps": 1e-05,
  "rope_parameters": {
    "rope_theta": 10000.0,
    "rope_type": "default"
  },
  "rope_scaling": null,
  "rope_theta": 10000.0,
  "seq_length": 4096,
  "tensor_model_parallel_size": 2,
  "tie_word_embeddings": false,
  "torch_dtype": "float32",
  "use_cache": true,
  "use_fast_layer_norm": false,
  "vocab_size": 32000
}
, layer_idx=6)
[2026-04-24 16:19:09,810] [    INFO] pp_layers.py:899 - 8: DecoderLayerPipe(config=LlamaConfig {
  "_name_or_path": "meta-llama/Llama-2-13b-hf",
  "architectures": [
    "LlamaForCausalLM"
  ],
  "attention_bias": false,
  "attention_dropout": 0.0,
  "bos_token_id": 1,
  "enable_auto_parallel": false,
  "eos_token_id": 2,
  "head_dim": 128,
  "hidden_act": "silu",
  "hidden_size": 5120,
  "initializer_range": 0.008068311858747157,
  "intermediate_size": 13824,
  "is_lora": false,
  "max_position_embeddings": 4096,
  "max_sequence_length": 4096,
  "mlp_bias": false,
  "model_type": "llama",
  "moe_group_origin": "dummy",
  "moe_rank": 0,
  "moe_router_bias_update_rate": 0.0,
  "moe_world_size": 1,
  "num_attention_heads": 40,
  "num_hidden_layers": 40,
  "num_key_value_heads": 40,
  "pad_token_id": 0,
  "paddleformers_version": "1.1.0.post20260424",
  "pipeline_model_parallel_size": 2,
  "pp_seg_method": "layer:DecoderLayer|EmptyLayer",
  "pretraining_tp": 2,
  "recompute_granularity": "full",
  "recompute_method": "uniform",
  "recompute_num_layers": 1,
  "rms_norm_eps": 1e-05,
  "rope_parameters": {
    "rope_theta": 10000.0,
    "rope_type": "default"
  },
  "rope_scaling": null,
  "rope_theta": 10000.0,
  "seq_length": 4096,
  "tensor_model_parallel_size": 2,
  "tie_word_embeddings": false,
  "torch_dtype": "float32",
  "use_cache": true,
  "use_fast_layer_norm": false,
  "vocab_size": 32000
}
, layer_idx=7)
[2026-04-24 16:19:09,812] [    INFO] pp_layers.py:899 - 9: DecoderLayerPipe(config=LlamaConfig {
  "_name_or_path": "meta-llama/Llama-2-13b-hf",
  "architectures": [
    "LlamaForCausalLM"
  ],
  "attention_bias": false,
  "attention_dropout": 0.0,
  "bos_token_id": 1,
  "enable_auto_parallel": false,
  "eos_token_id": 2,
  "head_dim": 128,
  "hidden_act": "silu",
  "hidden_size": 5120,
  "initializer_range": 0.008068311858747157,
  "intermediate_size": 13824,
  "is_lora": false,
  "max_position_embeddings": 4096,
  "max_sequence_length": 4096,
  "mlp_bias": false,
  "model_type": "llama",
  "moe_group_origin": "dummy",
  "moe_rank": 0,
  "moe_router_bias_update_rate": 0.0,
  "moe_world_size": 1,
  "num_attention_heads": 40,
  "num_hidden_layers": 40,
  "num_key_value_heads": 40,
  "pad_token_id": 0,
  "paddleformers_version": "1.1.0.post20260424",
  "pipeline_model_parallel_size": 2,
  "pp_seg_method": "layer:DecoderLayer|EmptyLayer",
  "pretraining_tp": 2,
  "recompute_granularity": "full",
  "recompute_method": "uniform",
  "recompute_num_layers": 1,
  "rms_norm_eps": 1e-05,
  "rope_parameters": {
    "rope_theta": 10000.0,
    "rope_type": "default"
  },
  "rope_scaling": null,
  "rope_theta": 10000.0,
  "seq_length": 4096,
  "tensor_model_parallel_size": 2,
  "tie_word_embeddings": false,
  "torch_dtype": "float32",
  "use_cache": true,
  "use_fast_layer_norm": false,
  "vocab_size": 32000
}
, layer_idx=8)
[2026-04-24 16:19:09,815] [    INFO] pp_layers.py:899 - 10: DecoderLayerPipe(config=LlamaConfig {
  "_name_or_path": "meta-llama/Llama-2-13b-hf",
  "architectures": [
    "LlamaForCausalLM"
  ],
  "attention_bias": false,
  "attention_dropout": 0.0,
  "bos_token_id": 1,
  "enable_auto_parallel": false,
  "eos_token_id": 2,
  "head_dim": 128,
  "hidden_act": "silu",
  "hidden_size": 5120,
  "initializer_range": 0.008068311858747157,
  "intermediate_size": 13824,
  "is_lora": false,
  "max_position_embeddings": 4096,
  "max_sequence_length": 4096,
  "mlp_bias": false,
  "model_type": "llama",
  "moe_group_origin": "dummy",
  "moe_rank": 0,
  "moe_router_bias_update_rate": 0.0,
  "moe_world_size": 1,
  "num_attention_heads": 40,
  "num_hidden_layers": 40,
  "num_key_value_heads": 40,
  "pad_token_id": 0,
  "paddleformers_version": "1.1.0.post20260424",
  "pipeline_model_parallel_size": 2,
  "pp_seg_method": "layer:DecoderLayer|EmptyLayer",
  "pretraining_tp": 2,
  "recompute_granularity": "full",
  "recompute_method": "uniform",
  "recompute_num_layers": 1,
  "rms_norm_eps": 1e-05,
  "rope_parameters": {
    "rope_theta": 10000.0,
    "rope_type": "default"
  },
  "rope_scaling": null,
  "rope_theta": 10000.0,
  "seq_length": 4096,
  "tensor_model_parallel_size": 2,
  "tie_word_embeddings": false,
  "torch_dtype": "float32",
  "use_cache": true,
  "use_fast_layer_norm": false,
  "vocab_size": 32000
}
, layer_idx=9)
[2026-04-24 16:19:09,818] [    INFO] pp_layers.py:899 - 11: DecoderLayerPipe(config=LlamaConfig {
  "_name_or_path": "meta-llama/Llama-2-13b-hf",
  "architectures": [
    "LlamaForCausalLM"
  ],
  "attention_bias": false,
  "attention_dropout": 0.0,
  "bos_token_id": 1,
  "enable_auto_parallel": false,
  "eos_token_id": 2,
  "head_dim": 128,
  "hidden_act": "silu",
  "hidden_size": 5120,
  "initializer_range": 0.008068311858747157,
  "intermediate_size": 13824,
  "is_lora": false,
  "max_position_embeddings": 4096,
  "max_sequence_length": 4096,
  "mlp_bias": false,
  "model_type": "llama",
  "moe_group_origin": "dummy",
  "moe_rank": 0,
  "moe_router_bias_update_rate": 0.0,
  "moe_world_size": 1,
  "num_attention_heads": 40,
  "num_hidden_layers": 40,
  "num_key_value_heads": 40,
  "pad_token_id": 0,
  "paddleformers_version": "1.1.0.post20260424",
  "pipeline_model_parallel_size": 2,
  "pp_seg_method": "layer:DecoderLayer|EmptyLayer",
  "pretraining_tp": 2,
  "recompute_granularity": "full",
  "recompute_method": "uniform",
  "recompute_num_layers": 1,
  "rms_norm_eps": 1e-05,
  "rope_parameters": {
    "rope_theta": 10000.0,
    "rope_type": "default"
  },
  "rope_scaling": null,
  "rope_theta": 10000.0,
  "seq_length": 4096,
  "tensor_model_parallel_size": 2,
  "tie_word_embeddings": false,
  "torch_dtype": "float32",
  "use_cache": true,
  "use_fast_layer_norm": false,
  "vocab_size": 32000
}
, layer_idx=10)
[2026-04-24 16:19:09,820] [    INFO] pp_layers.py:899 - 12: DecoderLayerPipe(config=LlamaConfig {
  "_name_or_path": "meta-llama/Llama-2-13b-hf",
  "architectures": [
    "LlamaForCausalLM"
  ],
  "attention_bias": false,
  "attention_dropout": 0.0,
  "bos_token_id": 1,
  "enable_auto_parallel": false,
  "eos_token_id": 2,
  "head_dim": 128,
  "hidden_act": "silu",
  "hidden_size": 5120,
  "initializer_range": 0.008068311858747157,
  "intermediate_size": 13824,
  "is_lora": false,
  "max_position_embeddings": 4096,
  "max_sequence_length": 4096,
  "mlp_bias": false,
  "model_type": "llama",
  "moe_group_origin": "dummy",
  "moe_rank": 0,
  "moe_router_bias_update_rate": 0.0,
  "moe_world_size": 1,
  "num_attention_heads": 40,
  "num_hidden_layers": 40,
  "num_key_value_heads": 40,
  "pad_token_id": 0,
  "paddleformers_version": "1.1.0.post20260424",
  "pipeline_model_parallel_size": 2,
  "pp_seg_method": "layer:DecoderLayer|EmptyLayer",
  "pretraining_tp": 2,
  "recompute_granularity": "full",
  "recompute_method": "uniform",
  "recompute_num_layers": 1,
  "rms_norm_eps": 1e-05,
  "rope_parameters": {
    "rope_theta": 10000.0,
    "rope_type": "default"
  },
  "rope_scaling": null,
  "rope_theta": 10000.0,
  "seq_length": 4096,
  "tensor_model_parallel_size": 2,
  "tie_word_embeddings": false,
  "torch_dtype": "float32",
  "use_cache": true,
  "use_fast_layer_norm": false,
  "vocab_size": 32000
}
, layer_idx=11)
[2026-04-24 16:19:09,823] [    INFO] pp_layers.py:899 - 13: DecoderLayerPipe(config=LlamaConfig {
  "_name_or_path": "meta-llama/Llama-2-13b-hf",
  "architectures": [
    "LlamaForCausalLM"
  ],
  "attention_bias": false,
  "attention_dropout": 0.0,
  "bos_token_id": 1,
  "enable_auto_parallel": false,
  "eos_token_id": 2,
  "head_dim": 128,
  "hidden_act": "silu",
  "hidden_size": 5120,
  "initializer_range": 0.008068311858747157,
  "intermediate_size": 13824,
  "is_lora": false,
  "max_position_embeddings": 4096,
  "max_sequence_length": 4096,
  "mlp_bias": false,
  "model_type": "llama",
  "moe_group_origin": "dummy",
  "moe_rank": 0,
  "moe_router_bias_update_rate": 0.0,
  "moe_world_size": 1,
  "num_attention_heads": 40,
  "num_hidden_layers": 40,
  "num_key_value_heads": 40,
  "pad_token_id": 0,
  "paddleformers_version": "1.1.0.post20260424",
  "pipeline_model_parallel_size": 2,
  "pp_seg_method": "layer:DecoderLayer|EmptyLayer",
  "pretraining_tp": 2,
  "recompute_granularity": "full",
  "recompute_method": "uniform",
  "recompute_num_layers": 1,
  "rms_norm_eps": 1e-05,
  "rope_parameters": {
    "rope_theta": 10000.0,
    "rope_type": "default"
  },
  "rope_scaling": null,
  "rope_theta": 10000.0,
  "seq_length": 4096,
  "tensor_model_parallel_size": 2,
  "tie_word_embeddings": false,
  "torch_dtype": "float32",
  "use_cache": true,
  "use_fast_layer_norm": false,
  "vocab_size": 32000
}
, layer_idx=12)
[2026-04-24 16:19:09,826] [    INFO] pp_layers.py:899 - 14: DecoderLayerPipe(config=LlamaConfig {
  "_name_or_path": "meta-llama/Llama-2-13b-hf",
  "architectures": [
    "LlamaForCausalLM"
  ],
  "attention_bias": false,
  "attention_dropout": 0.0,
  "bos_token_id": 1,
  "enable_auto_parallel": false,
  "eos_token_id": 2,
  "head_dim": 128,
  "hidden_act": "silu",
  "hidden_size": 5120,
  "initializer_range": 0.008068311858747157,
  "intermediate_size": 13824,
  "is_lora": false,
  "max_position_embeddings": 4096,
  "max_sequence_length": 4096,
  "mlp_bias": false,
  "model_type": "llama",
  "moe_group_origin": "dummy",
  "moe_rank": 0,
  "moe_router_bias_update_rate": 0.0,
  "moe_world_size": 1,
  "num_attention_heads": 40,
  "num_hidden_layers": 40,
  "num_key_value_heads": 40,
  "pad_token_id": 0,
  "paddleformers_version": "1.1.0.post20260424",
  "pipeline_model_parallel_size": 2,
  "pp_seg_method": "layer:DecoderLayer|EmptyLayer",
  "pretraining_tp": 2,
  "recompute_granularity": "full",
  "recompute_method": "uniform",
  "recompute_num_layers": 1,
  "rms_norm_eps": 1e-05,
  "rope_parameters": {
    "rope_theta": 10000.0,
    "rope_type": "default"
  },
  "rope_scaling": null,
  "rope_theta": 10000.0,
  "seq_length": 4096,
  "tensor_model_parallel_size": 2,
  "tie_word_embeddings": false,
  "torch_dtype": "float32",
  "use_cache": true,
  "use_fast_layer_norm": false,
  "vocab_size": 32000
}
, layer_idx=13)
[2026-04-24 16:19:09,828] [    INFO] pp_layers.py:899 - 15: DecoderLayerPipe(config=LlamaConfig {
  "_name_or_path": "meta-llama/Llama-2-13b-hf",
  "architectures": [
    "LlamaForCausalLM"
  ],
  "attention_bias": false,
  "attention_dropout": 0.0,
  "bos_token_id": 1,
  "enable_auto_parallel": false,
  "eos_token_id": 2,
  "head_dim": 128,
  "hidden_act": "silu",
  "hidden_size": 5120,
  "initializer_range": 0.008068311858747157,
  "intermediate_size": 13824,
  "is_lora": false,
  "max_position_embeddings": 4096,
  "max_sequence_length": 4096,
  "mlp_bias": false,
  "model_type": "llama",
  "moe_group_origin": "dummy",
  "moe_rank": 0,
  "moe_router_bias_update_rate": 0.0,
  "moe_world_size": 1,
  "num_attention_heads": 40,
  "num_hidden_layers": 40,
  "num_key_value_heads": 40,
  "pad_token_id": 0,
  "paddleformers_version": "1.1.0.post20260424",
  "pipeline_model_parallel_size": 2,
  "pp_seg_method": "layer:DecoderLayer|EmptyLayer",
  "pretraining_tp": 2,
  "recompute_granularity": "full",
  "recompute_method": "uniform",
  "recompute_num_layers": 1,
  "rms_norm_eps": 1e-05,
  "rope_parameters": {
    "rope_theta": 10000.0,
    "rope_type": "default"
  },
  "rope_scaling": null,
  "rope_theta": 10000.0,
  "seq_length": 4096,
  "tensor_model_parallel_size": 2,
  "tie_word_embeddings": false,
  "torch_dtype": "float32",
  "use_cache": true,
  "use_fast_layer_norm": false,
  "vocab_size": 32000
}
, layer_idx=14)
[2026-04-24 16:19:09,831] [    INFO] pp_layers.py:899 - 16: DecoderLayerPipe(config=LlamaConfig {
  "_name_or_path": "meta-llama/Llama-2-13b-hf",
  "architectures": [
    "LlamaForCausalLM"
  ],
  "attention_bias": false,
  "attention_dropout": 0.0,
  "bos_token_id": 1,
  "enable_auto_parallel": false,
  "eos_token_id": 2,
  "head_dim": 128,
  "hidden_act": "silu",
  "hidden_size": 5120,
  "initializer_range": 0.008068311858747157,
  "intermediate_size": 13824,
  "is_lora": false,
  "max_position_embeddings": 4096,
  "max_sequence_length": 4096,
  "mlp_bias": false,
  "model_type": "llama",
  "moe_group_origin": "dummy",
  "moe_rank": 0,
  "moe_router_bias_update_rate": 0.0,
  "moe_world_size": 1,
  "num_attention_heads": 40,
  "num_hidden_layers": 40,
  "num_key_value_heads": 40,
  "pad_token_id": 0,
  "paddleformers_version": "1.1.0.post20260424",
  "pipeline_model_parallel_size": 2,
  "pp_seg_method": "layer:DecoderLayer|EmptyLayer",
  "pretraining_tp": 2,
  "recompute_granularity": "full",
  "recompute_method": "uniform",
  "recompute_num_layers": 1,
  "rms_norm_eps": 1e-05,
  "rope_parameters": {
    "rope_theta": 10000.0,
    "rope_type": "default"
  },
  "rope_scaling": null,
  "rope_theta": 10000.0,
  "seq_length": 4096,
  "tensor_model_parallel_size": 2,
  "tie_word_embeddings": false,
  "torch_dtype": "float32",
  "use_cache": true,
  "use_fast_layer_norm": false,
  "vocab_size": 32000
}
, layer_idx=15)
[2026-04-24 16:19:09,834] [    INFO] pp_layers.py:899 - 17: DecoderLayerPipe(config=LlamaConfig {
  "_name_or_path": "meta-llama/Llama-2-13b-hf",
  "architectures": [
    "LlamaForCausalLM"
  ],
  "attention_bias": false,
  "attention_dropout": 0.0,
  "bos_token_id": 1,
  "enable_auto_parallel": false,
  "eos_token_id": 2,
  "head_dim": 128,
  "hidden_act": "silu",
  "hidden_size": 5120,
  "initializer_range": 0.008068311858747157,
  "intermediate_size": 13824,
  "is_lora": false,
  "max_position_embeddings": 4096,
  "max_sequence_length": 4096,
  "mlp_bias": false,
  "model_type": "llama",
  "moe_group_origin": "dummy",
  "moe_rank": 0,
  "moe_router_bias_update_rate": 0.0,
  "moe_world_size": 1,
  "num_attention_heads": 40,
  "num_hidden_layers": 40,
  "num_key_value_heads": 40,
  "pad_token_id": 0,
  "paddleformers_version": "1.1.0.post20260424",
  "pipeline_model_parallel_size": 2,
  "pp_seg_method": "layer:DecoderLayer|EmptyLayer",
  "pretraining_tp": 2,
  "recompute_granularity": "full",
  "recompute_method": "uniform",
  "recompute_num_layers": 1,
  "rms_norm_eps": 1e-05,
  "rope_parameters": {
    "rope_theta": 10000.0,
    "rope_type": "default"
  },
  "rope_scaling": null,
  "rope_theta": 10000.0,
  "seq_length": 4096,
  "tensor_model_parallel_size": 2,
  "tie_word_embeddings": false,
  "torch_dtype": "float32",
  "use_cache": true,
  "use_fast_layer_norm": false,
  "vocab_size": 32000
}
, layer_idx=16)
[2026-04-24 16:19:09,836] [    INFO] pp_layers.py:899 - 18: DecoderLayerPipe(config=LlamaConfig {
  "_name_or_path": "meta-llama/Llama-2-13b-hf",
  "architectures": [
    "LlamaForCausalLM"
  ],
  "attention_bias": false,
  "attention_dropout": 0.0,
  "bos_token_id": 1,
  "enable_auto_parallel": false,
  "eos_token_id": 2,
  "head_dim": 128,
  "hidden_act": "silu",
  "hidden_size": 5120,
  "initializer_range": 0.008068311858747157,
  "intermediate_size": 13824,
  "is_lora": false,
  "max_position_embeddings": 4096,
  "max_sequence_length": 4096,
  "mlp_bias": false,
  "model_type": "llama",
  "moe_group_origin": "dummy",
  "moe_rank": 0,
  "moe_router_bias_update_rate": 0.0,
  "moe_world_size": 1,
  "num_attention_heads": 40,
  "num_hidden_layers": 40,
  "num_key_value_heads": 40,
  "pad_token_id": 0,
  "paddleformers_version": "1.1.0.post20260424",
  "pipeline_model_parallel_size": 2,
  "pp_seg_method": "layer:DecoderLayer|EmptyLayer",
  "pretraining_tp": 2,
  "recompute_granularity": "full",
  "recompute_method": "uniform",
  "recompute_num_layers": 1,
  "rms_norm_eps": 1e-05,
  "rope_parameters": {
    "rope_theta": 10000.0,
    "rope_type": "default"
  },
  "rope_scaling": null,
  "rope_theta": 10000.0,
  "seq_length": 4096,
  "tensor_model_parallel_size": 2,
  "tie_word_embeddings": false,
  "torch_dtype": "float32",
  "use_cache": true,
  "use_fast_layer_norm": false,
  "vocab_size": 32000
}
, layer_idx=17)
[2026-04-24 16:19:09,839] [    INFO] pp_layers.py:899 - 19: DecoderLayerPipe(config=LlamaConfig {
  "_name_or_path": "meta-llama/Llama-2-13b-hf",
  "architectures": [
    "LlamaForCausalLM"
  ],
  "attention_bias": false,
  "attention_dropout": 0.0,
  "bos_token_id": 1,
  "enable_auto_parallel": false,
  "eos_token_id": 2,
  "head_dim": 128,
  "hidden_act": "silu",
  "hidden_size": 5120,
  "initializer_range": 0.008068311858747157,
  "intermediate_size": 13824,
  "is_lora": false,
  "max_position_embeddings": 4096,
  "max_sequence_length": 4096,
  "mlp_bias": false,
  "model_type": "llama",
  "moe_group_origin": "dummy",
  "moe_rank": 0,
  "moe_router_bias_update_rate": 0.0,
  "moe_world_size": 1,
  "num_attention_heads": 40,
  "num_hidden_layers": 40,
  "num_key_value_heads": 40,
  "pad_token_id": 0,
  "paddleformers_version": "1.1.0.post20260424",
  "pipeline_model_parallel_size": 2,
  "pp_seg_method": "layer:DecoderLayer|EmptyLayer",
  "pretraining_tp": 2,
  "recompute_granularity": "full",
  "recompute_method": "uniform",
  "recompute_num_layers": 1,
  "rms_norm_eps": 1e-05,
  "rope_parameters": {
    "rope_theta": 10000.0,
    "rope_type": "default"
  },
  "rope_scaling": null,
  "rope_theta": 10000.0,
  "seq_length": 4096,
  "tensor_model_parallel_size": 2,
  "tie_word_embeddings": false,
  "torch_dtype": "float32",
  "use_cache": true,
  "use_fast_layer_norm": false,
  "vocab_size": 32000
}
, layer_idx=18)
[2026-04-24 16:19:09,842] [    INFO] pp_layers.py:899 - 20: DecoderLayerPipe(config=LlamaConfig {
  "_name_or_path": "meta-llama/Llama-2-13b-hf",
  "architectures": [
    "LlamaForCausalLM"
  ],
  "attention_bias": false,
  "attention_dropout": 0.0,
  "bos_token_id": 1,
  "enable_auto_parallel": false,
  "eos_token_id": 2,
  "head_dim": 128,
  "hidden_act": "silu",
  "hidden_size": 5120,
  "initializer_range": 0.008068311858747157,
  "intermediate_size": 13824,
  "is_lora": false,
  "max_position_embeddings": 4096,
  "max_sequence_length": 4096,
  "mlp_bias": false,
  "model_type": "llama",
  "moe_group_origin": "dummy",
  "moe_rank": 0,
  "moe_router_bias_update_rate": 0.0,
  "moe_world_size": 1,
  "num_attention_heads": 40,
  "num_hidden_layers": 40,
  "num_key_value_heads": 40,
  "pad_token_id": 0,
  "paddleformers_version": "1.1.0.post20260424",
  "pipeline_model_parallel_size": 2,
  "pp_seg_method": "layer:DecoderLayer|EmptyLayer",
  "pretraining_tp": 2,
  "recompute_granularity": "full",
  "recompute_method": "uniform",
  "recompute_num_layers": 1,
  "rms_norm_eps": 1e-05,
  "rope_parameters": {
    "rope_theta": 10000.0,
    "rope_type": "default"
  },
  "rope_scaling": null,
  "rope_theta": 10000.0,
  "seq_length": 4096,
  "tensor_model_parallel_size": 2,
  "tie_word_embeddings": false,
  "torch_dtype": "float32",
  "use_cache": true,
  "use_fast_layer_norm": false,
  "vocab_size": 32000
}
, layer_idx=19)
[2026-04-24 16:19:09,842] [    INFO] pp_layers.py:894 - stage=1, global_rank=0 ,layer_number=22
[2026-04-24 16:19:09,844] [    INFO] pp_layers.py:899 - 21: DecoderLayerPipe(config=LlamaConfig {
  "_name_or_path": "meta-llama/Llama-2-13b-hf",
  "architectures": [
    "LlamaForCausalLM"
  ],
  "attention_bias": false,
  "attention_dropout": 0.0,
  "bos_token_id": 1,
  "enable_auto_parallel": false,
  "eos_token_id": 2,
  "head_dim": 128,
  "hidden_act": "silu",
  "hidden_size": 5120,
  "initializer_range": 0.008068311858747157,
  "intermediate_size": 13824,
  "is_lora": false,
  "max_position_embeddings": 4096,
  "max_sequence_length": 4096,
  "mlp_bias": false,
  "model_type": "llama",
  "moe_group_origin": "dummy",
  "moe_rank": 0,
  "moe_router_bias_update_rate": 0.0,
  "moe_world_size": 1,
  "num_attention_heads": 40,
  "num_hidden_layers": 40,
  "num_key_value_heads": 40,
  "pad_token_id": 0,
  "paddleformers_version": "1.1.0.post20260424",
  "pipeline_model_parallel_size": 2,
  "pp_seg_method": "layer:DecoderLayer|EmptyLayer",
  "pretraining_tp": 2,
  "recompute_granularity": "full",
  "recompute_method": "uniform",
  "recompute_num_layers": 1,
  "rms_norm_eps": 1e-05,
  "rope_parameters": {
    "rope_theta": 10000.0,
    "rope_type": "default"
  },
  "rope_scaling": null,
  "rope_theta": 10000.0,
  "seq_length": 4096,
  "tensor_model_parallel_size": 2,
  "tie_word_embeddings": false,
  "torch_dtype": "float32",
  "use_cache": true,
  "use_fast_layer_norm": false,
  "vocab_size": 32000
}
, layer_idx=20)
[2026-04-24 16:19:09,847] [    INFO] pp_layers.py:899 - 22: DecoderLayerPipe(config=LlamaConfig {
  "_name_or_path": "meta-llama/Llama-2-13b-hf",
  "architectures": [
    "LlamaForCausalLM"
  ],
  "attention_bias": false,
  "attention_dropout": 0.0,
  "bos_token_id": 1,
  "enable_auto_parallel": false,
  "eos_token_id": 2,
  "head_dim": 128,
  "hidden_act": "silu",
  "hidden_size": 5120,
  "initializer_range": 0.008068311858747157,
  "intermediate_size": 13824,
  "is_lora": false,
  "max_position_embeddings": 4096,
  "max_sequence_length": 4096,
  "mlp_bias": false,
  "model_type": "llama",
  "moe_group_origin": "dummy",
  "moe_rank": 0,
  "moe_router_bias_update_rate": 0.0,
  "moe_world_size": 1,
  "num_attention_heads": 40,
  "num_hidden_layers": 40,
  "num_key_value_heads": 40,
  "pad_token_id": 0,
  "paddleformers_version": "1.1.0.post20260424",
  "pipeline_model_parallel_size": 2,
  "pp_seg_method": "layer:DecoderLayer|EmptyLayer",
  "pretraining_tp": 2,
  "recompute_granularity": "full",
  "recompute_method": "uniform",
  "recompute_num_layers": 1,
  "rms_norm_eps": 1e-05,
  "rope_parameters": {
    "rope_theta": 10000.0,
    "rope_type": "default"
  },
  "rope_scaling": null,
  "rope_theta": 10000.0,
  "seq_length": 4096,
  "tensor_model_parallel_size": 2,
  "tie_word_embeddings": false,
  "torch_dtype": "float32",
  "use_cache": true,
  "use_fast_layer_norm": false,
  "vocab_size": 32000
}
, layer_idx=21)
[2026-04-24 16:19:09,850] [    INFO] pp_layers.py:899 - 23: DecoderLayerPipe(config=LlamaConfig {
  "_name_or_path": "meta-llama/Llama-2-13b-hf",
  "architectures": [
    "LlamaForCausalLM"
  ],
  "attention_bias": false,
  "attention_dropout": 0.0,
  "bos_token_id": 1,
  "enable_auto_parallel": false,
  "eos_token_id": 2,
  "head_dim": 128,
  "hidden_act": "silu",
  "hidden_size": 5120,
  "initializer_range": 0.008068311858747157,
  "intermediate_size": 13824,
  "is_lora": false,
  "max_position_embeddings": 4096,
  "max_sequence_length": 4096,
  "mlp_bias": false,
  "model_type": "llama",
  "moe_group_origin": "dummy",
  "moe_rank": 0,
  "moe_router_bias_update_rate": 0.0,
  "moe_world_size": 1,
  "num_attention_heads": 40,
  "num_hidden_layers": 40,
  "num_key_value_heads": 40,
  "pad_token_id": 0,
  "paddleformers_version": "1.1.0.post20260424",
  "pipeline_model_parallel_size": 2,
  "pp_seg_method": "layer:DecoderLayer|EmptyLayer",
  "pretraining_tp": 2,
  "recompute_granularity": "full",
  "recompute_method": "uniform",
  "recompute_num_layers": 1,
  "rms_norm_eps": 1e-05,
  "rope_parameters": {
    "rope_theta": 10000.0,
    "rope_type": "default"
  },
  "rope_scaling": null,
  "rope_theta": 10000.0,
  "seq_length": 4096,
  "tensor_model_parallel_size": 2,
  "tie_word_embeddings": false,
  "torch_dtype": "float32",
  "use_cache": true,
  "use_fast_layer_norm": false,
  "vocab_size": 32000
}
, layer_idx=22)
[2026-04-24 16:19:09,852] [    INFO] pp_layers.py:899 - 24: DecoderLayerPipe(config=LlamaConfig {
  "_name_or_path": "meta-llama/Llama-2-13b-hf",
  "architectures": [
    "LlamaForCausalLM"
  ],
  "attention_bias": false,
  "attention_dropout": 0.0,
  "bos_token_id": 1,
  "enable_auto_parallel": false,
  "eos_token_id": 2,
  "head_dim": 128,
  "hidden_act": "silu",
  "hidden_size": 5120,
  "initializer_range": 0.008068311858747157,
  "intermediate_size": 13824,
  "is_lora": false,
  "max_position_embeddings": 4096,
  "max_sequence_length": 4096,
  "mlp_bias": false,
  "model_type": "llama",
  "moe_group_origin": "dummy",
  "moe_rank": 0,
  "moe_router_bias_update_rate": 0.0,
  "moe_world_size": 1,
  "num_attention_heads": 40,
  "num_hidden_layers": 40,
  "num_key_value_heads": 40,
  "pad_token_id": 0,
  "paddleformers_version": "1.1.0.post20260424",
  "pipeline_model_parallel_size": 2,
  "pp_seg_method": "layer:DecoderLayer|EmptyLayer",
  "pretraining_tp": 2,
  "recompute_granularity": "full",
  "recompute_method": "uniform",
  "recompute_num_layers": 1,
  "rms_norm_eps": 1e-05,
  "rope_parameters": {
    "rope_theta": 10000.0,
    "rope_type": "default"
  },
  "rope_scaling": null,
  "rope_theta": 10000.0,
  "seq_length": 4096,
  "tensor_model_parallel_size": 2,
  "tie_word_embeddings": false,
  "torch_dtype": "float32",
  "use_cache": true,
  "use_fast_layer_norm": false,
  "vocab_size": 32000
}
, layer_idx=23)
[2026-04-24 16:19:09,855] [    INFO] pp_layers.py:899 - 25: DecoderLayerPipe(config=LlamaConfig {
  "_name_or_path": "meta-llama/Llama-2-13b-hf",
  "architectures": [
    "LlamaForCausalLM"
  ],
  "attention_bias": false,
  "attention_dropout": 0.0,
  "bos_token_id": 1,
  "enable_auto_parallel": false,
  "eos_token_id": 2,
  "head_dim": 128,
  "hidden_act": "silu",
  "hidden_size": 5120,
  "initializer_range": 0.008068311858747157,
  "intermediate_size": 13824,
  "is_lora": false,
  "max_position_embeddings": 4096,
  "max_sequence_length": 4096,
  "mlp_bias": false,
  "model_type": "llama",
  "moe_group_origin": "dummy",
  "moe_rank": 0,
  "moe_router_bias_update_rate": 0.0,
  "moe_world_size": 1,
  "num_attention_heads": 40,
  "num_hidden_layers": 40,
  "num_key_value_heads": 40,
  "pad_token_id": 0,
  "paddleformers_version": "1.1.0.post20260424",
  "pipeline_model_parallel_size": 2,
  "pp_seg_method": "layer:DecoderLayer|EmptyLayer",
  "pretraining_tp": 2,
  "recompute_granularity": "full",
  "recompute_method": "uniform",
  "recompute_num_layers": 1,
  "rms_norm_eps": 1e-05,
  "rope_parameters": {
    "rope_theta": 10000.0,
    "rope_type": "default"
  },
  "rope_scaling": null,
  "rope_theta": 10000.0,
  "seq_length": 4096,
  "tensor_model_parallel_size": 2,
  "tie_word_embeddings": false,
  "torch_dtype": "float32",
  "use_cache": true,
  "use_fast_layer_norm": false,
  "vocab_size": 32000
}
, layer_idx=24)
[2026-04-24 16:19:09,858] [    INFO] pp_layers.py:899 - 26: DecoderLayerPipe(config=LlamaConfig {
  "_name_or_path": "meta-llama/Llama-2-13b-hf",
  "architectures": [
    "LlamaForCausalLM"
  ],
  "attention_bias": false,
  "attention_dropout": 0.0,
  "bos_token_id": 1,
  "enable_auto_parallel": false,
  "eos_token_id": 2,
  "head_dim": 128,
  "hidden_act": "silu",
  "hidden_size": 5120,
  "initializer_range": 0.008068311858747157,
  "intermediate_size": 13824,
  "is_lora": false,
  "max_position_embeddings": 4096,
  "max_sequence_length": 4096,
  "mlp_bias": false,
  "model_type": "llama",
  "moe_group_origin": "dummy",
  "moe_rank": 0,
  "moe_router_bias_update_rate": 0.0,
  "moe_world_size": 1,
  "num_attention_heads": 40,
  "num_hidden_layers": 40,
  "num_key_value_heads": 40,
  "pad_token_id": 0,
  "paddleformers_version": "1.1.0.post20260424",
  "pipeline_model_parallel_size": 2,
  "pp_seg_method": "layer:DecoderLayer|EmptyLayer",
  "pretraining_tp": 2,
  "recompute_granularity": "full",
  "recompute_method": "uniform",
  "recompute_num_layers": 1,
  "rms_norm_eps": 1e-05,
  "rope_parameters": {
    "rope_theta": 10000.0,
    "rope_type": "default"
  },
  "rope_scaling": null,
  "rope_theta": 10000.0,
  "seq_length": 4096,
  "tensor_model_parallel_size": 2,
  "tie_word_embeddings": false,
  "torch_dtype": "float32",
  "use_cache": true,
  "use_fast_layer_norm": false,
  "vocab_size": 32000
}
, layer_idx=25)
[2026-04-24 16:19:09,860] [    INFO] pp_layers.py:899 - 27: DecoderLayerPipe(config=LlamaConfig {
  "_name_or_path": "meta-llama/Llama-2-13b-hf",
  "architectures": [
    "LlamaForCausalLM"
  ],
  "attention_bias": false,
  "attention_dropout": 0.0,
  "bos_token_id": 1,
  "enable_auto_parallel": false,
  "eos_token_id": 2,
  "head_dim": 128,
  "hidden_act": "silu",
  "hidden_size": 5120,
  "initializer_range": 0.008068311858747157,
  "intermediate_size": 13824,
  "is_lora": false,
  "max_position_embeddings": 4096,
  "max_sequence_length": 4096,
  "mlp_bias": false,
  "model_type": "llama",
  "moe_group_origin": "dummy",
  "moe_rank": 0,
  "moe_router_bias_update_rate": 0.0,
  "moe_world_size": 1,
  "num_attention_heads": 40,
  "num_hidden_layers": 40,
  "num_key_value_heads": 40,
  "pad_token_id": 0,
  "paddleformers_version": "1.1.0.post20260424",
  "pipeline_model_parallel_size": 2,
  "pp_seg_method": "layer:DecoderLayer|EmptyLayer",
  "pretraining_tp": 2,
  "recompute_granularity": "full",
  "recompute_method": "uniform",
  "recompute_num_layers": 1,
  "rms_norm_eps": 1e-05,
  "rope_parameters": {
    "rope_theta": 10000.0,
    "rope_type": "default"
  },
  "rope_scaling": null,
  "rope_theta": 10000.0,
  "seq_length": 4096,
  "tensor_model_parallel_size": 2,
  "tie_word_embeddings": false,
  "torch_dtype": "float32",
  "use_cache": true,
  "use_fast_layer_norm": false,
  "vocab_size": 32000
}
, layer_idx=26)
[2026-04-24 16:19:09,863] [    INFO] pp_layers.py:899 - 28: DecoderLayerPipe(config=LlamaConfig {
  "_name_or_path": "meta-llama/Llama-2-13b-hf",
  "architectures": [
    "LlamaForCausalLM"
  ],
  "attention_bias": false,
  "attention_dropout": 0.0,
  "bos_token_id": 1,
  "enable_auto_parallel": false,
  "eos_token_id": 2,
  "head_dim": 128,
  "hidden_act": "silu",
  "hidden_size": 5120,
  "initializer_range": 0.008068311858747157,
  "intermediate_size": 13824,
  "is_lora": false,
  "max_position_embeddings": 4096,
  "max_sequence_length": 4096,
  "mlp_bias": false,
  "model_type": "llama",
  "moe_group_origin": "dummy",
  "moe_rank": 0,
  "moe_router_bias_update_rate": 0.0,
  "moe_world_size": 1,
  "num_attention_heads": 40,
  "num_hidden_layers": 40,
  "num_key_value_heads": 40,
  "pad_token_id": 0,
  "paddleformers_version": "1.1.0.post20260424",
  "pipeline_model_parallel_size": 2,
  "pp_seg_method": "layer:DecoderLayer|EmptyLayer",
  "pretraining_tp": 2,
  "recompute_granularity": "full",
  "recompute_method": "uniform",
  "recompute_num_layers": 1,
  "rms_norm_eps": 1e-05,
  "rope_parameters": {
    "rope_theta": 10000.0,
    "rope_type": "default"
  },
  "rope_scaling": null,
  "rope_theta": 10000.0,
  "seq_length": 4096,
  "tensor_model_parallel_size": 2,
  "tie_word_embeddings": false,
  "torch_dtype": "float32",
  "use_cache": true,
  "use_fast_layer_norm": false,
  "vocab_size": 32000
}
, layer_idx=27)
[2026-04-24 16:19:09,865] [    INFO] pp_layers.py:899 - 29: DecoderLayerPipe(config=LlamaConfig {
  "_name_or_path": "meta-llama/Llama-2-13b-hf",
  "architectures": [
    "LlamaForCausalLM"
  ],
  "attention_bias": false,
  "attention_dropout": 0.0,
  "bos_token_id": 1,
  "enable_auto_parallel": false,
  "eos_token_id": 2,
  "head_dim": 128,
  "hidden_act": "silu",
  "hidden_size": 5120,
  "initializer_range": 0.008068311858747157,
  "intermediate_size": 13824,
  "is_lora": false,
  "max_position_embeddings": 4096,
  "max_sequence_length": 4096,
  "mlp_bias": false,
  "model_type": "llama",
  "moe_group_origin": "dummy",
  "moe_rank": 0,
  "moe_router_bias_update_rate": 0.0,
  "moe_world_size": 1,
  "num_attention_heads": 40,
  "num_hidden_layers": 40,
  "num_key_value_heads": 40,
  "pad_token_id": 0,
  "paddleformers_version": "1.1.0.post20260424",
  "pipeline_model_parallel_size": 2,
  "pp_seg_method": "layer:DecoderLayer|EmptyLayer",
  "pretraining_tp": 2,
  "recompute_granularity": "full",
  "recompute_method": "uniform",
  "recompute_num_layers": 1,
  "rms_norm_eps": 1e-05,
  "rope_parameters": {
    "rope_theta": 10000.0,
    "rope_type": "default"
  },
  "rope_scaling": null,
  "rope_theta": 10000.0,
  "seq_length": 4096,
  "tensor_model_parallel_size": 2,
  "tie_word_embeddings": false,
  "torch_dtype": "float32",
  "use_cache": true,
  "use_fast_layer_norm": false,
  "vocab_size": 32000
}
, layer_idx=28)
[2026-04-24 16:19:09,868] [    INFO] pp_layers.py:899 - 30: DecoderLayerPipe(config=LlamaConfig {
  "_name_or_path": "meta-llama/Llama-2-13b-hf",
  "architectures": [
    "LlamaForCausalLM"
  ],
  "attention_bias": false,
  "attention_dropout": 0.0,
  "bos_token_id": 1,
  "enable_auto_parallel": false,
  "eos_token_id": 2,
  "head_dim": 128,
  "hidden_act": "silu",
  "hidden_size": 5120,
  "initializer_range": 0.008068311858747157,
  "intermediate_size": 13824,
  "is_lora": false,
  "max_position_embeddings": 4096,
  "max_sequence_length": 4096,
  "mlp_bias": false,
  "model_type": "llama",
  "moe_group_origin": "dummy",
  "moe_rank": 0,
  "moe_router_bias_update_rate": 0.0,
  "moe_world_size": 1,
  "num_attention_heads": 40,
  "num_hidden_layers": 40,
  "num_key_value_heads": 40,
  "pad_token_id": 0,
  "paddleformers_version": "1.1.0.post20260424",
  "pipeline_model_parallel_size": 2,
  "pp_seg_method": "layer:DecoderLayer|EmptyLayer",
  "pretraining_tp": 2,
  "recompute_granularity": "full",
  "recompute_method": "uniform",
  "recompute_num_layers": 1,
  "rms_norm_eps": 1e-05,
  "rope_parameters": {
    "rope_theta": 10000.0,
    "rope_type": "default"
  },
  "rope_scaling": null,
  "rope_theta": 10000.0,
  "seq_length": 4096,
  "tensor_model_parallel_size": 2,
  "tie_word_embeddings": false,
  "torch_dtype": "float32",
  "use_cache": true,
  "use_fast_layer_norm": false,
  "vocab_size": 32000
}
, layer_idx=29)
[2026-04-24 16:19:09,871] [    INFO] pp_layers.py:899 - 31: DecoderLayerPipe(config=LlamaConfig {
  "_name_or_path": "meta-llama/Llama-2-13b-hf",
  "architectures": [
    "LlamaForCausalLM"
  ],
  "attention_bias": false,
  "attention_dropout": 0.0,
  "bos_token_id": 1,
  "enable_auto_parallel": false,
  "eos_token_id": 2,
  "head_dim": 128,
  "hidden_act": "silu",
  "hidden_size": 5120,
  "initializer_range": 0.008068311858747157,
  "intermediate_size": 13824,
  "is_lora": false,
  "max_position_embeddings": 4096,
  "max_sequence_length": 4096,
  "mlp_bias": false,
  "model_type": "llama",
  "moe_group_origin": "dummy",
  "moe_rank": 0,
  "moe_router_bias_update_rate": 0.0,
  "moe_world_size": 1,
  "num_attention_heads": 40,
  "num_hidden_layers": 40,
  "num_key_value_heads": 40,
  "pad_token_id": 0,
  "paddleformers_version": "1.1.0.post20260424",
  "pipeline_model_parallel_size": 2,
  "pp_seg_method": "layer:DecoderLayer|EmptyLayer",
  "pretraining_tp": 2,
  "recompute_granularity": "full",
  "recompute_method": "uniform",
  "recompute_num_layers": 1,
  "rms_norm_eps": 1e-05,
  "rope_parameters": {
    "rope_theta": 10000.0,
    "rope_type": "default"
  },
  "rope_scaling": null,
  "rope_theta": 10000.0,
  "seq_length": 4096,
  "tensor_model_parallel_size": 2,
  "tie_word_embeddings": false,
  "torch_dtype": "float32",
  "use_cache": true,
  "use_fast_layer_norm": false,
  "vocab_size": 32000
}
, layer_idx=30)
[2026-04-24 16:19:09,873] [    INFO] pp_layers.py:899 - 32: DecoderLayerPipe(config=LlamaConfig {
  "_name_or_path": "meta-llama/Llama-2-13b-hf",
  "architectures": [
    "LlamaForCausalLM"
  ],
  "attention_bias": false,
  "attention_dropout": 0.0,
  "bos_token_id": 1,
  "enable_auto_parallel": false,
  "eos_token_id": 2,
  "head_dim": 128,
  "hidden_act": "silu",
  "hidden_size": 5120,
  "initializer_range": 0.008068311858747157,
  "intermediate_size": 13824,
  "is_lora": false,
  "max_position_embeddings": 4096,
  "max_sequence_length": 4096,
  "mlp_bias": false,
  "model_type": "llama",
  "moe_group_origin": "dummy",
  "moe_rank": 0,
  "moe_router_bias_update_rate": 0.0,
  "moe_world_size": 1,
  "num_attention_heads": 40,
  "num_hidden_layers": 40,
  "num_key_value_heads": 40,
  "pad_token_id": 0,
  "paddleformers_version": "1.1.0.post20260424",
  "pipeline_model_parallel_size": 2,
  "pp_seg_method": "layer:DecoderLayer|EmptyLayer",
  "pretraining_tp": 2,
  "recompute_granularity": "full",
  "recompute_method": "uniform",
  "recompute_num_layers": 1,
  "rms_norm_eps": 1e-05,
  "rope_parameters": {
    "rope_theta": 10000.0,
    "rope_type": "default"
  },
  "rope_scaling": null,
  "rope_theta": 10000.0,
  "seq_length": 4096,
  "tensor_model_parallel_size": 2,
  "tie_word_embeddings": false,
  "torch_dtype": "float32",
  "use_cache": true,
  "use_fast_layer_norm": false,
  "vocab_size": 32000
}
, layer_idx=31)
[2026-04-24 16:19:09,876] [    INFO] pp_layers.py:899 - 33: DecoderLayerPipe(config=LlamaConfig {
  "_name_or_path": "meta-llama/Llama-2-13b-hf",
  "architectures": [
    "LlamaForCausalLM"
  ],
  "attention_bias": false,
  "attention_dropout": 0.0,
  "bos_token_id": 1,
  "enable_auto_parallel": false,
  "eos_token_id": 2,
  "head_dim": 128,
  "hidden_act": "silu",
  "hidden_size": 5120,
  "initializer_range": 0.008068311858747157,
  "intermediate_size": 13824,
  "is_lora": false,
  "max_position_embeddings": 4096,
  "max_sequence_length": 4096,
  "mlp_bias": false,
  "model_type": "llama",
  "moe_group_origin": "dummy",
  "moe_rank": 0,
  "moe_router_bias_update_rate": 0.0,
  "moe_world_size": 1,
  "num_attention_heads": 40,
  "num_hidden_layers": 40,
  "num_key_value_heads": 40,
  "pad_token_id": 0,
  "paddleformers_version": "1.1.0.post20260424",
  "pipeline_model_parallel_size": 2,
  "pp_seg_method": "layer:DecoderLayer|EmptyLayer",
  "pretraining_tp": 2,
  "recompute_granularity": "full",
  "recompute_method": "uniform",
  "recompute_num_layers": 1,
  "rms_norm_eps": 1e-05,
  "rope_parameters": {
    "rope_theta": 10000.0,
    "rope_type": "default"
  },
  "rope_scaling": null,
  "rope_theta": 10000.0,
  "seq_length": 4096,
  "tensor_model_parallel_size": 2,
  "tie_word_embeddings": false,
  "torch_dtype": "float32",
  "use_cache": true,
  "use_fast_layer_norm": false,
  "vocab_size": 32000
}
, layer_idx=32)
[2026-04-24 16:19:09,878] [    INFO] pp_layers.py:899 - 34: DecoderLayerPipe(config=LlamaConfig {
  "_name_or_path": "meta-llama/Llama-2-13b-hf",
  "architectures": [
    "LlamaForCausalLM"
  ],
  "attention_bias": false,
  "attention_dropout": 0.0,
  "bos_token_id": 1,
  "enable_auto_parallel": false,
  "eos_token_id": 2,
  "head_dim": 128,
  "hidden_act": "silu",
  "hidden_size": 5120,
  "initializer_range": 0.008068311858747157,
  "intermediate_size": 13824,
  "is_lora": false,
  "max_position_embeddings": 4096,
  "max_sequence_length": 4096,
  "mlp_bias": false,
  "model_type": "llama",
  "moe_group_origin": "dummy",
  "moe_rank": 0,
  "moe_router_bias_update_rate": 0.0,
  "moe_world_size": 1,
  "num_attention_heads": 40,
  "num_hidden_layers": 40,
  "num_key_value_heads": 40,
  "pad_token_id": 0,
  "paddleformers_version": "1.1.0.post20260424",
  "pipeline_model_parallel_size": 2,
  "pp_seg_method": "layer:DecoderLayer|EmptyLayer",
  "pretraining_tp": 2,
  "recompute_granularity": "full",
  "recompute_method": "uniform",
  "recompute_num_layers": 1,
  "rms_norm_eps": 1e-05,
  "rope_parameters": {
    "rope_theta": 10000.0,
    "rope_type": "default"
  },
  "rope_scaling": null,
  "rope_theta": 10000.0,
  "seq_length": 4096,
  "tensor_model_parallel_size": 2,
  "tie_word_embeddings": false,
  "torch_dtype": "float32",
  "use_cache": true,
  "use_fast_layer_norm": false,
  "vocab_size": 32000
}
, layer_idx=33)
[2026-04-24 16:19:09,881] [    INFO] pp_layers.py:899 - 35: DecoderLayerPipe(config=LlamaConfig {
  "_name_or_path": "meta-llama/Llama-2-13b-hf",
  "architectures": [
    "LlamaForCausalLM"
  ],
  "attention_bias": false,
  "attention_dropout": 0.0,
  "bos_token_id": 1,
  "enable_auto_parallel": false,
  "eos_token_id": 2,
  "head_dim": 128,
  "hidden_act": "silu",
  "hidden_size": 5120,
  "initializer_range": 0.008068311858747157,
  "intermediate_size": 13824,
  "is_lora": false,
  "max_position_embeddings": 4096,
  "max_sequence_length": 4096,
  "mlp_bias": false,
  "model_type": "llama",
  "moe_group_origin": "dummy",
  "moe_rank": 0,
  "moe_router_bias_update_rate": 0.0,
  "moe_world_size": 1,
  "num_attention_heads": 40,
  "num_hidden_layers": 40,
  "num_key_value_heads": 40,
  "pad_token_id": 0,
  "paddleformers_version": "1.1.0.post20260424",
  "pipeline_model_parallel_size": 2,
  "pp_seg_method": "layer:DecoderLayer|EmptyLayer",
  "pretraining_tp": 2,
  "recompute_granularity": "full",
  "recompute_method": "uniform",
  "recompute_num_layers": 1,
  "rms_norm_eps": 1e-05,
  "rope_parameters": {
    "rope_theta": 10000.0,
    "rope_type": "default"
  },
  "rope_scaling": null,
  "rope_theta": 10000.0,
  "seq_length": 4096,
  "tensor_model_parallel_size": 2,
  "tie_word_embeddings": false,
  "torch_dtype": "float32",
  "use_cache": true,
  "use_fast_layer_norm": false,
  "vocab_size": 32000
}
, layer_idx=34)
[2026-04-24 16:19:09,884] [    INFO] pp_layers.py:899 - 36: DecoderLayerPipe(config=LlamaConfig {
  "_name_or_path": "meta-llama/Llama-2-13b-hf",
  "architectures": [
    "LlamaForCausalLM"
  ],
  "attention_bias": false,
  "attention_dropout": 0.0,
  "bos_token_id": 1,
  "enable_auto_parallel": false,
  "eos_token_id": 2,
  "head_dim": 128,
  "hidden_act": "silu",
  "hidden_size": 5120,
  "initializer_range": 0.008068311858747157,
  "intermediate_size": 13824,
  "is_lora": false,
  "max_position_embeddings": 4096,
  "max_sequence_length": 4096,
  "mlp_bias": false,
  "model_type": "llama",
  "moe_group_origin": "dummy",
  "moe_rank": 0,
  "moe_router_bias_update_rate": 0.0,
  "moe_world_size": 1,
  "num_attention_heads": 40,
  "num_hidden_layers": 40,
  "num_key_value_heads": 40,
  "pad_token_id": 0,
  "paddleformers_version": "1.1.0.post20260424",
  "pipeline_model_parallel_size": 2,
  "pp_seg_method": "layer:DecoderLayer|EmptyLayer",
  "pretraining_tp": 2,
  "recompute_granularity": "full",
  "recompute_method": "uniform",
  "recompute_num_layers": 1,
  "rms_norm_eps": 1e-05,
  "rope_parameters": {
    "rope_theta": 10000.0,
    "rope_type": "default"
  },
  "rope_scaling": null,
  "rope_theta": 10000.0,
  "seq_length": 4096,
  "tensor_model_parallel_size": 2,
  "tie_word_embeddings": false,
  "torch_dtype": "float32",
  "use_cache": true,
  "use_fast_layer_norm": false,
  "vocab_size": 32000
}
, layer_idx=35)
[2026-04-24 16:19:09,886] [    INFO] pp_layers.py:899 - 37: DecoderLayerPipe(config=LlamaConfig {
  "_name_or_path": "meta-llama/Llama-2-13b-hf",
  "architectures": [
    "LlamaForCausalLM"
  ],
  "attention_bias": false,
  "attention_dropout": 0.0,
  "bos_token_id": 1,
  "enable_auto_parallel": false,
  "eos_token_id": 2,
  "head_dim": 128,
  "hidden_act": "silu",
  "hidden_size": 5120,
  "initializer_range": 0.008068311858747157,
  "intermediate_size": 13824,
  "is_lora": false,
  "max_position_embeddings": 4096,
  "max_sequence_length": 4096,
  "mlp_bias": false,
  "model_type": "llama",
  "moe_group_origin": "dummy",
  "moe_rank": 0,
  "moe_router_bias_update_rate": 0.0,
  "moe_world_size": 1,
  "num_attention_heads": 40,
  "num_hidden_layers": 40,
  "num_key_value_heads": 40,
  "pad_token_id": 0,
  "paddleformers_version": "1.1.0.post20260424",
  "pipeline_model_parallel_size": 2,
  "pp_seg_method": "layer:DecoderLayer|EmptyLayer",
  "pretraining_tp": 2,
  "recompute_granularity": "full",
  "recompute_method": "uniform",
  "recompute_num_layers": 1,
  "rms_norm_eps": 1e-05,
  "rope_parameters": {
    "rope_theta": 10000.0,
    "rope_type": "default"
  },
  "rope_scaling": null,
  "rope_theta": 10000.0,
  "seq_length": 4096,
  "tensor_model_parallel_size": 2,
  "tie_word_embeddings": false,
  "torch_dtype": "float32",
  "use_cache": true,
  "use_fast_layer_norm": false,
  "vocab_size": 32000
}
, layer_idx=36)
[2026-04-24 16:19:09,889] [    INFO] pp_layers.py:899 - 38: DecoderLayerPipe(config=LlamaConfig {
  "_name_or_path": "meta-llama/Llama-2-13b-hf",
  "architectures": [
    "LlamaForCausalLM"
  ],
  "attention_bias": false,
  "attention_dropout": 0.0,
  "bos_token_id": 1,
  "enable_auto_parallel": false,
  "eos_token_id": 2,
  "head_dim": 128,
  "hidden_act": "silu",
  "hidden_size": 5120,
  "initializer_range": 0.008068311858747157,
  "intermediate_size": 13824,
  "is_lora": false,
  "max_position_embeddings": 4096,
  "max_sequence_length": 4096,
  "mlp_bias": false,
  "model_type": "llama",
  "moe_group_origin": "dummy",
  "moe_rank": 0,
  "moe_router_bias_update_rate": 0.0,
  "moe_world_size": 1,
  "num_attention_heads": 40,
  "num_hidden_layers": 40,
  "num_key_value_heads": 40,
  "pad_token_id": 0,
  "paddleformers_version": "1.1.0.post20260424",
  "pipeline_model_parallel_size": 2,
  "pp_seg_method": "layer:DecoderLayer|EmptyLayer",
  "pretraining_tp": 2,
  "recompute_granularity": "full",
  "recompute_method": "uniform",
  "recompute_num_layers": 1,
  "rms_norm_eps": 1e-05,
  "rope_parameters": {
    "rope_theta": 10000.0,
    "rope_type": "default"
  },
  "rope_scaling": null,
  "rope_theta": 10000.0,
  "seq_length": 4096,
  "tensor_model_parallel_size": 2,
  "tie_word_embeddings": false,
  "torch_dtype": "float32",
  "use_cache": true,
  "use_fast_layer_norm": false,
  "vocab_size": 32000
}
, layer_idx=37)
[2026-04-24 16:19:09,892] [    INFO] pp_layers.py:899 - 39: DecoderLayerPipe(config=LlamaConfig {
  "_name_or_path": "meta-llama/Llama-2-13b-hf",
  "architectures": [
    "LlamaForCausalLM"
  ],
  "attention_bias": false,
  "attention_dropout": 0.0,
  "bos_token_id": 1,
  "enable_auto_parallel": false,
  "eos_token_id": 2,
  "head_dim": 128,
  "hidden_act": "silu",
  "hidden_size": 5120,
  "initializer_range": 0.008068311858747157,
  "intermediate_size": 13824,
  "is_lora": false,
  "max_position_embeddings": 4096,
  "max_sequence_length": 4096,
  "mlp_bias": false,
  "model_type": "llama",
  "moe_group_origin": "dummy",
  "moe_rank": 0,
  "moe_router_bias_update_rate": 0.0,
  "moe_world_size": 1,
  "num_attention_heads": 40,
  "num_hidden_layers": 40,
  "num_key_value_heads": 40,
  "pad_token_id": 0,
  "paddleformers_version": "1.1.0.post20260424",
  "pipeline_model_parallel_size": 2,
  "pp_seg_method": "layer:DecoderLayer|EmptyLayer",
  "pretraining_tp": 2,
  "recompute_granularity": "full",
  "recompute_method": "uniform",
  "recompute_num_layers": 1,
  "rms_norm_eps": 1e-05,
  "rope_parameters": {
    "rope_theta": 10000.0,
    "rope_type": "default"
  },
  "rope_scaling": null,
  "rope_theta": 10000.0,
  "seq_length": 4096,
  "tensor_model_parallel_size": 2,
  "tie_word_embeddings": false,
  "torch_dtype": "float32",
  "use_cache": true,
  "use_fast_layer_norm": false,
  "vocab_size": 32000
}
, layer_idx=38)
[2026-04-24 16:19:09,894] [    INFO] pp_layers.py:899 - 40: DecoderLayerPipe(config=LlamaConfig {
  "_name_or_path": "meta-llama/Llama-2-13b-hf",
  "architectures": [
    "LlamaForCausalLM"
  ],
  "attention_bias": false,
  "attention_dropout": 0.0,
  "bos_token_id": 1,
  "enable_auto_parallel": false,
  "eos_token_id": 2,
  "head_dim": 128,
  "hidden_act": "silu",
  "hidden_size": 5120,
  "initializer_range": 0.008068311858747157,
  "intermediate_size": 13824,
  "is_lora": false,
  "max_position_embeddings": 4096,
  "max_sequence_length": 4096,
  "mlp_bias": false,
  "model_type": "llama",
  "moe_group_origin": "dummy",
  "moe_rank": 0,
  "moe_router_bias_update_rate": 0.0,
  "moe_world_size": 1,
  "num_attention_heads": 40,
  "num_hidden_layers": 40,
  "num_key_value_heads": 40,
  "pad_token_id": 0,
  "paddleformers_version": "1.1.0.post20260424",
  "pipeline_model_parallel_size": 2,
  "pp_seg_method": "layer:DecoderLayer|EmptyLayer",
  "pretraining_tp": 2,
  "recompute_granularity": "full",
  "recompute_method": "uniform",
  "recompute_num_layers": 1,
  "rms_norm_eps": 1e-05,
  "rope_parameters": {
    "rope_theta": 10000.0,
    "rope_type": "default"
  },
  "rope_scaling": null,
  "rope_theta": 10000.0,
  "seq_length": 4096,
  "tensor_model_parallel_size": 2,
  "tie_word_embeddings": false,
  "torch_dtype": "float32",
  "use_cache": true,
  "use_fast_layer_norm": false,
  "vocab_size": 32000
}
, layer_idx=39)
[2026-04-24 16:19:09,897] [    INFO] pp_layers.py:899 - 41: RMSNormPipe(config=LlamaConfig {
  "_name_or_path": "meta-llama/Llama-2-13b-hf",
  "architectures": [
    "LlamaForCausalLM"
  ],
  "attention_bias": false,
  "attention_dropout": 0.0,
  "bos_token_id": 1,
  "enable_auto_parallel": false,
  "eos_token_id": 2,
  "head_dim": 128,
  "hidden_act": "silu",
  "hidden_size": 5120,
  "initializer_range": 0.008068311858747157,
  "intermediate_size": 13824,
  "is_lora": false,
  "max_position_embeddings": 4096,
  "max_sequence_length": 4096,
  "mlp_bias": false,
  "model_type": "llama",
  "moe_group_origin": "dummy",
  "moe_rank": 0,
  "moe_router_bias_update_rate": 0.0,
  "moe_world_size": 1,
  "num_attention_heads": 40,
  "num_hidden_layers": 40,
  "num_key_value_heads": 40,
  "pad_token_id": 0,
  "paddleformers_version": "1.1.0.post20260424",
  "pipeline_model_parallel_size": 2,
  "pp_seg_method": "layer:DecoderLayer|EmptyLayer",
  "pretraining_tp": 2,
  "recompute_granularity": "full",
  "recompute_method": "uniform",
  "recompute_num_layers": 1,
  "rms_norm_eps": 1e-05,
  "rope_parameters": {
    "rope_theta": 10000.0,
    "rope_type": "default"
  },
  "rope_scaling": null,
  "rope_theta": 10000.0,
  "seq_length": 4096,
  "tensor_model_parallel_size": 2,
  "tie_word_embeddings": false,
  "torch_dtype": "float32",
  "use_cache": true,
  "use_fast_layer_norm": false,
  "vocab_size": 32000
}
)
[2026-04-24 16:19:09,901] [    INFO] pp_layers.py:899 - 42: LMHeadPipe(config=LlamaConfig {
  "_name_or_path": "meta-llama/Llama-2-13b-hf",
  "architectures": [
    "LlamaForCausalLM"
  ],
  "attention_bias": false,
  "attention_dropout": 0.0,
  "bos_token_id": 1,
  "enable_auto_parallel": false,
  "eos_token_id": 2,
  "head_dim": 128,
  "hidden_act": "silu",
  "hidden_size": 5120,
  "initializer_range": 0.008068311858747157,
  "intermediate_size": 13824,
  "is_lora": false,
  "max_position_embeddings": 4096,
  "max_sequence_length": 4096,
  "mlp_bias": false,
  "model_type": "llama",
  "moe_group_origin": "dummy",
  "moe_rank": 0,
  "moe_router_bias_update_rate": 0.0,
  "moe_world_size": 1,
  "num_attention_heads": 40,
  "num_hidden_layers": 40,
  "num_key_value_heads": 40,
  "pad_token_id": 0,
  "paddleformers_version": "1.1.0.post20260424",
  "pipeline_model_parallel_size": 2,
  "pp_seg_method": "layer:DecoderLayer|EmptyLayer",
  "pretraining_tp": 2,
  "recompute_granularity": "full",
  "recompute_method": "uniform",
  "recompute_num_layers": 1,
  "rms_norm_eps": 1e-05,
  "rope_parameters": {
    "rope_theta": 10000.0,
    "rope_type": "default"
  },
  "rope_scaling": null,
  "rope_theta": 10000.0,
  "seq_length": 4096,
  "tensor_model_parallel_size": 2,
  "tie_word_embeddings": false,
  "torch_dtype": "float32",
  "use_cache": true,
  "use_fast_layer_norm": false,
  "vocab_size": 32000
}
)
[2026-04-24 16:19:09,901] [    INFO] pp_layers.py:921 - loss: CriterionLayerPipe
[2026-04-24 16:19:10,065] [    INFO] pp_layers.py:978 - flush 21 of layers into run_function
/workspace/Paddle/build/python/paddle/distributed/fleet/meta_parallel/parallel_layers/pp_layers.py:674: UserWarning: No shared comm will be constructed, this may happen when all shared attrs are on a same stage.
  warnings.warn(
[32m[2026-04-24 16:19:10,071] [    INFO][0m - Using download source: huggingface[0m
[32m[2026-04-24 16:19:10,559] [    INFO][0m - Loading configuration file ./models/Llama-2-13b/config.json[0m
[32m[2026-04-24 16:19:10,560] [    INFO][0m - Using download source: huggingface[0m
[33m[2026-04-24 16:19:11,059] [ WARNING][0m - `template` was not specified, use `empty` template.[0m
[33m[2026-04-24 16:19:11,059] [ WARNING][0m - suffix is not specified, using eos token as suffix.[0m
 > building dataset index ...
    reading sizes...
    reading pointers...
    reading document index...
    creating numpy buffer of mmap...
    creating memory view of numpy buffer...
 > finished creating indexed dataset in 0.000489 seconds
    number of documents: 100000
 > dataset split:
    train:
     document indices in [0, 99000) total of 99000 documents
    validation:
     document indices in [99000, 100000) total of 1000 documents
    test:
     document indices in [100000, 100000) total of 0 documents
W0424 16:19:11.061335 81880 nccl_comm_context.cc:70] ncclCommInitRankConfigMemOpt is not supported.
searching for causal dataset, build_indices=False, share_folder False, check_rank_flag False
build success
 > loading doc-idx mapping from ./data/pt/index-cache/80758deba11e3a876a34cd93ec4c5237_doc_idx.npy
 > loading sample-idx mapping from ./data/pt/index-cache/80758deba11e3a876a34cd93ec4c5237_sample_idx.npy
 > loading shuffle-idx mapping from ./data/pt/index-cache/80758deba11e3a876a34cd93ec4c5237_shuffle_idx.npy
    loaded indexed file in 0.001 seconds
    total number of samples: 29863
    total number of epochs: 1
searching for causal dataset, build_indices=False, share_folder False, check_rank_flag False
build success
 > loading doc-idx mapping from ./data/pt/index-cache/f4d62d1780d11fcba403c74e115b8ab0_doc_idx.npy
 > loading sample-idx mapping from ./data/pt/index-cache/f4d62d1780d11fcba403c74e115b8ab0_sample_idx.npy
 > loading shuffle-idx mapping from ./data/pt/index-cache/f4d62d1780d11fcba403c74e115b8ab0_shuffle_idx.npy
    loaded indexed file in 0.001 seconds
    total number of samples: 257
    total number of epochs: 1
building indices for the blendable dataset, Since --data_cache is not specified, the index file will not be stored.
> building indices for blendable datasets ...
 > sample ratios:
   dataset 0, input: 1, achieved: 1
> elapsed time for building blendable dataset indices: 0.00 (sec)
> size of blendable dataset: 400 samples
building indices for the blendable dataset, Since --data_cache is not specified, the index file will not be stored.
> building indices for blendable datasets ...
 > sample ratios:
   dataset 0, input: 1, achieved: 1
> elapsed time for building blendable dataset indices: 0.00 (sec)
> size of blendable dataset: 20 samples
[32m[2026-04-24 16:19:11,741] [    INFO][0m - Setting max_seq_len to None using PaddleFormers Model.[0m
callbacks: [<paddleformers.trainer.trainer_callback.FP8QuantWeightCallback object at 0x7fe5e0ae1d50>]
[35m[2026-04-24 16:19:11,741] [   DEBUG][0m - 0: main local process completed work, releasing all replicas[0m
[32m[2026-04-24 16:19:11,743] [    INFO][0m - The global seed is set to 23, local seed is set to 27 and random seed is set to 23.[0m
[32m[2026-04-24 16:19:11,813] [    INFO][0m - max_steps is given, it will override any value given in num_train_epochs[0m
[32m[2026-04-24 16:19:11,814] [    INFO][0m - Using half precision[0m
/workspace/PaddleFormers/paddleformers/trainer/trainer.py:641: VisibleDeprecationWarning: [93m
Warning:
API "paddle.distributed.fleet.utils.mix_precision_utils.MixPrecisionScaler" is deprecated since 2.5.0, and will be removed in future versions. Please use "paddle.distributed_scaler" instead. [0m
  mix_precision_utils.MixPrecisionScaler(self.scaler)  # return value has no use
[35m[2026-04-24 16:19:11,818] [   DEBUG][0m - ============================================================[0m
[35m[2026-04-24 16:19:11,818] [   DEBUG][0m -     Training Configuration Arguments    [0m
[35m[2026-04-24 16:19:11,818] [   DEBUG][0m - paddle commit id              : a6fad64864f7da10a0e363a47ac26d8de1fdfaa3[0m
[35m[2026-04-24 16:19:11,818] [   DEBUG][0m - paddleformers commit id       : 86ec32991b7f33eb542869a54ea675405a769e92.dirty[0m
[35m[2026-04-24 16:19:11,819] [   DEBUG][0m - _no_sync_in_gradient_accumulation: True[0m
[35m[2026-04-24 16:19:11,819] [   DEBUG][0m - adam_beta1                    : 0.9[0m
[35m[2026-04-24 16:19:11,819] [   DEBUG][0m - adam_beta2                    : 0.999[0m
[35m[2026-04-24 16:19:11,819] [   DEBUG][0m - adam_epsilon                  : 1e-08[0m
[35m[2026-04-24 16:19:11,819] [   DEBUG][0m - amp_custom_black_list         : ['reduce_sum', 'softmax_with_cross_entropy', 'c_softmax_with_cross_entropy', 'elementwise_div', 'sin', 'cos'][0m
[35m[2026-04-24 16:19:11,820] [   DEBUG][0m - amp_custom_white_list         : ['lookup_table', 'lookup_table_v2', 'flash_attn', 'matmul', 'matmul_v2', 'fused_gemm_epilogue'][0m
[35m[2026-04-24 16:19:11,820] [   DEBUG][0m - amp_master_grad               : True[0m
[35m[2026-04-24 16:19:11,820] [   DEBUG][0m - aoa_config                    : None[0m
[35m[2026-04-24 16:19:11,820] [   DEBUG][0m - apply_rope_fusion             : False[0m
[35m[2026-04-24 16:19:11,820] [   DEBUG][0m - attention_probs_dropout_prob  : 0.0[0m
[35m[2026-04-24 16:19:11,820] [   DEBUG][0m - auto_parallel_resume_form_hybrid_parallel: False[0m
[35m[2026-04-24 16:19:11,820] [   DEBUG][0m - auto_parallel_sync_shared_params: False[0m
[35m[2026-04-24 16:19:11,820] [   DEBUG][0m - autotuner_benchmark           : False[0m
[35m[2026-04-24 16:19:11,820] [   DEBUG][0m - balanced_image_preprocess     : False[0m
[35m[2026-04-24 16:19:11,820] [   DEBUG][0m - batch_p2p_comm                : True[0m
[35m[2026-04-24 16:19:11,821] [   DEBUG][0m - benchmark                     : False[0m
[35m[2026-04-24 16:19:11,821] [   DEBUG][0m - best_unbalanced_scheduler     : False[0m
[35m[2026-04-24 16:19:11,821] [   DEBUG][0m - beta                          : 0.1[0m
[35m[2026-04-24 16:19:11,821] [   DEBUG][0m - bf16                          : True[0m
[35m[2026-04-24 16:19:11,821] [   DEBUG][0m - bf16_full_eval                : False[0m
[35m[2026-04-24 16:19:11,821] [   DEBUG][0m - ckpt_quant_stage              : O0[0m
[35m[2026-04-24 16:19:11,821] [   DEBUG][0m - clear_every_step_cache        : False[0m
[35m[2026-04-24 16:19:11,821] [   DEBUG][0m - compute_type                  : bf16[0m
[35m[2026-04-24 16:19:11,821] [   DEBUG][0m - context_parallel_rank         : 0[0m
[35m[2026-04-24 16:19:11,821] [   DEBUG][0m - context_parallel_size         : 1[0m
[35m[2026-04-24 16:19:11,821] [   DEBUG][0m - convert_from_hf               : True[0m
[35m[2026-04-24 16:19:11,822] [   DEBUG][0m - copy_custom_file_list         : [0m
[35m[2026-04-24 16:19:11,822] [   DEBUG][0m - count_trained_tokens          : False[0m
[35m[2026-04-24 16:19:11,822] [   DEBUG][0m - cp_comm_type                  : None[0m
[35m[2026-04-24 16:19:11,822] [   DEBUG][0m - cp_sharding_degree            : 1[0m
[35m[2026-04-24 16:19:11,822] [   DEBUG][0m - cp_sharding_rank              : 0[0m
[35m[2026-04-24 16:19:11,822] [   DEBUG][0m - current_device                : gpu:0[0m
[35m[2026-04-24 16:19:11,822] [   DEBUG][0m - data_parallel_config          : [0m
[35m[2026-04-24 16:19:11,822] [   DEBUG][0m - data_parallel_rank            : 0[0m
[35m[2026-04-24 16:19:11,822] [   DEBUG][0m - data_parallel_size            : 1[0m
[35m[2026-04-24 16:19:11,823] [   DEBUG][0m - dataloader_drop_last          : False[0m
[35m[2026-04-24 16:19:11,823] [   DEBUG][0m - dataloader_num_workers        : 0[0m
[35m[2026-04-24 16:19:11,823] [   DEBUG][0m - dataloader_shuffle            : True[0m
[35m[2026-04-24 16:19:11,823] [   DEBUG][0m - dataset_batch_size            : 1000[0m
[35m[2026-04-24 16:19:11,823] [   DEBUG][0m - dataset_kwargs                : {}[0m
[35m[2026-04-24 16:19:11,823] [   DEBUG][0m - dataset_num_proc              : None[0m
[35m[2026-04-24 16:19:11,823] [   DEBUG][0m - dataset_rank                  : 0[0m
[35m[2026-04-24 16:19:11,823] [   DEBUG][0m - dataset_text_field            : text[0m
[35m[2026-04-24 16:19:11,823] [   DEBUG][0m - dataset_world_size            : 1[0m
[35m[2026-04-24 16:19:11,823] [   DEBUG][0m - ddp_find_unused_parameters    : None[0m
[35m[2026-04-24 16:19:11,824] [   DEBUG][0m - decay_function                : half_life[0m
[35m[2026-04-24 16:19:11,824] [   DEBUG][0m - decay_steps                   : 100[0m
[35m[2026-04-24 16:19:11,824] [   DEBUG][0m - deterministic_mode            : False[0m
[35m[2026-04-24 16:19:11,824] [   DEBUG][0m - device                        : gpu[0m
[35m[2026-04-24 16:19:11,824] [   DEBUG][0m - disable_tqdm                  : False[0m
[35m[2026-04-24 16:19:11,824] [   DEBUG][0m - distributed_dataloader        : False[0m
[35m[2026-04-24 16:19:11,824] [   DEBUG][0m - do_eval                       : True[0m
[35m[2026-04-24 16:19:11,824] [   DEBUG][0m - do_export                     : False[0m
[35m[2026-04-24 16:19:11,824] [   DEBUG][0m - do_predict                    : False[0m
[35m[2026-04-24 16:19:11,824] [   DEBUG][0m - do_train                      : True[0m
[35m[2026-04-24 16:19:11,824] [   DEBUG][0m - download_hub                  : None[0m
[35m[2026-04-24 16:19:11,825] [   DEBUG][0m - dp_allreduce_avg_in_gradinent_scale: False[0m
[35m[2026-04-24 16:19:11,825] [   DEBUG][0m - dp_comm_overlap               : False[0m
[35m[2026-04-24 16:19:11,825] [   DEBUG][0m - dpop_lambda                   : 50[0m
[35m[2026-04-24 16:19:11,825] [   DEBUG][0m - embedding_init_method         : None[0m
[35m[2026-04-24 16:19:11,825] [   DEBUG][0m - embedding_init_method_std     : 0.02[0m
[35m[2026-04-24 16:19:11,825] [   DEBUG][0m - enable_auto_parallel          : False[0m
[35m[2026-04-24 16:19:11,825] [   DEBUG][0m - enable_linear_fused_grad_add  : False[0m
[35m[2026-04-24 16:19:11,825] [   DEBUG][0m - enable_mtp_magic_send         : False[0m
[35m[2026-04-24 16:19:11,825] [   DEBUG][0m - enable_sharding_comm_overlap  : False[0m
[35m[2026-04-24 16:19:11,825] [   DEBUG][0m - enable_zero_cost_checkpoint   : False[0m
[35m[2026-04-24 16:19:11,826] [   DEBUG][0m - estimation_output_file        : estimation_output.json[0m
[35m[2026-04-24 16:19:11,826] [   DEBUG][0m - eval_accumulation_steps       : None[0m
[35m[2026-04-24 16:19:11,826] [   DEBUG][0m - eval_batch_size               : 1[0m
[35m[2026-04-24 16:19:11,826] [   DEBUG][0m - eval_iters                    : 10[0m
[35m[2026-04-24 16:19:11,826] [   DEBUG][0m - eval_steps                    : 100[0m
[35m[2026-04-24 16:19:11,826] [   DEBUG][0m - evaluation_strategy           : IntervalStrategy.STEPS[0m
[35m[2026-04-24 16:19:11,826] [   DEBUG][0m - expert_model_parallel_size    : 1[0m
[35m[2026-04-24 16:19:11,826] [   DEBUG][0m - expert_parallel_rank          : 0[0m
[35m[2026-04-24 16:19:11,826] [   DEBUG][0m - expert_tensor_model_parallel_size: 1[0m
[35m[2026-04-24 16:19:11,826] [   DEBUG][0m - fa_version                    : 2[0m
[35m[2026-04-24 16:19:11,827] [   DEBUG][0m - factor                        : 20[0m
[35m[2026-04-24 16:19:11,827] [   DEBUG][0m - flash_device_save_steps       : 0[0m
[35m[2026-04-24 16:19:11,827] [   DEBUG][0m - flatten_param_grads           : False[0m
[35m[2026-04-24 16:19:11,827] [   DEBUG][0m - force_reshard_pp              : False[0m
[35m[2026-04-24 16:19:11,827] [   DEBUG][0m - forward_backward_overlap_scheduler: False[0m
[35m[2026-04-24 16:19:11,827] [   DEBUG][0m - fp16                          : False[0m
[35m[2026-04-24 16:19:11,827] [   DEBUG][0m - fp16_full_eval                : False[0m
[35m[2026-04-24 16:19:11,827] [   DEBUG][0m - fp16_opt_level                : O1[0m
[35m[2026-04-24 16:19:11,827] [   DEBUG][0m - fp32_residual_connection      : True[0m
[35m[2026-04-24 16:19:11,827] [   DEBUG][0m - fp8                           : None[0m
[35m[2026-04-24 16:19:11,828] [   DEBUG][0m - fp8_wgrad                     : True[0m
[35m[2026-04-24 16:19:11,828] [   DEBUG][0m - freeze_config                 : [0m
[35m[2026-04-24 16:19:11,828] [   DEBUG][0m - fuse_optimizer_states         : False[0m
[35m[2026-04-24 16:19:11,828] [   DEBUG][0m - fuse_sequence_parallel_allreduce: False[0m
[35m[2026-04-24 16:19:11,828] [   DEBUG][0m - fuse_swiglu                   : False[0m
[35m[2026-04-24 16:19:11,828] [   DEBUG][0m - gated_linear_unit             : True[0m
[35m[2026-04-24 16:19:11,828] [   DEBUG][0m - gc_interval                   : 0[0m
[35m[2026-04-24 16:19:11,828] [   DEBUG][0m - global_batch_size             : 4[0m
[35m[2026-04-24 16:19:11,828] [   DEBUG][0m - global_logging_interval       : 1[0m
[35m[2026-04-24 16:19:11,828] [   DEBUG][0m - gradient_accumulation_steps   : 4[0m
[35m[2026-04-24 16:19:11,828] [   DEBUG][0m - gradient_sync_after_accumulate: False[0m
[35m[2026-04-24 16:19:11,829] [   DEBUG][0m - greater_is_better             : None[0m
[35m[2026-04-24 16:19:11,829] [   DEBUG][0m - hidden_dropout_prob           : 0.0[0m
[35m[2026-04-24 16:19:11,829] [   DEBUG][0m - hidden_size                   : None[0m
[35m[2026-04-24 16:19:11,829] [   DEBUG][0m - hybrid_parallel_expert_grad_scale: 2.0[0m
[35m[2026-04-24 16:19:11,829] [   DEBUG][0m - hybrid_parallel_topo_order    : sharding_first[0m
[35m[2026-04-24 16:19:11,829] [   DEBUG][0m - ignore_data_skip              : False[0m
[35m[2026-04-24 16:19:11,829] [   DEBUG][0m - ignore_eos_token              : False[0m
[35m[2026-04-24 16:19:11,829] [   DEBUG][0m - ignore_load_lr_and_optim      : False[0m
[35m[2026-04-24 16:19:11,829] [   DEBUG][0m - ignore_save_lr_and_optim      : False[0m
[35m[2026-04-24 16:19:11,829] [   DEBUG][0m - init_method                   : None[0m
[35m[2026-04-24 16:19:11,830] [   DEBUG][0m - intermediate_size             : None[0m
[35m[2026-04-24 16:19:11,830] [   DEBUG][0m - label_names                   : None[0m
[35m[2026-04-24 16:19:11,830] [   DEBUG][0m - label_smoothing               : 0.0[0m
[35m[2026-04-24 16:19:11,830] [   DEBUG][0m - lazy_data_processing          : True[0m
[35m[2026-04-24 16:19:11,830] [   DEBUG][0m - learning_rate                 : 0.0001[0m
[35m[2026-04-24 16:19:11,830] [   DEBUG][0m - load_best_model_at_end        : False[0m
[35m[2026-04-24 16:19:11,830] [   DEBUG][0m - load_checkpoint_format        : flex_checkpoint[0m
[35m[2026-04-24 16:19:11,830] [   DEBUG][0m - load_from_hf                  : False[0m
[35m[2026-04-24 16:19:11,830] [   DEBUG][0m - load_sharded_model            : False[0m
[35m[2026-04-24 16:19:11,830] [   DEBUG][0m - load_sharded_model_remap_parameter_name: False[0m
[35m[2026-04-24 16:19:11,831] [   DEBUG][0m - load_via_cpu                  : True[0m
[35m[2026-04-24 16:19:11,831] [   DEBUG][0m - local_process_index           : 0[0m
[35m[2026-04-24 16:19:11,831] [   DEBUG][0m - local_rank                    : 0[0m
[35m[2026-04-24 16:19:11,831] [   DEBUG][0m - log_global_grad_norm          : False[0m
[35m[2026-04-24 16:19:11,831] [   DEBUG][0m - log_level                     : -1[0m
[35m[2026-04-24 16:19:11,831] [   DEBUG][0m - log_level_replica             : -1[0m
[35m[2026-04-24 16:19:11,831] [   DEBUG][0m - log_on_each_node              : True[0m
[35m[2026-04-24 16:19:11,831] [   DEBUG][0m - logging_dir                   : ./logs/pt/13b[0m
[35m[2026-04-24 16:19:11,831] [   DEBUG][0m - logging_first_step            : False[0m
[35m[2026-04-24 16:19:11,831] [   DEBUG][0m - logging_steps                 : 1[0m
[35m[2026-04-24 16:19:11,832] [   DEBUG][0m - logging_strategy              : IntervalStrategy.STEPS[0m
[35m[2026-04-24 16:19:11,832] [   DEBUG][0m - logical_process_index         : 0[0m
[35m[2026-04-24 16:19:11,832] [   DEBUG][0m - loss_subbatch_sequence_length : -1[0m
[35m[2026-04-24 16:19:11,832] [   DEBUG][0m - loss_type                     : sigmoid[0m
[35m[2026-04-24 16:19:11,832] [   DEBUG][0m - lr_end                        : 1e-07[0m
[35m[2026-04-24 16:19:11,832] [   DEBUG][0m - lr_scheduler                  : cosine[0m
[35m[2026-04-24 16:19:11,832] [   DEBUG][0m - lr_scheduler_type             : SchedulerType.LINEAR[0m
[35m[2026-04-24 16:19:11,832] [   DEBUG][0m - max_estimate_samples          : 100000.0[0m
[35m[2026-04-24 16:19:11,832] [   DEBUG][0m - max_evaluate_steps            : -1[0m
[35m[2026-04-24 16:19:11,832] [   DEBUG][0m - max_grad_norm                 : 1.0[0m
[35m[2026-04-24 16:19:11,833] [   DEBUG][0m - max_gradient_accumulation_steps: 4[0m
[35m[2026-04-24 16:19:11,833] [   DEBUG][0m - max_seq_len                   : 4096[0m
[35m[2026-04-24 16:19:11,833] [   DEBUG][0m - max_steps                     : 100[0m
[35m[2026-04-24 16:19:11,833] [   DEBUG][0m - merge_with_qdq_base_model     : False[0m
[35m[2026-04-24 16:19:11,833] [   DEBUG][0m - metric_for_best_model         : None[0m
[35m[2026-04-24 16:19:11,833] [   DEBUG][0m - metrics_output_path           : None[0m
[35m[2026-04-24 16:19:11,833] [   DEBUG][0m - min_lr                        : 0.0[0m
[35m[2026-04-24 16:19:11,833] [   DEBUG][0m - minimum_eval_times            : None[0m
[35m[2026-04-24 16:19:11,833] [   DEBUG][0m - model_name_or_path            : ./models/Llama-2-13b[0m
[35m[2026-04-24 16:19:11,833] [   DEBUG][0m - moe_deep_gemm                 : False[0m
[35m[2026-04-24 16:19:11,834] [   DEBUG][0m - moe_deepep_num_sms            : None[0m
[35m[2026-04-24 16:19:11,834] [   DEBUG][0m - moe_dequant_input             : False[0m
[35m[2026-04-24 16:19:11,834] [   DEBUG][0m - moe_dropout_prob              : 0.0[0m
[35m[2026-04-24 16:19:11,834] [   DEBUG][0m - moe_ep_barrier                : True[0m
[35m[2026-04-24 16:19:11,834] [   DEBUG][0m - moe_expert_capacity_factor    : 0.0[0m
[35m[2026-04-24 16:19:11,834] [   DEBUG][0m - moe_expert_fusion             : True[0m
[35m[2026-04-24 16:19:11,834] [   DEBUG][0m - moe_gate_lr_ratio             : None[0m
[35m[2026-04-24 16:19:11,834] [   DEBUG][0m - moe_grouped_gemm              : False[0m
[35m[2026-04-24 16:19:11,834] [   DEBUG][0m - moe_pad_expert_input_to_capacity: False[0m
[35m[2026-04-24 16:19:11,834] [   DEBUG][0m - moe_router_bias_update_rate   : 0.0[0m
[35m[2026-04-24 16:19:11,834] [   DEBUG][0m - moe_router_force_load_balancing: False[0m
[35m[2026-04-24 16:19:11,835] [   DEBUG][0m - moe_router_fusion             : True[0m
[35m[2026-04-24 16:19:11,835] [   DEBUG][0m - moe_router_load_balancing_type: seq_aux_loss[0m
[35m[2026-04-24 16:19:11,835] [   DEBUG][0m - moe_sharding_parallel_rank    : 0[0m
[35m[2026-04-24 16:19:11,835] [   DEBUG][0m - moe_sharding_parallel_size    : 1[0m
[35m[2026-04-24 16:19:11,835] [   DEBUG][0m - moe_shared_expert_overlap     : True[0m
[35m[2026-04-24 16:19:11,835] [   DEBUG][0m - moe_subbatch_token_num_after_dispatch: None[0m
[35m[2026-04-24 16:19:11,835] [   DEBUG][0m - moe_subbatch_token_num_before_dispatch: 0[0m
[35m[2026-04-24 16:19:11,835] [   DEBUG][0m - moe_token_dispatcher_type     : deepep[0m
[35m[2026-04-24 16:19:11,835] [   DEBUG][0m - moe_token_drop_policy         : probs[0m
[35m[2026-04-24 16:19:11,835] [   DEBUG][0m - moe_use_fusion_node           : True[0m
[35m[2026-04-24 16:19:11,836] [   DEBUG][0m - moe_with_send_router_loss     : True[0m
[35m[2026-04-24 16:19:11,836] [   DEBUG][0m - mp_async_allreduce            : False[0m
[35m[2026-04-24 16:19:11,836] [   DEBUG][0m - mp_fused_linear_param_grad_add: False[0m
[35m[2026-04-24 16:19:11,836] [   DEBUG][0m - mp_skip_c_identity            : False[0m
[35m[2026-04-24 16:19:11,836] [   DEBUG][0m - mtp_distillation_loss         : False[0m
[35m[2026-04-24 16:19:11,836] [   DEBUG][0m - mtp_num_layers                : 0[0m
[35m[2026-04-24 16:19:11,836] [   DEBUG][0m - multi_latent_attention        : False[0m
[35m[2026-04-24 16:19:11,836] [   DEBUG][0m - n_routed_experts              : None[0m
[35m[2026-04-24 16:19:11,836] [   DEBUG][0m - nccl_comm_group_config        : None[0m
[35m[2026-04-24 16:19:11,836] [   DEBUG][0m - need_data                     : True[0m
[35m[2026-04-24 16:19:11,837] [   DEBUG][0m - no_cuda                       : False[0m
[35m[2026-04-24 16:19:11,837] [   DEBUG][0m - no_recompute_layers           : None[0m
[35m[2026-04-24 16:19:11,837] [   DEBUG][0m - no_rope_freq                  : False[0m
[35m[2026-04-24 16:19:11,837] [   DEBUG][0m - non_batch_p2p_comm            : False[0m
[35m[2026-04-24 16:19:11,837] [   DEBUG][0m - normalization                 : RMSNorm[0m
[35m[2026-04-24 16:19:11,837] [   DEBUG][0m - normalize_logps               : False[0m
[35m[2026-04-24 16:19:11,837] [   DEBUG][0m - num_attention_heads           : None[0m
[35m[2026-04-24 16:19:11,837] [   DEBUG][0m - num_consecutive               : 1[0m
[35m[2026-04-24 16:19:11,837] [   DEBUG][0m - num_cycles                    : 0.5[0m
[35m[2026-04-24 16:19:11,837] [   DEBUG][0m - num_empty_layers_add_in_head  : 0[0m
[35m[2026-04-24 16:19:11,838] [   DEBUG][0m - num_empty_layers_add_in_tail  : 0[0m
[35m[2026-04-24 16:19:11,838] [   DEBUG][0m - num_experts_per_tok           : None[0m
[35m[2026-04-24 16:19:11,838] [   DEBUG][0m - num_hidden_layers             : None[0m
[35m[2026-04-24 16:19:11,838] [   DEBUG][0m - num_key_value_heads           : None[0m
[35m[2026-04-24 16:19:11,838] [   DEBUG][0m - num_nextn_predict_layers      : 0[0m
[35m[2026-04-24 16:19:11,838] [   DEBUG][0m - num_of_gpus                   : -1[0m
[35m[2026-04-24 16:19:11,838] [   DEBUG][0m - num_train_epochs              : 1.0[0m
[35m[2026-04-24 16:19:11,838] [   DEBUG][0m - offload_fp8_expert_master_weight: True[0m
[35m[2026-04-24 16:19:11,838] [   DEBUG][0m - offload_queue                 : False[0m
[35m[2026-04-24 16:19:11,838] [   DEBUG][0m - offset_alpha                  : 0.0[0m
[35m[2026-04-24 16:19:11,838] [   DEBUG][0m - optim                         : OptimizerNames.ADAMW[0m
[35m[2026-04-24 16:19:11,839] [   DEBUG][0m - optim_shard_num               : 1[0m
[35m[2026-04-24 16:19:11,839] [   DEBUG][0m - optimizer_name_suffix         : tp00_pp00[0m
[35m[2026-04-24 16:19:11,839] [   DEBUG][0m - ordered_save_group_size       : 0[0m
[35m[2026-04-24 16:19:11,839] [   DEBUG][0m - output_dir                    : ./checkpoints/pt/13b[0m
[35m[2026-04-24 16:19:11,839] [   DEBUG][0m - output_layer_init_method      : None[0m
[35m[2026-04-24 16:19:11,839] [   DEBUG][0m - output_signal_dir             : ./checkpoints/pt/13b[0m
[35m[2026-04-24 16:19:11,839] [   DEBUG][0m - overlap                       : False[0m
[35m[2026-04-24 16:19:11,839] [   DEBUG][0m - overlap_p2p_comm              : False[0m
[35m[2026-04-24 16:19:11,839] [   DEBUG][0m - overwrite_output_dir          : True[0m
[35m[2026-04-24 16:19:11,839] [   DEBUG][0m - p2p_cache_shape               : True[0m
[35m[2026-04-24 16:19:11,840] [   DEBUG][0m - pad_token_id                  : 0[0m
[35m[2026-04-24 16:19:11,840] [   DEBUG][0m - partial_send_recv             : True[0m
[35m[2026-04-24 16:19:11,840] [   DEBUG][0m - past_index                    : -1[0m
[35m[2026-04-24 16:19:11,840] [   DEBUG][0m - pdc_download_ckpt             : False[0m
[35m[2026-04-24 16:19:11,840] [   DEBUG][0m - pdc_download_timeout          : 300[0m
[35m[2026-04-24 16:19:11,840] [   DEBUG][0m - per_device_eval_batch_size    : 1[0m
[35m[2026-04-24 16:19:11,840] [   DEBUG][0m - per_device_train_batch_size   : 1[0m
[35m[2026-04-24 16:19:11,840] [   DEBUG][0m - pipeline_model_parallel_size  : 2[0m
[35m[2026-04-24 16:19:11,840] [   DEBUG][0m - pipeline_parallel_config      : [0m
[35m[2026-04-24 16:19:11,840] [   DEBUG][0m - pipeline_parallel_rank        : 0[0m
[35m[2026-04-24 16:19:11,841] [   DEBUG][0m - position_embedding_type       : rope[0m
[35m[2026-04-24 16:19:11,841] [   DEBUG][0m - power                         : 1.0[0m
[35m[2026-04-24 16:19:11,841] [   DEBUG][0m - pp_delay_scale_loss           : True[0m
[35m[2026-04-24 16:19:11,841] [   DEBUG][0m - pp_need_data                  : False[0m
[35m[2026-04-24 16:19:11,841] [   DEBUG][0m - pp_need_data_degree           : 0[0m
[35m[2026-04-24 16:19:11,841] [   DEBUG][0m - pp_release_grads              : False[0m
[35m[2026-04-24 16:19:11,841] [   DEBUG][0m - pp_sharding_comm_overlap      : False[0m
[35m[2026-04-24 16:19:11,841] [   DEBUG][0m - pp_sync_moment                : False[0m
[35m[2026-04-24 16:19:11,841] [   DEBUG][0m - pp_sync_param                 : False[0m
[35m[2026-04-24 16:19:11,841] [   DEBUG][0m - pre_alloc_memory              : 0[0m
[35m[2026-04-24 16:19:11,842] [   DEBUG][0m - prediction_loss_only          : False[0m
[35m[2026-04-24 16:19:11,842] [   DEBUG][0m - pref_loss_ratio               : 1.0[0m
[35m[2026-04-24 16:19:11,842] [   DEBUG][0m - prefetch_factor               : 2[0m
[35m[2026-04-24 16:19:11,842] [   DEBUG][0m - process_index                 : 0[0m
[35m[2026-04-24 16:19:11,842] [   DEBUG][0m - profile                       : False[0m
[35m[2026-04-24 16:19:11,842] [   DEBUG][0m - profile_step_end              : 12[0m
[35m[2026-04-24 16:19:11,842] [   DEBUG][0m - profile_step_start            : 10[0m
[35m[2026-04-24 16:19:11,842] [   DEBUG][0m - recompute_granularity         : full[0m
[35m[2026-04-24 16:19:11,842] [   DEBUG][0m - recompute_method              : uniform[0m
[35m[2026-04-24 16:19:11,842] [   DEBUG][0m - recompute_modules             : None[0m
[35m[2026-04-24 16:19:11,843] [   DEBUG][0m - recompute_mtp_granularity     : None[0m
[35m[2026-04-24 16:19:11,843] [   DEBUG][0m - recompute_mtp_method          : None[0m
[35m[2026-04-24 16:19:11,843] [   DEBUG][0m - recompute_mtp_modules         : None[0m
[35m[2026-04-24 16:19:11,843] [   DEBUG][0m - recompute_num_layers          : 1[0m
[35m[2026-04-24 16:19:11,843] [   DEBUG][0m - recompute_use_reentrant       : True[0m
[35m[2026-04-24 16:19:11,843] [   DEBUG][0m - reeao_dataset_rank            : 0[0m
[35m[2026-04-24 16:19:11,843] [   DEBUG][0m - reeao_dataset_world_size      : 1[0m
[35m[2026-04-24 16:19:11,843] [   DEBUG][0m - ref_model_update_steps        : -1[0m
[35m[2026-04-24 16:19:11,843] [   DEBUG][0m - reference_free                : False[0m
[35m[2026-04-24 16:19:11,843] [   DEBUG][0m - release_grads                 : False[0m
[35m[2026-04-24 16:19:11,844] [   DEBUG][0m - remove_unused_columns         : True[0m
[35m[2026-04-24 16:19:11,844] [   DEBUG][0m - reorder_pipeline_priority     : False[0m
[35m[2026-04-24 16:19:11,844] [   DEBUG][0m - replace_with_c_embedding      : False[0m
[35m[2026-04-24 16:19:11,844] [   DEBUG][0m - replace_with_parallel_cross_entropy: False[0m
[35m[2026-04-24 16:19:11,844] [   DEBUG][0m - replicate_saved_into_local    : False[0m
[35m[2026-04-24 16:19:11,844] [   DEBUG][0m - report_to                     : ['visualdl'][0m
[35m[2026-04-24 16:19:11,844] [   DEBUG][0m - resume_from_checkpoint        : None[0m
[35m[2026-04-24 16:19:11,844] [   DEBUG][0m - resume_from_huggingface_ckpt  : None[0m
[35m[2026-04-24 16:19:11,844] [   DEBUG][0m - router_aux_loss_coef          : 0.0[0m
[35m[2026-04-24 16:19:11,844] [   DEBUG][0m - router_z_loss_coef            : None[0m
[35m[2026-04-24 16:19:11,845] [   DEBUG][0m - run_name                      : ./checkpoints/pt/13b[0m
[35m[2026-04-24 16:19:11,845] [   DEBUG][0m - same_data                     : None[0m
[35m[2026-04-24 16:19:11,845] [   DEBUG][0m - save_checkpoint_format        : flex_checkpoint[0m
[35m[2026-04-24 16:19:11,845] [   DEBUG][0m - save_hf_memory_growth_threshold: 8[0m
[35m[2026-04-24 16:19:11,845] [   DEBUG][0m - save_hf_steps                 : -1[0m
[35m[2026-04-24 16:19:11,845] [   DEBUG][0m - save_hf_total_limit           : None[0m
[35m[2026-04-24 16:19:11,845] [   DEBUG][0m - save_last_step                : False[0m
[35m[2026-04-24 16:19:11,845] [   DEBUG][0m - save_on_each_node             : False[0m
[35m[2026-04-24 16:19:11,845] [   DEBUG][0m - save_rng_states               : True[0m
[35m[2026-04-24 16:19:11,845] [   DEBUG][0m - save_sharded_model            : False[0m
[35m[2026-04-24 16:19:11,845] [   DEBUG][0m - save_sharding_stage1_model_include_freeze_params: False[0m
[35m[2026-04-24 16:19:11,846] [   DEBUG][0m - save_steps                    : 100[0m
[35m[2026-04-24 16:19:11,846] [   DEBUG][0m - save_strategy                 : IntervalStrategy.STEPS[0m
[35m[2026-04-24 16:19:11,846] [   DEBUG][0m - save_to_hf                    : True[0m
[35m[2026-04-24 16:19:11,846] [   DEBUG][0m - save_tokenizer                : True[0m
[35m[2026-04-24 16:19:11,846] [   DEBUG][0m - save_total_limit              : None[0m
[35m[2026-04-24 16:19:11,846] [   DEBUG][0m - scale_loss                    : 32768[0m
[35m[2026-04-24 16:19:11,846] [   DEBUG][0m - sd_release_grads              : False[0m
[35m[2026-04-24 16:19:11,846] [   DEBUG][0m - sd_sharding_comm_overlap      : False[0m
[35m[2026-04-24 16:19:11,846] [   DEBUG][0m - sd_shardingv1_comm_overlap    : False[0m
[35m[2026-04-24 16:19:11,846] [   DEBUG][0m - seed                          : 23[0m
[35m[2026-04-24 16:19:11,847] [   DEBUG][0m - send_recv_overlap             : False[0m
[35m[2026-04-24 16:19:11,847] [   DEBUG][0m - sep_parallel_size             : 1[0m
[35m[2026-04-24 16:19:11,847] [   DEBUG][0m - sequence_parallel             : False[0m
[35m[2026-04-24 16:19:11,847] [   DEBUG][0m - sequence_parallel_config      : [0m
[35m[2026-04-24 16:19:11,847] [   DEBUG][0m - sft_loss_ratio                : 0.0[0m
[35m[2026-04-24 16:19:11,847] [   DEBUG][0m - sharded_model_from_ema        : False[0m
[35m[2026-04-24 16:19:11,847] [   DEBUG][0m - sharding                      : [][0m
[35m[2026-04-24 16:19:11,847] [   DEBUG][0m - sharding_comm_buffer_size_MB  : -1[0m
[35m[2026-04-24 16:19:11,847] [   DEBUG][0m - sharding_degree               : -1[0m
[35m[2026-04-24 16:19:11,847] [   DEBUG][0m - sharding_offload_opt_buffersize_GB: -1[0m
[35m[2026-04-24 16:19:11,848] [   DEBUG][0m - sharding_parallel_config      : [0m
[35m[2026-04-24 16:19:11,848] [   DEBUG][0m - sharding_parallel_mesh_dimension: dp[0m
[35m[2026-04-24 16:19:11,848] [   DEBUG][0m - sharding_parallel_rank        : 0[0m
[35m[2026-04-24 16:19:11,848] [   DEBUG][0m - sharding_parallel_size        : 1[0m
[35m[2026-04-24 16:19:11,848] [   DEBUG][0m - should_load_dataset           : True[0m
[35m[2026-04-24 16:19:11,848] [   DEBUG][0m - should_load_sharding_stage1_model: False[0m
[35m[2026-04-24 16:19:11,848] [   DEBUG][0m - should_log                    : True[0m
[35m[2026-04-24 16:19:11,848] [   DEBUG][0m - should_save                   : True[0m
[35m[2026-04-24 16:19:11,848] [   DEBUG][0m - should_save_model_state       : True[0m
[35m[2026-04-24 16:19:11,848] [   DEBUG][0m - should_save_model_with_tensor_fusion: False[0m
[35m[2026-04-24 16:19:11,849] [   DEBUG][0m - should_save_sharding_stage1_model: False[0m
[35m[2026-04-24 16:19:11,849] [   DEBUG][0m - shuffle_consecutive           : False[0m
[35m[2026-04-24 16:19:11,849] [   DEBUG][0m - simpo_gamma                   : 0.5[0m
[35m[2026-04-24 16:19:11,849] [   DEBUG][0m - skip_data_intervals           : None[0m
[35m[2026-04-24 16:19:11,849] [   DEBUG][0m - skip_memory_metrics           : True[0m
[35m[2026-04-24 16:19:11,849] [   DEBUG][0m - skip_profile_timer            : True[0m
[35m[2026-04-24 16:19:11,849] [   DEBUG][0m - softmax_scale                 : None[0m
[35m[2026-04-24 16:19:11,849] [   DEBUG][0m - softmax_type                  : vanilla[0m
[35m[2026-04-24 16:19:11,849] [   DEBUG][0m - sp_allreduce_avg_in_gradinent_scale: False[0m
[35m[2026-04-24 16:19:11,849] [   DEBUG][0m - sp_async_reduce_scatter       : False[0m
[35m[2026-04-24 16:19:11,850] [   DEBUG][0m - split_backward                : False[0m
[35m[2026-04-24 16:19:11,850] [   DEBUG][0m - split_inputs_sequence_dim     : True[0m
[35m[2026-04-24 16:19:11,850] [   DEBUG][0m - split_norm_comm               : False[0m
[35m[2026-04-24 16:19:11,850] [   DEBUG][0m - split_param                   : True[0m
[35m[2026-04-24 16:19:11,850] [   DEBUG][0m - stage1_allgather_overlap      : False[0m
[35m[2026-04-24 16:19:11,850] [   DEBUG][0m - stage1_broadcast_overlap      : False[0m
[35m[2026-04-24 16:19:11,850] [   DEBUG][0m - stage1_overlap                : False[0m
[35m[2026-04-24 16:19:11,850] [   DEBUG][0m - stage1_reduce_avg             : True[0m
[35m[2026-04-24 16:19:11,850] [   DEBUG][0m - stage1_tensor_fusion          : False[0m
[35m[2026-04-24 16:19:11,850] [   DEBUG][0m - stage2_overlap                : False[0m
[35m[2026-04-24 16:19:11,851] [   DEBUG][0m - sync_grad                     : False[0m
[35m[2026-04-24 16:19:11,851] [   DEBUG][0m - tensor_fusion                 : False[0m
[35m[2026-04-24 16:19:11,851] [   DEBUG][0m - tensor_model_parallel_size    : 2[0m
[35m[2026-04-24 16:19:11,851] [   DEBUG][0m - tensor_parallel_config        : [0m
[35m[2026-04-24 16:19:11,851] [   DEBUG][0m - tensor_parallel_output        : True[0m
[35m[2026-04-24 16:19:11,851] [   DEBUG][0m - tensor_parallel_rank          : 0[0m
[35m[2026-04-24 16:19:11,851] [   DEBUG][0m - tensorwise_offload_optimizer  : False[0m
[35m[2026-04-24 16:19:11,851] [   DEBUG][0m - test_iters                    : 100[0m
[35m[2026-04-24 16:19:11,851] [   DEBUG][0m - tie_word_embeddings           : None[0m
[35m[2026-04-24 16:19:11,851] [   DEBUG][0m - timer                         : False[0m
[35m[2026-04-24 16:19:11,852] [   DEBUG][0m - to_static                     : False[0m
[35m[2026-04-24 16:19:11,852] [   DEBUG][0m - token_balance_loss            : False[0m
[35m[2026-04-24 16:19:11,852] [   DEBUG][0m - tp_async_allreduce            : False[0m
[35m[2026-04-24 16:19:11,852] [   DEBUG][0m - tp_sync_moment                : False[0m
[35m[2026-04-24 16:19:11,852] [   DEBUG][0m - tp_sync_param                 : False[0m
[35m[2026-04-24 16:19:11,852] [   DEBUG][0m - train_batch_size              : 1[0m
[35m[2026-04-24 16:19:11,852] [   DEBUG][0m - train_mtp_only                : False[0m
[35m[2026-04-24 16:19:11,852] [   DEBUG][0m - unified_checkpoint            : False[0m
[35m[2026-04-24 16:19:11,852] [   DEBUG][0m - unified_checkpoint_config     : [0m
[35m[2026-04-24 16:19:11,852] [   DEBUG][0m - use_async_save                : False[0m
[35m[2026-04-24 16:19:11,852] [   DEBUG][0m - use_cache                     : False[0m
[35m[2026-04-24 16:19:11,853] [   DEBUG][0m - use_dualpipev                 : False[0m
[35m[2026-04-24 16:19:11,853] [   DEBUG][0m - use_expert_parallel           : False[0m
[35m[2026-04-24 16:19:11,853] [   DEBUG][0m - use_filtered_label_loss       : False[0m
[35m[2026-04-24 16:19:11,853] [   DEBUG][0m - use_fp8                       : False[0m
[35m[2026-04-24 16:19:11,853] [   DEBUG][0m - use_fused_head_and_loss_fn    : False[0m
[35m[2026-04-24 16:19:11,853] [   DEBUG][0m - use_fused_linear_cross_entropy: False[0m
[35m[2026-04-24 16:19:11,853] [   DEBUG][0m - use_hybrid_parallel           : True[0m
[35m[2026-04-24 16:19:11,853] [   DEBUG][0m - use_intermediate_api          : False[0m
[35m[2026-04-24 16:19:11,853] [   DEBUG][0m - use_lowprecision_moment       : False[0m
[35m[2026-04-24 16:19:11,853] [   DEBUG][0m - use_moe                       : False[0m
[35m[2026-04-24 16:19:11,854] [   DEBUG][0m - use_ortho_loss_callback       : False[0m
[35m[2026-04-24 16:19:11,854] [   DEBUG][0m - use_qk_norm                   : None[0m
[35m[2026-04-24 16:19:11,854] [   DEBUG][0m - use_recompute_mtp             : False[0m
[35m[2026-04-24 16:19:11,854] [   DEBUG][0m - use_unified_moe               : False[0m
[35m[2026-04-24 16:19:11,854] [   DEBUG][0m - using_sonic_moe               : False[0m
[35m[2026-04-24 16:19:11,854] [   DEBUG][0m - variable_seq_lengths          : False[0m
[35m[2026-04-24 16:19:11,854] [   DEBUG][0m - virtual_pipeline_model_parallel_size: 1[0m
[35m[2026-04-24 16:19:11,854] [   DEBUG][0m - wandb_api_key                 : None[0m
[35m[2026-04-24 16:19:11,854] [   DEBUG][0m - wandb_http_proxy              : None[0m
[35m[2026-04-24 16:19:11,854] [   DEBUG][0m - warmup_ratio                  : 0.0[0m
[35m[2026-04-24 16:19:11,855] [   DEBUG][0m - warmup_steps                  : 10[0m
[35m[2026-04-24 16:19:11,855] [   DEBUG][0m - weight_decay                  : 0.0[0m
[35m[2026-04-24 16:19:11,855] [   DEBUG][0m - weight_name_suffix            : tp00_pp00[0m
[35m[2026-04-24 16:19:11,855] [   DEBUG][0m - weight_quantize_algo          : None[0m
[35m[2026-04-24 16:19:11,855] [   DEBUG][0m - world_size                    : 4[0m
[35m[2026-04-24 16:19:11,855] [   DEBUG][0m - zcc_ema_interval              : 1[0m
[35m[2026-04-24 16:19:11,855] [   DEBUG][0m - zcc_ema_loss_threshold        : None[0m
[35m[2026-04-24 16:19:11,855] [   DEBUG][0m - zcc_pipeline_hooks_capacity_usage: 0.6[0m
[35m[2026-04-24 16:19:11,855] [   DEBUG][0m - zcc_save_ema_coef             : None[0m
[35m[2026-04-24 16:19:11,855] [   DEBUG][0m - zcc_workers_num               : 3[0m
[35m[2026-04-24 16:19:11,856] [   DEBUG][0m - [0m
[32m[2026-04-24 16:19:11,857] [    INFO][0m - Starting training from resume_from_checkpoint : None[0m
[32m[2026-04-24 16:19:11,865] [    INFO][0m - [timelog] RuntimeTimer: 0.00s (2026-04-24 16:19:11) [0m
[32m[2026-04-24 16:19:11,865] [    INFO][0m - ***** Running training *****[0m
[32m[2026-04-24 16:19:11,865] [    INFO][0m -   Num examples = 400[0m
[32m[2026-04-24 16:19:11,865] [    INFO][0m -   Num Epochs = 1[0m
[32m[2026-04-24 16:19:11,865] [    INFO][0m -   Instantaneous batch size per device = 1[0m
[32m[2026-04-24 16:19:11,866] [    INFO][0m -   Total train batch size (w. parallel, distributed & accumulation) = 4[0m
[32m[2026-04-24 16:19:11,866] [    INFO][0m -   Gradient Accumulation steps = 4[0m
[32m[2026-04-24 16:19:11,866] [    INFO][0m -   Total optimization steps = 100[0m
[32m[2026-04-24 16:19:11,866] [    INFO][0m -   Total num train samples = 400[0m
[2026-04-24 16:19:11,877] [    INFO] pipeline_parallel.py:807 - Pipeline scheduler is in dynamic_shape mode=False
[2026-04-24 16:19:11,877] [    INFO] pipeline_parallel.py:817 - dp_comm_overlap False;             sharding_comm_overlap False;             sharding_split_param False;
[2026-04-24 16:19:11,877] [    INFO] pipeline_parallel.py:889 - Pipeline Info -- num_stages: 2, stage_id: 0
[2026-04-24 16:19:11,877] [    INFO] pipeline_parallel.py:894 - start broadcast mp parameters
W0424 16:19:11.948488 81880 nccl_comm_context.cc:70] ncclCommInitRankConfigMemOpt is not supported.
[2026-04-24 16:19:12,340] [ WARNING] hybrid_parallel_optimizer.py:332 - While using ClipGradByGlobalNorm in TensorParallel, PipelineParallel or Sharding, the grad clip of original optimizer will be changed.
[35m[2026-04-24 16:19:12,344] [   DEBUG][0m -   Number of trainable parameters = 3,254,067,200 (per device)[0m
[35m[2026-04-24 16:19:12,383] [   DEBUG][0m -   Number of trainable parameters = 13,016,279,040 (all devices, roughly)[0m

TrainProcess:   0%|          | 0/100 [00:00<?, ?it/s]W0424 16:19:20.906037 81880 nccl_comm_context.cc:70] ncclCommInitRankConfigMemOpt is not supported.
W0424 16:19:51.005990 81880 nccl_comm_context.cc:70] ncclCommInitRankConfigMemOpt is not supported.

TrainProcess:   1%|          | 1/100 [00:41<1:08:11, 41.33s/it][32m[2026-04-24 16:19:53,802] [    INFO][0m - loss: 11.3851347, learning_rate: 1e-05, global_step: 1, current_memory_allocated: 48.48938226699829, current_memory_reserved: 50.293031454086304, max_memory_allocated: 48.48938322067261, max_memory_reserved: 50.293031454086304, interval_runtime: 41.4164, interval_samples_per_second: 0.0966, interval_steps_per_second: 0.0241, global_norm: 16.71649169921875, ppl: 88003.74945536487, progress_or_epoch: 0.01, cpu_used_memory: 233.11, cpu_available_memory: 1266.48[0m
[32m[2026-04-24 16:19:53,802] [    INFO][0m - [DataLoad global_step: 1] data_load_time: 2070.86 ms (accumulated over 4 micro-batches)[0m

TrainProcess:   2%|▏         | 2/100 [01:08<54:05, 33.12s/it]  [32m[2026-04-24 16:20:21,161] [    INFO][0m - loss: 11.28845787, learning_rate: 2e-05, global_step: 2, current_memory_allocated: 48.48938226699829, current_memory_reserved: 59.339906454086304, max_memory_allocated: 56.16113495826721, max_memory_reserved: 59.339906454086304, interval_runtime: 27.3583, interval_samples_per_second: 0.1462, interval_steps_per_second: 0.0366, global_norm: 18.340450286865234, ppl: 79894.14660024396, progress_or_epoch: 0.02, cpu_used_memory: 233.12, cpu_available_memory: 1266.47[0m
[32m[2026-04-24 16:20:21,162] [    INFO][0m - [DataLoad global_step: 2] data_load_time: 0.35 ms (accumulated over 4 micro-batches)[0m

TrainProcess:   3%|▎         | 3/100 [01:36<49:17, 30.49s/it][32m[2026-04-24 16:20:48,529] [    INFO][0m - loss: 10.44443893, learning_rate: 3e-05, global_step: 3, current_memory_allocated: 48.48938226699829, current_memory_reserved: 59.339906454086304, max_memory_allocated: 56.16113495826721, max_memory_reserved: 59.339906454086304, interval_runtime: 27.3671, interval_samples_per_second: 0.1462, interval_steps_per_second: 0.0365, global_norm: 16.367843627929688, ppl: 34352.804185660076, progress_or_epoch: 0.03, cpu_used_memory: 233.15, cpu_available_memory: 1266.44[0m
[32m[2026-04-24 16:20:48,529] [    INFO][0m - [DataLoad global_step: 3] data_load_time: 0.44 ms (accumulated over 4 micro-batches)[0m

TrainProcess:   4%|▍         | 4/100 [02:03<46:47, 29.25s/it][32m[2026-04-24 16:21:15,868] [    INFO][0m - loss: 12.05506516, learning_rate: 4e-05, global_step: 4, current_memory_allocated: 48.48938226699829, current_memory_reserved: 59.339906454086304, max_memory_allocated: 56.16113495826721, max_memory_reserved: 59.339906454086304, interval_runtime: 27.3394, interval_samples_per_second: 0.1463, interval_steps_per_second: 0.0366, global_norm: 99.13143157958984, ppl: 171968.25245348044, progress_or_epoch: 0.04, cpu_used_memory: 233.15, cpu_available_memory: 1266.44[0m
[32m[2026-04-24 16:21:15,869] [    INFO][0m - [DataLoad global_step: 4] data_load_time: 0.32 ms (accumulated over 4 micro-batches)[0m

TrainProcess:   5%|▌         | 5/100 [02:30<45:14, 28.58s/it][32m[2026-04-24 16:21:43,293] [    INFO][0m - loss: 12.24722099, learning_rate: 5e-05, global_step: 5, current_memory_allocated: 48.48938226699829, current_memory_reserved: 59.339906454086304, max_memory_allocated: 56.16113495826721, max_memory_reserved: 59.339906454086304, interval_runtime: 27.4236, interval_samples_per_second: 0.1459, interval_steps_per_second: 0.0365, global_norm: 98.19324493408203, ppl: 208401.3340015646, progress_or_epoch: 0.05, cpu_used_memory: 233.16, cpu_available_memory: 1266.44[0m
[32m[2026-04-24 16:21:43,293] [    INFO][0m - [DataLoad global_step: 5] data_load_time: 0.31 ms (accumulated over 4 micro-batches)[0m

TrainProcess:   6%|▌         | 6/100 [02:58<44:09, 28.19s/it][32m[2026-04-24 16:22:10,699] [    INFO][0m - loss: 11.44268703, learning_rate: 6e-05, global_step: 6, current_memory_allocated: 48.48938226699829, current_memory_reserved: 59.339906454086304, max_memory_allocated: 56.16113495826721, max_memory_reserved: 59.339906454086304, interval_runtime: 27.4055, interval_samples_per_second: 0.146, interval_steps_per_second: 0.0365, global_norm: 21.631805419921875, ppl: 93217.15311150216, progress_or_epoch: 0.06, cpu_used_memory: 233.15, cpu_available_memory: 1266.44[0m
[32m[2026-04-24 16:22:10,699] [    INFO][0m - [DataLoad global_step: 6] data_load_time: 0.73 ms (accumulated over 4 micro-batches)[0m

TrainProcess:   7%|▋         | 7/100 [03:25<43:16, 27.92s/it][32m[2026-04-24 16:22:38,067] [    INFO][0m - loss: 11.80310249, learning_rate: 7e-05, global_step: 7, current_memory_allocated: 48.48938226699829, current_memory_reserved: 59.339906454086304, max_memory_allocated: 56.16113495826721, max_memory_reserved: 59.339906454086304, interval_runtime: 27.3679, interval_samples_per_second: 0.1462, interval_steps_per_second: 0.0365, global_norm: 51.627506256103516, ppl: 133666.40900829533, progress_or_epoch: 0.07, cpu_used_memory: 233.15, cpu_available_memory: 1266.44[0m
[32m[2026-04-24 16:22:38,067] [    INFO][0m - [DataLoad global_step: 7] data_load_time: 0.37 ms (accumulated over 4 micro-batches)[0m

TrainProcess:   8%|▊         | 8/100 [03:52<42:32, 27.74s/it][32m[2026-04-24 16:23:05,429] [    INFO][0m - loss: 12.48078918, learning_rate: 8e-05, global_step: 8, current_memory_allocated: 48.48938226699829, current_memory_reserved: 59.339906454086304, max_memory_allocated: 56.16113495826721, max_memory_reserved: 59.339906454086304, interval_runtime: 27.3621, interval_samples_per_second: 0.1462, interval_steps_per_second: 0.0365, global_norm: 26.740886688232422, ppl: 263231.507338057, progress_or_epoch: 0.08, cpu_used_memory: 233.15, cpu_available_memory: 1266.45[0m
[32m[2026-04-24 16:23:05,430] [    INFO][0m - [DataLoad global_step: 8] data_load_time: 0.36 ms (accumulated over 4 micro-batches)[0m

TrainProcess:   9%|▉         | 9/100 [04:20<41:54, 27.64s/it][32m[2026-04-24 16:23:32,828] [    INFO][0m - loss: 20.40430641, learning_rate: 9e-05, global_step: 9, current_memory_allocated: 48.48938226699829, current_memory_reserved: 59.339906454086304, max_memory_allocated: 56.16113495826721, max_memory_reserved: 59.339906454086304, interval_runtime: 27.398, interval_samples_per_second: 0.146, interval_steps_per_second: 0.0365, global_norm: 110.9449462890625, ppl: 726905041.4652423, progress_or_epoch: 0.09, cpu_used_memory: 232.86, cpu_available_memory: 1266.74[0m
[32m[2026-04-24 16:23:32,828] [    INFO][0m - [DataLoad global_step: 9] data_load_time: 0.34 ms (accumulated over 4 micro-batches)[0m

TrainProcess:  10%|█         | 10/100 [04:47<41:19, 27.55s/it][32m[2026-04-24 16:24:00,178] [    INFO][0m - loss: 15.47079849, learning_rate: 0.0001, global_step: 10, current_memory_allocated: 48.48938226699829, current_memory_reserved: 59.339906454086304, max_memory_allocated: 56.16113495826721, max_memory_reserved: 59.339906454086304, interval_runtime: 27.3494, interval_samples_per_second: 0.1463, interval_steps_per_second: 0.0366, global_norm: 53.51339340209961, ppl: 5234586.91047787, progress_or_epoch: 0.1, cpu_used_memory: 232.86, cpu_available_memory: 1266.73[0m
[32m[2026-04-24 16:24:00,178] [    INFO][0m - [DataLoad global_step: 10] data_load_time: 0.78 ms (accumulated over 4 micro-batches)[0m

TrainProcess:  11%|█         | 11/100 [05:15<40:47, 27.50s/it][32m[2026-04-24 16:24:27,577] [    INFO][0m - loss: 14.21419048, learning_rate: 9.889e-05, global_step: 11, current_memory_allocated: 48.48938226699829, current_memory_reserved: 59.339906454086304, max_memory_allocated: 56.16113495826721, max_memory_reserved: 59.339906454086304, interval_runtime: 27.3988, interval_samples_per_second: 0.146, interval_steps_per_second: 0.0365, global_norm: 15.446150779724121, ppl: 1489856.671990791, progress_or_epoch: 0.11, cpu_used_memory: 232.87, cpu_available_memory: 1266.73[0m
[32m[2026-04-24 16:24:27,577] [    INFO][0m - [DataLoad global_step: 11] data_load_time: 0.33 ms (accumulated over 4 micro-batches)[0m

TrainProcess:  12%|█▏        | 12/100 [05:42<40:17, 27.47s/it][32m[2026-04-24 16:24:54,984] [    INFO][0m - loss: 13.83982277, learning_rate: 9.778e-05, global_step: 12, current_memory_allocated: 48.48938226699829, current_memory_reserved: 59.339906454086304, max_memory_allocated: 56.16113495826721, max_memory_reserved: 59.339906454086304, interval_runtime: 27.4067, interval_samples_per_second: 0.1459, interval_steps_per_second: 0.0365, global_norm: 8.548243522644043, ppl: 1024610.1635831833, progress_or_epoch: 0.12, cpu_used_memory: 232.87, cpu_available_memory: 1266.72[0m
[32m[2026-04-24 16:24:54,984] [    INFO][0m - [DataLoad global_step: 12] data_load_time: 0.34 ms (accumulated over 4 micro-batches)[0m

TrainProcess:  13%|█▎        | 13/100 [06:09<39:49, 27.46s/it][32m[2026-04-24 16:25:22,420] [    INFO][0m - loss: 13.41550732, learning_rate: 9.667e-05, global_step: 13, current_memory_allocated: 48.48938226699829, current_memory_reserved: 59.339906454086304, max_memory_allocated: 56.16113495826721, max_memory_reserved: 59.339906454086304, interval_runtime: 27.4358, interval_samples_per_second: 0.1458, interval_steps_per_second: 0.0364, global_norm: 8.724143028259277, ppl: 670317.8755667917, progress_or_epoch: 0.13, cpu_used_memory: 232.89, cpu_available_memory: 1266.7[0m
[32m[2026-04-24 16:25:22,421] [    INFO][0m - [DataLoad global_step: 13] data_load_time: 0.33 ms (accumulated over 4 micro-batches)[0m

TrainProcess:  14%|█▍        | 14/100 [06:37<39:20, 27.44s/it][32m[2026-04-24 16:25:49,824] [    INFO][0m - loss: 11.42573547, learning_rate: 9.556e-05, global_step: 14, current_memory_allocated: 48.48938226699829, current_memory_reserved: 59.339906454086304, max_memory_allocated: 56.16113495826721, max_memory_reserved: 59.339906454086304, interval_runtime: 27.403, interval_samples_per_second: 0.146, interval_steps_per_second: 0.0365, global_norm: 12.99586296081543, ppl: 91650.29481397556, progress_or_epoch: 0.14, cpu_used_memory: 232.33, cpu_available_memory: 1267.27[0m
[32m[2026-04-24 16:25:49,824] [    INFO][0m - [DataLoad global_step: 14] data_load_time: 0.31 ms (accumulated over 4 micro-batches)[0m

TrainProcess:  15%|█▌        | 15/100 [07:04<38:55, 27.47s/it][32m[2026-04-24 16:26:17,363] [    INFO][0m - loss: 10.28928185, learning_rate: 9.444e-05, global_step: 15, current_memory_allocated: 48.48938226699829, current_memory_reserved: 59.339906454086304, max_memory_allocated: 56.16113495826721, max_memory_reserved: 59.339906454086304, interval_runtime: 27.5389, interval_samples_per_second: 0.1452, interval_steps_per_second: 0.0363, global_norm: 9.875802993774414, ppl: 29415.641921767176, progress_or_epoch: 0.15, cpu_used_memory: 231.98, cpu_available_memory: 1267.62[0m
[32m[2026-04-24 16:26:17,364] [    INFO][0m - [DataLoad global_step: 15] data_load_time: 0.30 ms (accumulated over 4 micro-batches)[0m

TrainProcess:  16%|█▌        | 16/100 [07:32<38:25, 27.44s/it][32m[2026-04-24 16:26:44,744] [    INFO][0m - loss: 10.6482563, learning_rate: 9.333e-05, global_step: 16, current_memory_allocated: 48.48938226699829, current_memory_reserved: 59.339906454086304, max_memory_allocated: 56.16113495826721, max_memory_reserved: 59.339906454086304, interval_runtime: 27.3802, interval_samples_per_second: 0.1461, interval_steps_per_second: 0.0365, global_norm: 33.934814453125, ppl: 42119.087427524, progress_or_epoch: 0.16, cpu_used_memory: 231.98, cpu_available_memory: 1267.61[0m
[32m[2026-04-24 16:26:44,744] [    INFO][0m - [DataLoad global_step: 16] data_load_time: 0.33 ms (accumulated over 4 micro-batches)[0m

TrainProcess:  17%|█▋        | 17/100 [07:59<37:55, 27.42s/it][32m[2026-04-24 16:27:12,109] [    INFO][0m - loss: 9.58254623, learning_rate: 9.222e-05, global_step: 17, current_memory_allocated: 48.48938226699829, current_memory_reserved: 59.339906454086304, max_memory_allocated: 56.16113495826721, max_memory_reserved: 59.339906454086304, interval_runtime: 27.3642, interval_samples_per_second: 0.1462, interval_steps_per_second: 0.0365, global_norm: 14.687224388122559, ppl: 14509.316364711998, progress_or_epoch: 0.17, cpu_used_memory: 231.99, cpu_available_memory: 1267.6[0m
[32m[2026-04-24 16:27:12,109] [    INFO][0m - [DataLoad global_step: 17] data_load_time: 0.40 ms (accumulated over 4 micro-batches)[0m

TrainProcess:  18%|█▊        | 18/100 [08:27<37:27, 27.41s/it][32m[2026-04-24 16:27:39,513] [    INFO][0m - loss: 9.33322906, learning_rate: 9.111e-05, global_step: 18, current_memory_allocated: 48.48938226699829, current_memory_reserved: 59.339906454086304, max_memory_allocated: 56.16113495826721, max_memory_reserved: 59.339906454086304, interval_runtime: 27.404, interval_samples_per_second: 0.146, interval_steps_per_second: 0.0365, global_norm: 5.377830982208252, ppl: 11307.585469735306, progress_or_epoch: 0.18, cpu_used_memory: 232.0, cpu_available_memory: 1267.59[0m
[32m[2026-04-24 16:27:39,513] [    INFO][0m - [DataLoad global_step: 18] data_load_time: 0.33 ms (accumulated over 4 micro-batches)[0m

TrainProcess:  19%|█▉        | 19/100 [08:54<37:00, 27.41s/it][32m[2026-04-24 16:28:06,906] [    INFO][0m - loss: 9.16130924, learning_rate: 9e-05, global_step: 19, current_memory_allocated: 48.48938226699829, current_memory_reserved: 59.339906454086304, max_memory_allocated: 56.16113495826721, max_memory_reserved: 59.339906454086304, interval_runtime: 27.3926, interval_samples_per_second: 0.146, interval_steps_per_second: 0.0365, global_norm: 18.445953369140625, ppl: 9521.514868796752, progress_or_epoch: 0.19, cpu_used_memory: 231.99, cpu_available_memory: 1267.6[0m
[32m[2026-04-24 16:28:06,906] [    INFO][0m - [DataLoad global_step: 19] data_load_time: 0.47 ms (accumulated over 4 micro-batches)[0m

TrainProcess:  20%|██        | 20/100 [09:21<36:32, 27.41s/it][32m[2026-04-24 16:28:34,308] [    INFO][0m - loss: 8.71423626, learning_rate: 8.889e-05, global_step: 20, current_memory_allocated: 48.48938226699829, current_memory_reserved: 59.339906454086304, max_memory_allocated: 56.16113495826721, max_memory_reserved: 59.339906454086304, interval_runtime: 27.4016, interval_samples_per_second: 0.146, interval_steps_per_second: 0.0365, global_norm: 6.827910900115967, ppl: 6088.982441732707, progress_or_epoch: 0.2, cpu_used_memory: 231.99, cpu_available_memory: 1267.6[0m
[32m[2026-04-24 16:28:34,308] [    INFO][0m - [DataLoad global_step: 20] data_load_time: 0.32 ms (accumulated over 4 micro-batches)[0m

TrainProcess:  21%|██        | 21/100 [09:49<36:04, 27.40s/it][32m[2026-04-24 16:29:01,701] [    INFO][0m - loss: 9.06988716, learning_rate: 8.778e-05, global_step: 21, current_memory_allocated: 48.48938226699829, current_memory_reserved: 59.339906454086304, max_memory_allocated: 56.16113495826721, max_memory_reserved: 59.339906454086304, interval_runtime: 27.3925, interval_samples_per_second: 0.146, interval_steps_per_second: 0.0365, global_norm: 22.286823272705078, ppl: 8689.643211050106, progress_or_epoch: 0.21, cpu_used_memory: 231.99, cpu_available_memory: 1267.6[0m
[32m[2026-04-24 16:29:01,701] [    INFO][0m - [DataLoad global_step: 21] data_load_time: 0.39 ms (accumulated over 4 micro-batches)[0m

TrainProcess:  22%|██▏       | 22/100 [10:16<35:37, 27.40s/it][32m[2026-04-24 16:29:29,102] [    INFO][0m - loss: 8.60758018, learning_rate: 8.667e-05, global_step: 22, current_memory_allocated: 48.48938226699829, current_memory_reserved: 59.339906454086304, max_memory_allocated: 56.16113495826721, max_memory_reserved: 59.339906454086304, interval_runtime: 27.3999, interval_samples_per_second: 0.146, interval_steps_per_second: 0.0365, global_norm: 6.901913642883301, ppl: 5472.988993020401, progress_or_epoch: 0.22, cpu_used_memory: 231.99, cpu_available_memory: 1267.6[0m
[32m[2026-04-24 16:29:29,102] [    INFO][0m - [DataLoad global_step: 22] data_load_time: 0.35 ms (accumulated over 4 micro-batches)[0m

TrainProcess:  23%|██▎       | 23/100 [10:44<35:09, 27.40s/it][32m[2026-04-24 16:29:56,479] [    INFO][0m - loss: 8.43470573, learning_rate: 8.556e-05, global_step: 23, current_memory_allocated: 48.48938226699829, current_memory_reserved: 59.339906454086304, max_memory_allocated: 56.16113495826721, max_memory_reserved: 59.339906454086304, interval_runtime: 27.3774, interval_samples_per_second: 0.1461, interval_steps_per_second: 0.0365, global_norm: 5.0825605392456055, ppl: 4604.114918002652, progress_or_epoch: 0.23, cpu_used_memory: 231.98, cpu_available_memory: 1267.61[0m
[32m[2026-04-24 16:29:56,480] [    INFO][0m - [DataLoad global_step: 23] data_load_time: 0.61 ms (accumulated over 4 micro-batches)[0m

TrainProcess:  24%|██▍       | 24/100 [11:11<34:41, 27.39s/it][32m[2026-04-24 16:30:23,853] [    INFO][0m - loss: 8.34163475, learning_rate: 8.444e-05, global_step: 24, current_memory_allocated: 48.48938226699829, current_memory_reserved: 59.339906454086304, max_memory_allocated: 56.16113495826721, max_memory_reserved: 59.339906454086304, interval_runtime: 27.3732, interval_samples_per_second: 0.1461, interval_steps_per_second: 0.0365, global_norm: 7.390465259552002, ppl: 4194.941820362467, progress_or_epoch: 0.24, cpu_used_memory: 232.0, cpu_available_memory: 1267.59[0m
[32m[2026-04-24 16:30:23,853] [    INFO][0m - [DataLoad global_step: 24] data_load_time: 0.33 ms (accumulated over 4 micro-batches)[0m

TrainProcess:  25%|██▌       | 25/100 [11:38<34:13, 27.38s/it][32m[2026-04-24 16:30:51,218] [    INFO][0m - loss: 8.48748398, learning_rate: 8.333e-05, global_step: 25, current_memory_allocated: 48.48938226699829, current_memory_reserved: 59.339906454086304, max_memory_allocated: 56.16113495826721, max_memory_reserved: 59.339906454086304, interval_runtime: 27.365, interval_samples_per_second: 0.1462, interval_steps_per_second: 0.0365, global_norm: 4.1839189529418945, ppl: 4853.63884532136, progress_or_epoch: 0.25, cpu_used_memory: 232.03, cpu_available_memory: 1267.57[0m
[32m[2026-04-24 16:30:51,219] [    INFO][0m - [DataLoad global_step: 25] data_load_time: 0.98 ms (accumulated over 4 micro-batches)[0m

TrainProcess:  26%|██▌       | 26/100 [12:06<33:45, 27.37s/it][32m[2026-04-24 16:31:18,565] [    INFO][0m - loss: 8.04944801, learning_rate: 8.222e-05, global_step: 26, current_memory_allocated: 48.48938226699829, current_memory_reserved: 59.339906454086304, max_memory_allocated: 56.16113495826721, max_memory_reserved: 59.339906454086304, interval_runtime: 27.3464, interval_samples_per_second: 0.1463, interval_steps_per_second: 0.0366, global_norm: 5.136542320251465, ppl: 3132.0656251368255, progress_or_epoch: 0.26, cpu_used_memory: 232.02, cpu_available_memory: 1267.57[0m
[32m[2026-04-24 16:31:18,566] [    INFO][0m - [DataLoad global_step: 26] data_load_time: 0.31 ms (accumulated over 4 micro-batches)[0m

TrainProcess:  27%|██▋       | 27/100 [12:33<33:17, 27.36s/it][32m[2026-04-24 16:31:45,916] [    INFO][0m - loss: 7.75280762, learning_rate: 8.111e-05, global_step: 27, current_memory_allocated: 48.48938226699829, current_memory_reserved: 59.339906454086304, max_memory_allocated: 56.16113495826721, max_memory_reserved: 59.339906454086304, interval_runtime: 27.3503, interval_samples_per_second: 0.1463, interval_steps_per_second: 0.0366, global_norm: 5.218536376953125, ppl: 2328.0996664875097, progress_or_epoch: 0.27, cpu_used_memory: 232.03, cpu_available_memory: 1267.57[0m
[32m[2026-04-24 16:31:45,916] [    INFO][0m - [DataLoad global_step: 27] data_load_time: 0.35 ms (accumulated over 4 micro-batches)[0m

TrainProcess:  28%|██▊       | 28/100 [13:00<32:50, 27.37s/it][32m[2026-04-24 16:32:13,301] [    INFO][0m - loss: 7.9272151, learning_rate: 8e-05, global_step: 28, current_memory_allocated: 48.48938226699829, current_memory_reserved: 59.339906454086304, max_memory_allocated: 56.16113495826721, max_memory_reserved: 59.339906454086304, interval_runtime: 27.3845, interval_samples_per_second: 0.1461, interval_steps_per_second: 0.0365, global_norm: 11.791666030883789, ppl: 2771.69714696646, progress_or_epoch: 0.28, cpu_used_memory: 232.01, cpu_available_memory: 1267.59[0m
[32m[2026-04-24 16:32:13,301] [    INFO][0m - [DataLoad global_step: 28] data_load_time: 0.35 ms (accumulated over 4 micro-batches)[0m

TrainProcess:  29%|██▉       | 29/100 [13:28<32:23, 27.37s/it][32m[2026-04-24 16:32:40,702] [    INFO][0m - loss: 7.90432882, learning_rate: 7.889e-05, global_step: 29, current_memory_allocated: 48.48938226699829, current_memory_reserved: 59.339906454086304, max_memory_allocated: 56.16113495826721, max_memory_reserved: 59.339906454086304, interval_runtime: 27.401, interval_samples_per_second: 0.146, interval_steps_per_second: 0.0365, global_norm: 15.5116605758667, ppl: 2708.983686220599, progress_or_epoch: 0.29, cpu_used_memory: 231.98, cpu_available_memory: 1267.61[0m
[32m[2026-04-24 16:32:40,703] [    INFO][0m - [DataLoad global_step: 29] data_load_time: 0.59 ms (accumulated over 4 micro-batches)[0m

TrainProcess:  30%|███       | 30/100 [13:55<31:56, 27.39s/it][32m[2026-04-24 16:33:08,097] [    INFO][0m - loss: 7.87362671, learning_rate: 7.778e-05, global_step: 30, current_memory_allocated: 48.48938226699829, current_memory_reserved: 59.339906454086304, max_memory_allocated: 56.16113495826721, max_memory_reserved: 59.339906454086304, interval_runtime: 27.3947, interval_samples_per_second: 0.146, interval_steps_per_second: 0.0365, global_norm: 15.250923156738281, ppl: 2627.0759747646885, progress_or_epoch: 0.3, cpu_used_memory: 231.99, cpu_available_memory: 1267.6[0m
[32m[2026-04-24 16:33:08,098] [    INFO][0m - [DataLoad global_step: 30] data_load_time: 0.35 ms (accumulated over 4 micro-batches)[0m

TrainProcess:  31%|███       | 31/100 [14:23<31:29, 27.39s/it][32m[2026-04-24 16:33:35,496] [    INFO][0m - loss: 8.026474, learning_rate: 7.667e-05, global_step: 31, current_memory_allocated: 48.48938226699829, current_memory_reserved: 59.339906454086304, max_memory_allocated: 56.16113495826721, max_memory_reserved: 59.339906454086304, interval_runtime: 27.3979, interval_samples_per_second: 0.146, interval_steps_per_second: 0.0365, global_norm: 11.842777252197266, ppl: 3060.929784693429, progress_or_epoch: 0.31, cpu_used_memory: 231.99, cpu_available_memory: 1267.61[0m
[32m[2026-04-24 16:33:35,496] [    INFO][0m - [DataLoad global_step: 31] data_load_time: 0.38 ms (accumulated over 4 micro-batches)[0m

TrainProcess:  32%|███▏      | 32/100 [14:50<31:02, 27.39s/it][32m[2026-04-24 16:34:02,900] [    INFO][0m - loss: 7.72285366, learning_rate: 7.556e-05, global_step: 32, current_memory_allocated: 48.48938226699829, current_memory_reserved: 59.339906454086304, max_memory_allocated: 56.16113495826721, max_memory_reserved: 59.339906454086304, interval_runtime: 27.4036, interval_samples_per_second: 0.146, interval_steps_per_second: 0.0365, global_norm: 5.417075157165527, ppl: 2259.39794328532, progress_or_epoch: 0.32, cpu_used_memory: 232.0, cpu_available_memory: 1267.6[0m
[32m[2026-04-24 16:34:02,900] [    INFO][0m - [DataLoad global_step: 32] data_load_time: 0.33 ms (accumulated over 4 micro-batches)[0m

TrainProcess:  33%|███▎      | 33/100 [15:17<30:34, 27.39s/it][32m[2026-04-24 16:34:30,266] [    INFO][0m - loss: 7.85856628, learning_rate: 7.444e-05, global_step: 33, current_memory_allocated: 48.48938226699829, current_memory_reserved: 59.339906454086304, max_memory_allocated: 56.16113495826721, max_memory_reserved: 59.339906454086304, interval_runtime: 27.3662, interval_samples_per_second: 0.1462, interval_steps_per_second: 0.0365, global_norm: 4.380473613739014, ppl: 2587.807523051277, progress_or_epoch: 0.33, cpu_used_memory: 232.01, cpu_available_memory: 1267.59[0m
[32m[2026-04-24 16:34:30,267] [    INFO][0m - [DataLoad global_step: 33] data_load_time: 1.00 ms (accumulated over 4 micro-batches)[0m

TrainProcess:  34%|███▍      | 34/100 [15:45<30:07, 27.39s/it][32m[2026-04-24 16:34:57,658] [    INFO][0m - loss: 7.59579182, learning_rate: 7.333e-05, global_step: 34, current_memory_allocated: 48.48938226699829, current_memory_reserved: 59.339906454086304, max_memory_allocated: 56.16113495826721, max_memory_reserved: 59.339906454086304, interval_runtime: 27.391, interval_samples_per_second: 0.146, interval_steps_per_second: 0.0365, global_norm: 3.144036054611206, ppl: 1989.804795114842, progress_or_epoch: 0.34, cpu_used_memory: 232.0, cpu_available_memory: 1267.59[0m
[32m[2026-04-24 16:34:57,658] [    INFO][0m - [DataLoad global_step: 34] data_load_time: 0.32 ms (accumulated over 4 micro-batches)[0m

TrainProcess:  35%|███▌      | 35/100 [16:12<29:40, 27.39s/it][32m[2026-04-24 16:35:25,041] [    INFO][0m - loss: 7.69869328, learning_rate: 7.222e-05, global_step: 35, current_memory_allocated: 48.48938226699829, current_memory_reserved: 59.339906454086304, max_memory_allocated: 56.16113495826721, max_memory_reserved: 59.339906454086304, interval_runtime: 27.3825, interval_samples_per_second: 0.1461, interval_steps_per_second: 0.0365, global_norm: 4.3263936042785645, ppl: 2205.4641839743326, progress_or_epoch: 0.35, cpu_used_memory: 232.0, cpu_available_memory: 1267.6[0m
[32m[2026-04-24 16:35:25,041] [    INFO][0m - [DataLoad global_step: 35] data_load_time: 0.34 ms (accumulated over 4 micro-batches)[0m

TrainProcess:  36%|███▌      | 36/100 [16:39<29:12, 27.38s/it][32m[2026-04-24 16:35:52,415] [    INFO][0m - loss: 7.52885056, learning_rate: 7.111e-05, global_step: 36, current_memory_allocated: 48.48938226699829, current_memory_reserved: 59.339906454086304, max_memory_allocated: 56.16113495826721, max_memory_reserved: 59.339906454086304, interval_runtime: 27.3735, interval_samples_per_second: 0.1461, interval_steps_per_second: 0.0365, global_norm: 7.616925239562988, ppl: 1860.9652058740398, progress_or_epoch: 0.36, cpu_used_memory: 232.03, cpu_available_memory: 1267.57[0m
[32m[2026-04-24 16:35:52,415] [    INFO][0m - [DataLoad global_step: 36] data_load_time: 0.32 ms (accumulated over 4 micro-batches)[0m

TrainProcess:  37%|███▋      | 37/100 [17:07<28:44, 27.38s/it][32m[2026-04-24 16:36:19,793] [    INFO][0m - loss: 7.69932795, learning_rate: 7e-05, global_step: 37, current_memory_allocated: 48.48938226699829, current_memory_reserved: 59.339906454086304, max_memory_allocated: 56.16113495826721, max_memory_reserved: 59.339906454086304, interval_runtime: 27.3777, interval_samples_per_second: 0.1461, interval_steps_per_second: 0.0365, global_norm: 6.090152740478516, ppl: 2206.864370209075, progress_or_epoch: 0.37, cpu_used_memory: 232.02, cpu_available_memory: 1267.57[0m
[32m[2026-04-24 16:36:19,793] [    INFO][0m - [DataLoad global_step: 37] data_load_time: 0.42 ms (accumulated over 4 micro-batches)[0m

TrainProcess:  38%|███▊      | 38/100 [17:34<28:18, 27.39s/it][32m[2026-04-24 16:36:47,198] [    INFO][0m - loss: 7.62038231, learning_rate: 6.889e-05, global_step: 38, current_memory_allocated: 48.48938226699829, current_memory_reserved: 59.339906454086304, max_memory_allocated: 56.16113495826721, max_memory_reserved: 59.339906454086304, interval_runtime: 27.4047, interval_samples_per_second: 0.146, interval_steps_per_second: 0.0365, global_norm: 4.491634368896484, ppl: 2039.3416415070978, progress_or_epoch: 0.38, cpu_used_memory: 232.02, cpu_available_memory: 1267.57[0m
[32m[2026-04-24 16:36:47,198] [    INFO][0m - [DataLoad global_step: 38] data_load_time: 0.36 ms (accumulated over 4 micro-batches)[0m

TrainProcess:  39%|███▉      | 39/100 [18:02<27:50, 27.39s/it][32m[2026-04-24 16:37:14,593] [    INFO][0m - loss: 7.47052765, learning_rate: 6.778e-05, global_step: 39, current_memory_allocated: 48.48938226699829, current_memory_reserved: 59.339906454086304, max_memory_allocated: 56.16113495826721, max_memory_reserved: 59.339906454086304, interval_runtime: 27.394, interval_samples_per_second: 0.146, interval_steps_per_second: 0.0365, global_norm: 3.985891342163086, ppl: 1755.5327480897483, progress_or_epoch: 0.39, cpu_used_memory: 232.02, cpu_available_memory: 1267.57[0m
[32m[2026-04-24 16:37:14,593] [    INFO][0m - [DataLoad global_step: 39] data_load_time: 0.53 ms (accumulated over 4 micro-batches)[0m

TrainProcess:  40%|████      | 40/100 [18:29<27:23, 27.39s/it][32m[2026-04-24 16:37:42,001] [    INFO][0m - loss: 7.45613861, learning_rate: 6.667e-05, global_step: 40, current_memory_allocated: 48.48938226699829, current_memory_reserved: 59.339906454086304, max_memory_allocated: 56.16113495826721, max_memory_reserved: 59.339906454086304, interval_runtime: 27.4076, interval_samples_per_second: 0.1459, interval_steps_per_second: 0.0365, global_norm: 7.0535969734191895, ppl: 1730.453185286266, progress_or_epoch: 0.4, cpu_used_memory: 232.04, cpu_available_memory: 1267.55[0m
[32m[2026-04-24 16:37:42,001] [    INFO][0m - [DataLoad global_step: 40] data_load_time: 0.36 ms (accumulated over 4 micro-batches)[0m

TrainProcess:  41%|████      | 41/100 [18:56<26:55, 27.39s/it][32m[2026-04-24 16:38:09,355] [    INFO][0m - loss: 7.52073288, learning_rate: 6.556e-05, global_step: 41, current_memory_allocated: 48.48938226699829, current_memory_reserved: 59.339906454086304, max_memory_allocated: 56.16113495826721, max_memory_reserved: 59.339906454086304, interval_runtime: 27.3543, interval_samples_per_second: 0.1462, interval_steps_per_second: 0.0366, global_norm: 4.0453782081604, ppl: 1845.9196360234134, progress_or_epoch: 0.41, cpu_used_memory: 232.03, cpu_available_memory: 1267.57[0m
[32m[2026-04-24 16:38:09,355] [    INFO][0m - [DataLoad global_step: 41] data_load_time: 0.35 ms (accumulated over 4 micro-batches)[0m

TrainProcess:  42%|████▏     | 42/100 [19:24<26:28, 27.39s/it][32m[2026-04-24 16:38:36,760] [    INFO][0m - loss: 7.54928112, learning_rate: 6.444e-05, global_step: 42, current_memory_allocated: 48.48938226699829, current_memory_reserved: 59.339906454086304, max_memory_allocated: 56.16113495826721, max_memory_reserved: 59.339906454086304, interval_runtime: 27.4041, interval_samples_per_second: 0.146, interval_steps_per_second: 0.0365, global_norm: 3.704601764678955, ppl: 1899.3768164281535, progress_or_epoch: 0.42, cpu_used_memory: 232.03, cpu_available_memory: 1267.57[0m
[32m[2026-04-24 16:38:36,761] [    INFO][0m - [DataLoad global_step: 42] data_load_time: 0.36 ms (accumulated over 4 micro-batches)[0m

TrainProcess:  43%|████▎     | 43/100 [19:51<26:01, 27.39s/it][32m[2026-04-24 16:39:04,152] [    INFO][0m - loss: 7.52767563, learning_rate: 6.333e-05, global_step: 43, current_memory_allocated: 48.48938226699829, current_memory_reserved: 59.339906454086304, max_memory_allocated: 56.16113495826721, max_memory_reserved: 59.339906454086304, interval_runtime: 27.3913, interval_samples_per_second: 0.146, interval_steps_per_second: 0.0365, global_norm: 3.0180492401123047, ppl: 1858.7799860162695, progress_or_epoch: 0.43, cpu_used_memory: 232.03, cpu_available_memory: 1267.56[0m
[32m[2026-04-24 16:39:04,152] [    INFO][0m - [DataLoad global_step: 43] data_load_time: 0.36 ms (accumulated over 4 micro-batches)[0m

TrainProcess:  44%|████▍     | 44/100 [20:19<25:33, 27.39s/it][32m[2026-04-24 16:39:31,538] [    INFO][0m - loss: 7.51406002, learning_rate: 6.222e-05, global_step: 44, current_memory_allocated: 48.48938226699829, current_memory_reserved: 59.339906454086304, max_memory_allocated: 56.16113495826721, max_memory_reserved: 59.339906454086304, interval_runtime: 27.3861, interval_samples_per_second: 0.1461, interval_steps_per_second: 0.0365, global_norm: 4.089111328125, ppl: 1833.6430781501822, progress_or_epoch: 0.44, cpu_used_memory: 232.04, cpu_available_memory: 1267.55[0m
[32m[2026-04-24 16:39:31,539] [    INFO][0m - [DataLoad global_step: 44] data_load_time: 0.33 ms (accumulated over 4 micro-batches)[0m

TrainProcess:  45%|████▌     | 45/100 [20:46<25:06, 27.38s/it][32m[2026-04-24 16:39:58,906] [    INFO][0m - loss: 7.44214153, learning_rate: 6.111e-05, global_step: 45, current_memory_allocated: 48.48938226699829, current_memory_reserved: 59.339906454086304, max_memory_allocated: 56.16113495826721, max_memory_reserved: 59.339906454086304, interval_runtime: 27.3669, interval_samples_per_second: 0.1462, interval_steps_per_second: 0.0365, global_norm: 6.1838908195495605, ppl: 1706.4006191551669, progress_or_epoch: 0.45, cpu_used_memory: 232.04, cpu_available_memory: 1267.55[0m
[32m[2026-04-24 16:39:58,906] [    INFO][0m - [DataLoad global_step: 45] data_load_time: 0.59 ms (accumulated over 4 micro-batches)[0m

TrainProcess:  46%|████▌     | 46/100 [21:13<24:38, 27.38s/it][32m[2026-04-24 16:40:26,283] [    INFO][0m - loss: 8.18204594, learning_rate: 6e-05, global_step: 46, current_memory_allocated: 48.48938226699829, current_memory_reserved: 59.339906454086304, max_memory_allocated: 56.16113495826721, max_memory_reserved: 59.339906454086304, interval_runtime: 27.3767, interval_samples_per_second: 0.1461, interval_steps_per_second: 0.0365, global_norm: 5.272424697875977, ppl: 3576.1637978060294, progress_or_epoch: 0.46, cpu_used_memory: 232.07, cpu_available_memory: 1267.52[0m
[32m[2026-04-24 16:40:26,283] [    INFO][0m - [DataLoad global_step: 46] data_load_time: 0.32 ms (accumulated over 4 micro-batches)[0m

TrainProcess:  47%|████▋     | 47/100 [21:41<24:11, 27.39s/it][32m[2026-04-24 16:40:53,695] [    INFO][0m - loss: 7.6123457, learning_rate: 5.889e-05, global_step: 47, current_memory_allocated: 48.48938226699829, current_memory_reserved: 59.339906454086304, max_memory_allocated: 56.16113495826721, max_memory_reserved: 59.339906454086304, interval_runtime: 27.4117, interval_samples_per_second: 0.1459, interval_steps_per_second: 0.0365, global_norm: 3.595961570739746, ppl: 2023.0179295891037, progress_or_epoch: 0.47, cpu_used_memory: 232.05, cpu_available_memory: 1267.54[0m
[32m[2026-04-24 16:40:53,695] [    INFO][0m - [DataLoad global_step: 47] data_load_time: 0.38 ms (accumulated over 4 micro-batches)[0m

TrainProcess:  48%|████▊     | 48/100 [22:08<23:43, 27.38s/it][32m[2026-04-24 16:41:21,068] [    INFO][0m - loss: 7.41167402, learning_rate: 5.778e-05, global_step: 48, current_memory_allocated: 48.48938226699829, current_memory_reserved: 59.339906454086304, max_memory_allocated: 56.16113495826721, max_memory_reserved: 59.339906454086304, interval_runtime: 27.3733, interval_samples_per_second: 0.1461, interval_steps_per_second: 0.0365, global_norm: 3.456566095352173, ppl: 1655.194858242844, progress_or_epoch: 0.48, cpu_used_memory: 232.04, cpu_available_memory: 1267.55[0m
[32m[2026-04-24 16:41:21,069] [    INFO][0m - [DataLoad global_step: 48] data_load_time: 0.32 ms (accumulated over 4 micro-batches)[0m

TrainProcess:  49%|████▉     | 49/100 [22:35<23:16, 27.38s/it][32m[2026-04-24 16:41:48,441] [    INFO][0m - loss: 7.46253586, learning_rate: 5.667e-05, global_step: 49, current_memory_allocated: 48.48938226699829, current_memory_reserved: 59.339906454086304, max_memory_allocated: 56.16113495826721, max_memory_reserved: 59.339906454086304, interval_runtime: 27.3718, interval_samples_per_second: 0.1461, interval_steps_per_second: 0.0365, global_norm: 3.3845412731170654, ppl: 1741.5588117857908, progress_or_epoch: 0.49, cpu_used_memory: 232.04, cpu_available_memory: 1267.56[0m
[32m[2026-04-24 16:41:48,441] [    INFO][0m - [DataLoad global_step: 49] data_load_time: 1.05 ms (accumulated over 4 micro-batches)[0m

TrainProcess:  50%|█████     | 50/100 [23:03<22:48, 27.38s/it][32m[2026-04-24 16:42:15,798] [    INFO][0m - loss: 7.43981981, learning_rate: 5.556e-05, global_step: 50, current_memory_allocated: 48.48938226699829, current_memory_reserved: 59.339906454086304, max_memory_allocated: 56.16113495826721, max_memory_reserved: 59.339906454086304, interval_runtime: 27.3567, interval_samples_per_second: 0.1462, interval_steps_per_second: 0.0366, global_norm: 3.2550106048583984, ppl: 1702.4434302295629, progress_or_epoch: 0.5, cpu_used_memory: 232.05, cpu_available_memory: 1267.54[0m
[32m[2026-04-24 16:42:15,798] [    INFO][0m - [DataLoad global_step: 50] data_load_time: 0.39 ms (accumulated over 4 micro-batches)[0m

TrainProcess:  51%|█████     | 51/100 [23:30<22:22, 27.39s/it][32m[2026-04-24 16:42:43,225] [    INFO][0m - loss: 7.5083313, learning_rate: 5.444e-05, global_step: 51, current_memory_allocated: 48.48938226699829, current_memory_reserved: 59.339906454086304, max_memory_allocated: 56.16113495826721, max_memory_reserved: 59.339906454086304, interval_runtime: 27.4265, interval_samples_per_second: 0.1458, interval_steps_per_second: 0.0365, global_norm: 3.2474961280822754, ppl: 1823.1686814643303, progress_or_epoch: 0.51, cpu_used_memory: 232.07, cpu_available_memory: 1267.53[0m
[32m[2026-04-24 16:42:43,225] [    INFO][0m - [DataLoad global_step: 51] data_load_time: 0.36 ms (accumulated over 4 micro-batches)[0m

TrainProcess:  52%|█████▏    | 52/100 [23:58<21:54, 27.39s/it][32m[2026-04-24 16:43:10,618] [    INFO][0m - loss: 7.69653702, learning_rate: 5.333e-05, global_step: 52, current_memory_allocated: 48.48938226699829, current_memory_reserved: 59.339906454086304, max_memory_allocated: 56.16113495826721, max_memory_reserved: 59.339906454086304, interval_runtime: 27.3926, interval_samples_per_second: 0.146, interval_steps_per_second: 0.0365, global_norm: 2.6548285484313965, ppl: 2200.7137531955095, progress_or_epoch: 0.52, cpu_used_memory: 232.05, cpu_available_memory: 1267.54[0m
[32m[2026-04-24 16:43:10,618] [    INFO][0m - [DataLoad global_step: 52] data_load_time: 0.31 ms (accumulated over 4 micro-batches)[0m

TrainProcess:  53%|█████▎    | 53/100 [24:25<21:27, 27.38s/it][32m[2026-04-24 16:43:37,988] [    INFO][0m - loss: 7.3853302, learning_rate: 5.222e-05, global_step: 53, current_memory_allocated: 48.48938226699829, current_memory_reserved: 59.339906454086304, max_memory_allocated: 56.16113495826721, max_memory_reserved: 59.339906454086304, interval_runtime: 27.3696, interval_samples_per_second: 0.1461, interval_steps_per_second: 0.0365, global_norm: 2.308673620223999, ppl: 1612.1600423608097, progress_or_epoch: 0.53, cpu_used_memory: 232.06, cpu_available_memory: 1267.53[0m
[32m[2026-04-24 16:43:37,988] [    INFO][0m - [DataLoad global_step: 53] data_load_time: 0.33 ms (accumulated over 4 micro-batches)[0m

TrainProcess:  54%|█████▍    | 54/100 [24:52<20:59, 27.38s/it][32m[2026-04-24 16:44:05,353] [    INFO][0m - loss: 7.71360493, learning_rate: 5.111e-05, global_step: 54, current_memory_allocated: 48.48938226699829, current_memory_reserved: 59.339906454086304, max_memory_allocated: 56.16113495826721, max_memory_reserved: 59.339906454086304, interval_runtime: 27.364, interval_samples_per_second: 0.1462, interval_steps_per_second: 0.0365, global_norm: 2.8511881828308105, ppl: 2238.5977178488256, progress_or_epoch: 0.54, cpu_used_memory: 232.09, cpu_available_memory: 1267.5[0m
[32m[2026-04-24 16:44:05,353] [    INFO][0m - [DataLoad global_step: 54] data_load_time: 0.35 ms (accumulated over 4 micro-batches)[0m

TrainProcess:  55%|█████▌    | 55/100 [25:20<20:32, 27.38s/it][32m[2026-04-24 16:44:32,743] [    INFO][0m - loss: 7.52713108, learning_rate: 5e-05, global_step: 55, current_memory_allocated: 48.48938226699829, current_memory_reserved: 59.339906454086304, max_memory_allocated: 56.16113495826721, max_memory_reserved: 59.339906454086304, interval_runtime: 27.3897, interval_samples_per_second: 0.146, interval_steps_per_second: 0.0365, global_norm: 2.445823907852173, ppl: 1857.7680629212512, progress_or_epoch: 0.55, cpu_used_memory: 232.12, cpu_available_memory: 1267.47[0m
[32m[2026-04-24 16:44:32,743] [    INFO][0m - [DataLoad global_step: 55] data_load_time: 0.32 ms (accumulated over 4 micro-batches)[0m

TrainProcess:  56%|█████▌    | 56/100 [25:47<20:04, 27.38s/it][32m[2026-04-24 16:45:00,122] [    INFO][0m - loss: 7.56155109, learning_rate: 4.889e-05, global_step: 56, current_memory_allocated: 48.48938226699829, current_memory_reserved: 59.339906454086304, max_memory_allocated: 56.16113495826721, max_memory_reserved: 59.339906454086304, interval_runtime: 27.3785, interval_samples_per_second: 0.1461, interval_steps_per_second: 0.0365, global_norm: 2.630500316619873, ppl: 1922.8256772045638, progress_or_epoch: 0.56, cpu_used_memory: 232.11, cpu_available_memory: 1267.49[0m
[32m[2026-04-24 16:45:00,122] [    INFO][0m - [DataLoad global_step: 56] data_load_time: 0.74 ms (accumulated over 4 micro-batches)[0m

TrainProcess:  57%|█████▋    | 57/100 [26:15<19:37, 27.38s/it][32m[2026-04-24 16:45:27,515] [    INFO][0m - loss: 7.48154402, learning_rate: 4.778e-05, global_step: 57, current_memory_allocated: 48.48938226699829, current_memory_reserved: 59.339906454086304, max_memory_allocated: 56.16113495826721, max_memory_reserved: 59.339906454086304, interval_runtime: 27.3924, interval_samples_per_second: 0.146, interval_steps_per_second: 0.0365, global_norm: 2.3962442874908447, ppl: 1774.9792647317233, progress_or_epoch: 0.57, cpu_used_memory: 232.14, cpu_available_memory: 1267.45[0m
[32m[2026-04-24 16:45:27,515] [    INFO][0m - [DataLoad global_step: 57] data_load_time: 1.08 ms (accumulated over 4 micro-batches)[0m

TrainProcess:  58%|█████▊    | 58/100 [26:42<19:10, 27.39s/it][32m[2026-04-24 16:45:54,931] [    INFO][0m - loss: 7.22853518, learning_rate: 4.667e-05, global_step: 58, current_memory_allocated: 48.48938226699829, current_memory_reserved: 59.339906454086304, max_memory_allocated: 56.16113495826721, max_memory_reserved: 59.339906454086304, interval_runtime: 27.4166, interval_samples_per_second: 0.1459, interval_steps_per_second: 0.0365, global_norm: 2.6053154468536377, ppl: 1378.2022066059392, progress_or_epoch: 0.58, cpu_used_memory: 232.13, cpu_available_memory: 1267.46[0m
[32m[2026-04-24 16:45:54,932] [    INFO][0m - [DataLoad global_step: 58] data_load_time: 0.81 ms (accumulated over 4 micro-batches)[0m

TrainProcess:  59%|█████▉    | 59/100 [27:09<18:43, 27.40s/it][32m[2026-04-24 16:46:22,325] [    INFO][0m - loss: 7.7989769, learning_rate: 4.556e-05, global_step: 59, current_memory_allocated: 48.48938226699829, current_memory_reserved: 59.339906454086304, max_memory_allocated: 56.16113495826721, max_memory_reserved: 59.339906454086304, interval_runtime: 27.3934, interval_samples_per_second: 0.146, interval_steps_per_second: 0.0365, global_norm: 2.813565969467163, ppl: 2438.106274635751, progress_or_epoch: 0.59, cpu_used_memory: 232.11, cpu_available_memory: 1267.48[0m
[32m[2026-04-24 16:46:22,325] [    INFO][0m - [DataLoad global_step: 59] data_load_time: 0.30 ms (accumulated over 4 micro-batches)[0m

TrainProcess:  60%|██████    | 60/100 [27:37<18:15, 27.39s/it][32m[2026-04-24 16:46:49,695] [    INFO][0m - loss: 7.37244081, learning_rate: 4.444e-05, global_step: 60, current_memory_allocated: 48.48938226699829, current_memory_reserved: 59.339906454086304, max_memory_allocated: 56.16113495826721, max_memory_reserved: 59.339906454086304, interval_runtime: 27.3692, interval_samples_per_second: 0.1461, interval_steps_per_second: 0.0365, global_norm: 1.903221845626831, ppl: 1591.5136285150538, progress_or_epoch: 0.6, cpu_used_memory: 232.13, cpu_available_memory: 1267.46[0m
[32m[2026-04-24 16:46:49,695] [    INFO][0m - [DataLoad global_step: 60] data_load_time: 2.01 ms (accumulated over 4 micro-batches)[0m

TrainProcess:  61%|██████    | 61/100 [28:04<17:48, 27.39s/it][32m[2026-04-24 16:47:17,080] [    INFO][0m - loss: 7.23628998, learning_rate: 4.333e-05, global_step: 61, current_memory_allocated: 48.48938226699829, current_memory_reserved: 59.339906454086304, max_memory_allocated: 56.16113495826721, max_memory_reserved: 59.339906454086304, interval_runtime: 27.3845, interval_samples_per_second: 0.1461, interval_steps_per_second: 0.0365, global_norm: 2.0678303241729736, ppl: 1388.9314368264634, progress_or_epoch: 0.61, cpu_used_memory: 232.13, cpu_available_memory: 1267.46[0m
[32m[2026-04-24 16:47:17,080] [    INFO][0m - [DataLoad global_step: 61] data_load_time: 0.96 ms (accumulated over 4 micro-batches)[0m

TrainProcess:  62%|██████▏   | 62/100 [28:32<17:21, 27.40s/it][32m[2026-04-24 16:47:44,498] [    INFO][0m - loss: 7.44334888, learning_rate: 4.222e-05, global_step: 62, current_memory_allocated: 48.48938226699829, current_memory_reserved: 59.339906454086304, max_memory_allocated: 56.16113495826721, max_memory_reserved: 59.339906454086304, interval_runtime: 27.4179, interval_samples_per_second: 0.1459, interval_steps_per_second: 0.0365, global_norm: 1.985738754272461, ppl: 1708.462086148376, progress_or_epoch: 0.62, cpu_used_memory: 232.13, cpu_available_memory: 1267.46[0m
[32m[2026-04-24 16:47:44,498] [    INFO][0m - [DataLoad global_step: 62] data_load_time: 0.71 ms (accumulated over 4 micro-batches)[0m

TrainProcess:  63%|██████▎   | 63/100 [28:59<16:53, 27.39s/it][32m[2026-04-24 16:48:11,875] [    INFO][0m - loss: 7.22321892, learning_rate: 4.111e-05, global_step: 63, current_memory_allocated: 48.48938226699829, current_memory_reserved: 59.339906454086304, max_memory_allocated: 56.16113495826721, max_memory_reserved: 59.339906454086304, interval_runtime: 27.3766, interval_samples_per_second: 0.1461, interval_steps_per_second: 0.0365, global_norm: 2.02638578414917, ppl: 1370.8947666789502, progress_or_epoch: 0.63, cpu_used_memory: 232.14, cpu_available_memory: 1267.45[0m
[32m[2026-04-24 16:48:11,876] [    INFO][0m - [DataLoad global_step: 63] data_load_time: 0.36 ms (accumulated over 4 micro-batches)[0m

TrainProcess:  64%|██████▍   | 64/100 [29:26<16:25, 27.39s/it][32m[2026-04-24 16:48:39,267] [    INFO][0m - loss: 7.21328926, learning_rate: 4e-05, global_step: 64, current_memory_allocated: 48.48938226699829, current_memory_reserved: 59.339906454086304, max_memory_allocated: 56.16113495826721, max_memory_reserved: 59.339906454086304, interval_runtime: 27.391, interval_samples_per_second: 0.146, interval_steps_per_second: 0.0365, global_norm: 2.054090738296509, ppl: 1357.3496084517465, progress_or_epoch: 0.64, cpu_used_memory: 232.14, cpu_available_memory: 1267.45[0m
[32m[2026-04-24 16:48:39,267] [    INFO][0m - [DataLoad global_step: 64] data_load_time: 0.89 ms (accumulated over 4 micro-batches)[0m

TrainProcess:  65%|██████▌   | 65/100 [29:54<15:58, 27.39s/it][32m[2026-04-24 16:49:06,657] [    INFO][0m - loss: 7.40765667, learning_rate: 3.889e-05, global_step: 65, current_memory_allocated: 48.48938226699829, current_memory_reserved: 59.339906454086304, max_memory_allocated: 56.16113495826721, max_memory_reserved: 59.339906454086304, interval_runtime: 27.3902, interval_samples_per_second: 0.146, interval_steps_per_second: 0.0365, global_norm: 2.370542049407959, ppl: 1648.5586999893942, progress_or_epoch: 0.65, cpu_used_memory: 232.16, cpu_available_memory: 1267.43[0m
[32m[2026-04-24 16:49:06,657] [    INFO][0m - [DataLoad global_step: 65] data_load_time: 0.98 ms (accumulated over 4 micro-batches)[0m

TrainProcess:  66%|██████▌   | 66/100 [30:21<15:31, 27.40s/it][32m[2026-04-24 16:49:34,083] [    INFO][0m - loss: 7.43993759, learning_rate: 3.778e-05, global_step: 66, current_memory_allocated: 48.48938226699829, current_memory_reserved: 59.339906454086304, max_memory_allocated: 56.16113495826721, max_memory_reserved: 59.339906454086304, interval_runtime: 27.4258, interval_samples_per_second: 0.1458, interval_steps_per_second: 0.0365, global_norm: 2.028672695159912, ppl: 1702.643955825496, progress_or_epoch: 0.66, cpu_used_memory: 232.09, cpu_available_memory: 1267.5[0m
[32m[2026-04-24 16:49:34,083] [    INFO][0m - [DataLoad global_step: 66] data_load_time: 1.75 ms (accumulated over 4 micro-batches)[0m

TrainProcess:  67%|██████▋   | 67/100 [30:49<15:04, 27.40s/it][32m[2026-04-24 16:50:01,475] [    INFO][0m - loss: 7.43327427, learning_rate: 3.667e-05, global_step: 67, current_memory_allocated: 48.48938226699829, current_memory_reserved: 59.339906454086304, max_memory_allocated: 56.16113495826721, max_memory_reserved: 59.339906454086304, interval_runtime: 27.3908, interval_samples_per_second: 0.146, interval_steps_per_second: 0.0365, global_norm: 2.127009391784668, ppl: 1691.33640904082, progress_or_epoch: 0.67, cpu_used_memory: 232.08, cpu_available_memory: 1267.51[0m
[32m[2026-04-24 16:50:01,475] [    INFO][0m - [DataLoad global_step: 67] data_load_time: 0.29 ms (accumulated over 4 micro-batches)[0m

TrainProcess:  68%|██████▊   | 68/100 [31:16<14:36, 27.39s/it][32m[2026-04-24 16:50:28,860] [    INFO][0m - loss: 7.53328276, learning_rate: 3.556e-05, global_step: 68, current_memory_allocated: 48.48938226699829, current_memory_reserved: 59.339906454086304, max_memory_allocated: 56.16113495826721, max_memory_reserved: 59.339906454086304, interval_runtime: 27.3845, interval_samples_per_second: 0.1461, interval_steps_per_second: 0.0365, global_norm: 2.8166019916534424, ppl: 1869.2316816640216, progress_or_epoch: 0.68, cpu_used_memory: 232.08, cpu_available_memory: 1267.51[0m
[32m[2026-04-24 16:50:28,860] [    INFO][0m - [DataLoad global_step: 68] data_load_time: 0.39 ms (accumulated over 4 micro-batches)[0m

TrainProcess:  69%|██████▉   | 69/100 [31:43<14:09, 27.39s/it][32m[2026-04-24 16:50:56,249] [    INFO][0m - loss: 7.24000263, learning_rate: 3.444e-05, global_step: 69, current_memory_allocated: 48.48938226699829, current_memory_reserved: 59.339906454086304, max_memory_allocated: 56.16113495826721, max_memory_reserved: 59.339906454086304, interval_runtime: 27.3886, interval_samples_per_second: 0.146, interval_steps_per_second: 0.0365, global_norm: 3.107151985168457, ppl: 1394.0976373384215, progress_or_epoch: 0.69, cpu_used_memory: 232.09, cpu_available_memory: 1267.5[0m
[32m[2026-04-24 16:50:56,249] [    INFO][0m - [DataLoad global_step: 69] data_load_time: 0.74 ms (accumulated over 4 micro-batches)[0m

TrainProcess:  70%|███████   | 70/100 [32:11<13:41, 27.40s/it][32m[2026-04-24 16:51:23,652] [    INFO][0m - loss: 7.32944965, learning_rate: 3.333e-05, global_step: 70, current_memory_allocated: 48.48938226699829, current_memory_reserved: 59.339906454086304, max_memory_allocated: 56.16113495826721, max_memory_reserved: 59.339906454086304, interval_runtime: 27.4021, interval_samples_per_second: 0.146, interval_steps_per_second: 0.0365, global_norm: 1.5982030630111694, ppl: 1524.5425090976921, progress_or_epoch: 0.7, cpu_used_memory: 232.11, cpu_available_memory: 1267.48[0m
[32m[2026-04-24 16:51:23,652] [    INFO][0m - [DataLoad global_step: 70] data_load_time: 0.38 ms (accumulated over 4 micro-batches)[0m

TrainProcess:  71%|███████   | 71/100 [32:38<13:14, 27.40s/it][32m[2026-04-24 16:51:51,061] [    INFO][0m - loss: 7.12668657, learning_rate: 3.222e-05, global_step: 71, current_memory_allocated: 48.48938226699829, current_memory_reserved: 59.339906454086304, max_memory_allocated: 56.16113495826721, max_memory_reserved: 59.339906454086304, interval_runtime: 27.409, interval_samples_per_second: 0.1459, interval_steps_per_second: 0.0365, global_norm: 2.727616310119629, ppl: 1244.745748535888, progress_or_epoch: 0.71, cpu_used_memory: 232.12, cpu_available_memory: 1267.47[0m
[32m[2026-04-24 16:51:51,062] [    INFO][0m - [DataLoad global_step: 71] data_load_time: 1.19 ms (accumulated over 4 micro-batches)[0m

TrainProcess:  72%|███████▏  | 72/100 [33:05<12:47, 27.39s/it][32m[2026-04-24 16:52:18,443] [    INFO][0m - loss: 7.38047028, learning_rate: 3.111e-05, global_step: 72, current_memory_allocated: 48.48938226699829, current_memory_reserved: 59.339906454086304, max_memory_allocated: 56.16113495826721, max_memory_reserved: 59.339906454086304, interval_runtime: 27.3819, interval_samples_per_second: 0.1461, interval_steps_per_second: 0.0365, global_norm: 2.337993621826172, ppl: 1604.344081383918, progress_or_epoch: 0.72, cpu_used_memory: 232.12, cpu_available_memory: 1267.47[0m
[32m[2026-04-24 16:52:18,444] [    INFO][0m - [DataLoad global_step: 72] data_load_time: 1.13 ms (accumulated over 4 micro-batches)[0m

TrainProcess:  73%|███████▎  | 73/100 [33:33<12:19, 27.39s/it][32m[2026-04-24 16:52:45,814] [    INFO][0m - loss: 7.43693829, learning_rate: 3e-05, global_step: 73, current_memory_allocated: 48.48938226699829, current_memory_reserved: 59.339906454086304, max_memory_allocated: 56.16113495826721, max_memory_reserved: 59.339906454086304, interval_runtime: 27.37, interval_samples_per_second: 0.1461, interval_steps_per_second: 0.0365, global_norm: 2.0892975330352783, ppl: 1697.5448664806552, progress_or_epoch: 0.73, cpu_used_memory: 232.13, cpu_available_memory: 1267.46[0m
[32m[2026-04-24 16:52:45,814] [    INFO][0m - [DataLoad global_step: 73] data_load_time: 1.07 ms (accumulated over 4 micro-batches)[0m

TrainProcess:  74%|███████▍  | 74/100 [34:00<11:52, 27.39s/it][32m[2026-04-24 16:53:13,203] [    INFO][0m - loss: 7.52519512, learning_rate: 2.889e-05, global_step: 74, current_memory_allocated: 48.48938226699829, current_memory_reserved: 59.339906454086304, max_memory_allocated: 56.16113495826721, max_memory_reserved: 59.339906454086304, interval_runtime: 27.3884, interval_samples_per_second: 0.146, interval_steps_per_second: 0.0365, global_norm: 1.5670220851898193, ppl: 1854.174977419285, progress_or_epoch: 0.74, cpu_used_memory: 232.14, cpu_available_memory: 1267.45[0m
[32m[2026-04-24 16:53:13,203] [    INFO][0m - [DataLoad global_step: 74] data_load_time: 1.34 ms (accumulated over 4 micro-batches)[0m

TrainProcess:  75%|███████▌  | 75/100 [34:28<11:24, 27.39s/it][32m[2026-04-24 16:53:40,642] [    INFO][0m - loss: 7.30420303, learning_rate: 2.778e-05, global_step: 75, current_memory_allocated: 48.48938226699829, current_memory_reserved: 59.339906454086304, max_memory_allocated: 56.16113495826721, max_memory_reserved: 59.339906454086304, interval_runtime: 27.4389, interval_samples_per_second: 0.1458, interval_steps_per_second: 0.0364, global_norm: 1.6650428771972656, ppl: 1486.5347660172313, progress_or_epoch: 0.75, cpu_used_memory: 232.15, cpu_available_memory: 1267.44[0m
[32m[2026-04-24 16:53:40,642] [    INFO][0m - [DataLoad global_step: 75] data_load_time: 0.29 ms (accumulated over 4 micro-batches)[0m

TrainProcess:  76%|███████▌  | 76/100 [34:55<10:57, 27.41s/it][32m[2026-04-24 16:54:08,039] [    INFO][0m - loss: 7.19967318, learning_rate: 2.667e-05, global_step: 76, current_memory_allocated: 48.48938226699829, current_memory_reserved: 59.339906454086304, max_memory_allocated: 56.16113495826721, max_memory_reserved: 59.339906454086304, interval_runtime: 27.3968, interval_samples_per_second: 0.146, interval_steps_per_second: 0.0365, global_norm: 2.1398165225982666, ppl: 1338.9930831573845, progress_or_epoch: 0.76, cpu_used_memory: 232.18, cpu_available_memory: 1267.41[0m
[32m[2026-04-24 16:54:08,040] [    INFO][0m - [DataLoad global_step: 76] data_load_time: 0.86 ms (accumulated over 4 micro-batches)[0m

TrainProcess:  77%|███████▋  | 77/100 [35:22<10:30, 27.40s/it][32m[2026-04-24 16:54:35,418] [    INFO][0m - loss: 7.25465441, learning_rate: 2.556e-05, global_step: 77, current_memory_allocated: 48.48938226699829, current_memory_reserved: 59.339906454086304, max_memory_allocated: 56.16113495826721, max_memory_reserved: 59.339906454086304, interval_runtime: 27.3786, interval_samples_per_second: 0.1461, interval_steps_per_second: 0.0365, global_norm: 1.6641418933868408, ppl: 1414.6740214447505, progress_or_epoch: 0.77, cpu_used_memory: 232.18, cpu_available_memory: 1267.41[0m
[32m[2026-04-24 16:54:35,419] [    INFO][0m - [DataLoad global_step: 77] data_load_time: 1.48 ms (accumulated over 4 micro-batches)[0m

TrainProcess:  78%|███████▊  | 78/100 [35:50<10:02, 27.40s/it][32m[2026-04-24 16:55:02,811] [    INFO][0m - loss: 7.29229164, learning_rate: 2.444e-05, global_step: 78, current_memory_allocated: 48.48938226699829, current_memory_reserved: 59.339906454086304, max_memory_allocated: 56.16113495826721, max_memory_reserved: 59.339906454086304, interval_runtime: 27.3924, interval_samples_per_second: 0.146, interval_steps_per_second: 0.0365, global_norm: 1.5115829706192017, ppl: 1468.9331088835688, progress_or_epoch: 0.78, cpu_used_memory: 232.21, cpu_available_memory: 1267.39[0m
[32m[2026-04-24 16:55:02,811] [    INFO][0m - [DataLoad global_step: 78] data_load_time: 0.34 ms (accumulated over 4 micro-batches)[0m

TrainProcess:  79%|███████▉  | 79/100 [36:17<09:35, 27.39s/it][32m[2026-04-24 16:55:30,191] [    INFO][0m - loss: 7.43459797, learning_rate: 2.333e-05, global_step: 79, current_memory_allocated: 48.48938226699829, current_memory_reserved: 59.339906454086304, max_memory_allocated: 56.16113495826721, max_memory_reserved: 59.339906454086304, interval_runtime: 27.3795, interval_samples_per_second: 0.1461, interval_steps_per_second: 0.0365, global_norm: 1.758830189704895, ppl: 1693.5767134638304, progress_or_epoch: 0.79, cpu_used_memory: 232.21, cpu_available_memory: 1267.38[0m
[32m[2026-04-24 16:55:30,191] [    INFO][0m - [DataLoad global_step: 79] data_load_time: 0.51 ms (accumulated over 4 micro-batches)[0m

TrainProcess:  80%|████████  | 80/100 [36:45<09:08, 27.41s/it][32m[2026-04-24 16:55:57,624] [    INFO][0m - loss: 7.36002016, learning_rate: 2.222e-05, global_step: 80, current_memory_allocated: 48.48938226699829, current_memory_reserved: 59.339906454086304, max_memory_allocated: 56.16113495826721, max_memory_reserved: 59.339906454086304, interval_runtime: 27.4326, interval_samples_per_second: 0.1458, interval_steps_per_second: 0.0365, global_norm: 1.7625796794891357, ppl: 1571.8682515022488, progress_or_epoch: 0.8, cpu_used_memory: 232.26, cpu_available_memory: 1267.33[0m
[32m[2026-04-24 16:55:57,625] [    INFO][0m - [DataLoad global_step: 80] data_load_time: 0.31 ms (accumulated over 4 micro-batches)[0m

TrainProcess:  81%|████████  | 81/100 [37:12<08:40, 27.39s/it][32m[2026-04-24 16:56:24,986] [    INFO][0m - loss: 7.84107685, learning_rate: 2.111e-05, global_step: 81, current_memory_allocated: 48.48938226699829, current_memory_reserved: 59.339906454086304, max_memory_allocated: 56.16113495826721, max_memory_reserved: 59.339906454086304, interval_runtime: 27.3612, interval_samples_per_second: 0.1462, interval_steps_per_second: 0.0365, global_norm: 7.465636253356934, ppl: 2542.9417267492313, progress_or_epoch: 0.81, cpu_used_memory: 232.25, cpu_available_memory: 1267.34[0m
[32m[2026-04-24 16:56:24,987] [    INFO][0m - [DataLoad global_step: 81] data_load_time: 0.75 ms (accumulated over 4 micro-batches)[0m

TrainProcess:  82%|████████▏ | 82/100 [37:39<08:12, 27.39s/it][32m[2026-04-24 16:56:52,364] [    INFO][0m - loss: 7.47427082, learning_rate: 2e-05, global_step: 82, current_memory_allocated: 48.48938226699829, current_memory_reserved: 59.339906454086304, max_memory_allocated: 56.16113495826721, max_memory_reserved: 59.339906454086304, interval_runtime: 27.3773, interval_samples_per_second: 0.1461, interval_steps_per_second: 0.0365, global_norm: 2.330442190170288, ppl: 1762.1163196331192, progress_or_epoch: 0.82, cpu_used_memory: 232.32, cpu_available_memory: 1267.27[0m
[32m[2026-04-24 16:56:52,365] [    INFO][0m - [DataLoad global_step: 82] data_load_time: 1.61 ms (accumulated over 4 micro-batches)[0m

TrainProcess:  83%|████████▎ | 83/100 [38:07<07:45, 27.39s/it][32m[2026-04-24 16:57:19,781] [    INFO][0m - loss: 7.38348961, learning_rate: 1.889e-05, global_step: 83, current_memory_allocated: 48.48938226699829, current_memory_reserved: 59.339906454086304, max_memory_allocated: 56.16113495826721, max_memory_reserved: 59.339906454086304, interval_runtime: 27.4159, interval_samples_per_second: 0.1459, interval_steps_per_second: 0.0365, global_norm: 2.0223300457000732, ppl: 1609.195445848735, progress_or_epoch: 0.83, cpu_used_memory: 232.33, cpu_available_memory: 1267.27[0m
[32m[2026-04-24 16:57:19,781] [    INFO][0m - [DataLoad global_step: 83] data_load_time: 1.51 ms (accumulated over 4 micro-batches)[0m

TrainProcess:  84%|████████▍ | 84/100 [38:34<07:18, 27.40s/it][32m[2026-04-24 16:57:47,189] [    INFO][0m - loss: 7.39027214, learning_rate: 1.778e-05, global_step: 84, current_memory_allocated: 48.48938226699829, current_memory_reserved: 59.339906454086304, max_memory_allocated: 56.16113495826721, max_memory_reserved: 59.339906454086304, interval_runtime: 27.4086, interval_samples_per_second: 0.1459, interval_steps_per_second: 0.0365, global_norm: 1.4066954851150513, ppl: 1620.146959738573, progress_or_epoch: 0.84, cpu_used_memory: 232.25, cpu_available_memory: 1267.34[0m
[32m[2026-04-24 16:57:47,190] [    INFO][0m - [DataLoad global_step: 84] data_load_time: 0.47 ms (accumulated over 4 micro-batches)[0m

TrainProcess:  85%|████████▌ | 85/100 [39:02<06:50, 27.40s/it][32m[2026-04-24 16:58:14,579] [    INFO][0m - loss: 7.36153984, learning_rate: 1.667e-05, global_step: 85, current_memory_allocated: 48.48938226699829, current_memory_reserved: 59.339906454086304, max_memory_allocated: 56.16113495826721, max_memory_reserved: 59.339906454086304, interval_runtime: 27.3887, interval_samples_per_second: 0.146, interval_steps_per_second: 0.0365, global_norm: 1.5947431325912476, ppl: 1574.2588042242037, progress_or_epoch: 0.85, cpu_used_memory: 232.22, cpu_available_memory: 1267.37[0m
[32m[2026-04-24 16:58:14,579] [    INFO][0m - [DataLoad global_step: 85] data_load_time: 0.84 ms (accumulated over 4 micro-batches)[0m

TrainProcess:  86%|████████▌ | 86/100 [39:29<06:23, 27.40s/it][32m[2026-04-24 16:58:42,003] [    INFO][0m - loss: 7.62847328, learning_rate: 1.556e-05, global_step: 86, current_memory_allocated: 48.48938226699829, current_memory_reserved: 59.339906454086304, max_memory_allocated: 56.16113495826721, max_memory_reserved: 59.339906454086304, interval_runtime: 27.4245, interval_samples_per_second: 0.1459, interval_steps_per_second: 0.0365, global_norm: 2.0038774013519287, ppl: 2055.908825463339, progress_or_epoch: 0.86, cpu_used_memory: 232.27, cpu_available_memory: 1267.33[0m
[32m[2026-04-24 16:58:42,004] [    INFO][0m - [DataLoad global_step: 86] data_load_time: 0.74 ms (accumulated over 4 micro-batches)[0m

TrainProcess:  87%|████████▋ | 87/100 [39:56<05:56, 27.39s/it][32m[2026-04-24 16:59:09,353] [    INFO][0m - loss: 7.64807558, learning_rate: 1.444e-05, global_step: 87, current_memory_allocated: 48.48938226699829, current_memory_reserved: 59.339906454086304, max_memory_allocated: 56.16113495826721, max_memory_reserved: 59.339906454086304, interval_runtime: 27.3485, interval_samples_per_second: 0.1463, interval_steps_per_second: 0.0366, global_norm: 1.6692663431167603, ppl: 2096.606952298399, progress_or_epoch: 0.87, cpu_used_memory: 232.34, cpu_available_memory: 1267.25[0m
[32m[2026-04-24 16:59:09,353] [    INFO][0m - [DataLoad global_step: 87] data_load_time: 0.83 ms (accumulated over 4 micro-batches)[0m

TrainProcess:  88%|████████▊ | 88/100 [40:24<05:28, 27.39s/it][32m[2026-04-24 16:59:36,756] [    INFO][0m - loss: 7.25623703, learning_rate: 1.333e-05, global_step: 88, current_memory_allocated: 48.48938226699829, current_memory_reserved: 59.339906454086304, max_memory_allocated: 56.16113495826721, max_memory_reserved: 59.339906454086304, interval_runtime: 27.4032, interval_samples_per_second: 0.146, interval_steps_per_second: 0.0365, global_norm: 1.6795274019241333, ppl: 1416.9146854367139, progress_or_epoch: 0.88, cpu_used_memory: 232.31, cpu_available_memory: 1267.28[0m
[32m[2026-04-24 16:59:36,756] [    INFO][0m - [DataLoad global_step: 88] data_load_time: 0.36 ms (accumulated over 4 micro-batches)[0m

TrainProcess:  89%|████████▉ | 89/100 [40:51<05:01, 27.40s/it][32m[2026-04-24 17:00:04,163] [    INFO][0m - loss: 7.60616016, learning_rate: 1.222e-05, global_step: 89, current_memory_allocated: 48.48938226699829, current_memory_reserved: 59.339906454086304, max_memory_allocated: 56.16113495826721, max_memory_reserved: 59.339906454086304, interval_runtime: 27.4068, interval_samples_per_second: 0.1459, interval_steps_per_second: 0.0365, global_norm: 16.10561180114746, ppl: 2010.5430928406176, progress_or_epoch: 0.89, cpu_used_memory: 232.34, cpu_available_memory: 1267.25[0m
[32m[2026-04-24 17:00:04,163] [    INFO][0m - [DataLoad global_step: 89] data_load_time: 0.31 ms (accumulated over 4 micro-batches)[0m

TrainProcess:  90%|█████████ | 90/100 [41:19<04:33, 27.39s/it][32m[2026-04-24 17:00:31,524] [    INFO][0m - loss: 7.28613281, learning_rate: 1.111e-05, global_step: 90, current_memory_allocated: 48.48938226699829, current_memory_reserved: 59.339906454086304, max_memory_allocated: 56.16113495826721, max_memory_reserved: 59.339906454086304, interval_runtime: 27.3602, interval_samples_per_second: 0.1462, interval_steps_per_second: 0.0365, global_norm: 1.680649995803833, ppl: 1459.9140016673998, progress_or_epoch: 0.9, cpu_used_memory: 232.34, cpu_available_memory: 1267.25[0m
[32m[2026-04-24 17:00:31,524] [    INFO][0m - [DataLoad global_step: 90] data_load_time: 0.31 ms (accumulated over 4 micro-batches)[0m

TrainProcess:  91%|█████████ | 91/100 [41:46<04:06, 27.39s/it][32m[2026-04-24 17:00:58,910] [    INFO][0m - loss: 7.29656458, learning_rate: 1e-05, global_step: 91, current_memory_allocated: 48.48938226699829, current_memory_reserved: 59.339906454086304, max_memory_allocated: 56.16113495826721, max_memory_reserved: 59.339906454086304, interval_runtime: 27.3856, interval_samples_per_second: 0.1461, interval_steps_per_second: 0.0365, global_norm: 1.5728460550308228, ppl: 1475.2232009444463, progress_or_epoch: 0.91, cpu_used_memory: 232.34, cpu_available_memory: 1267.25[0m
[32m[2026-04-24 17:00:58,911] [    INFO][0m - [DataLoad global_step: 91] data_load_time: 0.80 ms (accumulated over 4 micro-batches)[0m

TrainProcess:  92%|█████████▏| 92/100 [42:13<03:39, 27.39s/it][32m[2026-04-24 17:01:26,310] [    INFO][0m - loss: 7.60883665, learning_rate: 8.889e-06, global_step: 92, current_memory_allocated: 48.48938226699829, current_memory_reserved: 59.339906454086304, max_memory_allocated: 56.16113495826721, max_memory_reserved: 59.339906454086304, interval_runtime: 27.3994, interval_samples_per_second: 0.146, interval_steps_per_second: 0.0365, global_norm: 1.2788947820663452, ppl: 2015.9314991142298, progress_or_epoch: 0.92, cpu_used_memory: 232.36, cpu_available_memory: 1267.23[0m
[32m[2026-04-24 17:01:26,311] [    INFO][0m - [DataLoad global_step: 92] data_load_time: 1.93 ms (accumulated over 4 micro-batches)[0m

TrainProcess:  93%|█████████▎| 93/100 [42:41<03:11, 27.40s/it][32m[2026-04-24 17:01:53,723] [    INFO][0m - loss: 7.37030697, learning_rate: 7.778e-06, global_step: 93, current_memory_allocated: 48.48938226699829, current_memory_reserved: 59.339906454086304, max_memory_allocated: 56.16113495826721, max_memory_reserved: 59.339906454086304, interval_runtime: 27.4128, interval_samples_per_second: 0.1459, interval_steps_per_second: 0.0365, global_norm: 1.2839417457580566, ppl: 1588.121213796311, progress_or_epoch: 0.93, cpu_used_memory: 232.34, cpu_available_memory: 1267.25[0m
[32m[2026-04-24 17:01:53,723] [    INFO][0m - [DataLoad global_step: 93] data_load_time: 1.28 ms (accumulated over 4 micro-batches)[0m

TrainProcess:  94%|█████████▍| 94/100 [43:08<02:44, 27.40s/it][32m[2026-04-24 17:02:21,113] [    INFO][0m - loss: 7.28829861, learning_rate: 6.667e-06, global_step: 94, current_memory_allocated: 48.48938226699829, current_memory_reserved: 59.339906454086304, max_memory_allocated: 56.16113495826721, max_memory_reserved: 59.339906454086304, interval_runtime: 27.3893, interval_samples_per_second: 0.146, interval_steps_per_second: 0.0365, global_norm: 1.252225399017334, ppl: 1463.0793098871927, progress_or_epoch: 0.94, cpu_used_memory: 232.34, cpu_available_memory: 1267.25[0m
[32m[2026-04-24 17:02:21,114] [    INFO][0m - [DataLoad global_step: 94] data_load_time: 0.63 ms (accumulated over 4 micro-batches)[0m

TrainProcess:  95%|█████████▌| 95/100 [43:36<02:16, 27.38s/it][32m[2026-04-24 17:02:48,467] [    INFO][0m - loss: 7.3875432, learning_rate: 5.556e-06, global_step: 95, current_memory_allocated: 48.48938226699829, current_memory_reserved: 59.339906454086304, max_memory_allocated: 56.16113495826721, max_memory_reserved: 59.339906454086304, interval_runtime: 27.354, interval_samples_per_second: 0.1462, interval_steps_per_second: 0.0366, global_norm: 1.563525676727295, ppl: 1615.7317031195378, progress_or_epoch: 0.95, cpu_used_memory: 232.35, cpu_available_memory: 1267.24[0m
[32m[2026-04-24 17:02:48,468] [    INFO][0m - [DataLoad global_step: 95] data_load_time: 0.74 ms (accumulated over 4 micro-batches)[0m

TrainProcess:  96%|█████████▌| 96/100 [44:03<01:49, 27.38s/it][32m[2026-04-24 17:03:15,842] [    INFO][0m - loss: 7.97749233, learning_rate: 4.444e-06, global_step: 96, current_memory_allocated: 48.48938226699829, current_memory_reserved: 59.339906454086304, max_memory_allocated: 56.16113495826721, max_memory_reserved: 59.339906454086304, interval_runtime: 27.3741, interval_samples_per_second: 0.1461, interval_steps_per_second: 0.0365, global_norm: 5.089743137359619, ppl: 2914.6130046839285, progress_or_epoch: 0.96, cpu_used_memory: 232.36, cpu_available_memory: 1267.24[0m
[32m[2026-04-24 17:03:15,842] [    INFO][0m - [DataLoad global_step: 96] data_load_time: 1.53 ms (accumulated over 4 micro-batches)[0m

TrainProcess:  97%|█████████▋| 97/100 [44:30<01:22, 27.38s/it][32m[2026-04-24 17:03:43,246] [    INFO][0m - loss: 7.29304886, learning_rate: 3.333e-06, global_step: 97, current_memory_allocated: 48.48938226699829, current_memory_reserved: 59.339906454086304, max_memory_allocated: 56.16113495826721, max_memory_reserved: 59.339906454086304, interval_runtime: 27.4031, interval_samples_per_second: 0.146, interval_steps_per_second: 0.0365, global_norm: 1.363086462020874, ppl: 1470.0458356485894, progress_or_epoch: 0.97, cpu_used_memory: 232.36, cpu_available_memory: 1267.24[0m
[32m[2026-04-24 17:03:43,246] [    INFO][0m - [DataLoad global_step: 97] data_load_time: 1.12 ms (accumulated over 4 micro-batches)[0m

TrainProcess:  98%|█████████▊| 98/100 [44:58<00:54, 27.39s/it][32m[2026-04-24 17:04:10,633] [    INFO][0m - loss: 7.40801334, learning_rate: 2.222e-06, global_step: 98, current_memory_allocated: 48.48938226699829, current_memory_reserved: 59.339906454086304, max_memory_allocated: 56.16113495826721, max_memory_reserved: 59.339906454086304, interval_runtime: 27.3867, interval_samples_per_second: 0.1461, interval_steps_per_second: 0.0365, global_norm: 1.4215528964996338, ppl: 1649.1467962928398, progress_or_epoch: 0.98, cpu_used_memory: 232.35, cpu_available_memory: 1267.24[0m
[32m[2026-04-24 17:04:10,633] [    INFO][0m - [DataLoad global_step: 98] data_load_time: 1.16 ms (accumulated over 4 micro-batches)[0m

TrainProcess:  99%|█████████▉| 99/100 [45:25<00:27, 27.38s/it][32m[2026-04-24 17:04:37,999] [    INFO][0m - loss: 7.34380627, learning_rate: 1.111e-06, global_step: 99, current_memory_allocated: 48.48938226699829, current_memory_reserved: 59.339906454086304, max_memory_allocated: 56.16113495826721, max_memory_reserved: 59.339906454086304, interval_runtime: 27.366, interval_samples_per_second: 0.1462, interval_steps_per_second: 0.0365, global_norm: 1.166345477104187, ppl: 1546.587654817516, progress_or_epoch: 0.99, cpu_used_memory: 232.36, cpu_available_memory: 1267.24[0m
[32m[2026-04-24 17:04:37,999] [    INFO][0m - [DataLoad global_step: 99] data_load_time: 1.02 ms (accumulated over 4 micro-batches)[0m

TrainProcess: 100%|██████████| 100/100 [45:52<00:00, 27.38s/it][32m[2026-04-24 17:05:05,364] [    INFO][0m - loss: 7.64747047, learning_rate: 0.0, global_step: 100, current_memory_allocated: 48.48938226699829, current_memory_reserved: 59.339906454086304, max_memory_allocated: 56.16113495826721, max_memory_reserved: 59.339906454086304, interval_runtime: 27.364, interval_samples_per_second: 0.1462, interval_steps_per_second: 0.0365, global_norm: 2.1216301918029785, ppl: 2095.338658232903, progress_or_epoch: 1.0, cpu_used_memory: 232.35, cpu_available_memory: 1267.24[0m
[32m[2026-04-24 17:05:05,365] [    INFO][0m - ***** Running Evaluation *****[0m
[32m[2026-04-24 17:05:05,365] [    INFO][0m -   Num examples = 20[0m
[32m[2026-04-24 17:05:05,365] [    INFO][0m -   Total prediction steps = 20[0m
[32m[2026-04-24 17:05:05,365] [    INFO][0m -   Pre device batch size = 1[0m
[32m[2026-04-24 17:05:05,365] [    INFO][0m -   Total Batch size = 1[0m


PredictProcess:   0%|          | 0/20 [00:00<?, ?it/s][A

PredictProcess:  20%|██        | 4/20 [00:06<00:25,  1.58s/it][A

PredictProcess:  40%|████      | 8/20 [00:12<00:18,  1.58s/it][A

PredictProcess:  60%|██████    | 12/20 [00:18<00:12,  1.58s/it][A

PredictProcess:  80%|████████  | 16/20 [00:25<00:06,  1.59s/it][A

PredictProcess: 100%|██████████| 20/20 [00:31<00:00,  1.59s/it][A[32m[2026-04-24 17:05:37,086] [    INFO][0m - eval_loss: 7.252661228179932, eval_runtime: 31.7196, eval_samples_per_second: 0.6305, eval_steps_per_second: 0.6305, eval_ppl: 1411.8571271277287, progress_or_epoch: 1.0, cpu_used_memory: 232.35, cpu_available_memory: 1267.24[0m


                                                               [A[32m[2026-04-24 17:05:37,087] [    INFO][0m - Saving model checkpoint to ./checkpoints/pt/13b/checkpoint-100[0m
[2026-04-24 17:05:37,209] [    INFO] utils.py:389 - Process 81880 could not acquire the lock; another process is writing or has written the metadata.
[32m[2026-04-24 17:06:20,415] [    INFO][0m - Saving optimizer files.[0m
[2026-04-24 17:06:20,494] [    INFO] utils.py:389 - Process 81880 could not acquire the lock; another process is writing or has written the metadata.
[2026-04-24 17:08:45,711] [    INFO] utils.py:389 - Process 81880 could not acquire the lock; another process is writing or has written the metadata.
/workspace/Paddle/build/python/paddle/framework/io.py:1016: UserWarning: The input state dict is empty, no need to save.
  warnings.warn("The input state dict is empty, no need to save.")
[32m[2026-04-24 17:08:45,714] [    INFO][0m - global_save_step: 100, progress_or_epoch: 1.0, cpu_used_memory: 232.4, cpu_available_memory: 1267.19[0m
[32m[2026-04-24 17:08:45,714] [    INFO][0m - [timelog] checkpoint saving time: 188.63s (2026-04-24 17:08:45) [0m
[32m[2026-04-24 17:08:45,715] [    INFO][0m - [DataLoad global_step: 100] data_load_time: 0.30 ms (accumulated over 4 micro-batches)[0m
[32m[2026-04-24 17:08:45,715] [    INFO][0m - 
Training completed. 
[0m
[32m[2026-04-24 17:08:45,717] [    INFO][0m - train_runtime: 2973.3321, train_samples_per_second: 0.1345, train_steps_per_second: 0.0336, train_loss: 8.460203261375428, progress_or_epoch: 1.0, cpu_used_memory: 232.4, cpu_available_memory: 1267.19[0m

TrainProcess: 100%|██████████| 100/100 [49:33<00:00, 29.73s/it]
[32m[2026-04-24 17:08:45,717] [    INFO][0m - Saving model checkpoint to ./checkpoints/pt/13b[0m
[32m[2026-04-24 17:08:45,947] [    INFO][0m - [Rank 0/4] (Saver) Initializing save. Max shard size set to: 10.00 GB[0m
[32m[2026-04-24 17:08:45,947] [    INFO][0m - [Rank 0/4] Starting to process the weight iterator...[0m
[32m[2026-04-24 17:08:47,110] [    INFO][0m - [Rank 0/4] Assigned to store parameter model.embed_tokens.weight[0m
[32m[2026-04-24 17:08:47,594] [    INFO][0m - [Rank 0/4] Assigned to store parameter model.layers.0.self_attn.o_proj.weight[0m
[32m[2026-04-24 17:08:48,020] [    INFO][0m - [Rank 0/4] Assigned to store parameter model.layers.0.input_layernorm.weight[0m
[32m[2026-04-24 17:08:48,269] [    INFO][0m - [Rank 0/4] Assigned to store parameter model.layers.1.self_attn.v_proj.weight[0m
[32m[2026-04-24 17:08:48,749] [    INFO][0m - [Rank 0/4] Assigned to store parameter model.layers.1.mlp.down_proj.weight[0m
[32m[2026-04-24 17:08:48,926] [    INFO][0m - [Rank 0/4] Assigned to store parameter model.layers.2.self_attn.k_proj.weight[0m
[32m[2026-04-24 17:08:49,303] [    INFO][0m - [Rank 0/4] Assigned to store parameter model.layers.2.mlp.up_proj.weight[0m
[32m[2026-04-24 17:08:49,592] [    INFO][0m - [Rank 0/4] Assigned to store parameter model.layers.3.self_attn.q_proj.weight[0m
[32m[2026-04-24 17:08:49,860] [    INFO][0m - [Rank 0/4] Assigned to store parameter model.layers.3.mlp.gate_proj.weight[0m
[32m[2026-04-24 17:08:50,183] [    INFO][0m - [Rank 0/4] Assigned to store parameter model.layers.3.post_attention_layernorm.weight[0m
[32m[2026-04-24 17:08:50,493] [    INFO][0m - [Rank 0/4] Assigned to store parameter model.layers.4.self_attn.o_proj.weight[0m
[32m[2026-04-24 17:08:50,916] [    INFO][0m - [Rank 0/4] Assigned to store parameter model.layers.4.input_layernorm.weight[0m
[32m[2026-04-24 17:08:51,160] [    INFO][0m - [Rank 0/4] Assigned to store parameter model.layers.5.self_attn.v_proj.weight[0m
[32m[2026-04-24 17:08:51,620] [    INFO][0m - [Rank 0/4] Assigned to store parameter model.layers.5.mlp.down_proj.weight[0m
[32m[2026-04-24 17:08:51,801] [    INFO][0m - [Rank 0/4] Assigned to store parameter model.layers.6.self_attn.k_proj.weight[0m
[32m[2026-04-24 17:08:52,282] [    INFO][0m - [Rank 0/4] Assigned to store parameter model.layers.6.mlp.up_proj.weight[0m
[32m[2026-04-24 17:08:52,560] [    INFO][0m - [Rank 0/4] Assigned to store parameter model.layers.7.self_attn.q_proj.weight[0m
[32m[2026-04-24 17:08:52,828] [    INFO][0m - [Rank 0/4] Assigned to store parameter model.layers.7.mlp.gate_proj.weight[0m
[32m[2026-04-24 17:08:53,143] [    INFO][0m - [Rank 0/4] Assigned to store parameter model.layers.7.post_attention_layernorm.weight[0m
[32m[2026-04-24 17:08:53,452] [    INFO][0m - [Rank 0/4] Assigned to store parameter model.layers.8.self_attn.o_proj.weight[0m
[32m[2026-04-24 17:08:53,871] [    INFO][0m - [Rank 0/4] Assigned to store parameter model.layers.8.input_layernorm.weight[0m
[32m[2026-04-24 17:08:54,108] [    INFO][0m - [Rank 0/4] Assigned to store parameter model.layers.9.self_attn.v_proj.weight[0m
[32m[2026-04-24 17:08:54,574] [    INFO][0m - [Rank 0/4] Assigned to store parameter model.layers.9.mlp.down_proj.weight[0m
[32m[2026-04-24 17:08:54,755] [    INFO][0m - [Rank 0/4] Assigned to store parameter model.layers.10.self_attn.k_proj.weight[0m
[32m[2026-04-24 17:08:55,125] [    INFO][0m - [Rank 0/4] Assigned to store parameter model.layers.10.mlp.up_proj.weight[0m
[32m[2026-04-24 17:08:55,401] [    INFO][0m - [Rank 0/4] Assigned to store parameter model.layers.11.self_attn.q_proj.weight[0m
[32m[2026-04-24 17:08:55,670] [    INFO][0m - [Rank 0/4] Assigned to store parameter model.layers.11.mlp.gate_proj.weight[0m
[32m[2026-04-24 17:08:55,988] [    INFO][0m - [Rank 0/4] Assigned to store parameter model.layers.11.post_attention_layernorm.weight[0m
[32m[2026-04-24 17:08:56,294] [    INFO][0m - [Rank 0/4] Assigned to store parameter model.layers.12.self_attn.o_proj.weight[0m
[32m[2026-04-24 17:08:56,717] [    INFO][0m - [Rank 0/4] Assigned to store parameter model.layers.12.input_layernorm.weight[0m
[32m[2026-04-24 17:08:57,031] [    INFO][0m - [Rank 0/4] Assigned to store parameter model.layers.13.self_attn.v_proj.weight[0m
[32m[2026-04-24 17:08:57,490] [    INFO][0m - [Rank 0/4] Assigned to store parameter model.layers.13.mlp.down_proj.weight[0m
[32m[2026-04-24 17:08:57,675] [    INFO][0m - [Rank 0/4] Assigned to store parameter model.layers.14.self_attn.k_proj.weight[0m
[32m[2026-04-24 17:08:58,046] [    INFO][0m - [Rank 0/4] Assigned to store parameter model.layers.14.mlp.up_proj.weight[0m
[32m[2026-04-24 17:08:58,323] [    INFO][0m - [Rank 0/4] Assigned to store parameter model.layers.15.self_attn.q_proj.weight[0m
[32m[2026-04-24 17:08:58,588] [    INFO][0m - [Rank 0/4] Assigned to store parameter model.layers.15.mlp.gate_proj.weight[0m
[32m[2026-04-24 17:08:58,904] [    INFO][0m - [Rank 0/4] Assigned to store parameter model.layers.15.post_attention_layernorm.weight[0m
[32m[2026-04-24 17:08:59,207] [    INFO][0m - [Rank 0/4] Assigned to store parameter model.layers.16.self_attn.o_proj.weight[0m
[32m[2026-04-24 17:08:59,624] [    INFO][0m - [Rank 0/4] Assigned to store parameter model.layers.16.input_layernorm.weight[0m
[32m[2026-04-24 17:08:59,860] [    INFO][0m - [Rank 0/4] Assigned to store parameter model.layers.17.self_attn.v_proj.weight[0m
[32m[2026-04-24 17:09:00,332] [    INFO][0m - [Rank 0/4] Assigned to store parameter model.layers.17.mlp.down_proj.weight[0m
[32m[2026-04-24 17:09:00,507] [    INFO][0m - [Rank 0/4] Assigned to store parameter model.layers.18.self_attn.k_proj.weight[0m
[32m[2026-04-24 17:09:00,877] [    INFO][0m - [Rank 0/4] Assigned to store parameter model.layers.18.mlp.up_proj.weight[0m
[32m[2026-04-24 17:09:01,153] [    INFO][0m - [Rank 0/4] Assigned to store parameter model.layers.19.self_attn.q_proj.weight[0m
[32m[2026-04-24 17:09:01,414] [    INFO][0m - [Rank 0/4] Assigned to store parameter model.layers.19.mlp.gate_proj.weight[0m
[32m[2026-04-24 17:09:01,721] [    INFO][0m - [Rank 0/4] Assigned to store parameter model.layers.19.post_attention_layernorm.weight[0m
[32m[2026-04-24 17:09:02,116] [    INFO][0m - [Rank 0/4] Assigned to store parameter model.layers.20.self_attn.o_proj.weight[0m
[32m[2026-04-24 17:09:02,641] [    INFO][0m - [Rank 0/4] Assigned to store parameter model.layers.20.input_layernorm.weight[0m
[32m[2026-04-24 17:09:02,769] [    INFO][0m - [Rank 0/4] Assigned to store parameter model.layers.21.self_attn.v_proj.weight[0m
[32m[2026-04-24 17:09:03,220] [    INFO][0m - [Rank 0/4] Assigned to store parameter model.layers.21.mlp.down_proj.weight[0m
[32m[2026-04-24 17:09:03,393] [    INFO][0m - [Rank 0/4] Assigned to store parameter model.layers.22.self_attn.k_proj.weight[0m
[32m[2026-04-24 17:09:03,752] [    INFO][0m - [Rank 0/4] Assigned to store parameter model.layers.22.mlp.up_proj.weight[0m
[32m[2026-04-24 17:09:04,021] [    INFO][0m - [Rank 0/4] Assigned to store parameter model.layers.23.self_attn.q_proj.weight[0m
[32m[2026-04-24 17:09:04,282] [    INFO][0m - [Rank 0/4] Assigned to store parameter model.layers.23.mlp.gate_proj.weight[0m
[32m[2026-04-24 17:09:04,700] [    INFO][0m - [Rank 0/4] Assigned to store parameter model.layers.23.post_attention_layernorm.weight[0m
[32m[2026-04-24 17:09:04,884] [    INFO][0m - [Rank 0/4] Assigned to store parameter model.layers.24.self_attn.o_proj.weight[0m
[32m[2026-04-24 17:09:05,391] [    INFO][0m - [Rank 0/4] Assigned to store parameter model.layers.24.input_layernorm.weight[0m
[32m[2026-04-24 17:09:05,527] [    INFO][0m - [Rank 0/4] Assigned to store parameter model.layers.25.self_attn.v_proj.weight[0m
[32m[2026-04-24 17:09:05,979] [    INFO][0m - [Rank 0/4] Assigned to store parameter model.layers.25.mlp.down_proj.weight[0m
[32m[2026-04-24 17:09:06,152] [    INFO][0m - [Rank 0/4] Assigned to store parameter model.layers.26.self_attn.k_proj.weight[0m
[32m[2026-04-24 17:09:06,513] [    INFO][0m - [Rank 0/4] Assigned to store parameter model.layers.26.mlp.up_proj.weight[0m
[32m[2026-04-24 17:09:06,781] [    INFO][0m - [Rank 0/4] Assigned to store parameter model.layers.27.self_attn.q_proj.weight[0m
[32m[2026-04-24 17:09:07,116] [    INFO][0m - [Rank 0/4] Assigned to store parameter model.layers.27.mlp.gate_proj.weight[0m
[32m[2026-04-24 17:09:07,545] [    INFO][0m - [Rank 0/4] Assigned to store parameter model.layers.27.post_attention_layernorm.weight[0m
[32m[2026-04-24 17:09:07,728] [    INFO][0m - [Rank 0/4] Assigned to store parameter model.layers.28.self_attn.o_proj.weight[0m
[32m[2026-04-24 17:09:08,241] [    INFO][0m - [Rank 0/4] Assigned to store parameter model.layers.28.input_layernorm.weight[0m
[32m[2026-04-24 17:09:08,370] [    INFO][0m - [Rank 0/4] Assigned to store parameter model.layers.29.self_attn.v_proj.weight[0m
[32m[2026-04-24 17:09:08,829] [    INFO][0m - [Rank 0/4] Assigned to store parameter model.layers.29.mlp.down_proj.weight[0m
[32m[2026-04-24 17:09:09,002] [    INFO][0m - [Rank 0/4] Assigned to store parameter model.layers.30.self_attn.k_proj.weight[0m
[32m[2026-04-24 17:09:09,362] [    INFO][0m - [Rank 0/4] Assigned to store parameter model.layers.30.mlp.up_proj.weight[0m
[32m[2026-04-24 17:09:09,629] [    INFO][0m - [Rank 0/4] Assigned to store parameter model.layers.31.self_attn.q_proj.weight[0m
[32m[2026-04-24 17:09:09,887] [    INFO][0m - [Rank 0/4] Assigned to store parameter model.layers.31.mlp.gate_proj.weight[0m
[32m[2026-04-24 17:09:09,888] [    INFO][0m - [Rank 0/4] Saving sub-shard 0... Size: 10035.29 MB, Params: 71, Path: ./checkpoints/pt/13b/shard_0-0.safetensors[0m
[32m[2026-04-24 17:12:10,225] [    INFO][0m - [Rank 0/4] Assigned to store parameter model.layers.31.post_attention_layernorm.weight[0m
[32m[2026-04-24 17:12:10,411] [    INFO][0m - [Rank 0/4] Assigned to store parameter model.layers.32.self_attn.o_proj.weight[0m
[32m[2026-04-24 17:12:10,925] [    INFO][0m - [Rank 0/4] Assigned to store parameter model.layers.32.input_layernorm.weight[0m
[32m[2026-04-24 17:12:11,053] [    INFO][0m - [Rank 0/4] Assigned to store parameter model.layers.33.self_attn.v_proj.weight[0m
[32m[2026-04-24 17:13:29,089] [    INFO][0m - [Rank 0/4] Assigned to store parameter model.layers.33.mlp.down_proj.weight[0m
[32m[2026-04-24 17:13:29,270] [    INFO][0m - [Rank 0/4] Assigned to store parameter model.layers.34.self_attn.k_proj.weight[0m
[32m[2026-04-24 17:14:10,175] [    INFO][0m - [Rank 0/4] Assigned to store parameter model.layers.34.mlp.up_proj.weight[0m
[32m[2026-04-24 17:14:10,455] [    INFO][0m - [Rank 0/4] Assigned to store parameter model.layers.35.self_attn.q_proj.weight[0m
[32m[2026-04-24 17:14:10,739] [    INFO][0m - [Rank 0/4] Assigned to store parameter model.layers.35.mlp.gate_proj.weight[0m
[32m[2026-04-24 17:14:11,164] [    INFO][0m - [Rank 0/4] Assigned to store parameter model.layers.35.post_attention_layernorm.weight[0m
[32m[2026-04-24 17:14:11,363] [    INFO][0m - [Rank 0/4] Assigned to store parameter model.layers.36.self_attn.o_proj.weight[0m
[32m[2026-04-24 17:14:11,912] [    INFO][0m - [Rank 0/4] Assigned to store parameter model.layers.36.input_layernorm.weight[0m
[32m[2026-04-24 17:14:12,045] [    INFO][0m - [Rank 0/4] Assigned to store parameter model.layers.37.self_attn.v_proj.weight[0m
[32m[2026-04-24 17:14:12,516] [    INFO][0m - [Rank 0/4] Assigned to store parameter model.layers.37.mlp.down_proj.weight[0m
[32m[2026-04-24 17:14:12,694] [    INFO][0m - [Rank 0/4] Assigned to store parameter model.layers.38.self_attn.k_proj.weight[0m
[32m[2026-04-24 17:14:13,059] [    INFO][0m - [Rank 0/4] Assigned to store parameter model.layers.38.mlp.up_proj.weight[0m
[32m[2026-04-24 17:14:13,352] [    INFO][0m - [Rank 0/4] Assigned to store parameter model.layers.39.self_attn.q_proj.weight[0m
[32m[2026-04-24 17:14:13,624] [    INFO][0m - [Rank 0/4] Assigned to store parameter model.layers.39.mlp.gate_proj.weight[0m
[32m[2026-04-24 17:14:14,062] [    INFO][0m - [Rank 0/4] Assigned to store parameter model.layers.39.post_attention_layernorm.weight[0m
[32m[2026-04-24 17:14:14,140] [    INFO][0m - [Rank 0/4] Saving sub-shard 1... Size: 2690.10 MB, Params: 20, Path: ./checkpoints/pt/13b/shard_0-1.safetensors[0m
[32m[2026-04-24 17:14:44,607] [    INFO][0m - [Rank 0/4] (Saver) All shards saved successfully.[0m
[32m[2026-04-24 17:14:44,635] [    INFO][0m - Configuration saved in ./checkpoints/pt/13b/config.json[0m
[32m[2026-04-24 17:14:44,637] [    INFO][0m - ***** train metrics *****[0m
[32m[2026-04-24 17:14:44,637] [    INFO][0m -   cpu_available_memory     =    1267.19[0m
[32m[2026-04-24 17:14:44,637] [    INFO][0m -   cpu_used_memory          =      232.4[0m
[32m[2026-04-24 17:14:44,637] [    INFO][0m -   progress_or_epoch        =        1.0[0m
[32m[2026-04-24 17:14:44,637] [    INFO][0m -   train_loss               =     8.4602[0m
[32m[2026-04-24 17:14:44,637] [    INFO][0m -   train_runtime            = 0:49:33.33[0m
[32m[2026-04-24 17:14:44,637] [    INFO][0m -   train_samples_per_second =     0.1345[0m
[32m[2026-04-24 17:14:44,637] [    INFO][0m -   train_steps_per_second   =     0.0336[0m
I0424 17:14:45.211561 81880 process_group_nccl.cc:163] ProcessGroupNCCL destruct 
I0424 17:14:45.212227 81880 process_group_nccl.cc:163] ProcessGroupNCCL destruct 
I0424 17:14:45.212929 81880 process_group_nccl.cc:163] ProcessGroupNCCL destruct 
I0424 17:14:45.213367 81880 process_group_nccl.cc:163] ProcessGroupNCCL destruct 
LAUNCH INFO 2026-04-24 17:14:52,889 Pod completed
LAUNCH INFO 2026-04-24 17:14:52,890 Exit code 0
