PyTorch was not found. Models won't be available and only tokenizers, configuration and file/data utilities can be used.
[33m[2026-05-14 17:45:43,465] [ WARNING][0m - Due to potential compatibility issues between PaddlePaddle and PyTorch in PaddleFormers, PaddleFormers defaults `transformers.utils.import_utils.is_torch_available` and `transformers.utils.import_utils.is_torchvision_available` to False. If you need to use PyTorch in transformers or torchvision, please add `del sys.modules['transformers']` before using them.[0m
/public/home/yuhai/liuyi39/py310/lib/python3.10/site-packages/_distutils_hack/__init__.py:30: UserWarning: Setuptools is replacing distutils. Support for replacing an already imported distutils is deprecated. In the future, this condition will fail. Register concerns at https://github.com/pypa/setuptools/issues/new?template=distutils-deprecation.yml
  warnings.warn(
PyTorch was not found. Models won't be available and only tokenizers, configuration and file/data utilities can be used.
/public/home/yuhai/liuyi39/Paddle/build/python/paddle/distributed/launch/context/args_envs.py:54: UserWarning: Unset 'http_proxy' to ensure stable NCCL communication in distributed training (backed up as 'http_proxy_original').
  warnings.warn(
/public/home/yuhai/liuyi39/Paddle/build/python/paddle/distributed/launch/context/args_envs.py:54: UserWarning: Unset 'https_proxy' to ensure stable NCCL communication in distributed training (backed up as 'https_proxy_original').
  warnings.warn(
LAUNCH INFO 2026-05-14 17:45:47,867 -----------  Configuration  ----------------------
LAUNCH INFO 2026-05-14 17:45:47,867 auto_cluster_config: 0
LAUNCH INFO 2026-05-14 17:45:47,867 auto_parallel_config: None
LAUNCH INFO 2026-05-14 17:45:47,867 auto_tuner_json: None
LAUNCH INFO 2026-05-14 17:45:47,867 devices: 0,1,2,3
LAUNCH INFO 2026-05-14 17:45:47,867 elastic_level: -1
LAUNCH INFO 2026-05-14 17:45:47,867 elastic_timeout: 30
LAUNCH INFO 2026-05-14 17:45:47,867 enable_gpu_log: True
LAUNCH INFO 2026-05-14 17:45:47,867 gloo_port: 6767
LAUNCH INFO 2026-05-14 17:45:47,867 host: None
LAUNCH INFO 2026-05-14 17:45:47,867 ips: None
LAUNCH INFO 2026-05-14 17:45:47,867 job_id: default
LAUNCH INFO 2026-05-14 17:45:47,867 legacy: False
LAUNCH INFO 2026-05-14 17:45:47,867 log_dir: logs/pt/llama3-8b.dist
LAUNCH INFO 2026-05-14 17:45:47,867 log_level: INFO
LAUNCH INFO 2026-05-14 17:45:47,867 log_overwrite: False
LAUNCH INFO 2026-05-14 17:45:47,867 master: 127.0.0.1:8080
LAUNCH INFO 2026-05-14 17:45:47,867 max_restart: 3
LAUNCH INFO 2026-05-14 17:45:47,867 nnodes: 1
LAUNCH INFO 2026-05-14 17:45:47,867 nproc_per_node: None
LAUNCH INFO 2026-05-14 17:45:47,867 rank: 0
LAUNCH INFO 2026-05-14 17:45:47,867 run_mode: collective
LAUNCH INFO 2026-05-14 17:45:47,867 server_num: None
LAUNCH INFO 2026-05-14 17:45:47,867 servers: 
LAUNCH INFO 2026-05-14 17:45:47,867 sort_ip: False
LAUNCH INFO 2026-05-14 17:45:47,867 start_port: 6070
LAUNCH INFO 2026-05-14 17:45:47,867 trainer_num: None
LAUNCH INFO 2026-05-14 17:45:47,867 trainers: 
LAUNCH INFO 2026-05-14 17:45:47,867 training_script: /public/home/yuhai/liuyi39/PaddleFormers/paddleformers/cli/launcher.py
LAUNCH INFO 2026-05-14 17:45:47,867 training_script_args: ['train', 'configs/pt/train_llama3_8b.yaml']
LAUNCH INFO 2026-05-14 17:45:47,867 with_gloo: 1
LAUNCH INFO 2026-05-14 17:45:47,867 --------------------------------------------------
LAUNCH INFO 2026-05-14 17:45:47,868 Job: default, mode collective, replicas 1[1:1], elastic False
LAUNCH INFO 2026-05-14 17:45:47,875 Run Pod: lmrkld, replicas 4, status ready
LAUNCH INFO 2026-05-14 17:45:47,976 Watching Pod: lmrkld, replicas 4, status running
PyTorch was not found. Models won't be available and only tokenizers, configuration and file/data utilities can be used.
[33m[2026-05-14 17:45:50,577] [ WARNING][0m - Due to potential compatibility issues between PaddlePaddle and PyTorch in PaddleFormers, PaddleFormers defaults `transformers.utils.import_utils.is_torch_available` and `transformers.utils.import_utils.is_torchvision_available` to False. If you need to use PyTorch in transformers or torchvision, please add `del sys.modules['transformers']` before using them.[0m
/public/home/yuhai/liuyi39/py310/lib/python3.10/site-packages/_distutils_hack/__init__.py:30: UserWarning: Setuptools is replacing distutils. Support for replacing an already imported distutils is deprecated. In the future, this condition will fail. Register concerns at https://github.com/pypa/setuptools/issues/new?template=distutils-deprecation.yml
  warnings.warn(
PyTorch was not found. Models won't be available and only tokenizers, configuration and file/data utilities can be used.
[32m[2026-05-14 17:45:53,135] [    INFO][0m - user has defined resume_from_checkpoint: None[0m
[32m[2026-05-14 17:45:53,136] [    INFO][0m - fa_version = 2 set FLAGS_flash_attn_version to 2[0m
[33m[2026-05-14 17:45:53,136] [ WARNING][0m - sharding_parallel_size=1 means no sharding, please set sharding to empty![0m
[2026-05-14 17:45:53,136] [    INFO] distributed_strategy.py:343 - distributed strategy initialized
[32m[2026-05-14 17:45:53,137] [    INFO][0m - PP configs:{'micro_batch_size': 1, 'accumulate_steps': 4, 'schedule_mode': '1F1B', 'p2p_cache_shape': True, 'enable_partial_send_recv': True}, use master_grad: True[0m
[33m[2026-05-14 17:45:53,137] [ WARNING][0m - In pipeline model, the evaluation also shares same setting with training. We will enforce that per_device_eval_batch_size=per_device_train_batch_size.[0m
[32m[2026-05-14 17:45:53,137] [    INFO][0m - using pipeline configs:{'delay_scale_loss': True, 'dp_comm_overlap': False, 'sharding_comm_overlap': False, 'enable_timer': False, 'release_gradients': False, 'overlap_p2p_comm': False, 'clear_every_step_cache': False, 'use_batch_p2p_comm': True, 'best_unbalanced_scheduler': False, 'enable_offload_queue': False, 'use_dualpipev': False, 'forward_backward_overlap_scheduler': False, 'enable_dynamic_shape': False}[0m
======================= Modified FLAGS detected =======================
FLAGS(name='FLAGS_selected_gpus', current_value='0', default_value='')
FLAGS(name='FLAGS_nvidia_package_dir', current_value='/public/home/yuhai/liuyi39/Paddle/build/python/paddle/../nvidia', default_value='')
FLAGS(name='FLAGS_deterministic_rng', current_value=True, default_value=False)
FLAGS(name='FLAGS_cudnn_dir', current_value='/public/home/yuhai/liuyi39/Paddle/build/python/paddle/../nvidia/cudnn/lib', default_value='')
FLAGS(name='FLAGS_cusolver_dir', current_value='/public/home/yuhai/liuyi39/Paddle/build/python/paddle/../nvidia/cusolver/lib', default_value='')
FLAGS(name='FLAGS_nccl_dir', current_value='/public/home/yuhai/liuyi39/Paddle/build/python/paddle/../nvidia/nccl/lib', default_value='')
FLAGS(name='FLAGS_cupti_dir', current_value='/public/home/yuhai/liuyi39/Paddle/build/python/paddle/../nvidia/cuda_cupti/lib', default_value='')
FLAGS(name='FLAGS_curand_dir', current_value='/public/home/yuhai/liuyi39/Paddle/build/python/paddle/../nvidia/curand/lib', default_value='')
FLAGS(name='FLAGS_cublas_dir', current_value='/public/home/yuhai/liuyi39/Paddle/build/python/paddle/../nvidia/cublas/lib', default_value='')
FLAGS(name='FLAGS_cusparse_dir', current_value='/public/home/yuhai/liuyi39/Paddle/build/python/paddle/../nvidia/cusparse/lib', default_value='')
FLAGS(name='FLAGS_enable_pir_in_executor', current_value=True, default_value=False)
=======================================================================
I0514 17:45:53.139256 3290412 tcp_store.cc:336] create libuv server at port: 41921
I0514 17:45:53.139804 3290412 tcp_utils.cc:132] Successfully connected to 10.6.9.77:41921
I0514 17:45:53.450585 3290412 process_group_nccl.cc:155] ProcessGroupNCCL pg_timeout_ 1800000
I0514 17:45:53.450608 3290412 process_group_nccl.cc:156] ProcessGroupNCCL nccl_comm_init_option_ 0
I0514 17:45:53.451110 3290412 process_group_nccl.cc:155] ProcessGroupNCCL pg_timeout_ 1800000
I0514 17:45:53.451122 3290412 process_group_nccl.cc:156] ProcessGroupNCCL nccl_comm_init_option_ 0
[2026-05-14 17:45:53,451] [    INFO] topology.py:535 - Total 2 pipe comm group(s) create successfully!
W0514 17:45:53.451471 3290412 gpu_resources.cc:116] Please NOTE: device: 0, GPU Compute Capability: 90.3, Driver API Version: 60326.1, Runtime API Version: 60326.1
W0514 17:45:53.542431 3290412 nccl_comm_context.cc:70] ncclCommInitRankConfigMemOpt is not supported.
[2026-05-14 17:45:53,914] [    INFO] topology.py:535 - Total 4 data comm group(s) create successfully!
I0514 17:45:53.914881 3290412 process_group_nccl.cc:155] ProcessGroupNCCL pg_timeout_ 1800000
I0514 17:45:53.914904 3290412 process_group_nccl.cc:156] ProcessGroupNCCL nccl_comm_init_option_ 0
[2026-05-14 17:45:53,914] [    INFO] topology.py:535 - Total 2 model comm group(s) create successfully!
[2026-05-14 17:45:53,915] [    INFO] topology.py:535 - Total 4 sharding comm group(s) create successfully!
I0514 17:45:53.915155 3290412 process_group_nccl.cc:155] ProcessGroupNCCL pg_timeout_ 1800000
I0514 17:45:53.915163 3290412 process_group_nccl.cc:156] ProcessGroupNCCL nccl_comm_init_option_ 0
[2026-05-14 17:45:53,915] [    INFO] topology.py:449 - HybridParallelInfo: rank_id: 0, mp_degree: 2, sharding_degree: 1, pp_degree: 2, dp_degree: 1, sep_degree: 1, mp_group: [0, 1],  sharding_group: [0], pp_group: [0, 2], dp_group: [0], sep:group: None, check/clip group: [0, 1, 2, 3]
[32m[2026-05-14 17:45:53,916] [    INFO][0m -     +==============================================================================+
    |                                                                              |
    |                         DistributedStrategy Overview                         |
    |                                                                              |
    +==============================================================================+
    |                        a_sync=True <-> a_sync_configs                        |
    +------------------------------------------------------------------------------+
    |                               k_steps                    -1                  |
    |                     max_merge_var_num                    1                   |
    |                       send_queue_size                    16                  |
    |               independent_recv_thread                  False                 |
    |         min_send_grad_num_before_recv                    1                   |
    |                      thread_pool_size                    1                   |
    |                       send_wait_times                    1                   |
    |               runtime_split_send_recv                  False                 |
    |                        launch_barrier                   True                 |
    |             heter_worker_device_guard                   cpu                  |
    |                        lr_decay_steps                    10                  |
    |                            use_ps_gpu                    0                   |
    |                         use_gpu_graph                    0                   |
    +==============================================================================+
    |                    Environment Flags, Communication Flags                    |
    +------------------------------------------------------------------------------+
    |                                  mode                    1                   |
    |                               elastic                  False                 |
    |                                  auto                  False                 |
    |                   sync_nccl_allreduce                   True                 |
    |                         nccl_comm_num                    1                   |
    |            use_hierarchical_allreduce                  False                 |
    |   hierarchical_allreduce_inter_nranks                    1                   |
    |                       sync_batch_norm                  False                 |
    |                   fuse_all_reduce_ops                   True                 |
    |                  fuse_grad_size_in_MB                    32                  |
    |              fuse_grad_size_in_TFLOPS                   50.0                 |
    |               cudnn_exhaustive_search                  False                 |
    |             conv_workspace_size_limit                   512                  |
    |    cudnn_batchnorm_spatial_persistent                  False                 |
    |                        fp16_allreduce                  False                 |
    |               last_comm_group_size_MB                   1.0                  |
    |                find_unused_parameters                  False                 |
    |            without_graph_optimization                   True                 |
    |                 fuse_grad_size_in_num                    8                   |
    |                 calc_comm_same_stream                  False                 |
    |                                   asp                  False                 |
    |                       fuse_grad_merge                  False                 |
    |                             semi_auto                  False                 |
    |                            adam_d2sum                  False                 |
    |                           auto_search                  False                 |
    |                        heter_ccl_mode                  False                 |
    |                         is_fl_ps_mode                  False                 |
    |                      with_coordinator                  False                 |
    |                            split_data                   True                 |
    |                  downpour_table_param                    []                  |
    |                       fs_client_param                                        |
    +==============================================================================+
    |                                Build Strategy                                |
    +------------------------------------------------------------------------------+
    |              fuse_elewise_add_act_ops                  False                 |
    |                       fuse_bn_act_ops                  False                 |
    |              fuse_relu_depthwise_conv                  False                 |
    |                    fuse_broadcast_ops                  False                 |
    |                fuse_all_optimizer_ops                  False                 |
    |                        enable_inplace                  False                 |
    |     enable_backward_optimizer_op_deps                   True                 |
    |                 cache_runtime_context                  False                 |
    |                   fuse_bn_add_act_ops                   True                 |
    |                    enable_auto_fusion                  False                 |
    |                          enable_addto                  False                 |
    |              allow_cuda_graph_capture                  False                 |
    |                       reduce_strategy                    0                   |
    |                    fuse_gemm_epilogue                  False                 |
    |                   debug_graphviz_path                                        |
    |                       fused_attention                  False                 |
    |                     fused_feedforward                  False                 |
    |            fuse_dot_product_attention                  False                 |
    |                          fuse_resunit                  False                 |
    +==============================================================================+
[0m
[32m[2026-05-14 17:45:53,916] [    INFO][0m - The default value for the training argument `--report_to` will change in v5 (from all installed integrations to none). In v5, you will need to use `--report_to all` to get the same behavior as now. You should start updating your code and make this info disappear :-).[0m
[32m[2026-05-14 17:45:53,916] [    INFO][0m - Auto set hybrid_parallel_expert_grad_scale = 2.0[0m
[32m[2026-05-14 17:45:53,916] [    INFO][0m - reset finetuning arguments global_batch_size to 4[0m
[32m[2026-05-14 17:45:53,916] [    INFO][0m - fixing pp configs: {'micro_batch_size': 1, 'accumulate_steps': 4, 'schedule_mode': '1F1B', 'p2p_cache_shape': True, 'enable_partial_send_recv': True}[0m
[35m[2026-05-14 17:45:53,948] [   DEBUG][0m - ============================================================[0m
[35m[2026-05-14 17:45:53,948] [   DEBUG][0m -      Model Configuration Arguments      [0m
[35m[2026-05-14 17:45:53,948] [   DEBUG][0m - paddle commit id              : ba3477ae69a2c015cb9569eb044381795da89389[0m
[35m[2026-05-14 17:45:54,092] [   DEBUG][0m - paddleformers commit id       : 8139352127d4c61ed5c5f61f64c079097505cb0f.dirty[0m
[35m[2026-05-14 17:45:54,092] [   DEBUG][0m - _attn_implementation          : eager[0m
[35m[2026-05-14 17:45:54,092] [   DEBUG][0m - bos_token_id                  : 0[0m
[35m[2026-05-14 17:45:54,092] [   DEBUG][0m - continue_training             : False[0m
[35m[2026-05-14 17:45:54,092] [   DEBUG][0m - copy_custom_file_list         : [0m
[35m[2026-05-14 17:45:54,092] [   DEBUG][0m - download_hub                  : None[0m
[35m[2026-05-14 17:45:54,092] [   DEBUG][0m - eos_token_id                  : 1[0m
[35m[2026-05-14 17:45:54,093] [   DEBUG][0m - ernie_model_config            : ErniePretrainArgument(use_quant_before_a2a=False, use_async_a2a=False, use_rms_qkv_recompute=False, moe_logging=False, use_recompute=False, num_nextn_predict_layers=0, use_fp8_mlp=False, num_hidden_layers=2, num_empty_layers_add_in_tail=0, use_fp8_fuse_node=False, use_ep_comm_overlap=False, fp8_mem_configs=FP8MemConfigs(shared_expert=False, recompute_fwd_gate_up=False, dequant_input=False, offline_quant_expert_weight=False, clear_origin_weight_when_offline_quant=False), fp8_fused_ops_configs=FP8FusedOpsConfigs(stack_quant=False, swiglu_probs_bwd=False, split_group_gemm=True, spaq=True, transpose_split_quant=True), use_combine_before_a2a=False, moe_num_experts=0, moe_k=2, moe_use_aux_free=False, moe_gate='top2_fused', transpose_split_quant=False)[0m
[35m[2026-05-14 17:45:54,093] [   DEBUG][0m - fine_tuning                   : full[0m
[35m[2026-05-14 17:45:54,093] [   DEBUG][0m - fuse_gate_detach_matmul       : True[0m
[35m[2026-05-14 17:45:54,093] [   DEBUG][0m - fuse_softmax_mask             : False[0m
[35m[2026-05-14 17:45:54,093] [   DEBUG][0m - lora                          : False[0m
[35m[2026-05-14 17:45:54,093] [   DEBUG][0m - lora_alpha                    : -1[0m
[35m[2026-05-14 17:45:54,093] [   DEBUG][0m - lora_path                     : None[0m
[35m[2026-05-14 17:45:54,093] [   DEBUG][0m - lora_plus_scale               : 1.0[0m
[35m[2026-05-14 17:45:54,093] [   DEBUG][0m - lora_rank                     : 8[0m
[35m[2026-05-14 17:45:54,093] [   DEBUG][0m - loss_subbatch_seqlen          : 32768[0m
[35m[2026-05-14 17:45:54,093] [   DEBUG][0m - max_position_embeddings       : 4096[0m
[35m[2026-05-14 17:45:54,093] [   DEBUG][0m - model_name_or_path            : ./models/Llama-3-8b[0m
[35m[2026-05-14 17:45:54,093] [   DEBUG][0m - model_with_dpo_criterion      : False[0m
[35m[2026-05-14 17:45:54,094] [   DEBUG][0m - moe_gate                      : top2_fused[0m
[35m[2026-05-14 17:45:54,094] [   DEBUG][0m - moe_group                     : dummy[0m
[35m[2026-05-14 17:45:54,094] [   DEBUG][0m - moe_group_experts             : False[0m
[35m[2026-05-14 17:45:54,094] [   DEBUG][0m - moe_multimodal_dispatch_use_allgather: v2-alltoall-unpad[0m
[35m[2026-05-14 17:45:54,094] [   DEBUG][0m - moe_orthogonal_loss_lambda    : 0.0[0m
[35m[2026-05-14 17:45:54,094] [   DEBUG][0m - moe_use_aux_free              : None[0m
[35m[2026-05-14 17:45:54,094] [   DEBUG][0m - moe_use_hard_gate             : False[0m
[35m[2026-05-14 17:45:54,094] [   DEBUG][0m - neftune                       : False[0m
[35m[2026-05-14 17:45:54,094] [   DEBUG][0m - neftune_noise_alpha           : 5.0[0m
[35m[2026-05-14 17:45:54,094] [   DEBUG][0m - pp_seg_method                 : layer:DecoderLayer|EmptyLayer[0m
[35m[2026-05-14 17:45:54,094] [   DEBUG][0m - rope_3d                       : True[0m
[35m[2026-05-14 17:45:54,094] [   DEBUG][0m - rslora                        : False[0m
[35m[2026-05-14 17:45:54,094] [   DEBUG][0m - rslora_plus                   : False[0m
[35m[2026-05-14 17:45:54,095] [   DEBUG][0m - stage                         : PT[0m
[35m[2026-05-14 17:45:54,095] [   DEBUG][0m - tokenizer_name_or_path        : None[0m
[35m[2026-05-14 17:45:54,095] [   DEBUG][0m - use_attn_mask_startend_row_indices: True[0m
[35m[2026-05-14 17:45:54,095] [   DEBUG][0m - use_fast_layer_norm           : False[0m
[35m[2026-05-14 17:45:54,095] [   DEBUG][0m - use_global_causal_attn        : False[0m
[35m[2026-05-14 17:45:54,095] [   DEBUG][0m - use_mem_eff_attn              : True[0m
[35m[2026-05-14 17:45:54,095] [   DEBUG][0m - use_sparse_flash_attn         : True[0m
[35m[2026-05-14 17:45:54,095] [   DEBUG][0m - vision_config                 : VisionArguments(attn_implementation='eager', attn_sep=True, depth=32, embed_dim=1280, hidden_act='quick_gelu', hidden_size=1280, in_channels=3, mlp_ratio=4, model_type='DFNRope_vision_transformer', num_heads=16, patch_size=14, spatial_merge_size=2, tensor_model_parallel_size=4, vit_num_recompute_layers=10000)[0m
[35m[2026-05-14 17:45:54,095] [   DEBUG][0m - [0m
[35m[2026-05-14 17:45:54,095] [   DEBUG][0m - ============================================================[0m
[35m[2026-05-14 17:45:54,095] [   DEBUG][0m -       Data Configuration Arguments      [0m
[35m[2026-05-14 17:45:54,095] [   DEBUG][0m - paddle commit id              : ba3477ae69a2c015cb9569eb044381795da89389[0m
[35m[2026-05-14 17:45:54,095] [   DEBUG][0m - paddleformers commit id       : 8139352127d4c61ed5c5f61f64c079097505cb0f.dirty[0m
[35m[2026-05-14 17:45:54,096] [   DEBUG][0m - binpacking                    : True[0m
[35m[2026-05-14 17:45:54,096] [   DEBUG][0m - buffer_size                   : 500[0m
[35m[2026-05-14 17:45:54,096] [   DEBUG][0m - custom_register_path          : None[0m
[35m[2026-05-14 17:45:54,096] [   DEBUG][0m - data_cache                    : None[0m
[35m[2026-05-14 17:45:54,096] [   DEBUG][0m - data_impl                     : mmap[0m
[35m[2026-05-14 17:45:54,096] [   DEBUG][0m - dataset_output_dir            : ./dataset_output[0m
[35m[2026-05-14 17:45:54,096] [   DEBUG][0m - dataset_type                  : pretrain[0m
[35m[2026-05-14 17:45:54,096] [   DEBUG][0m - encode_one_turn               : True[0m
[35m[2026-05-14 17:45:54,096] [   DEBUG][0m - eval_dataset_path             : examples/data/sft-eval.jsonl[0m
[35m[2026-05-14 17:45:54,096] [   DEBUG][0m - eval_dataset_prob             : 1.0[0m
[35m[2026-05-14 17:45:54,096] [   DEBUG][0m - eval_dataset_type             : erniekit[0m
[35m[2026-05-14 17:45:54,096] [   DEBUG][0m - eval_with_do_generation       : False[0m
[35m[2026-05-14 17:45:54,096] [   DEBUG][0m - greedy_intokens               : True[0m
[35m[2026-05-14 17:45:54,097] [   DEBUG][0m - input_dir                     : 1.0 ./data/pt/llama_openwebtext_100k[0m
[35m[2026-05-14 17:45:54,097] [   DEBUG][0m - make_offline_data             : False[0m
[35m[2026-05-14 17:45:54,097] [   DEBUG][0m - max_prompt_len                : 2048[0m
[35m[2026-05-14 17:45:54,097] [   DEBUG][0m - max_seq_len                   : 4096[0m
[35m[2026-05-14 17:45:54,097] [   DEBUG][0m - mix_strategy                  : concat[0m
[35m[2026-05-14 17:45:54,097] [   DEBUG][0m - new_special_tokens_path       : None[0m
[35m[2026-05-14 17:45:54,097] [   DEBUG][0m - num_samples_each_epoch        : 6000000[0m
[35m[2026-05-14 17:45:54,097] [   DEBUG][0m - packed_idx_cache_dir          : None[0m
[35m[2026-05-14 17:45:54,097] [   DEBUG][0m - packing                       : False[0m
[35m[2026-05-14 17:45:54,097] [   DEBUG][0m - packing_interval              : 1000[0m
[35m[2026-05-14 17:45:54,097] [   DEBUG][0m - padding_free                  : False[0m
[35m[2026-05-14 17:45:54,097] [   DEBUG][0m - processor_use_fast            : None[0m
[35m[2026-05-14 17:45:54,097] [   DEBUG][0m - random_shuffle                : True[0m
[35m[2026-05-14 17:45:54,097] [   DEBUG][0m - share_folder                  : False[0m
[35m[2026-05-14 17:45:54,098] [   DEBUG][0m - skip_warmup                   : True[0m
[35m[2026-05-14 17:45:54,098] [   DEBUG][0m - split                         : 990,10,0[0m
[35m[2026-05-14 17:45:54,098] [   DEBUG][0m - split_multi_turn              : False[0m
[35m[2026-05-14 17:45:54,098] [   DEBUG][0m - template                      : None[0m
[35m[2026-05-14 17:45:54,098] [   DEBUG][0m - template_backend              : custom[0m
[35m[2026-05-14 17:45:54,098] [   DEBUG][0m - train_dataset_path            : None[0m
[35m[2026-05-14 17:45:54,098] [   DEBUG][0m - train_dataset_prob            : None[0m
[35m[2026-05-14 17:45:54,098] [   DEBUG][0m - train_dataset_type            : None[0m
[35m[2026-05-14 17:45:54,098] [   DEBUG][0m - truncate_packing              : True[0m
[35m[2026-05-14 17:45:54,098] [   DEBUG][0m - truncation_strategy           : delete[0m
[35m[2026-05-14 17:45:54,098] [   DEBUG][0m - use_template                  : True[0m
[35m[2026-05-14 17:45:54,098] [   DEBUG][0m - warmup_only_rank0             : False[0m
[35m[2026-05-14 17:45:54,098] [   DEBUG][0m - [0m
[35m[2026-05-14 17:45:54,098] [   DEBUG][0m - ============================================================[0m
[35m[2026-05-14 17:45:54,099] [   DEBUG][0m -      Train Configuration Arguments      [0m
[35m[2026-05-14 17:45:54,099] [   DEBUG][0m - paddle commit id              : ba3477ae69a2c015cb9569eb044381795da89389[0m
[35m[2026-05-14 17:45:54,099] [   DEBUG][0m - paddleformers commit id       : 8139352127d4c61ed5c5f61f64c079097505cb0f.dirty[0m
[35m[2026-05-14 17:45:54,099] [   DEBUG][0m - _no_sync_in_gradient_accumulation: True[0m
[35m[2026-05-14 17:45:54,099] [   DEBUG][0m - adam_beta1                    : 0.9[0m
[35m[2026-05-14 17:45:54,099] [   DEBUG][0m - adam_beta2                    : 0.999[0m
[35m[2026-05-14 17:45:54,099] [   DEBUG][0m - adam_epsilon                  : 1e-08[0m
[35m[2026-05-14 17:45:54,099] [   DEBUG][0m - amp_custom_black_list         : ['reduce_sum', 'softmax_with_cross_entropy', 'c_softmax_with_cross_entropy', 'elementwise_div', 'sin', 'cos'][0m
[35m[2026-05-14 17:45:54,099] [   DEBUG][0m - amp_custom_white_list         : ['lookup_table', 'lookup_table_v2', 'flash_attn', 'matmul', 'matmul_v2', 'fused_gemm_epilogue'][0m
[35m[2026-05-14 17:45:54,099] [   DEBUG][0m - amp_master_grad               : True[0m
[35m[2026-05-14 17:45:54,100] [   DEBUG][0m - aoa_config                    : None[0m
[35m[2026-05-14 17:45:54,100] [   DEBUG][0m - apply_rope_fusion             : False[0m
[35m[2026-05-14 17:45:54,100] [   DEBUG][0m - attention_probs_dropout_prob  : 0.0[0m
[35m[2026-05-14 17:45:54,100] [   DEBUG][0m - auto_parallel_resume_form_hybrid_parallel: False[0m
[35m[2026-05-14 17:45:54,100] [   DEBUG][0m - auto_parallel_sync_shared_params: False[0m
[35m[2026-05-14 17:45:54,100] [   DEBUG][0m - autotuner_benchmark           : False[0m
[35m[2026-05-14 17:45:54,100] [   DEBUG][0m - balanced_image_preprocess     : False[0m
[35m[2026-05-14 17:45:54,100] [   DEBUG][0m - batch_p2p_comm                : True[0m
[35m[2026-05-14 17:45:54,100] [   DEBUG][0m - benchmark                     : False[0m
[35m[2026-05-14 17:45:54,100] [   DEBUG][0m - best_unbalanced_scheduler     : False[0m
[35m[2026-05-14 17:45:54,100] [   DEBUG][0m - beta                          : 0.1[0m
[35m[2026-05-14 17:45:54,100] [   DEBUG][0m - bf16                          : True[0m
[35m[2026-05-14 17:45:54,100] [   DEBUG][0m - bf16_full_eval                : False[0m
[35m[2026-05-14 17:45:54,101] [   DEBUG][0m - ckpt_quant_stage              : O0[0m
[35m[2026-05-14 17:45:54,101] [   DEBUG][0m - clear_every_step_cache        : False[0m
[35m[2026-05-14 17:45:54,101] [   DEBUG][0m - compute_type                  : bf16[0m
[35m[2026-05-14 17:45:54,101] [   DEBUG][0m - context_parallel_rank         : 0[0m
[35m[2026-05-14 17:45:54,101] [   DEBUG][0m - context_parallel_size         : 1[0m
[35m[2026-05-14 17:45:54,101] [   DEBUG][0m - convert_from_hf               : True[0m
[35m[2026-05-14 17:45:54,101] [   DEBUG][0m - copy_custom_file_list         : [0m
[35m[2026-05-14 17:45:54,101] [   DEBUG][0m - count_trained_tokens          : False[0m
[35m[2026-05-14 17:45:54,101] [   DEBUG][0m - cp_comm_type                  : None[0m
[35m[2026-05-14 17:45:54,101] [   DEBUG][0m - cp_sharding_degree            : 1[0m
[35m[2026-05-14 17:45:54,101] [   DEBUG][0m - cp_sharding_rank              : 0[0m
[35m[2026-05-14 17:45:54,101] [   DEBUG][0m - current_device                : gpu:0[0m
[35m[2026-05-14 17:45:54,101] [   DEBUG][0m - data_parallel_config          : [0m
[35m[2026-05-14 17:45:54,102] [   DEBUG][0m - data_parallel_rank            : 0[0m
[35m[2026-05-14 17:45:54,102] [   DEBUG][0m - data_parallel_size            : 1[0m
[35m[2026-05-14 17:45:54,102] [   DEBUG][0m - dataloader_drop_last          : False[0m
[35m[2026-05-14 17:45:54,102] [   DEBUG][0m - dataloader_num_workers        : 0[0m
[35m[2026-05-14 17:45:54,102] [   DEBUG][0m - dataloader_shuffle            : True[0m
[35m[2026-05-14 17:45:54,102] [   DEBUG][0m - dataset_batch_size            : 1000[0m
[35m[2026-05-14 17:45:54,102] [   DEBUG][0m - dataset_kwargs                : None[0m
[35m[2026-05-14 17:45:54,102] [   DEBUG][0m - dataset_num_proc              : None[0m
[35m[2026-05-14 17:45:54,102] [   DEBUG][0m - dataset_rank                  : 0[0m
[35m[2026-05-14 17:45:54,102] [   DEBUG][0m - dataset_text_field            : text[0m
[35m[2026-05-14 17:45:54,102] [   DEBUG][0m - dataset_world_size            : 1[0m
[35m[2026-05-14 17:45:54,102] [   DEBUG][0m - ddp_find_unused_parameters    : None[0m
[35m[2026-05-14 17:45:54,102] [   DEBUG][0m - decay_function                : half_life[0m
[35m[2026-05-14 17:45:54,103] [   DEBUG][0m - decay_steps                   : None[0m
[35m[2026-05-14 17:45:54,103] [   DEBUG][0m - deterministic_mode            : False[0m
[35m[2026-05-14 17:45:54,103] [   DEBUG][0m - device                        : gpu[0m
[35m[2026-05-14 17:45:54,103] [   DEBUG][0m - disable_tqdm                  : False[0m
[35m[2026-05-14 17:45:54,103] [   DEBUG][0m - distributed_dataloader        : False[0m
[35m[2026-05-14 17:45:54,103] [   DEBUG][0m - do_eval                       : True[0m
[35m[2026-05-14 17:45:54,103] [   DEBUG][0m - do_export                     : False[0m
[35m[2026-05-14 17:45:54,103] [   DEBUG][0m - do_predict                    : False[0m
[35m[2026-05-14 17:45:54,103] [   DEBUG][0m - do_train                      : True[0m
[35m[2026-05-14 17:45:54,103] [   DEBUG][0m - download_hub                  : None[0m
[35m[2026-05-14 17:45:54,103] [   DEBUG][0m - dp_allreduce_avg_in_gradinent_scale: False[0m
[35m[2026-05-14 17:45:54,103] [   DEBUG][0m - dp_comm_overlap               : False[0m
[35m[2026-05-14 17:45:54,103] [   DEBUG][0m - dpop_lambda                   : 50[0m
[35m[2026-05-14 17:45:54,104] [   DEBUG][0m - embedding_init_method         : None[0m
[35m[2026-05-14 17:45:54,104] [   DEBUG][0m - embedding_init_method_std     : 0.02[0m
[35m[2026-05-14 17:45:54,104] [   DEBUG][0m - enable_auto_parallel          : False[0m
[35m[2026-05-14 17:45:54,104] [   DEBUG][0m - enable_linear_fused_grad_add  : False[0m
[35m[2026-05-14 17:45:54,104] [   DEBUG][0m - enable_mtp_magic_send         : False[0m
[35m[2026-05-14 17:45:54,104] [   DEBUG][0m - enable_sharding_comm_overlap  : False[0m
[35m[2026-05-14 17:45:54,104] [   DEBUG][0m - enable_zero_cost_checkpoint   : False[0m
[35m[2026-05-14 17:45:54,104] [   DEBUG][0m - estimation_output_file        : estimation_output.json[0m
[35m[2026-05-14 17:45:54,104] [   DEBUG][0m - eval_accumulation_steps       : None[0m
[35m[2026-05-14 17:45:54,104] [   DEBUG][0m - eval_batch_size               : 1[0m
[35m[2026-05-14 17:45:54,104] [   DEBUG][0m - eval_iters                    : 10[0m
[35m[2026-05-14 17:45:54,104] [   DEBUG][0m - eval_steps                    : 300[0m
[35m[2026-05-14 17:45:54,104] [   DEBUG][0m - evaluation_strategy           : IntervalStrategy.STEPS[0m
[35m[2026-05-14 17:45:54,105] [   DEBUG][0m - expert_model_parallel_size    : 1[0m
[35m[2026-05-14 17:45:54,105] [   DEBUG][0m - expert_parallel_rank          : 0[0m
[35m[2026-05-14 17:45:54,105] [   DEBUG][0m - expert_tensor_model_parallel_size: 1[0m
[35m[2026-05-14 17:45:54,105] [   DEBUG][0m - fa_version                    : 2[0m
[35m[2026-05-14 17:45:54,105] [   DEBUG][0m - factor                        : 20[0m
[35m[2026-05-14 17:45:54,105] [   DEBUG][0m - flash_device_save_steps       : 0[0m
[35m[2026-05-14 17:45:54,105] [   DEBUG][0m - flatten_param_grads           : False[0m
[35m[2026-05-14 17:45:54,105] [   DEBUG][0m - flex_ckpt_comm_method         : None[0m
[35m[2026-05-14 17:45:54,105] [   DEBUG][0m - force_reshard_pp              : False[0m
[35m[2026-05-14 17:45:54,105] [   DEBUG][0m - forward_backward_overlap_scheduler: False[0m
[35m[2026-05-14 17:45:54,105] [   DEBUG][0m - fp16                          : False[0m
[35m[2026-05-14 17:45:54,105] [   DEBUG][0m - fp16_full_eval                : False[0m
[35m[2026-05-14 17:45:54,105] [   DEBUG][0m - fp16_opt_level                : O1[0m
[35m[2026-05-14 17:45:54,105] [   DEBUG][0m - fp32_residual_connection      : True[0m
[35m[2026-05-14 17:45:54,106] [   DEBUG][0m - fp8                           : None[0m
[35m[2026-05-14 17:45:54,106] [   DEBUG][0m - fp8_wgrad                     : True[0m
[35m[2026-05-14 17:45:54,106] [   DEBUG][0m - freeze_config                 : [0m
[35m[2026-05-14 17:45:54,106] [   DEBUG][0m - freeze_training               : False[0m
[35m[2026-05-14 17:45:54,106] [   DEBUG][0m - fuse_optimizer_states         : False[0m
[35m[2026-05-14 17:45:54,106] [   DEBUG][0m - fuse_sequence_parallel_allreduce: False[0m
[35m[2026-05-14 17:45:54,106] [   DEBUG][0m - fuse_swiglu                   : False[0m
[35m[2026-05-14 17:45:54,106] [   DEBUG][0m - gated_linear_unit             : True[0m
[35m[2026-05-14 17:45:54,106] [   DEBUG][0m - gc_interval                   : 0[0m
[35m[2026-05-14 17:45:54,106] [   DEBUG][0m - global_batch_size             : 4[0m
[35m[2026-05-14 17:45:54,106] [   DEBUG][0m - global_logging_interval       : 1[0m
[35m[2026-05-14 17:45:54,106] [   DEBUG][0m - gradient_accumulation_steps   : 4[0m
[35m[2026-05-14 17:45:54,106] [   DEBUG][0m - gradient_sync_after_accumulate: False[0m
[35m[2026-05-14 17:45:54,107] [   DEBUG][0m - greater_is_better             : None[0m
[35m[2026-05-14 17:45:54,107] [   DEBUG][0m - hidden_dropout_prob           : 0.0[0m
[35m[2026-05-14 17:45:54,107] [   DEBUG][0m - hidden_size                   : None[0m
[35m[2026-05-14 17:45:54,107] [   DEBUG][0m - high_precision_rope           : False[0m
[35m[2026-05-14 17:45:54,107] [   DEBUG][0m - hybrid_parallel_expert_grad_scale: 2.0[0m
[35m[2026-05-14 17:45:54,107] [   DEBUG][0m - hybrid_parallel_topo_order    : sharding_first[0m
[35m[2026-05-14 17:45:54,107] [   DEBUG][0m - ignore_data_skip              : False[0m
[35m[2026-05-14 17:45:54,107] [   DEBUG][0m - ignore_eos_token              : False[0m
[35m[2026-05-14 17:45:54,107] [   DEBUG][0m - ignore_load_lr_and_optim      : False[0m
[35m[2026-05-14 17:45:54,107] [   DEBUG][0m - ignore_save_lr_and_optim      : False[0m
[35m[2026-05-14 17:45:54,107] [   DEBUG][0m - init_method                   : None[0m
[35m[2026-05-14 17:45:54,107] [   DEBUG][0m - intermediate_size             : None[0m
[35m[2026-05-14 17:45:54,107] [   DEBUG][0m - label_names                   : None[0m
[35m[2026-05-14 17:45:54,107] [   DEBUG][0m - label_smoothing               : 0.0[0m
[35m[2026-05-14 17:45:54,108] [   DEBUG][0m - lazy_data_processing          : True[0m
[35m[2026-05-14 17:45:54,108] [   DEBUG][0m - learning_rate                 : 0.0001[0m
[35m[2026-05-14 17:45:54,108] [   DEBUG][0m - load_best_model_at_end        : False[0m
[35m[2026-05-14 17:45:54,108] [   DEBUG][0m - load_checkpoint_format        : flex_checkpoint[0m
[35m[2026-05-14 17:45:54,108] [   DEBUG][0m - load_from_hf                  : False[0m
[35m[2026-05-14 17:45:54,108] [   DEBUG][0m - load_sharded_model            : False[0m
[35m[2026-05-14 17:45:54,108] [   DEBUG][0m - load_sharded_model_remap_parameter_name: False[0m
[35m[2026-05-14 17:45:54,108] [   DEBUG][0m - load_via_cpu                  : True[0m
[35m[2026-05-14 17:45:54,108] [   DEBUG][0m - local_process_index           : 0[0m
[35m[2026-05-14 17:45:54,108] [   DEBUG][0m - local_rank                    : 0[0m
[35m[2026-05-14 17:45:54,108] [   DEBUG][0m - log_global_grad_norm          : False[0m
[35m[2026-05-14 17:45:54,108] [   DEBUG][0m - log_level                     : -1[0m
[35m[2026-05-14 17:45:54,108] [   DEBUG][0m - log_level_replica             : -1[0m
[35m[2026-05-14 17:45:54,108] [   DEBUG][0m - log_on_each_node              : True[0m
[35m[2026-05-14 17:45:54,109] [   DEBUG][0m - logging_dir                   : ./logs/pt/llama3-8b[0m
[35m[2026-05-14 17:45:54,109] [   DEBUG][0m - logging_first_step            : False[0m
[35m[2026-05-14 17:45:54,109] [   DEBUG][0m - logging_steps                 : 1[0m
[35m[2026-05-14 17:45:54,109] [   DEBUG][0m - logging_strategy              : IntervalStrategy.STEPS[0m
[35m[2026-05-14 17:45:54,109] [   DEBUG][0m - logical_process_index         : 0[0m
[35m[2026-05-14 17:45:54,109] [   DEBUG][0m - loss_subbatch_sequence_length : -1[0m
[35m[2026-05-14 17:45:54,109] [   DEBUG][0m - loss_type                     : sigmoid[0m
[35m[2026-05-14 17:45:54,109] [   DEBUG][0m - lr_end                        : 1e-07[0m
[35m[2026-05-14 17:45:54,109] [   DEBUG][0m - lr_scheduler                  : cosine[0m
[35m[2026-05-14 17:45:54,109] [   DEBUG][0m - lr_scheduler_type             : SchedulerType.LINEAR[0m
[35m[2026-05-14 17:45:54,109] [   DEBUG][0m - max_estimate_samples          : 100000.0[0m
[35m[2026-05-14 17:45:54,109] [   DEBUG][0m - max_evaluate_steps            : -1[0m
[35m[2026-05-14 17:45:54,110] [   DEBUG][0m - max_grad_norm                 : 1.0[0m
[35m[2026-05-14 17:45:54,110] [   DEBUG][0m - max_gradient_accumulation_steps: 4[0m
[35m[2026-05-14 17:45:54,110] [   DEBUG][0m - max_seq_len                   : 4096[0m
[35m[2026-05-14 17:45:54,110] [   DEBUG][0m - max_steps                     : 300[0m
[35m[2026-05-14 17:45:54,110] [   DEBUG][0m - merge_with_qdq_base_model     : False[0m
[35m[2026-05-14 17:45:54,110] [   DEBUG][0m - metric_for_best_model         : None[0m
[35m[2026-05-14 17:45:54,110] [   DEBUG][0m - metrics_output_path           : None[0m
[35m[2026-05-14 17:45:54,110] [   DEBUG][0m - min_lr                        : 0.0[0m
[35m[2026-05-14 17:45:54,110] [   DEBUG][0m - minimum_eval_times            : None[0m
[35m[2026-05-14 17:45:54,110] [   DEBUG][0m - model_name_or_path            : ./models/Llama-3-8b[0m
[35m[2026-05-14 17:45:54,110] [   DEBUG][0m - moe_deep_gemm                 : False[0m
[35m[2026-05-14 17:45:54,110] [   DEBUG][0m - moe_deepep_num_sms            : None[0m
[35m[2026-05-14 17:45:54,110] [   DEBUG][0m - moe_dequant_input             : False[0m
[35m[2026-05-14 17:45:54,111] [   DEBUG][0m - moe_dropout_prob              : 0.0[0m
[35m[2026-05-14 17:45:54,111] [   DEBUG][0m - moe_ep_barrier                : True[0m
[35m[2026-05-14 17:45:54,111] [   DEBUG][0m - moe_expert_capacity_factor    : 0.0[0m
[35m[2026-05-14 17:45:54,111] [   DEBUG][0m - moe_expert_fusion             : True[0m
[35m[2026-05-14 17:45:54,111] [   DEBUG][0m - moe_gate_lr_ratio             : None[0m
[35m[2026-05-14 17:45:54,111] [   DEBUG][0m - moe_grouped_gemm              : False[0m
[35m[2026-05-14 17:45:54,111] [   DEBUG][0m - moe_pad_expert_input_to_capacity: False[0m
[35m[2026-05-14 17:45:54,111] [   DEBUG][0m - moe_router_bias_update_rate   : 0.0[0m
[35m[2026-05-14 17:45:54,111] [   DEBUG][0m - moe_router_force_load_balancing: False[0m
[35m[2026-05-14 17:45:54,111] [   DEBUG][0m - moe_router_fusion             : True[0m
[35m[2026-05-14 17:45:54,111] [   DEBUG][0m - moe_router_load_balancing_type: seq_aux_loss[0m
[35m[2026-05-14 17:45:54,111] [   DEBUG][0m - moe_sharding_parallel_rank    : 0[0m
[35m[2026-05-14 17:45:54,111] [   DEBUG][0m - moe_sharding_parallel_size    : 1[0m
[35m[2026-05-14 17:45:54,111] [   DEBUG][0m - moe_shared_expert_overlap     : True[0m
[35m[2026-05-14 17:45:54,112] [   DEBUG][0m - moe_subbatch_token_num_after_dispatch: None[0m
[35m[2026-05-14 17:45:54,112] [   DEBUG][0m - moe_subbatch_token_num_before_dispatch: 0[0m
[35m[2026-05-14 17:45:54,112] [   DEBUG][0m - moe_token_dispatcher_type     : deepep[0m
[35m[2026-05-14 17:45:54,112] [   DEBUG][0m - moe_token_drop_policy         : probs[0m
[35m[2026-05-14 17:45:54,112] [   DEBUG][0m - moe_use_fusion_node           : True[0m
[35m[2026-05-14 17:45:54,112] [   DEBUG][0m - moe_with_send_router_loss     : True[0m
[35m[2026-05-14 17:45:54,112] [   DEBUG][0m - mp_async_allreduce            : False[0m
[35m[2026-05-14 17:45:54,112] [   DEBUG][0m - mp_fused_linear_param_grad_add: False[0m
[35m[2026-05-14 17:45:54,112] [   DEBUG][0m - mp_skip_c_identity            : False[0m
[35m[2026-05-14 17:45:54,112] [   DEBUG][0m - mtp_distillation_loss         : False[0m
[35m[2026-05-14 17:45:54,112] [   DEBUG][0m - mtp_num_layers                : 0[0m
[35m[2026-05-14 17:45:54,112] [   DEBUG][0m - multi_latent_attention        : False[0m
[35m[2026-05-14 17:45:54,112] [   DEBUG][0m - muon_exclude_patterns         : ['embed', 'bias', 'lm_head', 'mlp.gate'][0m
[35m[2026-05-14 17:45:54,113] [   DEBUG][0m - muon_extra_scale_factor       : 0.2[0m
[35m[2026-05-14 17:45:54,113] [   DEBUG][0m - muon_ffn_split                : True[0m
[35m[2026-05-14 17:45:54,113] [   DEBUG][0m - muon_momentum                 : 0.95[0m
[35m[2026-05-14 17:45:54,113] [   DEBUG][0m - muon_ns_coeff_type            : quintic[0m
[35m[2026-05-14 17:45:54,113] [   DEBUG][0m - muon_ns_steps                 : 5[0m
[35m[2026-05-14 17:45:54,113] [   DEBUG][0m - muon_qkv_update_mode          : split_head[0m
[35m[2026-05-14 17:45:54,113] [   DEBUG][0m - muon_version                  : 3[0m
[35m[2026-05-14 17:45:54,113] [   DEBUG][0m - n_routed_experts              : None[0m
[35m[2026-05-14 17:45:54,113] [   DEBUG][0m - nccl_comm_group_config        : None[0m
[35m[2026-05-14 17:45:54,113] [   DEBUG][0m - need_data                     : True[0m
[35m[2026-05-14 17:45:54,113] [   DEBUG][0m - no_cuda                       : False[0m
[35m[2026-05-14 17:45:54,113] [   DEBUG][0m - no_recompute_layers           : None[0m
[35m[2026-05-14 17:45:54,113] [   DEBUG][0m - no_rope_freq                  : False[0m
[35m[2026-05-14 17:45:54,113] [   DEBUG][0m - non_batch_p2p_comm            : False[0m
[35m[2026-05-14 17:45:54,114] [   DEBUG][0m - normalization                 : RMSNorm[0m
[35m[2026-05-14 17:45:54,114] [   DEBUG][0m - normalize_logps               : False[0m
[35m[2026-05-14 17:45:54,114] [   DEBUG][0m - num_attention_heads           : None[0m
[35m[2026-05-14 17:45:54,114] [   DEBUG][0m - num_consecutive               : 1[0m
[35m[2026-05-14 17:45:54,114] [   DEBUG][0m - num_cycles                    : 0.5[0m
[35m[2026-05-14 17:45:54,114] [   DEBUG][0m - num_empty_layers_add_in_head  : 0[0m
[35m[2026-05-14 17:45:54,114] [   DEBUG][0m - num_empty_layers_add_in_tail  : 0[0m
[35m[2026-05-14 17:45:54,114] [   DEBUG][0m - num_experts_per_tok           : None[0m
[35m[2026-05-14 17:45:54,114] [   DEBUG][0m - num_hidden_layers             : None[0m
[35m[2026-05-14 17:45:54,114] [   DEBUG][0m - num_key_value_heads           : None[0m
[35m[2026-05-14 17:45:54,114] [   DEBUG][0m - num_nextn_predict_layers      : 0[0m
[35m[2026-05-14 17:45:54,114] [   DEBUG][0m - num_of_gpus                   : -1[0m
[35m[2026-05-14 17:45:54,114] [   DEBUG][0m - num_train_epochs              : 1.0[0m
[35m[2026-05-14 17:45:54,115] [   DEBUG][0m - offload_fp8_expert_master_weight: True[0m
[35m[2026-05-14 17:45:54,115] [   DEBUG][0m - offload_queue                 : False[0m
[35m[2026-05-14 17:45:54,115] [   DEBUG][0m - offset_alpha                  : 0.0[0m
[35m[2026-05-14 17:45:54,115] [   DEBUG][0m - online_merge_ema              : True[0m
[35m[2026-05-14 17:45:54,115] [   DEBUG][0m - optim                         : OptimizerNames.ADAMW[0m
[35m[2026-05-14 17:45:54,115] [   DEBUG][0m - optim_shard_num               : 1[0m
[35m[2026-05-14 17:45:54,115] [   DEBUG][0m - optimizer_name_suffix         : tp00_pp00[0m
[35m[2026-05-14 17:45:54,115] [   DEBUG][0m - ordered_save_group_size       : 0[0m
[35m[2026-05-14 17:45:54,115] [   DEBUG][0m - output_dir                    : ./checkpoints/pt/llama3-8b[0m
[35m[2026-05-14 17:45:54,115] [   DEBUG][0m - output_layer_init_method      : None[0m
[35m[2026-05-14 17:45:54,115] [   DEBUG][0m - output_signal_dir             : ./checkpoints/pt/llama3-8b[0m
[35m[2026-05-14 17:45:54,115] [   DEBUG][0m - overlap                       : False[0m
[35m[2026-05-14 17:45:54,115] [   DEBUG][0m - overlap_p2p_comm              : False[0m
[35m[2026-05-14 17:45:54,116] [   DEBUG][0m - overwrite_output_dir          : True[0m
[35m[2026-05-14 17:45:54,116] [   DEBUG][0m - p2p_cache_shape               : True[0m
[35m[2026-05-14 17:45:54,116] [   DEBUG][0m - pad_token_id                  : 0[0m
[35m[2026-05-14 17:45:54,116] [   DEBUG][0m - partial_send_recv             : True[0m
[35m[2026-05-14 17:45:54,116] [   DEBUG][0m - past_index                    : -1[0m
[35m[2026-05-14 17:45:54,116] [   DEBUG][0m - pdc_download_ckpt             : False[0m
[35m[2026-05-14 17:45:54,116] [   DEBUG][0m - pdc_download_timeout          : 300[0m
[35m[2026-05-14 17:45:54,116] [   DEBUG][0m - per_device_eval_batch_size    : 1[0m
[35m[2026-05-14 17:45:54,116] [   DEBUG][0m - per_device_train_batch_size   : 1[0m
[35m[2026-05-14 17:45:54,116] [   DEBUG][0m - pipeline_model_parallel_size  : 2[0m
[35m[2026-05-14 17:45:54,116] [   DEBUG][0m - pipeline_parallel_config      : [0m
[35m[2026-05-14 17:45:54,116] [   DEBUG][0m - pipeline_parallel_rank        : 0[0m
[35m[2026-05-14 17:45:54,116] [   DEBUG][0m - position_embedding_type       : rope[0m
[35m[2026-05-14 17:45:54,117] [   DEBUG][0m - power                         : 1.0[0m
[35m[2026-05-14 17:45:54,117] [   DEBUG][0m - pp_delay_scale_loss           : True[0m
[35m[2026-05-14 17:45:54,117] [   DEBUG][0m - pp_need_data                  : False[0m
[35m[2026-05-14 17:45:54,117] [   DEBUG][0m - pp_need_data_degree           : 0[0m
[35m[2026-05-14 17:45:54,117] [   DEBUG][0m - pp_release_grads              : False[0m
[35m[2026-05-14 17:45:54,117] [   DEBUG][0m - pp_sharding_comm_overlap      : False[0m
[35m[2026-05-14 17:45:54,117] [   DEBUG][0m - pp_sync_moment                : False[0m
[35m[2026-05-14 17:45:54,117] [   DEBUG][0m - pp_sync_param                 : False[0m
[35m[2026-05-14 17:45:54,117] [   DEBUG][0m - pre_alloc_memory              : 0[0m
[35m[2026-05-14 17:45:54,117] [   DEBUG][0m - prediction_loss_only          : False[0m
[35m[2026-05-14 17:45:54,117] [   DEBUG][0m - pref_loss_ratio               : 1.0[0m
[35m[2026-05-14 17:45:54,117] [   DEBUG][0m - prefetch_factor               : 2[0m
[35m[2026-05-14 17:45:54,117] [   DEBUG][0m - process_index                 : 0[0m
[35m[2026-05-14 17:45:54,117] [   DEBUG][0m - profile                       : False[0m
[35m[2026-05-14 17:45:54,118] [   DEBUG][0m - profile_step_end              : 12[0m
[35m[2026-05-14 17:45:54,118] [   DEBUG][0m - profile_step_start            : 10[0m
[35m[2026-05-14 17:45:54,118] [   DEBUG][0m - recompute_granularity         : full[0m
[35m[2026-05-14 17:45:54,118] [   DEBUG][0m - recompute_method              : uniform[0m
[35m[2026-05-14 17:45:54,118] [   DEBUG][0m - recompute_modules             : None[0m
[35m[2026-05-14 17:45:54,118] [   DEBUG][0m - recompute_mtp_granularity     : None[0m
[35m[2026-05-14 17:45:54,118] [   DEBUG][0m - recompute_mtp_method          : None[0m
[35m[2026-05-14 17:45:54,118] [   DEBUG][0m - recompute_mtp_modules         : None[0m
[35m[2026-05-14 17:45:54,118] [   DEBUG][0m - recompute_num_layers          : 1[0m
[35m[2026-05-14 17:45:54,118] [   DEBUG][0m - recompute_use_reentrant       : True[0m
[35m[2026-05-14 17:45:54,118] [   DEBUG][0m - reeao_dataset_rank            : 0[0m
[35m[2026-05-14 17:45:54,118] [   DEBUG][0m - reeao_dataset_world_size      : 1[0m
[35m[2026-05-14 17:45:54,118] [   DEBUG][0m - ref_model_update_steps        : -1[0m
[35m[2026-05-14 17:45:54,119] [   DEBUG][0m - reference_free                : False[0m
[35m[2026-05-14 17:45:54,119] [   DEBUG][0m - release_grads                 : False[0m
[35m[2026-05-14 17:45:54,119] [   DEBUG][0m - remove_unused_columns         : True[0m
[35m[2026-05-14 17:45:54,119] [   DEBUG][0m - reorder_pipeline_priority     : False[0m
[35m[2026-05-14 17:45:54,119] [   DEBUG][0m - replace_with_c_embedding      : False[0m
[35m[2026-05-14 17:45:54,119] [   DEBUG][0m - replace_with_parallel_cross_entropy: False[0m
[35m[2026-05-14 17:45:54,119] [   DEBUG][0m - replicate_saved_into_local    : False[0m
[35m[2026-05-14 17:45:54,119] [   DEBUG][0m - report_to                     : ['visualdl'][0m
[35m[2026-05-14 17:45:54,119] [   DEBUG][0m - resume_from_checkpoint        : None[0m
[35m[2026-05-14 17:45:54,119] [   DEBUG][0m - resume_from_huggingface_ckpt  : None[0m
[35m[2026-05-14 17:45:54,119] [   DEBUG][0m - router_aux_loss_coef          : 0.0[0m
[35m[2026-05-14 17:45:54,119] [   DEBUG][0m - router_z_loss_coef            : None[0m
[35m[2026-05-14 17:45:54,119] [   DEBUG][0m - run_name                      : ./checkpoints/pt/llama3-8b[0m
[35m[2026-05-14 17:45:54,120] [   DEBUG][0m - same_data                     : None[0m
[35m[2026-05-14 17:45:54,120] [   DEBUG][0m - save_checkpoint_format        : flex_checkpoint[0m
[35m[2026-05-14 17:45:54,120] [   DEBUG][0m - save_hf_memory_growth_threshold: 8[0m
[35m[2026-05-14 17:45:54,120] [   DEBUG][0m - save_hf_steps                 : -1[0m
[35m[2026-05-14 17:45:54,120] [   DEBUG][0m - save_hf_total_limit           : None[0m
[35m[2026-05-14 17:45:54,120] [   DEBUG][0m - save_last_step                : False[0m
[35m[2026-05-14 17:45:54,120] [   DEBUG][0m - save_on_each_node             : False[0m
[35m[2026-05-14 17:45:54,120] [   DEBUG][0m - save_rng_states               : True[0m
[35m[2026-05-14 17:45:54,120] [   DEBUG][0m - save_sharded_model            : False[0m
[35m[2026-05-14 17:45:54,120] [   DEBUG][0m - save_sharding_stage1_model_include_freeze_params: False[0m
[35m[2026-05-14 17:45:54,120] [   DEBUG][0m - save_steps                    : 300[0m
[35m[2026-05-14 17:45:54,120] [   DEBUG][0m - save_strategy                 : IntervalStrategy.NO[0m
[35m[2026-05-14 17:45:54,120] [   DEBUG][0m - save_to_hf                    : True[0m
[35m[2026-05-14 17:45:54,121] [   DEBUG][0m - save_tokenizer                : True[0m
[35m[2026-05-14 17:45:54,121] [   DEBUG][0m - save_total_limit              : None[0m
[35m[2026-05-14 17:45:54,121] [   DEBUG][0m - scale_loss                    : 32768[0m
[35m[2026-05-14 17:45:54,121] [   DEBUG][0m - sd_release_grads              : False[0m
[35m[2026-05-14 17:45:54,121] [   DEBUG][0m - sd_sharding_comm_overlap      : False[0m
[35m[2026-05-14 17:45:54,121] [   DEBUG][0m - sd_shardingv1_comm_overlap    : False[0m
[35m[2026-05-14 17:45:54,121] [   DEBUG][0m - seed                          : 23[0m
[35m[2026-05-14 17:45:54,121] [   DEBUG][0m - send_recv_overlap             : False[0m
[35m[2026-05-14 17:45:54,121] [   DEBUG][0m - sep_parallel_size             : 1[0m
[35m[2026-05-14 17:45:54,121] [   DEBUG][0m - sequence_parallel             : False[0m
[35m[2026-05-14 17:45:54,121] [   DEBUG][0m - sequence_parallel_config      : [0m
[35m[2026-05-14 17:45:54,121] [   DEBUG][0m - sft_loss_ratio                : 0.0[0m
[35m[2026-05-14 17:45:54,121] [   DEBUG][0m - sharded_model_from_ema        : False[0m
[35m[2026-05-14 17:45:54,121] [   DEBUG][0m - sharding                      : [][0m
[35m[2026-05-14 17:45:54,122] [   DEBUG][0m - sharding_comm_buffer_size_MB  : -1[0m
[35m[2026-05-14 17:45:54,122] [   DEBUG][0m - sharding_degree               : -1[0m
[35m[2026-05-14 17:45:54,122] [   DEBUG][0m - sharding_offload_opt_buffersize_GB: -1[0m
[35m[2026-05-14 17:45:54,122] [   DEBUG][0m - sharding_parallel_config      : [0m
[35m[2026-05-14 17:45:54,122] [   DEBUG][0m - sharding_parallel_mesh_dimension: dp[0m
[35m[2026-05-14 17:45:54,122] [   DEBUG][0m - sharding_parallel_rank        : 0[0m
[35m[2026-05-14 17:45:54,122] [   DEBUG][0m - sharding_parallel_size        : 1[0m
[35m[2026-05-14 17:45:54,122] [   DEBUG][0m - should_load_dataset           : True[0m
[35m[2026-05-14 17:45:54,122] [   DEBUG][0m - should_load_sharding_stage1_model: False[0m
[35m[2026-05-14 17:45:54,122] [   DEBUG][0m - should_log                    : True[0m
[35m[2026-05-14 17:45:54,122] [   DEBUG][0m - should_save                   : True[0m
[35m[2026-05-14 17:45:54,122] [   DEBUG][0m - should_save_model_state       : True[0m
[35m[2026-05-14 17:45:54,122] [   DEBUG][0m - should_save_model_with_tensor_fusion: False[0m
[35m[2026-05-14 17:45:54,123] [   DEBUG][0m - should_save_sharding_stage1_model: False[0m
[35m[2026-05-14 17:45:54,123] [   DEBUG][0m - shuffle_consecutive           : False[0m
[35m[2026-05-14 17:45:54,123] [   DEBUG][0m - simpo_gamma                   : 0.5[0m
[35m[2026-05-14 17:45:54,123] [   DEBUG][0m - skip_data_intervals           : None[0m
[35m[2026-05-14 17:45:54,123] [   DEBUG][0m - skip_memory_metrics           : True[0m
[35m[2026-05-14 17:45:54,123] [   DEBUG][0m - skip_profile_timer            : True[0m
[35m[2026-05-14 17:45:54,123] [   DEBUG][0m - softmax_scale                 : None[0m
[35m[2026-05-14 17:45:54,123] [   DEBUG][0m - softmax_type                  : vanilla[0m
[35m[2026-05-14 17:45:54,123] [   DEBUG][0m - sp_allreduce_avg_in_gradinent_scale: False[0m
[35m[2026-05-14 17:45:54,123] [   DEBUG][0m - sp_async_reduce_scatter       : False[0m
[35m[2026-05-14 17:45:54,123] [   DEBUG][0m - split_backward                : False[0m
[35m[2026-05-14 17:45:54,123] [   DEBUG][0m - split_inputs_sequence_dim     : True[0m
[35m[2026-05-14 17:45:54,123] [   DEBUG][0m - split_norm_comm               : False[0m
[35m[2026-05-14 17:45:54,124] [   DEBUG][0m - split_param                   : True[0m
[35m[2026-05-14 17:45:54,124] [   DEBUG][0m - stage1_allgather_overlap      : False[0m
[35m[2026-05-14 17:45:54,124] [   DEBUG][0m - stage1_broadcast_overlap      : False[0m
[35m[2026-05-14 17:45:54,124] [   DEBUG][0m - stage1_overlap                : False[0m
[35m[2026-05-14 17:45:54,124] [   DEBUG][0m - stage1_reduce_avg             : True[0m
[35m[2026-05-14 17:45:54,124] [   DEBUG][0m - stage1_tensor_fusion          : False[0m
[35m[2026-05-14 17:45:54,124] [   DEBUG][0m - stage2_overlap                : False[0m
[35m[2026-05-14 17:45:54,124] [   DEBUG][0m - sync_grad                     : False[0m
[35m[2026-05-14 17:45:54,124] [   DEBUG][0m - tensor_fusion                 : False[0m
[35m[2026-05-14 17:45:54,124] [   DEBUG][0m - tensor_model_parallel_size    : 2[0m
[35m[2026-05-14 17:45:54,124] [   DEBUG][0m - tensor_parallel_config        : [0m
[35m[2026-05-14 17:45:54,124] [   DEBUG][0m - tensor_parallel_output        : True[0m
[35m[2026-05-14 17:45:54,124] [   DEBUG][0m - tensor_parallel_rank          : 0[0m
[35m[2026-05-14 17:45:54,124] [   DEBUG][0m - tensorwise_offload_optimizer  : False[0m
[35m[2026-05-14 17:45:54,125] [   DEBUG][0m - tie_word_embeddings           : None[0m
[35m[2026-05-14 17:45:54,125] [   DEBUG][0m - timer                         : False[0m
[35m[2026-05-14 17:45:54,125] [   DEBUG][0m - to_static                     : False[0m
[35m[2026-05-14 17:45:54,125] [   DEBUG][0m - token_balance_loss            : False[0m
[35m[2026-05-14 17:45:54,125] [   DEBUG][0m - tp_async_allreduce            : False[0m
[35m[2026-05-14 17:45:54,125] [   DEBUG][0m - tp_sync_moment                : False[0m
[35m[2026-05-14 17:45:54,125] [   DEBUG][0m - tp_sync_param                 : False[0m
[35m[2026-05-14 17:45:54,125] [   DEBUG][0m - train_batch_size              : 1[0m
[35m[2026-05-14 17:45:54,125] [   DEBUG][0m - train_mtp_only                : False[0m
[35m[2026-05-14 17:45:54,125] [   DEBUG][0m - unified_checkpoint            : False[0m
[35m[2026-05-14 17:45:54,125] [   DEBUG][0m - unified_checkpoint_config     : [0m
[35m[2026-05-14 17:45:54,125] [   DEBUG][0m - use_async_save                : False[0m
[35m[2026-05-14 17:45:54,125] [   DEBUG][0m - use_cache                     : False[0m
[35m[2026-05-14 17:45:54,126] [   DEBUG][0m - use_dualpipev                 : False[0m
[35m[2026-05-14 17:45:54,126] [   DEBUG][0m - use_expert_parallel           : False[0m
[35m[2026-05-14 17:45:54,126] [   DEBUG][0m - use_filtered_label_loss       : False[0m
[35m[2026-05-14 17:45:54,126] [   DEBUG][0m - use_fp8                       : False[0m
[35m[2026-05-14 17:45:54,126] [   DEBUG][0m - use_fused_head_and_loss_fn    : False[0m
[35m[2026-05-14 17:45:54,126] [   DEBUG][0m - use_fused_linear_cross_entropy: False[0m
[35m[2026-05-14 17:45:54,126] [   DEBUG][0m - use_hybrid_parallel           : True[0m
[35m[2026-05-14 17:45:54,126] [   DEBUG][0m - use_intermediate_api          : False[0m
[35m[2026-05-14 17:45:54,126] [   DEBUG][0m - use_lowprecision_moment       : False[0m
[35m[2026-05-14 17:45:54,126] [   DEBUG][0m - use_moe                       : False[0m
[35m[2026-05-14 17:45:54,126] [   DEBUG][0m - use_ortho_loss_callback       : False[0m
[35m[2026-05-14 17:45:54,126] [   DEBUG][0m - use_qk_norm                   : None[0m
[35m[2026-05-14 17:45:54,126] [   DEBUG][0m - use_recompute_mtp             : False[0m
[35m[2026-05-14 17:45:54,126] [   DEBUG][0m - use_unified_moe               : False[0m
[35m[2026-05-14 17:45:54,127] [   DEBUG][0m - using_sonic_moe               : False[0m
[35m[2026-05-14 17:45:54,127] [   DEBUG][0m - variable_seq_lengths          : False[0m
[35m[2026-05-14 17:45:54,127] [   DEBUG][0m - virtual_pipeline_model_parallel_size: 1[0m
[35m[2026-05-14 17:45:54,127] [   DEBUG][0m - wandb_api_key                 : None[0m
[35m[2026-05-14 17:45:54,127] [   DEBUG][0m - wandb_http_proxy              : None[0m
[35m[2026-05-14 17:45:54,127] [   DEBUG][0m - warmup_ratio                  : 0.0[0m
[35m[2026-05-14 17:45:54,127] [   DEBUG][0m - warmup_steps                  : 10[0m
[35m[2026-05-14 17:45:54,127] [   DEBUG][0m - weight_decay                  : 0.0[0m
[35m[2026-05-14 17:45:54,127] [   DEBUG][0m - weight_name_suffix            : tp00_pp00[0m
[35m[2026-05-14 17:45:54,127] [   DEBUG][0m - weight_quantize_algo          : None[0m
[35m[2026-05-14 17:45:54,127] [   DEBUG][0m - world_size                    : 4[0m
[35m[2026-05-14 17:45:54,127] [   DEBUG][0m - zcc_ema_interval              : 1[0m
[35m[2026-05-14 17:45:54,127] [   DEBUG][0m - zcc_ema_loss_threshold        : None[0m
[35m[2026-05-14 17:45:54,128] [   DEBUG][0m - zcc_pipeline_hooks_capacity_usage: 0.6[0m
[35m[2026-05-14 17:45:54,128] [   DEBUG][0m - zcc_save_ema_coef             : None[0m
[35m[2026-05-14 17:45:54,128] [   DEBUG][0m - zcc_workers_num               : 3[0m
[35m[2026-05-14 17:45:54,128] [   DEBUG][0m - [0m
[32m[2026-05-14 17:45:54,129] [    INFO][0m - The global seed is set to 23, local seed is set to 27 and random seed is set to 23.[0m
[33m[2026-05-14 17:45:54,129] [ WARNING][0m - Process rank: 0, device: gpu, world_size: 4, distributed training: True, 16-bits training: True[0m
[32m[2026-05-14 17:45:54,131] [    INFO][0m - Using download source: huggingface[0m
[32m[2026-05-14 17:45:54,132] [    INFO][0m - Using download source: huggingface[0m
[32m[2026-05-14 17:45:54,132] [    INFO][0m - Loading configuration file ./models/Llama-3-8b/config.json[0m
[32m[2026-05-14 17:45:54,135] [    INFO][0m - Final model config: LlamaConfig {
  "architectures": [
    "LlamaForCausalLM"
  ],
  "attention_bias": false,
  "attention_dropout": 0.0,
  "bos_token_id": 128000,
  "enable_auto_parallel": false,
  "eos_token_id": 128001,
  "head_dim": 128,
  "hidden_act": "silu",
  "hidden_size": 4096,
  "initializer_range": 0.02,
  "intermediate_size": 14336,
  "is_lora": false,
  "max_position_embeddings": 8192,
  "max_sequence_length": 4096,
  "mlp_bias": false,
  "model_type": "llama",
  "moe_router_bias_update_rate": 0.0,
  "num_attention_heads": 32,
  "num_hidden_layers": 32,
  "num_key_value_heads": 8,
  "pad_token_id": 0,
  "paddleformers_version": "1.1.0.post20260514",
  "pipeline_model_parallel_size": 2,
  "pp_seg_method": "layer:DecoderLayer|EmptyLayer",
  "pretraining_tp": 1,
  "recompute_granularity": "full",
  "recompute_method": "uniform",
  "recompute_num_layers": 1,
  "rms_norm_eps": 1e-05,
  "rope_parameters": {
    "rope_theta": 500000.0,
    "rope_type": "default"
  },
  "rope_scaling": null,
  "rope_theta": 500000.0,
  "seq_length": 4096,
  "tensor_model_parallel_size": 2,
  "tie_word_embeddings": false,
  "torch_dtype": "float32",
  "use_cache": true,
  "use_fast_layer_norm": false,
  "vocab_size": 128256
}
[0m
[32m[2026-05-14 17:45:54,136] [    INFO][0m - Creating model[0m
[32m[2026-05-14 17:45:54,136] [    INFO][0m - Loading model weights from ./models/Llama-3-8b[0m
[32m[2026-05-14 17:45:54,142] [    INFO][0m - change initializer-range from 0.02 to 0.009020646889913162[0m
[32m[2026-05-14 17:45:54,142] [    INFO][0m - using moe-group: dummy[0m
[32m[2026-05-14 17:45:54,142] [    INFO][0m - use no_recompute_layers: {0, 1, 2, 3, 4, 5, 6, 7, 8, 9, 10, 11, 12, 13, 14, 15, 16, 17, 18, 19, 20, 21, 22, 23, 24, 25, 26, 27, 28, 29, 30, 31}[0m
[32m[2026-05-14 17:45:54,143] [    INFO][0m - using recompute_interval=0, seg_method=layer:DecoderLayer|EmptyLayer[0m
[32m[2026-05-14 17:45:54,143] [    INFO][0m - loss_subbatch_sequence_length: -1 , use_fused_head_and_loss_fn: False, use_filtered_label_loss: False[0m
[32m[2026-05-14 17:45:54,143] [    INFO][0m - using parallel cross entroy, take care[0m
[2026-05-14 17:45:54,144] [    INFO] pp_layers.py:871 - start segment network..
[2026-05-14 17:45:54,144] [    INFO] pp_layers.py:877 - segment with method: layer:DecoderLayer|EmptyLayer; result: 0, 17, 35
[2026-05-14 17:45:54,144] [    INFO] pp_layers.py:894 - stage=0, global_rank=0 ,layer_number=17
[2026-05-14 17:45:54,147] [    INFO] pp_layers.py:899 - 0: EmbeddingPipe(config=LlamaConfig {
  "architectures": [
    "LlamaForCausalLM"
  ],
  "attention_bias": false,
  "attention_dropout": 0.0,
  "bos_token_id": 128000,
  "enable_auto_parallel": false,
  "eos_token_id": 128001,
  "head_dim": 128,
  "hidden_act": "silu",
  "hidden_size": 4096,
  "initializer_range": 0.009020646889913162,
  "intermediate_size": 14336,
  "is_lora": false,
  "max_position_embeddings": 8192,
  "max_sequence_length": 4096,
  "mlp_bias": false,
  "model_type": "llama",
  "moe_group_origin": "dummy",
  "moe_rank": 0,
  "moe_router_bias_update_rate": 0.0,
  "moe_world_size": 1,
  "num_attention_heads": 32,
  "num_hidden_layers": 32,
  "num_key_value_heads": 8,
  "pad_token_id": 0,
  "paddleformers_version": "1.1.0.post20260514",
  "pipeline_model_parallel_size": 2,
  "pp_seg_method": "layer:DecoderLayer|EmptyLayer",
  "pretraining_tp": 1,
  "recompute_granularity": "full",
  "recompute_method": "uniform",
  "recompute_num_layers": 1,
  "rms_norm_eps": 1e-05,
  "rope_parameters": {
    "rope_theta": 500000.0,
    "rope_type": "default"
  },
  "rope_scaling": null,
  "rope_theta": 500000.0,
  "seq_length": 4096,
  "tensor_model_parallel_size": 2,
  "tie_word_embeddings": false,
  "torch_dtype": "float32",
  "use_cache": true,
  "use_fast_layer_norm": false,
  "vocab_size": 128256
}
, embed_cls=None, rotary_emb_cls=None)
[2026-05-14 17:45:54,149] [    INFO] pp_layers.py:899 - 1: DecoderLayerPipe(config=LlamaConfig {
  "architectures": [
    "LlamaForCausalLM"
  ],
  "attention_bias": false,
  "attention_dropout": 0.0,
  "bos_token_id": 128000,
  "enable_auto_parallel": false,
  "eos_token_id": 128001,
  "head_dim": 128,
  "hidden_act": "silu",
  "hidden_size": 4096,
  "initializer_range": 0.009020646889913162,
  "intermediate_size": 14336,
  "is_lora": false,
  "max_position_embeddings": 8192,
  "max_sequence_length": 4096,
  "mlp_bias": false,
  "model_type": "llama",
  "moe_group_origin": "dummy",
  "moe_rank": 0,
  "moe_router_bias_update_rate": 0.0,
  "moe_world_size": 1,
  "num_attention_heads": 32,
  "num_hidden_layers": 32,
  "num_key_value_heads": 8,
  "pad_token_id": 0,
  "paddleformers_version": "1.1.0.post20260514",
  "pipeline_model_parallel_size": 2,
  "pp_seg_method": "layer:DecoderLayer|EmptyLayer",
  "pretraining_tp": 1,
  "recompute_granularity": "full",
  "recompute_method": "uniform",
  "recompute_num_layers": 1,
  "rms_norm_eps": 1e-05,
  "rope_parameters": {
    "rope_theta": 500000.0,
    "rope_type": "default"
  },
  "rope_scaling": null,
  "rope_theta": 500000.0,
  "seq_length": 4096,
  "tensor_model_parallel_size": 2,
  "tie_word_embeddings": false,
  "torch_dtype": "float32",
  "use_cache": true,
  "use_fast_layer_norm": false,
  "vocab_size": 128256
}
, layer_idx=0)
[2026-05-14 17:45:54,151] [    INFO] pp_layers.py:899 - 2: DecoderLayerPipe(config=LlamaConfig {
  "architectures": [
    "LlamaForCausalLM"
  ],
  "attention_bias": false,
  "attention_dropout": 0.0,
  "bos_token_id": 128000,
  "enable_auto_parallel": false,
  "eos_token_id": 128001,
  "head_dim": 128,
  "hidden_act": "silu",
  "hidden_size": 4096,
  "initializer_range": 0.009020646889913162,
  "intermediate_size": 14336,
  "is_lora": false,
  "max_position_embeddings": 8192,
  "max_sequence_length": 4096,
  "mlp_bias": false,
  "model_type": "llama",
  "moe_group_origin": "dummy",
  "moe_rank": 0,
  "moe_router_bias_update_rate": 0.0,
  "moe_world_size": 1,
  "num_attention_heads": 32,
  "num_hidden_layers": 32,
  "num_key_value_heads": 8,
  "pad_token_id": 0,
  "paddleformers_version": "1.1.0.post20260514",
  "pipeline_model_parallel_size": 2,
  "pp_seg_method": "layer:DecoderLayer|EmptyLayer",
  "pretraining_tp": 1,
  "recompute_granularity": "full",
  "recompute_method": "uniform",
  "recompute_num_layers": 1,
  "rms_norm_eps": 1e-05,
  "rope_parameters": {
    "rope_theta": 500000.0,
    "rope_type": "default"
  },
  "rope_scaling": null,
  "rope_theta": 500000.0,
  "seq_length": 4096,
  "tensor_model_parallel_size": 2,
  "tie_word_embeddings": false,
  "torch_dtype": "float32",
  "use_cache": true,
  "use_fast_layer_norm": false,
  "vocab_size": 128256
}
, layer_idx=1)
[2026-05-14 17:45:54,154] [    INFO] pp_layers.py:899 - 3: DecoderLayerPipe(config=LlamaConfig {
  "architectures": [
    "LlamaForCausalLM"
  ],
  "attention_bias": false,
  "attention_dropout": 0.0,
  "bos_token_id": 128000,
  "enable_auto_parallel": false,
  "eos_token_id": 128001,
  "head_dim": 128,
  "hidden_act": "silu",
  "hidden_size": 4096,
  "initializer_range": 0.009020646889913162,
  "intermediate_size": 14336,
  "is_lora": false,
  "max_position_embeddings": 8192,
  "max_sequence_length": 4096,
  "mlp_bias": false,
  "model_type": "llama",
  "moe_group_origin": "dummy",
  "moe_rank": 0,
  "moe_router_bias_update_rate": 0.0,
  "moe_world_size": 1,
  "num_attention_heads": 32,
  "num_hidden_layers": 32,
  "num_key_value_heads": 8,
  "pad_token_id": 0,
  "paddleformers_version": "1.1.0.post20260514",
  "pipeline_model_parallel_size": 2,
  "pp_seg_method": "layer:DecoderLayer|EmptyLayer",
  "pretraining_tp": 1,
  "recompute_granularity": "full",
  "recompute_method": "uniform",
  "recompute_num_layers": 1,
  "rms_norm_eps": 1e-05,
  "rope_parameters": {
    "rope_theta": 500000.0,
    "rope_type": "default"
  },
  "rope_scaling": null,
  "rope_theta": 500000.0,
  "seq_length": 4096,
  "tensor_model_parallel_size": 2,
  "tie_word_embeddings": false,
  "torch_dtype": "float32",
  "use_cache": true,
  "use_fast_layer_norm": false,
  "vocab_size": 128256
}
, layer_idx=2)
[2026-05-14 17:45:54,156] [    INFO] pp_layers.py:899 - 4: DecoderLayerPipe(config=LlamaConfig {
  "architectures": [
    "LlamaForCausalLM"
  ],
  "attention_bias": false,
  "attention_dropout": 0.0,
  "bos_token_id": 128000,
  "enable_auto_parallel": false,
  "eos_token_id": 128001,
  "head_dim": 128,
  "hidden_act": "silu",
  "hidden_size": 4096,
  "initializer_range": 0.009020646889913162,
  "intermediate_size": 14336,
  "is_lora": false,
  "max_position_embeddings": 8192,
  "max_sequence_length": 4096,
  "mlp_bias": false,
  "model_type": "llama",
  "moe_group_origin": "dummy",
  "moe_rank": 0,
  "moe_router_bias_update_rate": 0.0,
  "moe_world_size": 1,
  "num_attention_heads": 32,
  "num_hidden_layers": 32,
  "num_key_value_heads": 8,
  "pad_token_id": 0,
  "paddleformers_version": "1.1.0.post20260514",
  "pipeline_model_parallel_size": 2,
  "pp_seg_method": "layer:DecoderLayer|EmptyLayer",
  "pretraining_tp": 1,
  "recompute_granularity": "full",
  "recompute_method": "uniform",
  "recompute_num_layers": 1,
  "rms_norm_eps": 1e-05,
  "rope_parameters": {
    "rope_theta": 500000.0,
    "rope_type": "default"
  },
  "rope_scaling": null,
  "rope_theta": 500000.0,
  "seq_length": 4096,
  "tensor_model_parallel_size": 2,
  "tie_word_embeddings": false,
  "torch_dtype": "float32",
  "use_cache": true,
  "use_fast_layer_norm": false,
  "vocab_size": 128256
}
, layer_idx=3)
[2026-05-14 17:45:54,159] [    INFO] pp_layers.py:899 - 5: DecoderLayerPipe(config=LlamaConfig {
  "architectures": [
    "LlamaForCausalLM"
  ],
  "attention_bias": false,
  "attention_dropout": 0.0,
  "bos_token_id": 128000,
  "enable_auto_parallel": false,
  "eos_token_id": 128001,
  "head_dim": 128,
  "hidden_act": "silu",
  "hidden_size": 4096,
  "initializer_range": 0.009020646889913162,
  "intermediate_size": 14336,
  "is_lora": false,
  "max_position_embeddings": 8192,
  "max_sequence_length": 4096,
  "mlp_bias": false,
  "model_type": "llama",
  "moe_group_origin": "dummy",
  "moe_rank": 0,
  "moe_router_bias_update_rate": 0.0,
  "moe_world_size": 1,
  "num_attention_heads": 32,
  "num_hidden_layers": 32,
  "num_key_value_heads": 8,
  "pad_token_id": 0,
  "paddleformers_version": "1.1.0.post20260514",
  "pipeline_model_parallel_size": 2,
  "pp_seg_method": "layer:DecoderLayer|EmptyLayer",
  "pretraining_tp": 1,
  "recompute_granularity": "full",
  "recompute_method": "uniform",
  "recompute_num_layers": 1,
  "rms_norm_eps": 1e-05,
  "rope_parameters": {
    "rope_theta": 500000.0,
    "rope_type": "default"
  },
  "rope_scaling": null,
  "rope_theta": 500000.0,
  "seq_length": 4096,
  "tensor_model_parallel_size": 2,
  "tie_word_embeddings": false,
  "torch_dtype": "float32",
  "use_cache": true,
  "use_fast_layer_norm": false,
  "vocab_size": 128256
}
, layer_idx=4)
[2026-05-14 17:45:54,162] [    INFO] pp_layers.py:899 - 6: DecoderLayerPipe(config=LlamaConfig {
  "architectures": [
    "LlamaForCausalLM"
  ],
  "attention_bias": false,
  "attention_dropout": 0.0,
  "bos_token_id": 128000,
  "enable_auto_parallel": false,
  "eos_token_id": 128001,
  "head_dim": 128,
  "hidden_act": "silu",
  "hidden_size": 4096,
  "initializer_range": 0.009020646889913162,
  "intermediate_size": 14336,
  "is_lora": false,
  "max_position_embeddings": 8192,
  "max_sequence_length": 4096,
  "mlp_bias": false,
  "model_type": "llama",
  "moe_group_origin": "dummy",
  "moe_rank": 0,
  "moe_router_bias_update_rate": 0.0,
  "moe_world_size": 1,
  "num_attention_heads": 32,
  "num_hidden_layers": 32,
  "num_key_value_heads": 8,
  "pad_token_id": 0,
  "paddleformers_version": "1.1.0.post20260514",
  "pipeline_model_parallel_size": 2,
  "pp_seg_method": "layer:DecoderLayer|EmptyLayer",
  "pretraining_tp": 1,
  "recompute_granularity": "full",
  "recompute_method": "uniform",
  "recompute_num_layers": 1,
  "rms_norm_eps": 1e-05,
  "rope_parameters": {
    "rope_theta": 500000.0,
    "rope_type": "default"
  },
  "rope_scaling": null,
  "rope_theta": 500000.0,
  "seq_length": 4096,
  "tensor_model_parallel_size": 2,
  "tie_word_embeddings": false,
  "torch_dtype": "float32",
  "use_cache": true,
  "use_fast_layer_norm": false,
  "vocab_size": 128256
}
, layer_idx=5)
[2026-05-14 17:45:54,164] [    INFO] pp_layers.py:899 - 7: DecoderLayerPipe(config=LlamaConfig {
  "architectures": [
    "LlamaForCausalLM"
  ],
  "attention_bias": false,
  "attention_dropout": 0.0,
  "bos_token_id": 128000,
  "enable_auto_parallel": false,
  "eos_token_id": 128001,
  "head_dim": 128,
  "hidden_act": "silu",
  "hidden_size": 4096,
  "initializer_range": 0.009020646889913162,
  "intermediate_size": 14336,
  "is_lora": false,
  "max_position_embeddings": 8192,
  "max_sequence_length": 4096,
  "mlp_bias": false,
  "model_type": "llama",
  "moe_group_origin": "dummy",
  "moe_rank": 0,
  "moe_router_bias_update_rate": 0.0,
  "moe_world_size": 1,
  "num_attention_heads": 32,
  "num_hidden_layers": 32,
  "num_key_value_heads": 8,
  "pad_token_id": 0,
  "paddleformers_version": "1.1.0.post20260514",
  "pipeline_model_parallel_size": 2,
  "pp_seg_method": "layer:DecoderLayer|EmptyLayer",
  "pretraining_tp": 1,
  "recompute_granularity": "full",
  "recompute_method": "uniform",
  "recompute_num_layers": 1,
  "rms_norm_eps": 1e-05,
  "rope_parameters": {
    "rope_theta": 500000.0,
    "rope_type": "default"
  },
  "rope_scaling": null,
  "rope_theta": 500000.0,
  "seq_length": 4096,
  "tensor_model_parallel_size": 2,
  "tie_word_embeddings": false,
  "torch_dtype": "float32",
  "use_cache": true,
  "use_fast_layer_norm": false,
  "vocab_size": 128256
}
, layer_idx=6)
[2026-05-14 17:45:54,166] [    INFO] pp_layers.py:899 - 8: DecoderLayerPipe(config=LlamaConfig {
  "architectures": [
    "LlamaForCausalLM"
  ],
  "attention_bias": false,
  "attention_dropout": 0.0,
  "bos_token_id": 128000,
  "enable_auto_parallel": false,
  "eos_token_id": 128001,
  "head_dim": 128,
  "hidden_act": "silu",
  "hidden_size": 4096,
  "initializer_range": 0.009020646889913162,
  "intermediate_size": 14336,
  "is_lora": false,
  "max_position_embeddings": 8192,
  "max_sequence_length": 4096,
  "mlp_bias": false,
  "model_type": "llama",
  "moe_group_origin": "dummy",
  "moe_rank": 0,
  "moe_router_bias_update_rate": 0.0,
  "moe_world_size": 1,
  "num_attention_heads": 32,
  "num_hidden_layers": 32,
  "num_key_value_heads": 8,
  "pad_token_id": 0,
  "paddleformers_version": "1.1.0.post20260514",
  "pipeline_model_parallel_size": 2,
  "pp_seg_method": "layer:DecoderLayer|EmptyLayer",
  "pretraining_tp": 1,
  "recompute_granularity": "full",
  "recompute_method": "uniform",
  "recompute_num_layers": 1,
  "rms_norm_eps": 1e-05,
  "rope_parameters": {
    "rope_theta": 500000.0,
    "rope_type": "default"
  },
  "rope_scaling": null,
  "rope_theta": 500000.0,
  "seq_length": 4096,
  "tensor_model_parallel_size": 2,
  "tie_word_embeddings": false,
  "torch_dtype": "float32",
  "use_cache": true,
  "use_fast_layer_norm": false,
  "vocab_size": 128256
}
, layer_idx=7)
[2026-05-14 17:45:54,169] [    INFO] pp_layers.py:899 - 9: DecoderLayerPipe(config=LlamaConfig {
  "architectures": [
    "LlamaForCausalLM"
  ],
  "attention_bias": false,
  "attention_dropout": 0.0,
  "bos_token_id": 128000,
  "enable_auto_parallel": false,
  "eos_token_id": 128001,
  "head_dim": 128,
  "hidden_act": "silu",
  "hidden_size": 4096,
  "initializer_range": 0.009020646889913162,
  "intermediate_size": 14336,
  "is_lora": false,
  "max_position_embeddings": 8192,
  "max_sequence_length": 4096,
  "mlp_bias": false,
  "model_type": "llama",
  "moe_group_origin": "dummy",
  "moe_rank": 0,
  "moe_router_bias_update_rate": 0.0,
  "moe_world_size": 1,
  "num_attention_heads": 32,
  "num_hidden_layers": 32,
  "num_key_value_heads": 8,
  "pad_token_id": 0,
  "paddleformers_version": "1.1.0.post20260514",
  "pipeline_model_parallel_size": 2,
  "pp_seg_method": "layer:DecoderLayer|EmptyLayer",
  "pretraining_tp": 1,
  "recompute_granularity": "full",
  "recompute_method": "uniform",
  "recompute_num_layers": 1,
  "rms_norm_eps": 1e-05,
  "rope_parameters": {
    "rope_theta": 500000.0,
    "rope_type": "default"
  },
  "rope_scaling": null,
  "rope_theta": 500000.0,
  "seq_length": 4096,
  "tensor_model_parallel_size": 2,
  "tie_word_embeddings": false,
  "torch_dtype": "float32",
  "use_cache": true,
  "use_fast_layer_norm": false,
  "vocab_size": 128256
}
, layer_idx=8)
[2026-05-14 17:45:54,171] [    INFO] pp_layers.py:899 - 10: DecoderLayerPipe(config=LlamaConfig {
  "architectures": [
    "LlamaForCausalLM"
  ],
  "attention_bias": false,
  "attention_dropout": 0.0,
  "bos_token_id": 128000,
  "enable_auto_parallel": false,
  "eos_token_id": 128001,
  "head_dim": 128,
  "hidden_act": "silu",
  "hidden_size": 4096,
  "initializer_range": 0.009020646889913162,
  "intermediate_size": 14336,
  "is_lora": false,
  "max_position_embeddings": 8192,
  "max_sequence_length": 4096,
  "mlp_bias": false,
  "model_type": "llama",
  "moe_group_origin": "dummy",
  "moe_rank": 0,
  "moe_router_bias_update_rate": 0.0,
  "moe_world_size": 1,
  "num_attention_heads": 32,
  "num_hidden_layers": 32,
  "num_key_value_heads": 8,
  "pad_token_id": 0,
  "paddleformers_version": "1.1.0.post20260514",
  "pipeline_model_parallel_size": 2,
  "pp_seg_method": "layer:DecoderLayer|EmptyLayer",
  "pretraining_tp": 1,
  "recompute_granularity": "full",
  "recompute_method": "uniform",
  "recompute_num_layers": 1,
  "rms_norm_eps": 1e-05,
  "rope_parameters": {
    "rope_theta": 500000.0,
    "rope_type": "default"
  },
  "rope_scaling": null,
  "rope_theta": 500000.0,
  "seq_length": 4096,
  "tensor_model_parallel_size": 2,
  "tie_word_embeddings": false,
  "torch_dtype": "float32",
  "use_cache": true,
  "use_fast_layer_norm": false,
  "vocab_size": 128256
}
, layer_idx=9)
[2026-05-14 17:45:54,173] [    INFO] pp_layers.py:899 - 11: DecoderLayerPipe(config=LlamaConfig {
  "architectures": [
    "LlamaForCausalLM"
  ],
  "attention_bias": false,
  "attention_dropout": 0.0,
  "bos_token_id": 128000,
  "enable_auto_parallel": false,
  "eos_token_id": 128001,
  "head_dim": 128,
  "hidden_act": "silu",
  "hidden_size": 4096,
  "initializer_range": 0.009020646889913162,
  "intermediate_size": 14336,
  "is_lora": false,
  "max_position_embeddings": 8192,
  "max_sequence_length": 4096,
  "mlp_bias": false,
  "model_type": "llama",
  "moe_group_origin": "dummy",
  "moe_rank": 0,
  "moe_router_bias_update_rate": 0.0,
  "moe_world_size": 1,
  "num_attention_heads": 32,
  "num_hidden_layers": 32,
  "num_key_value_heads": 8,
  "pad_token_id": 0,
  "paddleformers_version": "1.1.0.post20260514",
  "pipeline_model_parallel_size": 2,
  "pp_seg_method": "layer:DecoderLayer|EmptyLayer",
  "pretraining_tp": 1,
  "recompute_granularity": "full",
  "recompute_method": "uniform",
  "recompute_num_layers": 1,
  "rms_norm_eps": 1e-05,
  "rope_parameters": {
    "rope_theta": 500000.0,
    "rope_type": "default"
  },
  "rope_scaling": null,
  "rope_theta": 500000.0,
  "seq_length": 4096,
  "tensor_model_parallel_size": 2,
  "tie_word_embeddings": false,
  "torch_dtype": "float32",
  "use_cache": true,
  "use_fast_layer_norm": false,
  "vocab_size": 128256
}
, layer_idx=10)
[2026-05-14 17:45:54,176] [    INFO] pp_layers.py:899 - 12: DecoderLayerPipe(config=LlamaConfig {
  "architectures": [
    "LlamaForCausalLM"
  ],
  "attention_bias": false,
  "attention_dropout": 0.0,
  "bos_token_id": 128000,
  "enable_auto_parallel": false,
  "eos_token_id": 128001,
  "head_dim": 128,
  "hidden_act": "silu",
  "hidden_size": 4096,
  "initializer_range": 0.009020646889913162,
  "intermediate_size": 14336,
  "is_lora": false,
  "max_position_embeddings": 8192,
  "max_sequence_length": 4096,
  "mlp_bias": false,
  "model_type": "llama",
  "moe_group_origin": "dummy",
  "moe_rank": 0,
  "moe_router_bias_update_rate": 0.0,
  "moe_world_size": 1,
  "num_attention_heads": 32,
  "num_hidden_layers": 32,
  "num_key_value_heads": 8,
  "pad_token_id": 0,
  "paddleformers_version": "1.1.0.post20260514",
  "pipeline_model_parallel_size": 2,
  "pp_seg_method": "layer:DecoderLayer|EmptyLayer",
  "pretraining_tp": 1,
  "recompute_granularity": "full",
  "recompute_method": "uniform",
  "recompute_num_layers": 1,
  "rms_norm_eps": 1e-05,
  "rope_parameters": {
    "rope_theta": 500000.0,
    "rope_type": "default"
  },
  "rope_scaling": null,
  "rope_theta": 500000.0,
  "seq_length": 4096,
  "tensor_model_parallel_size": 2,
  "tie_word_embeddings": false,
  "torch_dtype": "float32",
  "use_cache": true,
  "use_fast_layer_norm": false,
  "vocab_size": 128256
}
, layer_idx=11)
[2026-05-14 17:45:54,178] [    INFO] pp_layers.py:899 - 13: DecoderLayerPipe(config=LlamaConfig {
  "architectures": [
    "LlamaForCausalLM"
  ],
  "attention_bias": false,
  "attention_dropout": 0.0,
  "bos_token_id": 128000,
  "enable_auto_parallel": false,
  "eos_token_id": 128001,
  "head_dim": 128,
  "hidden_act": "silu",
  "hidden_size": 4096,
  "initializer_range": 0.009020646889913162,
  "intermediate_size": 14336,
  "is_lora": false,
  "max_position_embeddings": 8192,
  "max_sequence_length": 4096,
  "mlp_bias": false,
  "model_type": "llama",
  "moe_group_origin": "dummy",
  "moe_rank": 0,
  "moe_router_bias_update_rate": 0.0,
  "moe_world_size": 1,
  "num_attention_heads": 32,
  "num_hidden_layers": 32,
  "num_key_value_heads": 8,
  "pad_token_id": 0,
  "paddleformers_version": "1.1.0.post20260514",
  "pipeline_model_parallel_size": 2,
  "pp_seg_method": "layer:DecoderLayer|EmptyLayer",
  "pretraining_tp": 1,
  "recompute_granularity": "full",
  "recompute_method": "uniform",
  "recompute_num_layers": 1,
  "rms_norm_eps": 1e-05,
  "rope_parameters": {
    "rope_theta": 500000.0,
    "rope_type": "default"
  },
  "rope_scaling": null,
  "rope_theta": 500000.0,
  "seq_length": 4096,
  "tensor_model_parallel_size": 2,
  "tie_word_embeddings": false,
  "torch_dtype": "float32",
  "use_cache": true,
  "use_fast_layer_norm": false,
  "vocab_size": 128256
}
, layer_idx=12)
[2026-05-14 17:45:54,180] [    INFO] pp_layers.py:899 - 14: DecoderLayerPipe(config=LlamaConfig {
  "architectures": [
    "LlamaForCausalLM"
  ],
  "attention_bias": false,
  "attention_dropout": 0.0,
  "bos_token_id": 128000,
  "enable_auto_parallel": false,
  "eos_token_id": 128001,
  "head_dim": 128,
  "hidden_act": "silu",
  "hidden_size": 4096,
  "initializer_range": 0.009020646889913162,
  "intermediate_size": 14336,
  "is_lora": false,
  "max_position_embeddings": 8192,
  "max_sequence_length": 4096,
  "mlp_bias": false,
  "model_type": "llama",
  "moe_group_origin": "dummy",
  "moe_rank": 0,
  "moe_router_bias_update_rate": 0.0,
  "moe_world_size": 1,
  "num_attention_heads": 32,
  "num_hidden_layers": 32,
  "num_key_value_heads": 8,
  "pad_token_id": 0,
  "paddleformers_version": "1.1.0.post20260514",
  "pipeline_model_parallel_size": 2,
  "pp_seg_method": "layer:DecoderLayer|EmptyLayer",
  "pretraining_tp": 1,
  "recompute_granularity": "full",
  "recompute_method": "uniform",
  "recompute_num_layers": 1,
  "rms_norm_eps": 1e-05,
  "rope_parameters": {
    "rope_theta": 500000.0,
    "rope_type": "default"
  },
  "rope_scaling": null,
  "rope_theta": 500000.0,
  "seq_length": 4096,
  "tensor_model_parallel_size": 2,
  "tie_word_embeddings": false,
  "torch_dtype": "float32",
  "use_cache": true,
  "use_fast_layer_norm": false,
  "vocab_size": 128256
}
, layer_idx=13)
[2026-05-14 17:45:54,182] [    INFO] pp_layers.py:899 - 15: DecoderLayerPipe(config=LlamaConfig {
  "architectures": [
    "LlamaForCausalLM"
  ],
  "attention_bias": false,
  "attention_dropout": 0.0,
  "bos_token_id": 128000,
  "enable_auto_parallel": false,
  "eos_token_id": 128001,
  "head_dim": 128,
  "hidden_act": "silu",
  "hidden_size": 4096,
  "initializer_range": 0.009020646889913162,
  "intermediate_size": 14336,
  "is_lora": false,
  "max_position_embeddings": 8192,
  "max_sequence_length": 4096,
  "mlp_bias": false,
  "model_type": "llama",
  "moe_group_origin": "dummy",
  "moe_rank": 0,
  "moe_router_bias_update_rate": 0.0,
  "moe_world_size": 1,
  "num_attention_heads": 32,
  "num_hidden_layers": 32,
  "num_key_value_heads": 8,
  "pad_token_id": 0,
  "paddleformers_version": "1.1.0.post20260514",
  "pipeline_model_parallel_size": 2,
  "pp_seg_method": "layer:DecoderLayer|EmptyLayer",
  "pretraining_tp": 1,
  "recompute_granularity": "full",
  "recompute_method": "uniform",
  "recompute_num_layers": 1,
  "rms_norm_eps": 1e-05,
  "rope_parameters": {
    "rope_theta": 500000.0,
    "rope_type": "default"
  },
  "rope_scaling": null,
  "rope_theta": 500000.0,
  "seq_length": 4096,
  "tensor_model_parallel_size": 2,
  "tie_word_embeddings": false,
  "torch_dtype": "float32",
  "use_cache": true,
  "use_fast_layer_norm": false,
  "vocab_size": 128256
}
, layer_idx=14)
[2026-05-14 17:45:54,185] [    INFO] pp_layers.py:899 - 16: DecoderLayerPipe(config=LlamaConfig {
  "architectures": [
    "LlamaForCausalLM"
  ],
  "attention_bias": false,
  "attention_dropout": 0.0,
  "bos_token_id": 128000,
  "enable_auto_parallel": false,
  "eos_token_id": 128001,
  "head_dim": 128,
  "hidden_act": "silu",
  "hidden_size": 4096,
  "initializer_range": 0.009020646889913162,
  "intermediate_size": 14336,
  "is_lora": false,
  "max_position_embeddings": 8192,
  "max_sequence_length": 4096,
  "mlp_bias": false,
  "model_type": "llama",
  "moe_group_origin": "dummy",
  "moe_rank": 0,
  "moe_router_bias_update_rate": 0.0,
  "moe_world_size": 1,
  "num_attention_heads": 32,
  "num_hidden_layers": 32,
  "num_key_value_heads": 8,
  "pad_token_id": 0,
  "paddleformers_version": "1.1.0.post20260514",
  "pipeline_model_parallel_size": 2,
  "pp_seg_method": "layer:DecoderLayer|EmptyLayer",
  "pretraining_tp": 1,
  "recompute_granularity": "full",
  "recompute_method": "uniform",
  "recompute_num_layers": 1,
  "rms_norm_eps": 1e-05,
  "rope_parameters": {
    "rope_theta": 500000.0,
    "rope_type": "default"
  },
  "rope_scaling": null,
  "rope_theta": 500000.0,
  "seq_length": 4096,
  "tensor_model_parallel_size": 2,
  "tie_word_embeddings": false,
  "torch_dtype": "float32",
  "use_cache": true,
  "use_fast_layer_norm": false,
  "vocab_size": 128256
}
, layer_idx=15)
[2026-05-14 17:45:54,185] [    INFO] pp_layers.py:894 - stage=1, global_rank=0 ,layer_number=18
[2026-05-14 17:45:54,187] [    INFO] pp_layers.py:899 - 17: DecoderLayerPipe(config=LlamaConfig {
  "architectures": [
    "LlamaForCausalLM"
  ],
  "attention_bias": false,
  "attention_dropout": 0.0,
  "bos_token_id": 128000,
  "enable_auto_parallel": false,
  "eos_token_id": 128001,
  "head_dim": 128,
  "hidden_act": "silu",
  "hidden_size": 4096,
  "initializer_range": 0.009020646889913162,
  "intermediate_size": 14336,
  "is_lora": false,
  "max_position_embeddings": 8192,
  "max_sequence_length": 4096,
  "mlp_bias": false,
  "model_type": "llama",
  "moe_group_origin": "dummy",
  "moe_rank": 0,
  "moe_router_bias_update_rate": 0.0,
  "moe_world_size": 1,
  "num_attention_heads": 32,
  "num_hidden_layers": 32,
  "num_key_value_heads": 8,
  "pad_token_id": 0,
  "paddleformers_version": "1.1.0.post20260514",
  "pipeline_model_parallel_size": 2,
  "pp_seg_method": "layer:DecoderLayer|EmptyLayer",
  "pretraining_tp": 1,
  "recompute_granularity": "full",
  "recompute_method": "uniform",
  "recompute_num_layers": 1,
  "rms_norm_eps": 1e-05,
  "rope_parameters": {
    "rope_theta": 500000.0,
    "rope_type": "default"
  },
  "rope_scaling": null,
  "rope_theta": 500000.0,
  "seq_length": 4096,
  "tensor_model_parallel_size": 2,
  "tie_word_embeddings": false,
  "torch_dtype": "float32",
  "use_cache": true,
  "use_fast_layer_norm": false,
  "vocab_size": 128256
}
, layer_idx=16)
[2026-05-14 17:45:54,189] [    INFO] pp_layers.py:899 - 18: DecoderLayerPipe(config=LlamaConfig {
  "architectures": [
    "LlamaForCausalLM"
  ],
  "attention_bias": false,
  "attention_dropout": 0.0,
  "bos_token_id": 128000,
  "enable_auto_parallel": false,
  "eos_token_id": 128001,
  "head_dim": 128,
  "hidden_act": "silu",
  "hidden_size": 4096,
  "initializer_range": 0.009020646889913162,
  "intermediate_size": 14336,
  "is_lora": false,
  "max_position_embeddings": 8192,
  "max_sequence_length": 4096,
  "mlp_bias": false,
  "model_type": "llama",
  "moe_group_origin": "dummy",
  "moe_rank": 0,
  "moe_router_bias_update_rate": 0.0,
  "moe_world_size": 1,
  "num_attention_heads": 32,
  "num_hidden_layers": 32,
  "num_key_value_heads": 8,
  "pad_token_id": 0,
  "paddleformers_version": "1.1.0.post20260514",
  "pipeline_model_parallel_size": 2,
  "pp_seg_method": "layer:DecoderLayer|EmptyLayer",
  "pretraining_tp": 1,
  "recompute_granularity": "full",
  "recompute_method": "uniform",
  "recompute_num_layers": 1,
  "rms_norm_eps": 1e-05,
  "rope_parameters": {
    "rope_theta": 500000.0,
    "rope_type": "default"
  },
  "rope_scaling": null,
  "rope_theta": 500000.0,
  "seq_length": 4096,
  "tensor_model_parallel_size": 2,
  "tie_word_embeddings": false,
  "torch_dtype": "float32",
  "use_cache": true,
  "use_fast_layer_norm": false,
  "vocab_size": 128256
}
, layer_idx=17)
[2026-05-14 17:45:54,192] [    INFO] pp_layers.py:899 - 19: DecoderLayerPipe(config=LlamaConfig {
  "architectures": [
    "LlamaForCausalLM"
  ],
  "attention_bias": false,
  "attention_dropout": 0.0,
  "bos_token_id": 128000,
  "enable_auto_parallel": false,
  "eos_token_id": 128001,
  "head_dim": 128,
  "hidden_act": "silu",
  "hidden_size": 4096,
  "initializer_range": 0.009020646889913162,
  "intermediate_size": 14336,
  "is_lora": false,
  "max_position_embeddings": 8192,
  "max_sequence_length": 4096,
  "mlp_bias": false,
  "model_type": "llama",
  "moe_group_origin": "dummy",
  "moe_rank": 0,
  "moe_router_bias_update_rate": 0.0,
  "moe_world_size": 1,
  "num_attention_heads": 32,
  "num_hidden_layers": 32,
  "num_key_value_heads": 8,
  "pad_token_id": 0,
  "paddleformers_version": "1.1.0.post20260514",
  "pipeline_model_parallel_size": 2,
  "pp_seg_method": "layer:DecoderLayer|EmptyLayer",
  "pretraining_tp": 1,
  "recompute_granularity": "full",
  "recompute_method": "uniform",
  "recompute_num_layers": 1,
  "rms_norm_eps": 1e-05,
  "rope_parameters": {
    "rope_theta": 500000.0,
    "rope_type": "default"
  },
  "rope_scaling": null,
  "rope_theta": 500000.0,
  "seq_length": 4096,
  "tensor_model_parallel_size": 2,
  "tie_word_embeddings": false,
  "torch_dtype": "float32",
  "use_cache": true,
  "use_fast_layer_norm": false,
  "vocab_size": 128256
}
, layer_idx=18)
[2026-05-14 17:45:54,194] [    INFO] pp_layers.py:899 - 20: DecoderLayerPipe(config=LlamaConfig {
  "architectures": [
    "LlamaForCausalLM"
  ],
  "attention_bias": false,
  "attention_dropout": 0.0,
  "bos_token_id": 128000,
  "enable_auto_parallel": false,
  "eos_token_id": 128001,
  "head_dim": 128,
  "hidden_act": "silu",
  "hidden_size": 4096,
  "initializer_range": 0.009020646889913162,
  "intermediate_size": 14336,
  "is_lora": false,
  "max_position_embeddings": 8192,
  "max_sequence_length": 4096,
  "mlp_bias": false,
  "model_type": "llama",
  "moe_group_origin": "dummy",
  "moe_rank": 0,
  "moe_router_bias_update_rate": 0.0,
  "moe_world_size": 1,
  "num_attention_heads": 32,
  "num_hidden_layers": 32,
  "num_key_value_heads": 8,
  "pad_token_id": 0,
  "paddleformers_version": "1.1.0.post20260514",
  "pipeline_model_parallel_size": 2,
  "pp_seg_method": "layer:DecoderLayer|EmptyLayer",
  "pretraining_tp": 1,
  "recompute_granularity": "full",
  "recompute_method": "uniform",
  "recompute_num_layers": 1,
  "rms_norm_eps": 1e-05,
  "rope_parameters": {
    "rope_theta": 500000.0,
    "rope_type": "default"
  },
  "rope_scaling": null,
  "rope_theta": 500000.0,
  "seq_length": 4096,
  "tensor_model_parallel_size": 2,
  "tie_word_embeddings": false,
  "torch_dtype": "float32",
  "use_cache": true,
  "use_fast_layer_norm": false,
  "vocab_size": 128256
}
, layer_idx=19)
[2026-05-14 17:45:54,196] [    INFO] pp_layers.py:899 - 21: DecoderLayerPipe(config=LlamaConfig {
  "architectures": [
    "LlamaForCausalLM"
  ],
  "attention_bias": false,
  "attention_dropout": 0.0,
  "bos_token_id": 128000,
  "enable_auto_parallel": false,
  "eos_token_id": 128001,
  "head_dim": 128,
  "hidden_act": "silu",
  "hidden_size": 4096,
  "initializer_range": 0.009020646889913162,
  "intermediate_size": 14336,
  "is_lora": false,
  "max_position_embeddings": 8192,
  "max_sequence_length": 4096,
  "mlp_bias": false,
  "model_type": "llama",
  "moe_group_origin": "dummy",
  "moe_rank": 0,
  "moe_router_bias_update_rate": 0.0,
  "moe_world_size": 1,
  "num_attention_heads": 32,
  "num_hidden_layers": 32,
  "num_key_value_heads": 8,
  "pad_token_id": 0,
  "paddleformers_version": "1.1.0.post20260514",
  "pipeline_model_parallel_size": 2,
  "pp_seg_method": "layer:DecoderLayer|EmptyLayer",
  "pretraining_tp": 1,
  "recompute_granularity": "full",
  "recompute_method": "uniform",
  "recompute_num_layers": 1,
  "rms_norm_eps": 1e-05,
  "rope_parameters": {
    "rope_theta": 500000.0,
    "rope_type": "default"
  },
  "rope_scaling": null,
  "rope_theta": 500000.0,
  "seq_length": 4096,
  "tensor_model_parallel_size": 2,
  "tie_word_embeddings": false,
  "torch_dtype": "float32",
  "use_cache": true,
  "use_fast_layer_norm": false,
  "vocab_size": 128256
}
, layer_idx=20)
[2026-05-14 17:45:54,199] [    INFO] pp_layers.py:899 - 22: DecoderLayerPipe(config=LlamaConfig {
  "architectures": [
    "LlamaForCausalLM"
  ],
  "attention_bias": false,
  "attention_dropout": 0.0,
  "bos_token_id": 128000,
  "enable_auto_parallel": false,
  "eos_token_id": 128001,
  "head_dim": 128,
  "hidden_act": "silu",
  "hidden_size": 4096,
  "initializer_range": 0.009020646889913162,
  "intermediate_size": 14336,
  "is_lora": false,
  "max_position_embeddings": 8192,
  "max_sequence_length": 4096,
  "mlp_bias": false,
  "model_type": "llama",
  "moe_group_origin": "dummy",
  "moe_rank": 0,
  "moe_router_bias_update_rate": 0.0,
  "moe_world_size": 1,
  "num_attention_heads": 32,
  "num_hidden_layers": 32,
  "num_key_value_heads": 8,
  "pad_token_id": 0,
  "paddleformers_version": "1.1.0.post20260514",
  "pipeline_model_parallel_size": 2,
  "pp_seg_method": "layer:DecoderLayer|EmptyLayer",
  "pretraining_tp": 1,
  "recompute_granularity": "full",
  "recompute_method": "uniform",
  "recompute_num_layers": 1,
  "rms_norm_eps": 1e-05,
  "rope_parameters": {
    "rope_theta": 500000.0,
    "rope_type": "default"
  },
  "rope_scaling": null,
  "rope_theta": 500000.0,
  "seq_length": 4096,
  "tensor_model_parallel_size": 2,
  "tie_word_embeddings": false,
  "torch_dtype": "float32",
  "use_cache": true,
  "use_fast_layer_norm": false,
  "vocab_size": 128256
}
, layer_idx=21)
[2026-05-14 17:45:54,201] [    INFO] pp_layers.py:899 - 23: DecoderLayerPipe(config=LlamaConfig {
  "architectures": [
    "LlamaForCausalLM"
  ],
  "attention_bias": false,
  "attention_dropout": 0.0,
  "bos_token_id": 128000,
  "enable_auto_parallel": false,
  "eos_token_id": 128001,
  "head_dim": 128,
  "hidden_act": "silu",
  "hidden_size": 4096,
  "initializer_range": 0.009020646889913162,
  "intermediate_size": 14336,
  "is_lora": false,
  "max_position_embeddings": 8192,
  "max_sequence_length": 4096,
  "mlp_bias": false,
  "model_type": "llama",
  "moe_group_origin": "dummy",
  "moe_rank": 0,
  "moe_router_bias_update_rate": 0.0,
  "moe_world_size": 1,
  "num_attention_heads": 32,
  "num_hidden_layers": 32,
  "num_key_value_heads": 8,
  "pad_token_id": 0,
  "paddleformers_version": "1.1.0.post20260514",
  "pipeline_model_parallel_size": 2,
  "pp_seg_method": "layer:DecoderLayer|EmptyLayer",
  "pretraining_tp": 1,
  "recompute_granularity": "full",
  "recompute_method": "uniform",
  "recompute_num_layers": 1,
  "rms_norm_eps": 1e-05,
  "rope_parameters": {
    "rope_theta": 500000.0,
    "rope_type": "default"
  },
  "rope_scaling": null,
  "rope_theta": 500000.0,
  "seq_length": 4096,
  "tensor_model_parallel_size": 2,
  "tie_word_embeddings": false,
  "torch_dtype": "float32",
  "use_cache": true,
  "use_fast_layer_norm": false,
  "vocab_size": 128256
}
, layer_idx=22)
[2026-05-14 17:45:54,203] [    INFO] pp_layers.py:899 - 24: DecoderLayerPipe(config=LlamaConfig {
  "architectures": [
    "LlamaForCausalLM"
  ],
  "attention_bias": false,
  "attention_dropout": 0.0,
  "bos_token_id": 128000,
  "enable_auto_parallel": false,
  "eos_token_id": 128001,
  "head_dim": 128,
  "hidden_act": "silu",
  "hidden_size": 4096,
  "initializer_range": 0.009020646889913162,
  "intermediate_size": 14336,
  "is_lora": false,
  "max_position_embeddings": 8192,
  "max_sequence_length": 4096,
  "mlp_bias": false,
  "model_type": "llama",
  "moe_group_origin": "dummy",
  "moe_rank": 0,
  "moe_router_bias_update_rate": 0.0,
  "moe_world_size": 1,
  "num_attention_heads": 32,
  "num_hidden_layers": 32,
  "num_key_value_heads": 8,
  "pad_token_id": 0,
  "paddleformers_version": "1.1.0.post20260514",
  "pipeline_model_parallel_size": 2,
  "pp_seg_method": "layer:DecoderLayer|EmptyLayer",
  "pretraining_tp": 1,
  "recompute_granularity": "full",
  "recompute_method": "uniform",
  "recompute_num_layers": 1,
  "rms_norm_eps": 1e-05,
  "rope_parameters": {
    "rope_theta": 500000.0,
    "rope_type": "default"
  },
  "rope_scaling": null,
  "rope_theta": 500000.0,
  "seq_length": 4096,
  "tensor_model_parallel_size": 2,
  "tie_word_embeddings": false,
  "torch_dtype": "float32",
  "use_cache": true,
  "use_fast_layer_norm": false,
  "vocab_size": 128256
}
, layer_idx=23)
[2026-05-14 17:45:54,206] [    INFO] pp_layers.py:899 - 25: DecoderLayerPipe(config=LlamaConfig {
  "architectures": [
    "LlamaForCausalLM"
  ],
  "attention_bias": false,
  "attention_dropout": 0.0,
  "bos_token_id": 128000,
  "enable_auto_parallel": false,
  "eos_token_id": 128001,
  "head_dim": 128,
  "hidden_act": "silu",
  "hidden_size": 4096,
  "initializer_range": 0.009020646889913162,
  "intermediate_size": 14336,
  "is_lora": false,
  "max_position_embeddings": 8192,
  "max_sequence_length": 4096,
  "mlp_bias": false,
  "model_type": "llama",
  "moe_group_origin": "dummy",
  "moe_rank": 0,
  "moe_router_bias_update_rate": 0.0,
  "moe_world_size": 1,
  "num_attention_heads": 32,
  "num_hidden_layers": 32,
  "num_key_value_heads": 8,
  "pad_token_id": 0,
  "paddleformers_version": "1.1.0.post20260514",
  "pipeline_model_parallel_size": 2,
  "pp_seg_method": "layer:DecoderLayer|EmptyLayer",
  "pretraining_tp": 1,
  "recompute_granularity": "full",
  "recompute_method": "uniform",
  "recompute_num_layers": 1,
  "rms_norm_eps": 1e-05,
  "rope_parameters": {
    "rope_theta": 500000.0,
    "rope_type": "default"
  },
  "rope_scaling": null,
  "rope_theta": 500000.0,
  "seq_length": 4096,
  "tensor_model_parallel_size": 2,
  "tie_word_embeddings": false,
  "torch_dtype": "float32",
  "use_cache": true,
  "use_fast_layer_norm": false,
  "vocab_size": 128256
}
, layer_idx=24)
[2026-05-14 17:45:54,208] [    INFO] pp_layers.py:899 - 26: DecoderLayerPipe(config=LlamaConfig {
  "architectures": [
    "LlamaForCausalLM"
  ],
  "attention_bias": false,
  "attention_dropout": 0.0,
  "bos_token_id": 128000,
  "enable_auto_parallel": false,
  "eos_token_id": 128001,
  "head_dim": 128,
  "hidden_act": "silu",
  "hidden_size": 4096,
  "initializer_range": 0.009020646889913162,
  "intermediate_size": 14336,
  "is_lora": false,
  "max_position_embeddings": 8192,
  "max_sequence_length": 4096,
  "mlp_bias": false,
  "model_type": "llama",
  "moe_group_origin": "dummy",
  "moe_rank": 0,
  "moe_router_bias_update_rate": 0.0,
  "moe_world_size": 1,
  "num_attention_heads": 32,
  "num_hidden_layers": 32,
  "num_key_value_heads": 8,
  "pad_token_id": 0,
  "paddleformers_version": "1.1.0.post20260514",
  "pipeline_model_parallel_size": 2,
  "pp_seg_method": "layer:DecoderLayer|EmptyLayer",
  "pretraining_tp": 1,
  "recompute_granularity": "full",
  "recompute_method": "uniform",
  "recompute_num_layers": 1,
  "rms_norm_eps": 1e-05,
  "rope_parameters": {
    "rope_theta": 500000.0,
    "rope_type": "default"
  },
  "rope_scaling": null,
  "rope_theta": 500000.0,
  "seq_length": 4096,
  "tensor_model_parallel_size": 2,
  "tie_word_embeddings": false,
  "torch_dtype": "float32",
  "use_cache": true,
  "use_fast_layer_norm": false,
  "vocab_size": 128256
}
, layer_idx=25)
[2026-05-14 17:45:54,210] [    INFO] pp_layers.py:899 - 27: DecoderLayerPipe(config=LlamaConfig {
  "architectures": [
    "LlamaForCausalLM"
  ],
  "attention_bias": false,
  "attention_dropout": 0.0,
  "bos_token_id": 128000,
  "enable_auto_parallel": false,
  "eos_token_id": 128001,
  "head_dim": 128,
  "hidden_act": "silu",
  "hidden_size": 4096,
  "initializer_range": 0.009020646889913162,
  "intermediate_size": 14336,
  "is_lora": false,
  "max_position_embeddings": 8192,
  "max_sequence_length": 4096,
  "mlp_bias": false,
  "model_type": "llama",
  "moe_group_origin": "dummy",
  "moe_rank": 0,
  "moe_router_bias_update_rate": 0.0,
  "moe_world_size": 1,
  "num_attention_heads": 32,
  "num_hidden_layers": 32,
  "num_key_value_heads": 8,
  "pad_token_id": 0,
  "paddleformers_version": "1.1.0.post20260514",
  "pipeline_model_parallel_size": 2,
  "pp_seg_method": "layer:DecoderLayer|EmptyLayer",
  "pretraining_tp": 1,
  "recompute_granularity": "full",
  "recompute_method": "uniform",
  "recompute_num_layers": 1,
  "rms_norm_eps": 1e-05,
  "rope_parameters": {
    "rope_theta": 500000.0,
    "rope_type": "default"
  },
  "rope_scaling": null,
  "rope_theta": 500000.0,
  "seq_length": 4096,
  "tensor_model_parallel_size": 2,
  "tie_word_embeddings": false,
  "torch_dtype": "float32",
  "use_cache": true,
  "use_fast_layer_norm": false,
  "vocab_size": 128256
}
, layer_idx=26)
[2026-05-14 17:45:54,213] [    INFO] pp_layers.py:899 - 28: DecoderLayerPipe(config=LlamaConfig {
  "architectures": [
    "LlamaForCausalLM"
  ],
  "attention_bias": false,
  "attention_dropout": 0.0,
  "bos_token_id": 128000,
  "enable_auto_parallel": false,
  "eos_token_id": 128001,
  "head_dim": 128,
  "hidden_act": "silu",
  "hidden_size": 4096,
  "initializer_range": 0.009020646889913162,
  "intermediate_size": 14336,
  "is_lora": false,
  "max_position_embeddings": 8192,
  "max_sequence_length": 4096,
  "mlp_bias": false,
  "model_type": "llama",
  "moe_group_origin": "dummy",
  "moe_rank": 0,
  "moe_router_bias_update_rate": 0.0,
  "moe_world_size": 1,
  "num_attention_heads": 32,
  "num_hidden_layers": 32,
  "num_key_value_heads": 8,
  "pad_token_id": 0,
  "paddleformers_version": "1.1.0.post20260514",
  "pipeline_model_parallel_size": 2,
  "pp_seg_method": "layer:DecoderLayer|EmptyLayer",
  "pretraining_tp": 1,
  "recompute_granularity": "full",
  "recompute_method": "uniform",
  "recompute_num_layers": 1,
  "rms_norm_eps": 1e-05,
  "rope_parameters": {
    "rope_theta": 500000.0,
    "rope_type": "default"
  },
  "rope_scaling": null,
  "rope_theta": 500000.0,
  "seq_length": 4096,
  "tensor_model_parallel_size": 2,
  "tie_word_embeddings": false,
  "torch_dtype": "float32",
  "use_cache": true,
  "use_fast_layer_norm": false,
  "vocab_size": 128256
}
, layer_idx=27)
[2026-05-14 17:45:54,215] [    INFO] pp_layers.py:899 - 29: DecoderLayerPipe(config=LlamaConfig {
  "architectures": [
    "LlamaForCausalLM"
  ],
  "attention_bias": false,
  "attention_dropout": 0.0,
  "bos_token_id": 128000,
  "enable_auto_parallel": false,
  "eos_token_id": 128001,
  "head_dim": 128,
  "hidden_act": "silu",
  "hidden_size": 4096,
  "initializer_range": 0.009020646889913162,
  "intermediate_size": 14336,
  "is_lora": false,
  "max_position_embeddings": 8192,
  "max_sequence_length": 4096,
  "mlp_bias": false,
  "model_type": "llama",
  "moe_group_origin": "dummy",
  "moe_rank": 0,
  "moe_router_bias_update_rate": 0.0,
  "moe_world_size": 1,
  "num_attention_heads": 32,
  "num_hidden_layers": 32,
  "num_key_value_heads": 8,
  "pad_token_id": 0,
  "paddleformers_version": "1.1.0.post20260514",
  "pipeline_model_parallel_size": 2,
  "pp_seg_method": "layer:DecoderLayer|EmptyLayer",
  "pretraining_tp": 1,
  "recompute_granularity": "full",
  "recompute_method": "uniform",
  "recompute_num_layers": 1,
  "rms_norm_eps": 1e-05,
  "rope_parameters": {
    "rope_theta": 500000.0,
    "rope_type": "default"
  },
  "rope_scaling": null,
  "rope_theta": 500000.0,
  "seq_length": 4096,
  "tensor_model_parallel_size": 2,
  "tie_word_embeddings": false,
  "torch_dtype": "float32",
  "use_cache": true,
  "use_fast_layer_norm": false,
  "vocab_size": 128256
}
, layer_idx=28)
[2026-05-14 17:45:54,217] [    INFO] pp_layers.py:899 - 30: DecoderLayerPipe(config=LlamaConfig {
  "architectures": [
    "LlamaForCausalLM"
  ],
  "attention_bias": false,
  "attention_dropout": 0.0,
  "bos_token_id": 128000,
  "enable_auto_parallel": false,
  "eos_token_id": 128001,
  "head_dim": 128,
  "hidden_act": "silu",
  "hidden_size": 4096,
  "initializer_range": 0.009020646889913162,
  "intermediate_size": 14336,
  "is_lora": false,
  "max_position_embeddings": 8192,
  "max_sequence_length": 4096,
  "mlp_bias": false,
  "model_type": "llama",
  "moe_group_origin": "dummy",
  "moe_rank": 0,
  "moe_router_bias_update_rate": 0.0,
  "moe_world_size": 1,
  "num_attention_heads": 32,
  "num_hidden_layers": 32,
  "num_key_value_heads": 8,
  "pad_token_id": 0,
  "paddleformers_version": "1.1.0.post20260514",
  "pipeline_model_parallel_size": 2,
  "pp_seg_method": "layer:DecoderLayer|EmptyLayer",
  "pretraining_tp": 1,
  "recompute_granularity": "full",
  "recompute_method": "uniform",
  "recompute_num_layers": 1,
  "rms_norm_eps": 1e-05,
  "rope_parameters": {
    "rope_theta": 500000.0,
    "rope_type": "default"
  },
  "rope_scaling": null,
  "rope_theta": 500000.0,
  "seq_length": 4096,
  "tensor_model_parallel_size": 2,
  "tie_word_embeddings": false,
  "torch_dtype": "float32",
  "use_cache": true,
  "use_fast_layer_norm": false,
  "vocab_size": 128256
}
, layer_idx=29)
[2026-05-14 17:45:54,220] [    INFO] pp_layers.py:899 - 31: DecoderLayerPipe(config=LlamaConfig {
  "architectures": [
    "LlamaForCausalLM"
  ],
  "attention_bias": false,
  "attention_dropout": 0.0,
  "bos_token_id": 128000,
  "enable_auto_parallel": false,
  "eos_token_id": 128001,
  "head_dim": 128,
  "hidden_act": "silu",
  "hidden_size": 4096,
  "initializer_range": 0.009020646889913162,
  "intermediate_size": 14336,
  "is_lora": false,
  "max_position_embeddings": 8192,
  "max_sequence_length": 4096,
  "mlp_bias": false,
  "model_type": "llama",
  "moe_group_origin": "dummy",
  "moe_rank": 0,
  "moe_router_bias_update_rate": 0.0,
  "moe_world_size": 1,
  "num_attention_heads": 32,
  "num_hidden_layers": 32,
  "num_key_value_heads": 8,
  "pad_token_id": 0,
  "paddleformers_version": "1.1.0.post20260514",
  "pipeline_model_parallel_size": 2,
  "pp_seg_method": "layer:DecoderLayer|EmptyLayer",
  "pretraining_tp": 1,
  "recompute_granularity": "full",
  "recompute_method": "uniform",
  "recompute_num_layers": 1,
  "rms_norm_eps": 1e-05,
  "rope_parameters": {
    "rope_theta": 500000.0,
    "rope_type": "default"
  },
  "rope_scaling": null,
  "rope_theta": 500000.0,
  "seq_length": 4096,
  "tensor_model_parallel_size": 2,
  "tie_word_embeddings": false,
  "torch_dtype": "float32",
  "use_cache": true,
  "use_fast_layer_norm": false,
  "vocab_size": 128256
}
, layer_idx=30)
[2026-05-14 17:45:54,222] [    INFO] pp_layers.py:899 - 32: DecoderLayerPipe(config=LlamaConfig {
  "architectures": [
    "LlamaForCausalLM"
  ],
  "attention_bias": false,
  "attention_dropout": 0.0,
  "bos_token_id": 128000,
  "enable_auto_parallel": false,
  "eos_token_id": 128001,
  "head_dim": 128,
  "hidden_act": "silu",
  "hidden_size": 4096,
  "initializer_range": 0.009020646889913162,
  "intermediate_size": 14336,
  "is_lora": false,
  "max_position_embeddings": 8192,
  "max_sequence_length": 4096,
  "mlp_bias": false,
  "model_type": "llama",
  "moe_group_origin": "dummy",
  "moe_rank": 0,
  "moe_router_bias_update_rate": 0.0,
  "moe_world_size": 1,
  "num_attention_heads": 32,
  "num_hidden_layers": 32,
  "num_key_value_heads": 8,
  "pad_token_id": 0,
  "paddleformers_version": "1.1.0.post20260514",
  "pipeline_model_parallel_size": 2,
  "pp_seg_method": "layer:DecoderLayer|EmptyLayer",
  "pretraining_tp": 1,
  "recompute_granularity": "full",
  "recompute_method": "uniform",
  "recompute_num_layers": 1,
  "rms_norm_eps": 1e-05,
  "rope_parameters": {
    "rope_theta": 500000.0,
    "rope_type": "default"
  },
  "rope_scaling": null,
  "rope_theta": 500000.0,
  "seq_length": 4096,
  "tensor_model_parallel_size": 2,
  "tie_word_embeddings": false,
  "torch_dtype": "float32",
  "use_cache": true,
  "use_fast_layer_norm": false,
  "vocab_size": 128256
}
, layer_idx=31)
[2026-05-14 17:45:54,224] [    INFO] pp_layers.py:899 - 33: RMSNormPipe(config=LlamaConfig {
  "architectures": [
    "LlamaForCausalLM"
  ],
  "attention_bias": false,
  "attention_dropout": 0.0,
  "bos_token_id": 128000,
  "enable_auto_parallel": false,
  "eos_token_id": 128001,
  "head_dim": 128,
  "hidden_act": "silu",
  "hidden_size": 4096,
  "initializer_range": 0.009020646889913162,
  "intermediate_size": 14336,
  "is_lora": false,
  "max_position_embeddings": 8192,
  "max_sequence_length": 4096,
  "mlp_bias": false,
  "model_type": "llama",
  "moe_group_origin": "dummy",
  "moe_rank": 0,
  "moe_router_bias_update_rate": 0.0,
  "moe_world_size": 1,
  "num_attention_heads": 32,
  "num_hidden_layers": 32,
  "num_key_value_heads": 8,
  "pad_token_id": 0,
  "paddleformers_version": "1.1.0.post20260514",
  "pipeline_model_parallel_size": 2,
  "pp_seg_method": "layer:DecoderLayer|EmptyLayer",
  "pretraining_tp": 1,
  "recompute_granularity": "full",
  "recompute_method": "uniform",
  "recompute_num_layers": 1,
  "rms_norm_eps": 1e-05,
  "rope_parameters": {
    "rope_theta": 500000.0,
    "rope_type": "default"
  },
  "rope_scaling": null,
  "rope_theta": 500000.0,
  "seq_length": 4096,
  "tensor_model_parallel_size": 2,
  "tie_word_embeddings": false,
  "torch_dtype": "float32",
  "use_cache": true,
  "use_fast_layer_norm": false,
  "vocab_size": 128256
}
)
[2026-05-14 17:45:54,226] [    INFO] pp_layers.py:899 - 34: LMHeadPipe(config=LlamaConfig {
  "architectures": [
    "LlamaForCausalLM"
  ],
  "attention_bias": false,
  "attention_dropout": 0.0,
  "bos_token_id": 128000,
  "enable_auto_parallel": false,
  "eos_token_id": 128001,
  "head_dim": 128,
  "hidden_act": "silu",
  "hidden_size": 4096,
  "initializer_range": 0.009020646889913162,
  "intermediate_size": 14336,
  "is_lora": false,
  "max_position_embeddings": 8192,
  "max_sequence_length": 4096,
  "mlp_bias": false,
  "model_type": "llama",
  "moe_group_origin": "dummy",
  "moe_rank": 0,
  "moe_router_bias_update_rate": 0.0,
  "moe_world_size": 1,
  "num_attention_heads": 32,
  "num_hidden_layers": 32,
  "num_key_value_heads": 8,
  "pad_token_id": 0,
  "paddleformers_version": "1.1.0.post20260514",
  "pipeline_model_parallel_size": 2,
  "pp_seg_method": "layer:DecoderLayer|EmptyLayer",
  "pretraining_tp": 1,
  "recompute_granularity": "full",
  "recompute_method": "uniform",
  "recompute_num_layers": 1,
  "rms_norm_eps": 1e-05,
  "rope_parameters": {
    "rope_theta": 500000.0,
    "rope_type": "default"
  },
  "rope_scaling": null,
  "rope_theta": 500000.0,
  "seq_length": 4096,
  "tensor_model_parallel_size": 2,
  "tie_word_embeddings": false,
  "torch_dtype": "float32",
  "use_cache": true,
  "use_fast_layer_norm": false,
  "vocab_size": 128256
}
)
[2026-05-14 17:45:54,227] [    INFO] pp_layers.py:921 - loss: CriterionLayerPipe
[2026-05-14 17:45:54,334] [    INFO] pp_layers.py:978 - flush 17 of layers into run_function
/public/home/yuhai/liuyi39/Paddle/build/python/paddle/distributed/fleet/meta_parallel/parallel_layers/pp_layers.py:674: UserWarning: No shared comm will be constructed, this may happen when all shared attrs are on a same stage.
  warnings.warn(
[32m[2026-05-14 17:45:54,338] [    INFO][0m - Using download source: huggingface[0m
[32m[2026-05-14 17:45:55,593] [    INFO][0m - Loading configuration file ./models/Llama-3-8b/config.json[0m
[32m[2026-05-14 17:45:55,594] [    INFO][0m - Using download source: huggingface[0m
[33m[2026-05-14 17:45:56,797] [ WARNING][0m - `template` was not specified, use `empty` template.[0m
[33m[2026-05-14 17:45:56,802] [ WARNING][0m - suffix is not specified, using eos token as suffix.[0m
 > building dataset index ...
    reading sizes...
    reading pointers...
    reading document index...
    creating numpy buffer of mmap...
    creating memory view of numpy buffer...
 > finished creating indexed dataset in 0.001287 seconds
    number of documents: 100000
 > dataset split:
    train:
     document indices in [0, 99000) total of 99000 documents
    validation:
     document indices in [99000, 100000) total of 1000 documents
    test:
     document indices in [100000, 100000) total of 0 documents
W0514 17:45:56.806936 3290412 nccl_comm_context.cc:70] ncclCommInitRankConfigMemOpt is not supported.
searching for causal dataset, build_indices=True, share_folder False, check_rank_flag True
 > WARNING: could not find index map files, building the indices on rank 0 ...
 > only one epoch required, setting separate_last_epoch to False
 > elapsed time to build and save doc-idx mapping (seconds): 0.022693
    using:
     number of documents:       99000
     number of epochs:          1
     sequence length:           4096
     total number of samples:   29862
 > elapsed time to build and save sample-idx mapping (seconds): 0.011795
 > building shuffle index with split [0, 29862) and [29862, 29862) ...
 > elapsed time to build and save shuffle-idx mapping (seconds): 0.007542
 > loading doc-idx mapping from ./data/pt/index-cache/00a74943708040165f8e0a4dfe65118f_doc_idx.npy
 > loading sample-idx mapping from ./data/pt/index-cache/00a74943708040165f8e0a4dfe65118f_sample_idx.npy
 > loading shuffle-idx mapping from ./data/pt/index-cache/00a74943708040165f8e0a4dfe65118f_shuffle_idx.npy
    loaded indexed file in 0.003 seconds
    total number of samples: 29863
    total number of epochs: 1
searching for causal dataset, build_indices=True, share_folder False, check_rank_flag True
 > WARNING: could not find index map files, building the indices on rank 0 ...
 > only one epoch required, setting separate_last_epoch to False
 > elapsed time to build and save doc-idx mapping (seconds): 0.005694
    using:
     number of documents:       1000
     number of epochs:          1
     sequence length:           4096
     total number of samples:   256
 > elapsed time to build and save sample-idx mapping (seconds): 0.005884
 > building shuffle index with split [0, 256) and [256, 256) ...
 > elapsed time to build and save shuffle-idx mapping (seconds): 0.005783
 > loading doc-idx mapping from ./data/pt/index-cache/f4d62d1780d11fcba403c74e115b8ab0_doc_idx.npy
 > loading sample-idx mapping from ./data/pt/index-cache/f4d62d1780d11fcba403c74e115b8ab0_sample_idx.npy
 > loading shuffle-idx mapping from ./data/pt/index-cache/f4d62d1780d11fcba403c74e115b8ab0_shuffle_idx.npy
    loaded indexed file in 0.002 seconds
    total number of samples: 257
    total number of epochs: 1
building indices for the blendable dataset, Since --data_cache is not specified, the index file will not be stored.
> building indices for blendable datasets ...
 > sample ratios:
   dataset 0, input: 1, achieved: 1
> elapsed time for building blendable dataset indices: 0.00 (sec)
> size of blendable dataset: 1200 samples
building indices for the blendable dataset, Since --data_cache is not specified, the index file will not be stored.
> building indices for blendable datasets ...
 > sample ratios:
   dataset 0, input: 1, achieved: 1
> elapsed time for building blendable dataset indices: 0.00 (sec)
> size of blendable dataset: 20 samples
[32m[2026-05-14 17:46:03,277] [    INFO][0m - Setting max_seq_len to None using PaddleFormers Model.[0m
callbacks: [<paddleformers.trainer.trainer_callback.FP8QuantWeightCallback object at 0x14bd38ba3e20>]
[35m[2026-05-14 17:46:03,277] [   DEBUG][0m - 0: main local process completed work, releasing all replicas[0m
[32m[2026-05-14 17:46:03,278] [    INFO][0m - The global seed is set to 23, local seed is set to 27 and random seed is set to 23.[0m
[32m[2026-05-14 17:46:03,373] [    INFO][0m - max_steps is given, it will override any value given in num_train_epochs[0m
[32m[2026-05-14 17:46:03,373] [    INFO][0m - Using half precision[0m
/public/home/yuhai/liuyi39/PaddleFormers/paddleformers/trainer/trainer.py:651: VisibleDeprecationWarning: [93m
Warning:
API "paddle.distributed.fleet.utils.mix_precision_utils.MixPrecisionScaler" is deprecated since 2.5.0, and will be removed in future versions. Please use "paddle.distributed_scaler" instead. [0m
  mix_precision_utils.MixPrecisionScaler(self.scaler)  # return value has no use
[35m[2026-05-14 17:46:03,377] [   DEBUG][0m - ============================================================[0m
[35m[2026-05-14 17:46:03,377] [   DEBUG][0m -     Training Configuration Arguments    [0m
[35m[2026-05-14 17:46:03,377] [   DEBUG][0m - paddle commit id              : ba3477ae69a2c015cb9569eb044381795da89389[0m
[35m[2026-05-14 17:46:03,377] [   DEBUG][0m - paddleformers commit id       : 8139352127d4c61ed5c5f61f64c079097505cb0f.dirty[0m
[35m[2026-05-14 17:46:03,378] [   DEBUG][0m - _no_sync_in_gradient_accumulation: True[0m
[35m[2026-05-14 17:46:03,378] [   DEBUG][0m - adam_beta1                    : 0.9[0m
[35m[2026-05-14 17:46:03,378] [   DEBUG][0m - adam_beta2                    : 0.999[0m
[35m[2026-05-14 17:46:03,378] [   DEBUG][0m - adam_epsilon                  : 1e-08[0m
[35m[2026-05-14 17:46:03,378] [   DEBUG][0m - amp_custom_black_list         : ['reduce_sum', 'softmax_with_cross_entropy', 'c_softmax_with_cross_entropy', 'elementwise_div', 'sin', 'cos'][0m
[35m[2026-05-14 17:46:03,378] [   DEBUG][0m - amp_custom_white_list         : ['lookup_table', 'lookup_table_v2', 'flash_attn', 'matmul', 'matmul_v2', 'fused_gemm_epilogue'][0m
[35m[2026-05-14 17:46:03,378] [   DEBUG][0m - amp_master_grad               : True[0m
[35m[2026-05-14 17:46:03,378] [   DEBUG][0m - aoa_config                    : None[0m
[35m[2026-05-14 17:46:03,378] [   DEBUG][0m - apply_rope_fusion             : False[0m
[35m[2026-05-14 17:46:03,378] [   DEBUG][0m - attention_probs_dropout_prob  : 0.0[0m
[35m[2026-05-14 17:46:03,378] [   DEBUG][0m - auto_parallel_resume_form_hybrid_parallel: False[0m
[35m[2026-05-14 17:46:03,379] [   DEBUG][0m - auto_parallel_sync_shared_params: False[0m
[35m[2026-05-14 17:46:03,379] [   DEBUG][0m - autotuner_benchmark           : False[0m
[35m[2026-05-14 17:46:03,379] [   DEBUG][0m - balanced_image_preprocess     : False[0m
[35m[2026-05-14 17:46:03,379] [   DEBUG][0m - batch_p2p_comm                : True[0m
[35m[2026-05-14 17:46:03,379] [   DEBUG][0m - benchmark                     : False[0m
[35m[2026-05-14 17:46:03,379] [   DEBUG][0m - best_unbalanced_scheduler     : False[0m
[35m[2026-05-14 17:46:03,379] [   DEBUG][0m - beta                          : 0.1[0m
[35m[2026-05-14 17:46:03,379] [   DEBUG][0m - bf16                          : True[0m
[35m[2026-05-14 17:46:03,379] [   DEBUG][0m - bf16_full_eval                : False[0m
[35m[2026-05-14 17:46:03,379] [   DEBUG][0m - ckpt_quant_stage              : O0[0m
[35m[2026-05-14 17:46:03,379] [   DEBUG][0m - clear_every_step_cache        : False[0m
[35m[2026-05-14 17:46:03,379] [   DEBUG][0m - compute_type                  : bf16[0m
[35m[2026-05-14 17:46:03,379] [   DEBUG][0m - context_parallel_rank         : 0[0m
[35m[2026-05-14 17:46:03,380] [   DEBUG][0m - context_parallel_size         : 1[0m
[35m[2026-05-14 17:46:03,380] [   DEBUG][0m - convert_from_hf               : True[0m
[35m[2026-05-14 17:46:03,380] [   DEBUG][0m - copy_custom_file_list         : [0m
[35m[2026-05-14 17:46:03,380] [   DEBUG][0m - count_trained_tokens          : False[0m
[35m[2026-05-14 17:46:03,380] [   DEBUG][0m - cp_comm_type                  : None[0m
[35m[2026-05-14 17:46:03,380] [   DEBUG][0m - cp_sharding_degree            : 1[0m
[35m[2026-05-14 17:46:03,380] [   DEBUG][0m - cp_sharding_rank              : 0[0m
[35m[2026-05-14 17:46:03,380] [   DEBUG][0m - current_device                : gpu:0[0m
[35m[2026-05-14 17:46:03,380] [   DEBUG][0m - data_parallel_config          : [0m
[35m[2026-05-14 17:46:03,380] [   DEBUG][0m - data_parallel_rank            : 0[0m
[35m[2026-05-14 17:46:03,380] [   DEBUG][0m - data_parallel_size            : 1[0m
[35m[2026-05-14 17:46:03,380] [   DEBUG][0m - dataloader_drop_last          : False[0m
[35m[2026-05-14 17:46:03,380] [   DEBUG][0m - dataloader_num_workers        : 0[0m
[35m[2026-05-14 17:46:03,381] [   DEBUG][0m - dataloader_shuffle            : True[0m
[35m[2026-05-14 17:46:03,381] [   DEBUG][0m - dataset_batch_size            : 1000[0m
[35m[2026-05-14 17:46:03,381] [   DEBUG][0m - dataset_kwargs                : {}[0m
[35m[2026-05-14 17:46:03,381] [   DEBUG][0m - dataset_num_proc              : None[0m
[35m[2026-05-14 17:46:03,381] [   DEBUG][0m - dataset_rank                  : 0[0m
[35m[2026-05-14 17:46:03,381] [   DEBUG][0m - dataset_text_field            : text[0m
[35m[2026-05-14 17:46:03,381] [   DEBUG][0m - dataset_world_size            : 1[0m
[35m[2026-05-14 17:46:03,381] [   DEBUG][0m - ddp_find_unused_parameters    : None[0m
[35m[2026-05-14 17:46:03,381] [   DEBUG][0m - decay_function                : half_life[0m
[35m[2026-05-14 17:46:03,381] [   DEBUG][0m - decay_steps                   : 300[0m
[35m[2026-05-14 17:46:03,381] [   DEBUG][0m - deterministic_mode            : False[0m
[35m[2026-05-14 17:46:03,381] [   DEBUG][0m - device                        : gpu[0m
[35m[2026-05-14 17:46:03,382] [   DEBUG][0m - disable_tqdm                  : False[0m
[35m[2026-05-14 17:46:03,382] [   DEBUG][0m - distributed_dataloader        : False[0m
[35m[2026-05-14 17:46:03,382] [   DEBUG][0m - do_eval                       : True[0m
[35m[2026-05-14 17:46:03,382] [   DEBUG][0m - do_export                     : False[0m
[35m[2026-05-14 17:46:03,382] [   DEBUG][0m - do_predict                    : False[0m
[35m[2026-05-14 17:46:03,382] [   DEBUG][0m - do_train                      : True[0m
[35m[2026-05-14 17:46:03,382] [   DEBUG][0m - download_hub                  : None[0m
[35m[2026-05-14 17:46:03,382] [   DEBUG][0m - dp_allreduce_avg_in_gradinent_scale: False[0m
[35m[2026-05-14 17:46:03,382] [   DEBUG][0m - dp_comm_overlap               : False[0m
[35m[2026-05-14 17:46:03,382] [   DEBUG][0m - dpop_lambda                   : 50[0m
[35m[2026-05-14 17:46:03,382] [   DEBUG][0m - embedding_init_method         : None[0m
[35m[2026-05-14 17:46:03,382] [   DEBUG][0m - embedding_init_method_std     : 0.02[0m
[35m[2026-05-14 17:46:03,382] [   DEBUG][0m - enable_auto_parallel          : False[0m
[35m[2026-05-14 17:46:03,383] [   DEBUG][0m - enable_linear_fused_grad_add  : False[0m
[35m[2026-05-14 17:46:03,383] [   DEBUG][0m - enable_mtp_magic_send         : False[0m
[35m[2026-05-14 17:46:03,383] [   DEBUG][0m - enable_sharding_comm_overlap  : False[0m
[35m[2026-05-14 17:46:03,383] [   DEBUG][0m - enable_zero_cost_checkpoint   : False[0m
[35m[2026-05-14 17:46:03,383] [   DEBUG][0m - estimation_output_file        : estimation_output.json[0m
[35m[2026-05-14 17:46:03,383] [   DEBUG][0m - eval_accumulation_steps       : None[0m
[35m[2026-05-14 17:46:03,383] [   DEBUG][0m - eval_batch_size               : 1[0m
[35m[2026-05-14 17:46:03,383] [   DEBUG][0m - eval_iters                    : 10[0m
[35m[2026-05-14 17:46:03,383] [   DEBUG][0m - eval_steps                    : 300[0m
[35m[2026-05-14 17:46:03,383] [   DEBUG][0m - evaluation_strategy           : IntervalStrategy.STEPS[0m
[35m[2026-05-14 17:46:03,383] [   DEBUG][0m - expert_model_parallel_size    : 1[0m
[35m[2026-05-14 17:46:03,383] [   DEBUG][0m - expert_parallel_rank          : 0[0m
[35m[2026-05-14 17:46:03,383] [   DEBUG][0m - expert_tensor_model_parallel_size: 1[0m
[35m[2026-05-14 17:46:03,384] [   DEBUG][0m - fa_version                    : 2[0m
[35m[2026-05-14 17:46:03,384] [   DEBUG][0m - factor                        : 20[0m
[35m[2026-05-14 17:46:03,384] [   DEBUG][0m - flash_device_save_steps       : 0[0m
[35m[2026-05-14 17:46:03,384] [   DEBUG][0m - flatten_param_grads           : False[0m
[35m[2026-05-14 17:46:03,384] [   DEBUG][0m - flex_ckpt_comm_method         : None[0m
[35m[2026-05-14 17:46:03,384] [   DEBUG][0m - force_reshard_pp              : False[0m
[35m[2026-05-14 17:46:03,384] [   DEBUG][0m - forward_backward_overlap_scheduler: False[0m
[35m[2026-05-14 17:46:03,384] [   DEBUG][0m - fp16                          : False[0m
[35m[2026-05-14 17:46:03,384] [   DEBUG][0m - fp16_full_eval                : False[0m
[35m[2026-05-14 17:46:03,384] [   DEBUG][0m - fp16_opt_level                : O1[0m
[35m[2026-05-14 17:46:03,384] [   DEBUG][0m - fp32_residual_connection      : True[0m
[35m[2026-05-14 17:46:03,384] [   DEBUG][0m - fp8                           : None[0m
[35m[2026-05-14 17:46:03,384] [   DEBUG][0m - fp8_wgrad                     : True[0m
[35m[2026-05-14 17:46:03,385] [   DEBUG][0m - freeze_config                 : [0m
[35m[2026-05-14 17:46:03,385] [   DEBUG][0m - freeze_training               : False[0m
[35m[2026-05-14 17:46:03,385] [   DEBUG][0m - fuse_optimizer_states         : False[0m
[35m[2026-05-14 17:46:03,385] [   DEBUG][0m - fuse_sequence_parallel_allreduce: False[0m
[35m[2026-05-14 17:46:03,385] [   DEBUG][0m - fuse_swiglu                   : False[0m
[35m[2026-05-14 17:46:03,385] [   DEBUG][0m - gated_linear_unit             : True[0m
[35m[2026-05-14 17:46:03,385] [   DEBUG][0m - gc_interval                   : 0[0m
[35m[2026-05-14 17:46:03,385] [   DEBUG][0m - global_batch_size             : 4[0m
[35m[2026-05-14 17:46:03,385] [   DEBUG][0m - global_logging_interval       : 1[0m
[35m[2026-05-14 17:46:03,385] [   DEBUG][0m - gradient_accumulation_steps   : 4[0m
[35m[2026-05-14 17:46:03,385] [   DEBUG][0m - gradient_sync_after_accumulate: False[0m
[35m[2026-05-14 17:46:03,385] [   DEBUG][0m - greater_is_better             : None[0m
[35m[2026-05-14 17:46:03,385] [   DEBUG][0m - hidden_dropout_prob           : 0.0[0m
[35m[2026-05-14 17:46:03,386] [   DEBUG][0m - hidden_size                   : None[0m
[35m[2026-05-14 17:46:03,386] [   DEBUG][0m - high_precision_rope           : False[0m
[35m[2026-05-14 17:46:03,386] [   DEBUG][0m - hybrid_parallel_expert_grad_scale: 2.0[0m
[35m[2026-05-14 17:46:03,386] [   DEBUG][0m - hybrid_parallel_topo_order    : sharding_first[0m
[35m[2026-05-14 17:46:03,386] [   DEBUG][0m - ignore_data_skip              : False[0m
[35m[2026-05-14 17:46:03,386] [   DEBUG][0m - ignore_eos_token              : False[0m
[35m[2026-05-14 17:46:03,386] [   DEBUG][0m - ignore_load_lr_and_optim      : False[0m
[35m[2026-05-14 17:46:03,386] [   DEBUG][0m - ignore_save_lr_and_optim      : False[0m
[35m[2026-05-14 17:46:03,386] [   DEBUG][0m - init_method                   : None[0m
[35m[2026-05-14 17:46:03,386] [   DEBUG][0m - intermediate_size             : None[0m
[35m[2026-05-14 17:46:03,386] [   DEBUG][0m - label_names                   : None[0m
[35m[2026-05-14 17:46:03,386] [   DEBUG][0m - label_smoothing               : 0.0[0m
[35m[2026-05-14 17:46:03,386] [   DEBUG][0m - lazy_data_processing          : True[0m
[35m[2026-05-14 17:46:03,386] [   DEBUG][0m - learning_rate                 : 0.0001[0m
[35m[2026-05-14 17:46:03,387] [   DEBUG][0m - load_best_model_at_end        : False[0m
[35m[2026-05-14 17:46:03,387] [   DEBUG][0m - load_checkpoint_format        : flex_checkpoint[0m
[35m[2026-05-14 17:46:03,387] [   DEBUG][0m - load_from_hf                  : False[0m
[35m[2026-05-14 17:46:03,387] [   DEBUG][0m - load_sharded_model            : False[0m
[35m[2026-05-14 17:46:03,387] [   DEBUG][0m - load_sharded_model_remap_parameter_name: False[0m
[35m[2026-05-14 17:46:03,387] [   DEBUG][0m - load_via_cpu                  : True[0m
[35m[2026-05-14 17:46:03,387] [   DEBUG][0m - local_process_index           : 0[0m
[35m[2026-05-14 17:46:03,387] [   DEBUG][0m - local_rank                    : 0[0m
[35m[2026-05-14 17:46:03,387] [   DEBUG][0m - log_global_grad_norm          : False[0m
[35m[2026-05-14 17:46:03,387] [   DEBUG][0m - log_level                     : -1[0m
[35m[2026-05-14 17:46:03,387] [   DEBUG][0m - log_level_replica             : -1[0m
[35m[2026-05-14 17:46:03,387] [   DEBUG][0m - log_on_each_node              : True[0m
[35m[2026-05-14 17:46:03,388] [   DEBUG][0m - logging_dir                   : ./logs/pt/llama3-8b[0m
[35m[2026-05-14 17:46:03,388] [   DEBUG][0m - logging_first_step            : False[0m
[35m[2026-05-14 17:46:03,388] [   DEBUG][0m - logging_steps                 : 1[0m
[35m[2026-05-14 17:46:03,388] [   DEBUG][0m - logging_strategy              : IntervalStrategy.STEPS[0m
[35m[2026-05-14 17:46:03,388] [   DEBUG][0m - logical_process_index         : 0[0m
[35m[2026-05-14 17:46:03,388] [   DEBUG][0m - loss_subbatch_sequence_length : -1[0m
[35m[2026-05-14 17:46:03,388] [   DEBUG][0m - loss_type                     : sigmoid[0m
[35m[2026-05-14 17:46:03,388] [   DEBUG][0m - lr_end                        : 1e-07[0m
[35m[2026-05-14 17:46:03,388] [   DEBUG][0m - lr_scheduler                  : cosine[0m
[35m[2026-05-14 17:46:03,388] [   DEBUG][0m - lr_scheduler_type             : SchedulerType.LINEAR[0m
[35m[2026-05-14 17:46:03,388] [   DEBUG][0m - max_estimate_samples          : 100000.0[0m
[35m[2026-05-14 17:46:03,388] [   DEBUG][0m - max_evaluate_steps            : -1[0m
[35m[2026-05-14 17:46:03,388] [   DEBUG][0m - max_grad_norm                 : 1.0[0m
[35m[2026-05-14 17:46:03,389] [   DEBUG][0m - max_gradient_accumulation_steps: 4[0m
[35m[2026-05-14 17:46:03,389] [   DEBUG][0m - max_seq_len                   : 4096[0m
[35m[2026-05-14 17:46:03,389] [   DEBUG][0m - max_steps                     : 300[0m
[35m[2026-05-14 17:46:03,389] [   DEBUG][0m - merge_with_qdq_base_model     : False[0m
[35m[2026-05-14 17:46:03,389] [   DEBUG][0m - metric_for_best_model         : None[0m
[35m[2026-05-14 17:46:03,389] [   DEBUG][0m - metrics_output_path           : None[0m
[35m[2026-05-14 17:46:03,389] [   DEBUG][0m - min_lr                        : 0.0[0m
[35m[2026-05-14 17:46:03,389] [   DEBUG][0m - minimum_eval_times            : None[0m
[35m[2026-05-14 17:46:03,389] [   DEBUG][0m - model_name_or_path            : ./models/Llama-3-8b[0m
[35m[2026-05-14 17:46:03,389] [   DEBUG][0m - moe_deep_gemm                 : False[0m
[35m[2026-05-14 17:46:03,389] [   DEBUG][0m - moe_deepep_num_sms            : None[0m
[35m[2026-05-14 17:46:03,389] [   DEBUG][0m - moe_dequant_input             : False[0m
[35m[2026-05-14 17:46:03,389] [   DEBUG][0m - moe_dropout_prob              : 0.0[0m
[35m[2026-05-14 17:46:03,390] [   DEBUG][0m - moe_ep_barrier                : True[0m
[35m[2026-05-14 17:46:03,390] [   DEBUG][0m - moe_expert_capacity_factor    : 0.0[0m
[35m[2026-05-14 17:46:03,390] [   DEBUG][0m - moe_expert_fusion             : True[0m
[35m[2026-05-14 17:46:03,390] [   DEBUG][0m - moe_gate_lr_ratio             : None[0m
[35m[2026-05-14 17:46:03,390] [   DEBUG][0m - moe_grouped_gemm              : False[0m
[35m[2026-05-14 17:46:03,390] [   DEBUG][0m - moe_pad_expert_input_to_capacity: False[0m
[35m[2026-05-14 17:46:03,390] [   DEBUG][0m - moe_router_bias_update_rate   : 0.0[0m
[35m[2026-05-14 17:46:03,390] [   DEBUG][0m - moe_router_force_load_balancing: False[0m
[35m[2026-05-14 17:46:03,390] [   DEBUG][0m - moe_router_fusion             : True[0m
[35m[2026-05-14 17:46:03,390] [   DEBUG][0m - moe_router_load_balancing_type: seq_aux_loss[0m
[35m[2026-05-14 17:46:03,390] [   DEBUG][0m - moe_sharding_parallel_rank    : 0[0m
[35m[2026-05-14 17:46:03,390] [   DEBUG][0m - moe_sharding_parallel_size    : 1[0m
[35m[2026-05-14 17:46:03,390] [   DEBUG][0m - moe_shared_expert_overlap     : True[0m
[35m[2026-05-14 17:46:03,391] [   DEBUG][0m - moe_subbatch_token_num_after_dispatch: None[0m
[35m[2026-05-14 17:46:03,391] [   DEBUG][0m - moe_subbatch_token_num_before_dispatch: 0[0m
[35m[2026-05-14 17:46:03,391] [   DEBUG][0m - moe_token_dispatcher_type     : deepep[0m
[35m[2026-05-14 17:46:03,391] [   DEBUG][0m - moe_token_drop_policy         : probs[0m
[35m[2026-05-14 17:46:03,391] [   DEBUG][0m - moe_use_fusion_node           : True[0m
[35m[2026-05-14 17:46:03,391] [   DEBUG][0m - moe_with_send_router_loss     : True[0m
[35m[2026-05-14 17:46:03,391] [   DEBUG][0m - mp_async_allreduce            : False[0m
[35m[2026-05-14 17:46:03,391] [   DEBUG][0m - mp_fused_linear_param_grad_add: False[0m
[35m[2026-05-14 17:46:03,391] [   DEBUG][0m - mp_skip_c_identity            : False[0m
[35m[2026-05-14 17:46:03,391] [   DEBUG][0m - mtp_distillation_loss         : False[0m
[35m[2026-05-14 17:46:03,391] [   DEBUG][0m - mtp_num_layers                : 0[0m
[35m[2026-05-14 17:46:03,391] [   DEBUG][0m - multi_latent_attention        : False[0m
[35m[2026-05-14 17:46:03,391] [   DEBUG][0m - muon_exclude_patterns         : ['embed', 'bias', 'lm_head', 'mlp.gate'][0m
[35m[2026-05-14 17:46:03,392] [   DEBUG][0m - muon_extra_scale_factor       : 0.2[0m
[35m[2026-05-14 17:46:03,392] [   DEBUG][0m - muon_ffn_split                : True[0m
[35m[2026-05-14 17:46:03,392] [   DEBUG][0m - muon_momentum                 : 0.95[0m
[35m[2026-05-14 17:46:03,392] [   DEBUG][0m - muon_ns_coeff_type            : quintic[0m
[35m[2026-05-14 17:46:03,392] [   DEBUG][0m - muon_ns_steps                 : 5[0m
[35m[2026-05-14 17:46:03,392] [   DEBUG][0m - muon_qkv_update_mode          : split_head[0m
[35m[2026-05-14 17:46:03,392] [   DEBUG][0m - muon_version                  : 3[0m
[35m[2026-05-14 17:46:03,392] [   DEBUG][0m - n_routed_experts              : None[0m
[35m[2026-05-14 17:46:03,392] [   DEBUG][0m - nccl_comm_group_config        : None[0m
[35m[2026-05-14 17:46:03,392] [   DEBUG][0m - need_data                     : True[0m
[35m[2026-05-14 17:46:03,392] [   DEBUG][0m - no_cuda                       : False[0m
[35m[2026-05-14 17:46:03,392] [   DEBUG][0m - no_recompute_layers           : None[0m
[35m[2026-05-14 17:46:03,392] [   DEBUG][0m - no_rope_freq                  : False[0m
[35m[2026-05-14 17:46:03,393] [   DEBUG][0m - non_batch_p2p_comm            : False[0m
[35m[2026-05-14 17:46:03,393] [   DEBUG][0m - normalization                 : RMSNorm[0m
[35m[2026-05-14 17:46:03,393] [   DEBUG][0m - normalize_logps               : False[0m
[35m[2026-05-14 17:46:03,393] [   DEBUG][0m - num_attention_heads           : None[0m
[35m[2026-05-14 17:46:03,393] [   DEBUG][0m - num_consecutive               : 1[0m
[35m[2026-05-14 17:46:03,393] [   DEBUG][0m - num_cycles                    : 0.5[0m
[35m[2026-05-14 17:46:03,393] [   DEBUG][0m - num_empty_layers_add_in_head  : 0[0m
[35m[2026-05-14 17:46:03,393] [   DEBUG][0m - num_empty_layers_add_in_tail  : 0[0m
[35m[2026-05-14 17:46:03,393] [   DEBUG][0m - num_experts_per_tok           : None[0m
[35m[2026-05-14 17:46:03,393] [   DEBUG][0m - num_hidden_layers             : None[0m
[35m[2026-05-14 17:46:03,393] [   DEBUG][0m - num_key_value_heads           : None[0m
[35m[2026-05-14 17:46:03,393] [   DEBUG][0m - num_nextn_predict_layers      : 0[0m
[35m[2026-05-14 17:46:03,393] [   DEBUG][0m - num_of_gpus                   : -1[0m
[35m[2026-05-14 17:46:03,394] [   DEBUG][0m - num_train_epochs              : 1.0[0m
[35m[2026-05-14 17:46:03,394] [   DEBUG][0m - offload_fp8_expert_master_weight: True[0m
[35m[2026-05-14 17:46:03,394] [   DEBUG][0m - offload_queue                 : False[0m
[35m[2026-05-14 17:46:03,394] [   DEBUG][0m - offset_alpha                  : 0.0[0m
[35m[2026-05-14 17:46:03,394] [   DEBUG][0m - online_merge_ema              : True[0m
[35m[2026-05-14 17:46:03,394] [   DEBUG][0m - optim                         : OptimizerNames.ADAMW[0m
[35m[2026-05-14 17:46:03,394] [   DEBUG][0m - optim_shard_num               : 1[0m
[35m[2026-05-14 17:46:03,394] [   DEBUG][0m - optimizer_name_suffix         : tp00_pp00[0m
[35m[2026-05-14 17:46:03,394] [   DEBUG][0m - ordered_save_group_size       : 0[0m
[35m[2026-05-14 17:46:03,394] [   DEBUG][0m - output_dir                    : ./checkpoints/pt/llama3-8b[0m
[35m[2026-05-14 17:46:03,394] [   DEBUG][0m - output_layer_init_method      : None[0m
[35m[2026-05-14 17:46:03,394] [   DEBUG][0m - output_signal_dir             : ./checkpoints/pt/llama3-8b[0m
[35m[2026-05-14 17:46:03,395] [   DEBUG][0m - overlap                       : False[0m
[35m[2026-05-14 17:46:03,395] [   DEBUG][0m - overlap_p2p_comm              : False[0m
[35m[2026-05-14 17:46:03,395] [   DEBUG][0m - overwrite_output_dir          : True[0m
[35m[2026-05-14 17:46:03,395] [   DEBUG][0m - p2p_cache_shape               : True[0m
[35m[2026-05-14 17:46:03,395] [   DEBUG][0m - pad_token_id                  : 0[0m
[35m[2026-05-14 17:46:03,395] [   DEBUG][0m - partial_send_recv             : True[0m
[35m[2026-05-14 17:46:03,395] [   DEBUG][0m - past_index                    : -1[0m
[35m[2026-05-14 17:46:03,395] [   DEBUG][0m - pdc_download_ckpt             : False[0m
[35m[2026-05-14 17:46:03,395] [   DEBUG][0m - pdc_download_timeout          : 300[0m
[35m[2026-05-14 17:46:03,395] [   DEBUG][0m - per_device_eval_batch_size    : 1[0m
[35m[2026-05-14 17:46:03,395] [   DEBUG][0m - per_device_train_batch_size   : 1[0m
[35m[2026-05-14 17:46:03,395] [   DEBUG][0m - pipeline_model_parallel_size  : 2[0m
[35m[2026-05-14 17:46:03,395] [   DEBUG][0m - pipeline_parallel_config      : [0m
[35m[2026-05-14 17:46:03,396] [   DEBUG][0m - pipeline_parallel_rank        : 0[0m
[35m[2026-05-14 17:46:03,396] [   DEBUG][0m - position_embedding_type       : rope[0m
[35m[2026-05-14 17:46:03,396] [   DEBUG][0m - power                         : 1.0[0m
[35m[2026-05-14 17:46:03,396] [   DEBUG][0m - pp_delay_scale_loss           : True[0m
[35m[2026-05-14 17:46:03,396] [   DEBUG][0m - pp_need_data                  : False[0m
[35m[2026-05-14 17:46:03,396] [   DEBUG][0m - pp_need_data_degree           : 0[0m
[35m[2026-05-14 17:46:03,396] [   DEBUG][0m - pp_release_grads              : False[0m
[35m[2026-05-14 17:46:03,396] [   DEBUG][0m - pp_sharding_comm_overlap      : False[0m
[35m[2026-05-14 17:46:03,396] [   DEBUG][0m - pp_sync_moment                : False[0m
[35m[2026-05-14 17:46:03,396] [   DEBUG][0m - pp_sync_param                 : False[0m
[35m[2026-05-14 17:46:03,396] [   DEBUG][0m - pre_alloc_memory              : 0[0m
[35m[2026-05-14 17:46:03,396] [   DEBUG][0m - prediction_loss_only          : False[0m
[35m[2026-05-14 17:46:03,396] [   DEBUG][0m - pref_loss_ratio               : 1.0[0m
[35m[2026-05-14 17:46:03,397] [   DEBUG][0m - prefetch_factor               : 2[0m
[35m[2026-05-14 17:46:03,397] [   DEBUG][0m - process_index                 : 0[0m
[35m[2026-05-14 17:46:03,397] [   DEBUG][0m - profile                       : False[0m
[35m[2026-05-14 17:46:03,397] [   DEBUG][0m - profile_step_end              : 12[0m
[35m[2026-05-14 17:46:03,397] [   DEBUG][0m - profile_step_start            : 10[0m
[35m[2026-05-14 17:46:03,397] [   DEBUG][0m - recompute_granularity         : full[0m
[35m[2026-05-14 17:46:03,397] [   DEBUG][0m - recompute_method              : uniform[0m
[35m[2026-05-14 17:46:03,397] [   DEBUG][0m - recompute_modules             : None[0m
[35m[2026-05-14 17:46:03,397] [   DEBUG][0m - recompute_mtp_granularity     : None[0m
[35m[2026-05-14 17:46:03,397] [   DEBUG][0m - recompute_mtp_method          : None[0m
[35m[2026-05-14 17:46:03,397] [   DEBUG][0m - recompute_mtp_modules         : None[0m
[35m[2026-05-14 17:46:03,397] [   DEBUG][0m - recompute_num_layers          : 1[0m
[35m[2026-05-14 17:46:03,397] [   DEBUG][0m - recompute_use_reentrant       : True[0m
[35m[2026-05-14 17:46:03,398] [   DEBUG][0m - reeao_dataset_rank            : 0[0m
[35m[2026-05-14 17:46:03,398] [   DEBUG][0m - reeao_dataset_world_size      : 1[0m
[35m[2026-05-14 17:46:03,398] [   DEBUG][0m - ref_model_update_steps        : -1[0m
[35m[2026-05-14 17:46:03,398] [   DEBUG][0m - reference_free                : False[0m
[35m[2026-05-14 17:46:03,398] [   DEBUG][0m - release_grads                 : False[0m
[35m[2026-05-14 17:46:03,398] [   DEBUG][0m - remove_unused_columns         : True[0m
[35m[2026-05-14 17:46:03,398] [   DEBUG][0m - reorder_pipeline_priority     : False[0m
[35m[2026-05-14 17:46:03,398] [   DEBUG][0m - replace_with_c_embedding      : False[0m
[35m[2026-05-14 17:46:03,398] [   DEBUG][0m - replace_with_parallel_cross_entropy: False[0m
[35m[2026-05-14 17:46:03,398] [   DEBUG][0m - replicate_saved_into_local    : False[0m
[35m[2026-05-14 17:46:03,398] [   DEBUG][0m - report_to                     : ['visualdl'][0m
[35m[2026-05-14 17:46:03,398] [   DEBUG][0m - resume_from_checkpoint        : None[0m
[35m[2026-05-14 17:46:03,398] [   DEBUG][0m - resume_from_huggingface_ckpt  : None[0m
[35m[2026-05-14 17:46:03,399] [   DEBUG][0m - router_aux_loss_coef          : 0.0[0m
[35m[2026-05-14 17:46:03,399] [   DEBUG][0m - router_z_loss_coef            : None[0m
[35m[2026-05-14 17:46:03,399] [   DEBUG][0m - run_name                      : ./checkpoints/pt/llama3-8b[0m
[35m[2026-05-14 17:46:03,399] [   DEBUG][0m - same_data                     : None[0m
[35m[2026-05-14 17:46:03,399] [   DEBUG][0m - save_checkpoint_format        : flex_checkpoint[0m
[35m[2026-05-14 17:46:03,399] [   DEBUG][0m - save_hf_memory_growth_threshold: 8[0m
[35m[2026-05-14 17:46:03,399] [   DEBUG][0m - save_hf_steps                 : -1[0m
[35m[2026-05-14 17:46:03,399] [   DEBUG][0m - save_hf_total_limit           : None[0m
[35m[2026-05-14 17:46:03,399] [   DEBUG][0m - save_last_step                : False[0m
[35m[2026-05-14 17:46:03,399] [   DEBUG][0m - save_on_each_node             : False[0m
[35m[2026-05-14 17:46:03,399] [   DEBUG][0m - save_rng_states               : True[0m
[35m[2026-05-14 17:46:03,399] [   DEBUG][0m - save_sharded_model            : False[0m
[35m[2026-05-14 17:46:03,399] [   DEBUG][0m - save_sharding_stage1_model_include_freeze_params: False[0m
[35m[2026-05-14 17:46:03,400] [   DEBUG][0m - save_steps                    : 300[0m
[35m[2026-05-14 17:46:03,400] [   DEBUG][0m - save_strategy                 : IntervalStrategy.NO[0m
[35m[2026-05-14 17:46:03,400] [   DEBUG][0m - save_to_hf                    : True[0m
[35m[2026-05-14 17:46:03,400] [   DEBUG][0m - save_tokenizer                : True[0m
[35m[2026-05-14 17:46:03,400] [   DEBUG][0m - save_total_limit              : None[0m
[35m[2026-05-14 17:46:03,400] [   DEBUG][0m - scale_loss                    : 32768[0m
[35m[2026-05-14 17:46:03,400] [   DEBUG][0m - sd_release_grads              : False[0m
[35m[2026-05-14 17:46:03,400] [   DEBUG][0m - sd_sharding_comm_overlap      : False[0m
[35m[2026-05-14 17:46:03,400] [   DEBUG][0m - sd_shardingv1_comm_overlap    : False[0m
[35m[2026-05-14 17:46:03,400] [   DEBUG][0m - seed                          : 23[0m
[35m[2026-05-14 17:46:03,400] [   DEBUG][0m - send_recv_overlap             : False[0m
[35m[2026-05-14 17:46:03,400] [   DEBUG][0m - sep_parallel_size             : 1[0m
[35m[2026-05-14 17:46:03,400] [   DEBUG][0m - sequence_parallel             : False[0m
[35m[2026-05-14 17:46:03,401] [   DEBUG][0m - sequence_parallel_config      : [0m
[35m[2026-05-14 17:46:03,401] [   DEBUG][0m - sft_loss_ratio                : 0.0[0m
[35m[2026-05-14 17:46:03,401] [   DEBUG][0m - sharded_model_from_ema        : False[0m
[35m[2026-05-14 17:46:03,401] [   DEBUG][0m - sharding                      : [][0m
[35m[2026-05-14 17:46:03,401] [   DEBUG][0m - sharding_comm_buffer_size_MB  : -1[0m
[35m[2026-05-14 17:46:03,401] [   DEBUG][0m - sharding_degree               : -1[0m
[35m[2026-05-14 17:46:03,401] [   DEBUG][0m - sharding_offload_opt_buffersize_GB: -1[0m
[35m[2026-05-14 17:46:03,401] [   DEBUG][0m - sharding_parallel_config      : [0m
[35m[2026-05-14 17:46:03,401] [   DEBUG][0m - sharding_parallel_mesh_dimension: dp[0m
[35m[2026-05-14 17:46:03,401] [   DEBUG][0m - sharding_parallel_rank        : 0[0m
[35m[2026-05-14 17:46:03,401] [   DEBUG][0m - sharding_parallel_size        : 1[0m
[35m[2026-05-14 17:46:03,401] [   DEBUG][0m - should_load_dataset           : True[0m
[35m[2026-05-14 17:46:03,401] [   DEBUG][0m - should_load_sharding_stage1_model: False[0m
[35m[2026-05-14 17:46:03,402] [   DEBUG][0m - should_log                    : True[0m
[35m[2026-05-14 17:46:03,402] [   DEBUG][0m - should_save                   : True[0m
[35m[2026-05-14 17:46:03,402] [   DEBUG][0m - should_save_model_state       : True[0m
[35m[2026-05-14 17:46:03,402] [   DEBUG][0m - should_save_model_with_tensor_fusion: False[0m
[35m[2026-05-14 17:46:03,402] [   DEBUG][0m - should_save_sharding_stage1_model: False[0m
[35m[2026-05-14 17:46:03,402] [   DEBUG][0m - shuffle_consecutive           : False[0m
[35m[2026-05-14 17:46:03,402] [   DEBUG][0m - simpo_gamma                   : 0.5[0m
[35m[2026-05-14 17:46:03,402] [   DEBUG][0m - skip_data_intervals           : None[0m
[35m[2026-05-14 17:46:03,402] [   DEBUG][0m - skip_memory_metrics           : True[0m
[35m[2026-05-14 17:46:03,402] [   DEBUG][0m - skip_profile_timer            : True[0m
[35m[2026-05-14 17:46:03,402] [   DEBUG][0m - softmax_scale                 : None[0m
[35m[2026-05-14 17:46:03,402] [   DEBUG][0m - softmax_type                  : vanilla[0m
[35m[2026-05-14 17:46:03,403] [   DEBUG][0m - sp_allreduce_avg_in_gradinent_scale: False[0m
[35m[2026-05-14 17:46:03,403] [   DEBUG][0m - sp_async_reduce_scatter       : False[0m
[35m[2026-05-14 17:46:03,403] [   DEBUG][0m - split_backward                : False[0m
[35m[2026-05-14 17:46:03,403] [   DEBUG][0m - split_inputs_sequence_dim     : True[0m
[35m[2026-05-14 17:46:03,403] [   DEBUG][0m - split_norm_comm               : False[0m
[35m[2026-05-14 17:46:03,403] [   DEBUG][0m - split_param                   : True[0m
[35m[2026-05-14 17:46:03,403] [   DEBUG][0m - stage1_allgather_overlap      : False[0m
[35m[2026-05-14 17:46:03,403] [   DEBUG][0m - stage1_broadcast_overlap      : False[0m
[35m[2026-05-14 17:46:03,403] [   DEBUG][0m - stage1_overlap                : False[0m
[35m[2026-05-14 17:46:03,403] [   DEBUG][0m - stage1_reduce_avg             : True[0m
[35m[2026-05-14 17:46:03,403] [   DEBUG][0m - stage1_tensor_fusion          : False[0m
[35m[2026-05-14 17:46:03,403] [   DEBUG][0m - stage2_overlap                : False[0m
[35m[2026-05-14 17:46:03,403] [   DEBUG][0m - sync_grad                     : False[0m
[35m[2026-05-14 17:46:03,403] [   DEBUG][0m - tensor_fusion                 : False[0m
[35m[2026-05-14 17:46:03,404] [   DEBUG][0m - tensor_model_parallel_size    : 2[0m
[35m[2026-05-14 17:46:03,404] [   DEBUG][0m - tensor_parallel_config        : [0m
[35m[2026-05-14 17:46:03,404] [   DEBUG][0m - tensor_parallel_output        : True[0m
[35m[2026-05-14 17:46:03,404] [   DEBUG][0m - tensor_parallel_rank          : 0[0m
[35m[2026-05-14 17:46:03,404] [   DEBUG][0m - tensorwise_offload_optimizer  : False[0m
[35m[2026-05-14 17:46:03,404] [   DEBUG][0m - test_iters                    : 100[0m
[35m[2026-05-14 17:46:03,404] [   DEBUG][0m - tie_word_embeddings           : None[0m
[35m[2026-05-14 17:46:03,404] [   DEBUG][0m - timer                         : False[0m
[35m[2026-05-14 17:46:03,404] [   DEBUG][0m - to_static                     : False[0m
[35m[2026-05-14 17:46:03,404] [   DEBUG][0m - token_balance_loss            : False[0m
[35m[2026-05-14 17:46:03,404] [   DEBUG][0m - tp_async_allreduce            : False[0m
[35m[2026-05-14 17:46:03,404] [   DEBUG][0m - tp_sync_moment                : False[0m
[35m[2026-05-14 17:46:03,404] [   DEBUG][0m - tp_sync_param                 : False[0m
[35m[2026-05-14 17:46:03,405] [   DEBUG][0m - train_batch_size              : 1[0m
[35m[2026-05-14 17:46:03,405] [   DEBUG][0m - train_mtp_only                : False[0m
[35m[2026-05-14 17:46:03,405] [   DEBUG][0m - unified_checkpoint            : False[0m
[35m[2026-05-14 17:46:03,405] [   DEBUG][0m - unified_checkpoint_config     : [0m
[35m[2026-05-14 17:46:03,405] [   DEBUG][0m - use_async_save                : False[0m
[35m[2026-05-14 17:46:03,405] [   DEBUG][0m - use_cache                     : False[0m
[35m[2026-05-14 17:46:03,405] [   DEBUG][0m - use_dualpipev                 : False[0m
[35m[2026-05-14 17:46:03,405] [   DEBUG][0m - use_expert_parallel           : False[0m
[35m[2026-05-14 17:46:03,405] [   DEBUG][0m - use_filtered_label_loss       : False[0m
[35m[2026-05-14 17:46:03,405] [   DEBUG][0m - use_fp8                       : False[0m
[35m[2026-05-14 17:46:03,405] [   DEBUG][0m - use_fused_head_and_loss_fn    : False[0m
[35m[2026-05-14 17:46:03,405] [   DEBUG][0m - use_fused_linear_cross_entropy: False[0m
[35m[2026-05-14 17:46:03,405] [   DEBUG][0m - use_hybrid_parallel           : True[0m
[35m[2026-05-14 17:46:03,406] [   DEBUG][0m - use_intermediate_api          : False[0m
[35m[2026-05-14 17:46:03,406] [   DEBUG][0m - use_lowprecision_moment       : False[0m
[35m[2026-05-14 17:46:03,406] [   DEBUG][0m - use_moe                       : False[0m
[35m[2026-05-14 17:46:03,406] [   DEBUG][0m - use_ortho_loss_callback       : False[0m
[35m[2026-05-14 17:46:03,406] [   DEBUG][0m - use_qk_norm                   : None[0m
[35m[2026-05-14 17:46:03,406] [   DEBUG][0m - use_recompute_mtp             : False[0m
[35m[2026-05-14 17:46:03,406] [   DEBUG][0m - use_unified_moe               : False[0m
[35m[2026-05-14 17:46:03,406] [   DEBUG][0m - using_sonic_moe               : False[0m
[35m[2026-05-14 17:46:03,406] [   DEBUG][0m - variable_seq_lengths          : False[0m
[35m[2026-05-14 17:46:03,406] [   DEBUG][0m - virtual_pipeline_model_parallel_size: 1[0m
[35m[2026-05-14 17:46:03,406] [   DEBUG][0m - wandb_api_key                 : None[0m
[35m[2026-05-14 17:46:03,406] [   DEBUG][0m - wandb_http_proxy              : None[0m
[35m[2026-05-14 17:46:03,406] [   DEBUG][0m - warmup_ratio                  : 0.0[0m
[35m[2026-05-14 17:46:03,407] [   DEBUG][0m - warmup_steps                  : 10[0m
[35m[2026-05-14 17:46:03,407] [   DEBUG][0m - weight_decay                  : 0.0[0m
[35m[2026-05-14 17:46:03,407] [   DEBUG][0m - weight_name_suffix            : tp00_pp00[0m
[35m[2026-05-14 17:46:03,407] [   DEBUG][0m - weight_quantize_algo          : None[0m
[35m[2026-05-14 17:46:03,407] [   DEBUG][0m - world_size                    : 4[0m
[35m[2026-05-14 17:46:03,407] [   DEBUG][0m - zcc_ema_interval              : 1[0m
[35m[2026-05-14 17:46:03,407] [   DEBUG][0m - zcc_ema_loss_threshold        : None[0m
[35m[2026-05-14 17:46:03,407] [   DEBUG][0m - zcc_pipeline_hooks_capacity_usage: 0.6[0m
[35m[2026-05-14 17:46:03,407] [   DEBUG][0m - zcc_save_ema_coef             : None[0m
[35m[2026-05-14 17:46:03,407] [   DEBUG][0m - zcc_workers_num               : 3[0m
[35m[2026-05-14 17:46:03,407] [   DEBUG][0m - [0m
[32m[2026-05-14 17:46:03,408] [    INFO][0m - Starting training from resume_from_checkpoint : None[0m
[32m[2026-05-14 17:46:03,409] [    INFO][0m - [timelog] RuntimeTimer: 0.00s (2026-05-14 17:46:03) [0m
[32m[2026-05-14 17:46:03,410] [    INFO][0m - ***** Running training *****[0m
[32m[2026-05-14 17:46:03,410] [    INFO][0m -   Num examples = 1,200[0m
[32m[2026-05-14 17:46:03,410] [    INFO][0m -   Num Epochs = 1[0m
[32m[2026-05-14 17:46:03,410] [    INFO][0m -   Instantaneous batch size per device = 1[0m
[32m[2026-05-14 17:46:03,410] [    INFO][0m -   Total train batch size (w. parallel, distributed & accumulation) = 4[0m
[32m[2026-05-14 17:46:03,410] [    INFO][0m -   Gradient Accumulation steps = 4[0m
[32m[2026-05-14 17:46:03,410] [    INFO][0m -   Total optimization steps = 300[0m
[32m[2026-05-14 17:46:03,410] [    INFO][0m -   Total num train samples = 1,200[0m
[2026-05-14 17:46:03,416] [    INFO] pipeline_parallel.py:808 - Pipeline scheduler is in dynamic_shape mode=False
[2026-05-14 17:46:03,416] [    INFO] pipeline_parallel.py:818 - dp_comm_overlap False;             sharding_comm_overlap False;             sharding_split_param False;
[2026-05-14 17:46:03,417] [    INFO] pipeline_parallel.py:890 - Pipeline Info -- num_stages: 2, stage_id: 0
[2026-05-14 17:46:03,417] [    INFO] pipeline_parallel.py:895 - start broadcast mp parameters
W0514 17:46:03.475383 3290412 nccl_comm_context.cc:70] ncclCommInitRankConfigMemOpt is not supported.
[2026-05-14 17:46:03,668] [ WARNING] hybrid_parallel_optimizer.py:332 - While using ClipGradByGlobalNorm in TensorParallel, PipelineParallel or Sharding, the grad clip of original optimizer will be changed.
[35m[2026-05-14 17:46:03,671] [   DEBUG][0m -   Number of trainable parameters = 2,007,629,824 (per device)[0m
[35m[2026-05-14 17:46:03,769] [   DEBUG][0m -   Number of trainable parameters = 8,030,527,488 (all devices, roughly)[0m

TrainProcess:   0%|          | 0/300 [00:00<?, ?it/s]W0514 17:46:07.857585 3290412 nccl_comm_context.cc:70] ncclCommInitRankConfigMemOpt is not supported.
W0514 17:46:18.200063 3290412 nccl_comm_context.cc:70] ncclCommInitRankConfigMemOpt is not supported.

TrainProcess:   0%|          | 1/300 [00:15<1:15:41, 15.19s/it][32m[2026-05-14 17:46:18,991] [    INFO][0m - loss: 12.76468945, learning_rate: 1e-05, global_step: 1, current_memory_allocated: 29.91601800918579, current_memory_reserved: 29.962892293930054, max_memory_allocated: 29.916018962860107, max_memory_reserved: 29.962892293930054, interval_runtime: 15.2055, interval_samples_per_second: 0.2631, interval_steps_per_second: 0.0658, global_norm: 24.68471908569336, ppl: 349650.53037329414, progress_or_epoch: 0.0033, cpu_used_memory: 53.68, cpu_available_memory: 449.5[0m
[32m[2026-05-14 17:46:18,991] [    INFO][0m - [DataLoad global_step: 1] data_load_time: 222.28 ms (accumulated over 4 micro-batches)[0m

TrainProcess:   1%|          | 2/300 [00:21<48:47,  9.82s/it]  [32m[2026-05-14 17:46:25,064] [    INFO][0m - loss: 12.76463699, learning_rate: 2e-05, global_step: 2, current_memory_allocated: 29.91601800918579, current_memory_reserved: 37.369142293930054, max_memory_allocated: 35.51831269264221, max_memory_reserved: 37.369142293930054, interval_runtime: 6.0696, interval_samples_per_second: 0.659, interval_steps_per_second: 0.1648, global_norm: 26.266353607177734, ppl: 349632.18818759016, progress_or_epoch: 0.0067, cpu_used_memory: 53.67, cpu_available_memory: 449.52[0m
[32m[2026-05-14 17:46:25,064] [    INFO][0m - [DataLoad global_step: 2] data_load_time: 0.82 ms (accumulated over 4 micro-batches)[0m

TrainProcess:   1%|          | 3/300 [00:27<40:07,  8.11s/it][32m[2026-05-14 17:46:31,128] [    INFO][0m - loss: 12.34112167, learning_rate: 3e-05, global_step: 3, current_memory_allocated: 29.91601800918579, current_memory_reserved: 37.369142293930054, max_memory_allocated: 35.51831269264221, max_memory_reserved: 37.369142293930054, interval_runtime: 6.064, interval_samples_per_second: 0.6596, interval_steps_per_second: 0.1649, global_norm: 21.705795288085938, ppl: 228918.57920715504, progress_or_epoch: 0.01, cpu_used_memory: 53.66, cpu_available_memory: 449.53[0m
[32m[2026-05-14 17:46:31,128] [    INFO][0m - [DataLoad global_step: 3] data_load_time: 0.76 ms (accumulated over 4 micro-batches)[0m

TrainProcess:   1%|▏         | 4/300 [00:33<36:01,  7.30s/it][32m[2026-05-14 17:46:37,194] [    INFO][0m - loss: 12.01189899, learning_rate: 4e-05, global_step: 4, current_memory_allocated: 29.91601800918579, current_memory_reserved: 37.369142293930054, max_memory_allocated: 35.51831269264221, max_memory_reserved: 37.369142293930054, interval_runtime: 6.0662, interval_samples_per_second: 0.6594, interval_steps_per_second: 0.1648, global_norm: 69.6667709350586, ppl: 164702.97678740497, progress_or_epoch: 0.0133, cpu_used_memory: 53.65, cpu_available_memory: 449.54[0m
[32m[2026-05-14 17:46:37,194] [    INFO][0m - [DataLoad global_step: 4] data_load_time: 1.44 ms (accumulated over 4 micro-batches)[0m

TrainProcess:   2%|▏         | 5/300 [00:39<33:42,  6.86s/it][32m[2026-05-14 17:46:43,264] [    INFO][0m - loss: 12.40356445, learning_rate: 5e-05, global_step: 5, current_memory_allocated: 29.91601800918579, current_memory_reserved: 37.369142293930054, max_memory_allocated: 35.51831269264221, max_memory_reserved: 37.369142293930054, interval_runtime: 6.0683, interval_samples_per_second: 0.6592, interval_steps_per_second: 0.1648, global_norm: 110.36744689941406, ppl: 243668.6159922497, progress_or_epoch: 0.0167, cpu_used_memory: 53.64, cpu_available_memory: 449.55[0m
[32m[2026-05-14 17:46:43,264] [    INFO][0m - [DataLoad global_step: 5] data_load_time: 0.37 ms (accumulated over 4 micro-batches)[0m

TrainProcess:   2%|▏         | 6/300 [00:45<32:16,  6.59s/it][32m[2026-05-14 17:46:49,331] [    INFO][0m - loss: 12.13163567, learning_rate: 6e-05, global_step: 6, current_memory_allocated: 29.91601800918579, current_memory_reserved: 37.369142293930054, max_memory_allocated: 35.51831269264221, max_memory_reserved: 37.369142293930054, interval_runtime: 6.0619, interval_samples_per_second: 0.6599, interval_steps_per_second: 0.165, global_norm: 57.68644332885742, ppl: 185653.19513728443, progress_or_epoch: 0.02, cpu_used_memory: 53.66, cpu_available_memory: 449.52[0m
[32m[2026-05-14 17:46:49,331] [    INFO][0m - [DataLoad global_step: 6] data_load_time: 1.40 ms (accumulated over 4 micro-batches)[0m

TrainProcess:   2%|▏         | 7/300 [00:51<31:20,  6.42s/it][32m[2026-05-14 17:46:55,396] [    INFO][0m - loss: 12.44491005, learning_rate: 7e-05, global_step: 7, current_memory_allocated: 29.91601800918579, current_memory_reserved: 37.369142293930054, max_memory_allocated: 35.51831269264221, max_memory_reserved: 37.369142293930054, interval_runtime: 6.0671, interval_samples_per_second: 0.6593, interval_steps_per_second: 0.1648, global_norm: 22.96317481994629, ppl: 253954.4121073737, progress_or_epoch: 0.0233, cpu_used_memory: 53.66, cpu_available_memory: 449.53[0m
[32m[2026-05-14 17:46:55,396] [    INFO][0m - [DataLoad global_step: 7] data_load_time: 0.38 ms (accumulated over 4 micro-batches)[0m

TrainProcess:   3%|▎         | 8/300 [00:57<30:41,  6.31s/it][32m[2026-05-14 17:47:01,460] [    INFO][0m - loss: 16.65380096, learning_rate: 8e-05, global_step: 8, current_memory_allocated: 29.91601800918579, current_memory_reserved: 37.369142293930054, max_memory_allocated: 35.51831269264221, max_memory_reserved: 37.369142293930054, interval_runtime: 6.062, interval_samples_per_second: 0.6599, interval_steps_per_second: 0.165, global_norm: 163.75369262695312, ppl: 17086529.457318638, progress_or_epoch: 0.0267, cpu_used_memory: 53.66, cpu_available_memory: 449.52[0m
[32m[2026-05-14 17:47:01,461] [    INFO][0m - [DataLoad global_step: 8] data_load_time: 0.75 ms (accumulated over 4 micro-batches)[0m

TrainProcess:   3%|▎         | 9/300 [01:03<30:12,  6.23s/it][32m[2026-05-14 17:47:07,521] [    INFO][0m - loss: 15.40518761, learning_rate: 9e-05, global_step: 9, current_memory_allocated: 29.91601800918579, current_memory_reserved: 37.369142293930054, max_memory_allocated: 35.51831269264221, max_memory_reserved: 37.369142293930054, interval_runtime: 6.0608, interval_samples_per_second: 0.66, interval_steps_per_second: 0.165, global_norm: 67.55347442626953, ppl: 4902165.528284581, progress_or_epoch: 0.03, cpu_used_memory: 53.69, cpu_available_memory: 449.49[0m
[32m[2026-05-14 17:47:07,521] [    INFO][0m - [DataLoad global_step: 9] data_load_time: 1.61 ms (accumulated over 4 micro-batches)[0m

TrainProcess:   3%|▎         | 10/300 [01:09<29:51,  6.18s/it][32m[2026-05-14 17:47:13,586] [    INFO][0m - loss: 13.96545792, learning_rate: 0.0001, global_step: 10, current_memory_allocated: 29.91601800918579, current_memory_reserved: 37.369142293930054, max_memory_allocated: 35.51831269264221, max_memory_reserved: 37.369142293930054, interval_runtime: 6.0647, interval_samples_per_second: 0.6596, interval_steps_per_second: 0.1649, global_norm: 37.708003997802734, ppl: 1161773.0877484735, progress_or_epoch: 0.0333, cpu_used_memory: 53.69, cpu_available_memory: 449.5[0m
[32m[2026-05-14 17:47:13,587] [    INFO][0m - [DataLoad global_step: 10] data_load_time: 1.44 ms (accumulated over 4 micro-batches)[0m

TrainProcess:   4%|▎         | 11/300 [01:15<29:35,  6.14s/it][32m[2026-05-14 17:47:19,659] [    INFO][0m - loss: 12.30311966, learning_rate: 9.966e-05, global_step: 11, current_memory_allocated: 29.91601800918579, current_memory_reserved: 37.369142293930054, max_memory_allocated: 35.51831269264221, max_memory_reserved: 37.369142293930054, interval_runtime: 6.067, interval_samples_per_second: 0.6593, interval_steps_per_second: 0.1648, global_norm: 16.44908905029297, ppl: 220382.43564401448, progress_or_epoch: 0.0367, cpu_used_memory: 53.69, cpu_available_memory: 449.5[0m
[32m[2026-05-14 17:47:19,659] [    INFO][0m - [DataLoad global_step: 11] data_load_time: 1.36 ms (accumulated over 4 micro-batches)[0m

TrainProcess:   4%|▍         | 12/300 [01:21<29:23,  6.12s/it][32m[2026-05-14 17:47:25,725] [    INFO][0m - loss: 11.99189663, learning_rate: 9.931e-05, global_step: 12, current_memory_allocated: 29.91601800918579, current_memory_reserved: 37.369142293930054, max_memory_allocated: 35.51831269264221, max_memory_reserved: 37.369142293930054, interval_runtime: 6.0702, interval_samples_per_second: 0.659, interval_steps_per_second: 0.1647, global_norm: 14.704047203063965, ppl: 161441.25833486824, progress_or_epoch: 0.04, cpu_used_memory: 53.68, cpu_available_memory: 449.51[0m
[32m[2026-05-14 17:47:25,726] [    INFO][0m - [DataLoad global_step: 12] data_load_time: 1.74 ms (accumulated over 4 micro-batches)[0m

TrainProcess:   4%|▍         | 13/300 [01:27<29:12,  6.11s/it][32m[2026-05-14 17:47:31,792] [    INFO][0m - loss: 12.17495823, learning_rate: 9.897e-05, global_step: 13, current_memory_allocated: 29.91601800918579, current_memory_reserved: 37.369142293930054, max_memory_allocated: 35.51831269264221, max_memory_reserved: 37.369142293930054, interval_runtime: 6.0659, interval_samples_per_second: 0.6594, interval_steps_per_second: 0.1649, global_norm: 40.21042251586914, ppl: 193872.93127195202, progress_or_epoch: 0.0433, cpu_used_memory: 53.67, cpu_available_memory: 449.51[0m
[32m[2026-05-14 17:47:31,792] [    INFO][0m - [DataLoad global_step: 13] data_load_time: 1.21 ms (accumulated over 4 micro-batches)[0m

TrainProcess:   5%|▍         | 14/300 [01:34<29:02,  6.09s/it][32m[2026-05-14 17:47:37,856] [    INFO][0m - loss: 11.87822247, learning_rate: 9.862e-05, global_step: 14, current_memory_allocated: 29.91601800918579, current_memory_reserved: 37.369142293930054, max_memory_allocated: 35.51831269264221, max_memory_reserved: 37.369142293930054, interval_runtime: 6.0657, interval_samples_per_second: 0.6594, interval_steps_per_second: 0.1649, global_norm: 19.863054275512695, ppl: 144094.19115966876, progress_or_epoch: 0.0467, cpu_used_memory: 53.67, cpu_available_memory: 449.52[0m
[32m[2026-05-14 17:47:37,856] [    INFO][0m - [DataLoad global_step: 14] data_load_time: 0.37 ms (accumulated over 4 micro-batches)[0m

TrainProcess:   5%|▌         | 15/300 [01:40<28:54,  6.09s/it][32m[2026-05-14 17:47:43,925] [    INFO][0m - loss: 11.67023468, learning_rate: 9.828e-05, global_step: 15, current_memory_allocated: 29.91601800918579, current_memory_reserved: 37.369142293930054, max_memory_allocated: 35.51831269264221, max_memory_reserved: 37.369142293930054, interval_runtime: 6.0655, interval_samples_per_second: 0.6595, interval_steps_per_second: 0.1649, global_norm: 8.240670204162598, ppl: 117035.74500692064, progress_or_epoch: 0.05, cpu_used_memory: 53.66, cpu_available_memory: 449.53[0m
[32m[2026-05-14 17:47:43,925] [    INFO][0m - [DataLoad global_step: 15] data_load_time: 1.00 ms (accumulated over 4 micro-batches)[0m

TrainProcess:   5%|▌         | 16/300 [01:46<28:46,  6.08s/it][32m[2026-05-14 17:47:49,988] [    INFO][0m - loss: 10.7421751, learning_rate: 9.793e-05, global_step: 16, current_memory_allocated: 29.91601800918579, current_memory_reserved: 37.369142293930054, max_memory_allocated: 35.51831269264221, max_memory_reserved: 37.369142293930054, interval_runtime: 6.0619, interval_samples_per_second: 0.6599, interval_steps_per_second: 0.165, global_norm: 4.638478755950928, ppl: 46266.57698406084, progress_or_epoch: 0.0533, cpu_used_memory: 53.67, cpu_available_memory: 449.52[0m
[32m[2026-05-14 17:47:49,989] [    INFO][0m - [DataLoad global_step: 16] data_load_time: 1.38 ms (accumulated over 4 micro-batches)[0m

TrainProcess:   6%|▌         | 17/300 [01:52<28:39,  6.08s/it][32m[2026-05-14 17:47:56,057] [    INFO][0m - loss: 10.40843391, learning_rate: 9.759e-05, global_step: 17, current_memory_allocated: 29.91601800918579, current_memory_reserved: 37.369142293930054, max_memory_allocated: 35.51831269264221, max_memory_reserved: 37.369142293930054, interval_runtime: 6.0645, interval_samples_per_second: 0.6596, interval_steps_per_second: 0.1649, global_norm: 6.9647345542907715, ppl: 33137.93275878336, progress_or_epoch: 0.0567, cpu_used_memory: 53.65, cpu_available_memory: 449.53[0m
[32m[2026-05-14 17:47:56,057] [    INFO][0m - [DataLoad global_step: 17] data_load_time: 0.78 ms (accumulated over 4 micro-batches)[0m

TrainProcess:   6%|▌         | 18/300 [01:58<28:32,  6.07s/it][32m[2026-05-14 17:48:02,126] [    INFO][0m - loss: 9.56821632, learning_rate: 9.724e-05, global_step: 18, current_memory_allocated: 29.91601800918579, current_memory_reserved: 37.369142293930054, max_memory_allocated: 35.51831269264221, max_memory_reserved: 37.369142293930054, interval_runtime: 6.0694, interval_samples_per_second: 0.659, interval_steps_per_second: 0.1648, global_norm: 5.469837665557861, ppl: 14302.881793990011, progress_or_epoch: 0.06, cpu_used_memory: 53.69, cpu_available_memory: 449.5[0m
[32m[2026-05-14 17:48:02,127] [    INFO][0m - [DataLoad global_step: 18] data_load_time: 0.38 ms (accumulated over 4 micro-batches)[0m

TrainProcess:   6%|▋         | 19/300 [02:04<28:26,  6.07s/it][32m[2026-05-14 17:48:08,193] [    INFO][0m - loss: 9.45593071, learning_rate: 9.69e-05, global_step: 19, current_memory_allocated: 29.91601800918579, current_memory_reserved: 37.369142293930054, max_memory_allocated: 35.51831269264221, max_memory_reserved: 37.369142293930054, interval_runtime: 6.0683, interval_samples_per_second: 0.6592, interval_steps_per_second: 0.1648, global_norm: 44.28837585449219, ppl: 12783.757643147896, progress_or_epoch: 0.0633, cpu_used_memory: 53.69, cpu_available_memory: 449.49[0m
[32m[2026-05-14 17:48:08,194] [    INFO][0m - [DataLoad global_step: 19] data_load_time: 0.77 ms (accumulated over 4 micro-batches)[0m

TrainProcess:   7%|▋         | 20/300 [02:10<28:19,  6.07s/it][32m[2026-05-14 17:48:14,271] [    INFO][0m - loss: 9.16616535, learning_rate: 9.655e-05, global_step: 20, current_memory_allocated: 29.91601800918579, current_memory_reserved: 37.369142293930054, max_memory_allocated: 35.51831269264221, max_memory_reserved: 37.369142293930054, interval_runtime: 6.0635, interval_samples_per_second: 0.6597, interval_steps_per_second: 0.1649, global_norm: 23.659221649169922, ppl: 9567.864841564768, progress_or_epoch: 0.0667, cpu_used_memory: 53.68, cpu_available_memory: 449.5[0m
[32m[2026-05-14 17:48:14,272] [    INFO][0m - [DataLoad global_step: 20] data_load_time: 0.37 ms (accumulated over 4 micro-batches)[0m

TrainProcess:   7%|▋         | 21/300 [02:16<28:14,  6.07s/it][32m[2026-05-14 17:48:20,333] [    INFO][0m - loss: 9.86371422, learning_rate: 9.621e-05, global_step: 21, current_memory_allocated: 29.91601800918579, current_memory_reserved: 37.369142293930054, max_memory_allocated: 35.51831269264221, max_memory_reserved: 37.369142293930054, interval_runtime: 6.0757, interval_samples_per_second: 0.6584, interval_steps_per_second: 0.1646, global_norm: 23.778907775878906, ppl: 19220.144870829256, progress_or_epoch: 0.07, cpu_used_memory: 53.67, cpu_available_memory: 449.51[0m
[32m[2026-05-14 17:48:20,333] [    INFO][0m - [DataLoad global_step: 21] data_load_time: 1.17 ms (accumulated over 4 micro-batches)[0m

TrainProcess:   7%|▋         | 22/300 [02:22<28:06,  6.07s/it][32m[2026-05-14 17:48:26,394] [    INFO][0m - loss: 8.61658096, learning_rate: 9.586e-05, global_step: 22, current_memory_allocated: 29.91601800918579, current_memory_reserved: 37.369142293930054, max_memory_allocated: 35.51831269264221, max_memory_reserved: 37.369142293930054, interval_runtime: 6.0579, interval_samples_per_second: 0.6603, interval_steps_per_second: 0.1651, global_norm: 5.9205098152160645, ppl: 5522.472524005734, progress_or_epoch: 0.0733, cpu_used_memory: 53.66, cpu_available_memory: 449.52[0m
[32m[2026-05-14 17:48:26,394] [    INFO][0m - [DataLoad global_step: 22] data_load_time: 0.97 ms (accumulated over 4 micro-batches)[0m

TrainProcess:   8%|▊         | 23/300 [02:28<28:00,  6.07s/it][32m[2026-05-14 17:48:32,454] [    INFO][0m - loss: 8.31530571, learning_rate: 9.552e-05, global_step: 23, current_memory_allocated: 29.91601800918579, current_memory_reserved: 37.369142293930054, max_memory_allocated: 35.51831269264221, max_memory_reserved: 37.369142293930054, interval_runtime: 6.0621, interval_samples_per_second: 0.6598, interval_steps_per_second: 0.165, global_norm: 5.7211809158325195, ppl: 4085.9343573945503, progress_or_epoch: 0.0767, cpu_used_memory: 53.66, cpu_available_memory: 449.53[0m
[32m[2026-05-14 17:48:32,455] [    INFO][0m - [DataLoad global_step: 23] data_load_time: 1.59 ms (accumulated over 4 micro-batches)[0m

TrainProcess:   8%|▊         | 24/300 [02:34<27:53,  6.06s/it][32m[2026-05-14 17:48:38,516] [    INFO][0m - loss: 8.6327467, learning_rate: 9.517e-05, global_step: 24, current_memory_allocated: 29.91601800918579, current_memory_reserved: 37.369142293930054, max_memory_allocated: 35.51831269264221, max_memory_reserved: 37.369142293930054, interval_runtime: 6.0626, interval_samples_per_second: 0.6598, interval_steps_per_second: 0.1649, global_norm: 3.980473518371582, ppl: 5612.472880182037, progress_or_epoch: 0.08, cpu_used_memory: 53.65, cpu_available_memory: 449.54[0m
[32m[2026-05-14 17:48:38,516] [    INFO][0m - [DataLoad global_step: 24] data_load_time: 2.32 ms (accumulated over 4 micro-batches)[0m

TrainProcess:   8%|▊         | 25/300 [02:40<27:47,  6.06s/it][32m[2026-05-14 17:48:44,577] [    INFO][0m - loss: 7.96667433, learning_rate: 9.483e-05, global_step: 25, current_memory_allocated: 29.91601800918579, current_memory_reserved: 37.369142293930054, max_memory_allocated: 35.51831269264221, max_memory_reserved: 37.369142293930054, interval_runtime: 6.0583, interval_samples_per_second: 0.6603, interval_steps_per_second: 0.1651, global_norm: 3.8712687492370605, ppl: 2883.252655168709, progress_or_epoch: 0.0833, cpu_used_memory: 53.65, cpu_available_memory: 449.54[0m
[32m[2026-05-14 17:48:44,577] [    INFO][0m - [DataLoad global_step: 25] data_load_time: 1.05 ms (accumulated over 4 micro-batches)[0m

TrainProcess:   9%|▊         | 26/300 [02:46<27:41,  6.06s/it][32m[2026-05-14 17:48:50,639] [    INFO][0m - loss: 7.92945242, learning_rate: 9.448e-05, global_step: 26, current_memory_allocated: 29.91601800918579, current_memory_reserved: 37.369142293930054, max_memory_allocated: 35.51831269264221, max_memory_reserved: 37.369142293930054, interval_runtime: 6.0583, interval_samples_per_second: 0.6603, interval_steps_per_second: 0.1651, global_norm: 4.175684452056885, ppl: 2777.9052626083426, progress_or_epoch: 0.0867, cpu_used_memory: 53.66, cpu_available_memory: 449.53[0m
[32m[2026-05-14 17:48:50,640] [    INFO][0m - [DataLoad global_step: 26] data_load_time: 0.27 ms (accumulated over 4 micro-batches)[0m

TrainProcess:   9%|▉         | 27/300 [02:52<27:35,  6.06s/it][32m[2026-05-14 17:48:56,700] [    INFO][0m - loss: 7.91253948, learning_rate: 9.414e-05, global_step: 27, current_memory_allocated: 29.91601800918579, current_memory_reserved: 37.369142293930054, max_memory_allocated: 35.51831269264221, max_memory_reserved: 37.369142293930054, interval_runtime: 6.0602, interval_samples_per_second: 0.66, interval_steps_per_second: 0.165, global_norm: 9.267147064208984, ppl: 2731.317793623953, progress_or_epoch: 0.09, cpu_used_memory: 53.64, cpu_available_memory: 449.54[0m
[32m[2026-05-14 17:48:56,700] [    INFO][0m - [DataLoad global_step: 27] data_load_time: 0.26 ms (accumulated over 4 micro-batches)[0m

TrainProcess:   9%|▉         | 28/300 [02:58<27:28,  6.06s/it][32m[2026-05-14 17:49:02,762] [    INFO][0m - loss: 8.31802177, learning_rate: 9.379e-05, global_step: 28, current_memory_allocated: 29.91601800918579, current_memory_reserved: 37.369142293930054, max_memory_allocated: 35.51831269264221, max_memory_reserved: 37.369142293930054, interval_runtime: 6.0589, interval_samples_per_second: 0.6602, interval_steps_per_second: 0.165, global_norm: 4.344497203826904, ppl: 4097.047084851028, progress_or_epoch: 0.0933, cpu_used_memory: 53.69, cpu_available_memory: 449.5[0m
[32m[2026-05-14 17:49:02,762] [    INFO][0m - [DataLoad global_step: 28] data_load_time: 0.27 ms (accumulated over 4 micro-batches)[0m

TrainProcess:  10%|▉         | 29/300 [03:05<27:23,  6.06s/it][32m[2026-05-14 17:49:08,823] [    INFO][0m - loss: 7.64585209, learning_rate: 9.345e-05, global_step: 29, current_memory_allocated: 29.91601800918579, current_memory_reserved: 37.369142293930054, max_memory_allocated: 35.51831269264221, max_memory_reserved: 37.369142293930054, interval_runtime: 6.0635, interval_samples_per_second: 0.6597, interval_steps_per_second: 0.1649, global_norm: 3.9670157432556152, ppl: 2091.950346582639, progress_or_epoch: 0.0967, cpu_used_memory: 53.68, cpu_available_memory: 449.51[0m
[32m[2026-05-14 17:49:08,823] [    INFO][0m - [DataLoad global_step: 29] data_load_time: 0.63 ms (accumulated over 4 micro-batches)[0m

TrainProcess:  10%|█         | 30/300 [03:11<27:17,  6.06s/it][32m[2026-05-14 17:49:14,888] [    INFO][0m - loss: 7.87976456, learning_rate: 9.31e-05, global_step: 30, current_memory_allocated: 29.91601800918579, current_memory_reserved: 37.369142293930054, max_memory_allocated: 35.51831269264221, max_memory_reserved: 37.369142293930054, interval_runtime: 6.0632, interval_samples_per_second: 0.6597, interval_steps_per_second: 0.1649, global_norm: 4.457423210144043, ppl: 2643.250159618905, progress_or_epoch: 0.1, cpu_used_memory: 53.67, cpu_available_memory: 449.52[0m
[32m[2026-05-14 17:49:14,889] [    INFO][0m - [DataLoad global_step: 30] data_load_time: 0.61 ms (accumulated over 4 micro-batches)[0m

TrainProcess:  10%|█         | 31/300 [03:17<27:11,  6.06s/it][32m[2026-05-14 17:49:20,951] [    INFO][0m - loss: 7.67585611, learning_rate: 9.276e-05, global_step: 31, current_memory_allocated: 29.91601800918579, current_memory_reserved: 37.369142293930054, max_memory_allocated: 35.51831269264221, max_memory_reserved: 37.369142293930054, interval_runtime: 6.0628, interval_samples_per_second: 0.6598, interval_steps_per_second: 0.1649, global_norm: 4.133264064788818, ppl: 2155.668385211201, progress_or_epoch: 0.1033, cpu_used_memory: 53.66, cpu_available_memory: 449.52[0m
[32m[2026-05-14 17:49:20,951] [    INFO][0m - [DataLoad global_step: 31] data_load_time: 0.78 ms (accumulated over 4 micro-batches)[0m

TrainProcess:  11%|█         | 32/300 [03:23<27:04,  6.06s/it][32m[2026-05-14 17:49:27,011] [    INFO][0m - loss: 7.96888638, learning_rate: 9.241e-05, global_step: 32, current_memory_allocated: 29.91601800918579, current_memory_reserved: 37.369142293930054, max_memory_allocated: 35.51831269264221, max_memory_reserved: 37.369142293930054, interval_runtime: 6.0611, interval_samples_per_second: 0.6599, interval_steps_per_second: 0.165, global_norm: 3.450016498565674, ppl: 2889.637613524586, progress_or_epoch: 0.1067, cpu_used_memory: 53.65, cpu_available_memory: 449.53[0m
[32m[2026-05-14 17:49:27,011] [    INFO][0m - [DataLoad global_step: 32] data_load_time: 0.38 ms (accumulated over 4 micro-batches)[0m

TrainProcess:  11%|█         | 33/300 [03:29<26:58,  6.06s/it][32m[2026-05-14 17:49:33,075] [    INFO][0m - loss: 7.89649487, learning_rate: 9.207e-05, global_step: 33, current_memory_allocated: 29.91601800918579, current_memory_reserved: 37.369142293930054, max_memory_allocated: 35.51831269264221, max_memory_reserved: 37.369142293930054, interval_runtime: 6.0617, interval_samples_per_second: 0.6599, interval_steps_per_second: 0.165, global_norm: 3.3022377490997314, ppl: 2687.844553038427, progress_or_epoch: 0.11, cpu_used_memory: 53.65, cpu_available_memory: 449.53[0m
[32m[2026-05-14 17:49:33,075] [    INFO][0m - [DataLoad global_step: 33] data_load_time: 0.75 ms (accumulated over 4 micro-batches)[0m

TrainProcess:  11%|█▏        | 34/300 [03:35<26:53,  6.06s/it][32m[2026-05-14 17:49:39,140] [    INFO][0m - loss: 7.64250374, learning_rate: 9.172e-05, global_step: 34, current_memory_allocated: 29.91601800918579, current_memory_reserved: 37.369142293930054, max_memory_allocated: 35.51831269264221, max_memory_reserved: 37.369142293930054, interval_runtime: 6.0661, interval_samples_per_second: 0.6594, interval_steps_per_second: 0.1649, global_norm: 4.771280288696289, ppl: 2084.957478457999, progress_or_epoch: 0.1133, cpu_used_memory: 53.65, cpu_available_memory: 449.54[0m
[32m[2026-05-14 17:49:39,140] [    INFO][0m - [DataLoad global_step: 34] data_load_time: 1.08 ms (accumulated over 4 micro-batches)[0m

TrainProcess:  12%|█▏        | 35/300 [03:41<26:46,  6.06s/it][32m[2026-05-14 17:49:45,208] [    INFO][0m - loss: 7.83495092, learning_rate: 9.138e-05, global_step: 35, current_memory_allocated: 29.91601800918579, current_memory_reserved: 37.369142293930054, max_memory_allocated: 35.51831269264221, max_memory_reserved: 37.369142293930054, interval_runtime: 6.0631, interval_samples_per_second: 0.6597, interval_steps_per_second: 0.1649, global_norm: 4.3203301429748535, ppl: 2527.411460964641, progress_or_epoch: 0.1167, cpu_used_memory: 53.65, cpu_available_memory: 449.54[0m
[32m[2026-05-14 17:49:45,209] [    INFO][0m - [DataLoad global_step: 35] data_load_time: 0.73 ms (accumulated over 4 micro-batches)[0m

TrainProcess:  12%|█▏        | 36/300 [03:47<26:40,  6.06s/it][32m[2026-05-14 17:49:51,273] [    INFO][0m - loss: 7.46410894, learning_rate: 9.103e-05, global_step: 36, current_memory_allocated: 29.91601800918579, current_memory_reserved: 37.369142293930054, max_memory_allocated: 35.51831269264221, max_memory_reserved: 37.369142293930054, interval_runtime: 6.0643, interval_samples_per_second: 0.6596, interval_steps_per_second: 0.1649, global_norm: 3.215998888015747, ppl: 1744.3005790656773, progress_or_epoch: 0.12, cpu_used_memory: 53.65, cpu_available_memory: 449.53[0m
[32m[2026-05-14 17:49:51,273] [    INFO][0m - [DataLoad global_step: 36] data_load_time: 0.78 ms (accumulated over 4 micro-batches)[0m

TrainProcess:  12%|█▏        | 37/300 [03:53<26:35,  6.06s/it][32m[2026-05-14 17:49:57,337] [    INFO][0m - loss: 8.03608608, learning_rate: 9.069e-05, global_step: 37, current_memory_allocated: 29.91601800918579, current_memory_reserved: 37.369142293930054, max_memory_allocated: 35.51831269264221, max_memory_reserved: 37.369142293930054, interval_runtime: 6.0644, interval_samples_per_second: 0.6596, interval_steps_per_second: 0.1649, global_norm: 3.096742630004883, ppl: 3090.4935436452724, progress_or_epoch: 0.1233, cpu_used_memory: 53.65, cpu_available_memory: 449.54[0m
[32m[2026-05-14 17:49:57,337] [    INFO][0m - [DataLoad global_step: 37] data_load_time: 1.64 ms (accumulated over 4 micro-batches)[0m

TrainProcess:  13%|█▎        | 38/300 [03:59<26:28,  6.06s/it][32m[2026-05-14 17:50:03,396] [    INFO][0m - loss: 7.62573624, learning_rate: 9.034e-05, global_step: 38, current_memory_allocated: 29.91601800918579, current_memory_reserved: 37.369142293930054, max_memory_allocated: 35.51831269264221, max_memory_reserved: 37.369142293930054, interval_runtime: 6.0569, interval_samples_per_second: 0.6604, interval_steps_per_second: 0.1651, global_norm: 3.110398530960083, ppl: 2050.289414556007, progress_or_epoch: 0.1267, cpu_used_memory: 53.69, cpu_available_memory: 449.5[0m
[32m[2026-05-14 17:50:03,396] [    INFO][0m - [DataLoad global_step: 38] data_load_time: 0.80 ms (accumulated over 4 micro-batches)[0m

TrainProcess:  13%|█▎        | 39/300 [04:05<26:22,  6.06s/it][32m[2026-05-14 17:50:09,464] [    INFO][0m - loss: 7.7418766, learning_rate: 9e-05, global_step: 39, current_memory_allocated: 29.91601800918579, current_memory_reserved: 37.369142293930054, max_memory_allocated: 35.51831269264221, max_memory_reserved: 37.369142293930054, interval_runtime: 6.067, interval_samples_per_second: 0.6593, interval_steps_per_second: 0.1648, global_norm: 2.8184518814086914, ppl: 2302.78974611118, progress_or_epoch: 0.13, cpu_used_memory: 53.68, cpu_available_memory: 449.51[0m
[32m[2026-05-14 17:50:09,465] [    INFO][0m - [DataLoad global_step: 39] data_load_time: 1.16 ms (accumulated over 4 micro-batches)[0m

TrainProcess:  13%|█▎        | 40/300 [04:11<26:16,  6.06s/it][32m[2026-05-14 17:50:15,526] [    INFO][0m - loss: 7.89586735, learning_rate: 8.966e-05, global_step: 40, current_memory_allocated: 29.91601800918579, current_memory_reserved: 37.369142293930054, max_memory_allocated: 35.51831269264221, max_memory_reserved: 37.369142293930054, interval_runtime: 6.0619, interval_samples_per_second: 0.6599, interval_steps_per_second: 0.165, global_norm: 4.505090236663818, ppl: 2686.1584059253537, progress_or_epoch: 0.1333, cpu_used_memory: 53.67, cpu_available_memory: 449.51[0m
[32m[2026-05-14 17:50:15,527] [    INFO][0m - [DataLoad global_step: 40] data_load_time: 1.18 ms (accumulated over 4 micro-batches)[0m

TrainProcess:  14%|█▎        | 41/300 [04:17<26:10,  6.06s/it][32m[2026-05-14 17:50:21,587] [    INFO][0m - loss: 7.55073452, learning_rate: 8.931e-05, global_step: 41, current_memory_allocated: 29.91601800918579, current_memory_reserved: 37.369142293930054, max_memory_allocated: 35.51831269264221, max_memory_reserved: 37.369142293930054, interval_runtime: 6.0622, interval_samples_per_second: 0.6598, interval_steps_per_second: 0.165, global_norm: 3.8847668170928955, ppl: 1902.1393777601736, progress_or_epoch: 0.1367, cpu_used_memory: 53.67, cpu_available_memory: 449.52[0m
[32m[2026-05-14 17:50:21,587] [    INFO][0m - [DataLoad global_step: 41] data_load_time: 0.38 ms (accumulated over 4 micro-batches)[0m

TrainProcess:  14%|█▍        | 42/300 [04:23<26:04,  6.06s/it][32m[2026-05-14 17:50:27,646] [    INFO][0m - loss: 7.40067196, learning_rate: 8.897e-05, global_step: 42, current_memory_allocated: 29.91601800918579, current_memory_reserved: 37.369142293930054, max_memory_allocated: 35.51831269264221, max_memory_reserved: 37.369142293930054, interval_runtime: 6.0575, interval_samples_per_second: 0.6603, interval_steps_per_second: 0.1651, global_norm: 3.393350124359131, ppl: 1637.0841155244725, progress_or_epoch: 0.14, cpu_used_memory: 53.66, cpu_available_memory: 449.53[0m
[32m[2026-05-14 17:50:27,646] [    INFO][0m - [DataLoad global_step: 42] data_load_time: 0.73 ms (accumulated over 4 micro-batches)[0m

TrainProcess:  14%|█▍        | 43/300 [04:29<25:57,  6.06s/it][32m[2026-05-14 17:50:33,709] [    INFO][0m - loss: 7.39046574, learning_rate: 8.862e-05, global_step: 43, current_memory_allocated: 29.91601800918579, current_memory_reserved: 37.369142293930054, max_memory_allocated: 35.51831269264221, max_memory_reserved: 37.369142293930054, interval_runtime: 6.061, interval_samples_per_second: 0.66, interval_steps_per_second: 0.165, global_norm: 1.7764925956726074, ppl: 1620.4606505542683, progress_or_epoch: 0.1433, cpu_used_memory: 53.65, cpu_available_memory: 449.53[0m
[32m[2026-05-14 17:50:33,710] [    INFO][0m - [DataLoad global_step: 43] data_load_time: 0.81 ms (accumulated over 4 micro-batches)[0m

TrainProcess:  15%|█▍        | 44/300 [04:35<25:51,  6.06s/it][32m[2026-05-14 17:50:39,770] [    INFO][0m - loss: 7.40549755, learning_rate: 8.828e-05, global_step: 44, current_memory_allocated: 29.91601800918579, current_memory_reserved: 37.369142293930054, max_memory_allocated: 35.51831269264221, max_memory_reserved: 37.369142293930054, interval_runtime: 6.0621, interval_samples_per_second: 0.6598, interval_steps_per_second: 0.165, global_norm: 2.404855728149414, ppl: 1645.003103789796, progress_or_epoch: 0.1467, cpu_used_memory: 53.65, cpu_available_memory: 449.54[0m
[32m[2026-05-14 17:50:39,770] [    INFO][0m - [DataLoad global_step: 44] data_load_time: 0.96 ms (accumulated over 4 micro-batches)[0m

TrainProcess:  15%|█▌        | 45/300 [04:42<25:45,  6.06s/it][32m[2026-05-14 17:50:45,837] [    INFO][0m - loss: 7.46090078, learning_rate: 8.793e-05, global_step: 45, current_memory_allocated: 29.91601800918579, current_memory_reserved: 37.369142293930054, max_memory_allocated: 35.51831269264221, max_memory_reserved: 37.369142293930054, interval_runtime: 6.0636, interval_samples_per_second: 0.6597, interval_steps_per_second: 0.1649, global_norm: 2.6465907096862793, ppl: 1738.7135505525823, progress_or_epoch: 0.15, cpu_used_memory: 53.64, cpu_available_memory: 449.54[0m
[32m[2026-05-14 17:50:45,837] [    INFO][0m - [DataLoad global_step: 45] data_load_time: 1.31 ms (accumulated over 4 micro-batches)[0m

TrainProcess:  15%|█▌        | 46/300 [04:48<25:40,  6.07s/it][32m[2026-05-14 17:50:51,909] [    INFO][0m - loss: 7.43892813, learning_rate: 8.759e-05, global_step: 46, current_memory_allocated: 29.91601800918579, current_memory_reserved: 37.369142293930054, max_memory_allocated: 35.51831269264221, max_memory_reserved: 37.369142293930054, interval_runtime: 6.068, interval_samples_per_second: 0.6592, interval_steps_per_second: 0.1648, global_norm: 2.483208417892456, ppl: 1700.926072071193, progress_or_epoch: 0.1533, cpu_used_memory: 53.66, cpu_available_memory: 449.53[0m
[32m[2026-05-14 17:50:51,909] [    INFO][0m - [DataLoad global_step: 46] data_load_time: 0.78 ms (accumulated over 4 micro-batches)[0m

TrainProcess:  16%|█▌        | 47/300 [04:54<25:35,  6.07s/it][32m[2026-05-14 17:50:57,982] [    INFO][0m - loss: 7.30510712, learning_rate: 8.724e-05, global_step: 47, current_memory_allocated: 29.91601800918579, current_memory_reserved: 37.369142293930054, max_memory_allocated: 35.51831269264221, max_memory_reserved: 37.369142293930054, interval_runtime: 6.0725, interval_samples_per_second: 0.6587, interval_steps_per_second: 0.1647, global_norm: 2.159217357635498, ppl: 1487.8793349479165, progress_or_epoch: 0.1567, cpu_used_memory: 53.66, cpu_available_memory: 449.53[0m
[32m[2026-05-14 17:50:57,982] [    INFO][0m - [DataLoad global_step: 47] data_load_time: 0.38 ms (accumulated over 4 micro-batches)[0m

TrainProcess:  16%|█▌        | 48/300 [05:00<25:29,  6.07s/it][32m[2026-05-14 17:51:04,050] [    INFO][0m - loss: 7.44026279, learning_rate: 8.69e-05, global_step: 48, current_memory_allocated: 29.91601800918579, current_memory_reserved: 37.369142293930054, max_memory_allocated: 35.51831269264221, max_memory_reserved: 37.369142293930054, interval_runtime: 6.0689, interval_samples_per_second: 0.6591, interval_steps_per_second: 0.1648, global_norm: 2.256972074508667, ppl: 1703.1977456812801, progress_or_epoch: 0.16, cpu_used_memory: 53.7, cpu_available_memory: 449.49[0m
[32m[2026-05-14 17:51:04,051] [    INFO][0m - [DataLoad global_step: 48] data_load_time: 0.38 ms (accumulated over 4 micro-batches)[0m

TrainProcess:  16%|█▋        | 49/300 [05:06<25:23,  6.07s/it][32m[2026-05-14 17:51:10,120] [    INFO][0m - loss: 7.38223362, learning_rate: 8.655e-05, global_step: 49, current_memory_allocated: 29.91601800918579, current_memory_reserved: 37.369142293930054, max_memory_allocated: 35.51831269264221, max_memory_reserved: 37.369142293930054, interval_runtime: 6.0687, interval_samples_per_second: 0.6591, interval_steps_per_second: 0.1648, global_norm: 2.153980255126953, ppl: 1607.1755811911394, progress_or_epoch: 0.1633, cpu_used_memory: 53.68, cpu_available_memory: 449.5[0m
[32m[2026-05-14 17:51:10,120] [    INFO][0m - [DataLoad global_step: 49] data_load_time: 0.75 ms (accumulated over 4 micro-batches)[0m

TrainProcess:  17%|█▋        | 50/300 [05:12<25:17,  6.07s/it][32m[2026-05-14 17:51:16,187] [    INFO][0m - loss: 7.66924429, learning_rate: 8.621e-05, global_step: 50, current_memory_allocated: 29.91601800918579, current_memory_reserved: 37.369142293930054, max_memory_allocated: 35.51831269264221, max_memory_reserved: 37.369142293930054, interval_runtime: 6.0671, interval_samples_per_second: 0.6593, interval_steps_per_second: 0.1648, global_norm: 2.475344181060791, ppl: 2141.4625089689853, progress_or_epoch: 0.1667, cpu_used_memory: 53.68, cpu_available_memory: 449.51[0m
[32m[2026-05-14 17:51:16,188] [    INFO][0m - [DataLoad global_step: 50] data_load_time: 0.52 ms (accumulated over 4 micro-batches)[0m

TrainProcess:  17%|█▋        | 51/300 [05:18<25:10,  6.07s/it][32m[2026-05-14 17:51:22,254] [    INFO][0m - loss: 7.35438919, learning_rate: 8.586e-05, global_step: 51, current_memory_allocated: 29.91601800918579, current_memory_reserved: 37.369142293930054, max_memory_allocated: 35.51831269264221, max_memory_reserved: 37.369142293930054, interval_runtime: 6.0655, interval_samples_per_second: 0.6595, interval_steps_per_second: 0.1649, global_norm: 2.2407917976379395, ppl: 1563.0419820850402, progress_or_epoch: 0.17, cpu_used_memory: 53.67, cpu_available_memory: 449.52[0m
[32m[2026-05-14 17:51:22,254] [    INFO][0m - [DataLoad global_step: 51] data_load_time: 0.36 ms (accumulated over 4 micro-batches)[0m

TrainProcess:  17%|█▋        | 52/300 [05:24<25:04,  6.07s/it][32m[2026-05-14 17:51:28,318] [    INFO][0m - loss: 7.42125034, learning_rate: 8.552e-05, global_step: 52, current_memory_allocated: 29.91601800918579, current_memory_reserved: 37.369142293930054, max_memory_allocated: 35.51831269264221, max_memory_reserved: 37.369142293930054, interval_runtime: 6.0664, interval_samples_per_second: 0.6594, interval_steps_per_second: 0.1648, global_norm: 1.99619460105896, ppl: 1671.1216722866088, progress_or_epoch: 0.1733, cpu_used_memory: 53.67, cpu_available_memory: 449.52[0m
[32m[2026-05-14 17:51:28,318] [    INFO][0m - [DataLoad global_step: 52] data_load_time: 0.45 ms (accumulated over 4 micro-batches)[0m

TrainProcess:  18%|█▊        | 53/300 [05:30<24:58,  6.07s/it][32m[2026-05-14 17:51:34,381] [    INFO][0m - loss: 7.31527948, learning_rate: 8.517e-05, global_step: 53, current_memory_allocated: 29.91601800918579, current_memory_reserved: 37.369142293930054, max_memory_allocated: 35.51831269264221, max_memory_reserved: 37.369142293930054, interval_runtime: 6.0617, interval_samples_per_second: 0.6599, interval_steps_per_second: 0.165, global_norm: 1.769662857055664, ppl: 1503.0918214459484, progress_or_epoch: 0.1767, cpu_used_memory: 53.66, cpu_available_memory: 449.53[0m
[32m[2026-05-14 17:51:34,381] [    INFO][0m - [DataLoad global_step: 53] data_load_time: 1.66 ms (accumulated over 4 micro-batches)[0m

TrainProcess:  18%|█▊        | 54/300 [05:36<24:51,  6.06s/it][32m[2026-05-14 17:51:40,442] [    INFO][0m - loss: 7.14772892, learning_rate: 8.483e-05, global_step: 54, current_memory_allocated: 29.91601800918579, current_memory_reserved: 37.369142293930054, max_memory_allocated: 35.51831269264221, max_memory_reserved: 37.369142293930054, interval_runtime: 6.0614, interval_samples_per_second: 0.6599, interval_steps_per_second: 0.165, global_norm: 2.152907371520996, ppl: 1271.2156419293847, progress_or_epoch: 0.18, cpu_used_memory: 53.65, cpu_available_memory: 449.53[0m
[32m[2026-05-14 17:51:40,442] [    INFO][0m - [DataLoad global_step: 54] data_load_time: 1.51 ms (accumulated over 4 micro-batches)[0m

TrainProcess:  18%|█▊        | 55/300 [05:42<24:45,  6.06s/it][32m[2026-05-14 17:51:46,509] [    INFO][0m - loss: 7.49877644, learning_rate: 8.448e-05, global_step: 55, current_memory_allocated: 29.91601800918579, current_memory_reserved: 37.369142293930054, max_memory_allocated: 35.51831269264221, max_memory_reserved: 37.369142293930054, interval_runtime: 6.0632, interval_samples_per_second: 0.6597, interval_steps_per_second: 0.1649, global_norm: 2.156097412109375, ppl: 1805.83151893692, progress_or_epoch: 0.1833, cpu_used_memory: 53.65, cpu_available_memory: 449.54[0m
[32m[2026-05-14 17:51:46,509] [    INFO][0m - [DataLoad global_step: 55] data_load_time: 1.80 ms (accumulated over 4 micro-batches)[0m

TrainProcess:  19%|█▊        | 56/300 [05:48<24:40,  6.07s/it][32m[2026-05-14 17:51:52,579] [    INFO][0m - loss: 7.69448137, learning_rate: 8.414e-05, global_step: 56, current_memory_allocated: 29.91601800918579, current_memory_reserved: 37.369142293930054, max_memory_allocated: 35.51831269264221, max_memory_reserved: 37.369142293930054, interval_runtime: 6.068, interval_samples_per_second: 0.6592, interval_steps_per_second: 0.1648, global_norm: 2.3735568523406982, ppl: 2196.194502558954, progress_or_epoch: 0.1867, cpu_used_memory: 53.66, cpu_available_memory: 449.52[0m
[32m[2026-05-14 17:51:52,579] [    INFO][0m - [DataLoad global_step: 56] data_load_time: 0.69 ms (accumulated over 4 micro-batches)[0m

TrainProcess:  19%|█▉        | 57/300 [05:54<24:34,  6.07s/it][32m[2026-05-14 17:51:58,642] [    INFO][0m - loss: 7.36996078, learning_rate: 8.379e-05, global_step: 57, current_memory_allocated: 29.91601800918579, current_memory_reserved: 37.369142293930054, max_memory_allocated: 35.51831269264221, max_memory_reserved: 37.369142293930054, interval_runtime: 6.0646, interval_samples_per_second: 0.6596, interval_steps_per_second: 0.1649, global_norm: 2.4011943340301514, ppl: 1587.5715172685184, progress_or_epoch: 0.19, cpu_used_memory: 53.65, cpu_available_memory: 449.53[0m
[32m[2026-05-14 17:51:58,642] [    INFO][0m - [DataLoad global_step: 57] data_load_time: 0.72 ms (accumulated over 4 micro-batches)[0m

TrainProcess:  19%|█▉        | 58/300 [06:00<24:27,  6.07s/it][32m[2026-05-14 17:52:04,712] [    INFO][0m - loss: 7.33654022, learning_rate: 8.345e-05, global_step: 58, current_memory_allocated: 29.91601800918579, current_memory_reserved: 37.369142293930054, max_memory_allocated: 35.51831269264221, max_memory_reserved: 37.369142293930054, interval_runtime: 6.0641, interval_samples_per_second: 0.6596, interval_steps_per_second: 0.1649, global_norm: 11.77209758758545, ppl: 1535.3907993061293, progress_or_epoch: 0.1933, cpu_used_memory: 53.69, cpu_available_memory: 449.49[0m
[32m[2026-05-14 17:52:04,712] [    INFO][0m - [DataLoad global_step: 58] data_load_time: 1.20 ms (accumulated over 4 micro-batches)[0m

TrainProcess:  20%|█▉        | 59/300 [06:06<24:22,  6.07s/it][32m[2026-05-14 17:52:10,786] [    INFO][0m - loss: 7.8860507, learning_rate: 8.31e-05, global_step: 59, current_memory_allocated: 29.91601800918579, current_memory_reserved: 37.369142293930054, max_memory_allocated: 35.51831269264221, max_memory_reserved: 37.369142293930054, interval_runtime: 6.0729, interval_samples_per_second: 0.6587, interval_steps_per_second: 0.1647, global_norm: 2.9477591514587402, ppl: 2659.918334530163, progress_or_epoch: 0.1967, cpu_used_memory: 53.68, cpu_available_memory: 449.5[0m
[32m[2026-05-14 17:52:10,786] [    INFO][0m - [DataLoad global_step: 59] data_load_time: 0.66 ms (accumulated over 4 micro-batches)[0m

TrainProcess:  20%|██        | 60/300 [06:13<24:16,  6.07s/it][32m[2026-05-14 17:52:16,853] [    INFO][0m - loss: 7.93629932, learning_rate: 8.276e-05, global_step: 60, current_memory_allocated: 29.91601800918579, current_memory_reserved: 37.369142293930054, max_memory_allocated: 35.51831269264221, max_memory_reserved: 37.369142293930054, interval_runtime: 6.0676, interval_samples_per_second: 0.6592, interval_steps_per_second: 0.1648, global_norm: 2.9166877269744873, ppl: 2796.990565170031, progress_or_epoch: 0.2, cpu_used_memory: 53.68, cpu_available_memory: 449.51[0m
[32m[2026-05-14 17:52:16,853] [    INFO][0m - [DataLoad global_step: 60] data_load_time: 0.90 ms (accumulated over 4 micro-batches)[0m

TrainProcess:  20%|██        | 61/300 [06:19<24:10,  6.07s/it][32m[2026-05-14 17:52:22,919] [    INFO][0m - loss: 7.31902409, learning_rate: 8.241e-05, global_step: 61, current_memory_allocated: 29.91601800918579, current_memory_reserved: 37.369142293930054, max_memory_allocated: 35.51831269264221, max_memory_reserved: 37.369142293930054, interval_runtime: 6.0669, interval_samples_per_second: 0.6593, interval_steps_per_second: 0.1648, global_norm: 2.2993078231811523, ppl: 1508.7308655326215, progress_or_epoch: 0.2033, cpu_used_memory: 53.67, cpu_available_memory: 449.51[0m
[32m[2026-05-14 17:52:22,919] [    INFO][0m - [DataLoad global_step: 61] data_load_time: 0.31 ms (accumulated over 4 micro-batches)[0m

TrainProcess:  21%|██        | 62/300 [06:25<24:04,  6.07s/it][32m[2026-05-14 17:52:28,986] [    INFO][0m - loss: 7.25223064, learning_rate: 8.207e-05, global_step: 62, current_memory_allocated: 29.91601800918579, current_memory_reserved: 37.369142293930054, max_memory_allocated: 35.51831269264221, max_memory_reserved: 37.369142293930054, interval_runtime: 6.0685, interval_samples_per_second: 0.6591, interval_steps_per_second: 0.1648, global_norm: 3.141064405441284, ppl: 1411.2493290017699, progress_or_epoch: 0.2067, cpu_used_memory: 53.67, cpu_available_memory: 449.52[0m
[32m[2026-05-14 17:52:28,986] [    INFO][0m - [DataLoad global_step: 62] data_load_time: 0.49 ms (accumulated over 4 micro-batches)[0m

TrainProcess:  21%|██        | 63/300 [06:31<23:57,  6.07s/it][32m[2026-05-14 17:52:35,051] [    INFO][0m - loss: 7.48566628, learning_rate: 8.172e-05, global_step: 63, current_memory_allocated: 29.91601800918579, current_memory_reserved: 37.369142293930054, max_memory_allocated: 35.51831269264221, max_memory_reserved: 37.369142293930054, interval_runtime: 6.063, interval_samples_per_second: 0.6597, interval_steps_per_second: 0.1649, global_norm: 5.9255805015563965, ppl: 1782.311292635453, progress_or_epoch: 0.21, cpu_used_memory: 53.66, cpu_available_memory: 449.52[0m
[32m[2026-05-14 17:52:35,051] [    INFO][0m - [DataLoad global_step: 63] data_load_time: 0.99 ms (accumulated over 4 micro-batches)[0m

TrainProcess:  21%|██▏       | 64/300 [06:37<23:51,  6.07s/it][32m[2026-05-14 17:52:41,120] [    INFO][0m - loss: 7.40034914, learning_rate: 8.138e-05, global_step: 64, current_memory_allocated: 29.91601800918579, current_memory_reserved: 37.369142293930054, max_memory_allocated: 35.51831269264221, max_memory_reserved: 37.369142293930054, interval_runtime: 6.0658, interval_samples_per_second: 0.6594, interval_steps_per_second: 0.1649, global_norm: 2.819911241531372, ppl: 1636.5557173236414, progress_or_epoch: 0.2133, cpu_used_memory: 53.66, cpu_available_memory: 449.53[0m
[32m[2026-05-14 17:52:41,120] [    INFO][0m - [DataLoad global_step: 64] data_load_time: 0.63 ms (accumulated over 4 micro-batches)[0m

TrainProcess:  22%|██▏       | 65/300 [06:43<23:45,  6.07s/it][32m[2026-05-14 17:52:47,192] [    INFO][0m - loss: 7.50226259, learning_rate: 8.103e-05, global_step: 65, current_memory_allocated: 29.91601800918579, current_memory_reserved: 37.369142293930054, max_memory_allocated: 35.51831269264221, max_memory_reserved: 37.369142293930054, interval_runtime: 6.0702, interval_samples_per_second: 0.659, interval_steps_per_second: 0.1647, global_norm: 2.2696919441223145, ppl: 1812.1379046029383, progress_or_epoch: 0.2167, cpu_used_memory: 53.66, cpu_available_memory: 449.53[0m
[32m[2026-05-14 17:52:47,192] [    INFO][0m - [DataLoad global_step: 65] data_load_time: 1.19 ms (accumulated over 4 micro-batches)[0m

TrainProcess:  22%|██▏       | 66/300 [06:49<23:40,  6.07s/it][32m[2026-05-14 17:52:53,264] [    INFO][0m - loss: 7.28477144, learning_rate: 8.069e-05, global_step: 66, current_memory_allocated: 29.91601800918579, current_memory_reserved: 37.369142293930054, max_memory_allocated: 35.51831269264221, max_memory_reserved: 37.369142293930054, interval_runtime: 6.0707, interval_samples_per_second: 0.6589, interval_steps_per_second: 0.1647, global_norm: 2.91790509223938, ppl: 1457.9278707792, progress_or_epoch: 0.22, cpu_used_memory: 53.67, cpu_available_memory: 449.52[0m
[32m[2026-05-14 17:52:53,264] [    INFO][0m - [DataLoad global_step: 66] data_load_time: 1.68 ms (accumulated over 4 micro-batches)[0m

TrainProcess:  22%|██▏       | 67/300 [06:55<23:34,  6.07s/it][32m[2026-05-14 17:52:59,332] [    INFO][0m - loss: 8.35367966, learning_rate: 8.034e-05, global_step: 67, current_memory_allocated: 29.91601800918579, current_memory_reserved: 37.369142293930054, max_memory_allocated: 35.51831269264221, max_memory_reserved: 37.369142293930054, interval_runtime: 6.068, interval_samples_per_second: 0.6592, interval_steps_per_second: 0.1648, global_norm: 2.6509950160980225, ppl: 4245.775043269854, progress_or_epoch: 0.2233, cpu_used_memory: 53.66, cpu_available_memory: 449.52[0m
[32m[2026-05-14 17:52:59,332] [    INFO][0m - [DataLoad global_step: 67] data_load_time: 1.50 ms (accumulated over 4 micro-batches)[0m

TrainProcess:  23%|██▎       | 68/300 [07:01<23:28,  6.07s/it][32m[2026-05-14 17:53:05,405] [    INFO][0m - loss: 7.17076492, learning_rate: 8e-05, global_step: 68, current_memory_allocated: 29.91601800918579, current_memory_reserved: 37.369142293930054, max_memory_allocated: 35.51831269264221, max_memory_reserved: 37.369142293930054, interval_runtime: 6.0664, interval_samples_per_second: 0.6594, interval_steps_per_second: 0.1648, global_norm: 2.161280632019043, ppl: 1300.8392603058137, progress_or_epoch: 0.2267, cpu_used_memory: 53.69, cpu_available_memory: 449.49[0m
[32m[2026-05-14 17:53:05,406] [    INFO][0m - [DataLoad global_step: 68] data_load_time: 0.65 ms (accumulated over 4 micro-batches)[0m

TrainProcess:  23%|██▎       | 69/300 [07:07<23:22,  6.07s/it][32m[2026-05-14 17:53:11,479] [    INFO][0m - loss: 7.30625391, learning_rate: 7.966e-05, global_step: 69, current_memory_allocated: 29.91601800918579, current_memory_reserved: 37.369142293930054, max_memory_allocated: 35.51831269264221, max_memory_reserved: 37.369142293930054, interval_runtime: 6.0721, interval_samples_per_second: 0.6588, interval_steps_per_second: 0.1647, global_norm: 2.2343900203704834, ppl: 1489.5865988399148, progress_or_epoch: 0.23, cpu_used_memory: 53.68, cpu_available_memory: 449.5[0m
[32m[2026-05-14 17:53:11,479] [    INFO][0m - [DataLoad global_step: 69] data_load_time: 0.75 ms (accumulated over 4 micro-batches)[0m

TrainProcess:  23%|██▎       | 70/300 [07:13<23:16,  6.07s/it][32m[2026-05-14 17:53:17,550] [    INFO][0m - loss: 7.3684864, learning_rate: 7.931e-05, global_step: 70, current_memory_allocated: 29.91601800918579, current_memory_reserved: 37.369142293930054, max_memory_allocated: 35.51831269264221, max_memory_reserved: 37.369142293930054, interval_runtime: 6.0759, interval_samples_per_second: 0.6583, interval_steps_per_second: 0.1646, global_norm: 1.770514965057373, ppl: 1585.232558255784, progress_or_epoch: 0.2333, cpu_used_memory: 53.68, cpu_available_memory: 449.51[0m
[32m[2026-05-14 17:53:17,551] [    INFO][0m - [DataLoad global_step: 70] data_load_time: 0.30 ms (accumulated over 4 micro-batches)[0m

TrainProcess:  24%|██▎       | 71/300 [07:19<23:10,  6.07s/it][32m[2026-05-14 17:53:23,620] [    INFO][0m - loss: 7.36011028, learning_rate: 7.897e-05, global_step: 71, current_memory_allocated: 29.91601800918579, current_memory_reserved: 37.369142293930054, max_memory_allocated: 35.51831269264221, max_memory_reserved: 37.369142293930054, interval_runtime: 6.0686, interval_samples_per_second: 0.6591, interval_steps_per_second: 0.1648, global_norm: 2.170222043991089, ppl: 1572.009914652319, progress_or_epoch: 0.2367, cpu_used_memory: 53.68, cpu_available_memory: 449.51[0m
[32m[2026-05-14 17:53:23,620] [    INFO][0m - [DataLoad global_step: 71] data_load_time: 0.89 ms (accumulated over 4 micro-batches)[0m

TrainProcess:  24%|██▍       | 72/300 [07:25<23:03,  6.07s/it][32m[2026-05-14 17:53:29,686] [    INFO][0m - loss: 7.67727661, learning_rate: 7.862e-05, global_step: 72, current_memory_allocated: 29.91601800918579, current_memory_reserved: 37.369142293930054, max_memory_allocated: 35.51831269264221, max_memory_reserved: 37.369142293930054, interval_runtime: 6.0657, interval_samples_per_second: 0.6594, interval_steps_per_second: 0.1649, global_norm: 1.899369239807129, ppl: 2158.732688058223, progress_or_epoch: 0.24, cpu_used_memory: 53.67, cpu_available_memory: 449.52[0m
[32m[2026-05-14 17:53:29,686] [    INFO][0m - [DataLoad global_step: 72] data_load_time: 0.67 ms (accumulated over 4 micro-batches)[0m

TrainProcess:  24%|██▍       | 73/300 [07:31<22:57,  6.07s/it][32m[2026-05-14 17:53:35,758] [    INFO][0m - loss: 7.26476765, learning_rate: 7.828e-05, global_step: 73, current_memory_allocated: 29.91601800918579, current_memory_reserved: 37.369142293930054, max_memory_allocated: 35.51831269264221, max_memory_reserved: 37.369142293930054, interval_runtime: 6.0705, interval_samples_per_second: 0.6589, interval_steps_per_second: 0.1647, global_norm: 1.6221821308135986, ppl: 1429.0535485915009, progress_or_epoch: 0.2433, cpu_used_memory: 53.66, cpu_available_memory: 449.52[0m
[32m[2026-05-14 17:53:35,758] [    INFO][0m - [DataLoad global_step: 73] data_load_time: 0.82 ms (accumulated over 4 micro-batches)[0m

TrainProcess:  25%|██▍       | 74/300 [07:38<22:51,  6.07s/it][32m[2026-05-14 17:53:41,823] [    INFO][0m - loss: 7.44051313, learning_rate: 7.793e-05, global_step: 74, current_memory_allocated: 29.91601800918579, current_memory_reserved: 37.369142293930054, max_memory_allocated: 35.51831269264221, max_memory_reserved: 37.369142293930054, interval_runtime: 6.0703, interval_samples_per_second: 0.6589, interval_steps_per_second: 0.1647, global_norm: 14.529183387756348, ppl: 1703.6241775791875, progress_or_epoch: 0.2467, cpu_used_memory: 53.66, cpu_available_memory: 449.53[0m
[32m[2026-05-14 17:53:41,823] [    INFO][0m - [DataLoad global_step: 74] data_load_time: 0.66 ms (accumulated over 4 micro-batches)[0m

TrainProcess:  25%|██▌       | 75/300 [07:44<22:45,  6.07s/it][32m[2026-05-14 17:53:47,897] [    INFO][0m - loss: 7.4287796, learning_rate: 7.759e-05, global_step: 75, current_memory_allocated: 29.91601800918579, current_memory_reserved: 37.369142293930054, max_memory_allocated: 35.51831269264221, max_memory_reserved: 37.369142293930054, interval_runtime: 6.0677, interval_samples_per_second: 0.6592, interval_steps_per_second: 0.1648, global_norm: 2.606367349624634, ppl: 1683.7514686943903, progress_or_epoch: 0.25, cpu_used_memory: 53.66, cpu_available_memory: 449.53[0m
[32m[2026-05-14 17:53:47,897] [    INFO][0m - [DataLoad global_step: 75] data_load_time: 0.66 ms (accumulated over 4 micro-batches)[0m

TrainProcess:  25%|██▌       | 76/300 [07:50<22:39,  6.07s/it][32m[2026-05-14 17:53:53,970] [    INFO][0m - loss: 7.19560146, learning_rate: 7.724e-05, global_step: 76, current_memory_allocated: 29.91601800918579, current_memory_reserved: 37.369142293930054, max_memory_allocated: 35.51831269264221, max_memory_reserved: 37.369142293930054, interval_runtime: 6.0715, interval_samples_per_second: 0.6588, interval_steps_per_second: 0.1647, global_norm: 1.9660563468933105, ppl: 1333.5521627101723, progress_or_epoch: 0.2533, cpu_used_memory: 53.67, cpu_available_memory: 449.52[0m
[32m[2026-05-14 17:53:53,970] [    INFO][0m - [DataLoad global_step: 76] data_load_time: 1.21 ms (accumulated over 4 micro-batches)[0m

TrainProcess:  26%|██▌       | 77/300 [07:56<22:33,  6.07s/it][32m[2026-05-14 17:54:00,039] [    INFO][0m - loss: 7.20881128, learning_rate: 7.69e-05, global_step: 77, current_memory_allocated: 29.91601800918579, current_memory_reserved: 37.369142293930054, max_memory_allocated: 35.51831269264221, max_memory_reserved: 37.369142293930054, interval_runtime: 6.0673, interval_samples_per_second: 0.6593, interval_steps_per_second: 0.1648, global_norm: 1.8154399394989014, ppl: 1351.2850127553004, progress_or_epoch: 0.2567, cpu_used_memory: 53.66, cpu_available_memory: 449.52[0m
[32m[2026-05-14 17:54:00,040] [    INFO][0m - [DataLoad global_step: 77] data_load_time: 0.97 ms (accumulated over 4 micro-batches)[0m

TrainProcess:  26%|██▌       | 78/300 [08:02<22:27,  6.07s/it][32m[2026-05-14 17:54:06,106] [    INFO][0m - loss: 7.02704, learning_rate: 7.655e-05, global_step: 78, current_memory_allocated: 29.91601800918579, current_memory_reserved: 37.369142293930054, max_memory_allocated: 35.51831269264221, max_memory_reserved: 37.369142293930054, interval_runtime: 6.0654, interval_samples_per_second: 0.6595, interval_steps_per_second: 0.1649, global_norm: 2.082467555999756, ppl: 1126.6906651374966, progress_or_epoch: 0.26, cpu_used_memory: 53.7, cpu_available_memory: 449.49[0m
[32m[2026-05-14 17:54:06,106] [    INFO][0m - [DataLoad global_step: 78] data_load_time: 0.78 ms (accumulated over 4 micro-batches)[0m

TrainProcess:  26%|██▋       | 79/300 [08:08<22:21,  6.07s/it][32m[2026-05-14 17:54:12,178] [    INFO][0m - loss: 7.08118773, learning_rate: 7.621e-05, global_step: 79, current_memory_allocated: 29.91601800918579, current_memory_reserved: 37.369142293930054, max_memory_allocated: 35.51831269264221, max_memory_reserved: 37.369142293930054, interval_runtime: 6.0711, interval_samples_per_second: 0.6589, interval_steps_per_second: 0.1647, global_norm: 2.384131908416748, ppl: 1189.3803426245381, progress_or_epoch: 0.2633, cpu_used_memory: 53.68, cpu_available_memory: 449.5[0m
[32m[2026-05-14 17:54:12,179] [    INFO][0m - [DataLoad global_step: 79] data_load_time: 0.37 ms (accumulated over 4 micro-batches)[0m

TrainProcess:  27%|██▋       | 80/300 [08:14<22:15,  6.07s/it][32m[2026-05-14 17:54:18,248] [    INFO][0m - loss: 7.30733585, learning_rate: 7.586e-05, global_step: 80, current_memory_allocated: 29.91601800918579, current_memory_reserved: 37.369142293930054, max_memory_allocated: 35.51831269264221, max_memory_reserved: 37.369142293930054, interval_runtime: 6.0711, interval_samples_per_second: 0.6589, interval_steps_per_second: 0.1647, global_norm: 2.6469345092773438, ppl: 1491.1991143298692, progress_or_epoch: 0.2667, cpu_used_memory: 53.68, cpu_available_memory: 449.51[0m
[32m[2026-05-14 17:54:18,248] [    INFO][0m - [DataLoad global_step: 80] data_load_time: 0.37 ms (accumulated over 4 micro-batches)[0m

TrainProcess:  27%|██▋       | 81/300 [08:20<22:09,  6.07s/it][32m[2026-05-14 17:54:24,323] [    INFO][0m - loss: 7.41503143, learning_rate: 7.552e-05, global_step: 81, current_memory_allocated: 29.91601800918579, current_memory_reserved: 37.369142293930054, max_memory_allocated: 35.51831269264221, max_memory_reserved: 37.369142293930054, interval_runtime: 6.0706, interval_samples_per_second: 0.6589, interval_steps_per_second: 0.1647, global_norm: 3.097688674926758, ppl: 1660.761365306198, progress_or_epoch: 0.27, cpu_used_memory: 53.67, cpu_available_memory: 449.52[0m
[32m[2026-05-14 17:54:24,323] [    INFO][0m - [DataLoad global_step: 81] data_load_time: 1.29 ms (accumulated over 4 micro-batches)[0m

TrainProcess:  27%|██▋       | 82/300 [08:26<22:03,  6.07s/it][32m[2026-05-14 17:54:30,397] [    INFO][0m - loss: 7.15411997, learning_rate: 7.517e-05, global_step: 82, current_memory_allocated: 29.91601800918579, current_memory_reserved: 37.369142293930054, max_memory_allocated: 35.51831269264221, max_memory_reserved: 37.369142293930054, interval_runtime: 6.0747, interval_samples_per_second: 0.6585, interval_steps_per_second: 0.1646, global_norm: 2.2042224407196045, ppl: 1279.3660617858236, progress_or_epoch: 0.2733, cpu_used_memory: 53.66, cpu_available_memory: 449.52[0m
[32m[2026-05-14 17:54:30,398] [    INFO][0m - [DataLoad global_step: 82] data_load_time: 0.38 ms (accumulated over 4 micro-batches)[0m

TrainProcess:  28%|██▊       | 83/300 [08:32<21:57,  6.07s/it][32m[2026-05-14 17:54:36,469] [    INFO][0m - loss: 7.48423433, learning_rate: 7.483e-05, global_step: 83, current_memory_allocated: 29.91601800918579, current_memory_reserved: 37.369142293930054, max_memory_allocated: 35.51831269264221, max_memory_reserved: 37.369142293930054, interval_runtime: 6.0711, interval_samples_per_second: 0.6589, interval_steps_per_second: 0.1647, global_norm: 2.289120674133301, ppl: 1779.76093840562, progress_or_epoch: 0.2767, cpu_used_memory: 53.66, cpu_available_memory: 449.53[0m
[32m[2026-05-14 17:54:36,469] [    INFO][0m - [DataLoad global_step: 83] data_load_time: 1.20 ms (accumulated over 4 micro-batches)[0m

TrainProcess:  28%|██▊       | 84/300 [08:38<21:51,  6.07s/it][32m[2026-05-14 17:54:42,542] [    INFO][0m - loss: 6.99920511, learning_rate: 7.448e-05, global_step: 84, current_memory_allocated: 29.91601800918579, current_memory_reserved: 37.369142293930054, max_memory_allocated: 35.51831269264221, max_memory_reserved: 37.369142293930054, interval_runtime: 6.07, interval_samples_per_second: 0.659, interval_steps_per_second: 0.1647, global_norm: 1.6677241325378418, ppl: 1095.7618020592681, progress_or_epoch: 0.28, cpu_used_memory: 53.65, cpu_available_memory: 449.54[0m
[32m[2026-05-14 17:54:42,542] [    INFO][0m - [DataLoad global_step: 84] data_load_time: 0.37 ms (accumulated over 4 micro-batches)[0m

TrainProcess:  28%|██▊       | 85/300 [08:44<21:45,  6.07s/it][32m[2026-05-14 17:54:48,616] [    INFO][0m - loss: 7.04921103, learning_rate: 7.414e-05, global_step: 85, current_memory_allocated: 29.91601800918579, current_memory_reserved: 37.369142293930054, max_memory_allocated: 35.51831269264221, max_memory_reserved: 37.369142293930054, interval_runtime: 6.0747, interval_samples_per_second: 0.6585, interval_steps_per_second: 0.1646, global_norm: 2.505624532699585, ppl: 1151.94953053885, progress_or_epoch: 0.2833, cpu_used_memory: 53.65, cpu_available_memory: 449.53[0m
[32m[2026-05-14 17:54:48,616] [    INFO][0m - [DataLoad global_step: 85] data_load_time: 0.74 ms (accumulated over 4 micro-batches)[0m

TrainProcess:  29%|██▊       | 86/300 [08:50<21:39,  6.07s/it][32m[2026-05-14 17:54:54,690] [    INFO][0m - loss: 6.94034672, learning_rate: 7.379e-05, global_step: 86, current_memory_allocated: 29.91601800918579, current_memory_reserved: 37.369142293930054, max_memory_allocated: 35.51831269264221, max_memory_reserved: 37.369142293930054, interval_runtime: 6.0716, interval_samples_per_second: 0.6588, interval_steps_per_second: 0.1647, global_norm: 2.767843723297119, ppl: 1033.128359133616, progress_or_epoch: 0.2867, cpu_used_memory: 53.65, cpu_available_memory: 449.53[0m
[32m[2026-05-14 17:54:54,690] [    INFO][0m - [DataLoad global_step: 86] data_load_time: 0.82 ms (accumulated over 4 micro-batches)[0m

TrainProcess:  29%|██▉       | 87/300 [08:56<21:33,  6.07s/it][32m[2026-05-14 17:55:00,754] [    INFO][0m - loss: 7.1524229, learning_rate: 7.345e-05, global_step: 87, current_memory_allocated: 29.91601800918579, current_memory_reserved: 37.369142293930054, max_memory_allocated: 35.51831269264221, max_memory_reserved: 37.369142293930054, interval_runtime: 6.0646, interval_samples_per_second: 0.6596, interval_steps_per_second: 0.1649, global_norm: 1.9780501127243042, ppl: 1277.1967292985396, progress_or_epoch: 0.29, cpu_used_memory: 53.65, cpu_available_memory: 449.54[0m
[32m[2026-05-14 17:55:00,754] [    INFO][0m - [DataLoad global_step: 87] data_load_time: 0.38 ms (accumulated over 4 micro-batches)[0m

TrainProcess:  29%|██▉       | 88/300 [09:03<21:26,  6.07s/it][32m[2026-05-14 17:55:06,832] [    INFO][0m - loss: 7.01837111, learning_rate: 7.31e-05, global_step: 88, current_memory_allocated: 29.91601800918579, current_memory_reserved: 37.369142293930054, max_memory_allocated: 35.51831269264221, max_memory_reserved: 37.369142293930054, interval_runtime: 6.067, interval_samples_per_second: 0.6593, interval_steps_per_second: 0.1648, global_norm: 4.199878692626953, ppl: 1116.9657208357037, progress_or_epoch: 0.2933, cpu_used_memory: 53.69, cpu_available_memory: 449.5[0m
[32m[2026-05-14 17:55:06,833] [    INFO][0m - [DataLoad global_step: 88] data_load_time: 1.63 ms (accumulated over 4 micro-batches)[0m

TrainProcess:  30%|██▉       | 89/300 [09:09<21:21,  6.07s/it][32m[2026-05-14 17:55:12,896] [    INFO][0m - loss: 6.86213541, learning_rate: 7.276e-05, global_step: 89, current_memory_allocated: 29.91601800918579, current_memory_reserved: 37.369142293930054, max_memory_allocated: 35.51831269264221, max_memory_reserved: 37.369142293930054, interval_runtime: 6.0743, interval_samples_per_second: 0.6585, interval_steps_per_second: 0.1646, global_norm: 2.9268951416015625, ppl: 955.405072274234, progress_or_epoch: 0.2967, cpu_used_memory: 53.68, cpu_available_memory: 449.51[0m
[32m[2026-05-14 17:55:12,896] [    INFO][0m - [DataLoad global_step: 89] data_load_time: 1.36 ms (accumulated over 4 micro-batches)[0m

TrainProcess:  30%|███       | 90/300 [09:15<21:14,  6.07s/it][32m[2026-05-14 17:55:18,963] [    INFO][0m - loss: 6.96103287, learning_rate: 7.241e-05, global_step: 90, current_memory_allocated: 29.91601800918579, current_memory_reserved: 37.369142293930054, max_memory_allocated: 35.51831269264221, max_memory_reserved: 37.369142293930054, interval_runtime: 6.0661, interval_samples_per_second: 0.6594, interval_steps_per_second: 0.1649, global_norm: 1.9105745553970337, ppl: 1054.7223859470423, progress_or_epoch: 0.3, cpu_used_memory: 53.67, cpu_available_memory: 449.51[0m
[32m[2026-05-14 17:55:18,963] [    INFO][0m - [DataLoad global_step: 90] data_load_time: 0.37 ms (accumulated over 4 micro-batches)[0m

TrainProcess:  30%|███       | 91/300 [09:21<21:08,  6.07s/it][32m[2026-05-14 17:55:25,025] [    INFO][0m - loss: 6.67449474, learning_rate: 7.207e-05, global_step: 91, current_memory_allocated: 29.91601800918579, current_memory_reserved: 37.369142293930054, max_memory_allocated: 35.51831269264221, max_memory_reserved: 37.369142293930054, interval_runtime: 6.0639, interval_samples_per_second: 0.6596, interval_steps_per_second: 0.1649, global_norm: 4.235241889953613, ppl: 791.9472135221515, progress_or_epoch: 0.3033, cpu_used_memory: 53.67, cpu_available_memory: 449.52[0m
[32m[2026-05-14 17:55:25,026] [    INFO][0m - [DataLoad global_step: 91] data_load_time: 0.39 ms (accumulated over 4 micro-batches)[0m

TrainProcess:  31%|███       | 92/300 [09:27<21:02,  6.07s/it][32m[2026-05-14 17:55:31,093] [    INFO][0m - loss: 7.48101902, learning_rate: 7.172e-05, global_step: 92, current_memory_allocated: 29.91601800918579, current_memory_reserved: 37.369142293930054, max_memory_allocated: 35.51831269264221, max_memory_reserved: 37.369142293930054, interval_runtime: 6.066, interval_samples_per_second: 0.6594, interval_steps_per_second: 0.1649, global_norm: 3.9978110790252686, ppl: 1774.0476451892662, progress_or_epoch: 0.3067, cpu_used_memory: 53.67, cpu_available_memory: 449.52[0m
[32m[2026-05-14 17:55:31,093] [    INFO][0m - [DataLoad global_step: 92] data_load_time: 1.13 ms (accumulated over 4 micro-batches)[0m

TrainProcess:  31%|███       | 93/300 [09:33<20:56,  6.07s/it][32m[2026-05-14 17:55:37,160] [    INFO][0m - loss: 6.74394894, learning_rate: 7.138e-05, global_step: 93, current_memory_allocated: 29.91601800918579, current_memory_reserved: 37.369142293930054, max_memory_allocated: 35.51831269264221, max_memory_reserved: 37.369142293930054, interval_runtime: 6.066, interval_samples_per_second: 0.6594, interval_steps_per_second: 0.1649, global_norm: 2.256701707839966, ppl: 848.9064060409554, progress_or_epoch: 0.31, cpu_used_memory: 53.66, cpu_available_memory: 449.52[0m
[32m[2026-05-14 17:55:37,160] [    INFO][0m - [DataLoad global_step: 93] data_load_time: 0.74 ms (accumulated over 4 micro-batches)[0m

TrainProcess:  31%|███▏      | 94/300 [09:39<20:49,  6.07s/it][32m[2026-05-14 17:55:43,223] [    INFO][0m - loss: 7.77259541, learning_rate: 7.103e-05, global_step: 94, current_memory_allocated: 29.91601800918579, current_memory_reserved: 37.369142293930054, max_memory_allocated: 35.51831269264221, max_memory_reserved: 37.369142293930054, interval_runtime: 6.0652, interval_samples_per_second: 0.6595, interval_steps_per_second: 0.1649, global_norm: 3.6282033920288086, ppl: 2374.6264265202717, progress_or_epoch: 0.3133, cpu_used_memory: 53.66, cpu_available_memory: 449.53[0m
[32m[2026-05-14 17:55:43,224] [    INFO][0m - [DataLoad global_step: 94] data_load_time: 0.37 ms (accumulated over 4 micro-batches)[0m

TrainProcess:  32%|███▏      | 95/300 [09:45<20:43,  6.07s/it][32m[2026-05-14 17:55:49,292] [    INFO][0m - loss: 7.09412146, learning_rate: 7.069e-05, global_step: 95, current_memory_allocated: 29.91601800918579, current_memory_reserved: 37.369142293930054, max_memory_allocated: 35.51831269264221, max_memory_reserved: 37.369142293930054, interval_runtime: 6.0649, interval_samples_per_second: 0.6595, interval_steps_per_second: 0.1649, global_norm: 15.150185585021973, ppl: 1204.863377706339, progress_or_epoch: 0.3167, cpu_used_memory: 53.67, cpu_available_memory: 449.51[0m
[32m[2026-05-14 17:55:49,292] [    INFO][0m - [DataLoad global_step: 95] data_load_time: 1.32 ms (accumulated over 4 micro-batches)[0m

TrainProcess:  32%|███▏      | 96/300 [09:51<20:37,  6.07s/it][32m[2026-05-14 17:55:55,356] [    INFO][0m - loss: 6.90118933, learning_rate: 7.034e-05, global_step: 96, current_memory_allocated: 29.91601800918579, current_memory_reserved: 37.369142293930054, max_memory_allocated: 35.51831269264221, max_memory_reserved: 37.369142293930054, interval_runtime: 6.0624, interval_samples_per_second: 0.6598, interval_steps_per_second: 0.165, global_norm: 5.235498428344727, ppl: 993.4555597600336, progress_or_epoch: 0.32, cpu_used_memory: 53.66, cpu_available_memory: 449.52[0m
[32m[2026-05-14 17:55:55,356] [    INFO][0m - [DataLoad global_step: 96] data_load_time: 0.37 ms (accumulated over 4 micro-batches)[0m

TrainProcess:  32%|███▏      | 97/300 [09:57<20:31,  6.07s/it][32m[2026-05-14 17:56:01,422] [    INFO][0m - loss: 6.75531626, learning_rate: 7e-05, global_step: 97, current_memory_allocated: 29.91601800918579, current_memory_reserved: 37.369142293930054, max_memory_allocated: 35.51831269264221, max_memory_reserved: 37.369142293930054, interval_runtime: 6.0655, interval_samples_per_second: 0.6595, interval_steps_per_second: 0.1649, global_norm: 3.2557647228240967, ppl: 858.6112513480306, progress_or_epoch: 0.3233, cpu_used_memory: 53.66, cpu_available_memory: 449.52[0m
[32m[2026-05-14 17:56:01,422] [    INFO][0m - [DataLoad global_step: 97] data_load_time: 0.72 ms (accumulated over 4 micro-batches)[0m

TrainProcess:  33%|███▎      | 98/300 [10:03<20:25,  6.07s/it][32m[2026-05-14 17:56:07,486] [    INFO][0m - loss: 7.32951164, learning_rate: 6.966e-05, global_step: 98, current_memory_allocated: 29.91601800918579, current_memory_reserved: 37.369142293930054, max_memory_allocated: 35.51831269264221, max_memory_reserved: 37.369142293930054, interval_runtime: 6.0605, interval_samples_per_second: 0.66, interval_steps_per_second: 0.165, global_norm: 4.315130710601807, ppl: 1524.637018417117, progress_or_epoch: 0.3267, cpu_used_memory: 53.7, cpu_available_memory: 449.49[0m
[32m[2026-05-14 17:56:07,487] [    INFO][0m - [DataLoad global_step: 98] data_load_time: 1.13 ms (accumulated over 4 micro-batches)[0m

TrainProcess:  33%|███▎      | 99/300 [10:09<20:19,  6.07s/it][32m[2026-05-14 17:56:13,548] [    INFO][0m - loss: 7.10049057, learning_rate: 6.931e-05, global_step: 99, current_memory_allocated: 29.91601800918579, current_memory_reserved: 37.369142293930054, max_memory_allocated: 35.51831269264221, max_memory_reserved: 37.369142293930054, interval_runtime: 6.0641, interval_samples_per_second: 0.6596, interval_steps_per_second: 0.1649, global_norm: 3.120310068130493, ppl: 1212.5617750395072, progress_or_epoch: 0.33, cpu_used_memory: 53.69, cpu_available_memory: 449.5[0m
[32m[2026-05-14 17:56:13,548] [    INFO][0m - [DataLoad global_step: 99] data_load_time: 0.30 ms (accumulated over 4 micro-batches)[0m

TrainProcess:  33%|███▎      | 100/300 [10:15<20:12,  6.06s/it][32m[2026-05-14 17:56:19,610] [    INFO][0m - loss: 6.84109545, learning_rate: 6.897e-05, global_step: 100, current_memory_allocated: 29.91601800918579, current_memory_reserved: 37.369142293930054, max_memory_allocated: 35.51831269264221, max_memory_reserved: 37.369142293930054, interval_runtime: 6.0617, interval_samples_per_second: 0.6599, interval_steps_per_second: 0.165, global_norm: 4.481634140014648, ppl: 935.5133817551261, progress_or_epoch: 0.3333, cpu_used_memory: 53.68, cpu_available_memory: 449.5[0m
[32m[2026-05-14 17:56:19,610] [    INFO][0m - [DataLoad global_step: 100] data_load_time: 0.29 ms (accumulated over 4 micro-batches)[0m

TrainProcess:  34%|███▎      | 101/300 [10:21<20:06,  6.06s/it][32m[2026-05-14 17:56:25,669] [    INFO][0m - loss: 6.88167286, learning_rate: 6.862e-05, global_step: 101, current_memory_allocated: 29.91601800918579, current_memory_reserved: 37.369142293930054, max_memory_allocated: 35.51831269264221, max_memory_reserved: 37.369142293930054, interval_runtime: 6.0583, interval_samples_per_second: 0.6602, interval_steps_per_second: 0.1651, global_norm: 3.263667583465576, ppl: 974.2547892115874, progress_or_epoch: 0.3367, cpu_used_memory: 53.67, cpu_available_memory: 449.51[0m
[32m[2026-05-14 17:56:25,669] [    INFO][0m - [DataLoad global_step: 101] data_load_time: 0.65 ms (accumulated over 4 micro-batches)[0m

TrainProcess:  34%|███▍      | 102/300 [10:27<20:00,  6.06s/it][32m[2026-05-14 17:56:31,731] [    INFO][0m - loss: 6.86087322, learning_rate: 6.828e-05, global_step: 102, current_memory_allocated: 29.91601800918579, current_memory_reserved: 37.369142293930054, max_memory_allocated: 35.51831269264221, max_memory_reserved: 37.369142293930054, interval_runtime: 6.06, interval_samples_per_second: 0.6601, interval_steps_per_second: 0.165, global_norm: 2.844613552093506, ppl: 954.199930265152, progress_or_epoch: 0.34, cpu_used_memory: 53.67, cpu_available_memory: 449.52[0m
[32m[2026-05-14 17:56:31,731] [    INFO][0m - [DataLoad global_step: 102] data_load_time: 0.74 ms (accumulated over 4 micro-batches)[0m

TrainProcess:  34%|███▍      | 103/300 [10:33<19:54,  6.06s/it][32m[2026-05-14 17:56:37,792] [    INFO][0m - loss: 6.91598558, learning_rate: 6.793e-05, global_step: 103, current_memory_allocated: 29.91601800918579, current_memory_reserved: 37.369142293930054, max_memory_allocated: 35.51831269264221, max_memory_reserved: 37.369142293930054, interval_runtime: 6.0629, interval_samples_per_second: 0.6598, interval_steps_per_second: 0.1649, global_norm: 3.1330904960632324, ppl: 1008.2642630539406, progress_or_epoch: 0.3433, cpu_used_memory: 53.66, cpu_available_memory: 449.52[0m
[32m[2026-05-14 17:56:37,792] [    INFO][0m - [DataLoad global_step: 103] data_load_time: 0.72 ms (accumulated over 4 micro-batches)[0m

TrainProcess:  35%|███▍      | 104/300 [10:40<19:48,  6.06s/it][32m[2026-05-14 17:56:43,855] [    INFO][0m - loss: 6.96393681, learning_rate: 6.759e-05, global_step: 104, current_memory_allocated: 29.91601800918579, current_memory_reserved: 37.369142293930054, max_memory_allocated: 35.51831269264221, max_memory_reserved: 37.369142293930054, interval_runtime: 6.0617, interval_samples_per_second: 0.6599, interval_steps_per_second: 0.165, global_norm: 2.810925006866455, ppl: 1057.789687947462, progress_or_epoch: 0.3467, cpu_used_memory: 53.66, cpu_available_memory: 449.53[0m
[32m[2026-05-14 17:56:43,855] [    INFO][0m - [DataLoad global_step: 104] data_load_time: 1.61 ms (accumulated over 4 micro-batches)[0m

TrainProcess:  35%|███▌      | 105/300 [10:46<19:42,  6.06s/it][32m[2026-05-14 17:56:49,919] [    INFO][0m - loss: 7.00758266, learning_rate: 6.724e-05, global_step: 105, current_memory_allocated: 29.91601800918579, current_memory_reserved: 37.369142293930054, max_memory_allocated: 35.51831269264221, max_memory_reserved: 37.369142293930054, interval_runtime: 6.0622, interval_samples_per_second: 0.6598, interval_steps_per_second: 0.165, global_norm: 2.195371150970459, ppl: 1104.980161061296, progress_or_epoch: 0.35, cpu_used_memory: 53.67, cpu_available_memory: 449.52[0m
[32m[2026-05-14 17:56:49,920] [    INFO][0m - [DataLoad global_step: 105] data_load_time: 1.28 ms (accumulated over 4 micro-batches)[0m

TrainProcess:  35%|███▌      | 106/300 [10:52<19:36,  6.06s/it][32m[2026-05-14 17:56:55,984] [    INFO][0m - loss: 7.15141106, learning_rate: 6.69e-05, global_step: 106, current_memory_allocated: 29.91601800918579, current_memory_reserved: 37.369142293930054, max_memory_allocated: 35.51831269264221, max_memory_reserved: 37.369142293930054, interval_runtime: 6.0613, interval_samples_per_second: 0.6599, interval_steps_per_second: 0.165, global_norm: 2.886904716491699, ppl: 1275.9050641494007, progress_or_epoch: 0.3533, cpu_used_memory: 53.66, cpu_available_memory: 449.53[0m
[32m[2026-05-14 17:56:55,984] [    INFO][0m - [DataLoad global_step: 106] data_load_time: 0.27 ms (accumulated over 4 micro-batches)[0m

TrainProcess:  36%|███▌      | 107/300 [10:58<19:30,  6.06s/it][32m[2026-05-14 17:57:02,051] [    INFO][0m - loss: 6.90301323, learning_rate: 6.655e-05, global_step: 107, current_memory_allocated: 29.91601800918579, current_memory_reserved: 37.369142293930054, max_memory_allocated: 35.51831269264221, max_memory_reserved: 37.369142293930054, interval_runtime: 6.0638, interval_samples_per_second: 0.6596, interval_steps_per_second: 0.1649, global_norm: 3.504018783569336, ppl: 995.2691767807552, progress_or_epoch: 0.3567, cpu_used_memory: 53.66, cpu_available_memory: 449.52[0m
[32m[2026-05-14 17:57:02,051] [    INFO][0m - [DataLoad global_step: 107] data_load_time: 0.53 ms (accumulated over 4 micro-batches)[0m

TrainProcess:  36%|███▌      | 108/300 [11:04<19:24,  6.06s/it][32m[2026-05-14 17:57:08,120] [    INFO][0m - loss: 7.01685953, learning_rate: 6.621e-05, global_step: 108, current_memory_allocated: 29.91601800918579, current_memory_reserved: 37.369142293930054, max_memory_allocated: 35.51831269264221, max_memory_reserved: 37.369142293930054, interval_runtime: 6.0661, interval_samples_per_second: 0.6594, interval_steps_per_second: 0.1649, global_norm: 2.1936614513397217, ppl: 1115.278613211709, progress_or_epoch: 0.36, cpu_used_memory: 53.69, cpu_available_memory: 449.49[0m
[32m[2026-05-14 17:57:08,120] [    INFO][0m - [DataLoad global_step: 108] data_load_time: 0.57 ms (accumulated over 4 micro-batches)[0m

TrainProcess:  36%|███▋      | 109/300 [11:10<19:18,  6.07s/it][32m[2026-05-14 17:57:14,186] [    INFO][0m - loss: 6.82916737, learning_rate: 6.586e-05, global_step: 109, current_memory_allocated: 29.91601800918579, current_memory_reserved: 37.369142293930054, max_memory_allocated: 35.51831269264221, max_memory_reserved: 37.369142293930054, interval_runtime: 6.0715, interval_samples_per_second: 0.6588, interval_steps_per_second: 0.1647, global_norm: 2.4282264709472656, ppl: 924.4207914686476, progress_or_epoch: 0.3633, cpu_used_memory: 53.68, cpu_available_memory: 449.5[0m
[32m[2026-05-14 17:57:14,186] [    INFO][0m - [DataLoad global_step: 109] data_load_time: 0.26 ms (accumulated over 4 micro-batches)[0m

TrainProcess:  37%|███▋      | 110/300 [11:16<19:12,  6.07s/it][32m[2026-05-14 17:57:20,253] [    INFO][0m - loss: 6.73237848, learning_rate: 6.552e-05, global_step: 110, current_memory_allocated: 29.91601800918579, current_memory_reserved: 37.369142293930054, max_memory_allocated: 35.51831269264221, max_memory_reserved: 37.369142293930054, interval_runtime: 6.0655, interval_samples_per_second: 0.6595, interval_steps_per_second: 0.1649, global_norm: 2.2303593158721924, ppl: 839.1407738027433, progress_or_epoch: 0.3667, cpu_used_memory: 53.67, cpu_available_memory: 449.51[0m
[32m[2026-05-14 17:57:20,253] [    INFO][0m - [DataLoad global_step: 110] data_load_time: 0.98 ms (accumulated over 4 micro-batches)[0m

TrainProcess:  37%|███▋      | 111/300 [11:22<19:06,  6.06s/it][32m[2026-05-14 17:57:26,315] [    INFO][0m - loss: 6.89778996, learning_rate: 6.517e-05, global_step: 111, current_memory_allocated: 29.91601800918579, current_memory_reserved: 37.369142293930054, max_memory_allocated: 35.51831269264221, max_memory_reserved: 37.369142293930054, interval_runtime: 6.0615, interval_samples_per_second: 0.6599, interval_steps_per_second: 0.165, global_norm: 2.4830691814422607, ppl: 990.0841702805469, progress_or_epoch: 0.37, cpu_used_memory: 53.67, cpu_available_memory: 449.52[0m
[32m[2026-05-14 17:57:26,315] [    INFO][0m - [DataLoad global_step: 111] data_load_time: 0.36 ms (accumulated over 4 micro-batches)[0m

TrainProcess:  37%|███▋      | 112/300 [11:28<19:00,  6.07s/it][32m[2026-05-14 17:57:32,379] [    INFO][0m - loss: 7.05340719, learning_rate: 6.483e-05, global_step: 112, current_memory_allocated: 29.91601800918579, current_memory_reserved: 37.369142293930054, max_memory_allocated: 35.51831269264221, max_memory_reserved: 37.369142293930054, interval_runtime: 6.0638, interval_samples_per_second: 0.6596, interval_steps_per_second: 0.1649, global_norm: 1.9164620637893677, ppl: 1156.7934509058123, progress_or_epoch: 0.3733, cpu_used_memory: 53.66, cpu_available_memory: 449.53[0m
[32m[2026-05-14 17:57:32,379] [    INFO][0m - [DataLoad global_step: 112] data_load_time: 0.25 ms (accumulated over 4 micro-batches)[0m

TrainProcess:  38%|███▊      | 113/300 [11:34<18:54,  6.07s/it][32m[2026-05-14 17:57:38,445] [    INFO][0m - loss: 7.01157236, learning_rate: 6.448e-05, global_step: 113, current_memory_allocated: 29.91601800918579, current_memory_reserved: 37.369142293930054, max_memory_allocated: 35.51831269264221, max_memory_reserved: 37.369142293930054, interval_runtime: 6.0645, interval_samples_per_second: 0.6596, interval_steps_per_second: 0.1649, global_norm: 1.817367672920227, ppl: 1109.3975064919157, progress_or_epoch: 0.3767, cpu_used_memory: 53.65, cpu_available_memory: 449.54[0m
[32m[2026-05-14 17:57:38,445] [    INFO][0m - [DataLoad global_step: 113] data_load_time: 0.43 ms (accumulated over 4 micro-batches)[0m

TrainProcess:  38%|███▊      | 114/300 [11:40<18:47,  6.06s/it][32m[2026-05-14 17:57:44,509] [    INFO][0m - loss: 6.96568298, learning_rate: 6.414e-05, global_step: 114, current_memory_allocated: 29.91601800918579, current_memory_reserved: 37.369142293930054, max_memory_allocated: 35.51831269264221, max_memory_reserved: 37.369142293930054, interval_runtime: 6.0608, interval_samples_per_second: 0.66, interval_steps_per_second: 0.165, global_norm: 2.2003090381622314, ppl: 1059.638382164317, progress_or_epoch: 0.38, cpu_used_memory: 53.64, cpu_available_memory: 449.54[0m
[32m[2026-05-14 17:57:44,509] [    INFO][0m - [DataLoad global_step: 114] data_load_time: 0.28 ms (accumulated over 4 micro-batches)[0m

TrainProcess:  38%|███▊      | 115/300 [11:46<18:42,  6.06s/it][32m[2026-05-14 17:57:50,578] [    INFO][0m - loss: 6.83069992, learning_rate: 6.379e-05, global_step: 115, current_memory_allocated: 29.91601800918579, current_memory_reserved: 37.369142293930054, max_memory_allocated: 35.51831269264221, max_memory_reserved: 37.369142293930054, interval_runtime: 6.066, interval_samples_per_second: 0.6594, interval_steps_per_second: 0.1649, global_norm: 2.4075815677642822, ppl: 925.8385987053512, progress_or_epoch: 0.3833, cpu_used_memory: 53.66, cpu_available_memory: 449.53[0m
[32m[2026-05-14 17:57:50,579] [    INFO][0m - [DataLoad global_step: 115] data_load_time: 0.27 ms (accumulated over 4 micro-batches)[0m

TrainProcess:  39%|███▊      | 116/300 [11:52<18:36,  6.07s/it][32m[2026-05-14 17:57:56,650] [    INFO][0m - loss: 6.8420887, learning_rate: 6.345e-05, global_step: 116, current_memory_allocated: 29.91601800918579, current_memory_reserved: 37.369142293930054, max_memory_allocated: 35.51831269264221, max_memory_reserved: 37.369142293930054, interval_runtime: 6.0677, interval_samples_per_second: 0.6592, interval_steps_per_second: 0.1648, global_norm: 2.3958351612091064, ppl: 936.4430420376625, progress_or_epoch: 0.3867, cpu_used_memory: 53.65, cpu_available_memory: 449.54[0m
[32m[2026-05-14 17:57:56,650] [    INFO][0m - [DataLoad global_step: 116] data_load_time: 0.27 ms (accumulated over 4 micro-batches)[0m

TrainProcess:  39%|███▉      | 117/300 [11:58<18:30,  6.07s/it][32m[2026-05-14 17:58:02,716] [    INFO][0m - loss: 6.80081511, learning_rate: 6.31e-05, global_step: 117, current_memory_allocated: 29.91601800918579, current_memory_reserved: 37.369142293930054, max_memory_allocated: 35.51831269264221, max_memory_reserved: 37.369142293930054, interval_runtime: 6.0679, interval_samples_per_second: 0.6592, interval_steps_per_second: 0.1648, global_norm: 1.7823463678359985, ppl: 898.5794343041778, progress_or_epoch: 0.39, cpu_used_memory: 53.68, cpu_available_memory: 449.5[0m
[32m[2026-05-14 17:58:02,716] [    INFO][0m - [DataLoad global_step: 117] data_load_time: 0.26 ms (accumulated over 4 micro-batches)[0m

TrainProcess:  39%|███▉      | 118/300 [12:04<18:24,  6.07s/it][32m[2026-05-14 17:58:08,782] [    INFO][0m - loss: 6.82190275, learning_rate: 6.276e-05, global_step: 118, current_memory_allocated: 29.91601800918579, current_memory_reserved: 37.369142293930054, max_memory_allocated: 35.51831269264221, max_memory_reserved: 37.369142293930054, interval_runtime: 6.0645, interval_samples_per_second: 0.6596, interval_steps_per_second: 0.1649, global_norm: 1.987218976020813, ppl: 917.7295597536869, progress_or_epoch: 0.3933, cpu_used_memory: 53.68, cpu_available_memory: 449.51[0m
[32m[2026-05-14 17:58:08,782] [    INFO][0m - [DataLoad global_step: 118] data_load_time: 0.37 ms (accumulated over 4 micro-batches)[0m

TrainProcess:  40%|███▉      | 119/300 [12:11<18:18,  6.07s/it][32m[2026-05-14 17:58:14,845] [    INFO][0m - loss: 6.6431675, learning_rate: 6.241e-05, global_step: 119, current_memory_allocated: 29.91601800918579, current_memory_reserved: 37.369142293930054, max_memory_allocated: 35.51831269264221, max_memory_reserved: 37.369142293930054, interval_runtime: 6.0666, interval_samples_per_second: 0.6594, interval_steps_per_second: 0.1648, global_norm: 2.4966518878936768, ppl: 767.5222735866062, progress_or_epoch: 0.3967, cpu_used_memory: 53.67, cpu_available_memory: 449.52[0m
[32m[2026-05-14 17:58:14,846] [    INFO][0m - [DataLoad global_step: 119] data_load_time: 0.35 ms (accumulated over 4 micro-batches)[0m

TrainProcess:  40%|████      | 120/300 [12:17<18:11,  6.06s/it][32m[2026-05-14 17:58:20,904] [    INFO][0m - loss: 6.93381596, learning_rate: 6.207e-05, global_step: 120, current_memory_allocated: 29.91601800918579, current_memory_reserved: 37.369142293930054, max_memory_allocated: 35.51831269264221, max_memory_reserved: 37.369142293930054, interval_runtime: 6.0578, interval_samples_per_second: 0.6603, interval_steps_per_second: 0.1651, global_norm: 2.417266607284546, ppl: 1026.4032297764968, progress_or_epoch: 0.4, cpu_used_memory: 53.66, cpu_available_memory: 449.52[0m
[32m[2026-05-14 17:58:20,904] [    INFO][0m - [DataLoad global_step: 120] data_load_time: 0.28 ms (accumulated over 4 micro-batches)[0m

TrainProcess:  40%|████      | 121/300 [12:23<18:05,  6.06s/it][32m[2026-05-14 17:58:26,965] [    INFO][0m - loss: 6.75214958, learning_rate: 6.172e-05, global_step: 121, current_memory_allocated: 29.91601800918579, current_memory_reserved: 37.369142293930054, max_memory_allocated: 35.51831269264221, max_memory_reserved: 37.369142293930054, interval_runtime: 6.0596, interval_samples_per_second: 0.6601, interval_steps_per_second: 0.165, global_norm: 1.7311190366744995, ppl: 855.8966047476684, progress_or_epoch: 0.4033, cpu_used_memory: 53.65, cpu_available_memory: 449.53[0m
[32m[2026-05-14 17:58:26,966] [    INFO][0m - [DataLoad global_step: 121] data_load_time: 0.27 ms (accumulated over 4 micro-batches)[0m

TrainProcess:  41%|████      | 122/300 [12:29<18:00,  6.07s/it][32m[2026-05-14 17:58:33,041] [    INFO][0m - loss: 6.64719439, learning_rate: 6.138e-05, global_step: 122, current_memory_allocated: 29.91601800918579, current_memory_reserved: 37.369142293930054, max_memory_allocated: 35.51831269264221, max_memory_reserved: 37.369142293930054, interval_runtime: 6.076, interval_samples_per_second: 0.6583, interval_steps_per_second: 0.1646, global_norm: 2.8223559856414795, ppl: 770.6192327268031, progress_or_epoch: 0.4067, cpu_used_memory: 53.65, cpu_available_memory: 449.54[0m
[32m[2026-05-14 17:58:33,041] [    INFO][0m - [DataLoad global_step: 122] data_load_time: 0.27 ms (accumulated over 4 micro-batches)[0m

TrainProcess:  41%|████      | 123/300 [12:35<17:53,  6.07s/it][32m[2026-05-14 17:58:39,104] [    INFO][0m - loss: 6.74769211, learning_rate: 6.103e-05, global_step: 123, current_memory_allocated: 29.91601800918579, current_memory_reserved: 37.369142293930054, max_memory_allocated: 35.51831269264221, max_memory_reserved: 37.369142293930054, interval_runtime: 6.0634, interval_samples_per_second: 0.6597, interval_steps_per_second: 0.1649, global_norm: 2.4482879638671875, ppl: 852.0899616105555, progress_or_epoch: 0.41, cpu_used_memory: 53.64, cpu_available_memory: 449.54[0m
[32m[2026-05-14 17:58:39,105] [    INFO][0m - [DataLoad global_step: 123] data_load_time: 0.34 ms (accumulated over 4 micro-batches)[0m

TrainProcess:  41%|████▏     | 124/300 [12:41<17:47,  6.07s/it][32m[2026-05-14 17:58:45,172] [    INFO][0m - loss: 6.70252991, learning_rate: 6.069e-05, global_step: 124, current_memory_allocated: 29.91601800918579, current_memory_reserved: 37.369142293930054, max_memory_allocated: 35.51831269264221, max_memory_reserved: 37.369142293930054, interval_runtime: 6.066, interval_samples_per_second: 0.6594, interval_steps_per_second: 0.1649, global_norm: 2.818042516708374, ppl: 814.4637408618086, progress_or_epoch: 0.4133, cpu_used_memory: 53.64, cpu_available_memory: 449.55[0m
[32m[2026-05-14 17:58:45,173] [    INFO][0m - [DataLoad global_step: 124] data_load_time: 0.98 ms (accumulated over 4 micro-batches)[0m

TrainProcess:  42%|████▏     | 125/300 [12:47<17:41,  6.07s/it][32m[2026-05-14 17:58:51,244] [    INFO][0m - loss: 6.946805, learning_rate: 6.034e-05, global_step: 125, current_memory_allocated: 29.91601800918579, current_memory_reserved: 37.369142293930054, max_memory_allocated: 35.51831269264221, max_memory_reserved: 37.369142293930054, interval_runtime: 6.0676, interval_samples_per_second: 0.6592, interval_steps_per_second: 0.1648, global_norm: 1.7990187406539917, ppl: 1039.8221833822201, progress_or_epoch: 0.4167, cpu_used_memory: 53.66, cpu_available_memory: 449.53[0m
[32m[2026-05-14 17:58:51,244] [    INFO][0m - [DataLoad global_step: 125] data_load_time: 1.46 ms (accumulated over 4 micro-batches)[0m

TrainProcess:  42%|████▏     | 126/300 [12:53<17:35,  6.07s/it][32m[2026-05-14 17:58:57,312] [    INFO][0m - loss: 6.54930305, learning_rate: 6e-05, global_step: 126, current_memory_allocated: 29.91601800918579, current_memory_reserved: 37.369142293930054, max_memory_allocated: 35.51831269264221, max_memory_reserved: 37.369142293930054, interval_runtime: 6.0644, interval_samples_per_second: 0.6596, interval_steps_per_second: 0.1649, global_norm: 1.9049714803695679, ppl: 698.7570053746864, progress_or_epoch: 0.42, cpu_used_memory: 53.65, cpu_available_memory: 449.53[0m
[32m[2026-05-14 17:58:57,312] [    INFO][0m - [DataLoad global_step: 126] data_load_time: 0.39 ms (accumulated over 4 micro-batches)[0m

TrainProcess:  42%|████▏     | 127/300 [12:59<17:29,  6.07s/it][32m[2026-05-14 17:59:03,377] [    INFO][0m - loss: 6.74936676, learning_rate: 5.966e-05, global_step: 127, current_memory_allocated: 29.91601800918579, current_memory_reserved: 37.369142293930054, max_memory_allocated: 35.51831269264221, max_memory_reserved: 37.369142293930054, interval_runtime: 6.0631, interval_samples_per_second: 0.6597, interval_steps_per_second: 0.1649, global_norm: 1.5953785181045532, ppl: 853.5181095549798, progress_or_epoch: 0.4233, cpu_used_memory: 53.69, cpu_available_memory: 449.49[0m
[32m[2026-05-14 17:59:03,377] [    INFO][0m - [DataLoad global_step: 127] data_load_time: 0.40 ms (accumulated over 4 micro-batches)[0m

TrainProcess:  43%|████▎     | 128/300 [13:05<17:23,  6.07s/it][32m[2026-05-14 17:59:09,442] [    INFO][0m - loss: 6.48227215, learning_rate: 5.931e-05, global_step: 128, current_memory_allocated: 29.91601800918579, current_memory_reserved: 37.369142293930054, max_memory_allocated: 35.51831269264221, max_memory_reserved: 37.369142293930054, interval_runtime: 6.0653, interval_samples_per_second: 0.6595, interval_steps_per_second: 0.1649, global_norm: 2.1233487129211426, ppl: 653.4540062861034, progress_or_epoch: 0.4267, cpu_used_memory: 53.68, cpu_available_memory: 449.5[0m
[32m[2026-05-14 17:59:09,443] [    INFO][0m - [DataLoad global_step: 128] data_load_time: 0.38 ms (accumulated over 4 micro-batches)[0m

TrainProcess:  43%|████▎     | 129/300 [13:11<17:17,  6.07s/it][32m[2026-05-14 17:59:15,509] [    INFO][0m - loss: 7.58236647, learning_rate: 5.897e-05, global_step: 129, current_memory_allocated: 29.91601800918579, current_memory_reserved: 37.369142293930054, max_memory_allocated: 35.51831269264221, max_memory_reserved: 37.369142293930054, interval_runtime: 6.0647, interval_samples_per_second: 0.6596, interval_steps_per_second: 0.1649, global_norm: 2.6259713172912598, ppl: 1963.2694907421526, progress_or_epoch: 0.43, cpu_used_memory: 53.67, cpu_available_memory: 449.51[0m
[32m[2026-05-14 17:59:15,509] [    INFO][0m - [DataLoad global_step: 129] data_load_time: 0.34 ms (accumulated over 4 micro-batches)[0m

TrainProcess:  43%|████▎     | 130/300 [13:17<17:11,  6.07s/it][32m[2026-05-14 17:59:21,580] [    INFO][0m - loss: 6.78545713, learning_rate: 5.862e-05, global_step: 130, current_memory_allocated: 29.91601800918579, current_memory_reserved: 37.369142293930054, max_memory_allocated: 35.51831269264221, max_memory_reserved: 37.369142293930054, interval_runtime: 6.0695, interval_samples_per_second: 0.659, interval_steps_per_second: 0.1648, global_norm: 1.728317141532898, ppl: 884.8845017552736, progress_or_epoch: 0.4333, cpu_used_memory: 53.67, cpu_available_memory: 449.52[0m
[32m[2026-05-14 17:59:21,580] [    INFO][0m - [DataLoad global_step: 130] data_load_time: 0.67 ms (accumulated over 4 micro-batches)[0m

TrainProcess:  44%|████▎     | 131/300 [13:23<17:05,  6.07s/it][32m[2026-05-14 17:59:27,644] [    INFO][0m - loss: 6.72186947, learning_rate: 5.828e-05, global_step: 131, current_memory_allocated: 29.91601800918579, current_memory_reserved: 37.369142293930054, max_memory_allocated: 35.51831269264221, max_memory_reserved: 37.369142293930054, interval_runtime: 6.0658, interval_samples_per_second: 0.6594, interval_steps_per_second: 0.1649, global_norm: 1.9403481483459473, ppl: 830.3684101822672, progress_or_epoch: 0.4367, cpu_used_memory: 53.66, cpu_available_memory: 449.52[0m
[32m[2026-05-14 17:59:27,644] [    INFO][0m - [DataLoad global_step: 131] data_load_time: 0.31 ms (accumulated over 4 micro-batches)[0m

TrainProcess:  44%|████▍     | 132/300 [13:29<16:59,  6.07s/it][32m[2026-05-14 17:59:33,714] [    INFO][0m - loss: 6.83085918, learning_rate: 5.793e-05, global_step: 132, current_memory_allocated: 29.91601800918579, current_memory_reserved: 37.369142293930054, max_memory_allocated: 35.51831269264221, max_memory_reserved: 37.369142293930054, interval_runtime: 6.0681, interval_samples_per_second: 0.6592, interval_steps_per_second: 0.1648, global_norm: 2.137564182281494, ppl: 925.9860595025727, progress_or_epoch: 0.44, cpu_used_memory: 53.66, cpu_available_memory: 449.53[0m
[32m[2026-05-14 17:59:33,714] [    INFO][0m - [DataLoad global_step: 132] data_load_time: 0.50 ms (accumulated over 4 micro-batches)[0m

TrainProcess:  44%|████▍     | 133/300 [13:35<16:53,  6.07s/it][32m[2026-05-14 17:59:39,784] [    INFO][0m - loss: 6.7397871, learning_rate: 5.759e-05, global_step: 133, current_memory_allocated: 29.91601800918579, current_memory_reserved: 37.369142293930054, max_memory_allocated: 35.51831269264221, max_memory_reserved: 37.369142293930054, interval_runtime: 6.0704, interval_samples_per_second: 0.6589, interval_steps_per_second: 0.1647, global_norm: 1.9371991157531738, ppl: 845.3807351321303, progress_or_epoch: 0.4433, cpu_used_memory: 53.65, cpu_available_memory: 449.53[0m
[32m[2026-05-14 17:59:39,784] [    INFO][0m - [DataLoad global_step: 133] data_load_time: 0.30 ms (accumulated over 4 micro-batches)[0m

TrainProcess:  45%|████▍     | 134/300 [13:42<16:47,  6.07s/it][32m[2026-05-14 17:59:45,848] [    INFO][0m - loss: 6.57946682, learning_rate: 5.724e-05, global_step: 134, current_memory_allocated: 29.91601800918579, current_memory_reserved: 37.369142293930054, max_memory_allocated: 35.51831269264221, max_memory_reserved: 37.369142293930054, interval_runtime: 6.0653, interval_samples_per_second: 0.6595, interval_steps_per_second: 0.1649, global_norm: 2.949319362640381, ppl: 720.1552544891803, progress_or_epoch: 0.4467, cpu_used_memory: 53.65, cpu_available_memory: 449.53[0m
[32m[2026-05-14 17:59:45,848] [    INFO][0m - [DataLoad global_step: 134] data_load_time: 0.30 ms (accumulated over 4 micro-batches)[0m

TrainProcess:  45%|████▌     | 135/300 [13:48<16:41,  6.07s/it][32m[2026-05-14 17:59:51,921] [    INFO][0m - loss: 6.78607178, learning_rate: 5.69e-05, global_step: 135, current_memory_allocated: 29.91601800918579, current_memory_reserved: 37.369142293930054, max_memory_allocated: 35.51831269264221, max_memory_reserved: 37.369142293930054, interval_runtime: 6.0695, interval_samples_per_second: 0.659, interval_steps_per_second: 0.1648, global_norm: 3.3018362522125244, ppl: 885.4285632008327, progress_or_epoch: 0.45, cpu_used_memory: 53.66, cpu_available_memory: 449.53[0m
[32m[2026-05-14 17:59:51,921] [    INFO][0m - [DataLoad global_step: 135] data_load_time: 0.30 ms (accumulated over 4 micro-batches)[0m

TrainProcess:  45%|████▌     | 136/300 [13:54<16:35,  6.07s/it][32m[2026-05-14 17:59:57,990] [    INFO][0m - loss: 6.66638994, learning_rate: 5.655e-05, global_step: 136, current_memory_allocated: 29.91601800918579, current_memory_reserved: 37.369142293930054, max_memory_allocated: 35.51831269264221, max_memory_reserved: 37.369142293930054, interval_runtime: 6.0683, interval_samples_per_second: 0.6592, interval_steps_per_second: 0.1648, global_norm: 3.490994930267334, ppl: 785.5545802462054, progress_or_epoch: 0.4533, cpu_used_memory: 53.65, cpu_available_memory: 449.54[0m
[32m[2026-05-14 17:59:57,990] [    INFO][0m - [DataLoad global_step: 136] data_load_time: 0.31 ms (accumulated over 4 micro-batches)[0m

TrainProcess:  46%|████▌     | 137/300 [14:00<16:29,  6.07s/it][32m[2026-05-14 18:00:04,057] [    INFO][0m - loss: 6.59341764, learning_rate: 5.621e-05, global_step: 137, current_memory_allocated: 29.91601800918579, current_memory_reserved: 37.369142293930054, max_memory_allocated: 35.51831269264221, max_memory_reserved: 37.369142293930054, interval_runtime: 6.0657, interval_samples_per_second: 0.6594, interval_steps_per_second: 0.1649, global_norm: 2.2189018726348877, ppl: 730.2724180932543, progress_or_epoch: 0.4567, cpu_used_memory: 53.7, cpu_available_memory: 449.49[0m
[32m[2026-05-14 18:00:04,058] [    INFO][0m - [DataLoad global_step: 137] data_load_time: 0.32 ms (accumulated over 4 micro-batches)[0m

TrainProcess:  46%|████▌     | 138/300 [14:06<16:23,  6.07s/it][32m[2026-05-14 18:00:10,127] [    INFO][0m - loss: 6.58349419, learning_rate: 5.586e-05, global_step: 138, current_memory_allocated: 29.91601800918579, current_memory_reserved: 37.369142293930054, max_memory_allocated: 35.51831269264221, max_memory_reserved: 37.369142293930054, interval_runtime: 6.0687, interval_samples_per_second: 0.6591, interval_steps_per_second: 0.1648, global_norm: 1.5930262804031372, ppl: 723.0614343591484, progress_or_epoch: 0.46, cpu_used_memory: 53.68, cpu_available_memory: 449.5[0m
[32m[2026-05-14 18:00:10,127] [    INFO][0m - [DataLoad global_step: 138] data_load_time: 0.31 ms (accumulated over 4 micro-batches)[0m

TrainProcess:  46%|████▋     | 139/300 [14:12<16:17,  6.07s/it][32m[2026-05-14 18:00:16,193] [    INFO][0m - loss: 6.34663868, learning_rate: 5.552e-05, global_step: 139, current_memory_allocated: 29.91601800918579, current_memory_reserved: 37.369142293930054, max_memory_allocated: 35.51831269264221, max_memory_reserved: 37.369142293930054, interval_runtime: 6.0685, interval_samples_per_second: 0.6591, interval_steps_per_second: 0.1648, global_norm: 2.626432418823242, ppl: 570.5716083468474, progress_or_epoch: 0.4633, cpu_used_memory: 53.67, cpu_available_memory: 449.51[0m
[32m[2026-05-14 18:00:16,194] [    INFO][0m - [DataLoad global_step: 139] data_load_time: 0.30 ms (accumulated over 4 micro-batches)[0m

TrainProcess:  47%|████▋     | 140/300 [14:18<16:10,  6.07s/it][32m[2026-05-14 18:00:22,261] [    INFO][0m - loss: 6.446877, learning_rate: 5.517e-05, global_step: 140, current_memory_allocated: 29.91601800918579, current_memory_reserved: 37.369142293930054, max_memory_allocated: 35.51831269264221, max_memory_reserved: 37.369142293930054, interval_runtime: 6.0661, interval_samples_per_second: 0.6594, interval_steps_per_second: 0.1649, global_norm: 1.7918998003005981, ppl: 630.7294457559315, progress_or_epoch: 0.4667, cpu_used_memory: 53.66, cpu_available_memory: 449.52[0m
[32m[2026-05-14 18:00:22,261] [    INFO][0m - [DataLoad global_step: 140] data_load_time: 0.31 ms (accumulated over 4 micro-batches)[0m

TrainProcess:  47%|████▋     | 141/300 [14:24<16:04,  6.07s/it][32m[2026-05-14 18:00:28,324] [    INFO][0m - loss: 6.50272274, learning_rate: 5.483e-05, global_step: 141, current_memory_allocated: 29.91601800918579, current_memory_reserved: 37.369142293930054, max_memory_allocated: 35.51831269264221, max_memory_reserved: 37.369142293930054, interval_runtime: 6.0633, interval_samples_per_second: 0.6597, interval_steps_per_second: 0.1649, global_norm: 1.7781898975372314, ppl: 666.9551084650291, progress_or_epoch: 0.47, cpu_used_memory: 53.65, cpu_available_memory: 449.53[0m
[32m[2026-05-14 18:00:28,325] [    INFO][0m - [DataLoad global_step: 141] data_load_time: 0.33 ms (accumulated over 4 micro-batches)[0m

TrainProcess:  47%|████▋     | 142/300 [14:30<15:58,  6.07s/it][32m[2026-05-14 18:00:34,390] [    INFO][0m - loss: 6.58032799, learning_rate: 5.448e-05, global_step: 142, current_memory_allocated: 29.91601800918579, current_memory_reserved: 37.369142293930054, max_memory_allocated: 35.51831269264221, max_memory_reserved: 37.369142293930054, interval_runtime: 6.0652, interval_samples_per_second: 0.6595, interval_steps_per_second: 0.1649, global_norm: 1.8012337684631348, ppl: 720.7756977048863, progress_or_epoch: 0.4733, cpu_used_memory: 53.65, cpu_available_memory: 449.53[0m
[32m[2026-05-14 18:00:34,391] [    INFO][0m - [DataLoad global_step: 142] data_load_time: 0.52 ms (accumulated over 4 micro-batches)[0m

TrainProcess:  48%|████▊     | 143/300 [14:36<15:52,  6.07s/it][32m[2026-05-14 18:00:40,456] [    INFO][0m - loss: 6.55069923, learning_rate: 5.414e-05, global_step: 143, current_memory_allocated: 29.91601800918579, current_memory_reserved: 37.369142293930054, max_memory_allocated: 35.51831269264221, max_memory_reserved: 37.369142293930054, interval_runtime: 6.063, interval_samples_per_second: 0.6597, interval_steps_per_second: 0.1649, global_norm: 1.370552659034729, ppl: 699.7332772975286, progress_or_epoch: 0.4767, cpu_used_memory: 53.65, cpu_available_memory: 449.54[0m
[32m[2026-05-14 18:00:40,456] [    INFO][0m - [DataLoad global_step: 143] data_load_time: 0.60 ms (accumulated over 4 micro-batches)[0m

TrainProcess:  48%|████▊     | 144/300 [14:42<15:46,  6.06s/it][32m[2026-05-14 18:00:46,514] [    INFO][0m - loss: 6.63720894, learning_rate: 5.379e-05, global_step: 144, current_memory_allocated: 29.91601800918579, current_memory_reserved: 37.369142293930054, max_memory_allocated: 35.51831269264221, max_memory_reserved: 37.369142293930054, interval_runtime: 6.062, interval_samples_per_second: 0.6599, interval_steps_per_second: 0.165, global_norm: 1.9378662109375, ppl: 762.9625442693417, progress_or_epoch: 0.48, cpu_used_memory: 53.64, cpu_available_memory: 449.55[0m
[32m[2026-05-14 18:00:46,515] [    INFO][0m - [DataLoad global_step: 144] data_load_time: 0.30 ms (accumulated over 4 micro-batches)[0m

TrainProcess:  48%|████▊     | 145/300 [14:48<15:39,  6.06s/it][32m[2026-05-14 18:00:52,582] [    INFO][0m - loss: 6.81605101, learning_rate: 5.345e-05, global_step: 145, current_memory_allocated: 29.91601800918579, current_memory_reserved: 37.369142293930054, max_memory_allocated: 35.51831269264221, max_memory_reserved: 37.369142293930054, interval_runtime: 6.0631, interval_samples_per_second: 0.6597, interval_steps_per_second: 0.1649, global_norm: 23.113622665405273, ppl: 912.37492721821, progress_or_epoch: 0.4833, cpu_used_memory: 53.65, cpu_available_memory: 449.53[0m
[32m[2026-05-14 18:00:52,582] [    INFO][0m - [DataLoad global_step: 145] data_load_time: 0.60 ms (accumulated over 4 micro-batches)[0m

TrainProcess:  49%|████▊     | 146/300 [14:54<15:34,  6.07s/it][32m[2026-05-14 18:00:58,653] [    INFO][0m - loss: 6.82560396, learning_rate: 5.31e-05, global_step: 146, current_memory_allocated: 29.91601800918579, current_memory_reserved: 37.369142293930054, max_memory_allocated: 35.51831269264221, max_memory_reserved: 37.369142293930054, interval_runtime: 6.067, interval_samples_per_second: 0.6593, interval_steps_per_second: 0.1648, global_norm: 2.4821622371673584, ppl: 921.132563308137, progress_or_epoch: 0.4867, cpu_used_memory: 53.64, cpu_available_memory: 449.54[0m
[32m[2026-05-14 18:00:58,653] [    INFO][0m - [DataLoad global_step: 146] data_load_time: 0.65 ms (accumulated over 4 micro-batches)[0m

TrainProcess:  49%|████▉     | 147/300 [15:00<15:28,  6.07s/it][32m[2026-05-14 18:01:04,719] [    INFO][0m - loss: 6.41025352, learning_rate: 5.276e-05, global_step: 147, current_memory_allocated: 29.91601800918579, current_memory_reserved: 37.369142293930054, max_memory_allocated: 35.51831269264221, max_memory_reserved: 37.369142293930054, interval_runtime: 6.0672, interval_samples_per_second: 0.6593, interval_steps_per_second: 0.1648, global_norm: 2.1873278617858887, ppl: 608.0478138045378, progress_or_epoch: 0.49, cpu_used_memory: 53.68, cpu_available_memory: 449.51[0m
[32m[2026-05-14 18:01:04,720] [    INFO][0m - [DataLoad global_step: 147] data_load_time: 0.30 ms (accumulated over 4 micro-batches)[0m

TrainProcess:  49%|████▉     | 148/300 [15:06<15:21,  6.07s/it][32m[2026-05-14 18:01:10,780] [    INFO][0m - loss: 6.50997877, learning_rate: 5.241e-05, global_step: 148, current_memory_allocated: 29.91601800918579, current_memory_reserved: 37.369142293930054, max_memory_allocated: 35.51831269264221, max_memory_reserved: 37.369142293930054, interval_runtime: 6.0598, interval_samples_per_second: 0.6601, interval_steps_per_second: 0.165, global_norm: 2.2432422637939453, ppl: 671.812154867648, progress_or_epoch: 0.4933, cpu_used_memory: 53.67, cpu_available_memory: 449.52[0m
[32m[2026-05-14 18:01:10,781] [    INFO][0m - [DataLoad global_step: 148] data_load_time: 0.31 ms (accumulated over 4 micro-batches)[0m

TrainProcess:  50%|████▉     | 149/300 [15:13<15:15,  6.06s/it][32m[2026-05-14 18:01:16,843] [    INFO][0m - loss: 6.76686525, learning_rate: 5.207e-05, global_step: 149, current_memory_allocated: 29.91601800918579, current_memory_reserved: 37.369142293930054, max_memory_allocated: 35.51831269264221, max_memory_reserved: 37.369142293930054, interval_runtime: 6.0614, interval_samples_per_second: 0.6599, interval_steps_per_second: 0.165, global_norm: 2.445815086364746, ppl: 868.5848256030631, progress_or_epoch: 0.4967, cpu_used_memory: 53.66, cpu_available_memory: 449.52[0m
[32m[2026-05-14 18:01:16,843] [    INFO][0m - [DataLoad global_step: 149] data_load_time: 0.30 ms (accumulated over 4 micro-batches)[0m

TrainProcess:  50%|█████     | 150/300 [15:19<15:09,  6.07s/it][32m[2026-05-14 18:01:22,912] [    INFO][0m - loss: 6.67387867, learning_rate: 5.172e-05, global_step: 150, current_memory_allocated: 29.91601800918579, current_memory_reserved: 37.369142293930054, max_memory_allocated: 35.51831269264221, max_memory_reserved: 37.369142293930054, interval_runtime: 6.0669, interval_samples_per_second: 0.6593, interval_steps_per_second: 0.1648, global_norm: 3.1609466075897217, ppl: 791.4594688601702, progress_or_epoch: 0.5, cpu_used_memory: 53.65, cpu_available_memory: 449.53[0m
[32m[2026-05-14 18:01:22,912] [    INFO][0m - [DataLoad global_step: 150] data_load_time: 1.06 ms (accumulated over 4 micro-batches)[0m

TrainProcess:  50%|█████     | 151/300 [15:25<15:03,  6.06s/it][32m[2026-05-14 18:01:28,974] [    INFO][0m - loss: 6.54183531, learning_rate: 5.138e-05, global_step: 151, current_memory_allocated: 29.91601800918579, current_memory_reserved: 37.369142293930054, max_memory_allocated: 35.51831269264221, max_memory_reserved: 37.369142293930054, interval_runtime: 6.0633, interval_samples_per_second: 0.6597, interval_steps_per_second: 0.1649, global_norm: 1.8313443660736084, ppl: 693.5583051658166, progress_or_epoch: 0.5033, cpu_used_memory: 53.65, cpu_available_memory: 449.54[0m
[32m[2026-05-14 18:01:28,975] [    INFO][0m - [DataLoad global_step: 151] data_load_time: 0.31 ms (accumulated over 4 micro-batches)[0m

TrainProcess:  51%|█████     | 152/300 [15:31<14:57,  6.06s/it][32m[2026-05-14 18:01:35,040] [    INFO][0m - loss: 6.59575605, learning_rate: 5.103e-05, global_step: 152, current_memory_allocated: 29.91601800918579, current_memory_reserved: 37.369142293930054, max_memory_allocated: 35.51831269264221, max_memory_reserved: 37.369142293930054, interval_runtime: 6.0647, interval_samples_per_second: 0.6596, interval_steps_per_second: 0.1649, global_norm: 2.264819622039795, ppl: 731.9820925993641, progress_or_epoch: 0.5067, cpu_used_memory: 53.64, cpu_available_memory: 449.54[0m
[32m[2026-05-14 18:01:35,040] [    INFO][0m - [DataLoad global_step: 152] data_load_time: 0.63 ms (accumulated over 4 micro-batches)[0m

TrainProcess:  51%|█████     | 153/300 [15:37<14:51,  6.06s/it][32m[2026-05-14 18:01:41,105] [    INFO][0m - loss: 6.72931147, learning_rate: 5.069e-05, global_step: 153, current_memory_allocated: 29.91601800918579, current_memory_reserved: 37.369142293930054, max_memory_allocated: 35.51831269264221, max_memory_reserved: 37.369142293930054, interval_runtime: 6.0641, interval_samples_per_second: 0.6596, interval_steps_per_second: 0.1649, global_norm: 2.2224526405334473, ppl: 836.5710633362731, progress_or_epoch: 0.51, cpu_used_memory: 53.64, cpu_available_memory: 449.55[0m
[32m[2026-05-14 18:01:41,106] [    INFO][0m - [DataLoad global_step: 153] data_load_time: 0.90 ms (accumulated over 4 micro-batches)[0m

TrainProcess:  51%|█████▏    | 154/300 [15:43<14:45,  6.06s/it][32m[2026-05-14 18:01:47,168] [    INFO][0m - loss: 6.63252497, learning_rate: 5.034e-05, global_step: 154, current_memory_allocated: 29.91601800918579, current_memory_reserved: 37.369142293930054, max_memory_allocated: 35.51831269264221, max_memory_reserved: 37.369142293930054, interval_runtime: 6.0642, interval_samples_per_second: 0.6596, interval_steps_per_second: 0.1649, global_norm: 2.221536874771118, ppl: 759.3972070855614, progress_or_epoch: 0.5133, cpu_used_memory: 53.63, cpu_available_memory: 449.55[0m
[32m[2026-05-14 18:01:47,169] [    INFO][0m - [DataLoad global_step: 154] data_load_time: 0.31 ms (accumulated over 4 micro-batches)[0m

TrainProcess:  52%|█████▏    | 155/300 [15:49<14:39,  6.06s/it][32m[2026-05-14 18:01:53,236] [    INFO][0m - loss: 6.8581028, learning_rate: 5e-05, global_step: 155, current_memory_allocated: 29.91601800918579, current_memory_reserved: 37.369142293930054, max_memory_allocated: 35.51831269264221, max_memory_reserved: 37.369142293930054, interval_runtime: 6.0645, interval_samples_per_second: 0.6596, interval_steps_per_second: 0.1649, global_norm: 4.708675861358643, ppl: 951.5600541655891, progress_or_epoch: 0.5167, cpu_used_memory: 53.65, cpu_available_memory: 449.54[0m
[32m[2026-05-14 18:01:53,237] [    INFO][0m - [DataLoad global_step: 155] data_load_time: 0.33 ms (accumulated over 4 micro-batches)[0m

TrainProcess:  52%|█████▏    | 156/300 [15:55<14:33,  6.06s/it][32m[2026-05-14 18:01:59,297] [    INFO][0m - loss: 6.61304855, learning_rate: 4.966e-05, global_step: 156, current_memory_allocated: 29.91601800918579, current_memory_reserved: 37.369142293930054, max_memory_allocated: 35.51831269264221, max_memory_reserved: 37.369142293930054, interval_runtime: 6.0582, interval_samples_per_second: 0.6603, interval_steps_per_second: 0.1651, global_norm: 3.346863269805908, ppl: 744.7499690233225, progress_or_epoch: 0.52, cpu_used_memory: 53.64, cpu_available_memory: 449.55[0m
[32m[2026-05-14 18:01:59,297] [    INFO][0m - [DataLoad global_step: 156] data_load_time: 0.32 ms (accumulated over 4 micro-batches)[0m

TrainProcess:  52%|█████▏    | 157/300 [16:01<14:27,  6.06s/it][32m[2026-05-14 18:02:05,362] [    INFO][0m - loss: 7.14581966, learning_rate: 4.931e-05, global_step: 157, current_memory_allocated: 29.91601800918579, current_memory_reserved: 37.369142293930054, max_memory_allocated: 35.51831269264221, max_memory_reserved: 37.369142293930054, interval_runtime: 6.0596, interval_samples_per_second: 0.6601, interval_steps_per_second: 0.165, global_norm: 7.355401515960693, ppl: 1268.7908762435195, progress_or_epoch: 0.5233, cpu_used_memory: 53.67, cpu_available_memory: 449.51[0m
[32m[2026-05-14 18:02:05,362] [    INFO][0m - [DataLoad global_step: 157] data_load_time: 0.30 ms (accumulated over 4 micro-batches)[0m

TrainProcess:  53%|█████▎    | 158/300 [16:07<14:21,  6.07s/it][32m[2026-05-14 18:02:11,433] [    INFO][0m - loss: 6.68325138, learning_rate: 4.897e-05, global_step: 158, current_memory_allocated: 29.91601800918579, current_memory_reserved: 37.369142293930054, max_memory_allocated: 35.51831269264221, max_memory_reserved: 37.369142293930054, interval_runtime: 6.0697, interval_samples_per_second: 0.659, interval_steps_per_second: 0.1648, global_norm: 2.5848846435546875, ppl: 798.9124617484317, progress_or_epoch: 0.5267, cpu_used_memory: 53.66, cpu_available_memory: 449.52[0m
[32m[2026-05-14 18:02:11,433] [    INFO][0m - [DataLoad global_step: 158] data_load_time: 0.45 ms (accumulated over 4 micro-batches)[0m

TrainProcess:  53%|█████▎    | 159/300 [16:13<14:15,  6.07s/it][32m[2026-05-14 18:02:17,503] [    INFO][0m - loss: 6.74682808, learning_rate: 4.862e-05, global_step: 159, current_memory_allocated: 29.91601800918579, current_memory_reserved: 37.369142293930054, max_memory_allocated: 35.51831269264221, max_memory_reserved: 37.369142293930054, interval_runtime: 6.0702, interval_samples_per_second: 0.659, interval_steps_per_second: 0.1647, global_norm: 2.601282835006714, ppl: 851.3540482924003, progress_or_epoch: 0.53, cpu_used_memory: 53.66, cpu_available_memory: 449.53[0m
[32m[2026-05-14 18:02:17,503] [    INFO][0m - [DataLoad global_step: 159] data_load_time: 0.31 ms (accumulated over 4 micro-batches)[0m

TrainProcess:  53%|█████▎    | 160/300 [16:19<14:09,  6.07s/it][32m[2026-05-14 18:02:23,573] [    INFO][0m - loss: 6.1508112, learning_rate: 4.828e-05, global_step: 160, current_memory_allocated: 29.91601800918579, current_memory_reserved: 37.369142293930054, max_memory_allocated: 35.51831269264221, max_memory_reserved: 37.369142293930054, interval_runtime: 6.0686, interval_samples_per_second: 0.6591, interval_steps_per_second: 0.1648, global_norm: 3.041285514831543, ppl: 469.0977645869533, progress_or_epoch: 0.5333, cpu_used_memory: 53.65, cpu_available_memory: 449.53[0m
[32m[2026-05-14 18:02:23,574] [    INFO][0m - [DataLoad global_step: 160] data_load_time: 0.61 ms (accumulated over 4 micro-batches)[0m

TrainProcess:  54%|█████▎    | 161/300 [16:25<14:03,  6.07s/it][32m[2026-05-14 18:02:29,640] [    INFO][0m - loss: 6.61008072, learning_rate: 4.793e-05, global_step: 161, current_memory_allocated: 29.91601800918579, current_memory_reserved: 37.369142293930054, max_memory_allocated: 35.51831269264221, max_memory_reserved: 37.369142293930054, interval_runtime: 6.0683, interval_samples_per_second: 0.6592, interval_steps_per_second: 0.1648, global_norm: 1.9553927183151245, ppl: 742.5429543648639, progress_or_epoch: 0.5367, cpu_used_memory: 53.65, cpu_available_memory: 449.53[0m
[32m[2026-05-14 18:02:29,641] [    INFO][0m - [DataLoad global_step: 161] data_load_time: 0.30 ms (accumulated over 4 micro-batches)[0m

TrainProcess:  54%|█████▍    | 162/300 [16:31<13:57,  6.07s/it][32m[2026-05-14 18:02:35,710] [    INFO][0m - loss: 6.34969234, learning_rate: 4.759e-05, global_step: 162, current_memory_allocated: 29.91601800918579, current_memory_reserved: 37.369142293930054, max_memory_allocated: 35.51831269264221, max_memory_reserved: 37.369142293930054, interval_runtime: 6.0665, interval_samples_per_second: 0.6594, interval_steps_per_second: 0.1648, global_norm: 3.6094915866851807, ppl: 572.3166029985932, progress_or_epoch: 0.54, cpu_used_memory: 53.65, cpu_available_memory: 449.54[0m
[32m[2026-05-14 18:02:35,710] [    INFO][0m - [DataLoad global_step: 162] data_load_time: 0.30 ms (accumulated over 4 micro-batches)[0m

TrainProcess:  54%|█████▍    | 163/300 [16:37<13:51,  6.07s/it][32m[2026-05-14 18:02:41,768] [    INFO][0m - loss: 6.48224926, learning_rate: 4.724e-05, global_step: 163, current_memory_allocated: 29.91601800918579, current_memory_reserved: 37.369142293930054, max_memory_allocated: 35.51831269264221, max_memory_reserved: 37.369142293930054, interval_runtime: 6.064, interval_samples_per_second: 0.6596, interval_steps_per_second: 0.1649, global_norm: 3.0009572505950928, ppl: 653.4390488950874, progress_or_epoch: 0.5433, cpu_used_memory: 53.64, cpu_available_memory: 449.54[0m
[32m[2026-05-14 18:02:41,768] [    INFO][0m - [DataLoad global_step: 163] data_load_time: 0.31 ms (accumulated over 4 micro-batches)[0m

TrainProcess:  55%|█████▍    | 164/300 [16:44<13:44,  6.06s/it][32m[2026-05-14 18:02:47,828] [    INFO][0m - loss: 6.54914427, learning_rate: 4.69e-05, global_step: 164, current_memory_allocated: 29.91601800918579, current_memory_reserved: 37.369142293930054, max_memory_allocated: 35.51831269264221, max_memory_reserved: 37.369142293930054, interval_runtime: 6.0606, interval_samples_per_second: 0.66, interval_steps_per_second: 0.165, global_norm: 2.964251756668091, ppl: 698.6460655451195, progress_or_epoch: 0.5467, cpu_used_memory: 53.64, cpu_available_memory: 449.55[0m
[32m[2026-05-14 18:02:47,828] [    INFO][0m - [DataLoad global_step: 164] data_load_time: 0.85 ms (accumulated over 4 micro-batches)[0m

TrainProcess:  55%|█████▌    | 165/300 [16:50<13:38,  6.06s/it][32m[2026-05-14 18:02:53,894] [    INFO][0m - loss: 6.55916786, learning_rate: 4.655e-05, global_step: 165, current_memory_allocated: 29.91601800918579, current_memory_reserved: 37.369142293930054, max_memory_allocated: 35.51831269264221, max_memory_reserved: 37.369142293930054, interval_runtime: 6.0621, interval_samples_per_second: 0.6598, interval_steps_per_second: 0.165, global_norm: 2.62141489982605, ppl: 705.6842221309934, progress_or_epoch: 0.55, cpu_used_memory: 53.65, cpu_available_memory: 449.54[0m
[32m[2026-05-14 18:02:53,894] [    INFO][0m - [DataLoad global_step: 165] data_load_time: 1.59 ms (accumulated over 4 micro-batches)[0m

TrainProcess:  55%|█████▌    | 166/300 [16:56<13:32,  6.07s/it][32m[2026-05-14 18:02:59,961] [    INFO][0m - loss: 6.56154203, learning_rate: 4.621e-05, global_step: 166, current_memory_allocated: 29.91601800918579, current_memory_reserved: 37.369142293930054, max_memory_allocated: 35.51831269264221, max_memory_reserved: 37.369142293930054, interval_runtime: 6.0652, interval_samples_per_second: 0.6595, interval_steps_per_second: 0.1649, global_norm: 2.0743517875671387, ppl: 707.361626874744, progress_or_epoch: 0.5533, cpu_used_memory: 53.64, cpu_available_memory: 449.55[0m
[32m[2026-05-14 18:02:59,961] [    INFO][0m - [DataLoad global_step: 166] data_load_time: 1.33 ms (accumulated over 4 micro-batches)[0m

TrainProcess:  56%|█████▌    | 167/300 [17:02<13:26,  6.06s/it][32m[2026-05-14 18:03:06,021] [    INFO][0m - loss: 6.37009144, learning_rate: 4.586e-05, global_step: 167, current_memory_allocated: 29.91601800918579, current_memory_reserved: 37.369142293930054, max_memory_allocated: 35.51831269264221, max_memory_reserved: 37.369142293930054, interval_runtime: 6.0585, interval_samples_per_second: 0.6602, interval_steps_per_second: 0.1651, global_norm: 1.7193197011947632, ppl: 584.1112375809769, progress_or_epoch: 0.5567, cpu_used_memory: 53.68, cpu_available_memory: 449.5[0m
[32m[2026-05-14 18:03:06,021] [    INFO][0m - [DataLoad global_step: 167] data_load_time: 0.98 ms (accumulated over 4 micro-batches)[0m

TrainProcess:  56%|█████▌    | 168/300 [17:08<13:20,  6.06s/it][32m[2026-05-14 18:03:12,088] [    INFO][0m - loss: 6.46408749, learning_rate: 4.552e-05, global_step: 168, current_memory_allocated: 29.91601800918579, current_memory_reserved: 37.369142293930054, max_memory_allocated: 35.51831269264221, max_memory_reserved: 37.369142293930054, interval_runtime: 6.0638, interval_samples_per_second: 0.6597, interval_steps_per_second: 0.1649, global_norm: 2.78460955619812, ppl: 641.6785581090131, progress_or_epoch: 0.56, cpu_used_memory: 53.67, cpu_available_memory: 449.51[0m
[32m[2026-05-14 18:03:12,088] [    INFO][0m - [DataLoad global_step: 168] data_load_time: 1.70 ms (accumulated over 4 micro-batches)[0m

TrainProcess:  56%|█████▋    | 169/300 [17:14<13:14,  6.06s/it][32m[2026-05-14 18:03:18,153] [    INFO][0m - loss: 6.39115429, learning_rate: 4.517e-05, global_step: 169, current_memory_allocated: 29.91601800918579, current_memory_reserved: 37.369142293930054, max_memory_allocated: 35.51831269264221, max_memory_reserved: 37.369142293930054, interval_runtime: 6.0651, interval_samples_per_second: 0.6595, interval_steps_per_second: 0.1649, global_norm: 2.0932395458221436, ppl: 596.5447680874676, progress_or_epoch: 0.5633, cpu_used_memory: 53.67, cpu_available_memory: 449.52[0m
[32m[2026-05-14 18:03:18,153] [    INFO][0m - [DataLoad global_step: 169] data_load_time: 1.09 ms (accumulated over 4 micro-batches)[0m

TrainProcess:  57%|█████▋    | 170/300 [17:20<13:08,  6.06s/it][32m[2026-05-14 18:03:24,218] [    INFO][0m - loss: 6.39840889, learning_rate: 4.483e-05, global_step: 170, current_memory_allocated: 29.91601800918579, current_memory_reserved: 37.369142293930054, max_memory_allocated: 35.51831269264221, max_memory_reserved: 37.369142293930054, interval_runtime: 6.0637, interval_samples_per_second: 0.6597, interval_steps_per_second: 0.1649, global_norm: 2.3287975788116455, ppl: 600.888197634772, progress_or_epoch: 0.5667, cpu_used_memory: 53.66, cpu_available_memory: 449.53[0m
[32m[2026-05-14 18:03:24,218] [    INFO][0m - [DataLoad global_step: 170] data_load_time: 1.37 ms (accumulated over 4 micro-batches)[0m

TrainProcess:  57%|█████▋    | 171/300 [17:26<13:02,  6.06s/it][32m[2026-05-14 18:03:30,284] [    INFO][0m - loss: 6.50340462, learning_rate: 4.448e-05, global_step: 171, current_memory_allocated: 29.91601800918579, current_memory_reserved: 37.369142293930054, max_memory_allocated: 35.51831269264221, max_memory_reserved: 37.369142293930054, interval_runtime: 6.0631, interval_samples_per_second: 0.6597, interval_steps_per_second: 0.1649, global_norm: 2.6574532985687256, ppl: 667.4100469034731, progress_or_epoch: 0.57, cpu_used_memory: 53.65, cpu_available_memory: 449.53[0m
[32m[2026-05-14 18:03:30,284] [    INFO][0m - [DataLoad global_step: 171] data_load_time: 2.42 ms (accumulated over 4 micro-batches)[0m

TrainProcess:  57%|█████▋    | 172/300 [17:32<12:56,  6.07s/it][32m[2026-05-14 18:03:36,347] [    INFO][0m - loss: 6.43302202, learning_rate: 4.414e-05, global_step: 172, current_memory_allocated: 29.91601800918579, current_memory_reserved: 37.369142293930054, max_memory_allocated: 35.51831269264221, max_memory_reserved: 37.369142293930054, interval_runtime: 6.066, interval_samples_per_second: 0.6594, interval_steps_per_second: 0.1649, global_norm: 2.217271089553833, ppl: 622.0509608437432, progress_or_epoch: 0.5733, cpu_used_memory: 53.65, cpu_available_memory: 449.54[0m
[32m[2026-05-14 18:03:36,348] [    INFO][0m - [DataLoad global_step: 172] data_load_time: 1.15 ms (accumulated over 4 micro-batches)[0m

TrainProcess:  58%|█████▊    | 173/300 [17:38<12:50,  6.06s/it][32m[2026-05-14 18:03:42,410] [    INFO][0m - loss: 6.41887093, learning_rate: 4.379e-05, global_step: 173, current_memory_allocated: 29.91601800918579, current_memory_reserved: 37.369142293930054, max_memory_allocated: 35.51831269264221, max_memory_reserved: 37.369142293930054, interval_runtime: 6.062, interval_samples_per_second: 0.6599, interval_steps_per_second: 0.165, global_norm: 2.3000845909118652, ppl: 613.3102528475323, progress_or_epoch: 0.5767, cpu_used_memory: 53.65, cpu_available_memory: 449.54[0m
[32m[2026-05-14 18:03:42,410] [    INFO][0m - [DataLoad global_step: 173] data_load_time: 0.36 ms (accumulated over 4 micro-batches)[0m

TrainProcess:  58%|█████▊    | 174/300 [17:44<12:43,  6.06s/it][32m[2026-05-14 18:03:48,471] [    INFO][0m - loss: 6.16146183, learning_rate: 4.345e-05, global_step: 174, current_memory_allocated: 29.91601800918579, current_memory_reserved: 37.369142293930054, max_memory_allocated: 35.51831269264221, max_memory_reserved: 37.369142293930054, interval_runtime: 6.062, interval_samples_per_second: 0.6599, interval_steps_per_second: 0.165, global_norm: 1.988133430480957, ppl: 474.12065228938746, progress_or_epoch: 0.58, cpu_used_memory: 53.65, cpu_available_memory: 449.54[0m
[32m[2026-05-14 18:03:48,472] [    INFO][0m - [DataLoad global_step: 174] data_load_time: 1.07 ms (accumulated over 4 micro-batches)[0m

TrainProcess:  58%|█████▊    | 175/300 [17:50<12:38,  6.06s/it][32m[2026-05-14 18:03:54,542] [    INFO][0m - loss: 6.55285931, learning_rate: 4.31e-05, global_step: 175, current_memory_allocated: 29.91601800918579, current_memory_reserved: 37.369142293930054, max_memory_allocated: 35.51831269264221, max_memory_reserved: 37.369142293930054, interval_runtime: 6.0655, interval_samples_per_second: 0.6595, interval_steps_per_second: 0.1649, global_norm: 1.7632862329483032, ppl: 701.2463907899073, progress_or_epoch: 0.5833, cpu_used_memory: 53.66, cpu_available_memory: 449.52[0m
[32m[2026-05-14 18:03:54,543] [    INFO][0m - [DataLoad global_step: 175] data_load_time: 0.94 ms (accumulated over 4 micro-batches)[0m

TrainProcess:  59%|█████▊    | 176/300 [17:56<12:32,  6.07s/it][32m[2026-05-14 18:04:00,610] [    INFO][0m - loss: 6.40018988, learning_rate: 4.276e-05, global_step: 176, current_memory_allocated: 29.91601800918579, current_memory_reserved: 37.369142293930054, max_memory_allocated: 35.51831269264221, max_memory_reserved: 37.369142293930054, interval_runtime: 6.0668, interval_samples_per_second: 0.6593, interval_steps_per_second: 0.1648, global_norm: 2.3516972064971924, ppl: 601.9593270581452, progress_or_epoch: 0.5867, cpu_used_memory: 53.65, cpu_available_memory: 449.53[0m
[32m[2026-05-14 18:04:00,610] [    INFO][0m - [DataLoad global_step: 176] data_load_time: 1.23 ms (accumulated over 4 micro-batches)[0m

TrainProcess:  59%|█████▉    | 177/300 [18:02<12:26,  6.07s/it][32m[2026-05-14 18:04:06,677] [    INFO][0m - loss: 6.36158037, learning_rate: 4.241e-05, global_step: 177, current_memory_allocated: 29.91601800918579, current_memory_reserved: 37.369142293930054, max_memory_allocated: 35.51831269264221, max_memory_reserved: 37.369142293930054, interval_runtime: 6.0674, interval_samples_per_second: 0.6593, interval_steps_per_second: 0.1648, global_norm: 2.461395502090454, ppl: 579.1609220737132, progress_or_epoch: 0.59, cpu_used_memory: 53.68, cpu_available_memory: 449.5[0m
[32m[2026-05-14 18:04:06,677] [    INFO][0m - [DataLoad global_step: 177] data_load_time: 0.74 ms (accumulated over 4 micro-batches)[0m

TrainProcess:  59%|█████▉    | 178/300 [18:08<12:20,  6.07s/it][32m[2026-05-14 18:04:12,739] [    INFO][0m - loss: 6.46432018, learning_rate: 4.207e-05, global_step: 178, current_memory_allocated: 29.91601800918579, current_memory_reserved: 37.369142293930054, max_memory_allocated: 35.51831269264221, max_memory_reserved: 37.369142293930054, interval_runtime: 6.0602, interval_samples_per_second: 0.66, interval_steps_per_second: 0.165, global_norm: 1.6830974817276, ppl: 641.8278876657729, progress_or_epoch: 0.5933, cpu_used_memory: 53.67, cpu_available_memory: 449.51[0m
[32m[2026-05-14 18:04:12,739] [    INFO][0m - [DataLoad global_step: 178] data_load_time: 1.15 ms (accumulated over 4 micro-batches)[0m

TrainProcess:  60%|█████▉    | 179/300 [18:14<12:13,  6.07s/it][32m[2026-05-14 18:04:18,806] [    INFO][0m - loss: 6.39575195, learning_rate: 4.172e-05, global_step: 179, current_memory_allocated: 29.91601800918579, current_memory_reserved: 37.369142293930054, max_memory_allocated: 35.51831269264221, max_memory_reserved: 37.369142293930054, interval_runtime: 6.0676, interval_samples_per_second: 0.6592, interval_steps_per_second: 0.1648, global_norm: 1.693791151046753, ppl: 599.2937928038867, progress_or_epoch: 0.5967, cpu_used_memory: 53.66, cpu_available_memory: 449.52[0m
[32m[2026-05-14 18:04:18,806] [    INFO][0m - [DataLoad global_step: 179] data_load_time: 1.54 ms (accumulated over 4 micro-batches)[0m

TrainProcess:  60%|██████    | 180/300 [18:21<12:08,  6.07s/it][32m[2026-05-14 18:04:24,875] [    INFO][0m - loss: 6.40276766, learning_rate: 4.138e-05, global_step: 180, current_memory_allocated: 29.91601800918579, current_memory_reserved: 37.369142293930054, max_memory_allocated: 35.51831269264221, max_memory_reserved: 37.369142293930054, interval_runtime: 6.0683, interval_samples_per_second: 0.6592, interval_steps_per_second: 0.1648, global_norm: 2.489945888519287, ppl: 603.5130474866062, progress_or_epoch: 0.6, cpu_used_memory: 53.66, cpu_available_memory: 449.53[0m
[32m[2026-05-14 18:04:24,875] [    INFO][0m - [DataLoad global_step: 180] data_load_time: 0.75 ms (accumulated over 4 micro-batches)[0m

TrainProcess:  60%|██████    | 181/300 [18:27<12:01,  6.07s/it][32m[2026-05-14 18:04:30,938] [    INFO][0m - loss: 6.32550049, learning_rate: 4.103e-05, global_step: 181, current_memory_allocated: 29.91601800918579, current_memory_reserved: 37.369142293930054, max_memory_allocated: 35.51831269264221, max_memory_reserved: 37.369142293930054, interval_runtime: 6.0644, interval_samples_per_second: 0.6596, interval_steps_per_second: 0.1649, global_norm: 1.8471735715866089, ppl: 558.6373361104058, progress_or_epoch: 0.6033, cpu_used_memory: 53.65, cpu_available_memory: 449.54[0m
[32m[2026-05-14 18:04:30,938] [    INFO][0m - [DataLoad global_step: 181] data_load_time: 1.08 ms (accumulated over 4 micro-batches)[0m

TrainProcess:  61%|██████    | 182/300 [18:33<11:55,  6.07s/it][32m[2026-05-14 18:04:37,001] [    INFO][0m - loss: 6.32994318, learning_rate: 4.069e-05, global_step: 182, current_memory_allocated: 29.91601800918579, current_memory_reserved: 37.369142293930054, max_memory_allocated: 35.51831269264221, max_memory_reserved: 37.369142293930054, interval_runtime: 6.0631, interval_samples_per_second: 0.6597, interval_steps_per_second: 0.1649, global_norm: 1.5931812524795532, ppl: 561.1247098411612, progress_or_epoch: 0.6067, cpu_used_memory: 53.64, cpu_available_memory: 449.54[0m
[32m[2026-05-14 18:04:37,001] [    INFO][0m - [DataLoad global_step: 182] data_load_time: 0.79 ms (accumulated over 4 micro-batches)[0m

TrainProcess:  61%|██████    | 183/300 [18:39<11:49,  6.06s/it][32m[2026-05-14 18:04:43,059] [    INFO][0m - loss: 6.94267464, learning_rate: 4.034e-05, global_step: 183, current_memory_allocated: 29.91601800918579, current_memory_reserved: 37.369142293930054, max_memory_allocated: 35.51831269264221, max_memory_reserved: 37.369142293930054, interval_runtime: 6.0596, interval_samples_per_second: 0.6601, interval_steps_per_second: 0.165, global_norm: 2.1443307399749756, ppl: 1035.5362008474679, progress_or_epoch: 0.61, cpu_used_memory: 53.64, cpu_available_memory: 449.54[0m
[32m[2026-05-14 18:04:43,060] [    INFO][0m - [DataLoad global_step: 183] data_load_time: 1.14 ms (accumulated over 4 micro-batches)[0m

TrainProcess:  61%|██████▏   | 184/300 [18:45<11:43,  6.06s/it][32m[2026-05-14 18:04:49,124] [    INFO][0m - loss: 6.5053072, learning_rate: 4e-05, global_step: 184, current_memory_allocated: 29.91601800918579, current_memory_reserved: 37.369142293930054, max_memory_allocated: 35.51831269264221, max_memory_reserved: 37.369142293930054, interval_runtime: 6.0623, interval_samples_per_second: 0.6598, interval_steps_per_second: 0.165, global_norm: 2.0955934524536133, ppl: 668.681056625948, progress_or_epoch: 0.6133, cpu_used_memory: 53.66, cpu_available_memory: 449.52[0m
[32m[2026-05-14 18:04:49,125] [    INFO][0m - [DataLoad global_step: 184] data_load_time: 0.74 ms (accumulated over 4 micro-batches)[0m

TrainProcess:  62%|██████▏   | 185/300 [18:51<11:37,  6.06s/it][32m[2026-05-14 18:04:55,188] [    INFO][0m - loss: 6.50384712, learning_rate: 3.966e-05, global_step: 185, current_memory_allocated: 29.91601800918579, current_memory_reserved: 37.369142293930054, max_memory_allocated: 35.51831269264221, max_memory_reserved: 37.369142293930054, interval_runtime: 6.0633, interval_samples_per_second: 0.6597, interval_steps_per_second: 0.1649, global_norm: 1.9428560733795166, ppl: 667.7054412003955, progress_or_epoch: 0.6167, cpu_used_memory: 53.66, cpu_available_memory: 449.53[0m
[32m[2026-05-14 18:04:55,188] [    INFO][0m - [DataLoad global_step: 185] data_load_time: 1.29 ms (accumulated over 4 micro-batches)[0m

TrainProcess:  62%|██████▏   | 186/300 [18:57<11:31,  6.06s/it][32m[2026-05-14 18:05:01,252] [    INFO][0m - loss: 6.20406914, learning_rate: 3.931e-05, global_step: 186, current_memory_allocated: 29.91601800918579, current_memory_reserved: 37.369142293930054, max_memory_allocated: 35.51831269264221, max_memory_reserved: 37.369142293930054, interval_runtime: 6.0616, interval_samples_per_second: 0.6599, interval_steps_per_second: 0.165, global_norm: 1.6344558000564575, ppl: 494.7581909099985, progress_or_epoch: 0.62, cpu_used_memory: 53.65, cpu_available_memory: 449.53[0m
[32m[2026-05-14 18:05:01,253] [    INFO][0m - [DataLoad global_step: 186] data_load_time: 1.72 ms (accumulated over 4 micro-batches)[0m

TrainProcess:  62%|██████▏   | 187/300 [19:03<11:25,  6.06s/it][32m[2026-05-14 18:05:07,315] [    INFO][0m - loss: 6.41684246, learning_rate: 3.897e-05, global_step: 187, current_memory_allocated: 29.91601800918579, current_memory_reserved: 37.369142293930054, max_memory_allocated: 35.51831269264221, max_memory_reserved: 37.369142293930054, interval_runtime: 6.0601, interval_samples_per_second: 0.6601, interval_steps_per_second: 0.165, global_norm: 2.3004539012908936, ppl: 612.0674323371509, progress_or_epoch: 0.6233, cpu_used_memory: 53.69, cpu_available_memory: 449.5[0m
[32m[2026-05-14 18:05:07,315] [    INFO][0m - [DataLoad global_step: 187] data_load_time: 0.73 ms (accumulated over 4 micro-batches)[0m

TrainProcess:  63%|██████▎   | 188/300 [19:09<11:19,  6.06s/it][32m[2026-05-14 18:05:13,381] [    INFO][0m - loss: 6.56101131, learning_rate: 3.862e-05, global_step: 188, current_memory_allocated: 29.91601800918579, current_memory_reserved: 37.369142293930054, max_memory_allocated: 35.51831269264221, max_memory_reserved: 37.369142293930054, interval_runtime: 6.0656, interval_samples_per_second: 0.6595, interval_steps_per_second: 0.1649, global_norm: 2.1926615238189697, ppl: 706.986315513561, progress_or_epoch: 0.6267, cpu_used_memory: 53.68, cpu_available_memory: 449.51[0m
[32m[2026-05-14 18:05:13,382] [    INFO][0m - [DataLoad global_step: 188] data_load_time: 2.06 ms (accumulated over 4 micro-batches)[0m

TrainProcess:  63%|██████▎   | 189/300 [19:15<11:13,  6.06s/it][32m[2026-05-14 18:05:19,443] [    INFO][0m - loss: 6.61810112, learning_rate: 3.828e-05, global_step: 189, current_memory_allocated: 29.91601800918579, current_memory_reserved: 37.369142293930054, max_memory_allocated: 35.51831269264221, max_memory_reserved: 37.369142293930054, interval_runtime: 6.061, interval_samples_per_second: 0.66, interval_steps_per_second: 0.165, global_norm: 2.0875484943389893, ppl: 748.5223925659755, progress_or_epoch: 0.63, cpu_used_memory: 53.67, cpu_available_memory: 449.52[0m
[32m[2026-05-14 18:05:19,443] [    INFO][0m - [DataLoad global_step: 189] data_load_time: 1.30 ms (accumulated over 4 micro-batches)[0m

TrainProcess:  63%|██████▎   | 190/300 [19:21<11:07,  6.06s/it][32m[2026-05-14 18:05:25,512] [    INFO][0m - loss: 6.39406395, learning_rate: 3.793e-05, global_step: 190, current_memory_allocated: 29.91601800918579, current_memory_reserved: 37.369142293930054, max_memory_allocated: 35.51831269264221, max_memory_reserved: 37.369142293930054, interval_runtime: 6.0669, interval_samples_per_second: 0.6593, interval_steps_per_second: 0.1648, global_norm: 1.603076457977295, ppl: 598.2830381985193, progress_or_epoch: 0.6333, cpu_used_memory: 53.66, cpu_available_memory: 449.52[0m
[32m[2026-05-14 18:05:25,512] [    INFO][0m - [DataLoad global_step: 190] data_load_time: 1.22 ms (accumulated over 4 micro-batches)[0m

TrainProcess:  64%|██████▎   | 191/300 [19:27<11:01,  6.06s/it][32m[2026-05-14 18:05:31,576] [    INFO][0m - loss: 6.26762962, learning_rate: 3.759e-05, global_step: 191, current_memory_allocated: 29.91601800918579, current_memory_reserved: 37.369142293930054, max_memory_allocated: 35.51831269264221, max_memory_reserved: 37.369142293930054, interval_runtime: 6.0652, interval_samples_per_second: 0.6595, interval_steps_per_second: 0.1649, global_norm: 2.117657423019409, ppl: 527.2261691766015, progress_or_epoch: 0.6367, cpu_used_memory: 53.66, cpu_available_memory: 449.53[0m
[32m[2026-05-14 18:05:31,576] [    INFO][0m - [DataLoad global_step: 191] data_load_time: 0.35 ms (accumulated over 4 micro-batches)[0m

TrainProcess:  64%|██████▍   | 192/300 [19:33<10:54,  6.06s/it][32m[2026-05-14 18:05:37,636] [    INFO][0m - loss: 6.3811388, learning_rate: 3.724e-05, global_step: 192, current_memory_allocated: 29.91601800918579, current_memory_reserved: 37.369142293930054, max_memory_allocated: 35.51831269264221, max_memory_reserved: 37.369142293930054, interval_runtime: 6.0601, interval_samples_per_second: 0.6601, interval_steps_per_second: 0.165, global_norm: 1.593592643737793, ppl: 590.5999000056277, progress_or_epoch: 0.64, cpu_used_memory: 53.65, cpu_available_memory: 449.53[0m
[32m[2026-05-14 18:05:37,636] [    INFO][0m - [DataLoad global_step: 192] data_load_time: 0.35 ms (accumulated over 4 micro-batches)[0m

TrainProcess:  64%|██████▍   | 193/300 [19:39<10:48,  6.06s/it][32m[2026-05-14 18:05:43,700] [    INFO][0m - loss: 6.40074873, learning_rate: 3.69e-05, global_step: 193, current_memory_allocated: 29.91601800918579, current_memory_reserved: 37.369142293930054, max_memory_allocated: 35.51831269264221, max_memory_reserved: 37.369142293930054, interval_runtime: 6.0611, interval_samples_per_second: 0.6599, interval_steps_per_second: 0.165, global_norm: 1.926651120185852, ppl: 602.2958260455434, progress_or_epoch: 0.6433, cpu_used_memory: 53.65, cpu_available_memory: 449.53[0m
[32m[2026-05-14 18:05:43,700] [    INFO][0m - [DataLoad global_step: 193] data_load_time: 1.22 ms (accumulated over 4 micro-batches)[0m

TrainProcess:  65%|██████▍   | 194/300 [19:45<10:42,  6.06s/it][32m[2026-05-14 18:05:49,763] [    INFO][0m - loss: 6.40588427, learning_rate: 3.655e-05, global_step: 194, current_memory_allocated: 29.91601800918579, current_memory_reserved: 37.369142293930054, max_memory_allocated: 35.51831269264221, max_memory_reserved: 37.369142293930054, interval_runtime: 6.0666, interval_samples_per_second: 0.6593, interval_steps_per_second: 0.1648, global_norm: 2.3709652423858643, ppl: 605.3968963718112, progress_or_epoch: 0.6467, cpu_used_memory: 53.67, cpu_available_memory: 449.52[0m
[32m[2026-05-14 18:05:49,764] [    INFO][0m - [DataLoad global_step: 194] data_load_time: 0.98 ms (accumulated over 4 micro-batches)[0m

TrainProcess:  65%|██████▌   | 195/300 [19:52<10:36,  6.06s/it][32m[2026-05-14 18:05:55,826] [    INFO][0m - loss: 6.25269222, learning_rate: 3.621e-05, global_step: 195, current_memory_allocated: 29.91601800918579, current_memory_reserved: 37.369142293930054, max_memory_allocated: 35.51831269264221, max_memory_reserved: 37.369142293930054, interval_runtime: 6.0596, interval_samples_per_second: 0.6601, interval_steps_per_second: 0.165, global_norm: 1.8629263639450073, ppl: 519.4093081320444, progress_or_epoch: 0.65, cpu_used_memory: 53.66, cpu_available_memory: 449.52[0m
[32m[2026-05-14 18:05:55,826] [    INFO][0m - [DataLoad global_step: 195] data_load_time: 0.79 ms (accumulated over 4 micro-batches)[0m

TrainProcess:  65%|██████▌   | 196/300 [19:58<10:30,  6.06s/it][32m[2026-05-14 18:06:01,894] [    INFO][0m - loss: 6.2549448, learning_rate: 3.586e-05, global_step: 196, current_memory_allocated: 29.91601800918579, current_memory_reserved: 37.369142293930054, max_memory_allocated: 35.51831269264221, max_memory_reserved: 37.369142293930054, interval_runtime: 6.0647, interval_samples_per_second: 0.6596, interval_steps_per_second: 0.1649, global_norm: 1.3235965967178345, ppl: 520.5806379130868, progress_or_epoch: 0.6533, cpu_used_memory: 53.7, cpu_available_memory: 449.49[0m
[32m[2026-05-14 18:06:01,894] [    INFO][0m - [DataLoad global_step: 196] data_load_time: 1.23 ms (accumulated over 4 micro-batches)[0m

TrainProcess:  66%|██████▌   | 197/300 [20:04<10:24,  6.07s/it][32m[2026-05-14 18:06:07,960] [    INFO][0m - loss: 6.45283794, learning_rate: 3.552e-05, global_step: 197, current_memory_allocated: 29.91601800918579, current_memory_reserved: 37.369142293930054, max_memory_allocated: 35.51831269264221, max_memory_reserved: 37.369142293930054, interval_runtime: 6.0659, interval_samples_per_second: 0.6594, interval_steps_per_second: 0.1649, global_norm: 1.390471339225769, ppl: 634.5004142306417, progress_or_epoch: 0.6567, cpu_used_memory: 53.69, cpu_available_memory: 449.49[0m
[32m[2026-05-14 18:06:07,960] [    INFO][0m - [DataLoad global_step: 197] data_load_time: 0.58 ms (accumulated over 4 micro-batches)[0m

TrainProcess:  66%|██████▌   | 198/300 [20:10<10:18,  6.07s/it][32m[2026-05-14 18:06:14,023] [    INFO][0m - loss: 6.29595947, learning_rate: 3.517e-05, global_step: 198, current_memory_allocated: 29.91601800918579, current_memory_reserved: 37.369142293930054, max_memory_allocated: 35.51831269264221, max_memory_reserved: 37.369142293930054, interval_runtime: 6.0638, interval_samples_per_second: 0.6597, interval_steps_per_second: 0.1649, global_norm: 1.42818284034729, ppl: 542.3759903133745, progress_or_epoch: 0.66, cpu_used_memory: 53.68, cpu_available_memory: 449.5[0m
[32m[2026-05-14 18:06:14,024] [    INFO][0m - [DataLoad global_step: 198] data_load_time: 0.31 ms (accumulated over 4 micro-batches)[0m

TrainProcess:  66%|██████▋   | 199/300 [20:16<10:12,  6.07s/it][32m[2026-05-14 18:06:20,088] [    INFO][0m - loss: 6.50038624, learning_rate: 3.483e-05, global_step: 199, current_memory_allocated: 29.91601800918579, current_memory_reserved: 37.369142293930054, max_memory_allocated: 35.51831269264221, max_memory_reserved: 37.369142293930054, interval_runtime: 6.0626, interval_samples_per_second: 0.6598, interval_steps_per_second: 0.1649, global_norm: 1.8421522378921509, ppl: 665.3985869684564, progress_or_epoch: 0.6633, cpu_used_memory: 53.68, cpu_available_memory: 449.51[0m
[32m[2026-05-14 18:06:20,088] [    INFO][0m - [DataLoad global_step: 199] data_load_time: 0.64 ms (accumulated over 4 micro-batches)[0m

TrainProcess:  67%|██████▋   | 200/300 [20:22<10:06,  6.07s/it][32m[2026-05-14 18:06:26,154] [    INFO][0m - loss: 6.25037289, learning_rate: 3.448e-05, global_step: 200, current_memory_allocated: 29.91601800918579, current_memory_reserved: 37.369142293930054, max_memory_allocated: 35.51831269264221, max_memory_reserved: 37.369142293930054, interval_runtime: 6.0648, interval_samples_per_second: 0.6595, interval_steps_per_second: 0.1649, global_norm: 1.6809767484664917, ppl: 518.2060224890619, progress_or_epoch: 0.6667, cpu_used_memory: 53.71, cpu_available_memory: 449.48[0m
[32m[2026-05-14 18:06:26,154] [    INFO][0m - [DataLoad global_step: 200] data_load_time: 0.66 ms (accumulated over 4 micro-batches)[0m

TrainProcess:  67%|██████▋   | 201/300 [20:28<10:00,  6.07s/it][32m[2026-05-14 18:06:32,221] [    INFO][0m - loss: 6.37013817, learning_rate: 3.414e-05, global_step: 201, current_memory_allocated: 29.91601800918579, current_memory_reserved: 37.369142293930054, max_memory_allocated: 35.51831269264221, max_memory_reserved: 37.369142293930054, interval_runtime: 6.0661, interval_samples_per_second: 0.6594, interval_steps_per_second: 0.1648, global_norm: 1.9267383813858032, ppl: 584.1385337368783, progress_or_epoch: 0.67, cpu_used_memory: 53.67, cpu_available_memory: 449.52[0m
[32m[2026-05-14 18:06:32,221] [    INFO][0m - [DataLoad global_step: 201] data_load_time: 0.33 ms (accumulated over 4 micro-batches)[0m

TrainProcess:  67%|██████▋   | 202/300 [20:34<09:54,  6.07s/it][32m[2026-05-14 18:06:38,288] [    INFO][0m - loss: 6.53016472, learning_rate: 3.379e-05, global_step: 202, current_memory_allocated: 29.91601800918579, current_memory_reserved: 37.369142293930054, max_memory_allocated: 35.51831269264221, max_memory_reserved: 37.369142293930054, interval_runtime: 6.0645, interval_samples_per_second: 0.6596, interval_steps_per_second: 0.1649, global_norm: 2.5415592193603516, ppl: 685.5111195840612, progress_or_epoch: 0.6733, cpu_used_memory: 53.66, cpu_available_memory: 449.52[0m
[32m[2026-05-14 18:06:38,288] [    INFO][0m - [DataLoad global_step: 202] data_load_time: 0.59 ms (accumulated over 4 micro-batches)[0m

TrainProcess:  68%|██████▊   | 203/300 [20:40<09:48,  6.07s/it][32m[2026-05-14 18:06:44,350] [    INFO][0m - loss: 6.32385731, learning_rate: 3.345e-05, global_step: 203, current_memory_allocated: 29.91601800918579, current_memory_reserved: 37.369142293930054, max_memory_allocated: 35.51831269264221, max_memory_reserved: 37.369142293930054, interval_runtime: 6.0638, interval_samples_per_second: 0.6596, interval_steps_per_second: 0.1649, global_norm: 1.9334510564804077, ppl: 557.7201481712656, progress_or_epoch: 0.6767, cpu_used_memory: 53.66, cpu_available_memory: 449.53[0m
[32m[2026-05-14 18:06:44,351] [    INFO][0m - [DataLoad global_step: 203] data_load_time: 0.30 ms (accumulated over 4 micro-batches)[0m

TrainProcess:  68%|██████▊   | 204/300 [20:46<09:42,  6.07s/it][32m[2026-05-14 18:06:50,418] [    INFO][0m - loss: 6.14694548, learning_rate: 3.31e-05, global_step: 204, current_memory_allocated: 29.91601800918579, current_memory_reserved: 37.369142293930054, max_memory_allocated: 35.51831269264221, max_memory_reserved: 37.369142293930054, interval_runtime: 6.0648, interval_samples_per_second: 0.6595, interval_steps_per_second: 0.1649, global_norm: 1.8876527547836304, ppl: 467.28786451378676, progress_or_epoch: 0.68, cpu_used_memory: 53.68, cpu_available_memory: 449.51[0m
[32m[2026-05-14 18:06:50,418] [    INFO][0m - [DataLoad global_step: 204] data_load_time: 0.30 ms (accumulated over 4 micro-batches)[0m

TrainProcess:  68%|██████▊   | 205/300 [20:52<09:36,  6.07s/it][32m[2026-05-14 18:06:56,494] [    INFO][0m - loss: 6.09874105, learning_rate: 3.276e-05, global_step: 205, current_memory_allocated: 29.91601800918579, current_memory_reserved: 37.369142293930054, max_memory_allocated: 35.51831269264221, max_memory_reserved: 37.369142293930054, interval_runtime: 6.0698, interval_samples_per_second: 0.659, interval_steps_per_second: 0.1648, global_norm: 1.9361354112625122, ppl: 445.29681062691617, progress_or_epoch: 0.6833, cpu_used_memory: 53.67, cpu_available_memory: 449.52[0m
[32m[2026-05-14 18:06:56,495] [    INFO][0m - [DataLoad global_step: 205] data_load_time: 0.47 ms (accumulated over 4 micro-batches)[0m

TrainProcess:  69%|██████▊   | 206/300 [20:58<09:30,  6.07s/it][32m[2026-05-14 18:07:02,565] [    INFO][0m - loss: 6.32685184, learning_rate: 3.241e-05, global_step: 206, current_memory_allocated: 29.91601800918579, current_memory_reserved: 37.369142293930054, max_memory_allocated: 35.51831269264221, max_memory_reserved: 37.369142293930054, interval_runtime: 6.071, interval_samples_per_second: 0.6589, interval_steps_per_second: 0.1647, global_norm: 1.629047155380249, ppl: 559.3927609812987, progress_or_epoch: 0.6867, cpu_used_memory: 53.7, cpu_available_memory: 449.48[0m
[32m[2026-05-14 18:07:02,566] [    INFO][0m - [DataLoad global_step: 206] data_load_time: 0.32 ms (accumulated over 4 micro-batches)[0m

TrainProcess:  69%|██████▉   | 207/300 [21:04<09:24,  6.07s/it][32m[2026-05-14 18:07:08,631] [    INFO][0m - loss: 6.83469296, learning_rate: 3.207e-05, global_step: 207, current_memory_allocated: 29.91601800918579, current_memory_reserved: 37.369142293930054, max_memory_allocated: 35.51831269264221, max_memory_reserved: 37.369142293930054, interval_runtime: 6.0694, interval_samples_per_second: 0.659, interval_steps_per_second: 0.1648, global_norm: 2.0197784900665283, ppl: 929.5429000533588, progress_or_epoch: 0.69, cpu_used_memory: 53.69, cpu_available_memory: 449.49[0m
[32m[2026-05-14 18:07:08,631] [    INFO][0m - [DataLoad global_step: 207] data_load_time: 0.59 ms (accumulated over 4 micro-batches)[0m

TrainProcess:  69%|██████▉   | 208/300 [21:10<09:18,  6.07s/it][32m[2026-05-14 18:07:14,693] [    INFO][0m - loss: 6.28641224, learning_rate: 3.172e-05, global_step: 208, current_memory_allocated: 29.91601800918579, current_memory_reserved: 37.369142293930054, max_memory_allocated: 35.51831269264221, max_memory_reserved: 37.369142293930054, interval_runtime: 6.0637, interval_samples_per_second: 0.6597, interval_steps_per_second: 0.1649, global_norm: 1.6320282220840454, ppl: 537.2224421872746, progress_or_epoch: 0.6933, cpu_used_memory: 53.68, cpu_available_memory: 449.5[0m
[32m[2026-05-14 18:07:14,693] [    INFO][0m - [DataLoad global_step: 208] data_load_time: 0.66 ms (accumulated over 4 micro-batches)[0m

TrainProcess:  70%|██████▉   | 209/300 [21:16<09:12,  6.07s/it][32m[2026-05-14 18:07:20,755] [    INFO][0m - loss: 6.39577198, learning_rate: 3.138e-05, global_step: 209, current_memory_allocated: 29.91601800918579, current_memory_reserved: 37.369142293930054, max_memory_allocated: 35.51831269264221, max_memory_reserved: 37.369142293930054, interval_runtime: 6.0608, interval_samples_per_second: 0.66, interval_steps_per_second: 0.165, global_norm: 1.3717832565307617, ppl: 599.305796778776, progress_or_epoch: 0.6967, cpu_used_memory: 53.68, cpu_available_memory: 449.51[0m
[32m[2026-05-14 18:07:20,756] [    INFO][0m - [DataLoad global_step: 209] data_load_time: 0.30 ms (accumulated over 4 micro-batches)[0m

TrainProcess:  70%|███████   | 210/300 [21:23<09:05,  6.07s/it][32m[2026-05-14 18:07:26,822] [    INFO][0m - loss: 7.02514839, learning_rate: 3.103e-05, global_step: 210, current_memory_allocated: 29.91601800918579, current_memory_reserved: 37.369142293930054, max_memory_allocated: 35.51831269264221, max_memory_reserved: 37.369142293930054, interval_runtime: 6.0656, interval_samples_per_second: 0.6595, interval_steps_per_second: 0.1649, global_norm: 3.163874626159668, ppl: 1124.5614202937381, progress_or_epoch: 0.7, cpu_used_memory: 53.67, cpu_available_memory: 449.51[0m
[32m[2026-05-14 18:07:26,822] [    INFO][0m - [DataLoad global_step: 210] data_load_time: 0.31 ms (accumulated over 4 micro-batches)[0m

TrainProcess:  70%|███████   | 211/300 [21:29<08:59,  6.07s/it][32m[2026-05-14 18:07:32,886] [    INFO][0m - loss: 6.22494411, learning_rate: 3.069e-05, global_step: 211, current_memory_allocated: 29.91601800918579, current_memory_reserved: 37.369142293930054, max_memory_allocated: 35.51831269264221, max_memory_reserved: 37.369142293930054, interval_runtime: 6.0637, interval_samples_per_second: 0.6597, interval_steps_per_second: 0.1649, global_norm: 1.5174528360366821, ppl: 505.19480633005185, progress_or_epoch: 0.7033, cpu_used_memory: 53.67, cpu_available_memory: 449.52[0m
[32m[2026-05-14 18:07:32,887] [    INFO][0m - [DataLoad global_step: 211] data_load_time: 0.31 ms (accumulated over 4 micro-batches)[0m

TrainProcess:  71%|███████   | 212/300 [21:35<08:53,  6.07s/it][32m[2026-05-14 18:07:38,952] [    INFO][0m - loss: 6.15285778, learning_rate: 3.034e-05, global_step: 212, current_memory_allocated: 29.91601800918579, current_memory_reserved: 37.369142293930054, max_memory_allocated: 35.51831269264221, max_memory_reserved: 37.369142293930054, interval_runtime: 6.0655, interval_samples_per_second: 0.6595, interval_steps_per_second: 0.1649, global_norm: 1.389724612236023, ppl: 470.058793766112, progress_or_epoch: 0.7067, cpu_used_memory: 53.66, cpu_available_memory: 449.52[0m
[32m[2026-05-14 18:07:38,952] [    INFO][0m - [DataLoad global_step: 212] data_load_time: 0.30 ms (accumulated over 4 micro-batches)[0m

TrainProcess:  71%|███████   | 213/300 [21:41<08:47,  6.06s/it][32m[2026-05-14 18:07:45,017] [    INFO][0m - loss: 6.12211418, learning_rate: 3e-05, global_step: 213, current_memory_allocated: 29.91601800918579, current_memory_reserved: 37.369142293930054, max_memory_allocated: 35.51831269264221, max_memory_reserved: 37.369142293930054, interval_runtime: 6.0629, interval_samples_per_second: 0.6598, interval_steps_per_second: 0.1649, global_norm: 1.3811769485473633, ppl: 455.82737762346534, progress_or_epoch: 0.71, cpu_used_memory: 53.66, cpu_available_memory: 449.52[0m
[32m[2026-05-14 18:07:45,018] [    INFO][0m - [DataLoad global_step: 213] data_load_time: 0.32 ms (accumulated over 4 micro-batches)[0m

TrainProcess:  71%|███████▏  | 214/300 [21:47<08:41,  6.07s/it][32m[2026-05-14 18:07:51,084] [    INFO][0m - loss: 6.0931282, learning_rate: 2.966e-05, global_step: 214, current_memory_allocated: 29.91601800918579, current_memory_reserved: 37.369142293930054, max_memory_allocated: 35.51831269264221, max_memory_reserved: 37.369142293930054, interval_runtime: 6.0652, interval_samples_per_second: 0.6595, interval_steps_per_second: 0.1649, global_norm: 2.416653633117676, ppl: 442.80442765262774, progress_or_epoch: 0.7133, cpu_used_memory: 53.67, cpu_available_memory: 449.51[0m
[32m[2026-05-14 18:07:51,084] [    INFO][0m - [DataLoad global_step: 214] data_load_time: 0.61 ms (accumulated over 4 micro-batches)[0m

TrainProcess:  72%|███████▏  | 215/300 [21:53<08:35,  6.07s/it][32m[2026-05-14 18:07:57,155] [    INFO][0m - loss: 6.01803875, learning_rate: 2.931e-05, global_step: 215, current_memory_allocated: 29.91601800918579, current_memory_reserved: 37.369142293930054, max_memory_allocated: 35.51831269264221, max_memory_reserved: 37.369142293930054, interval_runtime: 6.068, interval_samples_per_second: 0.6592, interval_steps_per_second: 0.1648, global_norm: 1.944284200668335, ppl: 410.7721782574179, progress_or_epoch: 0.7167, cpu_used_memory: 53.67, cpu_available_memory: 449.52[0m
[32m[2026-05-14 18:07:57,155] [    INFO][0m - [DataLoad global_step: 215] data_load_time: 0.59 ms (accumulated over 4 micro-batches)[0m

TrainProcess:  72%|███████▏  | 216/300 [21:59<08:29,  6.07s/it][32m[2026-05-14 18:08:03,229] [    INFO][0m - loss: 6.62525463, learning_rate: 2.897e-05, global_step: 216, current_memory_allocated: 29.91601800918579, current_memory_reserved: 37.369142293930054, max_memory_allocated: 35.51831269264221, max_memory_reserved: 37.369142293930054, interval_runtime: 6.0694, interval_samples_per_second: 0.659, interval_steps_per_second: 0.1648, global_norm: 7.178048133850098, ppl: 753.8961526940257, progress_or_epoch: 0.72, cpu_used_memory: 53.71, cpu_available_memory: 449.48[0m
[32m[2026-05-14 18:08:03,229] [    INFO][0m - [DataLoad global_step: 216] data_load_time: 0.54 ms (accumulated over 4 micro-batches)[0m

TrainProcess:  72%|███████▏  | 217/300 [22:05<08:23,  6.07s/it][32m[2026-05-14 18:08:09,297] [    INFO][0m - loss: 6.23476315, learning_rate: 2.862e-05, global_step: 217, current_memory_allocated: 29.91601800918579, current_memory_reserved: 37.369142293930054, max_memory_allocated: 35.51831269264221, max_memory_reserved: 37.369142293930054, interval_runtime: 6.0665, interval_samples_per_second: 0.6594, interval_steps_per_second: 0.1648, global_norm: 2.160512924194336, ppl: 510.17976805908455, progress_or_epoch: 0.7233, cpu_used_memory: 53.69, cpu_available_memory: 449.49[0m
[32m[2026-05-14 18:08:09,297] [    INFO][0m - [DataLoad global_step: 217] data_load_time: 0.30 ms (accumulated over 4 micro-batches)[0m

TrainProcess:  73%|███████▎  | 218/300 [22:11<08:17,  6.07s/it][32m[2026-05-14 18:08:15,367] [    INFO][0m - loss: 6.2154789, learning_rate: 2.828e-05, global_step: 218, current_memory_allocated: 29.91601800918579, current_memory_reserved: 37.369142293930054, max_memory_allocated: 35.51831269264221, max_memory_reserved: 37.369142293930054, interval_runtime: 6.0698, interval_samples_per_second: 0.659, interval_steps_per_second: 0.1647, global_norm: 1.7610820531845093, ppl: 500.43559041779014, progress_or_epoch: 0.7267, cpu_used_memory: 53.69, cpu_available_memory: 449.5[0m
[32m[2026-05-14 18:08:15,367] [    INFO][0m - [DataLoad global_step: 218] data_load_time: 0.31 ms (accumulated over 4 micro-batches)[0m

TrainProcess:  73%|███████▎  | 219/300 [22:17<08:11,  6.07s/it][32m[2026-05-14 18:08:21,435] [    INFO][0m - loss: 6.24153996, learning_rate: 2.793e-05, global_step: 219, current_memory_allocated: 29.91601800918579, current_memory_reserved: 37.369142293930054, max_memory_allocated: 35.51831269264221, max_memory_reserved: 37.369142293930054, interval_runtime: 6.068, interval_samples_per_second: 0.6592, interval_steps_per_second: 0.1648, global_norm: 1.5542867183685303, ppl: 513.6489009636493, progress_or_epoch: 0.73, cpu_used_memory: 53.69, cpu_available_memory: 449.5[0m
[32m[2026-05-14 18:08:21,435] [    INFO][0m - [DataLoad global_step: 219] data_load_time: 0.52 ms (accumulated over 4 micro-batches)[0m

TrainProcess:  73%|███████▎  | 220/300 [22:23<08:05,  6.07s/it][32m[2026-05-14 18:08:27,504] [    INFO][0m - loss: 6.07803917, learning_rate: 2.759e-05, global_step: 220, current_memory_allocated: 29.91601800918579, current_memory_reserved: 37.369142293930054, max_memory_allocated: 35.51831269264221, max_memory_reserved: 37.369142293930054, interval_runtime: 6.0698, interval_samples_per_second: 0.659, interval_steps_per_second: 0.1648, global_norm: 1.630837321281433, ppl: 436.1730943704329, progress_or_epoch: 0.7333, cpu_used_memory: 53.68, cpu_available_memory: 449.5[0m
[32m[2026-05-14 18:08:27,505] [    INFO][0m - [DataLoad global_step: 220] data_load_time: 0.90 ms (accumulated over 4 micro-batches)[0m

TrainProcess:  74%|███████▎  | 221/300 [22:29<07:59,  6.07s/it][32m[2026-05-14 18:08:33,569] [    INFO][0m - loss: 6.26268291, learning_rate: 2.724e-05, global_step: 221, current_memory_allocated: 29.91601800918579, current_memory_reserved: 37.369142293930054, max_memory_allocated: 35.51831269264221, max_memory_reserved: 37.369142293930054, interval_runtime: 6.0663, interval_samples_per_second: 0.6594, interval_steps_per_second: 0.1648, global_norm: 1.845563530921936, ppl: 524.6245741863214, progress_or_epoch: 0.7367, cpu_used_memory: 53.68, cpu_available_memory: 449.51[0m
[32m[2026-05-14 18:08:33,569] [    INFO][0m - [DataLoad global_step: 221] data_load_time: 0.31 ms (accumulated over 4 micro-batches)[0m

TrainProcess:  74%|███████▍  | 222/300 [22:35<07:53,  6.07s/it][32m[2026-05-14 18:08:39,638] [    INFO][0m - loss: 6.66885757, learning_rate: 2.69e-05, global_step: 222, current_memory_allocated: 29.91601800918579, current_memory_reserved: 37.369142293930054, max_memory_allocated: 35.51831269264221, max_memory_reserved: 37.369142293930054, interval_runtime: 6.0654, interval_samples_per_second: 0.6595, interval_steps_per_second: 0.1649, global_norm: 1.8277909755706787, ppl: 787.495431962166, progress_or_epoch: 0.74, cpu_used_memory: 53.67, cpu_available_memory: 449.51[0m
[32m[2026-05-14 18:08:39,638] [    INFO][0m - [DataLoad global_step: 222] data_load_time: 0.30 ms (accumulated over 4 micro-batches)[0m

TrainProcess:  74%|███████▍  | 223/300 [22:41<07:47,  6.07s/it][32m[2026-05-14 18:08:45,704] [    INFO][0m - loss: 6.2372365, learning_rate: 2.655e-05, global_step: 223, current_memory_allocated: 29.91601800918579, current_memory_reserved: 37.369142293930054, max_memory_allocated: 35.51831269264221, max_memory_reserved: 37.369142293930054, interval_runtime: 6.0684, interval_samples_per_second: 0.6592, interval_steps_per_second: 0.1648, global_norm: 1.4752345085144043, ppl: 511.44318297798407, progress_or_epoch: 0.7433, cpu_used_memory: 53.67, cpu_available_memory: 449.51[0m
[32m[2026-05-14 18:08:45,704] [    INFO][0m - [DataLoad global_step: 223] data_load_time: 0.62 ms (accumulated over 4 micro-batches)[0m

TrainProcess:  75%|███████▍  | 224/300 [22:47<07:41,  6.07s/it][32m[2026-05-14 18:08:51,769] [    INFO][0m - loss: 6.30490112, learning_rate: 2.621e-05, global_step: 224, current_memory_allocated: 29.91601800918579, current_memory_reserved: 37.369142293930054, max_memory_allocated: 35.51831269264221, max_memory_reserved: 37.369142293930054, interval_runtime: 6.0665, interval_samples_per_second: 0.6594, interval_steps_per_second: 0.1648, global_norm: 1.4144700765609741, ppl: 547.2474736793048, progress_or_epoch: 0.7467, cpu_used_memory: 53.69, cpu_available_memory: 449.5[0m
[32m[2026-05-14 18:08:51,769] [    INFO][0m - [DataLoad global_step: 224] data_load_time: 0.32 ms (accumulated over 4 micro-batches)[0m

TrainProcess:  75%|███████▌  | 225/300 [22:54<07:34,  6.07s/it][32m[2026-05-14 18:08:57,830] [    INFO][0m - loss: 6.70928288, learning_rate: 2.586e-05, global_step: 225, current_memory_allocated: 29.91601800918579, current_memory_reserved: 37.369142293930054, max_memory_allocated: 35.51831269264221, max_memory_reserved: 37.369142293930054, interval_runtime: 6.0589, interval_samples_per_second: 0.6602, interval_steps_per_second: 0.165, global_norm: 2.0003745555877686, ppl: 819.9824027770161, progress_or_epoch: 0.75, cpu_used_memory: 53.68, cpu_available_memory: 449.51[0m
[32m[2026-05-14 18:08:57,830] [    INFO][0m - [DataLoad global_step: 225] data_load_time: 0.31 ms (accumulated over 4 micro-batches)[0m

TrainProcess:  75%|███████▌  | 226/300 [23:00<07:28,  6.06s/it][32m[2026-05-14 18:09:03,892] [    INFO][0m - loss: 6.23114347, learning_rate: 2.552e-05, global_step: 226, current_memory_allocated: 29.91601800918579, current_memory_reserved: 37.369142293930054, max_memory_allocated: 35.51831269264221, max_memory_reserved: 37.369142293930054, interval_runtime: 6.0578, interval_samples_per_second: 0.6603, interval_steps_per_second: 0.1651, global_norm: 2.3162097930908203, ppl: 508.3364187362175, progress_or_epoch: 0.7533, cpu_used_memory: 53.71, cpu_available_memory: 449.48[0m
[32m[2026-05-14 18:09:03,892] [    INFO][0m - [DataLoad global_step: 226] data_load_time: 0.30 ms (accumulated over 4 micro-batches)[0m

TrainProcess:  76%|███████▌  | 227/300 [23:06<07:22,  6.06s/it][32m[2026-05-14 18:09:09,950] [    INFO][0m - loss: 6.34760618, learning_rate: 2.517e-05, global_step: 227, current_memory_allocated: 29.91601800918579, current_memory_reserved: 37.369142293930054, max_memory_allocated: 35.51831269264221, max_memory_reserved: 37.369142293930054, interval_runtime: 6.0602, interval_samples_per_second: 0.66, interval_steps_per_second: 0.165, global_norm: 1.5205941200256348, ppl: 571.1239035076253, progress_or_epoch: 0.7567, cpu_used_memory: 53.7, cpu_available_memory: 449.49[0m
[32m[2026-05-14 18:09:09,950] [    INFO][0m - [DataLoad global_step: 227] data_load_time: 0.62 ms (accumulated over 4 micro-batches)[0m

TrainProcess:  76%|███████▌  | 228/300 [23:12<07:16,  6.06s/it][32m[2026-05-14 18:09:16,014] [    INFO][0m - loss: 6.4275856, learning_rate: 2.483e-05, global_step: 228, current_memory_allocated: 29.91601800918579, current_memory_reserved: 37.369142293930054, max_memory_allocated: 35.51831269264221, max_memory_reserved: 37.369142293930054, interval_runtime: 6.0611, interval_samples_per_second: 0.6599, interval_steps_per_second: 0.165, global_norm: 1.8920294046401978, ppl: 618.6784061772348, progress_or_epoch: 0.76, cpu_used_memory: 53.69, cpu_available_memory: 449.49[0m
[32m[2026-05-14 18:09:16,014] [    INFO][0m - [DataLoad global_step: 228] data_load_time: 0.31 ms (accumulated over 4 micro-batches)[0m

TrainProcess:  76%|███████▋  | 229/300 [23:18<07:10,  6.06s/it][32m[2026-05-14 18:09:22,079] [    INFO][0m - loss: 6.16703129, learning_rate: 2.448e-05, global_step: 229, current_memory_allocated: 29.91601800918579, current_memory_reserved: 37.369142293930054, max_memory_allocated: 35.51831269264221, max_memory_reserved: 37.369142293930054, interval_runtime: 6.0657, interval_samples_per_second: 0.6594, interval_steps_per_second: 0.1649, global_norm: 2.11006236076355, ppl: 476.76861531482785, progress_or_epoch: 0.7633, cpu_used_memory: 53.69, cpu_available_memory: 449.49[0m
[32m[2026-05-14 18:09:22,079] [    INFO][0m - [DataLoad global_step: 229] data_load_time: 0.31 ms (accumulated over 4 micro-batches)[0m

TrainProcess:  77%|███████▋  | 230/300 [23:24<07:04,  6.06s/it][32m[2026-05-14 18:09:28,144] [    INFO][0m - loss: 6.20680761, learning_rate: 2.414e-05, global_step: 230, current_memory_allocated: 29.91601800918579, current_memory_reserved: 37.369142293930054, max_memory_allocated: 35.51831269264221, max_memory_reserved: 37.369142293930054, interval_runtime: 6.063, interval_samples_per_second: 0.6597, interval_steps_per_second: 0.1649, global_norm: 1.8283653259277344, ppl: 496.11492821739495, progress_or_epoch: 0.7667, cpu_used_memory: 53.68, cpu_available_memory: 449.5[0m
[32m[2026-05-14 18:09:28,144] [    INFO][0m - [DataLoad global_step: 230] data_load_time: 0.30 ms (accumulated over 4 micro-batches)[0m

TrainProcess:  77%|███████▋  | 231/300 [23:30<06:58,  6.06s/it][32m[2026-05-14 18:09:34,207] [    INFO][0m - loss: 6.19963837, learning_rate: 2.379e-05, global_step: 231, current_memory_allocated: 29.91601800918579, current_memory_reserved: 37.369142293930054, max_memory_allocated: 35.51831269264221, max_memory_reserved: 37.369142293930054, interval_runtime: 6.0644, interval_samples_per_second: 0.6596, interval_steps_per_second: 0.1649, global_norm: 1.8836374282836914, ppl: 492.5708804735796, progress_or_epoch: 0.77, cpu_used_memory: 53.68, cpu_available_memory: 449.51[0m
[32m[2026-05-14 18:09:34,207] [    INFO][0m - [DataLoad global_step: 231] data_load_time: 0.30 ms (accumulated over 4 micro-batches)[0m

TrainProcess:  77%|███████▋  | 232/300 [23:36<06:52,  6.06s/it][32m[2026-05-14 18:09:40,271] [    INFO][0m - loss: 5.98371983, learning_rate: 2.345e-05, global_step: 232, current_memory_allocated: 29.91601800918579, current_memory_reserved: 37.369142293930054, max_memory_allocated: 35.51831269264221, max_memory_reserved: 37.369142293930054, interval_runtime: 6.063, interval_samples_per_second: 0.6597, interval_steps_per_second: 0.1649, global_norm: 2.4644856452941895, ppl: 396.9140783764181, progress_or_epoch: 0.7733, cpu_used_memory: 53.68, cpu_available_memory: 449.51[0m
[32m[2026-05-14 18:09:40,271] [    INFO][0m - [DataLoad global_step: 232] data_load_time: 0.31 ms (accumulated over 4 micro-batches)[0m

TrainProcess:  78%|███████▊  | 233/300 [23:42<06:46,  6.06s/it][32m[2026-05-14 18:09:46,333] [    INFO][0m - loss: 6.07101488, learning_rate: 2.31e-05, global_step: 233, current_memory_allocated: 29.91601800918579, current_memory_reserved: 37.369142293930054, max_memory_allocated: 35.51831269264221, max_memory_reserved: 37.369142293930054, interval_runtime: 6.0603, interval_samples_per_second: 0.66, interval_steps_per_second: 0.165, global_norm: 1.8700971603393555, ppl: 433.1200234465225, progress_or_epoch: 0.7767, cpu_used_memory: 53.67, cpu_available_memory: 449.51[0m
[32m[2026-05-14 18:09:46,334] [    INFO][0m - [DataLoad global_step: 233] data_load_time: 0.33 ms (accumulated over 4 micro-batches)[0m

TrainProcess:  78%|███████▊  | 234/300 [23:48<06:40,  6.06s/it][32m[2026-05-14 18:09:52,398] [    INFO][0m - loss: 6.35962105, learning_rate: 2.276e-05, global_step: 234, current_memory_allocated: 29.91601800918579, current_memory_reserved: 37.369142293930054, max_memory_allocated: 35.51831269264221, max_memory_reserved: 37.369142293930054, interval_runtime: 6.0653, interval_samples_per_second: 0.6595, interval_steps_per_second: 0.1649, global_norm: 1.6407891511917114, ppl: 578.0272714507126, progress_or_epoch: 0.78, cpu_used_memory: 53.7, cpu_available_memory: 449.49[0m
[32m[2026-05-14 18:09:52,399] [    INFO][0m - [DataLoad global_step: 234] data_load_time: 0.31 ms (accumulated over 4 micro-batches)[0m

TrainProcess:  78%|███████▊  | 235/300 [23:54<06:34,  6.06s/it][32m[2026-05-14 18:09:58,466] [    INFO][0m - loss: 6.15478897, learning_rate: 2.241e-05, global_step: 235, current_memory_allocated: 29.91601800918579, current_memory_reserved: 37.369142293930054, max_memory_allocated: 35.51831269264221, max_memory_reserved: 37.369142293930054, interval_runtime: 6.0664, interval_samples_per_second: 0.6594, interval_steps_per_second: 0.1648, global_norm: 1.7645245790481567, ppl: 470.967443713491, progress_or_epoch: 0.7833, cpu_used_memory: 53.69, cpu_available_memory: 449.5[0m
[32m[2026-05-14 18:09:58,466] [    INFO][0m - [DataLoad global_step: 235] data_load_time: 0.31 ms (accumulated over 4 micro-batches)[0m

TrainProcess:  79%|███████▊  | 236/300 [24:00<06:28,  6.07s/it][32m[2026-05-14 18:10:04,538] [    INFO][0m - loss: 6.18013954, learning_rate: 2.207e-05, global_step: 236, current_memory_allocated: 29.91601800918579, current_memory_reserved: 37.369142293930054, max_memory_allocated: 35.51831269264221, max_memory_reserved: 37.369142293930054, interval_runtime: 6.0677, interval_samples_per_second: 0.6592, interval_steps_per_second: 0.1648, global_norm: 1.6857463121414185, ppl: 483.05935775286133, progress_or_epoch: 0.7867, cpu_used_memory: 53.74, cpu_available_memory: 449.45[0m
[32m[2026-05-14 18:10:04,538] [    INFO][0m - [DataLoad global_step: 236] data_load_time: 0.35 ms (accumulated over 4 micro-batches)[0m

TrainProcess:  79%|███████▉  | 237/300 [24:06<06:22,  6.07s/it][32m[2026-05-14 18:10:10,605] [    INFO][0m - loss: 6.16000414, learning_rate: 2.172e-05, global_step: 237, current_memory_allocated: 29.91601800918579, current_memory_reserved: 37.369142293930054, max_memory_allocated: 35.51831269264221, max_memory_reserved: 37.369142293930054, interval_runtime: 6.0684, interval_samples_per_second: 0.6592, interval_steps_per_second: 0.1648, global_norm: 1.5877996683120728, ppl: 473.43003483112165, progress_or_epoch: 0.79, cpu_used_memory: 53.73, cpu_available_memory: 449.45[0m
[32m[2026-05-14 18:10:10,605] [    INFO][0m - [DataLoad global_step: 237] data_load_time: 0.31 ms (accumulated over 4 micro-batches)[0m

TrainProcess:  79%|███████▉  | 238/300 [24:12<06:16,  6.07s/it][32m[2026-05-14 18:10:16,670] [    INFO][0m - loss: 6.24775791, learning_rate: 2.138e-05, global_step: 238, current_memory_allocated: 29.91601800918579, current_memory_reserved: 37.369142293930054, max_memory_allocated: 35.51831269264221, max_memory_reserved: 37.369142293930054, interval_runtime: 6.0631, interval_samples_per_second: 0.6597, interval_steps_per_second: 0.1649, global_norm: 2.0611798763275146, ppl: 516.8526943385816, progress_or_epoch: 0.7933, cpu_used_memory: 53.72, cpu_available_memory: 449.46[0m
[32m[2026-05-14 18:10:16,670] [    INFO][0m - [DataLoad global_step: 238] data_load_time: 0.31 ms (accumulated over 4 micro-batches)[0m

TrainProcess:  80%|███████▉  | 239/300 [24:18<06:10,  6.07s/it][32m[2026-05-14 18:10:22,737] [    INFO][0m - loss: 6.05712891, learning_rate: 2.103e-05, global_step: 239, current_memory_allocated: 29.91601800918579, current_memory_reserved: 37.369142293930054, max_memory_allocated: 35.51831269264221, max_memory_reserved: 37.369142293930054, interval_runtime: 6.0663, interval_samples_per_second: 0.6594, interval_steps_per_second: 0.1648, global_norm: 2.1852550506591797, ppl: 427.1472963209301, progress_or_epoch: 0.7967, cpu_used_memory: 53.71, cpu_available_memory: 449.47[0m
[32m[2026-05-14 18:10:22,737] [    INFO][0m - [DataLoad global_step: 239] data_load_time: 0.30 ms (accumulated over 4 micro-batches)[0m

TrainProcess:  80%|████████  | 240/300 [24:24<06:03,  6.07s/it][32m[2026-05-14 18:10:28,802] [    INFO][0m - loss: 6.13009691, learning_rate: 2.069e-05, global_step: 240, current_memory_allocated: 29.91601800918579, current_memory_reserved: 37.369142293930054, max_memory_allocated: 35.51831269264221, max_memory_reserved: 37.369142293930054, interval_runtime: 6.0647, interval_samples_per_second: 0.6596, interval_steps_per_second: 0.1649, global_norm: 1.6649943590164185, ppl: 459.48068679574374, progress_or_epoch: 0.8, cpu_used_memory: 53.7, cpu_available_memory: 449.48[0m
[32m[2026-05-14 18:10:28,803] [    INFO][0m - [DataLoad global_step: 240] data_load_time: 0.31 ms (accumulated over 4 micro-batches)[0m

TrainProcess:  80%|████████  | 241/300 [24:31<05:57,  6.07s/it][32m[2026-05-14 18:10:34,870] [    INFO][0m - loss: 6.16725922, learning_rate: 2.034e-05, global_step: 241, current_memory_allocated: 29.91601800918579, current_memory_reserved: 37.369142293930054, max_memory_allocated: 35.51831269264221, max_memory_reserved: 37.369142293930054, interval_runtime: 6.0679, interval_samples_per_second: 0.6592, interval_steps_per_second: 0.1648, global_norm: 1.251624584197998, ppl: 476.8772975708195, progress_or_epoch: 0.8033, cpu_used_memory: 53.7, cpu_available_memory: 449.48[0m
[32m[2026-05-14 18:10:34,870] [    INFO][0m - [DataLoad global_step: 241] data_load_time: 0.29 ms (accumulated over 4 micro-batches)[0m

TrainProcess:  81%|████████  | 242/300 [24:37<05:51,  6.07s/it][32m[2026-05-14 18:10:40,939] [    INFO][0m - loss: 6.13411236, learning_rate: 2e-05, global_step: 242, current_memory_allocated: 29.91601800918579, current_memory_reserved: 37.369142293930054, max_memory_allocated: 35.51831269264221, max_memory_reserved: 37.369142293930054, interval_runtime: 6.0661, interval_samples_per_second: 0.6594, interval_steps_per_second: 0.1649, global_norm: 2.0179080963134766, ppl: 461.3294177788981, progress_or_epoch: 0.8067, cpu_used_memory: 53.7, cpu_available_memory: 449.49[0m
[32m[2026-05-14 18:10:40,940] [    INFO][0m - [DataLoad global_step: 242] data_load_time: 0.30 ms (accumulated over 4 micro-batches)[0m

TrainProcess:  81%|████████  | 243/300 [24:43<05:45,  6.07s/it][32m[2026-05-14 18:10:47,003] [    INFO][0m - loss: 6.95333481, learning_rate: 1.966e-05, global_step: 243, current_memory_allocated: 29.91601800918579, current_memory_reserved: 37.369142293930054, max_memory_allocated: 35.51831269264221, max_memory_reserved: 37.369142293930054, interval_runtime: 6.0664, interval_samples_per_second: 0.6594, interval_steps_per_second: 0.1648, global_norm: 1.8955901861190796, ppl: 1046.6342411904925, progress_or_epoch: 0.81, cpu_used_memory: 53.7, cpu_available_memory: 449.49[0m
[32m[2026-05-14 18:10:47,004] [    INFO][0m - [DataLoad global_step: 243] data_load_time: 0.30 ms (accumulated over 4 micro-batches)[0m

TrainProcess:  81%|████████▏ | 244/300 [24:49<05:39,  6.07s/it][32m[2026-05-14 18:10:53,072] [    INFO][0m - loss: 5.9199934, learning_rate: 1.931e-05, global_step: 244, current_memory_allocated: 29.91601800918579, current_memory_reserved: 37.369142293930054, max_memory_allocated: 35.51831269264221, max_memory_reserved: 37.369142293930054, interval_runtime: 6.0663, interval_samples_per_second: 0.6594, interval_steps_per_second: 0.1648, global_norm: 1.5632193088531494, ppl: 372.4092559669818, progress_or_epoch: 0.8133, cpu_used_memory: 53.71, cpu_available_memory: 449.47[0m
[32m[2026-05-14 18:10:53,073] [    INFO][0m - [DataLoad global_step: 244] data_load_time: 0.31 ms (accumulated over 4 micro-batches)[0m

TrainProcess:  82%|████████▏ | 245/300 [24:55<05:33,  6.07s/it][32m[2026-05-14 18:10:59,143] [    INFO][0m - loss: 6.03320694, learning_rate: 1.897e-05, global_step: 245, current_memory_allocated: 29.91601800918579, current_memory_reserved: 37.369142293930054, max_memory_allocated: 35.51831269264221, max_memory_reserved: 37.369142293930054, interval_runtime: 6.0683, interval_samples_per_second: 0.6592, interval_steps_per_second: 0.1648, global_norm: 1.8744285106658936, ppl: 417.05034252846855, progress_or_epoch: 0.8167, cpu_used_memory: 53.7, cpu_available_memory: 449.49[0m
[32m[2026-05-14 18:10:59,143] [    INFO][0m - [DataLoad global_step: 245] data_load_time: 0.60 ms (accumulated over 4 micro-batches)[0m

TrainProcess:  82%|████████▏ | 246/300 [25:01<05:27,  6.07s/it][32m[2026-05-14 18:11:05,213] [    INFO][0m - loss: 6.10337114, learning_rate: 1.862e-05, global_step: 246, current_memory_allocated: 29.91601800918579, current_memory_reserved: 37.369142293930054, max_memory_allocated: 35.51831269264221, max_memory_reserved: 37.369142293930054, interval_runtime: 6.0652, interval_samples_per_second: 0.6595, interval_steps_per_second: 0.1649, global_norm: 1.7139685153961182, ppl: 447.3633553891158, progress_or_epoch: 0.82, cpu_used_memory: 53.72, cpu_available_memory: 449.46[0m
[32m[2026-05-14 18:11:05,213] [    INFO][0m - [DataLoad global_step: 246] data_load_time: 0.57 ms (accumulated over 4 micro-batches)[0m

TrainProcess:  82%|████████▏ | 247/300 [25:07<05:21,  6.07s/it][32m[2026-05-14 18:11:11,281] [    INFO][0m - loss: 6.16922474, learning_rate: 1.828e-05, global_step: 247, current_memory_allocated: 29.91601800918579, current_memory_reserved: 37.369142293930054, max_memory_allocated: 35.51831269264221, max_memory_reserved: 37.369142293930054, interval_runtime: 6.0659, interval_samples_per_second: 0.6594, interval_steps_per_second: 0.1649, global_norm: 1.5412037372589111, ppl: 477.81553119316146, progress_or_epoch: 0.8233, cpu_used_memory: 53.71, cpu_available_memory: 449.47[0m
[32m[2026-05-14 18:11:11,282] [    INFO][0m - [DataLoad global_step: 247] data_load_time: 0.30 ms (accumulated over 4 micro-batches)[0m

TrainProcess:  83%|████████▎ | 248/300 [25:13<05:15,  6.07s/it][32m[2026-05-14 18:11:17,350] [    INFO][0m - loss: 6.12107658, learning_rate: 1.793e-05, global_step: 248, current_memory_allocated: 29.91601800918579, current_memory_reserved: 37.369142293930054, max_memory_allocated: 35.51831269264221, max_memory_reserved: 37.369142293930054, interval_runtime: 6.0691, interval_samples_per_second: 0.6591, interval_steps_per_second: 0.1648, global_norm: 1.6290833950042725, ppl: 455.35465642661205, progress_or_epoch: 0.8267, cpu_used_memory: 53.71, cpu_available_memory: 449.48[0m
[32m[2026-05-14 18:11:17,351] [    INFO][0m - [DataLoad global_step: 248] data_load_time: 0.30 ms (accumulated over 4 micro-batches)[0m

TrainProcess:  83%|████████▎ | 249/300 [25:19<05:09,  6.07s/it][32m[2026-05-14 18:11:23,421] [    INFO][0m - loss: 6.17506599, learning_rate: 1.759e-05, global_step: 249, current_memory_allocated: 29.91601800918579, current_memory_reserved: 37.369142293930054, max_memory_allocated: 35.51831269264221, max_memory_reserved: 37.369142293930054, interval_runtime: 6.0693, interval_samples_per_second: 0.6591, interval_steps_per_second: 0.1648, global_norm: 1.573578953742981, ppl: 480.6147386408734, progress_or_epoch: 0.83, cpu_used_memory: 53.7, cpu_available_memory: 449.48[0m
[32m[2026-05-14 18:11:23,422] [    INFO][0m - [DataLoad global_step: 249] data_load_time: 0.31 ms (accumulated over 4 micro-batches)[0m

TrainProcess:  83%|████████▎ | 250/300 [25:25<05:03,  6.07s/it][32m[2026-05-14 18:11:29,489] [    INFO][0m - loss: 6.09063482, learning_rate: 1.724e-05, global_step: 250, current_memory_allocated: 29.91601800918579, current_memory_reserved: 37.369142293930054, max_memory_allocated: 35.51831269264221, max_memory_reserved: 37.369142293930054, interval_runtime: 6.0687, interval_samples_per_second: 0.6591, interval_steps_per_second: 0.1648, global_norm: 1.6596190929412842, ppl: 441.7017232506458, progress_or_epoch: 0.8333, cpu_used_memory: 53.69, cpu_available_memory: 449.49[0m
[32m[2026-05-14 18:11:29,490] [    INFO][0m - [DataLoad global_step: 250] data_load_time: 0.62 ms (accumulated over 4 micro-batches)[0m

TrainProcess:  84%|████████▎ | 251/300 [25:31<04:57,  6.07s/it][32m[2026-05-14 18:11:35,554] [    INFO][0m - loss: 6.17456484, learning_rate: 1.69e-05, global_step: 251, current_memory_allocated: 29.91601800918579, current_memory_reserved: 37.369142293930054, max_memory_allocated: 35.51831269264221, max_memory_reserved: 37.369142293930054, interval_runtime: 6.0658, interval_samples_per_second: 0.6594, interval_steps_per_second: 0.1649, global_norm: 1.2750892639160156, ppl: 480.3739389080364, progress_or_epoch: 0.8367, cpu_used_memory: 53.69, cpu_available_memory: 449.5[0m
[32m[2026-05-14 18:11:35,554] [    INFO][0m - [DataLoad global_step: 251] data_load_time: 0.30 ms (accumulated over 4 micro-batches)[0m

TrainProcess:  84%|████████▍ | 252/300 [25:37<04:51,  6.07s/it][32m[2026-05-14 18:11:41,618] [    INFO][0m - loss: 6.19017744, learning_rate: 1.655e-05, global_step: 252, current_memory_allocated: 29.91601800918579, current_memory_reserved: 37.369142293930054, max_memory_allocated: 35.51831269264221, max_memory_reserved: 37.369142293930054, interval_runtime: 6.0676, interval_samples_per_second: 0.6592, interval_steps_per_second: 0.1648, global_norm: 1.4125670194625854, ppl: 487.93267730788745, progress_or_epoch: 0.84, cpu_used_memory: 53.69, cpu_available_memory: 449.5[0m
[32m[2026-05-14 18:11:41,619] [    INFO][0m - [DataLoad global_step: 252] data_load_time: 0.30 ms (accumulated over 4 micro-batches)[0m

TrainProcess:  84%|████████▍ | 253/300 [25:43<04:45,  6.07s/it][32m[2026-05-14 18:11:47,684] [    INFO][0m - loss: 6.1644392, learning_rate: 1.621e-05, global_step: 253, current_memory_allocated: 29.91601800918579, current_memory_reserved: 37.369142293930054, max_memory_allocated: 35.51831269264221, max_memory_reserved: 37.369142293930054, interval_runtime: 6.0644, interval_samples_per_second: 0.6596, interval_steps_per_second: 0.1649, global_norm: 1.3964344263076782, ppl: 475.53438845935864, progress_or_epoch: 0.8433, cpu_used_memory: 53.68, cpu_available_memory: 449.5[0m
[32m[2026-05-14 18:11:47,684] [    INFO][0m - [DataLoad global_step: 253] data_load_time: 0.61 ms (accumulated over 4 micro-batches)[0m

TrainProcess:  85%|████████▍ | 254/300 [25:49<04:39,  6.07s/it][32m[2026-05-14 18:11:53,750] [    INFO][0m - loss: 6.05673027, learning_rate: 1.586e-05, global_step: 254, current_memory_allocated: 29.91601800918579, current_memory_reserved: 37.369142293930054, max_memory_allocated: 35.51831269264221, max_memory_reserved: 37.369142293930054, interval_runtime: 6.0643, interval_samples_per_second: 0.6596, interval_steps_per_second: 0.1649, global_norm: 1.403565526008606, ppl: 426.97705225802576, progress_or_epoch: 0.8467, cpu_used_memory: 53.69, cpu_available_memory: 449.5[0m
[32m[2026-05-14 18:11:53,750] [    INFO][0m - [DataLoad global_step: 254] data_load_time: 1.12 ms (accumulated over 4 micro-batches)[0m

TrainProcess:  85%|████████▌ | 255/300 [25:56<04:32,  6.07s/it][32m[2026-05-14 18:11:59,816] [    INFO][0m - loss: 6.14366484, learning_rate: 1.552e-05, global_step: 255, current_memory_allocated: 29.91601800918579, current_memory_reserved: 37.369142293930054, max_memory_allocated: 35.51831269264221, max_memory_reserved: 37.369142293930054, interval_runtime: 6.0631, interval_samples_per_second: 0.6597, interval_steps_per_second: 0.1649, global_norm: 1.4326732158660889, ppl: 465.757373122259, progress_or_epoch: 0.85, cpu_used_memory: 53.68, cpu_available_memory: 449.5[0m
[32m[2026-05-14 18:11:59,816] [    INFO][0m - [DataLoad global_step: 255] data_load_time: 0.58 ms (accumulated over 4 micro-batches)[0m

TrainProcess:  85%|████████▌ | 256/300 [26:02<04:26,  6.07s/it][32m[2026-05-14 18:12:05,883] [    INFO][0m - loss: 6.01430035, learning_rate: 1.517e-05, global_step: 256, current_memory_allocated: 29.91601800918579, current_memory_reserved: 37.369142293930054, max_memory_allocated: 35.51831269264221, max_memory_reserved: 37.369142293930054, interval_runtime: 6.0627, interval_samples_per_second: 0.6598, interval_steps_per_second: 0.1649, global_norm: 1.3424533605575562, ppl: 409.2394143735841, progress_or_epoch: 0.8533, cpu_used_memory: 53.73, cpu_available_memory: 449.46[0m
[32m[2026-05-14 18:12:05,883] [    INFO][0m - [DataLoad global_step: 256] data_load_time: 0.32 ms (accumulated over 4 micro-batches)[0m

TrainProcess:  86%|████████▌ | 257/300 [26:08<04:20,  6.07s/it][32m[2026-05-14 18:12:11,953] [    INFO][0m - loss: 6.1972537, learning_rate: 1.483e-05, global_step: 257, current_memory_allocated: 29.91601800918579, current_memory_reserved: 37.369142293930054, max_memory_allocated: 35.51831269264221, max_memory_reserved: 37.369142293930054, interval_runtime: 6.0663, interval_samples_per_second: 0.6594, interval_steps_per_second: 0.1648, global_norm: 1.5144423246383667, ppl: 491.39766089877673, progress_or_epoch: 0.8567, cpu_used_memory: 53.72, cpu_available_memory: 449.46[0m
[32m[2026-05-14 18:12:11,953] [    INFO][0m - [DataLoad global_step: 257] data_load_time: 0.30 ms (accumulated over 4 micro-batches)[0m

TrainProcess:  86%|████████▌ | 258/300 [26:14<04:14,  6.07s/it][32m[2026-05-14 18:12:18,021] [    INFO][0m - loss: 6.2397337, learning_rate: 1.448e-05, global_step: 258, current_memory_allocated: 29.91601800918579, current_memory_reserved: 37.369142293930054, max_memory_allocated: 35.51831269264221, max_memory_reserved: 37.369142293930054, interval_runtime: 6.0689, interval_samples_per_second: 0.6591, interval_steps_per_second: 0.1648, global_norm: 1.9722830057144165, ppl: 512.7219549046085, progress_or_epoch: 0.86, cpu_used_memory: 53.72, cpu_available_memory: 449.47[0m
[32m[2026-05-14 18:12:18,022] [    INFO][0m - [DataLoad global_step: 258] data_load_time: 0.54 ms (accumulated over 4 micro-batches)[0m

TrainProcess:  86%|████████▋ | 259/300 [26:20<04:08,  6.07s/it][32m[2026-05-14 18:12:24,091] [    INFO][0m - loss: 6.37207413, learning_rate: 1.414e-05, global_step: 259, current_memory_allocated: 29.91601800918579, current_memory_reserved: 37.369142293930054, max_memory_allocated: 35.51831269264221, max_memory_reserved: 37.369142293930054, interval_runtime: 6.0692, interval_samples_per_second: 0.6591, interval_steps_per_second: 0.1648, global_norm: 1.6225125789642334, ppl: 585.2704979378142, progress_or_epoch: 0.8633, cpu_used_memory: 53.7, cpu_available_memory: 449.48[0m
[32m[2026-05-14 18:12:24,092] [    INFO][0m - [DataLoad global_step: 259] data_load_time: 0.31 ms (accumulated over 4 micro-batches)[0m

TrainProcess:  87%|████████▋ | 260/300 [26:26<04:02,  6.07s/it][32m[2026-05-14 18:12:30,161] [    INFO][0m - loss: 6.33237505, learning_rate: 1.379e-05, global_step: 260, current_memory_allocated: 29.91601800918579, current_memory_reserved: 37.369142293930054, max_memory_allocated: 35.51831269264221, max_memory_reserved: 37.369142293930054, interval_runtime: 6.0706, interval_samples_per_second: 0.6589, interval_steps_per_second: 0.1647, global_norm: 1.440268874168396, ppl: 562.4909527785595, progress_or_epoch: 0.8667, cpu_used_memory: 53.7, cpu_available_memory: 449.49[0m
[32m[2026-05-14 18:12:30,162] [    INFO][0m - [DataLoad global_step: 260] data_load_time: 0.55 ms (accumulated over 4 micro-batches)[0m

TrainProcess:  87%|████████▋ | 261/300 [26:32<03:56,  6.07s/it][32m[2026-05-14 18:12:36,229] [    INFO][0m - loss: 6.25759983, learning_rate: 1.345e-05, global_step: 261, current_memory_allocated: 29.91601800918579, current_memory_reserved: 37.369142293930054, max_memory_allocated: 35.51831269264221, max_memory_reserved: 37.369142293930054, interval_runtime: 6.0683, interval_samples_per_second: 0.6592, interval_steps_per_second: 0.1648, global_norm: 11.4157075881958, ppl: 521.9646315835207, progress_or_epoch: 0.87, cpu_used_memory: 53.69, cpu_available_memory: 449.5[0m
[32m[2026-05-14 18:12:36,229] [    INFO][0m - [DataLoad global_step: 261] data_load_time: 0.55 ms (accumulated over 4 micro-batches)[0m

TrainProcess:  87%|████████▋ | 262/300 [26:38<03:50,  6.07s/it][32m[2026-05-14 18:12:42,300] [    INFO][0m - loss: 6.1000576, learning_rate: 1.31e-05, global_step: 262, current_memory_allocated: 29.91601800918579, current_memory_reserved: 37.369142293930054, max_memory_allocated: 35.51831269264221, max_memory_reserved: 37.369142293930054, interval_runtime: 6.067, interval_samples_per_second: 0.6593, interval_steps_per_second: 0.1648, global_norm: 1.3238781690597534, ppl: 445.8834522297126, progress_or_epoch: 0.8733, cpu_used_memory: 53.68, cpu_available_memory: 449.5[0m
[32m[2026-05-14 18:12:42,301] [    INFO][0m - [DataLoad global_step: 262] data_load_time: 0.28 ms (accumulated over 4 micro-batches)[0m

TrainProcess:  88%|████████▊ | 263/300 [26:44<03:44,  6.07s/it][32m[2026-05-14 18:12:48,368] [    INFO][0m - loss: 4.68121529, learning_rate: 1.276e-05, global_step: 263, current_memory_allocated: 29.91601800918579, current_memory_reserved: 37.369142293930054, max_memory_allocated: 35.51831269264221, max_memory_reserved: 37.369142293930054, interval_runtime: 6.0715, interval_samples_per_second: 0.6588, interval_steps_per_second: 0.1647, global_norm: 2.800846815109253, ppl: 107.90112407955996, progress_or_epoch: 0.8767, cpu_used_memory: 53.68, cpu_available_memory: 449.51[0m
[32m[2026-05-14 18:12:48,368] [    INFO][0m - [DataLoad global_step: 263] data_load_time: 0.31 ms (accumulated over 4 micro-batches)[0m

TrainProcess:  88%|████████▊ | 264/300 [26:50<03:38,  6.07s/it][32m[2026-05-14 18:12:54,438] [    INFO][0m - loss: 6.37177944, learning_rate: 1.241e-05, global_step: 264, current_memory_allocated: 29.91601800918579, current_memory_reserved: 37.369142293930054, max_memory_allocated: 35.51831269264221, max_memory_reserved: 37.369142293930054, interval_runtime: 6.0684, interval_samples_per_second: 0.6591, interval_steps_per_second: 0.1648, global_norm: 3.3557941913604736, ppl: 585.0980499853687, progress_or_epoch: 0.88, cpu_used_memory: 53.69, cpu_available_memory: 449.5[0m
[32m[2026-05-14 18:12:54,439] [    INFO][0m - [DataLoad global_step: 264] data_load_time: 0.28 ms (accumulated over 4 micro-batches)[0m

TrainProcess:  88%|████████▊ | 265/300 [26:56<03:32,  6.07s/it][32m[2026-05-14 18:13:00,509] [    INFO][0m - loss: 6.9127574, learning_rate: 1.207e-05, global_step: 265, current_memory_allocated: 29.91601800918579, current_memory_reserved: 37.369142293930054, max_memory_allocated: 35.51831269264221, max_memory_reserved: 37.369142293930054, interval_runtime: 6.0675, interval_samples_per_second: 0.6592, interval_steps_per_second: 0.1648, global_norm: 3.5099799633026123, ppl: 1005.0146525111713, progress_or_epoch: 0.8833, cpu_used_memory: 53.68, cpu_available_memory: 449.51[0m
[32m[2026-05-14 18:13:00,509] [    INFO][0m - [DataLoad global_step: 265] data_load_time: 0.31 ms (accumulated over 4 micro-batches)[0m

TrainProcess:  89%|████████▊ | 266/300 [27:02<03:26,  6.07s/it][32m[2026-05-14 18:13:06,578] [    INFO][0m - loss: 5.93038464, learning_rate: 1.172e-05, global_step: 266, current_memory_allocated: 29.91601800918579, current_memory_reserved: 37.369142293930054, max_memory_allocated: 35.51831269264221, max_memory_reserved: 37.369142293930054, interval_runtime: 6.0666, interval_samples_per_second: 0.6593, interval_steps_per_second: 0.1648, global_norm: 1.6380892992019653, ppl: 376.2992257261455, progress_or_epoch: 0.8867, cpu_used_memory: 53.72, cpu_available_memory: 449.46[0m
[32m[2026-05-14 18:13:06,578] [    INFO][0m - [DataLoad global_step: 266] data_load_time: 0.29 ms (accumulated over 4 micro-batches)[0m

TrainProcess:  89%|████████▉ | 267/300 [27:08<03:20,  6.07s/it][32m[2026-05-14 18:13:12,647] [    INFO][0m - loss: 6.15407991, learning_rate: 1.138e-05, global_step: 267, current_memory_allocated: 29.91601800918579, current_memory_reserved: 37.369142293930054, max_memory_allocated: 35.51831269264221, max_memory_reserved: 37.369142293930054, interval_runtime: 6.0679, interval_samples_per_second: 0.6592, interval_steps_per_second: 0.1648, global_norm: 3.4532995223999023, ppl: 470.63361790310233, progress_or_epoch: 0.89, cpu_used_memory: 53.71, cpu_available_memory: 449.47[0m
[32m[2026-05-14 18:13:12,647] [    INFO][0m - [DataLoad global_step: 267] data_load_time: 0.29 ms (accumulated over 4 micro-batches)[0m

TrainProcess:  89%|████████▉ | 268/300 [27:14<03:14,  6.07s/it][32m[2026-05-14 18:13:18,711] [    INFO][0m - loss: 6.19946527, learning_rate: 1.103e-05, global_step: 268, current_memory_allocated: 29.91601800918579, current_memory_reserved: 37.369142293930054, max_memory_allocated: 35.51831269264221, max_memory_reserved: 37.369142293930054, interval_runtime: 6.0685, interval_samples_per_second: 0.6591, interval_steps_per_second: 0.1648, global_norm: 1.6949257850646973, ppl: 492.48562383334496, progress_or_epoch: 0.8933, cpu_used_memory: 53.7, cpu_available_memory: 449.48[0m
[32m[2026-05-14 18:13:18,711] [    INFO][0m - [DataLoad global_step: 268] data_load_time: 0.30 ms (accumulated over 4 micro-batches)[0m

TrainProcess:  90%|████████▉ | 269/300 [27:20<03:08,  6.07s/it][32m[2026-05-14 18:13:24,775] [    INFO][0m - loss: 5.94731236, learning_rate: 1.069e-05, global_step: 269, current_memory_allocated: 29.91601800918579, current_memory_reserved: 37.369142293930054, max_memory_allocated: 35.51831269264221, max_memory_reserved: 37.369142293930054, interval_runtime: 6.0614, interval_samples_per_second: 0.6599, interval_steps_per_second: 0.165, global_norm: 2.0645103454589844, ppl: 382.72333299967585, progress_or_epoch: 0.8967, cpu_used_memory: 53.7, cpu_available_memory: 449.49[0m
[32m[2026-05-14 18:13:24,775] [    INFO][0m - [DataLoad global_step: 269] data_load_time: 0.30 ms (accumulated over 4 micro-batches)[0m

TrainProcess:  90%|█████████ | 270/300 [27:27<03:02,  6.07s/it][32m[2026-05-14 18:13:30,841] [    INFO][0m - loss: 6.12425613, learning_rate: 1.034e-05, global_step: 270, current_memory_allocated: 29.91601800918579, current_memory_reserved: 37.369142293930054, max_memory_allocated: 35.51831269264221, max_memory_reserved: 37.369142293930054, interval_runtime: 6.0662, interval_samples_per_second: 0.6594, interval_steps_per_second: 0.1648, global_norm: 1.6602778434753418, ppl: 456.804783478511, progress_or_epoch: 0.9, cpu_used_memory: 53.69, cpu_available_memory: 449.49[0m
[32m[2026-05-14 18:13:30,841] [    INFO][0m - [DataLoad global_step: 270] data_load_time: 0.49 ms (accumulated over 4 micro-batches)[0m

TrainProcess:  90%|█████████ | 271/300 [27:33<02:55,  6.07s/it][32m[2026-05-14 18:13:36,908] [    INFO][0m - loss: 5.95601368, learning_rate: 1e-05, global_step: 271, current_memory_allocated: 29.91601800918579, current_memory_reserved: 37.369142293930054, max_memory_allocated: 35.51831269264221, max_memory_reserved: 37.369142293930054, interval_runtime: 6.0657, interval_samples_per_second: 0.6594, interval_steps_per_second: 0.1649, global_norm: 1.5280545949935913, ppl: 386.06806186641097, progress_or_epoch: 0.9033, cpu_used_memory: 53.69, cpu_available_memory: 449.5[0m
[32m[2026-05-14 18:13:36,908] [    INFO][0m - [DataLoad global_step: 271] data_load_time: 1.22 ms (accumulated over 4 micro-batches)[0m

TrainProcess:  91%|█████████ | 272/300 [27:39<02:49,  6.07s/it][32m[2026-05-14 18:13:42,975] [    INFO][0m - loss: 6.08269262, learning_rate: 9.655e-06, global_step: 272, current_memory_allocated: 29.91601800918579, current_memory_reserved: 37.369142293930054, max_memory_allocated: 35.51831269264221, max_memory_reserved: 37.369142293930054, interval_runtime: 6.0667, interval_samples_per_second: 0.6593, interval_steps_per_second: 0.1648, global_norm: 1.3162281513214111, ppl: 438.20753396665447, progress_or_epoch: 0.9067, cpu_used_memory: 53.68, cpu_available_memory: 449.5[0m
[32m[2026-05-14 18:13:42,975] [    INFO][0m - [DataLoad global_step: 272] data_load_time: 0.29 ms (accumulated over 4 micro-batches)[0m

TrainProcess:  91%|█████████ | 273/300 [27:45<02:43,  6.07s/it][32m[2026-05-14 18:13:49,046] [    INFO][0m - loss: 6.06925583, learning_rate: 9.31e-06, global_step: 273, current_memory_allocated: 29.91601800918579, current_memory_reserved: 37.369142293930054, max_memory_allocated: 35.51831269264221, max_memory_reserved: 37.369142293930054, interval_runtime: 6.0681, interval_samples_per_second: 0.6592, interval_steps_per_second: 0.1648, global_norm: 1.2999587059020996, ppl: 432.35881336885427, progress_or_epoch: 0.91, cpu_used_memory: 53.71, cpu_available_memory: 449.48[0m
[32m[2026-05-14 18:13:49,046] [    INFO][0m - [DataLoad global_step: 273] data_load_time: 0.29 ms (accumulated over 4 micro-batches)[0m

TrainProcess:  91%|█████████▏| 274/300 [27:51<02:37,  6.07s/it][32m[2026-05-14 18:13:55,116] [    INFO][0m - loss: 5.99703121, learning_rate: 8.966e-06, global_step: 274, current_memory_allocated: 29.91601800918579, current_memory_reserved: 37.369142293930054, max_memory_allocated: 35.51831269264221, max_memory_reserved: 37.369142293930054, interval_runtime: 6.0721, interval_samples_per_second: 0.6588, interval_steps_per_second: 0.1647, global_norm: 4.01339054107666, ppl: 402.23287421986504, progress_or_epoch: 0.9133, cpu_used_memory: 53.68, cpu_available_memory: 449.5[0m
[32m[2026-05-14 18:13:55,117] [    INFO][0m - [DataLoad global_step: 274] data_load_time: 0.52 ms (accumulated over 4 micro-batches)[0m

TrainProcess:  92%|█████████▏| 275/300 [27:57<02:31,  6.07s/it][32m[2026-05-14 18:14:01,185] [    INFO][0m - loss: 5.86791754, learning_rate: 8.621e-06, global_step: 275, current_memory_allocated: 29.91601800918579, current_memory_reserved: 37.369142293930054, max_memory_allocated: 35.51831269264221, max_memory_reserved: 37.369142293930054, interval_runtime: 6.0663, interval_samples_per_second: 0.6594, interval_steps_per_second: 0.1648, global_norm: 3.1105399131774902, ppl: 353.51203852848494, progress_or_epoch: 0.9167, cpu_used_memory: 53.67, cpu_available_memory: 449.51[0m
[32m[2026-05-14 18:14:01,186] [    INFO][0m - [DataLoad global_step: 275] data_load_time: 0.30 ms (accumulated over 4 micro-batches)[0m

TrainProcess:  92%|█████████▏| 276/300 [28:03<02:25,  6.07s/it][32m[2026-05-14 18:14:07,256] [    INFO][0m - loss: 5.92440462, learning_rate: 8.276e-06, global_step: 276, current_memory_allocated: 29.91601800918579, current_memory_reserved: 37.369142293930054, max_memory_allocated: 35.51831269264221, max_memory_reserved: 37.369142293930054, interval_runtime: 6.0681, interval_samples_per_second: 0.6592, interval_steps_per_second: 0.1648, global_norm: 1.715871810913086, ppl: 374.05566378887676, progress_or_epoch: 0.92, cpu_used_memory: 53.71, cpu_available_memory: 449.48[0m
[32m[2026-05-14 18:14:07,257] [    INFO][0m - [DataLoad global_step: 276] data_load_time: 0.29 ms (accumulated over 4 micro-batches)[0m

TrainProcess:  92%|█████████▏| 277/300 [28:09<02:19,  6.07s/it][32m[2026-05-14 18:14:13,323] [    INFO][0m - loss: 6.4676857, learning_rate: 7.931e-06, global_step: 277, current_memory_allocated: 29.91601800918579, current_memory_reserved: 37.369142293930054, max_memory_allocated: 35.51831269264221, max_memory_reserved: 37.369142293930054, interval_runtime: 6.0668, interval_samples_per_second: 0.6593, interval_steps_per_second: 0.1648, global_norm: 2.0533885955810547, ppl: 643.9916112434325, progress_or_epoch: 0.9233, cpu_used_memory: 53.7, cpu_available_memory: 449.48[0m
[32m[2026-05-14 18:14:13,323] [    INFO][0m - [DataLoad global_step: 277] data_load_time: 0.30 ms (accumulated over 4 micro-batches)[0m

TrainProcess:  93%|█████████▎| 278/300 [28:15<02:13,  6.07s/it][32m[2026-05-14 18:14:19,388] [    INFO][0m - loss: 6.12791061, learning_rate: 7.586e-06, global_step: 278, current_memory_allocated: 29.91601800918579, current_memory_reserved: 37.369142293930054, max_memory_allocated: 35.51831269264221, max_memory_reserved: 37.369142293930054, interval_runtime: 6.0645, interval_samples_per_second: 0.6596, interval_steps_per_second: 0.1649, global_norm: 3.342670202255249, ppl: 458.47722150798745, progress_or_epoch: 0.9267, cpu_used_memory: 53.69, cpu_available_memory: 449.49[0m
[32m[2026-05-14 18:14:19,388] [    INFO][0m - [DataLoad global_step: 278] data_load_time: 0.28 ms (accumulated over 4 micro-batches)[0m

TrainProcess:  93%|█████████▎| 279/300 [28:21<02:07,  6.07s/it][32m[2026-05-14 18:14:25,453] [    INFO][0m - loss: 6.15141678, learning_rate: 7.241e-06, global_step: 279, current_memory_allocated: 29.91601800918579, current_memory_reserved: 37.369142293930054, max_memory_allocated: 35.51831269264221, max_memory_reserved: 37.369142293930054, interval_runtime: 6.0659, interval_samples_per_second: 0.6594, interval_steps_per_second: 0.1649, global_norm: 1.501905083656311, ppl: 469.3819268440376, progress_or_epoch: 0.93, cpu_used_memory: 53.68, cpu_available_memory: 449.5[0m
[32m[2026-05-14 18:14:25,453] [    INFO][0m - [DataLoad global_step: 279] data_load_time: 0.29 ms (accumulated over 4 micro-batches)[0m

TrainProcess:  93%|█████████▎| 280/300 [28:27<02:01,  6.07s/it][32m[2026-05-14 18:14:31,517] [    INFO][0m - loss: 6.38825798, learning_rate: 6.897e-06, global_step: 280, current_memory_allocated: 29.91601800918579, current_memory_reserved: 37.369142293930054, max_memory_allocated: 35.51831269264221, max_memory_reserved: 37.369142293930054, interval_runtime: 6.0623, interval_samples_per_second: 0.6598, interval_steps_per_second: 0.165, global_norm: 1.6620984077453613, ppl: 594.8194891875308, progress_or_epoch: 0.9333, cpu_used_memory: 53.68, cpu_available_memory: 449.5[0m
[32m[2026-05-14 18:14:31,517] [    INFO][0m - [DataLoad global_step: 280] data_load_time: 0.59 ms (accumulated over 4 micro-batches)[0m

TrainProcess:  94%|█████████▎| 281/300 [28:33<01:55,  6.07s/it][32m[2026-05-14 18:14:37,582] [    INFO][0m - loss: 5.97458696, learning_rate: 6.552e-06, global_step: 281, current_memory_allocated: 29.91601800918579, current_memory_reserved: 37.369142293930054, max_memory_allocated: 35.51831269264221, max_memory_reserved: 37.369142293930054, interval_runtime: 6.065, interval_samples_per_second: 0.6595, interval_steps_per_second: 0.1649, global_norm: 1.3266292810440063, ppl: 393.30561658523135, progress_or_epoch: 0.9367, cpu_used_memory: 53.68, cpu_available_memory: 449.51[0m
[32m[2026-05-14 18:14:37,582] [    INFO][0m - [DataLoad global_step: 281] data_load_time: 0.29 ms (accumulated over 4 micro-batches)[0m

TrainProcess:  94%|█████████▍| 282/300 [28:39<01:49,  6.07s/it][32m[2026-05-14 18:14:43,649] [    INFO][0m - loss: 5.8734951, learning_rate: 6.207e-06, global_step: 282, current_memory_allocated: 29.91601800918579, current_memory_reserved: 37.369142293930054, max_memory_allocated: 35.51831269264221, max_memory_reserved: 37.369142293930054, interval_runtime: 6.0666, interval_samples_per_second: 0.6594, interval_steps_per_second: 0.1648, global_norm: 1.4239537715911865, ppl: 355.48928210557756, progress_or_epoch: 0.94, cpu_used_memory: 53.67, cpu_available_memory: 449.51[0m
[32m[2026-05-14 18:14:43,649] [    INFO][0m - [DataLoad global_step: 282] data_load_time: 0.29 ms (accumulated over 4 micro-batches)[0m

TrainProcess:  94%|█████████▍| 283/300 [28:45<01:43,  6.07s/it][32m[2026-05-14 18:14:49,712] [    INFO][0m - loss: 5.83713007, learning_rate: 5.862e-06, global_step: 283, current_memory_allocated: 29.91601800918579, current_memory_reserved: 37.369142293930054, max_memory_allocated: 35.51831269264221, max_memory_reserved: 37.369142293930054, interval_runtime: 6.0622, interval_samples_per_second: 0.6598, interval_steps_per_second: 0.165, global_norm: 1.2261388301849365, ppl: 342.7941324373582, progress_or_epoch: 0.9433, cpu_used_memory: 53.68, cpu_available_memory: 449.5[0m
[32m[2026-05-14 18:14:49,713] [    INFO][0m - [DataLoad global_step: 283] data_load_time: 0.31 ms (accumulated over 4 micro-batches)[0m

TrainProcess:  95%|█████████▍| 284/300 [28:51<01:37,  6.07s/it][32m[2026-05-14 18:14:55,777] [    INFO][0m - loss: 5.77905607, learning_rate: 5.517e-06, global_step: 284, current_memory_allocated: 29.91601800918579, current_memory_reserved: 37.369142293930054, max_memory_allocated: 35.51831269264221, max_memory_reserved: 37.369142293930054, interval_runtime: 6.0646, interval_samples_per_second: 0.6596, interval_steps_per_second: 0.1649, global_norm: 1.1522562503814697, ppl: 323.453728594602, progress_or_epoch: 0.9467, cpu_used_memory: 53.68, cpu_available_memory: 449.51[0m
[32m[2026-05-14 18:14:55,777] [    INFO][0m - [DataLoad global_step: 284] data_load_time: 0.45 ms (accumulated over 4 micro-batches)[0m

TrainProcess:  95%|█████████▌| 285/300 [28:58<01:30,  6.07s/it][32m[2026-05-14 18:15:01,849] [    INFO][0m - loss: 6.17205715, learning_rate: 5.172e-06, global_step: 285, current_memory_allocated: 29.91601800918579, current_memory_reserved: 37.369142293930054, max_memory_allocated: 35.51831269264221, max_memory_reserved: 37.369142293930054, interval_runtime: 6.0676, interval_samples_per_second: 0.6592, interval_steps_per_second: 0.1648, global_norm: 1.6177191734313965, ppl: 479.1708191413653, progress_or_epoch: 0.95, cpu_used_memory: 53.69, cpu_available_memory: 449.49[0m
[32m[2026-05-14 18:15:01,850] [    INFO][0m - [DataLoad global_step: 285] data_load_time: 0.29 ms (accumulated over 4 micro-batches)[0m

TrainProcess:  95%|█████████▌| 286/300 [29:04<01:24,  6.07s/it][32m[2026-05-14 18:15:07,919] [    INFO][0m - loss: 5.99351025, learning_rate: 4.828e-06, global_step: 286, current_memory_allocated: 29.91601800918579, current_memory_reserved: 37.369142293930054, max_memory_allocated: 35.51831269264221, max_memory_reserved: 37.369142293930054, interval_runtime: 6.0677, interval_samples_per_second: 0.6592, interval_steps_per_second: 0.1648, global_norm: 1.2408485412597656, ppl: 400.81911870790117, progress_or_epoch: 0.9533, cpu_used_memory: 53.7, cpu_available_memory: 449.48[0m
[32m[2026-05-14 18:15:07,919] [    INFO][0m - [DataLoad global_step: 286] data_load_time: 0.39 ms (accumulated over 4 micro-batches)[0m

TrainProcess:  96%|█████████▌| 287/300 [29:10<01:18,  6.07s/it][32m[2026-05-14 18:15:13,991] [    INFO][0m - loss: 5.89046001, learning_rate: 4.483e-06, global_step: 287, current_memory_allocated: 29.91601800918579, current_memory_reserved: 37.369142293930054, max_memory_allocated: 35.51831269264221, max_memory_reserved: 37.369142293930054, interval_runtime: 6.0665, interval_samples_per_second: 0.6594, interval_steps_per_second: 0.1648, global_norm: 1.1606136560440063, ppl: 361.5715726613557, progress_or_epoch: 0.9567, cpu_used_memory: 53.69, cpu_available_memory: 449.49[0m
[32m[2026-05-14 18:15:13,991] [    INFO][0m - [DataLoad global_step: 287] data_load_time: 0.48 ms (accumulated over 4 micro-batches)[0m

TrainProcess:  96%|█████████▌| 288/300 [29:16<01:12,  6.07s/it][32m[2026-05-14 18:15:20,057] [    INFO][0m - loss: 5.97188663, learning_rate: 4.138e-06, global_step: 288, current_memory_allocated: 29.91601800918579, current_memory_reserved: 37.369142293930054, max_memory_allocated: 35.51831269264221, max_memory_reserved: 37.369142293930054, interval_runtime: 6.0691, interval_samples_per_second: 0.6591, interval_steps_per_second: 0.1648, global_norm: 1.5603492259979248, ppl: 392.2449942891857, progress_or_epoch: 0.96, cpu_used_memory: 53.69, cpu_available_memory: 449.5[0m
[32m[2026-05-14 18:15:20,057] [    INFO][0m - [DataLoad global_step: 288] data_load_time: 0.32 ms (accumulated over 4 micro-batches)[0m

TrainProcess:  96%|█████████▋| 289/300 [29:22<01:06,  6.07s/it][32m[2026-05-14 18:15:26,126] [    INFO][0m - loss: 6.12278509, learning_rate: 3.793e-06, global_step: 289, current_memory_allocated: 29.91601800918579, current_memory_reserved: 37.369142293930054, max_memory_allocated: 35.51831269264221, max_memory_reserved: 37.369142293930054, interval_runtime: 6.0688, interval_samples_per_second: 0.6591, interval_steps_per_second: 0.1648, global_norm: 1.264467716217041, ppl: 456.1332993808948, progress_or_epoch: 0.9633, cpu_used_memory: 53.68, cpu_available_memory: 449.51[0m
[32m[2026-05-14 18:15:26,126] [    INFO][0m - [DataLoad global_step: 289] data_load_time: 0.29 ms (accumulated over 4 micro-batches)[0m

TrainProcess:  97%|█████████▋| 290/300 [29:28<01:00,  6.07s/it][32m[2026-05-14 18:15:32,198] [    INFO][0m - loss: 5.97554588, learning_rate: 3.448e-06, global_step: 290, current_memory_allocated: 29.91601800918579, current_memory_reserved: 37.369142293930054, max_memory_allocated: 35.51831269264221, max_memory_reserved: 37.369142293930054, interval_runtime: 6.0685, interval_samples_per_second: 0.6591, interval_steps_per_second: 0.1648, global_norm: 1.2280874252319336, ppl: 393.6829460925793, progress_or_epoch: 0.9667, cpu_used_memory: 53.67, cpu_available_memory: 449.51[0m
[32m[2026-05-14 18:15:32,198] [    INFO][0m - [DataLoad global_step: 290] data_load_time: 0.30 ms (accumulated over 4 micro-batches)[0m

TrainProcess:  97%|█████████▋| 291/300 [29:34<00:54,  6.07s/it][32m[2026-05-14 18:15:38,265] [    INFO][0m - loss: 5.79883528, learning_rate: 3.103e-06, global_step: 291, current_memory_allocated: 29.91601800918579, current_memory_reserved: 37.369142293930054, max_memory_allocated: 35.51831269264221, max_memory_reserved: 37.369142293930054, interval_runtime: 6.0683, interval_samples_per_second: 0.6592, interval_steps_per_second: 0.1648, global_norm: 1.2917187213897705, ppl: 329.91507735695484, progress_or_epoch: 0.97, cpu_used_memory: 53.67, cpu_available_memory: 449.52[0m
[32m[2026-05-14 18:15:38,266] [    INFO][0m - [DataLoad global_step: 291] data_load_time: 0.29 ms (accumulated over 4 micro-batches)[0m

TrainProcess:  97%|█████████▋| 292/300 [29:40<00:48,  6.07s/it][32m[2026-05-14 18:15:44,335] [    INFO][0m - loss: 6.25267744, learning_rate: 2.759e-06, global_step: 292, current_memory_allocated: 29.91601800918579, current_memory_reserved: 37.369142293930054, max_memory_allocated: 35.51831269264221, max_memory_reserved: 37.369142293930054, interval_runtime: 6.0649, interval_samples_per_second: 0.6595, interval_steps_per_second: 0.1649, global_norm: 1.292946219444275, ppl: 519.4016313192021, progress_or_epoch: 0.9733, cpu_used_memory: 53.66, cpu_available_memory: 449.52[0m
[32m[2026-05-14 18:15:44,335] [    INFO][0m - [DataLoad global_step: 292] data_load_time: 0.30 ms (accumulated over 4 micro-batches)[0m

TrainProcess:  98%|█████████▊| 293/300 [29:46<00:42,  6.07s/it][32m[2026-05-14 18:15:50,407] [    INFO][0m - loss: 6.00780725, learning_rate: 2.414e-06, global_step: 293, current_memory_allocated: 29.91601800918579, current_memory_reserved: 37.369142293930054, max_memory_allocated: 35.51831269264221, max_memory_reserved: 37.369142293930054, interval_runtime: 6.074, interval_samples_per_second: 0.6585, interval_steps_per_second: 0.1646, global_norm: 1.3217538595199585, ppl: 406.5907901287271, progress_or_epoch: 0.9767, cpu_used_memory: 53.68, cpu_available_memory: 449.51[0m
[32m[2026-05-14 18:15:50,408] [    INFO][0m - [DataLoad global_step: 293] data_load_time: 0.29 ms (accumulated over 4 micro-batches)[0m

TrainProcess:  98%|█████████▊| 294/300 [29:52<00:36,  6.07s/it][32m[2026-05-14 18:15:56,477] [    INFO][0m - loss: 5.95673895, learning_rate: 2.069e-06, global_step: 294, current_memory_allocated: 29.91601800918579, current_memory_reserved: 37.369142293930054, max_memory_allocated: 35.51831269264221, max_memory_reserved: 37.369142293930054, interval_runtime: 6.0696, interval_samples_per_second: 0.659, interval_steps_per_second: 0.1648, global_norm: 1.1232517957687378, ppl: 386.34816701329254, progress_or_epoch: 0.98, cpu_used_memory: 53.67, cpu_available_memory: 449.51[0m
[32m[2026-05-14 18:15:56,477] [    INFO][0m - [DataLoad global_step: 294] data_load_time: 0.30 ms (accumulated over 4 micro-batches)[0m

TrainProcess:  98%|█████████▊| 295/300 [29:58<00:30,  6.07s/it][32m[2026-05-14 18:16:02,547] [    INFO][0m - loss: 6.15863609, learning_rate: 1.724e-06, global_step: 295, current_memory_allocated: 29.91601800918579, current_memory_reserved: 37.369142293930054, max_memory_allocated: 35.51831269264221, max_memory_reserved: 37.369142293930054, interval_runtime: 6.0714, interval_samples_per_second: 0.6588, interval_steps_per_second: 0.1647, global_norm: 1.199808955192566, ppl: 472.7828016965605, progress_or_epoch: 0.9833, cpu_used_memory: 53.71, cpu_available_memory: 449.48[0m
[32m[2026-05-14 18:16:02,547] [    INFO][0m - [DataLoad global_step: 295] data_load_time: 0.29 ms (accumulated over 4 micro-batches)[0m

TrainProcess:  99%|█████████▊| 296/300 [30:04<00:24,  6.07s/it][32m[2026-05-14 18:16:08,614] [    INFO][0m - loss: 5.58427858, learning_rate: 1.379e-06, global_step: 296, current_memory_allocated: 29.91601800918579, current_memory_reserved: 37.369142293930054, max_memory_allocated: 35.51831269264221, max_memory_reserved: 37.369142293930054, interval_runtime: 6.0667, interval_samples_per_second: 0.6593, interval_steps_per_second: 0.1648, global_norm: 1.6477583646774292, ppl: 266.20816555441354, progress_or_epoch: 0.9867, cpu_used_memory: 53.71, cpu_available_memory: 449.48[0m
[32m[2026-05-14 18:16:08,614] [    INFO][0m - [DataLoad global_step: 296] data_load_time: 0.61 ms (accumulated over 4 micro-batches)[0m

TrainProcess:  99%|█████████▉| 297/300 [30:10<00:18,  6.07s/it][32m[2026-05-14 18:16:14,682] [    INFO][0m - loss: 6.0641489, learning_rate: 1.034e-06, global_step: 297, current_memory_allocated: 29.91601800918579, current_memory_reserved: 37.369142293930054, max_memory_allocated: 35.51831269264221, max_memory_reserved: 37.369142293930054, interval_runtime: 6.0662, interval_samples_per_second: 0.6594, interval_steps_per_second: 0.1648, global_norm: 1.2405978441238403, ppl: 430.1564157061212, progress_or_epoch: 0.99, cpu_used_memory: 53.7, cpu_available_memory: 449.49[0m
[32m[2026-05-14 18:16:14,682] [    INFO][0m - [DataLoad global_step: 297] data_load_time: 0.49 ms (accumulated over 4 micro-batches)[0m

TrainProcess:  99%|█████████▉| 298/300 [30:16<00:12,  6.07s/it][32m[2026-05-14 18:16:20,748] [    INFO][0m - loss: 5.97150517, learning_rate: 6.897e-07, global_step: 298, current_memory_allocated: 29.91601800918579, current_memory_reserved: 37.369142293930054, max_memory_allocated: 35.51831269264221, max_memory_reserved: 37.369142293930054, interval_runtime: 6.0659, interval_samples_per_second: 0.6594, interval_steps_per_second: 0.1649, global_norm: 1.5185893774032593, ppl: 392.09539704816, progress_or_epoch: 0.9933, cpu_used_memory: 53.7, cpu_available_memory: 449.49[0m
[32m[2026-05-14 18:16:20,749] [    INFO][0m - [DataLoad global_step: 298] data_load_time: 0.31 ms (accumulated over 4 micro-batches)[0m

TrainProcess: 100%|█████████▉| 299/300 [30:23<00:06,  6.07s/it][32m[2026-05-14 18:16:26,810] [    INFO][0m - loss: 6.05207396, learning_rate: 3.448e-07, global_step: 299, current_memory_allocated: 29.91601800918579, current_memory_reserved: 37.369142293930054, max_memory_allocated: 35.51831269264221, max_memory_reserved: 37.369142293930054, interval_runtime: 6.0613, interval_samples_per_second: 0.6599, interval_steps_per_second: 0.165, global_norm: 1.0831769704818726, ppl: 424.99353625627646, progress_or_epoch: 0.9967, cpu_used_memory: 53.69, cpu_available_memory: 449.5[0m
[32m[2026-05-14 18:16:26,810] [    INFO][0m - [DataLoad global_step: 299] data_load_time: 0.29 ms (accumulated over 4 micro-batches)[0m

TrainProcess: 100%|██████████| 300/300 [30:29<00:00,  6.07s/it][32m[2026-05-14 18:16:32,874] [    INFO][0m - loss: 5.92132378, learning_rate: 0.0, global_step: 300, current_memory_allocated: 29.91601800918579, current_memory_reserved: 37.369142293930054, max_memory_allocated: 35.51831269264221, max_memory_reserved: 37.369142293930054, interval_runtime: 6.0633, interval_samples_per_second: 0.6597, interval_steps_per_second: 0.1649, global_norm: 1.9369021654129028, ppl: 372.9050315047418, progress_or_epoch: 1.0, cpu_used_memory: 53.68, cpu_available_memory: 449.51[0m
[32m[2026-05-14 18:16:32,875] [    INFO][0m - ***** Running Evaluation *****[0m
[32m[2026-05-14 18:16:32,875] [    INFO][0m -   Num examples = 20[0m
[32m[2026-05-14 18:16:32,875] [    INFO][0m -   Total prediction steps = 20[0m
[32m[2026-05-14 18:16:32,875] [    INFO][0m -   Pre device batch size = 1[0m
[32m[2026-05-14 18:16:32,876] [    INFO][0m -   Total Batch size = 1[0m


PredictProcess:   0%|          | 0/20 [00:00<?, ?it/s][A

PredictProcess:  20%|██        | 4/20 [00:01<00:06,  2.31it/s][A

PredictProcess:  40%|████      | 8/20 [00:03<00:05,  2.32it/s][A

PredictProcess:  60%|██████    | 12/20 [00:05<00:03,  2.32it/s][A

PredictProcess:  80%|████████  | 16/20 [00:06<00:01,  2.32it/s][A

PredictProcess: 100%|██████████| 20/20 [00:08<00:00,  2.33it/s][A[32m[2026-05-14 18:16:41,503] [    INFO][0m - eval_loss: 5.979861259460449, eval_runtime: 8.6159, eval_samples_per_second: 2.3213, eval_steps_per_second: 2.3213, eval_ppl: 395.3855083510133, progress_or_epoch: 1.0, cpu_used_memory: 53.67, cpu_available_memory: 449.51[0m


                                                               [A[32m[2026-05-14 18:16:41,503] [    INFO][0m - [DataLoad global_step: 300] data_load_time: 0.30 ms (accumulated over 4 micro-batches)[0m
[32m[2026-05-14 18:16:41,504] [    INFO][0m - 
Training completed. 
[0m
[32m[2026-05-14 18:16:41,512] [    INFO][0m - train_runtime: 1837.735, train_samples_per_second: 0.653, train_steps_per_second: 0.1632, train_loss: 7.0677398506800335, progress_or_epoch: 1.0, cpu_used_memory: 53.67, cpu_available_memory: 449.51[0m

TrainProcess: 100%|██████████| 300/300 [30:37<00:00,  6.13s/it]
[32m[2026-05-14 18:16:41,514] [    INFO][0m - Saving model checkpoint to ./checkpoints/pt/llama3-8b[0m
[32m[2026-05-14 18:16:42,176] [    INFO][0m - [Rank 0/4] (Saver) Initializing save. Max shard size set to: 10.00 GB[0m
[32m[2026-05-14 18:16:42,177] [    INFO][0m - [Rank 0/4] Starting to process the weight iterator...[0m
[32m[2026-05-14 18:16:42,310] [    INFO][0m - [Rank 0/4] Assigned to store parameter model.embed_tokens.weight[0m
[32m[2026-05-14 18:16:42,695] [    INFO][0m - [Rank 0/4] Assigned to store parameter model.layers.0.self_attn.o_proj.weight[0m
[32m[2026-05-14 18:16:42,807] [    INFO][0m - [Rank 0/4] Assigned to store parameter model.layers.0.input_layernorm.weight[0m
[32m[2026-05-14 18:16:42,871] [    INFO][0m - [Rank 0/4] Assigned to store parameter model.layers.1.self_attn.v_proj.weight[0m
[32m[2026-05-14 18:16:42,986] [    INFO][0m - [Rank 0/4] Assigned to store parameter model.layers.1.mlp.down_proj.weight[0m
[32m[2026-05-14 18:16:43,045] [    INFO][0m - [Rank 0/4] Assigned to store parameter model.layers.2.self_attn.k_proj.weight[0m
[32m[2026-05-14 18:16:43,120] [    INFO][0m - [Rank 0/4] Assigned to store parameter model.layers.2.mlp.up_proj.weight[0m
[32m[2026-05-14 18:16:43,212] [    INFO][0m - [Rank 0/4] Assigned to store parameter model.layers.3.self_attn.q_proj.weight[0m
[32m[2026-05-14 18:16:43,256] [    INFO][0m - [Rank 0/4] Assigned to store parameter model.layers.3.mlp.gate_proj.weight[0m
[32m[2026-05-14 18:16:43,350] [    INFO][0m - [Rank 0/4] Assigned to store parameter model.layers.3.post_attention_layernorm.weight[0m
[32m[2026-05-14 18:16:43,421] [    INFO][0m - [Rank 0/4] Assigned to store parameter model.layers.4.self_attn.o_proj.weight[0m
[32m[2026-05-14 18:16:43,531] [    INFO][0m - [Rank 0/4] Assigned to store parameter model.layers.4.input_layernorm.weight[0m
[32m[2026-05-14 18:16:43,595] [    INFO][0m - [Rank 0/4] Assigned to store parameter model.layers.5.self_attn.v_proj.weight[0m
[32m[2026-05-14 18:16:43,709] [    INFO][0m - [Rank 0/4] Assigned to store parameter model.layers.5.mlp.down_proj.weight[0m
[32m[2026-05-14 18:16:43,768] [    INFO][0m - [Rank 0/4] Assigned to store parameter model.layers.6.self_attn.k_proj.weight[0m
[32m[2026-05-14 18:16:43,844] [    INFO][0m - [Rank 0/4] Assigned to store parameter model.layers.6.mlp.up_proj.weight[0m
[32m[2026-05-14 18:16:43,936] [    INFO][0m - [Rank 0/4] Assigned to store parameter model.layers.7.self_attn.q_proj.weight[0m
[32m[2026-05-14 18:16:43,981] [    INFO][0m - [Rank 0/4] Assigned to store parameter model.layers.7.mlp.gate_proj.weight[0m
[32m[2026-05-14 18:16:44,067] [    INFO][0m - [Rank 0/4] Assigned to store parameter model.layers.7.post_attention_layernorm.weight[0m
[32m[2026-05-14 18:16:44,134] [    INFO][0m - [Rank 0/4] Assigned to store parameter model.layers.8.self_attn.o_proj.weight[0m
[32m[2026-05-14 18:16:44,237] [    INFO][0m - [Rank 0/4] Assigned to store parameter model.layers.8.input_layernorm.weight[0m
[32m[2026-05-14 18:16:44,299] [    INFO][0m - [Rank 0/4] Assigned to store parameter model.layers.9.self_attn.v_proj.weight[0m
[32m[2026-05-14 18:16:44,407] [    INFO][0m - [Rank 0/4] Assigned to store parameter model.layers.9.mlp.down_proj.weight[0m
[32m[2026-05-14 18:16:44,461] [    INFO][0m - [Rank 0/4] Assigned to store parameter model.layers.10.self_attn.k_proj.weight[0m
[32m[2026-05-14 18:16:44,536] [    INFO][0m - [Rank 0/4] Assigned to store parameter model.layers.10.mlp.up_proj.weight[0m
[32m[2026-05-14 18:16:44,624] [    INFO][0m - [Rank 0/4] Assigned to store parameter model.layers.11.self_attn.q_proj.weight[0m
[32m[2026-05-14 18:16:44,669] [    INFO][0m - [Rank 0/4] Assigned to store parameter model.layers.11.mlp.gate_proj.weight[0m
[32m[2026-05-14 18:16:44,761] [    INFO][0m - [Rank 0/4] Assigned to store parameter model.layers.11.post_attention_layernorm.weight[0m
[32m[2026-05-14 18:16:44,831] [    INFO][0m - [Rank 0/4] Assigned to store parameter model.layers.12.self_attn.o_proj.weight[0m
[32m[2026-05-14 18:16:44,938] [    INFO][0m - [Rank 0/4] Assigned to store parameter model.layers.12.input_layernorm.weight[0m
[32m[2026-05-14 18:16:45,000] [    INFO][0m - [Rank 0/4] Assigned to store parameter model.layers.13.self_attn.v_proj.weight[0m
[32m[2026-05-14 18:16:45,115] [    INFO][0m - [Rank 0/4] Assigned to store parameter model.layers.13.mlp.down_proj.weight[0m
[32m[2026-05-14 18:16:45,174] [    INFO][0m - [Rank 0/4] Assigned to store parameter model.layers.14.self_attn.k_proj.weight[0m
[32m[2026-05-14 18:16:45,248] [    INFO][0m - [Rank 0/4] Assigned to store parameter model.layers.14.mlp.up_proj.weight[0m
[32m[2026-05-14 18:16:45,337] [    INFO][0m - [Rank 0/4] Assigned to store parameter model.layers.15.self_attn.q_proj.weight[0m
[32m[2026-05-14 18:16:45,381] [    INFO][0m - [Rank 0/4] Assigned to store parameter model.layers.15.mlp.gate_proj.weight[0m
[32m[2026-05-14 18:16:45,472] [    INFO][0m - [Rank 0/4] Assigned to store parameter model.layers.15.post_attention_layernorm.weight[0m
[32m[2026-05-14 18:16:45,542] [    INFO][0m - [Rank 0/4] Assigned to store parameter model.layers.16.self_attn.o_proj.weight[0m
[32m[2026-05-14 18:16:45,687] [    INFO][0m - [Rank 0/4] Assigned to store parameter model.layers.16.input_layernorm.weight[0m
[32m[2026-05-14 18:16:45,711] [    INFO][0m - [Rank 0/4] Assigned to store parameter model.layers.17.self_attn.v_proj.weight[0m
[32m[2026-05-14 18:16:45,820] [    INFO][0m - [Rank 0/4] Assigned to store parameter model.layers.17.mlp.down_proj.weight[0m
[32m[2026-05-14 18:16:45,877] [    INFO][0m - [Rank 0/4] Assigned to store parameter model.layers.18.self_attn.k_proj.weight[0m
[32m[2026-05-14 18:16:45,950] [    INFO][0m - [Rank 0/4] Assigned to store parameter model.layers.18.mlp.up_proj.weight[0m
[32m[2026-05-14 18:16:46,040] [    INFO][0m - [Rank 0/4] Assigned to store parameter model.layers.19.self_attn.q_proj.weight[0m
[32m[2026-05-14 18:16:46,085] [    INFO][0m - [Rank 0/4] Assigned to store parameter model.layers.19.mlp.gate_proj.weight[0m
[32m[2026-05-14 18:16:46,217] [    INFO][0m - [Rank 0/4] Assigned to store parameter model.layers.19.post_attention_layernorm.weight[0m
[32m[2026-05-14 18:16:46,246] [    INFO][0m - [Rank 0/4] Assigned to store parameter model.layers.20.self_attn.o_proj.weight[0m
[32m[2026-05-14 18:16:46,396] [    INFO][0m - [Rank 0/4] Assigned to store parameter model.layers.20.input_layernorm.weight[0m
[32m[2026-05-14 18:16:46,419] [    INFO][0m - [Rank 0/4] Assigned to store parameter model.layers.21.self_attn.v_proj.weight[0m
[32m[2026-05-14 18:16:46,534] [    INFO][0m - [Rank 0/4] Assigned to store parameter model.layers.21.mlp.down_proj.weight[0m
[32m[2026-05-14 18:16:46,592] [    INFO][0m - [Rank 0/4] Assigned to store parameter model.layers.22.self_attn.k_proj.weight[0m
[32m[2026-05-14 18:16:46,668] [    INFO][0m - [Rank 0/4] Assigned to store parameter model.layers.22.mlp.up_proj.weight[0m
[32m[2026-05-14 18:16:46,758] [    INFO][0m - [Rank 0/4] Assigned to store parameter model.layers.23.self_attn.q_proj.weight[0m
[32m[2026-05-14 18:16:46,801] [    INFO][0m - [Rank 0/4] Assigned to store parameter model.layers.23.mlp.gate_proj.weight[0m
[32m[2026-05-14 18:16:46,934] [    INFO][0m - [Rank 0/4] Assigned to store parameter model.layers.23.post_attention_layernorm.weight[0m
[32m[2026-05-14 18:16:46,963] [    INFO][0m - [Rank 0/4] Assigned to store parameter model.layers.24.self_attn.o_proj.weight[0m
[32m[2026-05-14 18:16:47,110] [    INFO][0m - [Rank 0/4] Assigned to store parameter model.layers.24.input_layernorm.weight[0m
[32m[2026-05-14 18:16:47,133] [    INFO][0m - [Rank 0/4] Assigned to store parameter model.layers.25.self_attn.v_proj.weight[0m
[32m[2026-05-14 18:16:47,247] [    INFO][0m - [Rank 0/4] Assigned to store parameter model.layers.25.mlp.down_proj.weight[0m
[32m[2026-05-14 18:16:47,305] [    INFO][0m - [Rank 0/4] Assigned to store parameter model.layers.26.self_attn.k_proj.weight[0m
[32m[2026-05-14 18:16:47,381] [    INFO][0m - [Rank 0/4] Assigned to store parameter model.layers.26.mlp.up_proj.weight[0m
[32m[2026-05-14 18:16:47,468] [    INFO][0m - [Rank 0/4] Assigned to store parameter model.layers.27.self_attn.q_proj.weight[0m
[32m[2026-05-14 18:16:47,513] [    INFO][0m - [Rank 0/4] Assigned to store parameter model.layers.27.mlp.gate_proj.weight[0m
[32m[2026-05-14 18:16:47,644] [    INFO][0m - [Rank 0/4] Assigned to store parameter model.layers.27.post_attention_layernorm.weight[0m
[32m[2026-05-14 18:16:47,672] [    INFO][0m - [Rank 0/4] Assigned to store parameter model.layers.28.self_attn.o_proj.weight[0m
[32m[2026-05-14 18:16:47,816] [    INFO][0m - [Rank 0/4] Assigned to store parameter model.layers.28.input_layernorm.weight[0m
[32m[2026-05-14 18:16:47,840] [    INFO][0m - [Rank 0/4] Assigned to store parameter model.layers.29.self_attn.v_proj.weight[0m
[32m[2026-05-14 18:16:47,951] [    INFO][0m - [Rank 0/4] Assigned to store parameter model.layers.29.mlp.down_proj.weight[0m
[32m[2026-05-14 18:16:48,007] [    INFO][0m - [Rank 0/4] Assigned to store parameter model.layers.30.self_attn.k_proj.weight[0m
[32m[2026-05-14 18:16:48,079] [    INFO][0m - [Rank 0/4] Assigned to store parameter model.layers.30.mlp.up_proj.weight[0m
[32m[2026-05-14 18:16:48,166] [    INFO][0m - [Rank 0/4] Assigned to store parameter model.layers.31.self_attn.q_proj.weight[0m
[32m[2026-05-14 18:16:48,210] [    INFO][0m - [Rank 0/4] Assigned to store parameter model.layers.31.mlp.gate_proj.weight[0m
[32m[2026-05-14 18:16:48,339] [    INFO][0m - [Rank 0/4] Assigned to store parameter model.layers.31.post_attention_layernorm.weight[0m
[32m[2026-05-14 18:16:48,368] [    INFO][0m - [Rank 0/4] Saving sub-shard 0... Size: 8660.25 MB, Params: 73, Path: ./checkpoints/pt/llama3-8b/shard_0-0.safetensors[0m
[32m[2026-05-14 18:17:19,227] [    INFO][0m - [Rank 0/4] (Saver) All shards saved successfully.[0m
[32m[2026-05-14 18:17:21,976] [    INFO][0m - Configuration saved in ./checkpoints/pt/llama3-8b/config.json[0m
[32m[2026-05-14 18:17:21,977] [    INFO][0m - ***** train metrics *****[0m
[32m[2026-05-14 18:17:21,977] [    INFO][0m -   cpu_available_memory     =     449.51[0m
[32m[2026-05-14 18:17:21,977] [    INFO][0m -   cpu_used_memory          =      53.67[0m
[32m[2026-05-14 18:17:21,977] [    INFO][0m -   progress_or_epoch        =        1.0[0m
[32m[2026-05-14 18:17:21,977] [    INFO][0m -   train_loss               =     7.0677[0m
[32m[2026-05-14 18:17:21,977] [    INFO][0m -   train_runtime            = 0:30:37.73[0m
[32m[2026-05-14 18:17:21,977] [    INFO][0m -   train_samples_per_second =      0.653[0m
[32m[2026-05-14 18:17:21,977] [    INFO][0m -   train_steps_per_second   =     0.1632[0m
I0514 18:17:23.022286 3290412 process_group_nccl.cc:163] ProcessGroupNCCL destruct 
I0514 18:17:23.022949 3290412 process_group_nccl.cc:163] ProcessGroupNCCL destruct 
I0514 18:17:23.023543 3290412 process_group_nccl.cc:163] ProcessGroupNCCL destruct 
I0514 18:17:23.023814 3290412 process_group_nccl.cc:163] ProcessGroupNCCL destruct 
LAUNCH INFO 2026-05-14 18:17:26,913 Pod completed
LAUNCH INFO 2026-05-14 18:17:26,913 Exit code 0
