PyTorch was not found. Models won't be available and only tokenizers, configuration and file/data utilities can be used.
[33m[2026-05-12 10:53:18,369] [ WARNING][0m - Due to potential compatibility issues between PaddlePaddle and PyTorch in PaddleFormers, PaddleFormers defaults `transformers.utils.import_utils.is_torch_available` and `transformers.utils.import_utils.is_torchvision_available` to False. If you need to use PyTorch in transformers or torchvision, please add `del sys.modules['transformers']` before using them.[0m
/public/home/yuhai/liuyi39/py310/lib/python3.10/site-packages/_distutils_hack/__init__.py:30: UserWarning: Setuptools is replacing distutils. Support for replacing an already imported distutils is deprecated. In the future, this condition will fail. Register concerns at https://github.com/pypa/setuptools/issues/new?template=distutils-deprecation.yml
  warnings.warn(
PyTorch was not found. Models won't be available and only tokenizers, configuration and file/data utilities can be used.
/public/home/yuhai/liuyi39/Paddle/build/python/paddle/distributed/launch/context/args_envs.py:54: UserWarning: Unset 'http_proxy' to ensure stable NCCL communication in distributed training (backed up as 'http_proxy_original').
  warnings.warn(
/public/home/yuhai/liuyi39/Paddle/build/python/paddle/distributed/launch/context/args_envs.py:54: UserWarning: Unset 'https_proxy' to ensure stable NCCL communication in distributed training (backed up as 'https_proxy_original').
  warnings.warn(
LAUNCH INFO 2026-05-12 10:53:28,688 -----------  Configuration  ----------------------
LAUNCH INFO 2026-05-12 10:53:28,689 auto_cluster_config: 0
LAUNCH INFO 2026-05-12 10:53:28,689 auto_parallel_config: None
LAUNCH INFO 2026-05-12 10:53:28,689 auto_tuner_json: None
LAUNCH INFO 2026-05-12 10:53:28,689 devices: 0,1,2,3
LAUNCH INFO 2026-05-12 10:53:28,689 elastic_level: -1
LAUNCH INFO 2026-05-12 10:53:28,689 elastic_timeout: 30
LAUNCH INFO 2026-05-12 10:53:28,689 enable_gpu_log: True
LAUNCH INFO 2026-05-12 10:53:28,689 gloo_port: 6767
LAUNCH INFO 2026-05-12 10:53:28,689 host: None
LAUNCH INFO 2026-05-12 10:53:28,689 ips: None
LAUNCH INFO 2026-05-12 10:53:28,689 job_id: default
LAUNCH INFO 2026-05-12 10:53:28,689 legacy: False
LAUNCH INFO 2026-05-12 10:53:28,689 log_dir: logs/lora/llama3-8b.dist
LAUNCH INFO 2026-05-12 10:53:28,689 log_level: INFO
LAUNCH INFO 2026-05-12 10:53:28,689 log_overwrite: False
LAUNCH INFO 2026-05-12 10:53:28,689 master: 127.0.0.1:8080
LAUNCH INFO 2026-05-12 10:53:28,689 max_restart: 3
LAUNCH INFO 2026-05-12 10:53:28,689 nnodes: 1
LAUNCH INFO 2026-05-12 10:53:28,689 nproc_per_node: None
LAUNCH INFO 2026-05-12 10:53:28,689 rank: 0
LAUNCH INFO 2026-05-12 10:53:28,689 run_mode: collective
LAUNCH INFO 2026-05-12 10:53:28,689 server_num: None
LAUNCH INFO 2026-05-12 10:53:28,689 servers: 
LAUNCH INFO 2026-05-12 10:53:28,689 sort_ip: False
LAUNCH INFO 2026-05-12 10:53:28,689 start_port: 6070
LAUNCH INFO 2026-05-12 10:53:28,689 trainer_num: None
LAUNCH INFO 2026-05-12 10:53:28,689 trainers: 
LAUNCH INFO 2026-05-12 10:53:28,689 training_script: /public/home/yuhai/liuyi39/PaddleFormers/paddleformers/cli/launcher.py
LAUNCH INFO 2026-05-12 10:53:28,689 training_script_args: ['train', 'configs/lora/train_llama3_8b.yaml']
LAUNCH INFO 2026-05-12 10:53:28,689 with_gloo: 1
LAUNCH INFO 2026-05-12 10:53:28,689 --------------------------------------------------
LAUNCH INFO 2026-05-12 10:53:28,689 Job: default, mode collective, replicas 1[1:1], elastic False
LAUNCH INFO 2026-05-12 10:53:28,696 Run Pod: dtdvzh, replicas 4, status ready
LAUNCH INFO 2026-05-12 10:53:28,798 Watching Pod: dtdvzh, replicas 4, status running
PyTorch was not found. Models won't be available and only tokenizers, configuration and file/data utilities can be used.
[33m[2026-05-12 10:53:31,766] [ WARNING][0m - Due to potential compatibility issues between PaddlePaddle and PyTorch in PaddleFormers, PaddleFormers defaults `transformers.utils.import_utils.is_torch_available` and `transformers.utils.import_utils.is_torchvision_available` to False. If you need to use PyTorch in transformers or torchvision, please add `del sys.modules['transformers']` before using them.[0m
/public/home/yuhai/liuyi39/py310/lib/python3.10/site-packages/_distutils_hack/__init__.py:30: UserWarning: Setuptools is replacing distutils. Support for replacing an already imported distutils is deprecated. In the future, this condition will fail. Register concerns at https://github.com/pypa/setuptools/issues/new?template=distutils-deprecation.yml
  warnings.warn(
PyTorch was not found. Models won't be available and only tokenizers, configuration and file/data utilities can be used.
[32m[2026-05-12 10:53:34,502] [    INFO][0m - user has defined resume_from_checkpoint: None[0m
[32m[2026-05-12 10:53:34,504] [    INFO][0m - fa_version = 2 set FLAGS_flash_attn_version to 2[0m
[33m[2026-05-12 10:53:34,504] [ WARNING][0m - sharding_parallel_size=1 means no sharding, please set sharding to empty![0m
[2026-05-12 10:53:34,504] [    INFO] distributed_strategy.py:343 - distributed strategy initialized
[32m[2026-05-12 10:53:34,504] [    INFO][0m - PP configs:{'micro_batch_size': 1, 'accumulate_steps': 4, 'schedule_mode': '1F1B', 'p2p_cache_shape': True, 'enable_partial_send_recv': True}, use master_grad: True[0m
[33m[2026-05-12 10:53:34,504] [ WARNING][0m - In pipeline model, the evaluation also shares same setting with training. We will enforce that per_device_eval_batch_size=per_device_train_batch_size.[0m
[32m[2026-05-12 10:53:34,505] [    INFO][0m - using pipeline configs:{'delay_scale_loss': True, 'dp_comm_overlap': False, 'sharding_comm_overlap': False, 'enable_timer': False, 'release_gradients': False, 'overlap_p2p_comm': False, 'clear_every_step_cache': False, 'use_batch_p2p_comm': True, 'best_unbalanced_scheduler': False, 'enable_offload_queue': False, 'use_dualpipev': False, 'forward_backward_overlap_scheduler': False, 'enable_dynamic_shape': False}[0m
======================= Modified FLAGS detected =======================
FLAGS(name='FLAGS_curand_dir', current_value='/public/home/yuhai/liuyi39/Paddle/build/python/paddle/../nvidia/curand/lib', default_value='')
FLAGS(name='FLAGS_cudnn_dir', current_value='/public/home/yuhai/liuyi39/Paddle/build/python/paddle/../nvidia/cudnn/lib', default_value='')
FLAGS(name='FLAGS_nccl_dir', current_value='/public/home/yuhai/liuyi39/Paddle/build/python/paddle/../nvidia/nccl/lib', default_value='')
FLAGS(name='FLAGS_enable_pir_in_executor', current_value=True, default_value=False)
FLAGS(name='FLAGS_deterministic_rng', current_value=True, default_value=False)
FLAGS(name='FLAGS_nvidia_package_dir', current_value='/public/home/yuhai/liuyi39/Paddle/build/python/paddle/../nvidia', default_value='')
FLAGS(name='FLAGS_cupti_dir', current_value='/public/home/yuhai/liuyi39/Paddle/build/python/paddle/../nvidia/cuda_cupti/lib', default_value='')
FLAGS(name='FLAGS_cusparse_dir', current_value='/public/home/yuhai/liuyi39/Paddle/build/python/paddle/../nvidia/cusparse/lib', default_value='')
FLAGS(name='FLAGS_cublas_dir', current_value='/public/home/yuhai/liuyi39/Paddle/build/python/paddle/../nvidia/cublas/lib', default_value='')
FLAGS(name='FLAGS_selected_gpus', current_value='0', default_value='')
FLAGS(name='FLAGS_cusolver_dir', current_value='/public/home/yuhai/liuyi39/Paddle/build/python/paddle/../nvidia/cusolver/lib', default_value='')
=======================================================================
I0512 10:53:34.507088 189411 tcp_store.cc:336] create libuv server at port: 55182
I0512 10:53:34.508359 189411 tcp_utils.cc:132] Successfully connected to 10.6.9.79:55182
I0512 10:53:37.504459 189411 process_group_nccl.cc:155] ProcessGroupNCCL pg_timeout_ 1800000
I0512 10:53:37.504514 189411 process_group_nccl.cc:156] ProcessGroupNCCL nccl_comm_init_option_ 0
I0512 10:53:37.505120 189411 process_group_nccl.cc:155] ProcessGroupNCCL pg_timeout_ 1800000
I0512 10:53:37.505133 189411 process_group_nccl.cc:156] ProcessGroupNCCL nccl_comm_init_option_ 0
[2026-05-12 10:53:37,505] [    INFO] topology.py:535 - Total 2 pipe comm group(s) create successfully!
W0512 10:53:37.505659 189411 gpu_resources.cc:116] Please NOTE: device: 0, GPU Compute Capability: 90.3, Driver API Version: 60326.1, Runtime API Version: 60326.1
W0512 10:53:37.614856 189411 nccl_comm_context.cc:70] ncclCommInitRankConfigMemOpt is not supported.
[2026-05-12 10:53:38,153] [    INFO] topology.py:535 - Total 4 data comm group(s) create successfully!
I0512 10:53:38.153573 189411 process_group_nccl.cc:155] ProcessGroupNCCL pg_timeout_ 1800000
I0512 10:53:38.153594 189411 process_group_nccl.cc:156] ProcessGroupNCCL nccl_comm_init_option_ 0
[2026-05-12 10:53:38,153] [    INFO] topology.py:535 - Total 2 model comm group(s) create successfully!
[2026-05-12 10:53:38,153] [    INFO] topology.py:535 - Total 4 sharding comm group(s) create successfully!
I0512 10:53:38.153857 189411 process_group_nccl.cc:155] ProcessGroupNCCL pg_timeout_ 1800000
I0512 10:53:38.153864 189411 process_group_nccl.cc:156] ProcessGroupNCCL nccl_comm_init_option_ 0
[2026-05-12 10:53:38,153] [    INFO] topology.py:449 - HybridParallelInfo: rank_id: 0, mp_degree: 2, sharding_degree: 1, pp_degree: 2, dp_degree: 1, sep_degree: 1, mp_group: [0, 1],  sharding_group: [0], pp_group: [0, 2], dp_group: [0], sep:group: None, check/clip group: [0, 1, 2, 3]
[32m[2026-05-12 10:53:38,154] [    INFO][0m -     +==============================================================================+
    |                                                                              |
    |                         DistributedStrategy Overview                         |
    |                                                                              |
    +==============================================================================+
    |                        a_sync=True <-> a_sync_configs                        |
    +------------------------------------------------------------------------------+
    |                               k_steps                    -1                  |
    |                     max_merge_var_num                    1                   |
    |                       send_queue_size                    16                  |
    |               independent_recv_thread                  False                 |
    |         min_send_grad_num_before_recv                    1                   |
    |                      thread_pool_size                    1                   |
    |                       send_wait_times                    1                   |
    |               runtime_split_send_recv                  False                 |
    |                        launch_barrier                   True                 |
    |             heter_worker_device_guard                   cpu                  |
    |                        lr_decay_steps                    10                  |
    |                            use_ps_gpu                    0                   |
    |                         use_gpu_graph                    0                   |
    +==============================================================================+
    |                    Environment Flags, Communication Flags                    |
    +------------------------------------------------------------------------------+
    |                                  mode                    1                   |
    |                               elastic                  False                 |
    |                                  auto                  False                 |
    |                   sync_nccl_allreduce                   True                 |
    |                         nccl_comm_num                    1                   |
    |            use_hierarchical_allreduce                  False                 |
    |   hierarchical_allreduce_inter_nranks                    1                   |
    |                       sync_batch_norm                  False                 |
    |                   fuse_all_reduce_ops                   True                 |
    |                  fuse_grad_size_in_MB                    32                  |
    |              fuse_grad_size_in_TFLOPS                   50.0                 |
    |               cudnn_exhaustive_search                  False                 |
    |             conv_workspace_size_limit                   512                  |
    |    cudnn_batchnorm_spatial_persistent                  False                 |
    |                        fp16_allreduce                  False                 |
    |               last_comm_group_size_MB                   1.0                  |
    |                find_unused_parameters                  False                 |
    |            without_graph_optimization                   True                 |
    |                 fuse_grad_size_in_num                    8                   |
    |                 calc_comm_same_stream                  False                 |
    |                                   asp                  False                 |
    |                       fuse_grad_merge                  False                 |
    |                             semi_auto                  False                 |
    |                            adam_d2sum                  False                 |
    |                           auto_search                  False                 |
    |                        heter_ccl_mode                  False                 |
    |                         is_fl_ps_mode                  False                 |
    |                      with_coordinator                  False                 |
    |                            split_data                   True                 |
    |                  downpour_table_param                    []                  |
    |                       fs_client_param                                        |
    +==============================================================================+
    |                                Build Strategy                                |
    +------------------------------------------------------------------------------+
    |              fuse_elewise_add_act_ops                  False                 |
    |                       fuse_bn_act_ops                  False                 |
    |              fuse_relu_depthwise_conv                  False                 |
    |                    fuse_broadcast_ops                  False                 |
    |                fuse_all_optimizer_ops                  False                 |
    |                        enable_inplace                  False                 |
    |     enable_backward_optimizer_op_deps                   True                 |
    |                 cache_runtime_context                  False                 |
    |                   fuse_bn_add_act_ops                   True                 |
    |                    enable_auto_fusion                  False                 |
    |                          enable_addto                  False                 |
    |              allow_cuda_graph_capture                  False                 |
    |                       reduce_strategy                    0                   |
    |                    fuse_gemm_epilogue                  False                 |
    |                   debug_graphviz_path                                        |
    |                       fused_attention                  False                 |
    |                     fused_feedforward                  False                 |
    |            fuse_dot_product_attention                  False                 |
    |                          fuse_resunit                  False                 |
    +==============================================================================+
[0m
[32m[2026-05-12 10:53:38,155] [    INFO][0m - The default value for the training argument `--report_to` will change in v5 (from all installed integrations to none). In v5, you will need to use `--report_to all` to get the same behavior as now. You should start updating your code and make this info disappear :-).[0m
[32m[2026-05-12 10:53:38,155] [    INFO][0m - Auto set hybrid_parallel_expert_grad_scale = 2.0[0m
[32m[2026-05-12 10:53:38,155] [    INFO][0m - reset finetuning arguments global_batch_size to 4[0m
[32m[2026-05-12 10:53:38,155] [    INFO][0m - fixing pp configs: {'micro_batch_size': 1, 'accumulate_steps': 4, 'schedule_mode': '1F1B', 'p2p_cache_shape': True, 'enable_partial_send_recv': True}[0m
[35m[2026-05-12 10:53:38,190] [   DEBUG][0m - ============================================================[0m
[35m[2026-05-12 10:53:38,190] [   DEBUG][0m -      Model Configuration Arguments      [0m
[35m[2026-05-12 10:53:38,190] [   DEBUG][0m - paddle commit id              : ba3477ae69a2c015cb9569eb044381795da89389[0m
[35m[2026-05-12 10:53:38,681] [   DEBUG][0m - paddleformers commit id       : 8139352127d4c61ed5c5f61f64c079097505cb0f.dirty[0m
[35m[2026-05-12 10:53:38,681] [   DEBUG][0m - _attn_implementation          : eager[0m
[35m[2026-05-12 10:53:38,681] [   DEBUG][0m - bos_token_id                  : 0[0m
[35m[2026-05-12 10:53:38,681] [   DEBUG][0m - continue_training             : True[0m
[35m[2026-05-12 10:53:38,681] [   DEBUG][0m - copy_custom_file_list         : [0m
[35m[2026-05-12 10:53:38,681] [   DEBUG][0m - download_hub                  : None[0m
[35m[2026-05-12 10:53:38,681] [   DEBUG][0m - eos_token_id                  : 1[0m
[35m[2026-05-12 10:53:38,682] [   DEBUG][0m - ernie_model_config            : ErniePretrainArgument(use_quant_before_a2a=False, use_async_a2a=False, use_rms_qkv_recompute=False, moe_logging=False, use_recompute=False, num_nextn_predict_layers=0, use_fp8_mlp=False, num_hidden_layers=2, num_empty_layers_add_in_tail=0, use_fp8_fuse_node=False, use_ep_comm_overlap=False, fp8_mem_configs=FP8MemConfigs(shared_expert=False, recompute_fwd_gate_up=False, dequant_input=False, offline_quant_expert_weight=False, clear_origin_weight_when_offline_quant=False), fp8_fused_ops_configs=FP8FusedOpsConfigs(stack_quant=False, swiglu_probs_bwd=False, split_group_gemm=True, spaq=True, transpose_split_quant=True), use_combine_before_a2a=False, moe_num_experts=0, moe_k=2, moe_use_aux_free=False, moe_gate='top2_fused', transpose_split_quant=False)[0m
[35m[2026-05-12 10:53:38,682] [   DEBUG][0m - fine_tuning                   : lora[0m
[35m[2026-05-12 10:53:38,682] [   DEBUG][0m - fuse_gate_detach_matmul       : True[0m
[35m[2026-05-12 10:53:38,682] [   DEBUG][0m - fuse_softmax_mask             : False[0m
[35m[2026-05-12 10:53:38,682] [   DEBUG][0m - lora                          : True[0m
[35m[2026-05-12 10:53:38,682] [   DEBUG][0m - lora_alpha                    : 16[0m
[35m[2026-05-12 10:53:38,682] [   DEBUG][0m - lora_path                     : None[0m
[35m[2026-05-12 10:53:38,682] [   DEBUG][0m - lora_plus_scale               : 1.0[0m
[35m[2026-05-12 10:53:38,682] [   DEBUG][0m - lora_rank                     : 8[0m
[35m[2026-05-12 10:53:38,682] [   DEBUG][0m - loss_subbatch_seqlen          : 32768[0m
[35m[2026-05-12 10:53:38,682] [   DEBUG][0m - max_position_embeddings       : 4096[0m
[35m[2026-05-12 10:53:38,682] [   DEBUG][0m - model_name_or_path            : ./models/Llama-3-8b[0m
[35m[2026-05-12 10:53:38,683] [   DEBUG][0m - model_with_dpo_criterion      : False[0m
[35m[2026-05-12 10:53:38,683] [   DEBUG][0m - moe_gate                      : top2_fused[0m
[35m[2026-05-12 10:53:38,683] [   DEBUG][0m - moe_group                     : dummy[0m
[35m[2026-05-12 10:53:38,683] [   DEBUG][0m - moe_group_experts             : False[0m
[35m[2026-05-12 10:53:38,683] [   DEBUG][0m - moe_multimodal_dispatch_use_allgather: v2-alltoall-unpad[0m
[35m[2026-05-12 10:53:38,683] [   DEBUG][0m - moe_orthogonal_loss_lambda    : 0.0[0m
[35m[2026-05-12 10:53:38,683] [   DEBUG][0m - moe_use_aux_free              : None[0m
[35m[2026-05-12 10:53:38,683] [   DEBUG][0m - moe_use_hard_gate             : False[0m
[35m[2026-05-12 10:53:38,683] [   DEBUG][0m - neftune                       : False[0m
[35m[2026-05-12 10:53:38,683] [   DEBUG][0m - neftune_noise_alpha           : 5.0[0m
[35m[2026-05-12 10:53:38,683] [   DEBUG][0m - pp_seg_method                 : layer:DecoderLayer|EmptyLayer[0m
[35m[2026-05-12 10:53:38,683] [   DEBUG][0m - rope_3d                       : True[0m
[35m[2026-05-12 10:53:38,683] [   DEBUG][0m - rslora                        : False[0m
[35m[2026-05-12 10:53:38,684] [   DEBUG][0m - rslora_plus                   : False[0m
[35m[2026-05-12 10:53:38,684] [   DEBUG][0m - stage                         : SFT[0m
[35m[2026-05-12 10:53:38,684] [   DEBUG][0m - tokenizer_name_or_path        : None[0m
[35m[2026-05-12 10:53:38,684] [   DEBUG][0m - use_attn_mask_startend_row_indices: True[0m
[35m[2026-05-12 10:53:38,684] [   DEBUG][0m - use_fast_layer_norm           : False[0m
[35m[2026-05-12 10:53:38,684] [   DEBUG][0m - use_global_causal_attn        : False[0m
[35m[2026-05-12 10:53:38,684] [   DEBUG][0m - use_mem_eff_attn              : True[0m
[35m[2026-05-12 10:53:38,684] [   DEBUG][0m - use_sparse_flash_attn         : True[0m
[35m[2026-05-12 10:53:38,684] [   DEBUG][0m - vision_config                 : VisionArguments(attn_implementation='eager', attn_sep=True, depth=32, embed_dim=1280, hidden_act='quick_gelu', hidden_size=1280, in_channels=3, mlp_ratio=4, model_type='DFNRope_vision_transformer', num_heads=16, patch_size=14, spatial_merge_size=2, tensor_model_parallel_size=4, vit_num_recompute_layers=10000)[0m
[35m[2026-05-12 10:53:38,684] [   DEBUG][0m - [0m
[35m[2026-05-12 10:53:38,684] [   DEBUG][0m - ============================================================[0m
[35m[2026-05-12 10:53:38,684] [   DEBUG][0m -       Data Configuration Arguments      [0m
[35m[2026-05-12 10:53:38,684] [   DEBUG][0m - paddle commit id              : ba3477ae69a2c015cb9569eb044381795da89389[0m
[35m[2026-05-12 10:53:38,685] [   DEBUG][0m - paddleformers commit id       : 8139352127d4c61ed5c5f61f64c079097505cb0f.dirty[0m
[35m[2026-05-12 10:53:38,685] [   DEBUG][0m - binpacking                    : True[0m
[35m[2026-05-12 10:53:38,685] [   DEBUG][0m - buffer_size                   : 500[0m
[35m[2026-05-12 10:53:38,685] [   DEBUG][0m - custom_register_path          : None[0m
[35m[2026-05-12 10:53:38,685] [   DEBUG][0m - data_cache                    : None[0m
[35m[2026-05-12 10:53:38,685] [   DEBUG][0m - data_impl                     : mmap[0m
[35m[2026-05-12 10:53:38,685] [   DEBUG][0m - dataset_output_dir            : ./dataset_output[0m
[35m[2026-05-12 10:53:38,685] [   DEBUG][0m - dataset_type                  : iterable[0m
[35m[2026-05-12 10:53:38,685] [   DEBUG][0m - encode_one_turn               : True[0m
[35m[2026-05-12 10:53:38,685] [   DEBUG][0m - eval_dataset_path             : ./data/sft/school_math_0.25M/dev_llama3.json[0m
[35m[2026-05-12 10:53:38,685] [   DEBUG][0m - eval_dataset_prob             : 1.0[0m
[35m[2026-05-12 10:53:38,685] [   DEBUG][0m - eval_dataset_type             : erniekit[0m
[35m[2026-05-12 10:53:38,685] [   DEBUG][0m - eval_with_do_generation       : False[0m
[35m[2026-05-12 10:53:38,686] [   DEBUG][0m - greedy_intokens               : True[0m
[35m[2026-05-12 10:53:38,686] [   DEBUG][0m - input_dir                     : None[0m
[35m[2026-05-12 10:53:38,686] [   DEBUG][0m - make_offline_data             : False[0m
[35m[2026-05-12 10:53:38,686] [   DEBUG][0m - max_prompt_len                : 2048[0m
[35m[2026-05-12 10:53:38,686] [   DEBUG][0m - max_seq_len                   : 2048[0m
[35m[2026-05-12 10:53:38,686] [   DEBUG][0m - mix_strategy                  : concat[0m
[35m[2026-05-12 10:53:38,686] [   DEBUG][0m - new_special_tokens_path       : None[0m
[35m[2026-05-12 10:53:38,686] [   DEBUG][0m - num_samples_each_epoch        : 6000000[0m
[35m[2026-05-12 10:53:38,686] [   DEBUG][0m - packed_idx_cache_dir          : None[0m
[35m[2026-05-12 10:53:38,686] [   DEBUG][0m - packing                       : True[0m
[35m[2026-05-12 10:53:38,686] [   DEBUG][0m - packing_interval              : 1000[0m
[35m[2026-05-12 10:53:38,686] [   DEBUG][0m - padding_free                  : False[0m
[35m[2026-05-12 10:53:38,686] [   DEBUG][0m - processor_use_fast            : None[0m
[35m[2026-05-12 10:53:38,687] [   DEBUG][0m - random_shuffle                : True[0m
[35m[2026-05-12 10:53:38,687] [   DEBUG][0m - share_folder                  : False[0m
[35m[2026-05-12 10:53:38,687] [   DEBUG][0m - skip_warmup                   : True[0m
[35m[2026-05-12 10:53:38,687] [   DEBUG][0m - split                         : 950,50[0m
[35m[2026-05-12 10:53:38,687] [   DEBUG][0m - split_multi_turn              : False[0m
[35m[2026-05-12 10:53:38,687] [   DEBUG][0m - template                      : None[0m
[35m[2026-05-12 10:53:38,687] [   DEBUG][0m - template_backend              : custom[0m
[35m[2026-05-12 10:53:38,687] [   DEBUG][0m - train_dataset_path            : ./data/sft/school_math_0.25M/train_llama3.json[0m
[35m[2026-05-12 10:53:38,687] [   DEBUG][0m - train_dataset_prob            : 1.0[0m
[35m[2026-05-12 10:53:38,687] [   DEBUG][0m - train_dataset_type            : erniekit[0m
[35m[2026-05-12 10:53:38,687] [   DEBUG][0m - truncate_packing              : True[0m
[35m[2026-05-12 10:53:38,687] [   DEBUG][0m - truncation_strategy           : delete[0m
[35m[2026-05-12 10:53:38,687] [   DEBUG][0m - use_template                  : True[0m
[35m[2026-05-12 10:53:38,688] [   DEBUG][0m - warmup_only_rank0             : False[0m
[35m[2026-05-12 10:53:38,688] [   DEBUG][0m - [0m
[35m[2026-05-12 10:53:38,688] [   DEBUG][0m - ============================================================[0m
[35m[2026-05-12 10:53:38,688] [   DEBUG][0m -      Train Configuration Arguments      [0m
[35m[2026-05-12 10:53:38,688] [   DEBUG][0m - paddle commit id              : ba3477ae69a2c015cb9569eb044381795da89389[0m
[35m[2026-05-12 10:53:38,688] [   DEBUG][0m - paddleformers commit id       : 8139352127d4c61ed5c5f61f64c079097505cb0f.dirty[0m
[35m[2026-05-12 10:53:38,688] [   DEBUG][0m - _no_sync_in_gradient_accumulation: True[0m
[35m[2026-05-12 10:53:38,688] [   DEBUG][0m - adam_beta1                    : 0.9[0m
[35m[2026-05-12 10:53:38,688] [   DEBUG][0m - adam_beta2                    : 0.999[0m
[35m[2026-05-12 10:53:38,688] [   DEBUG][0m - adam_epsilon                  : 1e-08[0m
[35m[2026-05-12 10:53:38,689] [   DEBUG][0m - amp_custom_black_list         : ['reduce_sum', 'softmax_with_cross_entropy', 'c_softmax_with_cross_entropy', 'elementwise_div', 'sin', 'cos'][0m
[35m[2026-05-12 10:53:38,689] [   DEBUG][0m - amp_custom_white_list         : ['lookup_table', 'lookup_table_v2', 'flash_attn', 'matmul', 'matmul_v2', 'fused_gemm_epilogue'][0m
[35m[2026-05-12 10:53:38,689] [   DEBUG][0m - amp_master_grad               : True[0m
[35m[2026-05-12 10:53:38,689] [   DEBUG][0m - aoa_config                    : None[0m
[35m[2026-05-12 10:53:38,689] [   DEBUG][0m - apply_rope_fusion             : False[0m
[35m[2026-05-12 10:53:38,689] [   DEBUG][0m - attention_probs_dropout_prob  : 0.0[0m
[35m[2026-05-12 10:53:38,689] [   DEBUG][0m - auto_parallel_resume_form_hybrid_parallel: False[0m
[35m[2026-05-12 10:53:38,689] [   DEBUG][0m - auto_parallel_sync_shared_params: False[0m
[35m[2026-05-12 10:53:38,689] [   DEBUG][0m - autotuner_benchmark           : False[0m
[35m[2026-05-12 10:53:38,689] [   DEBUG][0m - balanced_image_preprocess     : False[0m
[35m[2026-05-12 10:53:38,689] [   DEBUG][0m - batch_p2p_comm                : True[0m
[35m[2026-05-12 10:53:38,689] [   DEBUG][0m - benchmark                     : False[0m
[35m[2026-05-12 10:53:38,690] [   DEBUG][0m - best_unbalanced_scheduler     : False[0m
[35m[2026-05-12 10:53:38,690] [   DEBUG][0m - beta                          : 0.1[0m
[35m[2026-05-12 10:53:38,690] [   DEBUG][0m - bf16                          : True[0m
[35m[2026-05-12 10:53:38,690] [   DEBUG][0m - bf16_full_eval                : False[0m
[35m[2026-05-12 10:53:38,690] [   DEBUG][0m - ckpt_quant_stage              : O0[0m
[35m[2026-05-12 10:53:38,690] [   DEBUG][0m - clear_every_step_cache        : False[0m
[35m[2026-05-12 10:53:38,690] [   DEBUG][0m - compute_type                  : bf16[0m
[35m[2026-05-12 10:53:38,690] [   DEBUG][0m - context_parallel_rank         : 0[0m
[35m[2026-05-12 10:53:38,690] [   DEBUG][0m - context_parallel_size         : 1[0m
[35m[2026-05-12 10:53:38,690] [   DEBUG][0m - convert_from_hf               : True[0m
[35m[2026-05-12 10:53:38,690] [   DEBUG][0m - copy_custom_file_list         : [0m
[35m[2026-05-12 10:53:38,690] [   DEBUG][0m - count_trained_tokens          : False[0m
[35m[2026-05-12 10:53:38,690] [   DEBUG][0m - cp_comm_type                  : None[0m
[35m[2026-05-12 10:53:38,691] [   DEBUG][0m - cp_sharding_degree            : 1[0m
[35m[2026-05-12 10:53:38,691] [   DEBUG][0m - cp_sharding_rank              : 0[0m
[35m[2026-05-12 10:53:38,691] [   DEBUG][0m - current_device                : gpu:0[0m
[35m[2026-05-12 10:53:38,691] [   DEBUG][0m - data_parallel_config          : [0m
[35m[2026-05-12 10:53:38,691] [   DEBUG][0m - data_parallel_rank            : 0[0m
[35m[2026-05-12 10:53:38,691] [   DEBUG][0m - data_parallel_size            : 1[0m
[35m[2026-05-12 10:53:38,691] [   DEBUG][0m - dataloader_drop_last          : False[0m
[35m[2026-05-12 10:53:38,691] [   DEBUG][0m - dataloader_num_workers        : 0[0m
[35m[2026-05-12 10:53:38,691] [   DEBUG][0m - dataloader_shuffle            : True[0m
[35m[2026-05-12 10:53:38,691] [   DEBUG][0m - dataset_batch_size            : 1000[0m
[35m[2026-05-12 10:53:38,691] [   DEBUG][0m - dataset_kwargs                : None[0m
[35m[2026-05-12 10:53:38,691] [   DEBUG][0m - dataset_num_proc              : None[0m
[35m[2026-05-12 10:53:38,692] [   DEBUG][0m - dataset_rank                  : 0[0m
[35m[2026-05-12 10:53:38,692] [   DEBUG][0m - dataset_text_field            : text[0m
[35m[2026-05-12 10:53:38,692] [   DEBUG][0m - dataset_world_size            : 1[0m
[35m[2026-05-12 10:53:38,692] [   DEBUG][0m - ddp_find_unused_parameters    : None[0m
[35m[2026-05-12 10:53:38,692] [   DEBUG][0m - decay_function                : half_life[0m
[35m[2026-05-12 10:53:38,692] [   DEBUG][0m - decay_steps                   : None[0m
[35m[2026-05-12 10:53:38,692] [   DEBUG][0m - deterministic_mode            : False[0m
[35m[2026-05-12 10:53:38,692] [   DEBUG][0m - device                        : gpu[0m
[35m[2026-05-12 10:53:38,692] [   DEBUG][0m - disable_tqdm                  : True[0m
[35m[2026-05-12 10:53:38,692] [   DEBUG][0m - distributed_dataloader        : False[0m
[35m[2026-05-12 10:53:38,692] [   DEBUG][0m - do_eval                       : True[0m
[35m[2026-05-12 10:53:38,692] [   DEBUG][0m - do_export                     : False[0m
[35m[2026-05-12 10:53:38,692] [   DEBUG][0m - do_predict                    : False[0m
[35m[2026-05-12 10:53:38,693] [   DEBUG][0m - do_train                      : True[0m
[35m[2026-05-12 10:53:38,693] [   DEBUG][0m - download_hub                  : None[0m
[35m[2026-05-12 10:53:38,693] [   DEBUG][0m - dp_allreduce_avg_in_gradinent_scale: False[0m
[35m[2026-05-12 10:53:38,693] [   DEBUG][0m - dp_comm_overlap               : False[0m
[35m[2026-05-12 10:53:38,693] [   DEBUG][0m - dpop_lambda                   : 50[0m
[35m[2026-05-12 10:53:38,693] [   DEBUG][0m - embedding_init_method         : None[0m
[35m[2026-05-12 10:53:38,693] [   DEBUG][0m - embedding_init_method_std     : 0.02[0m
[35m[2026-05-12 10:53:38,693] [   DEBUG][0m - enable_auto_parallel          : False[0m
[35m[2026-05-12 10:53:38,693] [   DEBUG][0m - enable_linear_fused_grad_add  : False[0m
[35m[2026-05-12 10:53:38,693] [   DEBUG][0m - enable_mtp_magic_send         : False[0m
[35m[2026-05-12 10:53:38,693] [   DEBUG][0m - enable_sharding_comm_overlap  : False[0m
[35m[2026-05-12 10:53:38,693] [   DEBUG][0m - enable_zero_cost_checkpoint   : False[0m
[35m[2026-05-12 10:53:38,693] [   DEBUG][0m - estimation_output_file        : estimation_output.json[0m
[35m[2026-05-12 10:53:38,694] [   DEBUG][0m - eval_accumulation_steps       : None[0m
[35m[2026-05-12 10:53:38,694] [   DEBUG][0m - eval_batch_size               : 1[0m
[35m[2026-05-12 10:53:38,694] [   DEBUG][0m - eval_iters                    : 10[0m
[35m[2026-05-12 10:53:38,694] [   DEBUG][0m - eval_steps                    : 300[0m
[35m[2026-05-12 10:53:38,694] [   DEBUG][0m - evaluation_strategy           : IntervalStrategy.STEPS[0m
[35m[2026-05-12 10:53:38,694] [   DEBUG][0m - expert_model_parallel_size    : 1[0m
[35m[2026-05-12 10:53:38,694] [   DEBUG][0m - expert_parallel_rank          : 0[0m
[35m[2026-05-12 10:53:38,694] [   DEBUG][0m - expert_tensor_model_parallel_size: 1[0m
[35m[2026-05-12 10:53:38,694] [   DEBUG][0m - fa_version                    : 2[0m
[35m[2026-05-12 10:53:38,694] [   DEBUG][0m - factor                        : 20[0m
[35m[2026-05-12 10:53:38,694] [   DEBUG][0m - flash_device_save_steps       : 0[0m
[35m[2026-05-12 10:53:38,694] [   DEBUG][0m - flatten_param_grads           : False[0m
[35m[2026-05-12 10:53:38,695] [   DEBUG][0m - flex_ckpt_comm_method         : None[0m
[35m[2026-05-12 10:53:38,695] [   DEBUG][0m - force_reshard_pp              : False[0m
[35m[2026-05-12 10:53:38,695] [   DEBUG][0m - forward_backward_overlap_scheduler: False[0m
[35m[2026-05-12 10:53:38,695] [   DEBUG][0m - fp16                          : False[0m
[35m[2026-05-12 10:53:38,695] [   DEBUG][0m - fp16_full_eval                : False[0m
[35m[2026-05-12 10:53:38,695] [   DEBUG][0m - fp16_opt_level                : O1[0m
[35m[2026-05-12 10:53:38,695] [   DEBUG][0m - fp32_residual_connection      : True[0m
[35m[2026-05-12 10:53:38,695] [   DEBUG][0m - fp8                           : None[0m
[35m[2026-05-12 10:53:38,695] [   DEBUG][0m - fp8_wgrad                     : True[0m
[35m[2026-05-12 10:53:38,695] [   DEBUG][0m - freeze_config                 : [0m
[35m[2026-05-12 10:53:38,695] [   DEBUG][0m - freeze_training               : False[0m
[35m[2026-05-12 10:53:38,695] [   DEBUG][0m - fuse_optimizer_states         : False[0m
[35m[2026-05-12 10:53:38,695] [   DEBUG][0m - fuse_sequence_parallel_allreduce: False[0m
[35m[2026-05-12 10:53:38,696] [   DEBUG][0m - fuse_swiglu                   : False[0m
[35m[2026-05-12 10:53:38,696] [   DEBUG][0m - gated_linear_unit             : True[0m
[35m[2026-05-12 10:53:38,696] [   DEBUG][0m - gc_interval                   : 0[0m
[35m[2026-05-12 10:53:38,696] [   DEBUG][0m - global_batch_size             : 4[0m
[35m[2026-05-12 10:53:38,696] [   DEBUG][0m - global_logging_interval       : 1[0m
[35m[2026-05-12 10:53:38,696] [   DEBUG][0m - gradient_accumulation_steps   : 4[0m
[35m[2026-05-12 10:53:38,696] [   DEBUG][0m - gradient_sync_after_accumulate: False[0m
[35m[2026-05-12 10:53:38,696] [   DEBUG][0m - greater_is_better             : None[0m
[35m[2026-05-12 10:53:38,696] [   DEBUG][0m - hidden_dropout_prob           : 0.0[0m
[35m[2026-05-12 10:53:38,696] [   DEBUG][0m - hidden_size                   : None[0m
[35m[2026-05-12 10:53:38,696] [   DEBUG][0m - high_precision_rope           : False[0m
[35m[2026-05-12 10:53:38,696] [   DEBUG][0m - hybrid_parallel_expert_grad_scale: 2.0[0m
[35m[2026-05-12 10:53:38,696] [   DEBUG][0m - hybrid_parallel_topo_order    : sharding_first[0m
[35m[2026-05-12 10:53:38,697] [   DEBUG][0m - ignore_data_skip              : False[0m
[35m[2026-05-12 10:53:38,697] [   DEBUG][0m - ignore_eos_token              : False[0m
[35m[2026-05-12 10:53:38,697] [   DEBUG][0m - ignore_load_lr_and_optim      : False[0m
[35m[2026-05-12 10:53:38,697] [   DEBUG][0m - ignore_save_lr_and_optim      : False[0m
[35m[2026-05-12 10:53:38,697] [   DEBUG][0m - init_method                   : None[0m
[35m[2026-05-12 10:53:38,697] [   DEBUG][0m - intermediate_size             : None[0m
[35m[2026-05-12 10:53:38,697] [   DEBUG][0m - label_names                   : None[0m
[35m[2026-05-12 10:53:38,697] [   DEBUG][0m - label_smoothing               : 0.0[0m
[35m[2026-05-12 10:53:38,697] [   DEBUG][0m - lazy_data_processing          : True[0m
[35m[2026-05-12 10:53:38,697] [   DEBUG][0m - learning_rate                 : 0.0001[0m
[35m[2026-05-12 10:53:38,697] [   DEBUG][0m - load_best_model_at_end        : False[0m
[35m[2026-05-12 10:53:38,697] [   DEBUG][0m - load_checkpoint_format        : flex_checkpoint[0m
[35m[2026-05-12 10:53:38,697] [   DEBUG][0m - load_from_hf                  : False[0m
[35m[2026-05-12 10:53:38,698] [   DEBUG][0m - load_sharded_model            : False[0m
[35m[2026-05-12 10:53:38,698] [   DEBUG][0m - load_sharded_model_remap_parameter_name: False[0m
[35m[2026-05-12 10:53:38,698] [   DEBUG][0m - load_via_cpu                  : True[0m
[35m[2026-05-12 10:53:38,698] [   DEBUG][0m - local_process_index           : 0[0m
[35m[2026-05-12 10:53:38,698] [   DEBUG][0m - local_rank                    : 0[0m
[35m[2026-05-12 10:53:38,698] [   DEBUG][0m - log_global_grad_norm          : False[0m
[35m[2026-05-12 10:53:38,698] [   DEBUG][0m - log_level                     : -1[0m
[35m[2026-05-12 10:53:38,698] [   DEBUG][0m - log_level_replica             : -1[0m
[35m[2026-05-12 10:53:38,698] [   DEBUG][0m - log_on_each_node              : True[0m
[35m[2026-05-12 10:53:38,698] [   DEBUG][0m - logging_dir                   : ./logs/lora/llama3-8b[0m
[35m[2026-05-12 10:53:38,698] [   DEBUG][0m - logging_first_step            : False[0m
[35m[2026-05-12 10:53:38,698] [   DEBUG][0m - logging_steps                 : 1[0m
[35m[2026-05-12 10:53:38,698] [   DEBUG][0m - logging_strategy              : IntervalStrategy.STEPS[0m
[35m[2026-05-12 10:53:38,699] [   DEBUG][0m - logical_process_index         : 0[0m
[35m[2026-05-12 10:53:38,699] [   DEBUG][0m - loss_subbatch_sequence_length : -1[0m
[35m[2026-05-12 10:53:38,699] [   DEBUG][0m - loss_type                     : sigmoid[0m
[35m[2026-05-12 10:53:38,699] [   DEBUG][0m - lr_end                        : 1e-07[0m
[35m[2026-05-12 10:53:38,699] [   DEBUG][0m - lr_scheduler                  : cosine[0m
[35m[2026-05-12 10:53:38,699] [   DEBUG][0m - lr_scheduler_type             : SchedulerType.LINEAR[0m
[35m[2026-05-12 10:53:38,699] [   DEBUG][0m - max_estimate_samples          : 100000.0[0m
[35m[2026-05-12 10:53:38,699] [   DEBUG][0m - max_evaluate_steps            : -1[0m
[35m[2026-05-12 10:53:38,699] [   DEBUG][0m - max_grad_norm                 : 1.0[0m
[35m[2026-05-12 10:53:38,699] [   DEBUG][0m - max_gradient_accumulation_steps: 4[0m
[35m[2026-05-12 10:53:38,699] [   DEBUG][0m - max_seq_len                   : 2048[0m
[35m[2026-05-12 10:53:38,699] [   DEBUG][0m - max_steps                     : 300[0m
[35m[2026-05-12 10:53:38,699] [   DEBUG][0m - merge_with_qdq_base_model     : False[0m
[35m[2026-05-12 10:53:38,700] [   DEBUG][0m - metric_for_best_model         : None[0m
[35m[2026-05-12 10:53:38,700] [   DEBUG][0m - metrics_output_path           : None[0m
[35m[2026-05-12 10:53:38,700] [   DEBUG][0m - min_lr                        : 0.0[0m
[35m[2026-05-12 10:53:38,700] [   DEBUG][0m - minimum_eval_times            : None[0m
[35m[2026-05-12 10:53:38,700] [   DEBUG][0m - model_name_or_path            : ./models/Llama-3-8b[0m
[35m[2026-05-12 10:53:38,700] [   DEBUG][0m - moe_deep_gemm                 : False[0m
[35m[2026-05-12 10:53:38,700] [   DEBUG][0m - moe_deepep_num_sms            : None[0m
[35m[2026-05-12 10:53:38,700] [   DEBUG][0m - moe_dequant_input             : False[0m
[35m[2026-05-12 10:53:38,700] [   DEBUG][0m - moe_dropout_prob              : 0.0[0m
[35m[2026-05-12 10:53:38,700] [   DEBUG][0m - moe_ep_barrier                : True[0m
[35m[2026-05-12 10:53:38,700] [   DEBUG][0m - moe_expert_capacity_factor    : 0.0[0m
[35m[2026-05-12 10:53:38,700] [   DEBUG][0m - moe_expert_fusion             : True[0m
[35m[2026-05-12 10:53:38,700] [   DEBUG][0m - moe_gate_lr_ratio             : None[0m
[35m[2026-05-12 10:53:38,701] [   DEBUG][0m - moe_grouped_gemm              : False[0m
[35m[2026-05-12 10:53:38,701] [   DEBUG][0m - moe_pad_expert_input_to_capacity: False[0m
[35m[2026-05-12 10:53:38,701] [   DEBUG][0m - moe_router_bias_update_rate   : 0.0[0m
[35m[2026-05-12 10:53:38,701] [   DEBUG][0m - moe_router_force_load_balancing: False[0m
[35m[2026-05-12 10:53:38,701] [   DEBUG][0m - moe_router_fusion             : True[0m
[35m[2026-05-12 10:53:38,701] [   DEBUG][0m - moe_router_load_balancing_type: seq_aux_loss[0m
[35m[2026-05-12 10:53:38,701] [   DEBUG][0m - moe_sharding_parallel_rank    : 0[0m
[35m[2026-05-12 10:53:38,701] [   DEBUG][0m - moe_sharding_parallel_size    : 1[0m
[35m[2026-05-12 10:53:38,701] [   DEBUG][0m - moe_shared_expert_overlap     : True[0m
[35m[2026-05-12 10:53:38,701] [   DEBUG][0m - moe_subbatch_token_num_after_dispatch: None[0m
[35m[2026-05-12 10:53:38,701] [   DEBUG][0m - moe_subbatch_token_num_before_dispatch: 0[0m
[35m[2026-05-12 10:53:38,701] [   DEBUG][0m - moe_token_dispatcher_type     : deepep[0m
[35m[2026-05-12 10:53:38,701] [   DEBUG][0m - moe_token_drop_policy         : probs[0m
[35m[2026-05-12 10:53:38,702] [   DEBUG][0m - moe_use_fusion_node           : True[0m
[35m[2026-05-12 10:53:38,702] [   DEBUG][0m - moe_with_send_router_loss     : True[0m
[35m[2026-05-12 10:53:38,702] [   DEBUG][0m - mp_async_allreduce            : False[0m
[35m[2026-05-12 10:53:38,702] [   DEBUG][0m - mp_fused_linear_param_grad_add: False[0m
[35m[2026-05-12 10:53:38,702] [   DEBUG][0m - mp_skip_c_identity            : False[0m
[35m[2026-05-12 10:53:38,702] [   DEBUG][0m - mtp_distillation_loss         : False[0m
[35m[2026-05-12 10:53:38,702] [   DEBUG][0m - mtp_num_layers                : 0[0m
[35m[2026-05-12 10:53:38,702] [   DEBUG][0m - multi_latent_attention        : False[0m
[35m[2026-05-12 10:53:38,702] [   DEBUG][0m - muon_exclude_patterns         : ['embed', 'bias', 'lm_head', 'mlp.gate'][0m
[35m[2026-05-12 10:53:38,702] [   DEBUG][0m - muon_extra_scale_factor       : 0.2[0m
[35m[2026-05-12 10:53:38,702] [   DEBUG][0m - muon_ffn_split                : True[0m
[35m[2026-05-12 10:53:38,702] [   DEBUG][0m - muon_momentum                 : 0.95[0m
[35m[2026-05-12 10:53:38,702] [   DEBUG][0m - muon_ns_coeff_type            : quintic[0m
[35m[2026-05-12 10:53:38,703] [   DEBUG][0m - muon_ns_steps                 : 5[0m
[35m[2026-05-12 10:53:38,703] [   DEBUG][0m - muon_qkv_update_mode          : split_head[0m
[35m[2026-05-12 10:53:38,703] [   DEBUG][0m - muon_version                  : 3[0m
[35m[2026-05-12 10:53:38,703] [   DEBUG][0m - n_routed_experts              : None[0m
[35m[2026-05-12 10:53:38,703] [   DEBUG][0m - nccl_comm_group_config        : None[0m
[35m[2026-05-12 10:53:38,703] [   DEBUG][0m - need_data                     : True[0m
[35m[2026-05-12 10:53:38,703] [   DEBUG][0m - no_cuda                       : False[0m
[35m[2026-05-12 10:53:38,703] [   DEBUG][0m - no_recompute_layers           : None[0m
[35m[2026-05-12 10:53:38,703] [   DEBUG][0m - no_rope_freq                  : False[0m
[35m[2026-05-12 10:53:38,703] [   DEBUG][0m - non_batch_p2p_comm            : False[0m
[35m[2026-05-12 10:53:38,703] [   DEBUG][0m - normalization                 : RMSNorm[0m
[35m[2026-05-12 10:53:38,703] [   DEBUG][0m - normalize_logps               : False[0m
[35m[2026-05-12 10:53:38,703] [   DEBUG][0m - num_attention_heads           : None[0m
[35m[2026-05-12 10:53:38,704] [   DEBUG][0m - num_consecutive               : 1[0m
[35m[2026-05-12 10:53:38,704] [   DEBUG][0m - num_cycles                    : 0.5[0m
[35m[2026-05-12 10:53:38,704] [   DEBUG][0m - num_empty_layers_add_in_head  : 0[0m
[35m[2026-05-12 10:53:38,704] [   DEBUG][0m - num_empty_layers_add_in_tail  : 0[0m
[35m[2026-05-12 10:53:38,704] [   DEBUG][0m - num_experts_per_tok           : None[0m
[35m[2026-05-12 10:53:38,704] [   DEBUG][0m - num_hidden_layers             : None[0m
[35m[2026-05-12 10:53:38,704] [   DEBUG][0m - num_key_value_heads           : None[0m
[35m[2026-05-12 10:53:38,704] [   DEBUG][0m - num_nextn_predict_layers      : 0[0m
[35m[2026-05-12 10:53:38,704] [   DEBUG][0m - num_of_gpus                   : -1[0m
[35m[2026-05-12 10:53:38,704] [   DEBUG][0m - num_train_epochs              : 1.0[0m
[35m[2026-05-12 10:53:38,704] [   DEBUG][0m - offload_fp8_expert_master_weight: True[0m
[35m[2026-05-12 10:53:38,704] [   DEBUG][0m - offload_queue                 : False[0m
[35m[2026-05-12 10:53:38,704] [   DEBUG][0m - offset_alpha                  : 0.0[0m
[35m[2026-05-12 10:53:38,705] [   DEBUG][0m - online_merge_ema              : True[0m
[35m[2026-05-12 10:53:38,705] [   DEBUG][0m - optim                         : OptimizerNames.ADAMW[0m
[35m[2026-05-12 10:53:38,705] [   DEBUG][0m - optim_shard_num               : 1[0m
[35m[2026-05-12 10:53:38,705] [   DEBUG][0m - optimizer_name_suffix         : tp00_pp00[0m
[35m[2026-05-12 10:53:38,705] [   DEBUG][0m - ordered_save_group_size       : 0[0m
[35m[2026-05-12 10:53:38,705] [   DEBUG][0m - output_dir                    : ./checkpoints/lora/llama3-8b[0m
[35m[2026-05-12 10:53:38,705] [   DEBUG][0m - output_layer_init_method      : None[0m
[35m[2026-05-12 10:53:38,705] [   DEBUG][0m - output_signal_dir             : ./checkpoints/lora/llama3-8b[0m
[35m[2026-05-12 10:53:38,705] [   DEBUG][0m - overlap                       : False[0m
[35m[2026-05-12 10:53:38,705] [   DEBUG][0m - overlap_p2p_comm              : False[0m
[35m[2026-05-12 10:53:38,705] [   DEBUG][0m - overwrite_output_dir          : True[0m
[35m[2026-05-12 10:53:38,705] [   DEBUG][0m - p2p_cache_shape               : True[0m
[35m[2026-05-12 10:53:38,706] [   DEBUG][0m - pad_token_id                  : 0[0m
[35m[2026-05-12 10:53:38,706] [   DEBUG][0m - partial_send_recv             : True[0m
[35m[2026-05-12 10:53:38,706] [   DEBUG][0m - past_index                    : -1[0m
[35m[2026-05-12 10:53:38,706] [   DEBUG][0m - pdc_download_ckpt             : False[0m
[35m[2026-05-12 10:53:38,706] [   DEBUG][0m - pdc_download_timeout          : 300[0m
[35m[2026-05-12 10:53:38,706] [   DEBUG][0m - per_device_eval_batch_size    : 1[0m
[35m[2026-05-12 10:53:38,706] [   DEBUG][0m - per_device_train_batch_size   : 1[0m
[35m[2026-05-12 10:53:38,706] [   DEBUG][0m - pipeline_model_parallel_size  : 2[0m
[35m[2026-05-12 10:53:38,706] [   DEBUG][0m - pipeline_parallel_config      : [0m
[35m[2026-05-12 10:53:38,706] [   DEBUG][0m - pipeline_parallel_rank        : 0[0m
[35m[2026-05-12 10:53:38,706] [   DEBUG][0m - position_embedding_type       : rope[0m
[35m[2026-05-12 10:53:38,706] [   DEBUG][0m - power                         : 1.0[0m
[35m[2026-05-12 10:53:38,706] [   DEBUG][0m - pp_delay_scale_loss           : True[0m
[35m[2026-05-12 10:53:38,706] [   DEBUG][0m - pp_need_data                  : False[0m
[35m[2026-05-12 10:53:38,707] [   DEBUG][0m - pp_need_data_degree           : 0[0m
[35m[2026-05-12 10:53:38,707] [   DEBUG][0m - pp_release_grads              : False[0m
[35m[2026-05-12 10:53:38,707] [   DEBUG][0m - pp_sharding_comm_overlap      : False[0m
[35m[2026-05-12 10:53:38,707] [   DEBUG][0m - pp_sync_moment                : False[0m
[35m[2026-05-12 10:53:38,707] [   DEBUG][0m - pp_sync_param                 : False[0m
[35m[2026-05-12 10:53:38,707] [   DEBUG][0m - pre_alloc_memory              : 0[0m
[35m[2026-05-12 10:53:38,707] [   DEBUG][0m - prediction_loss_only          : False[0m
[35m[2026-05-12 10:53:38,707] [   DEBUG][0m - pref_loss_ratio               : 1.0[0m
[35m[2026-05-12 10:53:38,707] [   DEBUG][0m - prefetch_factor               : 2[0m
[35m[2026-05-12 10:53:38,707] [   DEBUG][0m - process_index                 : 0[0m
[35m[2026-05-12 10:53:38,707] [   DEBUG][0m - profile                       : False[0m
[35m[2026-05-12 10:53:38,707] [   DEBUG][0m - profile_step_end              : 12[0m
[35m[2026-05-12 10:53:38,708] [   DEBUG][0m - profile_step_start            : 10[0m
[35m[2026-05-12 10:53:38,708] [   DEBUG][0m - recompute_granularity         : full[0m
[35m[2026-05-12 10:53:38,708] [   DEBUG][0m - recompute_method              : uniform[0m
[35m[2026-05-12 10:53:38,708] [   DEBUG][0m - recompute_modules             : None[0m
[35m[2026-05-12 10:53:38,708] [   DEBUG][0m - recompute_mtp_granularity     : None[0m
[35m[2026-05-12 10:53:38,708] [   DEBUG][0m - recompute_mtp_method          : None[0m
[35m[2026-05-12 10:53:38,708] [   DEBUG][0m - recompute_mtp_modules         : None[0m
[35m[2026-05-12 10:53:38,708] [   DEBUG][0m - recompute_num_layers          : 1[0m
[35m[2026-05-12 10:53:38,708] [   DEBUG][0m - recompute_use_reentrant       : True[0m
[35m[2026-05-12 10:53:38,708] [   DEBUG][0m - reeao_dataset_rank            : 0[0m
[35m[2026-05-12 10:53:38,708] [   DEBUG][0m - reeao_dataset_world_size      : 1[0m
[35m[2026-05-12 10:53:38,708] [   DEBUG][0m - ref_model_update_steps        : -1[0m
[35m[2026-05-12 10:53:38,708] [   DEBUG][0m - reference_free                : False[0m
[35m[2026-05-12 10:53:38,709] [   DEBUG][0m - release_grads                 : False[0m
[35m[2026-05-12 10:53:38,709] [   DEBUG][0m - remove_unused_columns         : True[0m
[35m[2026-05-12 10:53:38,709] [   DEBUG][0m - reorder_pipeline_priority     : False[0m
[35m[2026-05-12 10:53:38,709] [   DEBUG][0m - replace_with_c_embedding      : False[0m
[35m[2026-05-12 10:53:38,709] [   DEBUG][0m - replace_with_parallel_cross_entropy: False[0m
[35m[2026-05-12 10:53:38,709] [   DEBUG][0m - replicate_saved_into_local    : False[0m
[35m[2026-05-12 10:53:38,709] [   DEBUG][0m - report_to                     : ['visualdl'][0m
[35m[2026-05-12 10:53:38,709] [   DEBUG][0m - resume_from_checkpoint        : None[0m
[35m[2026-05-12 10:53:38,709] [   DEBUG][0m - resume_from_huggingface_ckpt  : None[0m
[35m[2026-05-12 10:53:38,709] [   DEBUG][0m - router_aux_loss_coef          : 0.0[0m
[35m[2026-05-12 10:53:38,709] [   DEBUG][0m - router_z_loss_coef            : None[0m
[35m[2026-05-12 10:53:38,709] [   DEBUG][0m - run_name                      : ./checkpoints/lora/llama3-8b[0m
[35m[2026-05-12 10:53:38,709] [   DEBUG][0m - same_data                     : None[0m
[35m[2026-05-12 10:53:38,710] [   DEBUG][0m - save_checkpoint_format        : flex_checkpoint[0m
[35m[2026-05-12 10:53:38,710] [   DEBUG][0m - save_hf_memory_growth_threshold: 8[0m
[35m[2026-05-12 10:53:38,710] [   DEBUG][0m - save_hf_steps                 : -1[0m
[35m[2026-05-12 10:53:38,710] [   DEBUG][0m - save_hf_total_limit           : None[0m
[35m[2026-05-12 10:53:38,710] [   DEBUG][0m - save_last_step                : False[0m
[35m[2026-05-12 10:53:38,710] [   DEBUG][0m - save_on_each_node             : False[0m
[35m[2026-05-12 10:53:38,710] [   DEBUG][0m - save_rng_states               : True[0m
[35m[2026-05-12 10:53:38,710] [   DEBUG][0m - save_sharded_model            : False[0m
[35m[2026-05-12 10:53:38,710] [   DEBUG][0m - save_sharding_stage1_model_include_freeze_params: False[0m
[35m[2026-05-12 10:53:38,710] [   DEBUG][0m - save_steps                    : 300[0m
[35m[2026-05-12 10:53:38,710] [   DEBUG][0m - save_strategy                 : IntervalStrategy.NO[0m
[35m[2026-05-12 10:53:38,710] [   DEBUG][0m - save_to_hf                    : True[0m
[35m[2026-05-12 10:53:38,710] [   DEBUG][0m - save_tokenizer                : True[0m
[35m[2026-05-12 10:53:38,711] [   DEBUG][0m - save_total_limit              : None[0m
[35m[2026-05-12 10:53:38,711] [   DEBUG][0m - scale_loss                    : 32768[0m
[35m[2026-05-12 10:53:38,711] [   DEBUG][0m - sd_release_grads              : False[0m
[35m[2026-05-12 10:53:38,711] [   DEBUG][0m - sd_sharding_comm_overlap      : False[0m
[35m[2026-05-12 10:53:38,711] [   DEBUG][0m - sd_shardingv1_comm_overlap    : False[0m
[35m[2026-05-12 10:53:38,711] [   DEBUG][0m - seed                          : 23[0m
[35m[2026-05-12 10:53:38,711] [   DEBUG][0m - send_recv_overlap             : False[0m
[35m[2026-05-12 10:53:38,711] [   DEBUG][0m - sep_parallel_size             : 1[0m
[35m[2026-05-12 10:53:38,711] [   DEBUG][0m - sequence_parallel             : False[0m
[35m[2026-05-12 10:53:38,711] [   DEBUG][0m - sequence_parallel_config      : [0m
[35m[2026-05-12 10:53:38,711] [   DEBUG][0m - sft_loss_ratio                : 0.0[0m
[35m[2026-05-12 10:53:38,711] [   DEBUG][0m - sharded_model_from_ema        : False[0m
[35m[2026-05-12 10:53:38,711] [   DEBUG][0m - sharding                      : [][0m
[35m[2026-05-12 10:53:38,712] [   DEBUG][0m - sharding_comm_buffer_size_MB  : -1[0m
[35m[2026-05-12 10:53:38,712] [   DEBUG][0m - sharding_degree               : -1[0m
[35m[2026-05-12 10:53:38,712] [   DEBUG][0m - sharding_offload_opt_buffersize_GB: -1[0m
[35m[2026-05-12 10:53:38,712] [   DEBUG][0m - sharding_parallel_config      : [0m
[35m[2026-05-12 10:53:38,712] [   DEBUG][0m - sharding_parallel_mesh_dimension: dp[0m
[35m[2026-05-12 10:53:38,712] [   DEBUG][0m - sharding_parallel_rank        : 0[0m
[35m[2026-05-12 10:53:38,712] [   DEBUG][0m - sharding_parallel_size        : 1[0m
[35m[2026-05-12 10:53:38,712] [   DEBUG][0m - should_load_dataset           : True[0m
[35m[2026-05-12 10:53:38,712] [   DEBUG][0m - should_load_sharding_stage1_model: False[0m
[35m[2026-05-12 10:53:38,712] [   DEBUG][0m - should_log                    : True[0m
[35m[2026-05-12 10:53:38,712] [   DEBUG][0m - should_save                   : True[0m
[35m[2026-05-12 10:53:38,712] [   DEBUG][0m - should_save_model_state       : True[0m
[35m[2026-05-12 10:53:38,712] [   DEBUG][0m - should_save_model_with_tensor_fusion: False[0m
[35m[2026-05-12 10:53:38,713] [   DEBUG][0m - should_save_sharding_stage1_model: False[0m
[35m[2026-05-12 10:53:38,713] [   DEBUG][0m - shuffle_consecutive           : False[0m
[35m[2026-05-12 10:53:38,713] [   DEBUG][0m - simpo_gamma                   : 0.5[0m
[35m[2026-05-12 10:53:38,713] [   DEBUG][0m - skip_data_intervals           : None[0m
[35m[2026-05-12 10:53:38,713] [   DEBUG][0m - skip_memory_metrics           : True[0m
[35m[2026-05-12 10:53:38,713] [   DEBUG][0m - skip_profile_timer            : True[0m
[35m[2026-05-12 10:53:38,713] [   DEBUG][0m - softmax_scale                 : None[0m
[35m[2026-05-12 10:53:38,713] [   DEBUG][0m - softmax_type                  : vanilla[0m
[35m[2026-05-12 10:53:38,713] [   DEBUG][0m - sp_allreduce_avg_in_gradinent_scale: False[0m
[35m[2026-05-12 10:53:38,713] [   DEBUG][0m - sp_async_reduce_scatter       : False[0m
[35m[2026-05-12 10:53:38,713] [   DEBUG][0m - split_backward                : False[0m
[35m[2026-05-12 10:53:38,713] [   DEBUG][0m - split_inputs_sequence_dim     : True[0m
[35m[2026-05-12 10:53:38,713] [   DEBUG][0m - split_norm_comm               : False[0m
[35m[2026-05-12 10:53:38,714] [   DEBUG][0m - split_param                   : True[0m
[35m[2026-05-12 10:53:38,714] [   DEBUG][0m - stage1_allgather_overlap      : False[0m
[35m[2026-05-12 10:53:38,714] [   DEBUG][0m - stage1_broadcast_overlap      : False[0m
[35m[2026-05-12 10:53:38,714] [   DEBUG][0m - stage1_overlap                : False[0m
[35m[2026-05-12 10:53:38,714] [   DEBUG][0m - stage1_reduce_avg             : True[0m
[35m[2026-05-12 10:53:38,714] [   DEBUG][0m - stage1_tensor_fusion          : False[0m
[35m[2026-05-12 10:53:38,714] [   DEBUG][0m - stage2_overlap                : False[0m
[35m[2026-05-12 10:53:38,714] [   DEBUG][0m - sync_grad                     : False[0m
[35m[2026-05-12 10:53:38,714] [   DEBUG][0m - tensor_fusion                 : False[0m
[35m[2026-05-12 10:53:38,714] [   DEBUG][0m - tensor_model_parallel_size    : 2[0m
[35m[2026-05-12 10:53:38,714] [   DEBUG][0m - tensor_parallel_config        : [0m
[35m[2026-05-12 10:53:38,714] [   DEBUG][0m - tensor_parallel_output        : True[0m
[35m[2026-05-12 10:53:38,714] [   DEBUG][0m - tensor_parallel_rank          : 0[0m
[35m[2026-05-12 10:53:38,715] [   DEBUG][0m - tensorwise_offload_optimizer  : False[0m
[35m[2026-05-12 10:53:38,715] [   DEBUG][0m - tie_word_embeddings           : None[0m
[35m[2026-05-12 10:53:38,715] [   DEBUG][0m - timer                         : False[0m
[35m[2026-05-12 10:53:38,715] [   DEBUG][0m - to_static                     : False[0m
[35m[2026-05-12 10:53:38,715] [   DEBUG][0m - token_balance_loss            : False[0m
[35m[2026-05-12 10:53:38,715] [   DEBUG][0m - tp_async_allreduce            : False[0m
[35m[2026-05-12 10:53:38,715] [   DEBUG][0m - tp_sync_moment                : False[0m
[35m[2026-05-12 10:53:38,715] [   DEBUG][0m - tp_sync_param                 : False[0m
[35m[2026-05-12 10:53:38,715] [   DEBUG][0m - train_batch_size              : 1[0m
[35m[2026-05-12 10:53:38,715] [   DEBUG][0m - train_mtp_only                : False[0m
[35m[2026-05-12 10:53:38,715] [   DEBUG][0m - unified_checkpoint            : False[0m
[35m[2026-05-12 10:53:38,715] [   DEBUG][0m - unified_checkpoint_config     : [0m
[35m[2026-05-12 10:53:38,715] [   DEBUG][0m - use_async_save                : False[0m
[35m[2026-05-12 10:53:38,716] [   DEBUG][0m - use_cache                     : False[0m
[35m[2026-05-12 10:53:38,716] [   DEBUG][0m - use_dualpipev                 : False[0m
[35m[2026-05-12 10:53:38,716] [   DEBUG][0m - use_expert_parallel           : False[0m
[35m[2026-05-12 10:53:38,716] [   DEBUG][0m - use_filtered_label_loss       : False[0m
[35m[2026-05-12 10:53:38,716] [   DEBUG][0m - use_fp8                       : False[0m
[35m[2026-05-12 10:53:38,716] [   DEBUG][0m - use_fused_head_and_loss_fn    : False[0m
[35m[2026-05-12 10:53:38,716] [   DEBUG][0m - use_fused_linear_cross_entropy: False[0m
[35m[2026-05-12 10:53:38,716] [   DEBUG][0m - use_hybrid_parallel           : True[0m
[35m[2026-05-12 10:53:38,716] [   DEBUG][0m - use_intermediate_api          : False[0m
[35m[2026-05-12 10:53:38,716] [   DEBUG][0m - use_lowprecision_moment       : False[0m
[35m[2026-05-12 10:53:38,716] [   DEBUG][0m - use_moe                       : False[0m
[35m[2026-05-12 10:53:38,716] [   DEBUG][0m - use_ortho_loss_callback       : False[0m
[35m[2026-05-12 10:53:38,716] [   DEBUG][0m - use_qk_norm                   : None[0m
[35m[2026-05-12 10:53:38,717] [   DEBUG][0m - use_recompute_mtp             : False[0m
[35m[2026-05-12 10:53:38,717] [   DEBUG][0m - use_unified_moe               : False[0m
[35m[2026-05-12 10:53:38,717] [   DEBUG][0m - using_sonic_moe               : False[0m
[35m[2026-05-12 10:53:38,717] [   DEBUG][0m - variable_seq_lengths          : False[0m
[35m[2026-05-12 10:53:38,717] [   DEBUG][0m - virtual_pipeline_model_parallel_size: 1[0m
[35m[2026-05-12 10:53:38,717] [   DEBUG][0m - wandb_api_key                 : None[0m
[35m[2026-05-12 10:53:38,717] [   DEBUG][0m - wandb_http_proxy              : None[0m
[35m[2026-05-12 10:53:38,717] [   DEBUG][0m - warmup_ratio                  : 0.0[0m
[35m[2026-05-12 10:53:38,717] [   DEBUG][0m - warmup_steps                  : 10[0m
[35m[2026-05-12 10:53:38,717] [   DEBUG][0m - weight_decay                  : 0.0[0m
[35m[2026-05-12 10:53:38,717] [   DEBUG][0m - weight_name_suffix            : tp00_pp00[0m
[35m[2026-05-12 10:53:38,717] [   DEBUG][0m - weight_quantize_algo          : None[0m
[35m[2026-05-12 10:53:38,717] [   DEBUG][0m - world_size                    : 4[0m
[35m[2026-05-12 10:53:38,718] [   DEBUG][0m - zcc_ema_interval              : 1[0m
[35m[2026-05-12 10:53:38,718] [   DEBUG][0m - zcc_ema_loss_threshold        : None[0m
[35m[2026-05-12 10:53:38,718] [   DEBUG][0m - zcc_pipeline_hooks_capacity_usage: 0.6[0m
[35m[2026-05-12 10:53:38,718] [   DEBUG][0m - zcc_save_ema_coef             : None[0m
[35m[2026-05-12 10:53:38,718] [   DEBUG][0m - zcc_workers_num               : 3[0m
[35m[2026-05-12 10:53:38,718] [   DEBUG][0m - [0m
[32m[2026-05-12 10:53:38,719] [    INFO][0m - The global seed is set to 23, local seed is set to 27 and random seed is set to 23.[0m
[33m[2026-05-12 10:53:38,719] [ WARNING][0m - Process rank: 0, device: gpu, world_size: 4, distributed training: True, 16-bits training: True[0m
[32m[2026-05-12 10:53:38,721] [    INFO][0m - Using download source: huggingface[0m
[32m[2026-05-12 10:53:38,724] [    INFO][0m - Using download source: huggingface[0m
[32m[2026-05-12 10:53:38,724] [    INFO][0m - Loading configuration file ./models/Llama-3-8b/config.json[0m
[32m[2026-05-12 10:53:38,729] [    INFO][0m - Final model config: LlamaConfig {
  "architectures": [
    "LlamaForCausalLM"
  ],
  "attention_bias": false,
  "attention_dropout": 0.0,
  "bos_token_id": 128000,
  "enable_auto_parallel": false,
  "eos_token_id": 128001,
  "head_dim": 128,
  "hidden_act": "silu",
  "hidden_size": 4096,
  "initializer_range": 0.02,
  "intermediate_size": 14336,
  "is_lora": true,
  "max_position_embeddings": 8192,
  "max_sequence_length": 2048,
  "mlp_bias": false,
  "model_type": "llama",
  "moe_router_bias_update_rate": 0.0,
  "num_attention_heads": 32,
  "num_hidden_layers": 32,
  "num_key_value_heads": 8,
  "pad_token_id": 0,
  "paddleformers_version": "1.1.0.post20260512",
  "pipeline_model_parallel_size": 2,
  "pp_seg_method": "layer:DecoderLayer|EmptyLayer",
  "pretraining_tp": 1,
  "recompute_granularity": "full",
  "recompute_method": "uniform",
  "recompute_num_layers": 1,
  "rms_norm_eps": 1e-05,
  "rope_parameters": {
    "rope_theta": 500000.0,
    "rope_type": "default"
  },
  "rope_scaling": null,
  "rope_theta": 500000.0,
  "seq_length": 2048,
  "tensor_model_parallel_size": 2,
  "tie_word_embeddings": false,
  "torch_dtype": "float32",
  "use_cache": true,
  "use_fast_layer_norm": false,
  "vocab_size": 128256
}
[0m
[32m[2026-05-12 10:53:38,729] [    INFO][0m - Creating model[0m
[32m[2026-05-12 10:53:38,729] [    INFO][0m - Loading model weights from ./models/Llama-3-8b[0m
[32m[2026-05-12 10:53:38,729] [    INFO][0m - Using download source: huggingface[0m
[32m[2026-05-12 10:53:38,764] [    INFO][0m - We are using <class 'paddleformers.transformers.llama.modeling.LlamaForCausalLMPipe'> to load './models/Llama-3-8b'.[0m
[32m[2026-05-12 10:53:38,765] [    INFO][0m - Loading weights file ./models/Llama-3-8b/model.safetensors.index.json[0m
[32m[2026-05-12 10:53:38,767] [    INFO][0m - change initializer-range from 0.02 to 0.009020646889913162[0m
[32m[2026-05-12 10:53:38,767] [    INFO][0m - using moe-group: dummy[0m
[32m[2026-05-12 10:53:38,767] [    INFO][0m - use no_recompute_layers: {0, 1, 2, 3, 4, 5, 6, 7, 8, 9, 10, 11, 12, 13, 14, 15, 16, 17, 18, 19, 20, 21, 22, 23, 24, 25, 26, 27, 28, 29, 30, 31}[0m
[32m[2026-05-12 10:53:38,768] [    INFO][0m - using recompute_interval=0, seg_method=layer:DecoderLayer|EmptyLayer[0m
[32m[2026-05-12 10:53:38,768] [    INFO][0m - loss_subbatch_sequence_length: -1 , use_fused_head_and_loss_fn: False, use_filtered_label_loss: False[0m
[32m[2026-05-12 10:53:38,768] [    INFO][0m - using parallel cross entroy, take care[0m
[2026-05-12 10:53:38,769] [    INFO] pp_layers.py:871 - start segment network..
[2026-05-12 10:53:38,769] [    INFO] pp_layers.py:877 - segment with method: layer:DecoderLayer|EmptyLayer; result: 0, 17, 35
[2026-05-12 10:53:38,770] [    INFO] pp_layers.py:894 - stage=0, global_rank=0 ,layer_number=17
[2026-05-12 10:53:38,772] [    INFO] pp_layers.py:899 - 0: EmbeddingPipe(config=LlamaConfig {
  "architectures": [
    "LlamaForCausalLM"
  ],
  "attention_bias": false,
  "attention_dropout": 0.0,
  "bos_token_id": 128000,
  "enable_auto_parallel": false,
  "eos_token_id": 128001,
  "head_dim": 128,
  "hidden_act": "silu",
  "hidden_size": 4096,
  "initializer_range": 0.009020646889913162,
  "intermediate_size": 14336,
  "is_lora": true,
  "max_position_embeddings": 8192,
  "max_sequence_length": 2048,
  "mlp_bias": false,
  "model_type": "llama",
  "moe_group_origin": "dummy",
  "moe_rank": 0,
  "moe_router_bias_update_rate": 0.0,
  "moe_world_size": 1,
  "num_attention_heads": 32,
  "num_hidden_layers": 32,
  "num_key_value_heads": 8,
  "pad_token_id": 0,
  "paddleformers_version": "1.1.0.post20260512",
  "pipeline_model_parallel_size": 2,
  "pp_seg_method": "layer:DecoderLayer|EmptyLayer",
  "pretraining_tp": 1,
  "recompute_granularity": "full",
  "recompute_method": "uniform",
  "recompute_num_layers": 1,
  "rms_norm_eps": 1e-05,
  "rope_parameters": {
    "rope_theta": 500000.0,
    "rope_type": "default"
  },
  "rope_scaling": null,
  "rope_theta": 500000.0,
  "seq_length": 2048,
  "tensor_model_parallel_size": 2,
  "tie_word_embeddings": false,
  "torch_dtype": "float32",
  "use_cache": true,
  "use_fast_layer_norm": false,
  "vocab_size": 128256
}
, embed_cls=None, rotary_emb_cls=None)
[2026-05-12 10:53:38,774] [    INFO] pp_layers.py:899 - 1: DecoderLayerPipe(config=LlamaConfig {
  "architectures": [
    "LlamaForCausalLM"
  ],
  "attention_bias": false,
  "attention_dropout": 0.0,
  "bos_token_id": 128000,
  "enable_auto_parallel": false,
  "eos_token_id": 128001,
  "head_dim": 128,
  "hidden_act": "silu",
  "hidden_size": 4096,
  "initializer_range": 0.009020646889913162,
  "intermediate_size": 14336,
  "is_lora": true,
  "max_position_embeddings": 8192,
  "max_sequence_length": 2048,
  "mlp_bias": false,
  "model_type": "llama",
  "moe_group_origin": "dummy",
  "moe_rank": 0,
  "moe_router_bias_update_rate": 0.0,
  "moe_world_size": 1,
  "num_attention_heads": 32,
  "num_hidden_layers": 32,
  "num_key_value_heads": 8,
  "pad_token_id": 0,
  "paddleformers_version": "1.1.0.post20260512",
  "pipeline_model_parallel_size": 2,
  "pp_seg_method": "layer:DecoderLayer|EmptyLayer",
  "pretraining_tp": 1,
  "recompute_granularity": "full",
  "recompute_method": "uniform",
  "recompute_num_layers": 1,
  "rms_norm_eps": 1e-05,
  "rope_parameters": {
    "rope_theta": 500000.0,
    "rope_type": "default"
  },
  "rope_scaling": null,
  "rope_theta": 500000.0,
  "seq_length": 2048,
  "tensor_model_parallel_size": 2,
  "tie_word_embeddings": false,
  "torch_dtype": "float32",
  "use_cache": true,
  "use_fast_layer_norm": false,
  "vocab_size": 128256
}
, layer_idx=0)
[2026-05-12 10:53:38,777] [    INFO] pp_layers.py:899 - 2: DecoderLayerPipe(config=LlamaConfig {
  "architectures": [
    "LlamaForCausalLM"
  ],
  "attention_bias": false,
  "attention_dropout": 0.0,
  "bos_token_id": 128000,
  "enable_auto_parallel": false,
  "eos_token_id": 128001,
  "head_dim": 128,
  "hidden_act": "silu",
  "hidden_size": 4096,
  "initializer_range": 0.009020646889913162,
  "intermediate_size": 14336,
  "is_lora": true,
  "max_position_embeddings": 8192,
  "max_sequence_length": 2048,
  "mlp_bias": false,
  "model_type": "llama",
  "moe_group_origin": "dummy",
  "moe_rank": 0,
  "moe_router_bias_update_rate": 0.0,
  "moe_world_size": 1,
  "num_attention_heads": 32,
  "num_hidden_layers": 32,
  "num_key_value_heads": 8,
  "pad_token_id": 0,
  "paddleformers_version": "1.1.0.post20260512",
  "pipeline_model_parallel_size": 2,
  "pp_seg_method": "layer:DecoderLayer|EmptyLayer",
  "pretraining_tp": 1,
  "recompute_granularity": "full",
  "recompute_method": "uniform",
  "recompute_num_layers": 1,
  "rms_norm_eps": 1e-05,
  "rope_parameters": {
    "rope_theta": 500000.0,
    "rope_type": "default"
  },
  "rope_scaling": null,
  "rope_theta": 500000.0,
  "seq_length": 2048,
  "tensor_model_parallel_size": 2,
  "tie_word_embeddings": false,
  "torch_dtype": "float32",
  "use_cache": true,
  "use_fast_layer_norm": false,
  "vocab_size": 128256
}
, layer_idx=1)
[2026-05-12 10:53:38,780] [    INFO] pp_layers.py:899 - 3: DecoderLayerPipe(config=LlamaConfig {
  "architectures": [
    "LlamaForCausalLM"
  ],
  "attention_bias": false,
  "attention_dropout": 0.0,
  "bos_token_id": 128000,
  "enable_auto_parallel": false,
  "eos_token_id": 128001,
  "head_dim": 128,
  "hidden_act": "silu",
  "hidden_size": 4096,
  "initializer_range": 0.009020646889913162,
  "intermediate_size": 14336,
  "is_lora": true,
  "max_position_embeddings": 8192,
  "max_sequence_length": 2048,
  "mlp_bias": false,
  "model_type": "llama",
  "moe_group_origin": "dummy",
  "moe_rank": 0,
  "moe_router_bias_update_rate": 0.0,
  "moe_world_size": 1,
  "num_attention_heads": 32,
  "num_hidden_layers": 32,
  "num_key_value_heads": 8,
  "pad_token_id": 0,
  "paddleformers_version": "1.1.0.post20260512",
  "pipeline_model_parallel_size": 2,
  "pp_seg_method": "layer:DecoderLayer|EmptyLayer",
  "pretraining_tp": 1,
  "recompute_granularity": "full",
  "recompute_method": "uniform",
  "recompute_num_layers": 1,
  "rms_norm_eps": 1e-05,
  "rope_parameters": {
    "rope_theta": 500000.0,
    "rope_type": "default"
  },
  "rope_scaling": null,
  "rope_theta": 500000.0,
  "seq_length": 2048,
  "tensor_model_parallel_size": 2,
  "tie_word_embeddings": false,
  "torch_dtype": "float32",
  "use_cache": true,
  "use_fast_layer_norm": false,
  "vocab_size": 128256
}
, layer_idx=2)
[2026-05-12 10:53:38,782] [    INFO] pp_layers.py:899 - 4: DecoderLayerPipe(config=LlamaConfig {
  "architectures": [
    "LlamaForCausalLM"
  ],
  "attention_bias": false,
  "attention_dropout": 0.0,
  "bos_token_id": 128000,
  "enable_auto_parallel": false,
  "eos_token_id": 128001,
  "head_dim": 128,
  "hidden_act": "silu",
  "hidden_size": 4096,
  "initializer_range": 0.009020646889913162,
  "intermediate_size": 14336,
  "is_lora": true,
  "max_position_embeddings": 8192,
  "max_sequence_length": 2048,
  "mlp_bias": false,
  "model_type": "llama",
  "moe_group_origin": "dummy",
  "moe_rank": 0,
  "moe_router_bias_update_rate": 0.0,
  "moe_world_size": 1,
  "num_attention_heads": 32,
  "num_hidden_layers": 32,
  "num_key_value_heads": 8,
  "pad_token_id": 0,
  "paddleformers_version": "1.1.0.post20260512",
  "pipeline_model_parallel_size": 2,
  "pp_seg_method": "layer:DecoderLayer|EmptyLayer",
  "pretraining_tp": 1,
  "recompute_granularity": "full",
  "recompute_method": "uniform",
  "recompute_num_layers": 1,
  "rms_norm_eps": 1e-05,
  "rope_parameters": {
    "rope_theta": 500000.0,
    "rope_type": "default"
  },
  "rope_scaling": null,
  "rope_theta": 500000.0,
  "seq_length": 2048,
  "tensor_model_parallel_size": 2,
  "tie_word_embeddings": false,
  "torch_dtype": "float32",
  "use_cache": true,
  "use_fast_layer_norm": false,
  "vocab_size": 128256
}
, layer_idx=3)
[2026-05-12 10:53:38,785] [    INFO] pp_layers.py:899 - 5: DecoderLayerPipe(config=LlamaConfig {
  "architectures": [
    "LlamaForCausalLM"
  ],
  "attention_bias": false,
  "attention_dropout": 0.0,
  "bos_token_id": 128000,
  "enable_auto_parallel": false,
  "eos_token_id": 128001,
  "head_dim": 128,
  "hidden_act": "silu",
  "hidden_size": 4096,
  "initializer_range": 0.009020646889913162,
  "intermediate_size": 14336,
  "is_lora": true,
  "max_position_embeddings": 8192,
  "max_sequence_length": 2048,
  "mlp_bias": false,
  "model_type": "llama",
  "moe_group_origin": "dummy",
  "moe_rank": 0,
  "moe_router_bias_update_rate": 0.0,
  "moe_world_size": 1,
  "num_attention_heads": 32,
  "num_hidden_layers": 32,
  "num_key_value_heads": 8,
  "pad_token_id": 0,
  "paddleformers_version": "1.1.0.post20260512",
  "pipeline_model_parallel_size": 2,
  "pp_seg_method": "layer:DecoderLayer|EmptyLayer",
  "pretraining_tp": 1,
  "recompute_granularity": "full",
  "recompute_method": "uniform",
  "recompute_num_layers": 1,
  "rms_norm_eps": 1e-05,
  "rope_parameters": {
    "rope_theta": 500000.0,
    "rope_type": "default"
  },
  "rope_scaling": null,
  "rope_theta": 500000.0,
  "seq_length": 2048,
  "tensor_model_parallel_size": 2,
  "tie_word_embeddings": false,
  "torch_dtype": "float32",
  "use_cache": true,
  "use_fast_layer_norm": false,
  "vocab_size": 128256
}
, layer_idx=4)
[2026-05-12 10:53:38,787] [    INFO] pp_layers.py:899 - 6: DecoderLayerPipe(config=LlamaConfig {
  "architectures": [
    "LlamaForCausalLM"
  ],
  "attention_bias": false,
  "attention_dropout": 0.0,
  "bos_token_id": 128000,
  "enable_auto_parallel": false,
  "eos_token_id": 128001,
  "head_dim": 128,
  "hidden_act": "silu",
  "hidden_size": 4096,
  "initializer_range": 0.009020646889913162,
  "intermediate_size": 14336,
  "is_lora": true,
  "max_position_embeddings": 8192,
  "max_sequence_length": 2048,
  "mlp_bias": false,
  "model_type": "llama",
  "moe_group_origin": "dummy",
  "moe_rank": 0,
  "moe_router_bias_update_rate": 0.0,
  "moe_world_size": 1,
  "num_attention_heads": 32,
  "num_hidden_layers": 32,
  "num_key_value_heads": 8,
  "pad_token_id": 0,
  "paddleformers_version": "1.1.0.post20260512",
  "pipeline_model_parallel_size": 2,
  "pp_seg_method": "layer:DecoderLayer|EmptyLayer",
  "pretraining_tp": 1,
  "recompute_granularity": "full",
  "recompute_method": "uniform",
  "recompute_num_layers": 1,
  "rms_norm_eps": 1e-05,
  "rope_parameters": {
    "rope_theta": 500000.0,
    "rope_type": "default"
  },
  "rope_scaling": null,
  "rope_theta": 500000.0,
  "seq_length": 2048,
  "tensor_model_parallel_size": 2,
  "tie_word_embeddings": false,
  "torch_dtype": "float32",
  "use_cache": true,
  "use_fast_layer_norm": false,
  "vocab_size": 128256
}
, layer_idx=5)
[2026-05-12 10:53:38,789] [    INFO] pp_layers.py:899 - 7: DecoderLayerPipe(config=LlamaConfig {
  "architectures": [
    "LlamaForCausalLM"
  ],
  "attention_bias": false,
  "attention_dropout": 0.0,
  "bos_token_id": 128000,
  "enable_auto_parallel": false,
  "eos_token_id": 128001,
  "head_dim": 128,
  "hidden_act": "silu",
  "hidden_size": 4096,
  "initializer_range": 0.009020646889913162,
  "intermediate_size": 14336,
  "is_lora": true,
  "max_position_embeddings": 8192,
  "max_sequence_length": 2048,
  "mlp_bias": false,
  "model_type": "llama",
  "moe_group_origin": "dummy",
  "moe_rank": 0,
  "moe_router_bias_update_rate": 0.0,
  "moe_world_size": 1,
  "num_attention_heads": 32,
  "num_hidden_layers": 32,
  "num_key_value_heads": 8,
  "pad_token_id": 0,
  "paddleformers_version": "1.1.0.post20260512",
  "pipeline_model_parallel_size": 2,
  "pp_seg_method": "layer:DecoderLayer|EmptyLayer",
  "pretraining_tp": 1,
  "recompute_granularity": "full",
  "recompute_method": "uniform",
  "recompute_num_layers": 1,
  "rms_norm_eps": 1e-05,
  "rope_parameters": {
    "rope_theta": 500000.0,
    "rope_type": "default"
  },
  "rope_scaling": null,
  "rope_theta": 500000.0,
  "seq_length": 2048,
  "tensor_model_parallel_size": 2,
  "tie_word_embeddings": false,
  "torch_dtype": "float32",
  "use_cache": true,
  "use_fast_layer_norm": false,
  "vocab_size": 128256
}
, layer_idx=6)
[2026-05-12 10:53:38,791] [    INFO] pp_layers.py:899 - 8: DecoderLayerPipe(config=LlamaConfig {
  "architectures": [
    "LlamaForCausalLM"
  ],
  "attention_bias": false,
  "attention_dropout": 0.0,
  "bos_token_id": 128000,
  "enable_auto_parallel": false,
  "eos_token_id": 128001,
  "head_dim": 128,
  "hidden_act": "silu",
  "hidden_size": 4096,
  "initializer_range": 0.009020646889913162,
  "intermediate_size": 14336,
  "is_lora": true,
  "max_position_embeddings": 8192,
  "max_sequence_length": 2048,
  "mlp_bias": false,
  "model_type": "llama",
  "moe_group_origin": "dummy",
  "moe_rank": 0,
  "moe_router_bias_update_rate": 0.0,
  "moe_world_size": 1,
  "num_attention_heads": 32,
  "num_hidden_layers": 32,
  "num_key_value_heads": 8,
  "pad_token_id": 0,
  "paddleformers_version": "1.1.0.post20260512",
  "pipeline_model_parallel_size": 2,
  "pp_seg_method": "layer:DecoderLayer|EmptyLayer",
  "pretraining_tp": 1,
  "recompute_granularity": "full",
  "recompute_method": "uniform",
  "recompute_num_layers": 1,
  "rms_norm_eps": 1e-05,
  "rope_parameters": {
    "rope_theta": 500000.0,
    "rope_type": "default"
  },
  "rope_scaling": null,
  "rope_theta": 500000.0,
  "seq_length": 2048,
  "tensor_model_parallel_size": 2,
  "tie_word_embeddings": false,
  "torch_dtype": "float32",
  "use_cache": true,
  "use_fast_layer_norm": false,
  "vocab_size": 128256
}
, layer_idx=7)
[2026-05-12 10:53:38,794] [    INFO] pp_layers.py:899 - 9: DecoderLayerPipe(config=LlamaConfig {
  "architectures": [
    "LlamaForCausalLM"
  ],
  "attention_bias": false,
  "attention_dropout": 0.0,
  "bos_token_id": 128000,
  "enable_auto_parallel": false,
  "eos_token_id": 128001,
  "head_dim": 128,
  "hidden_act": "silu",
  "hidden_size": 4096,
  "initializer_range": 0.009020646889913162,
  "intermediate_size": 14336,
  "is_lora": true,
  "max_position_embeddings": 8192,
  "max_sequence_length": 2048,
  "mlp_bias": false,
  "model_type": "llama",
  "moe_group_origin": "dummy",
  "moe_rank": 0,
  "moe_router_bias_update_rate": 0.0,
  "moe_world_size": 1,
  "num_attention_heads": 32,
  "num_hidden_layers": 32,
  "num_key_value_heads": 8,
  "pad_token_id": 0,
  "paddleformers_version": "1.1.0.post20260512",
  "pipeline_model_parallel_size": 2,
  "pp_seg_method": "layer:DecoderLayer|EmptyLayer",
  "pretraining_tp": 1,
  "recompute_granularity": "full",
  "recompute_method": "uniform",
  "recompute_num_layers": 1,
  "rms_norm_eps": 1e-05,
  "rope_parameters": {
    "rope_theta": 500000.0,
    "rope_type": "default"
  },
  "rope_scaling": null,
  "rope_theta": 500000.0,
  "seq_length": 2048,
  "tensor_model_parallel_size": 2,
  "tie_word_embeddings": false,
  "torch_dtype": "float32",
  "use_cache": true,
  "use_fast_layer_norm": false,
  "vocab_size": 128256
}
, layer_idx=8)
[2026-05-12 10:53:38,796] [    INFO] pp_layers.py:899 - 10: DecoderLayerPipe(config=LlamaConfig {
  "architectures": [
    "LlamaForCausalLM"
  ],
  "attention_bias": false,
  "attention_dropout": 0.0,
  "bos_token_id": 128000,
  "enable_auto_parallel": false,
  "eos_token_id": 128001,
  "head_dim": 128,
  "hidden_act": "silu",
  "hidden_size": 4096,
  "initializer_range": 0.009020646889913162,
  "intermediate_size": 14336,
  "is_lora": true,
  "max_position_embeddings": 8192,
  "max_sequence_length": 2048,
  "mlp_bias": false,
  "model_type": "llama",
  "moe_group_origin": "dummy",
  "moe_rank": 0,
  "moe_router_bias_update_rate": 0.0,
  "moe_world_size": 1,
  "num_attention_heads": 32,
  "num_hidden_layers": 32,
  "num_key_value_heads": 8,
  "pad_token_id": 0,
  "paddleformers_version": "1.1.0.post20260512",
  "pipeline_model_parallel_size": 2,
  "pp_seg_method": "layer:DecoderLayer|EmptyLayer",
  "pretraining_tp": 1,
  "recompute_granularity": "full",
  "recompute_method": "uniform",
  "recompute_num_layers": 1,
  "rms_norm_eps": 1e-05,
  "rope_parameters": {
    "rope_theta": 500000.0,
    "rope_type": "default"
  },
  "rope_scaling": null,
  "rope_theta": 500000.0,
  "seq_length": 2048,
  "tensor_model_parallel_size": 2,
  "tie_word_embeddings": false,
  "torch_dtype": "float32",
  "use_cache": true,
  "use_fast_layer_norm": false,
  "vocab_size": 128256
}
, layer_idx=9)
[2026-05-12 10:53:38,798] [    INFO] pp_layers.py:899 - 11: DecoderLayerPipe(config=LlamaConfig {
  "architectures": [
    "LlamaForCausalLM"
  ],
  "attention_bias": false,
  "attention_dropout": 0.0,
  "bos_token_id": 128000,
  "enable_auto_parallel": false,
  "eos_token_id": 128001,
  "head_dim": 128,
  "hidden_act": "silu",
  "hidden_size": 4096,
  "initializer_range": 0.009020646889913162,
  "intermediate_size": 14336,
  "is_lora": true,
  "max_position_embeddings": 8192,
  "max_sequence_length": 2048,
  "mlp_bias": false,
  "model_type": "llama",
  "moe_group_origin": "dummy",
  "moe_rank": 0,
  "moe_router_bias_update_rate": 0.0,
  "moe_world_size": 1,
  "num_attention_heads": 32,
  "num_hidden_layers": 32,
  "num_key_value_heads": 8,
  "pad_token_id": 0,
  "paddleformers_version": "1.1.0.post20260512",
  "pipeline_model_parallel_size": 2,
  "pp_seg_method": "layer:DecoderLayer|EmptyLayer",
  "pretraining_tp": 1,
  "recompute_granularity": "full",
  "recompute_method": "uniform",
  "recompute_num_layers": 1,
  "rms_norm_eps": 1e-05,
  "rope_parameters": {
    "rope_theta": 500000.0,
    "rope_type": "default"
  },
  "rope_scaling": null,
  "rope_theta": 500000.0,
  "seq_length": 2048,
  "tensor_model_parallel_size": 2,
  "tie_word_embeddings": false,
  "torch_dtype": "float32",
  "use_cache": true,
  "use_fast_layer_norm": false,
  "vocab_size": 128256
}
, layer_idx=10)
[2026-05-12 10:53:38,801] [    INFO] pp_layers.py:899 - 12: DecoderLayerPipe(config=LlamaConfig {
  "architectures": [
    "LlamaForCausalLM"
  ],
  "attention_bias": false,
  "attention_dropout": 0.0,
  "bos_token_id": 128000,
  "enable_auto_parallel": false,
  "eos_token_id": 128001,
  "head_dim": 128,
  "hidden_act": "silu",
  "hidden_size": 4096,
  "initializer_range": 0.009020646889913162,
  "intermediate_size": 14336,
  "is_lora": true,
  "max_position_embeddings": 8192,
  "max_sequence_length": 2048,
  "mlp_bias": false,
  "model_type": "llama",
  "moe_group_origin": "dummy",
  "moe_rank": 0,
  "moe_router_bias_update_rate": 0.0,
  "moe_world_size": 1,
  "num_attention_heads": 32,
  "num_hidden_layers": 32,
  "num_key_value_heads": 8,
  "pad_token_id": 0,
  "paddleformers_version": "1.1.0.post20260512",
  "pipeline_model_parallel_size": 2,
  "pp_seg_method": "layer:DecoderLayer|EmptyLayer",
  "pretraining_tp": 1,
  "recompute_granularity": "full",
  "recompute_method": "uniform",
  "recompute_num_layers": 1,
  "rms_norm_eps": 1e-05,
  "rope_parameters": {
    "rope_theta": 500000.0,
    "rope_type": "default"
  },
  "rope_scaling": null,
  "rope_theta": 500000.0,
  "seq_length": 2048,
  "tensor_model_parallel_size": 2,
  "tie_word_embeddings": false,
  "torch_dtype": "float32",
  "use_cache": true,
  "use_fast_layer_norm": false,
  "vocab_size": 128256
}
, layer_idx=11)
[2026-05-12 10:53:38,803] [    INFO] pp_layers.py:899 - 13: DecoderLayerPipe(config=LlamaConfig {
  "architectures": [
    "LlamaForCausalLM"
  ],
  "attention_bias": false,
  "attention_dropout": 0.0,
  "bos_token_id": 128000,
  "enable_auto_parallel": false,
  "eos_token_id": 128001,
  "head_dim": 128,
  "hidden_act": "silu",
  "hidden_size": 4096,
  "initializer_range": 0.009020646889913162,
  "intermediate_size": 14336,
  "is_lora": true,
  "max_position_embeddings": 8192,
  "max_sequence_length": 2048,
  "mlp_bias": false,
  "model_type": "llama",
  "moe_group_origin": "dummy",
  "moe_rank": 0,
  "moe_router_bias_update_rate": 0.0,
  "moe_world_size": 1,
  "num_attention_heads": 32,
  "num_hidden_layers": 32,
  "num_key_value_heads": 8,
  "pad_token_id": 0,
  "paddleformers_version": "1.1.0.post20260512",
  "pipeline_model_parallel_size": 2,
  "pp_seg_method": "layer:DecoderLayer|EmptyLayer",
  "pretraining_tp": 1,
  "recompute_granularity": "full",
  "recompute_method": "uniform",
  "recompute_num_layers": 1,
  "rms_norm_eps": 1e-05,
  "rope_parameters": {
    "rope_theta": 500000.0,
    "rope_type": "default"
  },
  "rope_scaling": null,
  "rope_theta": 500000.0,
  "seq_length": 2048,
  "tensor_model_parallel_size": 2,
  "tie_word_embeddings": false,
  "torch_dtype": "float32",
  "use_cache": true,
  "use_fast_layer_norm": false,
  "vocab_size": 128256
}
, layer_idx=12)
[2026-05-12 10:53:38,805] [    INFO] pp_layers.py:899 - 14: DecoderLayerPipe(config=LlamaConfig {
  "architectures": [
    "LlamaForCausalLM"
  ],
  "attention_bias": false,
  "attention_dropout": 0.0,
  "bos_token_id": 128000,
  "enable_auto_parallel": false,
  "eos_token_id": 128001,
  "head_dim": 128,
  "hidden_act": "silu",
  "hidden_size": 4096,
  "initializer_range": 0.009020646889913162,
  "intermediate_size": 14336,
  "is_lora": true,
  "max_position_embeddings": 8192,
  "max_sequence_length": 2048,
  "mlp_bias": false,
  "model_type": "llama",
  "moe_group_origin": "dummy",
  "moe_rank": 0,
  "moe_router_bias_update_rate": 0.0,
  "moe_world_size": 1,
  "num_attention_heads": 32,
  "num_hidden_layers": 32,
  "num_key_value_heads": 8,
  "pad_token_id": 0,
  "paddleformers_version": "1.1.0.post20260512",
  "pipeline_model_parallel_size": 2,
  "pp_seg_method": "layer:DecoderLayer|EmptyLayer",
  "pretraining_tp": 1,
  "recompute_granularity": "full",
  "recompute_method": "uniform",
  "recompute_num_layers": 1,
  "rms_norm_eps": 1e-05,
  "rope_parameters": {
    "rope_theta": 500000.0,
    "rope_type": "default"
  },
  "rope_scaling": null,
  "rope_theta": 500000.0,
  "seq_length": 2048,
  "tensor_model_parallel_size": 2,
  "tie_word_embeddings": false,
  "torch_dtype": "float32",
  "use_cache": true,
  "use_fast_layer_norm": false,
  "vocab_size": 128256
}
, layer_idx=13)
[2026-05-12 10:53:38,808] [    INFO] pp_layers.py:899 - 15: DecoderLayerPipe(config=LlamaConfig {
  "architectures": [
    "LlamaForCausalLM"
  ],
  "attention_bias": false,
  "attention_dropout": 0.0,
  "bos_token_id": 128000,
  "enable_auto_parallel": false,
  "eos_token_id": 128001,
  "head_dim": 128,
  "hidden_act": "silu",
  "hidden_size": 4096,
  "initializer_range": 0.009020646889913162,
  "intermediate_size": 14336,
  "is_lora": true,
  "max_position_embeddings": 8192,
  "max_sequence_length": 2048,
  "mlp_bias": false,
  "model_type": "llama",
  "moe_group_origin": "dummy",
  "moe_rank": 0,
  "moe_router_bias_update_rate": 0.0,
  "moe_world_size": 1,
  "num_attention_heads": 32,
  "num_hidden_layers": 32,
  "num_key_value_heads": 8,
  "pad_token_id": 0,
  "paddleformers_version": "1.1.0.post20260512",
  "pipeline_model_parallel_size": 2,
  "pp_seg_method": "layer:DecoderLayer|EmptyLayer",
  "pretraining_tp": 1,
  "recompute_granularity": "full",
  "recompute_method": "uniform",
  "recompute_num_layers": 1,
  "rms_norm_eps": 1e-05,
  "rope_parameters": {
    "rope_theta": 500000.0,
    "rope_type": "default"
  },
  "rope_scaling": null,
  "rope_theta": 500000.0,
  "seq_length": 2048,
  "tensor_model_parallel_size": 2,
  "tie_word_embeddings": false,
  "torch_dtype": "float32",
  "use_cache": true,
  "use_fast_layer_norm": false,
  "vocab_size": 128256
}
, layer_idx=14)
[2026-05-12 10:53:38,810] [    INFO] pp_layers.py:899 - 16: DecoderLayerPipe(config=LlamaConfig {
  "architectures": [
    "LlamaForCausalLM"
  ],
  "attention_bias": false,
  "attention_dropout": 0.0,
  "bos_token_id": 128000,
  "enable_auto_parallel": false,
  "eos_token_id": 128001,
  "head_dim": 128,
  "hidden_act": "silu",
  "hidden_size": 4096,
  "initializer_range": 0.009020646889913162,
  "intermediate_size": 14336,
  "is_lora": true,
  "max_position_embeddings": 8192,
  "max_sequence_length": 2048,
  "mlp_bias": false,
  "model_type": "llama",
  "moe_group_origin": "dummy",
  "moe_rank": 0,
  "moe_router_bias_update_rate": 0.0,
  "moe_world_size": 1,
  "num_attention_heads": 32,
  "num_hidden_layers": 32,
  "num_key_value_heads": 8,
  "pad_token_id": 0,
  "paddleformers_version": "1.1.0.post20260512",
  "pipeline_model_parallel_size": 2,
  "pp_seg_method": "layer:DecoderLayer|EmptyLayer",
  "pretraining_tp": 1,
  "recompute_granularity": "full",
  "recompute_method": "uniform",
  "recompute_num_layers": 1,
  "rms_norm_eps": 1e-05,
  "rope_parameters": {
    "rope_theta": 500000.0,
    "rope_type": "default"
  },
  "rope_scaling": null,
  "rope_theta": 500000.0,
  "seq_length": 2048,
  "tensor_model_parallel_size": 2,
  "tie_word_embeddings": false,
  "torch_dtype": "float32",
  "use_cache": true,
  "use_fast_layer_norm": false,
  "vocab_size": 128256
}
, layer_idx=15)
[2026-05-12 10:53:38,810] [    INFO] pp_layers.py:894 - stage=1, global_rank=0 ,layer_number=18
[2026-05-12 10:53:38,812] [    INFO] pp_layers.py:899 - 17: DecoderLayerPipe(config=LlamaConfig {
  "architectures": [
    "LlamaForCausalLM"
  ],
  "attention_bias": false,
  "attention_dropout": 0.0,
  "bos_token_id": 128000,
  "enable_auto_parallel": false,
  "eos_token_id": 128001,
  "head_dim": 128,
  "hidden_act": "silu",
  "hidden_size": 4096,
  "initializer_range": 0.009020646889913162,
  "intermediate_size": 14336,
  "is_lora": true,
  "max_position_embeddings": 8192,
  "max_sequence_length": 2048,
  "mlp_bias": false,
  "model_type": "llama",
  "moe_group_origin": "dummy",
  "moe_rank": 0,
  "moe_router_bias_update_rate": 0.0,
  "moe_world_size": 1,
  "num_attention_heads": 32,
  "num_hidden_layers": 32,
  "num_key_value_heads": 8,
  "pad_token_id": 0,
  "paddleformers_version": "1.1.0.post20260512",
  "pipeline_model_parallel_size": 2,
  "pp_seg_method": "layer:DecoderLayer|EmptyLayer",
  "pretraining_tp": 1,
  "recompute_granularity": "full",
  "recompute_method": "uniform",
  "recompute_num_layers": 1,
  "rms_norm_eps": 1e-05,
  "rope_parameters": {
    "rope_theta": 500000.0,
    "rope_type": "default"
  },
  "rope_scaling": null,
  "rope_theta": 500000.0,
  "seq_length": 2048,
  "tensor_model_parallel_size": 2,
  "tie_word_embeddings": false,
  "torch_dtype": "float32",
  "use_cache": true,
  "use_fast_layer_norm": false,
  "vocab_size": 128256
}
, layer_idx=16)
[2026-05-12 10:53:38,815] [    INFO] pp_layers.py:899 - 18: DecoderLayerPipe(config=LlamaConfig {
  "architectures": [
    "LlamaForCausalLM"
  ],
  "attention_bias": false,
  "attention_dropout": 0.0,
  "bos_token_id": 128000,
  "enable_auto_parallel": false,
  "eos_token_id": 128001,
  "head_dim": 128,
  "hidden_act": "silu",
  "hidden_size": 4096,
  "initializer_range": 0.009020646889913162,
  "intermediate_size": 14336,
  "is_lora": true,
  "max_position_embeddings": 8192,
  "max_sequence_length": 2048,
  "mlp_bias": false,
  "model_type": "llama",
  "moe_group_origin": "dummy",
  "moe_rank": 0,
  "moe_router_bias_update_rate": 0.0,
  "moe_world_size": 1,
  "num_attention_heads": 32,
  "num_hidden_layers": 32,
  "num_key_value_heads": 8,
  "pad_token_id": 0,
  "paddleformers_version": "1.1.0.post20260512",
  "pipeline_model_parallel_size": 2,
  "pp_seg_method": "layer:DecoderLayer|EmptyLayer",
  "pretraining_tp": 1,
  "recompute_granularity": "full",
  "recompute_method": "uniform",
  "recompute_num_layers": 1,
  "rms_norm_eps": 1e-05,
  "rope_parameters": {
    "rope_theta": 500000.0,
    "rope_type": "default"
  },
  "rope_scaling": null,
  "rope_theta": 500000.0,
  "seq_length": 2048,
  "tensor_model_parallel_size": 2,
  "tie_word_embeddings": false,
  "torch_dtype": "float32",
  "use_cache": true,
  "use_fast_layer_norm": false,
  "vocab_size": 128256
}
, layer_idx=17)
[2026-05-12 10:53:38,817] [    INFO] pp_layers.py:899 - 19: DecoderLayerPipe(config=LlamaConfig {
  "architectures": [
    "LlamaForCausalLM"
  ],
  "attention_bias": false,
  "attention_dropout": 0.0,
  "bos_token_id": 128000,
  "enable_auto_parallel": false,
  "eos_token_id": 128001,
  "head_dim": 128,
  "hidden_act": "silu",
  "hidden_size": 4096,
  "initializer_range": 0.009020646889913162,
  "intermediate_size": 14336,
  "is_lora": true,
  "max_position_embeddings": 8192,
  "max_sequence_length": 2048,
  "mlp_bias": false,
  "model_type": "llama",
  "moe_group_origin": "dummy",
  "moe_rank": 0,
  "moe_router_bias_update_rate": 0.0,
  "moe_world_size": 1,
  "num_attention_heads": 32,
  "num_hidden_layers": 32,
  "num_key_value_heads": 8,
  "pad_token_id": 0,
  "paddleformers_version": "1.1.0.post20260512",
  "pipeline_model_parallel_size": 2,
  "pp_seg_method": "layer:DecoderLayer|EmptyLayer",
  "pretraining_tp": 1,
  "recompute_granularity": "full",
  "recompute_method": "uniform",
  "recompute_num_layers": 1,
  "rms_norm_eps": 1e-05,
  "rope_parameters": {
    "rope_theta": 500000.0,
    "rope_type": "default"
  },
  "rope_scaling": null,
  "rope_theta": 500000.0,
  "seq_length": 2048,
  "tensor_model_parallel_size": 2,
  "tie_word_embeddings": false,
  "torch_dtype": "float32",
  "use_cache": true,
  "use_fast_layer_norm": false,
  "vocab_size": 128256
}
, layer_idx=18)
[2026-05-12 10:53:38,819] [    INFO] pp_layers.py:899 - 20: DecoderLayerPipe(config=LlamaConfig {
  "architectures": [
    "LlamaForCausalLM"
  ],
  "attention_bias": false,
  "attention_dropout": 0.0,
  "bos_token_id": 128000,
  "enable_auto_parallel": false,
  "eos_token_id": 128001,
  "head_dim": 128,
  "hidden_act": "silu",
  "hidden_size": 4096,
  "initializer_range": 0.009020646889913162,
  "intermediate_size": 14336,
  "is_lora": true,
  "max_position_embeddings": 8192,
  "max_sequence_length": 2048,
  "mlp_bias": false,
  "model_type": "llama",
  "moe_group_origin": "dummy",
  "moe_rank": 0,
  "moe_router_bias_update_rate": 0.0,
  "moe_world_size": 1,
  "num_attention_heads": 32,
  "num_hidden_layers": 32,
  "num_key_value_heads": 8,
  "pad_token_id": 0,
  "paddleformers_version": "1.1.0.post20260512",
  "pipeline_model_parallel_size": 2,
  "pp_seg_method": "layer:DecoderLayer|EmptyLayer",
  "pretraining_tp": 1,
  "recompute_granularity": "full",
  "recompute_method": "uniform",
  "recompute_num_layers": 1,
  "rms_norm_eps": 1e-05,
  "rope_parameters": {
    "rope_theta": 500000.0,
    "rope_type": "default"
  },
  "rope_scaling": null,
  "rope_theta": 500000.0,
  "seq_length": 2048,
  "tensor_model_parallel_size": 2,
  "tie_word_embeddings": false,
  "torch_dtype": "float32",
  "use_cache": true,
  "use_fast_layer_norm": false,
  "vocab_size": 128256
}
, layer_idx=19)
[2026-05-12 10:53:38,822] [    INFO] pp_layers.py:899 - 21: DecoderLayerPipe(config=LlamaConfig {
  "architectures": [
    "LlamaForCausalLM"
  ],
  "attention_bias": false,
  "attention_dropout": 0.0,
  "bos_token_id": 128000,
  "enable_auto_parallel": false,
  "eos_token_id": 128001,
  "head_dim": 128,
  "hidden_act": "silu",
  "hidden_size": 4096,
  "initializer_range": 0.009020646889913162,
  "intermediate_size": 14336,
  "is_lora": true,
  "max_position_embeddings": 8192,
  "max_sequence_length": 2048,
  "mlp_bias": false,
  "model_type": "llama",
  "moe_group_origin": "dummy",
  "moe_rank": 0,
  "moe_router_bias_update_rate": 0.0,
  "moe_world_size": 1,
  "num_attention_heads": 32,
  "num_hidden_layers": 32,
  "num_key_value_heads": 8,
  "pad_token_id": 0,
  "paddleformers_version": "1.1.0.post20260512",
  "pipeline_model_parallel_size": 2,
  "pp_seg_method": "layer:DecoderLayer|EmptyLayer",
  "pretraining_tp": 1,
  "recompute_granularity": "full",
  "recompute_method": "uniform",
  "recompute_num_layers": 1,
  "rms_norm_eps": 1e-05,
  "rope_parameters": {
    "rope_theta": 500000.0,
    "rope_type": "default"
  },
  "rope_scaling": null,
  "rope_theta": 500000.0,
  "seq_length": 2048,
  "tensor_model_parallel_size": 2,
  "tie_word_embeddings": false,
  "torch_dtype": "float32",
  "use_cache": true,
  "use_fast_layer_norm": false,
  "vocab_size": 128256
}
, layer_idx=20)
[2026-05-12 10:53:38,824] [    INFO] pp_layers.py:899 - 22: DecoderLayerPipe(config=LlamaConfig {
  "architectures": [
    "LlamaForCausalLM"
  ],
  "attention_bias": false,
  "attention_dropout": 0.0,
  "bos_token_id": 128000,
  "enable_auto_parallel": false,
  "eos_token_id": 128001,
  "head_dim": 128,
  "hidden_act": "silu",
  "hidden_size": 4096,
  "initializer_range": 0.009020646889913162,
  "intermediate_size": 14336,
  "is_lora": true,
  "max_position_embeddings": 8192,
  "max_sequence_length": 2048,
  "mlp_bias": false,
  "model_type": "llama",
  "moe_group_origin": "dummy",
  "moe_rank": 0,
  "moe_router_bias_update_rate": 0.0,
  "moe_world_size": 1,
  "num_attention_heads": 32,
  "num_hidden_layers": 32,
  "num_key_value_heads": 8,
  "pad_token_id": 0,
  "paddleformers_version": "1.1.0.post20260512",
  "pipeline_model_parallel_size": 2,
  "pp_seg_method": "layer:DecoderLayer|EmptyLayer",
  "pretraining_tp": 1,
  "recompute_granularity": "full",
  "recompute_method": "uniform",
  "recompute_num_layers": 1,
  "rms_norm_eps": 1e-05,
  "rope_parameters": {
    "rope_theta": 500000.0,
    "rope_type": "default"
  },
  "rope_scaling": null,
  "rope_theta": 500000.0,
  "seq_length": 2048,
  "tensor_model_parallel_size": 2,
  "tie_word_embeddings": false,
  "torch_dtype": "float32",
  "use_cache": true,
  "use_fast_layer_norm": false,
  "vocab_size": 128256
}
, layer_idx=21)
[2026-05-12 10:53:38,826] [    INFO] pp_layers.py:899 - 23: DecoderLayerPipe(config=LlamaConfig {
  "architectures": [
    "LlamaForCausalLM"
  ],
  "attention_bias": false,
  "attention_dropout": 0.0,
  "bos_token_id": 128000,
  "enable_auto_parallel": false,
  "eos_token_id": 128001,
  "head_dim": 128,
  "hidden_act": "silu",
  "hidden_size": 4096,
  "initializer_range": 0.009020646889913162,
  "intermediate_size": 14336,
  "is_lora": true,
  "max_position_embeddings": 8192,
  "max_sequence_length": 2048,
  "mlp_bias": false,
  "model_type": "llama",
  "moe_group_origin": "dummy",
  "moe_rank": 0,
  "moe_router_bias_update_rate": 0.0,
  "moe_world_size": 1,
  "num_attention_heads": 32,
  "num_hidden_layers": 32,
  "num_key_value_heads": 8,
  "pad_token_id": 0,
  "paddleformers_version": "1.1.0.post20260512",
  "pipeline_model_parallel_size": 2,
  "pp_seg_method": "layer:DecoderLayer|EmptyLayer",
  "pretraining_tp": 1,
  "recompute_granularity": "full",
  "recompute_method": "uniform",
  "recompute_num_layers": 1,
  "rms_norm_eps": 1e-05,
  "rope_parameters": {
    "rope_theta": 500000.0,
    "rope_type": "default"
  },
  "rope_scaling": null,
  "rope_theta": 500000.0,
  "seq_length": 2048,
  "tensor_model_parallel_size": 2,
  "tie_word_embeddings": false,
  "torch_dtype": "float32",
  "use_cache": true,
  "use_fast_layer_norm": false,
  "vocab_size": 128256
}
, layer_idx=22)
[2026-05-12 10:53:38,828] [    INFO] pp_layers.py:899 - 24: DecoderLayerPipe(config=LlamaConfig {
  "architectures": [
    "LlamaForCausalLM"
  ],
  "attention_bias": false,
  "attention_dropout": 0.0,
  "bos_token_id": 128000,
  "enable_auto_parallel": false,
  "eos_token_id": 128001,
  "head_dim": 128,
  "hidden_act": "silu",
  "hidden_size": 4096,
  "initializer_range": 0.009020646889913162,
  "intermediate_size": 14336,
  "is_lora": true,
  "max_position_embeddings": 8192,
  "max_sequence_length": 2048,
  "mlp_bias": false,
  "model_type": "llama",
  "moe_group_origin": "dummy",
  "moe_rank": 0,
  "moe_router_bias_update_rate": 0.0,
  "moe_world_size": 1,
  "num_attention_heads": 32,
  "num_hidden_layers": 32,
  "num_key_value_heads": 8,
  "pad_token_id": 0,
  "paddleformers_version": "1.1.0.post20260512",
  "pipeline_model_parallel_size": 2,
  "pp_seg_method": "layer:DecoderLayer|EmptyLayer",
  "pretraining_tp": 1,
  "recompute_granularity": "full",
  "recompute_method": "uniform",
  "recompute_num_layers": 1,
  "rms_norm_eps": 1e-05,
  "rope_parameters": {
    "rope_theta": 500000.0,
    "rope_type": "default"
  },
  "rope_scaling": null,
  "rope_theta": 500000.0,
  "seq_length": 2048,
  "tensor_model_parallel_size": 2,
  "tie_word_embeddings": false,
  "torch_dtype": "float32",
  "use_cache": true,
  "use_fast_layer_norm": false,
  "vocab_size": 128256
}
, layer_idx=23)
[2026-05-12 10:53:38,831] [    INFO] pp_layers.py:899 - 25: DecoderLayerPipe(config=LlamaConfig {
  "architectures": [
    "LlamaForCausalLM"
  ],
  "attention_bias": false,
  "attention_dropout": 0.0,
  "bos_token_id": 128000,
  "enable_auto_parallel": false,
  "eos_token_id": 128001,
  "head_dim": 128,
  "hidden_act": "silu",
  "hidden_size": 4096,
  "initializer_range": 0.009020646889913162,
  "intermediate_size": 14336,
  "is_lora": true,
  "max_position_embeddings": 8192,
  "max_sequence_length": 2048,
  "mlp_bias": false,
  "model_type": "llama",
  "moe_group_origin": "dummy",
  "moe_rank": 0,
  "moe_router_bias_update_rate": 0.0,
  "moe_world_size": 1,
  "num_attention_heads": 32,
  "num_hidden_layers": 32,
  "num_key_value_heads": 8,
  "pad_token_id": 0,
  "paddleformers_version": "1.1.0.post20260512",
  "pipeline_model_parallel_size": 2,
  "pp_seg_method": "layer:DecoderLayer|EmptyLayer",
  "pretraining_tp": 1,
  "recompute_granularity": "full",
  "recompute_method": "uniform",
  "recompute_num_layers": 1,
  "rms_norm_eps": 1e-05,
  "rope_parameters": {
    "rope_theta": 500000.0,
    "rope_type": "default"
  },
  "rope_scaling": null,
  "rope_theta": 500000.0,
  "seq_length": 2048,
  "tensor_model_parallel_size": 2,
  "tie_word_embeddings": false,
  "torch_dtype": "float32",
  "use_cache": true,
  "use_fast_layer_norm": false,
  "vocab_size": 128256
}
, layer_idx=24)
[2026-05-12 10:53:38,833] [    INFO] pp_layers.py:899 - 26: DecoderLayerPipe(config=LlamaConfig {
  "architectures": [
    "LlamaForCausalLM"
  ],
  "attention_bias": false,
  "attention_dropout": 0.0,
  "bos_token_id": 128000,
  "enable_auto_parallel": false,
  "eos_token_id": 128001,
  "head_dim": 128,
  "hidden_act": "silu",
  "hidden_size": 4096,
  "initializer_range": 0.009020646889913162,
  "intermediate_size": 14336,
  "is_lora": true,
  "max_position_embeddings": 8192,
  "max_sequence_length": 2048,
  "mlp_bias": false,
  "model_type": "llama",
  "moe_group_origin": "dummy",
  "moe_rank": 0,
  "moe_router_bias_update_rate": 0.0,
  "moe_world_size": 1,
  "num_attention_heads": 32,
  "num_hidden_layers": 32,
  "num_key_value_heads": 8,
  "pad_token_id": 0,
  "paddleformers_version": "1.1.0.post20260512",
  "pipeline_model_parallel_size": 2,
  "pp_seg_method": "layer:DecoderLayer|EmptyLayer",
  "pretraining_tp": 1,
  "recompute_granularity": "full",
  "recompute_method": "uniform",
  "recompute_num_layers": 1,
  "rms_norm_eps": 1e-05,
  "rope_parameters": {
    "rope_theta": 500000.0,
    "rope_type": "default"
  },
  "rope_scaling": null,
  "rope_theta": 500000.0,
  "seq_length": 2048,
  "tensor_model_parallel_size": 2,
  "tie_word_embeddings": false,
  "torch_dtype": "float32",
  "use_cache": true,
  "use_fast_layer_norm": false,
  "vocab_size": 128256
}
, layer_idx=25)
[2026-05-12 10:53:38,835] [    INFO] pp_layers.py:899 - 27: DecoderLayerPipe(config=LlamaConfig {
  "architectures": [
    "LlamaForCausalLM"
  ],
  "attention_bias": false,
  "attention_dropout": 0.0,
  "bos_token_id": 128000,
  "enable_auto_parallel": false,
  "eos_token_id": 128001,
  "head_dim": 128,
  "hidden_act": "silu",
  "hidden_size": 4096,
  "initializer_range": 0.009020646889913162,
  "intermediate_size": 14336,
  "is_lora": true,
  "max_position_embeddings": 8192,
  "max_sequence_length": 2048,
  "mlp_bias": false,
  "model_type": "llama",
  "moe_group_origin": "dummy",
  "moe_rank": 0,
  "moe_router_bias_update_rate": 0.0,
  "moe_world_size": 1,
  "num_attention_heads": 32,
  "num_hidden_layers": 32,
  "num_key_value_heads": 8,
  "pad_token_id": 0,
  "paddleformers_version": "1.1.0.post20260512",
  "pipeline_model_parallel_size": 2,
  "pp_seg_method": "layer:DecoderLayer|EmptyLayer",
  "pretraining_tp": 1,
  "recompute_granularity": "full",
  "recompute_method": "uniform",
  "recompute_num_layers": 1,
  "rms_norm_eps": 1e-05,
  "rope_parameters": {
    "rope_theta": 500000.0,
    "rope_type": "default"
  },
  "rope_scaling": null,
  "rope_theta": 500000.0,
  "seq_length": 2048,
  "tensor_model_parallel_size": 2,
  "tie_word_embeddings": false,
  "torch_dtype": "float32",
  "use_cache": true,
  "use_fast_layer_norm": false,
  "vocab_size": 128256
}
, layer_idx=26)
[2026-05-12 10:53:38,838] [    INFO] pp_layers.py:899 - 28: DecoderLayerPipe(config=LlamaConfig {
  "architectures": [
    "LlamaForCausalLM"
  ],
  "attention_bias": false,
  "attention_dropout": 0.0,
  "bos_token_id": 128000,
  "enable_auto_parallel": false,
  "eos_token_id": 128001,
  "head_dim": 128,
  "hidden_act": "silu",
  "hidden_size": 4096,
  "initializer_range": 0.009020646889913162,
  "intermediate_size": 14336,
  "is_lora": true,
  "max_position_embeddings": 8192,
  "max_sequence_length": 2048,
  "mlp_bias": false,
  "model_type": "llama",
  "moe_group_origin": "dummy",
  "moe_rank": 0,
  "moe_router_bias_update_rate": 0.0,
  "moe_world_size": 1,
  "num_attention_heads": 32,
  "num_hidden_layers": 32,
  "num_key_value_heads": 8,
  "pad_token_id": 0,
  "paddleformers_version": "1.1.0.post20260512",
  "pipeline_model_parallel_size": 2,
  "pp_seg_method": "layer:DecoderLayer|EmptyLayer",
  "pretraining_tp": 1,
  "recompute_granularity": "full",
  "recompute_method": "uniform",
  "recompute_num_layers": 1,
  "rms_norm_eps": 1e-05,
  "rope_parameters": {
    "rope_theta": 500000.0,
    "rope_type": "default"
  },
  "rope_scaling": null,
  "rope_theta": 500000.0,
  "seq_length": 2048,
  "tensor_model_parallel_size": 2,
  "tie_word_embeddings": false,
  "torch_dtype": "float32",
  "use_cache": true,
  "use_fast_layer_norm": false,
  "vocab_size": 128256
}
, layer_idx=27)
[2026-05-12 10:53:38,840] [    INFO] pp_layers.py:899 - 29: DecoderLayerPipe(config=LlamaConfig {
  "architectures": [
    "LlamaForCausalLM"
  ],
  "attention_bias": false,
  "attention_dropout": 0.0,
  "bos_token_id": 128000,
  "enable_auto_parallel": false,
  "eos_token_id": 128001,
  "head_dim": 128,
  "hidden_act": "silu",
  "hidden_size": 4096,
  "initializer_range": 0.009020646889913162,
  "intermediate_size": 14336,
  "is_lora": true,
  "max_position_embeddings": 8192,
  "max_sequence_length": 2048,
  "mlp_bias": false,
  "model_type": "llama",
  "moe_group_origin": "dummy",
  "moe_rank": 0,
  "moe_router_bias_update_rate": 0.0,
  "moe_world_size": 1,
  "num_attention_heads": 32,
  "num_hidden_layers": 32,
  "num_key_value_heads": 8,
  "pad_token_id": 0,
  "paddleformers_version": "1.1.0.post20260512",
  "pipeline_model_parallel_size": 2,
  "pp_seg_method": "layer:DecoderLayer|EmptyLayer",
  "pretraining_tp": 1,
  "recompute_granularity": "full",
  "recompute_method": "uniform",
  "recompute_num_layers": 1,
  "rms_norm_eps": 1e-05,
  "rope_parameters": {
    "rope_theta": 500000.0,
    "rope_type": "default"
  },
  "rope_scaling": null,
  "rope_theta": 500000.0,
  "seq_length": 2048,
  "tensor_model_parallel_size": 2,
  "tie_word_embeddings": false,
  "torch_dtype": "float32",
  "use_cache": true,
  "use_fast_layer_norm": false,
  "vocab_size": 128256
}
, layer_idx=28)
[2026-05-12 10:53:38,842] [    INFO] pp_layers.py:899 - 30: DecoderLayerPipe(config=LlamaConfig {
  "architectures": [
    "LlamaForCausalLM"
  ],
  "attention_bias": false,
  "attention_dropout": 0.0,
  "bos_token_id": 128000,
  "enable_auto_parallel": false,
  "eos_token_id": 128001,
  "head_dim": 128,
  "hidden_act": "silu",
  "hidden_size": 4096,
  "initializer_range": 0.009020646889913162,
  "intermediate_size": 14336,
  "is_lora": true,
  "max_position_embeddings": 8192,
  "max_sequence_length": 2048,
  "mlp_bias": false,
  "model_type": "llama",
  "moe_group_origin": "dummy",
  "moe_rank": 0,
  "moe_router_bias_update_rate": 0.0,
  "moe_world_size": 1,
  "num_attention_heads": 32,
  "num_hidden_layers": 32,
  "num_key_value_heads": 8,
  "pad_token_id": 0,
  "paddleformers_version": "1.1.0.post20260512",
  "pipeline_model_parallel_size": 2,
  "pp_seg_method": "layer:DecoderLayer|EmptyLayer",
  "pretraining_tp": 1,
  "recompute_granularity": "full",
  "recompute_method": "uniform",
  "recompute_num_layers": 1,
  "rms_norm_eps": 1e-05,
  "rope_parameters": {
    "rope_theta": 500000.0,
    "rope_type": "default"
  },
  "rope_scaling": null,
  "rope_theta": 500000.0,
  "seq_length": 2048,
  "tensor_model_parallel_size": 2,
  "tie_word_embeddings": false,
  "torch_dtype": "float32",
  "use_cache": true,
  "use_fast_layer_norm": false,
  "vocab_size": 128256
}
, layer_idx=29)
[2026-05-12 10:53:38,845] [    INFO] pp_layers.py:899 - 31: DecoderLayerPipe(config=LlamaConfig {
  "architectures": [
    "LlamaForCausalLM"
  ],
  "attention_bias": false,
  "attention_dropout": 0.0,
  "bos_token_id": 128000,
  "enable_auto_parallel": false,
  "eos_token_id": 128001,
  "head_dim": 128,
  "hidden_act": "silu",
  "hidden_size": 4096,
  "initializer_range": 0.009020646889913162,
  "intermediate_size": 14336,
  "is_lora": true,
  "max_position_embeddings": 8192,
  "max_sequence_length": 2048,
  "mlp_bias": false,
  "model_type": "llama",
  "moe_group_origin": "dummy",
  "moe_rank": 0,
  "moe_router_bias_update_rate": 0.0,
  "moe_world_size": 1,
  "num_attention_heads": 32,
  "num_hidden_layers": 32,
  "num_key_value_heads": 8,
  "pad_token_id": 0,
  "paddleformers_version": "1.1.0.post20260512",
  "pipeline_model_parallel_size": 2,
  "pp_seg_method": "layer:DecoderLayer|EmptyLayer",
  "pretraining_tp": 1,
  "recompute_granularity": "full",
  "recompute_method": "uniform",
  "recompute_num_layers": 1,
  "rms_norm_eps": 1e-05,
  "rope_parameters": {
    "rope_theta": 500000.0,
    "rope_type": "default"
  },
  "rope_scaling": null,
  "rope_theta": 500000.0,
  "seq_length": 2048,
  "tensor_model_parallel_size": 2,
  "tie_word_embeddings": false,
  "torch_dtype": "float32",
  "use_cache": true,
  "use_fast_layer_norm": false,
  "vocab_size": 128256
}
, layer_idx=30)
[2026-05-12 10:53:38,847] [    INFO] pp_layers.py:899 - 32: DecoderLayerPipe(config=LlamaConfig {
  "architectures": [
    "LlamaForCausalLM"
  ],
  "attention_bias": false,
  "attention_dropout": 0.0,
  "bos_token_id": 128000,
  "enable_auto_parallel": false,
  "eos_token_id": 128001,
  "head_dim": 128,
  "hidden_act": "silu",
  "hidden_size": 4096,
  "initializer_range": 0.009020646889913162,
  "intermediate_size": 14336,
  "is_lora": true,
  "max_position_embeddings": 8192,
  "max_sequence_length": 2048,
  "mlp_bias": false,
  "model_type": "llama",
  "moe_group_origin": "dummy",
  "moe_rank": 0,
  "moe_router_bias_update_rate": 0.0,
  "moe_world_size": 1,
  "num_attention_heads": 32,
  "num_hidden_layers": 32,
  "num_key_value_heads": 8,
  "pad_token_id": 0,
  "paddleformers_version": "1.1.0.post20260512",
  "pipeline_model_parallel_size": 2,
  "pp_seg_method": "layer:DecoderLayer|EmptyLayer",
  "pretraining_tp": 1,
  "recompute_granularity": "full",
  "recompute_method": "uniform",
  "recompute_num_layers": 1,
  "rms_norm_eps": 1e-05,
  "rope_parameters": {
    "rope_theta": 500000.0,
    "rope_type": "default"
  },
  "rope_scaling": null,
  "rope_theta": 500000.0,
  "seq_length": 2048,
  "tensor_model_parallel_size": 2,
  "tie_word_embeddings": false,
  "torch_dtype": "float32",
  "use_cache": true,
  "use_fast_layer_norm": false,
  "vocab_size": 128256
}
, layer_idx=31)
[2026-05-12 10:53:38,849] [    INFO] pp_layers.py:899 - 33: RMSNormPipe(config=LlamaConfig {
  "architectures": [
    "LlamaForCausalLM"
  ],
  "attention_bias": false,
  "attention_dropout": 0.0,
  "bos_token_id": 128000,
  "enable_auto_parallel": false,
  "eos_token_id": 128001,
  "head_dim": 128,
  "hidden_act": "silu",
  "hidden_size": 4096,
  "initializer_range": 0.009020646889913162,
  "intermediate_size": 14336,
  "is_lora": true,
  "max_position_embeddings": 8192,
  "max_sequence_length": 2048,
  "mlp_bias": false,
  "model_type": "llama",
  "moe_group_origin": "dummy",
  "moe_rank": 0,
  "moe_router_bias_update_rate": 0.0,
  "moe_world_size": 1,
  "num_attention_heads": 32,
  "num_hidden_layers": 32,
  "num_key_value_heads": 8,
  "pad_token_id": 0,
  "paddleformers_version": "1.1.0.post20260512",
  "pipeline_model_parallel_size": 2,
  "pp_seg_method": "layer:DecoderLayer|EmptyLayer",
  "pretraining_tp": 1,
  "recompute_granularity": "full",
  "recompute_method": "uniform",
  "recompute_num_layers": 1,
  "rms_norm_eps": 1e-05,
  "rope_parameters": {
    "rope_theta": 500000.0,
    "rope_type": "default"
  },
  "rope_scaling": null,
  "rope_theta": 500000.0,
  "seq_length": 2048,
  "tensor_model_parallel_size": 2,
  "tie_word_embeddings": false,
  "torch_dtype": "float32",
  "use_cache": true,
  "use_fast_layer_norm": false,
  "vocab_size": 128256
}
)
[2026-05-12 10:53:38,851] [    INFO] pp_layers.py:899 - 34: LMHeadPipe(config=LlamaConfig {
  "architectures": [
    "LlamaForCausalLM"
  ],
  "attention_bias": false,
  "attention_dropout": 0.0,
  "bos_token_id": 128000,
  "enable_auto_parallel": false,
  "eos_token_id": 128001,
  "head_dim": 128,
  "hidden_act": "silu",
  "hidden_size": 4096,
  "initializer_range": 0.009020646889913162,
  "intermediate_size": 14336,
  "is_lora": true,
  "max_position_embeddings": 8192,
  "max_sequence_length": 2048,
  "mlp_bias": false,
  "model_type": "llama",
  "moe_group_origin": "dummy",
  "moe_rank": 0,
  "moe_router_bias_update_rate": 0.0,
  "moe_world_size": 1,
  "num_attention_heads": 32,
  "num_hidden_layers": 32,
  "num_key_value_heads": 8,
  "pad_token_id": 0,
  "paddleformers_version": "1.1.0.post20260512",
  "pipeline_model_parallel_size": 2,
  "pp_seg_method": "layer:DecoderLayer|EmptyLayer",
  "pretraining_tp": 1,
  "recompute_granularity": "full",
  "recompute_method": "uniform",
  "recompute_num_layers": 1,
  "rms_norm_eps": 1e-05,
  "rope_parameters": {
    "rope_theta": 500000.0,
    "rope_type": "default"
  },
  "rope_scaling": null,
  "rope_theta": 500000.0,
  "seq_length": 2048,
  "tensor_model_parallel_size": 2,
  "tie_word_embeddings": false,
  "torch_dtype": "float32",
  "use_cache": true,
  "use_fast_layer_norm": false,
  "vocab_size": 128256
}
)
[2026-05-12 10:53:38,852] [    INFO] pp_layers.py:921 - loss: CriterionLayerPipe
[2026-05-12 10:53:38,965] [    INFO] pp_layers.py:978 - flush 17 of layers into run_function
/public/home/yuhai/liuyi39/Paddle/build/python/paddle/distributed/fleet/meta_parallel/parallel_layers/pp_layers.py:674: UserWarning: No shared comm will be constructed, this may happen when all shared attrs are on a same stage.
  warnings.warn(
W0512 10:53:39.038502 189411 nccl_comm_context.cc:70] ncclCommInitRankConfigMemOpt is not supported.
[2026-05-12 10:53:40,214] [    INFO] load_state_dict.py:188 - Found HuggingFace-format checkpoint with files: model-00004-of-00004.safetensors, model-00003-of-00004.safetensors, model-00001-of-00004.safetensors, model-00002-of-00004.safetensors
[2026-05-12 10:53:40,214] [    INFO] load_state_dict.py:197 - No metadata file found in the checkpoint directory: ./models/Llama-3-8b. Creating one now.
[2026-05-12 10:53:40,229] [    INFO] utils.py:389 - Process 189411 could not acquire the lock; another process is writing or has written the metadata.
[2026-05-12 10:53:40,239] [    INFO] load_state_dict.py:207 - Created metadata file: flex-ckpt.auto_generated.metadata successfully.
[2026-05-12 10:53:40,591] [    INFO] load_state_dict.py:1232 - The unique_id:0 is used.
[2026-05-12 10:53:40,601] [    INFO] load_state_dict.py:188 - Found HuggingFace-format checkpoint with files: model-00004-of-00004.safetensors, model-00003-of-00004.safetensors, model-00001-of-00004.safetensors, model-00002-of-00004.safetensors
[2026-05-12 10:53:40,605] [ WARNING] load_state_dict.py:325 - Unexpected keys:{'model.layers.30.self_attn.k_proj.weight', 'model.layers.20.post_attention_layernorm.weight', 'model.layers.30.mlp.up_proj.weight', 'model.layers.28.mlp.down_proj.weight', 'model.layers.28.self_attn.k_proj.weight', 'model.layers.31.self_attn.k_proj.weight', 'model.layers.22.mlp.down_proj.weight', 'model.layers.31.self_attn.v_proj.weight', 'model.layers.31.post_attention_layernorm.weight', 'model.layers.20.mlp.up_proj.weight', 'model.layers.24.mlp.gate_proj.weight', 'model.layers.17.self_attn.q_proj.weight', 'model.layers.22.self_attn.q_proj.weight', 'model.layers.31.self_attn.q_proj.weight', 'model.layers.16.self_attn.v_proj.weight', 'model.layers.29.self_attn.o_proj.weight', 'model.layers.25.input_layernorm.weight', 'model.layers.25.self_attn.v_proj.weight', 'model.layers.18.mlp.gate_proj.weight', 'model.layers.21.mlp.up_proj.weight', 'lm_head.weight', 'model.layers.28.self_attn.q_proj.weight', 'model.layers.26.mlp.up_proj.weight', 'model.layers.16.self_attn.k_proj.weight', 'model.layers.17.mlp.down_proj.weight', 'model.layers.19.mlp.gate_proj.weight', 'model.layers.26.post_attention_layernorm.weight', 'model.layers.19.self_attn.v_proj.weight', 'model.layers.30.mlp.gate_proj.weight', 'model.layers.31.mlp.up_proj.weight', 'model.norm.weight', 'model.layers.19.self_attn.k_proj.weight', 'model.layers.23.post_attention_layernorm.weight', 'model.layers.22.self_attn.o_proj.weight', 'model.layers.21.mlp.down_proj.weight', 'model.layers.17.self_attn.o_proj.weight', 'model.layers.28.input_layernorm.weight', 'model.layers.18.self_attn.k_proj.weight', 'model.layers.23.self_attn.v_proj.weight', 'model.layers.21.post_attention_layernorm.weight', 'model.layers.29.mlp.down_proj.weight', 'model.layers.16.mlp.up_proj.weight', 'model.layers.29.self_attn.k_proj.weight', 'model.layers.23.self_attn.k_proj.weight', 'model.layers.28.mlp.up_proj.weight', 'model.layers.28.self_attn.v_proj.weight', 'model.layers.20.self_attn.v_proj.weight', 'model.layers.28.post_attention_layernorm.weight', 'model.layers.25.mlp.up_proj.weight', 'model.layers.27.mlp.up_proj.weight', 'model.layers.16.mlp.gate_proj.weight', 'model.layers.30.mlp.down_proj.weight', 'model.layers.22.input_layernorm.weight', 'model.layers.24.self_attn.o_proj.weight', 'model.layers.26.self_attn.k_proj.weight', 'model.layers.26.input_layernorm.weight', 'model.layers.19.self_attn.o_proj.weight', 'model.layers.23.input_layernorm.weight', 'model.layers.20.self_attn.o_proj.weight', 'model.layers.30.self_attn.v_proj.weight', 'model.layers.18.post_attention_layernorm.weight', 'model.layers.31.self_attn.o_proj.weight', 'model.layers.21.input_layernorm.weight', 'model.layers.26.mlp.gate_proj.weight', 'model.layers.31.input_layernorm.weight', 'model.layers.24.input_layernorm.weight', 'model.layers.18.mlp.up_proj.weight', 'model.layers.19.post_attention_layernorm.weight', 'model.layers.29.mlp.up_proj.weight', 'model.layers.18.self_attn.q_proj.weight', 'model.layers.30.input_layernorm.weight', 'model.layers.18.mlp.down_proj.weight', 'model.layers.19.input_layernorm.weight', 'model.layers.25.mlp.gate_proj.weight', 'model.layers.29.self_attn.v_proj.weight', 'model.layers.24.mlp.down_proj.weight', 'model.layers.27.self_attn.o_proj.weight', 'model.layers.29.input_layernorm.weight', 'model.layers.31.mlp.down_proj.weight', 'model.layers.27.mlp.down_proj.weight', 'model.layers.26.mlp.down_proj.weight', 'model.layers.27.self_attn.k_proj.weight', 'model.layers.21.self_attn.o_proj.weight', 'model.layers.26.self_attn.o_proj.weight', 'model.layers.24.self_attn.k_proj.weight', 'model.layers.17.input_layernorm.weight', 'model.layers.26.self_attn.v_proj.weight', 'model.layers.20.self_attn.k_proj.weight', 'model.layers.27.self_attn.v_proj.weight', 'model.layers.23.mlp.up_proj.weight', 'model.layers.20.input_layernorm.weight', 'model.layers.16.mlp.down_proj.weight', 'model.layers.25.self_attn.q_proj.weight', 'model.layers.27.mlp.gate_proj.weight', 'model.layers.18.input_layernorm.weight', 'model.layers.29.post_attention_layernorm.weight', 'model.layers.27.self_attn.q_proj.weight', 'model.layers.28.mlp.gate_proj.weight', 'model.layers.19.mlp.down_proj.weight', 'model.layers.30.self_attn.o_proj.weight', 'model.layers.29.mlp.gate_proj.weight', 'model.layers.16.post_attention_layernorm.weight', 'model.layers.25.mlp.down_proj.weight', 'model.layers.18.self_attn.v_proj.weight', 'model.layers.25.post_attention_layernorm.weight', 'model.layers.30.self_attn.q_proj.weight', 'model.layers.27.post_attention_layernorm.weight', 'model.layers.28.self_attn.o_proj.weight', 'model.layers.29.self_attn.q_proj.weight', 'model.layers.17.mlp.gate_proj.weight', 'model.layers.21.self_attn.v_proj.weight', 'model.layers.23.mlp.gate_proj.weight', 'model.layers.27.input_layernorm.weight', 'model.layers.20.mlp.down_proj.weight', 'model.layers.18.self_attn.o_proj.weight', 'model.layers.16.input_layernorm.weight', 'model.layers.21.self_attn.q_proj.weight', 'model.layers.22.self_attn.v_proj.weight', 'model.layers.26.self_attn.q_proj.weight', 'model.layers.24.self_attn.v_proj.weight', 'model.layers.17.self_attn.v_proj.weight', 'model.layers.16.self_attn.q_proj.weight', 'model.layers.20.self_attn.q_proj.weight', 'model.layers.25.self_attn.o_proj.weight', 'model.layers.23.mlp.down_proj.weight', 'model.layers.22.mlp.gate_proj.weight', 'model.layers.23.self_attn.o_proj.weight', 'model.layers.25.self_attn.k_proj.weight', 'model.layers.22.self_attn.k_proj.weight', 'model.layers.24.mlp.up_proj.weight', 'model.layers.21.self_attn.k_proj.weight', 'model.layers.17.post_attention_layernorm.weight', 'model.layers.20.mlp.gate_proj.weight', 'model.layers.22.mlp.up_proj.weight', 'model.layers.30.post_attention_layernorm.weight', 'model.layers.22.post_attention_layernorm.weight', 'model.layers.24.post_attention_layernorm.weight', 'model.layers.19.mlp.up_proj.weight', 'model.layers.21.mlp.gate_proj.weight', 'model.layers.19.self_attn.q_proj.weight', 'model.layers.17.self_attn.k_proj.weight', 'model.layers.31.mlp.gate_proj.weight', 'model.layers.16.self_attn.o_proj.weight', 'model.layers.17.mlp.up_proj.weight', 'model.layers.23.self_attn.q_proj.weight', 'model.layers.24.self_attn.q_proj.weight'}, these keys exist in checkpoint but not in state_dict.
[2026-05-12 10:53:40,607] [    INFO] load_state_dict.py:1285 - Rank 0: loading files from ['model-00001-of-00004.safetensors'].
[2026-05-12 10:53:59,624] [    INFO] resharder.py:372 - ReadItem generation completed, with a total of 582.
[2026-05-12 10:53:59,624] [    INFO] reshard_comm.py:196 - Generated 332 communication tasks.
[2026-05-12 10:53:59,624] [    INFO] reshard_comm.py:197 - Generated 250 local tasks.
[2026-05-12 10:54:00,416] [    INFO] reshard_comm.py:206 - Rank 0 finished local copy and entered communication phase.
[2026-05-12 10:54:03,101] [    INFO] reshard_comm.py:216 - 291/291 tasks have been sent/received successfully!
[2026-05-12 10:54:03,102] [    INFO] reshard_comm.py:288 - All communication tasks completed.
[32m[2026-05-12 10:54:03,417] [    INFO][0m - Using download source: huggingface[0m
[32m[2026-05-12 10:54:04,654] [    INFO][0m - Loading configuration file ./models/Llama-3-8b/config.json[0m
[32m[2026-05-12 10:54:04,656] [    INFO][0m - Using download source: huggingface[0m
[33m[2026-05-12 10:54:05,873] [ WARNING][0m - `template` was not specified, use `empty` template.[0m
[33m[2026-05-12 10:54:05,877] [ WARNING][0m - suffix is not specified, using eos token as suffix.[0m
[32m[2026-05-12 10:54:05,880] [    INFO][0m - self.dataset_num_proc: None[0m
[33m[2026-05-12 10:54:05,880] [ WARNING][0m - Truncate packing is only valid in pretraining data flow[0m
[32m[2026-05-12 10:54:05,880] [    INFO][0m - [dataflow] truncation_strategy: delete[0m
[32m[2026-05-12 10:54:05,890] [    INFO][0m - self.num_reserved_tokens_for_each_dialog: 2[0m
[32m[2026-05-12 10:54:05,892] [    INFO][0m - Loading ./data/sft/school_math_0.25M/train_llama3.json as stream.[0m
json file path: ./data/sft/school_math_0.25M/train_llama3.json
[33m[2026-05-12 10:54:08,755] [ WARNING][0m - preprocess data error: Ignore example with empty string in str / tgt field., data: {'src': ['<|begin_of_text|><|s[0m
[load json] done. total: 245997 lines, elapsed: 4.00s
[32m[2026-05-12 10:54:09,899] [    INFO][0m - self.dataset_num_proc: None[0m
[32m[2026-05-12 10:54:09,899] [    INFO][0m - [dataflow] truncation_strategy: delete[0m
[32m[2026-05-12 10:54:09,900] [    INFO][0m - self.num_reserved_tokens_for_each_dialog: 2[0m
[32m[2026-05-12 10:54:09,903] [    INFO][0m - Loading ./data/sft/school_math_0.25M/dev_llama3.json as stream.[0m
json file path: ./data/sft/school_math_0.25M/dev_llama3.json
[load json] done. total: 2484 lines, elapsed: 0.04s
[32m[2026-05-12 10:54:10,064] [    INFO][0m - Mark only lora and trainable_module as trainable.[0m
[35m[2026-05-12 10:54:10,073] [   DEBUG][0m - Frozen parameters: 2.01e+09 || Trainable parameters:7.08e+06 || Total parameters:2.01e+09|| Trainable:0.35%[0m
[32m[2026-05-12 10:54:10,073] [    INFO][0m - Setting max_seq_len to 2048 using PaddleFormers Model.[0m
callbacks: []
[35m[2026-05-12 10:54:10,073] [   DEBUG][0m - 0: main local process completed work, releasing all replicas[0m
[32m[2026-05-12 10:54:10,125] [    INFO][0m - The global seed is set to 23, local seed is set to 27 and random seed is set to 23.[0m
[32m[2026-05-12 10:54:10,506] [    INFO][0m - max_steps is given, it will override any value given in num_train_epochs[0m
[32m[2026-05-12 10:54:10,506] [    INFO][0m - Using half precision[0m
/public/home/yuhai/liuyi39/PaddleFormers/paddleformers/trainer/trainer.py:651: VisibleDeprecationWarning: [93m
Warning:
API "paddle.distributed.fleet.utils.mix_precision_utils.MixPrecisionScaler" is deprecated since 2.5.0, and will be removed in future versions. Please use "paddle.distributed_scaler" instead. [0m
  mix_precision_utils.MixPrecisionScaler(self.scaler)  # return value has no use
[35m[2026-05-12 10:54:10,514] [   DEBUG][0m - ============================================================[0m
[35m[2026-05-12 10:54:10,514] [   DEBUG][0m -     Training Configuration Arguments    [0m
[35m[2026-05-12 10:54:10,514] [   DEBUG][0m - paddle commit id              : ba3477ae69a2c015cb9569eb044381795da89389[0m
[35m[2026-05-12 10:54:10,514] [   DEBUG][0m - paddleformers commit id       : 8139352127d4c61ed5c5f61f64c079097505cb0f.dirty[0m
[35m[2026-05-12 10:54:10,515] [   DEBUG][0m - _no_sync_in_gradient_accumulation: True[0m
[35m[2026-05-12 10:54:10,515] [   DEBUG][0m - adam_beta1                    : 0.9[0m
[35m[2026-05-12 10:54:10,515] [   DEBUG][0m - adam_beta2                    : 0.999[0m
[35m[2026-05-12 10:54:10,515] [   DEBUG][0m - adam_epsilon                  : 1e-08[0m
[35m[2026-05-12 10:54:10,515] [   DEBUG][0m - amp_custom_black_list         : ['reduce_sum', 'softmax_with_cross_entropy', 'c_softmax_with_cross_entropy', 'elementwise_div', 'sin', 'cos'][0m
[35m[2026-05-12 10:54:10,515] [   DEBUG][0m - amp_custom_white_list         : ['lookup_table', 'lookup_table_v2', 'flash_attn', 'matmul', 'matmul_v2', 'fused_gemm_epilogue'][0m
[35m[2026-05-12 10:54:10,515] [   DEBUG][0m - amp_master_grad               : True[0m
[35m[2026-05-12 10:54:10,515] [   DEBUG][0m - aoa_config                    : None[0m
[35m[2026-05-12 10:54:10,515] [   DEBUG][0m - apply_rope_fusion             : False[0m
[35m[2026-05-12 10:54:10,515] [   DEBUG][0m - attention_probs_dropout_prob  : 0.0[0m
[35m[2026-05-12 10:54:10,515] [   DEBUG][0m - auto_parallel_resume_form_hybrid_parallel: False[0m
[35m[2026-05-12 10:54:10,516] [   DEBUG][0m - auto_parallel_sync_shared_params: False[0m
[35m[2026-05-12 10:54:10,516] [   DEBUG][0m - autotuner_benchmark           : False[0m
[35m[2026-05-12 10:54:10,516] [   DEBUG][0m - balanced_image_preprocess     : False[0m
[35m[2026-05-12 10:54:10,516] [   DEBUG][0m - batch_p2p_comm                : True[0m
[35m[2026-05-12 10:54:10,516] [   DEBUG][0m - benchmark                     : False[0m
[35m[2026-05-12 10:54:10,516] [   DEBUG][0m - best_unbalanced_scheduler     : False[0m
[35m[2026-05-12 10:54:10,516] [   DEBUG][0m - beta                          : 0.1[0m
[35m[2026-05-12 10:54:10,516] [   DEBUG][0m - bf16                          : True[0m
[35m[2026-05-12 10:54:10,516] [   DEBUG][0m - bf16_full_eval                : False[0m
[35m[2026-05-12 10:54:10,516] [   DEBUG][0m - ckpt_quant_stage              : O0[0m
[35m[2026-05-12 10:54:10,516] [   DEBUG][0m - clear_every_step_cache        : False[0m
[35m[2026-05-12 10:54:10,516] [   DEBUG][0m - compute_type                  : bf16[0m
[35m[2026-05-12 10:54:10,517] [   DEBUG][0m - context_parallel_rank         : 0[0m
[35m[2026-05-12 10:54:10,517] [   DEBUG][0m - context_parallel_size         : 1[0m
[35m[2026-05-12 10:54:10,517] [   DEBUG][0m - convert_from_hf               : True[0m
[35m[2026-05-12 10:54:10,517] [   DEBUG][0m - copy_custom_file_list         : [0m
[35m[2026-05-12 10:54:10,517] [   DEBUG][0m - count_trained_tokens          : False[0m
[35m[2026-05-12 10:54:10,517] [   DEBUG][0m - cp_comm_type                  : None[0m
[35m[2026-05-12 10:54:10,517] [   DEBUG][0m - cp_sharding_degree            : 1[0m
[35m[2026-05-12 10:54:10,517] [   DEBUG][0m - cp_sharding_rank              : 0[0m
[35m[2026-05-12 10:54:10,517] [   DEBUG][0m - current_device                : gpu:0[0m
[35m[2026-05-12 10:54:10,517] [   DEBUG][0m - data_parallel_config          : [0m
[35m[2026-05-12 10:54:10,517] [   DEBUG][0m - data_parallel_rank            : 0[0m
[35m[2026-05-12 10:54:10,517] [   DEBUG][0m - data_parallel_size            : 1[0m
[35m[2026-05-12 10:54:10,517] [   DEBUG][0m - dataloader_drop_last          : False[0m
[35m[2026-05-12 10:54:10,518] [   DEBUG][0m - dataloader_num_workers        : 0[0m
[35m[2026-05-12 10:54:10,518] [   DEBUG][0m - dataloader_shuffle            : True[0m
[35m[2026-05-12 10:54:10,518] [   DEBUG][0m - dataset_batch_size            : 1000[0m
[35m[2026-05-12 10:54:10,518] [   DEBUG][0m - dataset_kwargs                : {}[0m
[35m[2026-05-12 10:54:10,518] [   DEBUG][0m - dataset_num_proc              : None[0m
[35m[2026-05-12 10:54:10,518] [   DEBUG][0m - dataset_rank                  : 0[0m
[35m[2026-05-12 10:54:10,518] [   DEBUG][0m - dataset_text_field            : text[0m
[35m[2026-05-12 10:54:10,518] [   DEBUG][0m - dataset_world_size            : 1[0m
[35m[2026-05-12 10:54:10,518] [   DEBUG][0m - ddp_find_unused_parameters    : None[0m
[35m[2026-05-12 10:54:10,518] [   DEBUG][0m - decay_function                : half_life[0m
[35m[2026-05-12 10:54:10,518] [   DEBUG][0m - decay_steps                   : 300[0m
[35m[2026-05-12 10:54:10,518] [   DEBUG][0m - deterministic_mode            : False[0m
[35m[2026-05-12 10:54:10,519] [   DEBUG][0m - device                        : gpu[0m
[35m[2026-05-12 10:54:10,519] [   DEBUG][0m - disable_tqdm                  : True[0m
[35m[2026-05-12 10:54:10,519] [   DEBUG][0m - distributed_dataloader        : False[0m
[35m[2026-05-12 10:54:10,519] [   DEBUG][0m - do_eval                       : True[0m
[35m[2026-05-12 10:54:10,519] [   DEBUG][0m - do_export                     : False[0m
[35m[2026-05-12 10:54:10,519] [   DEBUG][0m - do_predict                    : False[0m
[35m[2026-05-12 10:54:10,519] [   DEBUG][0m - do_train                      : True[0m
[35m[2026-05-12 10:54:10,519] [   DEBUG][0m - download_hub                  : None[0m
[35m[2026-05-12 10:54:10,519] [   DEBUG][0m - dp_allreduce_avg_in_gradinent_scale: False[0m
[35m[2026-05-12 10:54:10,519] [   DEBUG][0m - dp_comm_overlap               : False[0m
[35m[2026-05-12 10:54:10,519] [   DEBUG][0m - dpop_lambda                   : 50[0m
[35m[2026-05-12 10:54:10,519] [   DEBUG][0m - embedding_init_method         : None[0m
[35m[2026-05-12 10:54:10,519] [   DEBUG][0m - embedding_init_method_std     : 0.02[0m
[35m[2026-05-12 10:54:10,520] [   DEBUG][0m - enable_auto_parallel          : False[0m
[35m[2026-05-12 10:54:10,520] [   DEBUG][0m - enable_linear_fused_grad_add  : False[0m
[35m[2026-05-12 10:54:10,520] [   DEBUG][0m - enable_mtp_magic_send         : False[0m
[35m[2026-05-12 10:54:10,520] [   DEBUG][0m - enable_sharding_comm_overlap  : False[0m
[35m[2026-05-12 10:54:10,520] [   DEBUG][0m - enable_zero_cost_checkpoint   : False[0m
[35m[2026-05-12 10:54:10,520] [   DEBUG][0m - estimation_output_file        : estimation_output.json[0m
[35m[2026-05-12 10:54:10,520] [   DEBUG][0m - eval_accumulation_steps       : None[0m
[35m[2026-05-12 10:54:10,520] [   DEBUG][0m - eval_batch_size               : 1[0m
[35m[2026-05-12 10:54:10,520] [   DEBUG][0m - eval_iters                    : 10[0m
[35m[2026-05-12 10:54:10,520] [   DEBUG][0m - eval_steps                    : 300[0m
[35m[2026-05-12 10:54:10,520] [   DEBUG][0m - evaluation_strategy           : IntervalStrategy.STEPS[0m
[35m[2026-05-12 10:54:10,520] [   DEBUG][0m - expert_model_parallel_size    : 1[0m
[35m[2026-05-12 10:54:10,520] [   DEBUG][0m - expert_parallel_rank          : 0[0m
[35m[2026-05-12 10:54:10,521] [   DEBUG][0m - expert_tensor_model_parallel_size: 1[0m
[35m[2026-05-12 10:54:10,521] [   DEBUG][0m - fa_version                    : 2[0m
[35m[2026-05-12 10:54:10,521] [   DEBUG][0m - factor                        : 20[0m
[35m[2026-05-12 10:54:10,521] [   DEBUG][0m - flash_device_save_steps       : 0[0m
[35m[2026-05-12 10:54:10,521] [   DEBUG][0m - flatten_param_grads           : False[0m
[35m[2026-05-12 10:54:10,521] [   DEBUG][0m - flex_ckpt_comm_method         : None[0m
[35m[2026-05-12 10:54:10,521] [   DEBUG][0m - force_reshard_pp              : False[0m
[35m[2026-05-12 10:54:10,521] [   DEBUG][0m - forward_backward_overlap_scheduler: False[0m
[35m[2026-05-12 10:54:10,521] [   DEBUG][0m - fp16                          : False[0m
[35m[2026-05-12 10:54:10,521] [   DEBUG][0m - fp16_full_eval                : False[0m
[35m[2026-05-12 10:54:10,521] [   DEBUG][0m - fp16_opt_level                : O1[0m
[35m[2026-05-12 10:54:10,521] [   DEBUG][0m - fp32_residual_connection      : True[0m
[35m[2026-05-12 10:54:10,521] [   DEBUG][0m - fp8                           : None[0m
[35m[2026-05-12 10:54:10,522] [   DEBUG][0m - fp8_wgrad                     : True[0m
[35m[2026-05-12 10:54:10,522] [   DEBUG][0m - freeze_config                 : [0m
[35m[2026-05-12 10:54:10,522] [   DEBUG][0m - freeze_training               : False[0m
[35m[2026-05-12 10:54:10,522] [   DEBUG][0m - fuse_optimizer_states         : False[0m
[35m[2026-05-12 10:54:10,522] [   DEBUG][0m - fuse_sequence_parallel_allreduce: False[0m
[35m[2026-05-12 10:54:10,522] [   DEBUG][0m - fuse_swiglu                   : False[0m
[35m[2026-05-12 10:54:10,522] [   DEBUG][0m - gated_linear_unit             : True[0m
[35m[2026-05-12 10:54:10,522] [   DEBUG][0m - gc_interval                   : 0[0m
[35m[2026-05-12 10:54:10,522] [   DEBUG][0m - global_batch_size             : 4[0m
[35m[2026-05-12 10:54:10,522] [   DEBUG][0m - global_logging_interval       : 1[0m
[35m[2026-05-12 10:54:10,522] [   DEBUG][0m - gradient_accumulation_steps   : 4[0m
[35m[2026-05-12 10:54:10,522] [   DEBUG][0m - gradient_sync_after_accumulate: False[0m
[35m[2026-05-12 10:54:10,522] [   DEBUG][0m - greater_is_better             : None[0m
[35m[2026-05-12 10:54:10,523] [   DEBUG][0m - hidden_dropout_prob           : 0.0[0m
[35m[2026-05-12 10:54:10,523] [   DEBUG][0m - hidden_size                   : None[0m
[35m[2026-05-12 10:54:10,523] [   DEBUG][0m - high_precision_rope           : False[0m
[35m[2026-05-12 10:54:10,523] [   DEBUG][0m - hybrid_parallel_expert_grad_scale: 2.0[0m
[35m[2026-05-12 10:54:10,523] [   DEBUG][0m - hybrid_parallel_topo_order    : sharding_first[0m
[35m[2026-05-12 10:54:10,523] [   DEBUG][0m - ignore_data_skip              : False[0m
[35m[2026-05-12 10:54:10,523] [   DEBUG][0m - ignore_eos_token              : False[0m
[35m[2026-05-12 10:54:10,523] [   DEBUG][0m - ignore_load_lr_and_optim      : False[0m
[35m[2026-05-12 10:54:10,523] [   DEBUG][0m - ignore_save_lr_and_optim      : False[0m
[35m[2026-05-12 10:54:10,523] [   DEBUG][0m - init_method                   : None[0m
[35m[2026-05-12 10:54:10,523] [   DEBUG][0m - intermediate_size             : None[0m
[35m[2026-05-12 10:54:10,523] [   DEBUG][0m - label_names                   : None[0m
[35m[2026-05-12 10:54:10,523] [   DEBUG][0m - label_smoothing               : 0.0[0m
[35m[2026-05-12 10:54:10,524] [   DEBUG][0m - lazy_data_processing          : True[0m
[35m[2026-05-12 10:54:10,524] [   DEBUG][0m - learning_rate                 : 0.0001[0m
[35m[2026-05-12 10:54:10,524] [   DEBUG][0m - load_best_model_at_end        : False[0m
[35m[2026-05-12 10:54:10,524] [   DEBUG][0m - load_checkpoint_format        : flex_checkpoint[0m
[35m[2026-05-12 10:54:10,524] [   DEBUG][0m - load_from_hf                  : False[0m
[35m[2026-05-12 10:54:10,524] [   DEBUG][0m - load_sharded_model            : False[0m
[35m[2026-05-12 10:54:10,524] [   DEBUG][0m - load_sharded_model_remap_parameter_name: False[0m
[35m[2026-05-12 10:54:10,524] [   DEBUG][0m - load_via_cpu                  : True[0m
[35m[2026-05-12 10:54:10,524] [   DEBUG][0m - local_process_index           : 0[0m
[35m[2026-05-12 10:54:10,524] [   DEBUG][0m - local_rank                    : 0[0m
[35m[2026-05-12 10:54:10,524] [   DEBUG][0m - log_global_grad_norm          : False[0m
[35m[2026-05-12 10:54:10,524] [   DEBUG][0m - log_level                     : -1[0m
[35m[2026-05-12 10:54:10,524] [   DEBUG][0m - log_level_replica             : -1[0m
[35m[2026-05-12 10:54:10,525] [   DEBUG][0m - log_on_each_node              : True[0m
[35m[2026-05-12 10:54:10,525] [   DEBUG][0m - logging_dir                   : ./logs/lora/llama3-8b[0m
[35m[2026-05-12 10:54:10,525] [   DEBUG][0m - logging_first_step            : False[0m
[35m[2026-05-12 10:54:10,525] [   DEBUG][0m - logging_steps                 : 1[0m
[35m[2026-05-12 10:54:10,525] [   DEBUG][0m - logging_strategy              : IntervalStrategy.STEPS[0m
[35m[2026-05-12 10:54:10,525] [   DEBUG][0m - logical_process_index         : 0[0m
[35m[2026-05-12 10:54:10,525] [   DEBUG][0m - loss_subbatch_sequence_length : -1[0m
[35m[2026-05-12 10:54:10,525] [   DEBUG][0m - loss_type                     : sigmoid[0m
[35m[2026-05-12 10:54:10,525] [   DEBUG][0m - lr_end                        : 1e-07[0m
[35m[2026-05-12 10:54:10,525] [   DEBUG][0m - lr_scheduler                  : cosine[0m
[35m[2026-05-12 10:54:10,525] [   DEBUG][0m - lr_scheduler_type             : SchedulerType.LINEAR[0m
[35m[2026-05-12 10:54:10,525] [   DEBUG][0m - max_estimate_samples          : 100000.0[0m
[35m[2026-05-12 10:54:10,526] [   DEBUG][0m - max_evaluate_steps            : -1[0m
[35m[2026-05-12 10:54:10,526] [   DEBUG][0m - max_grad_norm                 : 1.0[0m
[35m[2026-05-12 10:54:10,526] [   DEBUG][0m - max_gradient_accumulation_steps: 4[0m
[35m[2026-05-12 10:54:10,526] [   DEBUG][0m - max_seq_len                   : 2048[0m
[35m[2026-05-12 10:54:10,526] [   DEBUG][0m - max_steps                     : 300[0m
[35m[2026-05-12 10:54:10,526] [   DEBUG][0m - merge_with_qdq_base_model     : False[0m
[35m[2026-05-12 10:54:10,526] [   DEBUG][0m - metric_for_best_model         : None[0m
[35m[2026-05-12 10:54:10,526] [   DEBUG][0m - metrics_output_path           : None[0m
[35m[2026-05-12 10:54:10,526] [   DEBUG][0m - min_lr                        : 0.0[0m
[35m[2026-05-12 10:54:10,526] [   DEBUG][0m - minimum_eval_times            : None[0m
[35m[2026-05-12 10:54:10,526] [   DEBUG][0m - model_name_or_path            : ./models/Llama-3-8b[0m
[35m[2026-05-12 10:54:10,526] [   DEBUG][0m - moe_deep_gemm                 : False[0m
[35m[2026-05-12 10:54:10,526] [   DEBUG][0m - moe_deepep_num_sms            : None[0m
[35m[2026-05-12 10:54:10,527] [   DEBUG][0m - moe_dequant_input             : False[0m
[35m[2026-05-12 10:54:10,527] [   DEBUG][0m - moe_dropout_prob              : 0.0[0m
[35m[2026-05-12 10:54:10,527] [   DEBUG][0m - moe_ep_barrier                : True[0m
[35m[2026-05-12 10:54:10,527] [   DEBUG][0m - moe_expert_capacity_factor    : 0.0[0m
[35m[2026-05-12 10:54:10,527] [   DEBUG][0m - moe_expert_fusion             : True[0m
[35m[2026-05-12 10:54:10,527] [   DEBUG][0m - moe_gate_lr_ratio             : None[0m
[35m[2026-05-12 10:54:10,527] [   DEBUG][0m - moe_grouped_gemm              : False[0m
[35m[2026-05-12 10:54:10,527] [   DEBUG][0m - moe_pad_expert_input_to_capacity: False[0m
[35m[2026-05-12 10:54:10,527] [   DEBUG][0m - moe_router_bias_update_rate   : 0.0[0m
[35m[2026-05-12 10:54:10,527] [   DEBUG][0m - moe_router_force_load_balancing: False[0m
[35m[2026-05-12 10:54:10,527] [   DEBUG][0m - moe_router_fusion             : True[0m
[35m[2026-05-12 10:54:10,527] [   DEBUG][0m - moe_router_load_balancing_type: seq_aux_loss[0m
[35m[2026-05-12 10:54:10,527] [   DEBUG][0m - moe_sharding_parallel_rank    : 0[0m
[35m[2026-05-12 10:54:10,528] [   DEBUG][0m - moe_sharding_parallel_size    : 1[0m
[35m[2026-05-12 10:54:10,528] [   DEBUG][0m - moe_shared_expert_overlap     : True[0m
[35m[2026-05-12 10:54:10,528] [   DEBUG][0m - moe_subbatch_token_num_after_dispatch: None[0m
[35m[2026-05-12 10:54:10,528] [   DEBUG][0m - moe_subbatch_token_num_before_dispatch: 0[0m
[35m[2026-05-12 10:54:10,528] [   DEBUG][0m - moe_token_dispatcher_type     : deepep[0m
[35m[2026-05-12 10:54:10,528] [   DEBUG][0m - moe_token_drop_policy         : probs[0m
[35m[2026-05-12 10:54:10,528] [   DEBUG][0m - moe_use_fusion_node           : True[0m
[35m[2026-05-12 10:54:10,528] [   DEBUG][0m - moe_with_send_router_loss     : True[0m
[35m[2026-05-12 10:54:10,528] [   DEBUG][0m - mp_async_allreduce            : False[0m
[35m[2026-05-12 10:54:10,528] [   DEBUG][0m - mp_fused_linear_param_grad_add: False[0m
[35m[2026-05-12 10:54:10,528] [   DEBUG][0m - mp_skip_c_identity            : False[0m
[35m[2026-05-12 10:54:10,528] [   DEBUG][0m - mtp_distillation_loss         : False[0m
[35m[2026-05-12 10:54:10,528] [   DEBUG][0m - mtp_num_layers                : 0[0m
[35m[2026-05-12 10:54:10,529] [   DEBUG][0m - multi_latent_attention        : False[0m
[35m[2026-05-12 10:54:10,529] [   DEBUG][0m - muon_exclude_patterns         : ['embed', 'bias', 'lm_head', 'mlp.gate'][0m
[35m[2026-05-12 10:54:10,529] [   DEBUG][0m - muon_extra_scale_factor       : 0.2[0m
[35m[2026-05-12 10:54:10,529] [   DEBUG][0m - muon_ffn_split                : True[0m
[35m[2026-05-12 10:54:10,529] [   DEBUG][0m - muon_momentum                 : 0.95[0m
[35m[2026-05-12 10:54:10,529] [   DEBUG][0m - muon_ns_coeff_type            : quintic[0m
[35m[2026-05-12 10:54:10,529] [   DEBUG][0m - muon_ns_steps                 : 5[0m
[35m[2026-05-12 10:54:10,529] [   DEBUG][0m - muon_qkv_update_mode          : split_head[0m
[35m[2026-05-12 10:54:10,529] [   DEBUG][0m - muon_version                  : 3[0m
[35m[2026-05-12 10:54:10,529] [   DEBUG][0m - n_routed_experts              : None[0m
[35m[2026-05-12 10:54:10,529] [   DEBUG][0m - nccl_comm_group_config        : None[0m
[35m[2026-05-12 10:54:10,529] [   DEBUG][0m - need_data                     : True[0m
[35m[2026-05-12 10:54:10,529] [   DEBUG][0m - no_cuda                       : False[0m
[35m[2026-05-12 10:54:10,530] [   DEBUG][0m - no_recompute_layers           : None[0m
[35m[2026-05-12 10:54:10,530] [   DEBUG][0m - no_rope_freq                  : False[0m
[35m[2026-05-12 10:54:10,530] [   DEBUG][0m - non_batch_p2p_comm            : False[0m
[35m[2026-05-12 10:54:10,530] [   DEBUG][0m - normalization                 : RMSNorm[0m
[35m[2026-05-12 10:54:10,530] [   DEBUG][0m - normalize_logps               : False[0m
[35m[2026-05-12 10:54:10,530] [   DEBUG][0m - num_attention_heads           : None[0m
[35m[2026-05-12 10:54:10,530] [   DEBUG][0m - num_consecutive               : 1[0m
[35m[2026-05-12 10:54:10,530] [   DEBUG][0m - num_cycles                    : 0.5[0m
[35m[2026-05-12 10:54:10,530] [   DEBUG][0m - num_empty_layers_add_in_head  : 0[0m
[35m[2026-05-12 10:54:10,530] [   DEBUG][0m - num_empty_layers_add_in_tail  : 0[0m
[35m[2026-05-12 10:54:10,530] [   DEBUG][0m - num_experts_per_tok           : None[0m
[35m[2026-05-12 10:54:10,530] [   DEBUG][0m - num_hidden_layers             : None[0m
[35m[2026-05-12 10:54:10,531] [   DEBUG][0m - num_key_value_heads           : None[0m
[35m[2026-05-12 10:54:10,531] [   DEBUG][0m - num_nextn_predict_layers      : 0[0m
[35m[2026-05-12 10:54:10,531] [   DEBUG][0m - num_of_gpus                   : -1[0m
[35m[2026-05-12 10:54:10,531] [   DEBUG][0m - num_train_epochs              : 1.0[0m
[35m[2026-05-12 10:54:10,531] [   DEBUG][0m - offload_fp8_expert_master_weight: True[0m
[35m[2026-05-12 10:54:10,531] [   DEBUG][0m - offload_queue                 : False[0m
[35m[2026-05-12 10:54:10,531] [   DEBUG][0m - offset_alpha                  : 0.0[0m
[35m[2026-05-12 10:54:10,531] [   DEBUG][0m - online_merge_ema              : True[0m
[35m[2026-05-12 10:54:10,531] [   DEBUG][0m - optim                         : OptimizerNames.ADAMW[0m
[35m[2026-05-12 10:54:10,531] [   DEBUG][0m - optim_shard_num               : 1[0m
[35m[2026-05-12 10:54:10,531] [   DEBUG][0m - optimizer_name_suffix         : tp00_pp00[0m
[35m[2026-05-12 10:54:10,531] [   DEBUG][0m - ordered_save_group_size       : 0[0m
[35m[2026-05-12 10:54:10,531] [   DEBUG][0m - output_dir                    : ./checkpoints/lora/llama3-8b[0m
[35m[2026-05-12 10:54:10,532] [   DEBUG][0m - output_layer_init_method      : None[0m
[35m[2026-05-12 10:54:10,532] [   DEBUG][0m - output_signal_dir             : ./checkpoints/lora/llama3-8b[0m
[35m[2026-05-12 10:54:10,532] [   DEBUG][0m - overlap                       : False[0m
[35m[2026-05-12 10:54:10,532] [   DEBUG][0m - overlap_p2p_comm              : False[0m
[35m[2026-05-12 10:54:10,532] [   DEBUG][0m - overwrite_output_dir          : True[0m
[35m[2026-05-12 10:54:10,532] [   DEBUG][0m - p2p_cache_shape               : True[0m
[35m[2026-05-12 10:54:10,532] [   DEBUG][0m - pad_token_id                  : 0[0m
[35m[2026-05-12 10:54:10,532] [   DEBUG][0m - partial_send_recv             : True[0m
[35m[2026-05-12 10:54:10,532] [   DEBUG][0m - past_index                    : -1[0m
[35m[2026-05-12 10:54:10,532] [   DEBUG][0m - pdc_download_ckpt             : False[0m
[35m[2026-05-12 10:54:10,532] [   DEBUG][0m - pdc_download_timeout          : 300[0m
[35m[2026-05-12 10:54:10,532] [   DEBUG][0m - per_device_eval_batch_size    : 1[0m
[35m[2026-05-12 10:54:10,532] [   DEBUG][0m - per_device_train_batch_size   : 1[0m
[35m[2026-05-12 10:54:10,533] [   DEBUG][0m - pipeline_model_parallel_size  : 2[0m
[35m[2026-05-12 10:54:10,533] [   DEBUG][0m - pipeline_parallel_config      : [0m
[35m[2026-05-12 10:54:10,533] [   DEBUG][0m - pipeline_parallel_rank        : 0[0m
[35m[2026-05-12 10:54:10,533] [   DEBUG][0m - position_embedding_type       : rope[0m
[35m[2026-05-12 10:54:10,533] [   DEBUG][0m - power                         : 1.0[0m
[35m[2026-05-12 10:54:10,533] [   DEBUG][0m - pp_delay_scale_loss           : True[0m
[35m[2026-05-12 10:54:10,533] [   DEBUG][0m - pp_need_data                  : False[0m
[35m[2026-05-12 10:54:10,533] [   DEBUG][0m - pp_need_data_degree           : 0[0m
[35m[2026-05-12 10:54:10,533] [   DEBUG][0m - pp_release_grads              : False[0m
[35m[2026-05-12 10:54:10,533] [   DEBUG][0m - pp_sharding_comm_overlap      : False[0m
[35m[2026-05-12 10:54:10,533] [   DEBUG][0m - pp_sync_moment                : False[0m
[35m[2026-05-12 10:54:10,533] [   DEBUG][0m - pp_sync_param                 : False[0m
[35m[2026-05-12 10:54:10,534] [   DEBUG][0m - pre_alloc_memory              : 0[0m
[35m[2026-05-12 10:54:10,534] [   DEBUG][0m - prediction_loss_only          : False[0m
[35m[2026-05-12 10:54:10,534] [   DEBUG][0m - pref_loss_ratio               : 1.0[0m
[35m[2026-05-12 10:54:10,534] [   DEBUG][0m - prefetch_factor               : 2[0m
[35m[2026-05-12 10:54:10,534] [   DEBUG][0m - process_index                 : 0[0m
[35m[2026-05-12 10:54:10,534] [   DEBUG][0m - profile                       : False[0m
[35m[2026-05-12 10:54:10,534] [   DEBUG][0m - profile_step_end              : 12[0m
[35m[2026-05-12 10:54:10,534] [   DEBUG][0m - profile_step_start            : 10[0m
[35m[2026-05-12 10:54:10,534] [   DEBUG][0m - recompute_granularity         : full[0m
[35m[2026-05-12 10:54:10,534] [   DEBUG][0m - recompute_method              : uniform[0m
[35m[2026-05-12 10:54:10,534] [   DEBUG][0m - recompute_modules             : None[0m
[35m[2026-05-12 10:54:10,534] [   DEBUG][0m - recompute_mtp_granularity     : None[0m
[35m[2026-05-12 10:54:10,534] [   DEBUG][0m - recompute_mtp_method          : None[0m
[35m[2026-05-12 10:54:10,535] [   DEBUG][0m - recompute_mtp_modules         : None[0m
[35m[2026-05-12 10:54:10,535] [   DEBUG][0m - recompute_num_layers          : 1[0m
[35m[2026-05-12 10:54:10,535] [   DEBUG][0m - recompute_use_reentrant       : True[0m
[35m[2026-05-12 10:54:10,535] [   DEBUG][0m - reeao_dataset_rank            : 0[0m
[35m[2026-05-12 10:54:10,535] [   DEBUG][0m - reeao_dataset_world_size      : 1[0m
[35m[2026-05-12 10:54:10,535] [   DEBUG][0m - ref_model_update_steps        : -1[0m
[35m[2026-05-12 10:54:10,535] [   DEBUG][0m - reference_free                : False[0m
[35m[2026-05-12 10:54:10,535] [   DEBUG][0m - release_grads                 : False[0m
[35m[2026-05-12 10:54:10,535] [   DEBUG][0m - remove_unused_columns         : True[0m
[35m[2026-05-12 10:54:10,535] [   DEBUG][0m - reorder_pipeline_priority     : False[0m
[35m[2026-05-12 10:54:10,535] [   DEBUG][0m - replace_with_c_embedding      : False[0m
[35m[2026-05-12 10:54:10,535] [   DEBUG][0m - replace_with_parallel_cross_entropy: False[0m
[35m[2026-05-12 10:54:10,535] [   DEBUG][0m - replicate_saved_into_local    : False[0m
[35m[2026-05-12 10:54:10,536] [   DEBUG][0m - report_to                     : ['visualdl'][0m
[35m[2026-05-12 10:54:10,536] [   DEBUG][0m - resume_from_checkpoint        : None[0m
[35m[2026-05-12 10:54:10,536] [   DEBUG][0m - resume_from_huggingface_ckpt  : None[0m
[35m[2026-05-12 10:54:10,536] [   DEBUG][0m - router_aux_loss_coef          : 0.0[0m
[35m[2026-05-12 10:54:10,536] [   DEBUG][0m - router_z_loss_coef            : None[0m
[35m[2026-05-12 10:54:10,536] [   DEBUG][0m - run_name                      : ./checkpoints/lora/llama3-8b[0m
[35m[2026-05-12 10:54:10,536] [   DEBUG][0m - same_data                     : None[0m
[35m[2026-05-12 10:54:10,536] [   DEBUG][0m - save_checkpoint_format        : flex_checkpoint[0m
[35m[2026-05-12 10:54:10,536] [   DEBUG][0m - save_hf_memory_growth_threshold: 8[0m
[35m[2026-05-12 10:54:10,536] [   DEBUG][0m - save_hf_steps                 : -1[0m
[35m[2026-05-12 10:54:10,536] [   DEBUG][0m - save_hf_total_limit           : None[0m
[35m[2026-05-12 10:54:10,536] [   DEBUG][0m - save_last_step                : False[0m
[35m[2026-05-12 10:54:10,537] [   DEBUG][0m - save_on_each_node             : False[0m
[35m[2026-05-12 10:54:10,537] [   DEBUG][0m - save_rng_states               : True[0m
[35m[2026-05-12 10:54:10,537] [   DEBUG][0m - save_sharded_model            : False[0m
[35m[2026-05-12 10:54:10,537] [   DEBUG][0m - save_sharding_stage1_model_include_freeze_params: False[0m
[35m[2026-05-12 10:54:10,537] [   DEBUG][0m - save_steps                    : 300[0m
[35m[2026-05-12 10:54:10,537] [   DEBUG][0m - save_strategy                 : IntervalStrategy.NO[0m
[35m[2026-05-12 10:54:10,537] [   DEBUG][0m - save_to_hf                    : True[0m
[35m[2026-05-12 10:54:10,537] [   DEBUG][0m - save_tokenizer                : True[0m
[35m[2026-05-12 10:54:10,537] [   DEBUG][0m - save_total_limit              : None[0m
[35m[2026-05-12 10:54:10,537] [   DEBUG][0m - scale_loss                    : 32768[0m
[35m[2026-05-12 10:54:10,537] [   DEBUG][0m - sd_release_grads              : False[0m
[35m[2026-05-12 10:54:10,537] [   DEBUG][0m - sd_sharding_comm_overlap      : False[0m
[35m[2026-05-12 10:54:10,537] [   DEBUG][0m - sd_shardingv1_comm_overlap    : False[0m
[35m[2026-05-12 10:54:10,538] [   DEBUG][0m - seed                          : 23[0m
[35m[2026-05-12 10:54:10,538] [   DEBUG][0m - send_recv_overlap             : False[0m
[35m[2026-05-12 10:54:10,538] [   DEBUG][0m - sep_parallel_size             : 1[0m
[35m[2026-05-12 10:54:10,538] [   DEBUG][0m - sequence_parallel             : False[0m
[35m[2026-05-12 10:54:10,538] [   DEBUG][0m - sequence_parallel_config      : [0m
[35m[2026-05-12 10:54:10,538] [   DEBUG][0m - sft_loss_ratio                : 0.0[0m
[35m[2026-05-12 10:54:10,538] [   DEBUG][0m - sharded_model_from_ema        : False[0m
[35m[2026-05-12 10:54:10,538] [   DEBUG][0m - sharding                      : [][0m
[35m[2026-05-12 10:54:10,538] [   DEBUG][0m - sharding_comm_buffer_size_MB  : -1[0m
[35m[2026-05-12 10:54:10,538] [   DEBUG][0m - sharding_degree               : -1[0m
[35m[2026-05-12 10:54:10,538] [   DEBUG][0m - sharding_offload_opt_buffersize_GB: -1[0m
[35m[2026-05-12 10:54:10,538] [   DEBUG][0m - sharding_parallel_config      : [0m
[35m[2026-05-12 10:54:10,538] [   DEBUG][0m - sharding_parallel_mesh_dimension: dp[0m
[35m[2026-05-12 10:54:10,539] [   DEBUG][0m - sharding_parallel_rank        : 0[0m
[35m[2026-05-12 10:54:10,539] [   DEBUG][0m - sharding_parallel_size        : 1[0m
[35m[2026-05-12 10:54:10,539] [   DEBUG][0m - should_load_dataset           : True[0m
[35m[2026-05-12 10:54:10,539] [   DEBUG][0m - should_load_sharding_stage1_model: False[0m
[35m[2026-05-12 10:54:10,539] [   DEBUG][0m - should_log                    : True[0m
[35m[2026-05-12 10:54:10,539] [   DEBUG][0m - should_save                   : True[0m
[35m[2026-05-12 10:54:10,539] [   DEBUG][0m - should_save_model_state       : True[0m
[35m[2026-05-12 10:54:10,539] [   DEBUG][0m - should_save_model_with_tensor_fusion: False[0m
[35m[2026-05-12 10:54:10,539] [   DEBUG][0m - should_save_sharding_stage1_model: False[0m
[35m[2026-05-12 10:54:10,539] [   DEBUG][0m - shuffle_consecutive           : False[0m
[35m[2026-05-12 10:54:10,539] [   DEBUG][0m - simpo_gamma                   : 0.5[0m
[35m[2026-05-12 10:54:10,539] [   DEBUG][0m - skip_data_intervals           : None[0m
[35m[2026-05-12 10:54:10,540] [   DEBUG][0m - skip_memory_metrics           : True[0m
[35m[2026-05-12 10:54:10,540] [   DEBUG][0m - skip_profile_timer            : True[0m
[35m[2026-05-12 10:54:10,540] [   DEBUG][0m - softmax_scale                 : None[0m
[35m[2026-05-12 10:54:10,540] [   DEBUG][0m - softmax_type                  : vanilla[0m
[35m[2026-05-12 10:54:10,540] [   DEBUG][0m - sp_allreduce_avg_in_gradinent_scale: False[0m
[35m[2026-05-12 10:54:10,540] [   DEBUG][0m - sp_async_reduce_scatter       : False[0m
[35m[2026-05-12 10:54:10,540] [   DEBUG][0m - split_backward                : False[0m
[35m[2026-05-12 10:54:10,540] [   DEBUG][0m - split_inputs_sequence_dim     : True[0m
[35m[2026-05-12 10:54:10,540] [   DEBUG][0m - split_norm_comm               : False[0m
[35m[2026-05-12 10:54:10,540] [   DEBUG][0m - split_param                   : True[0m
[35m[2026-05-12 10:54:10,540] [   DEBUG][0m - stage1_allgather_overlap      : False[0m
[35m[2026-05-12 10:54:10,540] [   DEBUG][0m - stage1_broadcast_overlap      : False[0m
[35m[2026-05-12 10:54:10,540] [   DEBUG][0m - stage1_overlap                : False[0m
[35m[2026-05-12 10:54:10,541] [   DEBUG][0m - stage1_reduce_avg             : True[0m
[35m[2026-05-12 10:54:10,541] [   DEBUG][0m - stage1_tensor_fusion          : False[0m
[35m[2026-05-12 10:54:10,541] [   DEBUG][0m - stage2_overlap                : False[0m
[35m[2026-05-12 10:54:10,541] [   DEBUG][0m - sync_grad                     : False[0m
[35m[2026-05-12 10:54:10,541] [   DEBUG][0m - tensor_fusion                 : False[0m
[35m[2026-05-12 10:54:10,541] [   DEBUG][0m - tensor_model_parallel_size    : 2[0m
[35m[2026-05-12 10:54:10,541] [   DEBUG][0m - tensor_parallel_config        : [0m
[35m[2026-05-12 10:54:10,541] [   DEBUG][0m - tensor_parallel_output        : True[0m
[35m[2026-05-12 10:54:10,541] [   DEBUG][0m - tensor_parallel_rank          : 0[0m
[35m[2026-05-12 10:54:10,541] [   DEBUG][0m - tensorwise_offload_optimizer  : False[0m
[35m[2026-05-12 10:54:10,541] [   DEBUG][0m - tie_word_embeddings           : None[0m
[35m[2026-05-12 10:54:10,541] [   DEBUG][0m - timer                         : False[0m
[35m[2026-05-12 10:54:10,541] [   DEBUG][0m - to_static                     : False[0m
[35m[2026-05-12 10:54:10,542] [   DEBUG][0m - token_balance_loss            : False[0m
[35m[2026-05-12 10:54:10,542] [   DEBUG][0m - tp_async_allreduce            : False[0m
[35m[2026-05-12 10:54:10,542] [   DEBUG][0m - tp_sync_moment                : False[0m
[35m[2026-05-12 10:54:10,542] [   DEBUG][0m - tp_sync_param                 : False[0m
[35m[2026-05-12 10:54:10,542] [   DEBUG][0m - train_batch_size              : 1[0m
[35m[2026-05-12 10:54:10,542] [   DEBUG][0m - train_mtp_only                : False[0m
[35m[2026-05-12 10:54:10,542] [   DEBUG][0m - unified_checkpoint            : False[0m
[35m[2026-05-12 10:54:10,542] [   DEBUG][0m - unified_checkpoint_config     : [0m
[35m[2026-05-12 10:54:10,542] [   DEBUG][0m - use_async_save                : False[0m
[35m[2026-05-12 10:54:10,542] [   DEBUG][0m - use_cache                     : False[0m
[35m[2026-05-12 10:54:10,542] [   DEBUG][0m - use_dualpipev                 : False[0m
[35m[2026-05-12 10:54:10,542] [   DEBUG][0m - use_expert_parallel           : False[0m
[35m[2026-05-12 10:54:10,542] [   DEBUG][0m - use_filtered_label_loss       : False[0m
[35m[2026-05-12 10:54:10,543] [   DEBUG][0m - use_fp8                       : False[0m
[35m[2026-05-12 10:54:10,543] [   DEBUG][0m - use_fused_head_and_loss_fn    : False[0m
[35m[2026-05-12 10:54:10,543] [   DEBUG][0m - use_fused_linear_cross_entropy: False[0m
[35m[2026-05-12 10:54:10,543] [   DEBUG][0m - use_hybrid_parallel           : True[0m
[35m[2026-05-12 10:54:10,543] [   DEBUG][0m - use_intermediate_api          : False[0m
[35m[2026-05-12 10:54:10,543] [   DEBUG][0m - use_lowprecision_moment       : False[0m
[35m[2026-05-12 10:54:10,543] [   DEBUG][0m - use_moe                       : False[0m
[35m[2026-05-12 10:54:10,543] [   DEBUG][0m - use_ortho_loss_callback       : False[0m
[35m[2026-05-12 10:54:10,543] [   DEBUG][0m - use_qk_norm                   : None[0m
[35m[2026-05-12 10:54:10,543] [   DEBUG][0m - use_recompute_mtp             : False[0m
[35m[2026-05-12 10:54:10,543] [   DEBUG][0m - use_unified_moe               : False[0m
[35m[2026-05-12 10:54:10,543] [   DEBUG][0m - using_sonic_moe               : False[0m
[35m[2026-05-12 10:54:10,543] [   DEBUG][0m - variable_seq_lengths          : False[0m
[35m[2026-05-12 10:54:10,544] [   DEBUG][0m - virtual_pipeline_model_parallel_size: 1[0m
[35m[2026-05-12 10:54:10,544] [   DEBUG][0m - wandb_api_key                 : None[0m
[35m[2026-05-12 10:54:10,544] [   DEBUG][0m - wandb_http_proxy              : None[0m
[35m[2026-05-12 10:54:10,544] [   DEBUG][0m - warmup_ratio                  : 0.0[0m
[35m[2026-05-12 10:54:10,544] [   DEBUG][0m - warmup_steps                  : 10[0m
[35m[2026-05-12 10:54:10,544] [   DEBUG][0m - weight_decay                  : 0.0[0m
[35m[2026-05-12 10:54:10,544] [   DEBUG][0m - weight_name_suffix            : tp00_pp00[0m
[35m[2026-05-12 10:54:10,544] [   DEBUG][0m - weight_quantize_algo          : None[0m
[35m[2026-05-12 10:54:10,544] [   DEBUG][0m - world_size                    : 4[0m
[35m[2026-05-12 10:54:10,544] [   DEBUG][0m - zcc_ema_interval              : 1[0m
[35m[2026-05-12 10:54:10,544] [   DEBUG][0m - zcc_ema_loss_threshold        : None[0m
[35m[2026-05-12 10:54:10,544] [   DEBUG][0m - zcc_pipeline_hooks_capacity_usage: 0.6[0m
[35m[2026-05-12 10:54:10,544] [   DEBUG][0m - zcc_save_ema_coef             : None[0m
[35m[2026-05-12 10:54:10,545] [   DEBUG][0m - zcc_workers_num               : 3[0m
[35m[2026-05-12 10:54:10,545] [   DEBUG][0m - [0m
[32m[2026-05-12 10:54:10,546] [    INFO][0m - Starting training from resume_from_checkpoint : None[0m
[32m[2026-05-12 10:54:10,547] [    INFO][0m - [timelog] RuntimeTimer: 0.00s (2026-05-12 10:54:10) [0m
[32m[2026-05-12 10:54:10,547] [    INFO][0m - ***** Running training *****[0m
[32m[2026-05-12 10:54:10,547] [    INFO][0m -   Num examples = 1,200[0m
[32m[2026-05-12 10:54:10,547] [    INFO][0m -   Num Epochs = 9223372036854775807[0m
[32m[2026-05-12 10:54:10,547] [    INFO][0m -   Instantaneous batch size per device = 1[0m
[32m[2026-05-12 10:54:10,547] [    INFO][0m -   Total train batch size (w. parallel, distributed & accumulation) = 4[0m
[32m[2026-05-12 10:54:10,547] [    INFO][0m -   Gradient Accumulation steps = 4[0m
[32m[2026-05-12 10:54:10,547] [    INFO][0m -   Total optimization steps = 300[0m
[32m[2026-05-12 10:54:10,547] [    INFO][0m -   Total num train samples = 1,200[0m
[2026-05-12 10:54:10,561] [    INFO] pipeline_parallel.py:808 - Pipeline scheduler is in dynamic_shape mode=False
[2026-05-12 10:54:10,561] [    INFO] pipeline_parallel.py:818 - dp_comm_overlap False;             sharding_comm_overlap False;             sharding_split_param False;
[2026-05-12 10:54:10,561] [    INFO] pipeline_parallel.py:890 - Pipeline Info -- num_stages: 2, stage_id: 0
[2026-05-12 10:54:10,561] [    INFO] pipeline_parallel.py:895 - start broadcast mp parameters
W0512 10:54:10.587245 189411 nccl_comm_context.cc:70] ncclCommInitRankConfigMemOpt is not supported.
[2026-05-12 10:54:10,857] [ WARNING] hybrid_parallel_optimizer.py:332 - While using ClipGradByGlobalNorm in TensorParallel, PipelineParallel or Sharding, the grad clip of original optimizer will be changed.
[35m[2026-05-12 10:54:10,862] [   DEBUG][0m -   Number of trainable parameters = 7,077,888 (per device)[0m
[35m[2026-05-12 10:54:10,877] [   DEBUG][0m -   Number of trainable parameters = 28,311,552 (all devices, roughly)[0m
[32m[2026-05-12 10:54:10,890] [    INFO][0m - Using binpacking mode for data iteration.[0m
[33m[2026-05-12 10:54:11,669] [ WARNING][0m - [SKIP] data is deleted by truncation strategy: <|begin_of_text|><|start_header_id|>user<|end_head...[0m
W0512 10:54:28.236620 189411 nccl_comm_context.cc:70] ncclCommInitRankConfigMemOpt is not supported.
W0512 10:54:36.754338 189411 nccl_comm_context.cc:70] ncclCommInitRankConfigMemOpt is not supported.
[32m[2026-05-12 10:54:37,354] [    INFO][0m - loss: 0.03880773, learning_rate: 1e-05, global_step: 1, current_memory_allocated: 7.584475040435791, current_memory_reserved: 12.686565399169922, max_memory_allocated: 12.197029113769531, max_memory_reserved: 12.686565399169922, interval_runtime: 26.4611, interval_samples_per_second: 0.1512, interval_steps_per_second: 0.0378, global_norm: 0.1230563372373581, ppl: 1.039570586197024, progress_or_epoch: 0.0033, cpu_used_memory: 55.05, cpu_available_memory: 448.14[0m
[32m[2026-05-12 10:54:37,354] [    INFO][0m - [DataLoad global_step: 1] data_load_time: 1038.63 ms (accumulated over 4 micro-batches)[0m
[32m[2026-05-12 10:54:40,026] [    INFO][0m - loss: 0.05063441, learning_rate: 2e-05, global_step: 2, current_memory_allocated: 7.584475040435791, current_memory_reserved: 12.686565399169922, max_memory_allocated: 12.197029113769531, max_memory_reserved: 12.686565399169922, interval_runtime: 2.6695, interval_samples_per_second: 1.4984, interval_steps_per_second: 0.3746, global_norm: 0.17268957197666168, ppl: 1.0519382448727388, progress_or_epoch: 0.0067, cpu_used_memory: 55.04, cpu_available_memory: 448.14[0m
[32m[2026-05-12 10:54:40,026] [    INFO][0m - [DataLoad global_step: 2] data_load_time: 0.47 ms (accumulated over 4 micro-batches)[0m
[32m[2026-05-12 10:54:42,702] [    INFO][0m - loss: 0.02813151, learning_rate: 3e-05, global_step: 3, current_memory_allocated: 7.584475040435791, current_memory_reserved: 12.686565399169922, max_memory_allocated: 12.197029113769531, max_memory_reserved: 12.686565399169922, interval_runtime: 2.6745, interval_samples_per_second: 1.4956, interval_steps_per_second: 0.3739, global_norm: 0.07976292818784714, ppl: 1.0285309376312632, progress_or_epoch: 0.01, cpu_used_memory: 55.04, cpu_available_memory: 448.14[0m
[32m[2026-05-12 10:54:42,702] [    INFO][0m - [DataLoad global_step: 3] data_load_time: 0.39 ms (accumulated over 4 micro-batches)[0m
[32m[2026-05-12 10:54:45,373] [    INFO][0m - loss: 0.02558092, learning_rate: 4e-05, global_step: 4, current_memory_allocated: 7.584475040435791, current_memory_reserved: 12.686565399169922, max_memory_allocated: 12.197029113769531, max_memory_reserved: 12.686565399169922, interval_runtime: 2.6712, interval_samples_per_second: 1.4974, interval_steps_per_second: 0.3744, global_norm: 0.10595489293336868, ppl: 1.025910919623295, progress_or_epoch: 0.0133, cpu_used_memory: 55.04, cpu_available_memory: 448.15[0m
[32m[2026-05-12 10:54:45,373] [    INFO][0m - [DataLoad global_step: 4] data_load_time: 0.38 ms (accumulated over 4 micro-batches)[0m
[32m[2026-05-12 10:54:48,044] [    INFO][0m - loss: 0.02666604, learning_rate: 5e-05, global_step: 5, current_memory_allocated: 7.584475040435791, current_memory_reserved: 12.686565399169922, max_memory_allocated: 12.197029113769531, max_memory_reserved: 12.686565399169922, interval_runtime: 2.6685, interval_samples_per_second: 1.4989, interval_steps_per_second: 0.3747, global_norm: 0.10853197425603867, ppl: 1.027024760296498, progress_or_epoch: 0.0167, cpu_used_memory: 55.05, cpu_available_memory: 448.13[0m
[32m[2026-05-12 10:54:48,044] [    INFO][0m - [DataLoad global_step: 5] data_load_time: 0.40 ms (accumulated over 4 micro-batches)[0m
[32m[2026-05-12 10:54:50,715] [    INFO][0m - loss: 0.02111322, learning_rate: 6e-05, global_step: 6, current_memory_allocated: 7.584475040435791, current_memory_reserved: 12.686565399169922, max_memory_allocated: 12.197029113769531, max_memory_reserved: 12.686565399169922, interval_runtime: 2.6736, interval_samples_per_second: 1.4961, interval_steps_per_second: 0.374, global_norm: 0.12120810896158218, ppl: 1.0213376809438666, progress_or_epoch: 0.02, cpu_used_memory: 55.05, cpu_available_memory: 448.14[0m
[32m[2026-05-12 10:54:50,716] [    INFO][0m - [DataLoad global_step: 6] data_load_time: 0.37 ms (accumulated over 4 micro-batches)[0m
[32m[2026-05-12 10:54:53,381] [    INFO][0m - loss: 0.01963403, learning_rate: 7e-05, global_step: 7, current_memory_allocated: 7.584475040435791, current_memory_reserved: 12.686565399169922, max_memory_allocated: 12.197029113769531, max_memory_reserved: 12.686565399169922, interval_runtime: 2.6647, interval_samples_per_second: 1.5011, interval_steps_per_second: 0.3753, global_norm: 0.13907931745052338, ppl: 1.0198280452538566, progress_or_epoch: 0.0233, cpu_used_memory: 55.05, cpu_available_memory: 448.14[0m
[32m[2026-05-12 10:54:53,382] [    INFO][0m - [DataLoad global_step: 7] data_load_time: 0.39 ms (accumulated over 4 micro-batches)[0m
[32m[2026-05-12 10:54:56,048] [    INFO][0m - loss: 0.01242403, learning_rate: 8e-05, global_step: 8, current_memory_allocated: 7.584475040435791, current_memory_reserved: 12.686565399169922, max_memory_allocated: 12.197029113769531, max_memory_reserved: 12.686565399169922, interval_runtime: 2.6673, interval_samples_per_second: 1.4996, interval_steps_per_second: 0.3749, global_norm: 0.11071870476007462, ppl: 1.0125015288776151, progress_or_epoch: 0.0267, cpu_used_memory: 55.04, cpu_available_memory: 448.14[0m
[32m[2026-05-12 10:54:56,049] [    INFO][0m - [DataLoad global_step: 8] data_load_time: 0.40 ms (accumulated over 4 micro-batches)[0m
[32m[2026-05-12 10:54:58,715] [    INFO][0m - loss: 0.00925675, learning_rate: 9e-05, global_step: 9, current_memory_allocated: 7.584475040435791, current_memory_reserved: 12.686565399169922, max_memory_allocated: 12.197029113769531, max_memory_reserved: 12.686565399169922, interval_runtime: 2.666, interval_samples_per_second: 1.5004, interval_steps_per_second: 0.3751, global_norm: 0.12761221826076508, ppl: 1.0092997262146175, progress_or_epoch: 0.03, cpu_used_memory: 55.04, cpu_available_memory: 448.15[0m
[32m[2026-05-12 10:54:58,716] [    INFO][0m - [DataLoad global_step: 9] data_load_time: 0.40 ms (accumulated over 4 micro-batches)[0m
[32m[2026-05-12 10:55:01,385] [    INFO][0m - loss: 0.01103902, learning_rate: 0.0001, global_step: 10, current_memory_allocated: 7.584475040435791, current_memory_reserved: 12.686565399169922, max_memory_allocated: 12.197029113769531, max_memory_reserved: 12.686565399169922, interval_runtime: 2.667, interval_samples_per_second: 1.4998, interval_steps_per_second: 0.375, global_norm: 0.2056855857372284, ppl: 1.01110017480382, progress_or_epoch: 0.0333, cpu_used_memory: 55.04, cpu_available_memory: 448.15[0m
[32m[2026-05-12 10:55:01,385] [    INFO][0m - [DataLoad global_step: 10] data_load_time: 0.41 ms (accumulated over 4 micro-batches)[0m
[32m[2026-05-12 10:55:04,055] [    INFO][0m - loss: 0.00447301, learning_rate: 9.966e-05, global_step: 11, current_memory_allocated: 7.584475040435791, current_memory_reserved: 12.686565399169922, max_memory_allocated: 12.197029113769531, max_memory_reserved: 12.686565399169922, interval_runtime: 2.6705, interval_samples_per_second: 1.4978, interval_steps_per_second: 0.3745, global_norm: 0.15594246983528137, ppl: 1.0044830288417868, progress_or_epoch: 0.0367, cpu_used_memory: 55.09, cpu_available_memory: 448.09[0m
[32m[2026-05-12 10:55:04,056] [    INFO][0m - [DataLoad global_step: 11] data_load_time: 0.39 ms (accumulated over 4 micro-batches)[0m
[32m[2026-05-12 10:55:06,725] [    INFO][0m - loss: 0.00703471, learning_rate: 9.931e-05, global_step: 12, current_memory_allocated: 7.584475040435791, current_memory_reserved: 12.686565399169922, max_memory_allocated: 12.197029113769531, max_memory_reserved: 12.686565399169922, interval_runtime: 2.6694, interval_samples_per_second: 1.4985, interval_steps_per_second: 0.3746, global_norm: 0.6250923871994019, ppl: 1.0070595116958618, progress_or_epoch: 0.04, cpu_used_memory: 55.09, cpu_available_memory: 448.1[0m
[32m[2026-05-12 10:55:06,725] [    INFO][0m - [DataLoad global_step: 12] data_load_time: 0.39 ms (accumulated over 4 micro-batches)[0m
[32m[2026-05-12 10:55:09,392] [    INFO][0m - loss: 0.00281008, learning_rate: 9.897e-05, global_step: 13, current_memory_allocated: 7.584475040435791, current_memory_reserved: 12.686565399169922, max_memory_allocated: 12.197029113769531, max_memory_reserved: 12.686565399169922, interval_runtime: 2.6656, interval_samples_per_second: 1.5006, interval_steps_per_second: 0.3751, global_norm: 0.2266240417957306, ppl: 1.0028140319757255, progress_or_epoch: 0.0433, cpu_used_memory: 55.08, cpu_available_memory: 448.1[0m
[32m[2026-05-12 10:55:09,393] [    INFO][0m - [DataLoad global_step: 13] data_load_time: 0.37 ms (accumulated over 4 micro-batches)[0m
[32m[2026-05-12 10:55:12,065] [    INFO][0m - loss: 0.00339237, learning_rate: 9.862e-05, global_step: 14, current_memory_allocated: 7.584475040435791, current_memory_reserved: 12.686565399169922, max_memory_allocated: 12.197029113769531, max_memory_reserved: 12.686565399169922, interval_runtime: 2.669, interval_samples_per_second: 1.4987, interval_steps_per_second: 0.3747, global_norm: 0.19453412294387817, ppl: 1.0033981305992947, progress_or_epoch: 0.0467, cpu_used_memory: 55.08, cpu_available_memory: 448.11[0m
[32m[2026-05-12 10:55:12,065] [    INFO][0m - [DataLoad global_step: 14] data_load_time: 0.39 ms (accumulated over 4 micro-batches)[0m
[32m[2026-05-12 10:55:14,733] [    INFO][0m - loss: 0.0015611, learning_rate: 9.828e-05, global_step: 15, current_memory_allocated: 7.584475040435791, current_memory_reserved: 12.686565399169922, max_memory_allocated: 12.197029113769531, max_memory_reserved: 12.686565399169922, interval_runtime: 2.668, interval_samples_per_second: 1.4993, interval_steps_per_second: 0.3748, global_norm: 0.14707306027412415, ppl: 1.001562319150928, progress_or_epoch: 0.05, cpu_used_memory: 55.07, cpu_available_memory: 448.11[0m
[32m[2026-05-12 10:55:14,733] [    INFO][0m - [DataLoad global_step: 15] data_load_time: 0.39 ms (accumulated over 4 micro-batches)[0m
[32m[2026-05-12 10:55:17,402] [    INFO][0m - loss: 0.00185139, learning_rate: 9.793e-05, global_step: 16, current_memory_allocated: 7.584475040435791, current_memory_reserved: 12.686565399169922, max_memory_allocated: 12.197029113769531, max_memory_reserved: 12.686565399169922, interval_runtime: 2.6683, interval_samples_per_second: 1.4991, interval_steps_per_second: 0.3748, global_norm: 0.07891683280467987, ppl: 1.001853104880607, progress_or_epoch: 0.0533, cpu_used_memory: 55.07, cpu_available_memory: 448.11[0m
[32m[2026-05-12 10:55:17,402] [    INFO][0m - [DataLoad global_step: 16] data_load_time: 0.39 ms (accumulated over 4 micro-batches)[0m
[32m[2026-05-12 10:55:20,082] [    INFO][0m - loss: 0.00198222, learning_rate: 9.759e-05, global_step: 17, current_memory_allocated: 7.584475040435791, current_memory_reserved: 12.686565399169922, max_memory_allocated: 12.197029113769531, max_memory_reserved: 12.686565399169922, interval_runtime: 2.6786, interval_samples_per_second: 1.4933, interval_steps_per_second: 0.3733, global_norm: 0.0823795348405838, ppl: 1.0019841858967962, progress_or_epoch: 0.0567, cpu_used_memory: 55.07, cpu_available_memory: 448.12[0m
[32m[2026-05-12 10:55:20,082] [    INFO][0m - [DataLoad global_step: 17] data_load_time: 0.40 ms (accumulated over 4 micro-batches)[0m
[32m[2026-05-12 10:55:22,752] [    INFO][0m - loss: 0.00078109, learning_rate: 9.724e-05, global_step: 18, current_memory_allocated: 7.584475040435791, current_memory_reserved: 12.686565399169922, max_memory_allocated: 12.197029113769531, max_memory_reserved: 12.686565399169922, interval_runtime: 2.6721, interval_samples_per_second: 1.497, interval_steps_per_second: 0.3742, global_norm: 0.044446107000112534, ppl: 1.0007813951302336, progress_or_epoch: 0.06, cpu_used_memory: 55.06, cpu_available_memory: 448.12[0m
[32m[2026-05-12 10:55:22,752] [    INFO][0m - [DataLoad global_step: 18] data_load_time: 0.41 ms (accumulated over 4 micro-batches)[0m
[32m[2026-05-12 10:55:25,424] [    INFO][0m - loss: 0.00061279, learning_rate: 9.69e-05, global_step: 19, current_memory_allocated: 7.584475040435791, current_memory_reserved: 12.686565399169922, max_memory_allocated: 12.197029113769531, max_memory_reserved: 12.686565399169922, interval_runtime: 2.672, interval_samples_per_second: 1.497, interval_steps_per_second: 0.3743, global_norm: 0.030889522284269333, ppl: 1.0006129777941495, progress_or_epoch: 0.0633, cpu_used_memory: 55.06, cpu_available_memory: 448.13[0m
[32m[2026-05-12 10:55:25,425] [    INFO][0m - [DataLoad global_step: 19] data_load_time: 0.39 ms (accumulated over 4 micro-batches)[0m
[32m[2026-05-12 10:55:28,099] [    INFO][0m - loss: 0.00025612, learning_rate: 9.655e-05, global_step: 20, current_memory_allocated: 7.584475040435791, current_memory_reserved: 12.686565399169922, max_memory_allocated: 12.197029113769531, max_memory_reserved: 12.686565399169922, interval_runtime: 2.6731, interval_samples_per_second: 1.4964, interval_steps_per_second: 0.3741, global_norm: 0.012937108054757118, ppl: 1.0002561528015275, progress_or_epoch: 0.0667, cpu_used_memory: 55.06, cpu_available_memory: 448.13[0m
[32m[2026-05-12 10:55:28,099] [    INFO][0m - [DataLoad global_step: 20] data_load_time: 0.38 ms (accumulated over 4 micro-batches)[0m
[32m[2026-05-12 10:55:30,769] [    INFO][0m - loss: 0.00066431, learning_rate: 9.621e-05, global_step: 21, current_memory_allocated: 7.584475040435791, current_memory_reserved: 12.686565399169922, max_memory_allocated: 12.197029113769531, max_memory_reserved: 12.686565399169922, interval_runtime: 2.6698, interval_samples_per_second: 1.4982, interval_steps_per_second: 0.3746, global_norm: 0.031624726951122284, ppl: 1.000664530702757, progress_or_epoch: 0.07, cpu_used_memory: 55.06, cpu_available_memory: 448.13[0m
[32m[2026-05-12 10:55:30,770] [    INFO][0m - [DataLoad global_step: 21] data_load_time: 0.39 ms (accumulated over 4 micro-batches)[0m
[32m[2026-05-12 10:55:33,441] [    INFO][0m - loss: 0.00049602, learning_rate: 9.586e-05, global_step: 22, current_memory_allocated: 7.584475040435791, current_memory_reserved: 12.686565399169922, max_memory_allocated: 12.197029113769531, max_memory_reserved: 12.686565399169922, interval_runtime: 2.6728, interval_samples_per_second: 1.4966, interval_steps_per_second: 0.3741, global_norm: 0.02637878991663456, ppl: 1.0004961430382624, progress_or_epoch: 0.0733, cpu_used_memory: 55.06, cpu_available_memory: 448.13[0m
[32m[2026-05-12 10:55:33,441] [    INFO][0m - [DataLoad global_step: 22] data_load_time: 0.39 ms (accumulated over 4 micro-batches)[0m
[32m[2026-05-12 10:55:36,113] [    INFO][0m - loss: 0.00152461, learning_rate: 9.552e-05, global_step: 23, current_memory_allocated: 7.584475040435791, current_memory_reserved: 12.686565399169922, max_memory_allocated: 12.197029113769531, max_memory_reserved: 12.686565399169922, interval_runtime: 2.6709, interval_samples_per_second: 1.4976, interval_steps_per_second: 0.3744, global_norm: 0.08357155323028564, ppl: 1.0015257728086941, progress_or_epoch: 0.0767, cpu_used_memory: 55.05, cpu_available_memory: 448.13[0m
[32m[2026-05-12 10:55:36,113] [    INFO][0m - [DataLoad global_step: 23] data_load_time: 0.40 ms (accumulated over 4 micro-batches)[0m
[32m[2026-05-12 10:55:38,789] [    INFO][0m - loss: 0.00034887, learning_rate: 9.517e-05, global_step: 24, current_memory_allocated: 7.584475040435791, current_memory_reserved: 12.686565399169922, max_memory_allocated: 12.197029113769531, max_memory_reserved: 12.686565399169922, interval_runtime: 2.6758, interval_samples_per_second: 1.4949, interval_steps_per_second: 0.3737, global_norm: 0.019272586330771446, ppl: 1.000348930862216, progress_or_epoch: 0.08, cpu_used_memory: 55.05, cpu_available_memory: 448.14[0m
[32m[2026-05-12 10:55:38,790] [    INFO][0m - [DataLoad global_step: 24] data_load_time: 0.40 ms (accumulated over 4 micro-batches)[0m
[32m[2026-05-12 10:55:41,464] [    INFO][0m - loss: 0.00040258, learning_rate: 9.483e-05, global_step: 25, current_memory_allocated: 7.584475040435791, current_memory_reserved: 12.686565399169922, max_memory_allocated: 12.197029113769531, max_memory_reserved: 12.686565399169922, interval_runtime: 2.6707, interval_samples_per_second: 1.4977, interval_steps_per_second: 0.3744, global_norm: 0.04430922865867615, ppl: 1.0004026610462038, progress_or_epoch: 0.0833, cpu_used_memory: 55.05, cpu_available_memory: 448.14[0m
[32m[2026-05-12 10:55:41,464] [    INFO][0m - [DataLoad global_step: 25] data_load_time: 0.39 ms (accumulated over 4 micro-batches)[0m
[32m[2026-05-12 10:55:44,138] [    INFO][0m - loss: 9.766e-05, learning_rate: 9.448e-05, global_step: 26, current_memory_allocated: 7.584475040435791, current_memory_reserved: 12.686565399169922, max_memory_allocated: 12.197029113769531, max_memory_reserved: 12.686565399169922, interval_runtime: 2.6744, interval_samples_per_second: 1.4957, interval_steps_per_second: 0.3739, global_norm: 0.0022228676825761795, ppl: 1.000097664768893, progress_or_epoch: 0.0867, cpu_used_memory: 55.04, cpu_available_memory: 448.14[0m
[32m[2026-05-12 10:55:44,138] [    INFO][0m - [DataLoad global_step: 26] data_load_time: 0.40 ms (accumulated over 4 micro-batches)[0m
[32m[2026-05-12 10:55:46,813] [    INFO][0m - loss: 0.00055577, learning_rate: 9.414e-05, global_step: 27, current_memory_allocated: 7.584475040435791, current_memory_reserved: 12.686565399169922, max_memory_allocated: 12.197029113769531, max_memory_reserved: 12.686565399169922, interval_runtime: 2.6737, interval_samples_per_second: 1.4961, interval_steps_per_second: 0.374, global_norm: 0.17929479479789734, ppl: 1.0005559244687614, progress_or_epoch: 0.09, cpu_used_memory: 55.05, cpu_available_memory: 448.13[0m
[32m[2026-05-12 10:55:46,813] [    INFO][0m - [DataLoad global_step: 27] data_load_time: 0.39 ms (accumulated over 4 micro-batches)[0m
[32m[2026-05-12 10:55:49,490] [    INFO][0m - loss: 0.0001172, learning_rate: 9.379e-05, global_step: 28, current_memory_allocated: 7.584475040435791, current_memory_reserved: 12.686565399169922, max_memory_allocated: 12.197029113769531, max_memory_reserved: 12.686565399169922, interval_runtime: 2.6765, interval_samples_per_second: 1.4945, interval_steps_per_second: 0.3736, global_norm: 0.005262490827590227, ppl: 1.0001172068681883, progress_or_epoch: 0.0933, cpu_used_memory: 55.06, cpu_available_memory: 448.12[0m
[32m[2026-05-12 10:55:49,491] [    INFO][0m - [DataLoad global_step: 28] data_load_time: 0.39 ms (accumulated over 4 micro-batches)[0m
[32m[2026-05-12 10:55:52,165] [    INFO][0m - loss: 0.00062723, learning_rate: 9.345e-05, global_step: 29, current_memory_allocated: 7.584475040435791, current_memory_reserved: 12.686565399169922, max_memory_allocated: 12.197029113769531, max_memory_reserved: 12.686565399169922, interval_runtime: 2.6757, interval_samples_per_second: 1.4949, interval_steps_per_second: 0.3737, global_norm: 0.07545556873083115, ppl: 1.00062742674987, progress_or_epoch: 0.0967, cpu_used_memory: 55.05, cpu_available_memory: 448.13[0m
[32m[2026-05-12 10:55:52,166] [    INFO][0m - [DataLoad global_step: 29] data_load_time: 0.39 ms (accumulated over 4 micro-batches)[0m
[32m[2026-05-12 10:55:54,839] [    INFO][0m - loss: 0.00010657, learning_rate: 9.31e-05, global_step: 30, current_memory_allocated: 7.584475040435791, current_memory_reserved: 12.686565399169922, max_memory_allocated: 12.197029113769531, max_memory_reserved: 12.686565399169922, interval_runtime: 2.6734, interval_samples_per_second: 1.4962, interval_steps_per_second: 0.3741, global_norm: 0.00204420811496675, ppl: 1.0001065756787841, progress_or_epoch: 0.1, cpu_used_memory: 55.05, cpu_available_memory: 448.14[0m
[32m[2026-05-12 10:55:54,839] [    INFO][0m - [DataLoad global_step: 30] data_load_time: 0.39 ms (accumulated over 4 micro-batches)[0m
[32m[2026-05-12 10:55:57,559] [    INFO][0m - loss: 0.0002151, learning_rate: 9.276e-05, global_step: 31, current_memory_allocated: 7.584475040435791, current_memory_reserved: 12.686565399169922, max_memory_allocated: 12.197029113769531, max_memory_reserved: 12.686565399169922, interval_runtime: 2.7191, interval_samples_per_second: 1.4711, interval_steps_per_second: 0.3678, global_norm: 0.02216964028775692, ppl: 1.0002151231356637, progress_or_epoch: 0.1033, cpu_used_memory: 55.1, cpu_available_memory: 448.08[0m
[32m[2026-05-12 10:55:57,559] [    INFO][0m - [DataLoad global_step: 31] data_load_time: 0.50 ms (accumulated over 4 micro-batches)[0m
[32m[2026-05-12 10:56:00,229] [    INFO][0m - loss: 0.00011141, learning_rate: 9.241e-05, global_step: 32, current_memory_allocated: 7.584475040435791, current_memory_reserved: 12.686565399169922, max_memory_allocated: 12.197029113769531, max_memory_reserved: 12.686565399169922, interval_runtime: 2.6696, interval_samples_per_second: 1.4984, interval_steps_per_second: 0.3746, global_norm: 0.0039467657916247845, ppl: 1.0001114162063245, progress_or_epoch: 0.1067, cpu_used_memory: 55.1, cpu_available_memory: 448.09[0m
[32m[2026-05-12 10:56:00,230] [    INFO][0m - [DataLoad global_step: 32] data_load_time: 0.39 ms (accumulated over 4 micro-batches)[0m
[32m[2026-05-12 10:56:02,906] [    INFO][0m - loss: 0.00017498, learning_rate: 9.207e-05, global_step: 33, current_memory_allocated: 7.584475040435791, current_memory_reserved: 12.686565399169922, max_memory_allocated: 12.197029113769531, max_memory_reserved: 12.686565399169922, interval_runtime: 2.6762, interval_samples_per_second: 1.4947, interval_steps_per_second: 0.3737, global_norm: 0.012944692745804787, ppl: 1.000174995309893, progress_or_epoch: 0.11, cpu_used_memory: 55.15, cpu_available_memory: 448.03[0m
[32m[2026-05-12 10:56:02,906] [    INFO][0m - [DataLoad global_step: 33] data_load_time: 0.39 ms (accumulated over 4 micro-batches)[0m
[32m[2026-05-12 10:56:05,578] [    INFO][0m - loss: 0.00245397, learning_rate: 9.172e-05, global_step: 34, current_memory_allocated: 7.584475040435791, current_memory_reserved: 12.686565399169922, max_memory_allocated: 12.197029113769531, max_memory_reserved: 12.686565399169922, interval_runtime: 2.6719, interval_samples_per_second: 1.497, interval_steps_per_second: 0.3743, global_norm: 0.05897965654730797, ppl: 1.0024569834488473, progress_or_epoch: 0.1133, cpu_used_memory: 55.15, cpu_available_memory: 448.04[0m
[32m[2026-05-12 10:56:05,579] [    INFO][0m - [DataLoad global_step: 34] data_load_time: 0.39 ms (accumulated over 4 micro-batches)[0m
[32m[2026-05-12 10:56:08,255] [    INFO][0m - loss: 0.00010647, learning_rate: 9.138e-05, global_step: 35, current_memory_allocated: 7.584475040435791, current_memory_reserved: 12.686565399169922, max_memory_allocated: 12.197029113769531, max_memory_reserved: 12.686565399169922, interval_runtime: 2.6772, interval_samples_per_second: 1.4941, interval_steps_per_second: 0.3735, global_norm: 0.0018105473136529326, ppl: 1.0001064756681317, progress_or_epoch: 0.1167, cpu_used_memory: 55.14, cpu_available_memory: 448.04[0m
[32m[2026-05-12 10:56:08,255] [    INFO][0m - [DataLoad global_step: 35] data_load_time: 0.39 ms (accumulated over 4 micro-batches)[0m
[32m[2026-05-12 10:56:10,930] [    INFO][0m - loss: 0.00038806, learning_rate: 9.103e-05, global_step: 36, current_memory_allocated: 7.584475040435791, current_memory_reserved: 12.686565399169922, max_memory_allocated: 12.197029113769531, max_memory_reserved: 12.686565399169922, interval_runtime: 2.6728, interval_samples_per_second: 1.4965, interval_steps_per_second: 0.3741, global_norm: 0.10189305990934372, ppl: 1.0003881353050224, progress_or_epoch: 0.12, cpu_used_memory: 55.14, cpu_available_memory: 448.05[0m
[32m[2026-05-12 10:56:10,930] [    INFO][0m - [DataLoad global_step: 36] data_load_time: 0.41 ms (accumulated over 4 micro-batches)[0m
[32m[2026-05-12 10:56:13,602] [    INFO][0m - loss: 0.00013236, learning_rate: 9.069e-05, global_step: 37, current_memory_allocated: 7.584475040435791, current_memory_reserved: 12.686565399169922, max_memory_allocated: 12.197029113769531, max_memory_reserved: 12.686565399169922, interval_runtime: 2.6701, interval_samples_per_second: 1.4981, interval_steps_per_second: 0.3745, global_norm: 0.0027442907448858023, ppl: 1.0001323687599712, progress_or_epoch: 0.1233, cpu_used_memory: 55.13, cpu_available_memory: 448.05[0m
[32m[2026-05-12 10:56:13,602] [    INFO][0m - [DataLoad global_step: 37] data_load_time: 0.40 ms (accumulated over 4 micro-batches)[0m
[32m[2026-05-12 10:56:16,270] [    INFO][0m - loss: 0.00015893, learning_rate: 9.034e-05, global_step: 38, current_memory_allocated: 7.584475040435791, current_memory_reserved: 12.686565399169922, max_memory_allocated: 12.197029113769531, max_memory_reserved: 12.686565399169922, interval_runtime: 2.6685, interval_samples_per_second: 1.499, interval_steps_per_second: 0.3747, global_norm: 0.011728925630450249, ppl: 1.0001589426300415, progress_or_epoch: 0.1267, cpu_used_memory: 55.13, cpu_available_memory: 448.06[0m
[32m[2026-05-12 10:56:16,270] [    INFO][0m - [DataLoad global_step: 38] data_load_time: 0.39 ms (accumulated over 4 micro-batches)[0m
[32m[2026-05-12 10:56:18,945] [    INFO][0m - loss: 9.806e-05, learning_rate: 9e-05, global_step: 39, current_memory_allocated: 7.584475040435791, current_memory_reserved: 12.686565399169922, max_memory_allocated: 12.197029113769531, max_memory_reserved: 12.686565399169922, interval_runtime: 2.6743, interval_samples_per_second: 1.4957, interval_steps_per_second: 0.3739, global_norm: 0.0062387059442698956, ppl: 1.0000980648080389, progress_or_epoch: 0.13, cpu_used_memory: 55.12, cpu_available_memory: 448.06[0m
[32m[2026-05-12 10:56:18,945] [    INFO][0m - [DataLoad global_step: 39] data_load_time: 0.40 ms (accumulated over 4 micro-batches)[0m
[32m[2026-05-12 10:56:21,618] [    INFO][0m - loss: 0.00010116, learning_rate: 8.966e-05, global_step: 40, current_memory_allocated: 7.584475040435791, current_memory_reserved: 12.686565399169922, max_memory_allocated: 12.197029113769531, max_memory_reserved: 12.686565399169922, interval_runtime: 2.6704, interval_samples_per_second: 1.4979, interval_steps_per_second: 0.3745, global_norm: 0.007049547974020243, ppl: 1.0001011651168454, progress_or_epoch: 0.1333, cpu_used_memory: 55.12, cpu_available_memory: 448.06[0m
[32m[2026-05-12 10:56:21,618] [    INFO][0m - [DataLoad global_step: 40] data_load_time: 0.37 ms (accumulated over 4 micro-batches)[0m
[32m[2026-05-12 10:56:24,295] [    INFO][0m - loss: 8.164e-05, learning_rate: 8.931e-05, global_step: 41, current_memory_allocated: 7.584475040435791, current_memory_reserved: 12.686565399169922, max_memory_allocated: 12.197029113769531, max_memory_reserved: 12.686565399169922, interval_runtime: 2.6767, interval_samples_per_second: 1.4944, interval_steps_per_second: 0.3736, global_norm: 0.0013603081461042166, ppl: 1.0000816433326354, progress_or_epoch: 0.1367, cpu_used_memory: 55.12, cpu_available_memory: 448.07[0m
[32m[2026-05-12 10:56:24,296] [    INFO][0m - [DataLoad global_step: 41] data_load_time: 0.39 ms (accumulated over 4 micro-batches)[0m
[32m[2026-05-12 10:56:26,968] [    INFO][0m - loss: 5.995e-05, learning_rate: 8.897e-05, global_step: 42, current_memory_allocated: 7.584475040435791, current_memory_reserved: 12.686565399169922, max_memory_allocated: 12.197029113769531, max_memory_reserved: 12.686565399169922, interval_runtime: 2.6746, interval_samples_per_second: 1.4956, interval_steps_per_second: 0.3739, global_norm: 0.0010902495123445988, ppl: 1.0000599517970372, progress_or_epoch: 0.14, cpu_used_memory: 55.12, cpu_available_memory: 448.07[0m
[32m[2026-05-12 10:56:26,969] [    INFO][0m - [DataLoad global_step: 42] data_load_time: 0.39 ms (accumulated over 4 micro-batches)[0m
[32m[2026-05-12 10:56:29,641] [    INFO][0m - loss: 0.00011143, learning_rate: 8.862e-05, global_step: 43, current_memory_allocated: 7.584475040435791, current_memory_reserved: 12.686565399169922, max_memory_allocated: 12.197029113769531, max_memory_reserved: 12.686565399169922, interval_runtime: 2.6725, interval_samples_per_second: 1.4967, interval_steps_per_second: 0.3742, global_norm: 0.004693098831921816, ppl: 1.000111436208553, progress_or_epoch: 0.1433, cpu_used_memory: 55.11, cpu_available_memory: 448.07[0m
[32m[2026-05-12 10:56:29,641] [    INFO][0m - [DataLoad global_step: 43] data_load_time: 0.38 ms (accumulated over 4 micro-batches)[0m
[32m[2026-05-12 10:56:32,311] [    INFO][0m - loss: 0.00012419, learning_rate: 8.828e-05, global_step: 44, current_memory_allocated: 7.584475040435791, current_memory_reserved: 12.686565399169922, max_memory_allocated: 12.197029113769531, max_memory_reserved: 12.686565399169922, interval_runtime: 2.6682, interval_samples_per_second: 1.4991, interval_steps_per_second: 0.3748, global_norm: 0.009424702264368534, ppl: 1.0001241977118973, progress_or_epoch: 0.1467, cpu_used_memory: 55.12, cpu_available_memory: 448.07[0m
[32m[2026-05-12 10:56:32,311] [    INFO][0m - [DataLoad global_step: 44] data_load_time: 0.38 ms (accumulated over 4 micro-batches)[0m
[32m[2026-05-12 10:56:34,986] [    INFO][0m - loss: 6.7e-05, learning_rate: 8.793e-05, global_step: 45, current_memory_allocated: 7.584475040435791, current_memory_reserved: 12.686565399169922, max_memory_allocated: 12.197029113769531, max_memory_reserved: 12.686565399169922, interval_runtime: 2.675, interval_samples_per_second: 1.4953, interval_steps_per_second: 0.3738, global_norm: 0.004311177413910627, ppl: 1.0000670022445501, progress_or_epoch: 0.15, cpu_used_memory: 55.11, cpu_available_memory: 448.07[0m
[32m[2026-05-12 10:56:34,987] [    INFO][0m - [DataLoad global_step: 45] data_load_time: 0.39 ms (accumulated over 4 micro-batches)[0m
[32m[2026-05-12 10:56:37,665] [    INFO][0m - loss: 7.424e-05, learning_rate: 8.759e-05, global_step: 46, current_memory_allocated: 7.584475040435791, current_memory_reserved: 12.686565399169922, max_memory_allocated: 12.197029113769531, max_memory_reserved: 12.686565399169922, interval_runtime: 2.6778, interval_samples_per_second: 1.4938, interval_steps_per_second: 0.3734, global_norm: 0.000869894924107939, ppl: 1.000074242755857, progress_or_epoch: 0.1533, cpu_used_memory: 55.11, cpu_available_memory: 448.07[0m
[32m[2026-05-12 10:56:37,665] [    INFO][0m - [DataLoad global_step: 46] data_load_time: 0.39 ms (accumulated over 4 micro-batches)[0m
[32m[2026-05-12 10:56:40,336] [    INFO][0m - loss: 7.953e-05, learning_rate: 8.724e-05, global_step: 47, current_memory_allocated: 7.584475040435791, current_memory_reserved: 12.686565399169922, max_memory_allocated: 12.197029113769531, max_memory_reserved: 12.686565399169922, interval_runtime: 2.671, interval_samples_per_second: 1.4976, interval_steps_per_second: 0.3744, global_norm: 0.0009360864642076194, ppl: 1.0000795331625942, progress_or_epoch: 0.1567, cpu_used_memory: 55.12, cpu_available_memory: 448.07[0m
[32m[2026-05-12 10:56:40,336] [    INFO][0m - [DataLoad global_step: 47] data_load_time: 0.38 ms (accumulated over 4 micro-batches)[0m
[32m[2026-05-12 10:56:43,005] [    INFO][0m - loss: 6.27e-05, learning_rate: 8.69e-05, global_step: 48, current_memory_allocated: 7.584475040435791, current_memory_reserved: 12.686565399169922, max_memory_allocated: 12.197029113769531, max_memory_reserved: 12.686565399169922, interval_runtime: 2.6674, interval_samples_per_second: 1.4996, interval_steps_per_second: 0.3749, global_norm: 0.0008785391109995544, ppl: 1.000062701965686, progress_or_epoch: 0.16, cpu_used_memory: 55.11, cpu_available_memory: 448.07[0m
[32m[2026-05-12 10:56:43,005] [    INFO][0m - [DataLoad global_step: 48] data_load_time: 0.38 ms (accumulated over 4 micro-batches)[0m
[32m[2026-05-12 10:56:45,676] [    INFO][0m - loss: 5.176e-05, learning_rate: 8.655e-05, global_step: 49, current_memory_allocated: 7.584475040435791, current_memory_reserved: 12.686565399169922, max_memory_allocated: 12.197029113769531, max_memory_reserved: 12.686565399169922, interval_runtime: 2.6703, interval_samples_per_second: 1.4979, interval_steps_per_second: 0.3745, global_norm: 0.0013220330001786351, ppl: 1.0000517613395719, progress_or_epoch: 0.1633, cpu_used_memory: 55.11, cpu_available_memory: 448.07[0m
[32m[2026-05-12 10:56:45,676] [    INFO][0m - [DataLoad global_step: 49] data_load_time: 0.38 ms (accumulated over 4 micro-batches)[0m
[32m[2026-05-12 10:56:48,340] [    INFO][0m - loss: 7.85e-05, learning_rate: 8.621e-05, global_step: 50, current_memory_allocated: 7.584475040435791, current_memory_reserved: 12.686565399169922, max_memory_allocated: 12.197029113769531, max_memory_reserved: 12.686565399169922, interval_runtime: 2.6636, interval_samples_per_second: 1.5017, interval_steps_per_second: 0.3754, global_norm: 0.002979983575642109, ppl: 1.0000785030812056, progress_or_epoch: 0.1667, cpu_used_memory: 55.13, cpu_available_memory: 448.05[0m
[32m[2026-05-12 10:56:48,340] [    INFO][0m - [DataLoad global_step: 50] data_load_time: 0.38 ms (accumulated over 4 micro-batches)[0m
[32m[2026-05-12 10:56:51,005] [    INFO][0m - loss: 0.00031656, learning_rate: 8.586e-05, global_step: 51, current_memory_allocated: 7.584475040435791, current_memory_reserved: 12.686565399169922, max_memory_allocated: 12.197029113769531, max_memory_reserved: 12.686565399169922, interval_runtime: 2.6652, interval_samples_per_second: 1.5008, interval_steps_per_second: 0.3752, global_norm: 0.014272863045334816, ppl: 1.0003166101104044, progress_or_epoch: 0.17, cpu_used_memory: 55.12, cpu_available_memory: 448.06[0m
[32m[2026-05-12 10:56:51,006] [    INFO][0m - [DataLoad global_step: 51] data_load_time: 0.39 ms (accumulated over 4 micro-batches)[0m
[32m[2026-05-12 10:56:53,677] [    INFO][0m - loss: 7.514e-05, learning_rate: 8.552e-05, global_step: 52, current_memory_allocated: 7.584475040435791, current_memory_reserved: 12.686565399169922, max_memory_allocated: 12.197029113769531, max_memory_reserved: 12.686565399169922, interval_runtime: 2.6697, interval_samples_per_second: 1.4983, interval_steps_per_second: 0.3746, global_norm: 0.0016726760659366846, ppl: 1.0000751428230805, progress_or_epoch: 0.1733, cpu_used_memory: 55.12, cpu_available_memory: 448.07[0m
[32m[2026-05-12 10:56:53,677] [    INFO][0m - [DataLoad global_step: 52] data_load_time: 0.39 ms (accumulated over 4 micro-batches)[0m
[32m[2026-05-12 10:56:56,349] [    INFO][0m - loss: 4.395e-05, learning_rate: 8.517e-05, global_step: 53, current_memory_allocated: 7.584475040435791, current_memory_reserved: 12.686565399169922, max_memory_allocated: 12.197029113769531, max_memory_reserved: 12.686565399169922, interval_runtime: 2.672, interval_samples_per_second: 1.497, interval_steps_per_second: 0.3742, global_norm: 0.0005104808369651437, ppl: 1.0000439509658154, progress_or_epoch: 0.1767, cpu_used_memory: 55.12, cpu_available_memory: 448.07[0m
[32m[2026-05-12 10:56:56,349] [    INFO][0m - [DataLoad global_step: 53] data_load_time: 0.40 ms (accumulated over 4 micro-batches)[0m
[32m[2026-05-12 10:56:59,017] [    INFO][0m - loss: 6.765e-05, learning_rate: 8.483e-05, global_step: 54, current_memory_allocated: 7.584475040435791, current_memory_reserved: 12.686565399169922, max_memory_allocated: 12.197029113769531, max_memory_reserved: 12.686565399169922, interval_runtime: 2.6687, interval_samples_per_second: 1.4989, interval_steps_per_second: 0.3747, global_norm: 0.0014034350169822574, ppl: 1.000067652288313, progress_or_epoch: 0.18, cpu_used_memory: 55.12, cpu_available_memory: 448.07[0m
[32m[2026-05-12 10:56:59,017] [    INFO][0m - [DataLoad global_step: 54] data_load_time: 0.39 ms (accumulated over 4 micro-batches)[0m
[32m[2026-05-12 10:57:01,689] [    INFO][0m - loss: 6.82e-05, learning_rate: 8.448e-05, global_step: 55, current_memory_allocated: 7.584475040435791, current_memory_reserved: 12.686565399169922, max_memory_allocated: 12.197029113769531, max_memory_reserved: 12.686565399169922, interval_runtime: 2.6699, interval_samples_per_second: 1.4982, interval_steps_per_second: 0.3745, global_norm: 0.001400462118908763, ppl: 1.0000682023256728, progress_or_epoch: 0.1833, cpu_used_memory: 55.16, cpu_available_memory: 448.02[0m
[32m[2026-05-12 10:57:01,690] [    INFO][0m - [DataLoad global_step: 55] data_load_time: 0.38 ms (accumulated over 4 micro-batches)[0m
[32m[2026-05-12 10:57:04,360] [    INFO][0m - loss: 6.591e-05, learning_rate: 8.414e-05, global_step: 56, current_memory_allocated: 7.584475040435791, current_memory_reserved: 12.686565399169922, max_memory_allocated: 12.197029113769531, max_memory_reserved: 12.686565399169922, interval_runtime: 2.6693, interval_samples_per_second: 1.4985, interval_steps_per_second: 0.3746, global_norm: 0.0009860544232651591, ppl: 1.0000659121721118, progress_or_epoch: 0.1867, cpu_used_memory: 55.16, cpu_available_memory: 448.02[0m
[32m[2026-05-12 10:57:04,360] [    INFO][0m - [DataLoad global_step: 56] data_load_time: 0.40 ms (accumulated over 4 micro-batches)[0m
[32m[2026-05-12 10:57:07,029] [    INFO][0m - loss: 0.00171828, learning_rate: 8.379e-05, global_step: 57, current_memory_allocated: 7.584475040435791, current_memory_reserved: 12.686565399169922, max_memory_allocated: 12.197029113769531, max_memory_reserved: 12.686565399169922, interval_runtime: 2.6707, interval_samples_per_second: 1.4978, interval_steps_per_second: 0.3744, global_norm: 0.18105022609233856, ppl: 1.0017197570889755, progress_or_epoch: 0.19, cpu_used_memory: 55.15, cpu_available_memory: 448.03[0m
[32m[2026-05-12 10:57:07,030] [    INFO][0m - [DataLoad global_step: 57] data_load_time: 0.40 ms (accumulated over 4 micro-batches)[0m
[32m[2026-05-12 10:57:09,698] [    INFO][0m - loss: 0.00120436, learning_rate: 8.345e-05, global_step: 58, current_memory_allocated: 7.584475040435791, current_memory_reserved: 12.686565399169922, max_memory_allocated: 12.197029113769531, max_memory_reserved: 12.686565399169922, interval_runtime: 2.6656, interval_samples_per_second: 1.5006, interval_steps_per_second: 0.3752, global_norm: 0.08071260899305344, ppl: 1.001205085532743, progress_or_epoch: 0.1933, cpu_used_memory: 55.15, cpu_available_memory: 448.03[0m
[32m[2026-05-12 10:57:09,698] [    INFO][0m - [DataLoad global_step: 58] data_load_time: 0.39 ms (accumulated over 4 micro-batches)[0m
[32m[2026-05-12 10:57:12,369] [    INFO][0m - loss: 0.00021978, learning_rate: 8.31e-05, global_step: 59, current_memory_allocated: 7.584475040435791, current_memory_reserved: 12.686565399169922, max_memory_allocated: 12.197029113769531, max_memory_reserved: 12.686565399169922, interval_runtime: 2.6703, interval_samples_per_second: 1.498, interval_steps_per_second: 0.3745, global_norm: 0.08092191070318222, ppl: 1.0002198041533936, progress_or_epoch: 0.1967, cpu_used_memory: 55.15, cpu_available_memory: 448.04[0m
[32m[2026-05-12 10:57:12,369] [    INFO][0m - [DataLoad global_step: 59] data_load_time: 0.39 ms (accumulated over 4 micro-batches)[0m
[32m[2026-05-12 10:57:15,037] [    INFO][0m - loss: 5.357e-05, learning_rate: 8.276e-05, global_step: 60, current_memory_allocated: 7.584475040435791, current_memory_reserved: 12.686565399169922, max_memory_allocated: 12.197029113769531, max_memory_reserved: 12.686565399169922, interval_runtime: 2.6677, interval_samples_per_second: 1.4994, interval_steps_per_second: 0.3749, global_norm: 0.0006364438449963927, ppl: 1.0000535714348981, progress_or_epoch: 0.2, cpu_used_memory: 55.15, cpu_available_memory: 448.04[0m
[32m[2026-05-12 10:57:15,037] [    INFO][0m - [DataLoad global_step: 60] data_load_time: 0.38 ms (accumulated over 4 micro-batches)[0m
[32m[2026-05-12 10:57:17,706] [    INFO][0m - loss: 6.082e-05, learning_rate: 8.241e-05, global_step: 61, current_memory_allocated: 7.584475040435791, current_memory_reserved: 12.686565399169922, max_memory_allocated: 12.197029113769531, max_memory_reserved: 12.686565399169922, interval_runtime: 2.6702, interval_samples_per_second: 1.498, interval_steps_per_second: 0.3745, global_norm: 0.0008782065124250948, ppl: 1.0000608218495737, progress_or_epoch: 0.2033, cpu_used_memory: 55.14, cpu_available_memory: 448.04[0m
[32m[2026-05-12 10:57:17,707] [    INFO][0m - [DataLoad global_step: 61] data_load_time: 0.41 ms (accumulated over 4 micro-batches)[0m
[32m[2026-05-12 10:57:20,376] [    INFO][0m - loss: 5.195e-05, learning_rate: 8.207e-05, global_step: 62, current_memory_allocated: 7.584475040435791, current_memory_reserved: 12.686565399169922, max_memory_allocated: 12.197029113769531, max_memory_reserved: 12.686565399169922, interval_runtime: 2.6676, interval_samples_per_second: 1.4995, interval_steps_per_second: 0.3749, global_norm: 0.0006338004604913294, ppl: 1.0000519513494246, progress_or_epoch: 0.2067, cpu_used_memory: 55.14, cpu_available_memory: 448.05[0m
[32m[2026-05-12 10:57:20,377] [    INFO][0m - [DataLoad global_step: 62] data_load_time: 0.39 ms (accumulated over 4 micro-batches)[0m
[32m[2026-05-12 10:57:23,044] [    INFO][0m - loss: 6.336e-05, learning_rate: 8.172e-05, global_step: 63, current_memory_allocated: 7.584475040435791, current_memory_reserved: 12.686565399169922, max_memory_allocated: 12.197029113769531, max_memory_reserved: 12.686565399169922, interval_runtime: 2.668, interval_samples_per_second: 1.4993, interval_steps_per_second: 0.3748, global_norm: 0.0008993037045001984, ppl: 1.0000633620072872, progress_or_epoch: 0.21, cpu_used_memory: 55.13, cpu_available_memory: 448.05[0m
[32m[2026-05-12 10:57:23,045] [    INFO][0m - [DataLoad global_step: 63] data_load_time: 0.39 ms (accumulated over 4 micro-batches)[0m
[32m[2026-05-12 10:57:25,713] [    INFO][0m - loss: 7.666e-05, learning_rate: 8.138e-05, global_step: 64, current_memory_allocated: 7.584475040435791, current_memory_reserved: 12.686565399169922, max_memory_allocated: 12.197029113769531, max_memory_reserved: 12.686565399169922, interval_runtime: 2.6692, interval_samples_per_second: 1.4986, interval_steps_per_second: 0.3746, global_norm: 0.0026614591479301453, ppl: 1.000076662938453, progress_or_epoch: 0.2133, cpu_used_memory: 55.13, cpu_available_memory: 448.05[0m
[32m[2026-05-12 10:57:25,713] [    INFO][0m - [DataLoad global_step: 64] data_load_time: 0.38 ms (accumulated over 4 micro-batches)[0m
[32m[2026-05-12 10:57:28,419] [    INFO][0m - loss: 0.00010186, learning_rate: 8.103e-05, global_step: 65, current_memory_allocated: 7.584475040435791, current_memory_reserved: 12.686565399169922, max_memory_allocated: 12.197029113769531, max_memory_reserved: 12.686565399169922, interval_runtime: 2.7049, interval_samples_per_second: 1.4788, interval_steps_per_second: 0.3697, global_norm: 0.010277289897203445, ppl: 1.000101865187906, progress_or_epoch: 0.2167, cpu_used_memory: 55.13, cpu_available_memory: 448.05[0m
[32m[2026-05-12 10:57:28,420] [    INFO][0m - [DataLoad global_step: 65] data_load_time: 0.37 ms (accumulated over 4 micro-batches)[0m
[32m[2026-05-12 10:57:31,086] [    INFO][0m - loss: 8.619e-05, learning_rate: 8.069e-05, global_step: 66, current_memory_allocated: 7.584475040435791, current_memory_reserved: 12.686565399169922, max_memory_allocated: 12.197029113769531, max_memory_reserved: 12.686565399169922, interval_runtime: 2.666, interval_samples_per_second: 1.5004, interval_steps_per_second: 0.3751, global_norm: 0.003918917383998632, ppl: 1.0000861937144647, progress_or_epoch: 0.22, cpu_used_memory: 55.13, cpu_available_memory: 448.06[0m
[32m[2026-05-12 10:57:31,087] [    INFO][0m - [DataLoad global_step: 66] data_load_time: 0.27 ms (accumulated over 4 micro-batches)[0m
[32m[2026-05-12 10:57:33,755] [    INFO][0m - loss: 7.078e-05, learning_rate: 8.034e-05, global_step: 67, current_memory_allocated: 7.584475040435791, current_memory_reserved: 12.686565399169922, max_memory_allocated: 12.197029113769531, max_memory_reserved: 12.686565399169922, interval_runtime: 2.668, interval_samples_per_second: 1.4993, interval_steps_per_second: 0.3748, global_norm: 0.0037021986208856106, ppl: 1.0000707825049633, progress_or_epoch: 0.2233, cpu_used_memory: 55.12, cpu_available_memory: 448.06[0m
[32m[2026-05-12 10:57:33,755] [    INFO][0m - [DataLoad global_step: 67] data_load_time: 0.26 ms (accumulated over 4 micro-batches)[0m
[32m[2026-05-12 10:57:36,423] [    INFO][0m - loss: 6.54e-05, learning_rate: 8e-05, global_step: 68, current_memory_allocated: 7.584475040435791, current_memory_reserved: 12.686565399169922, max_memory_allocated: 12.197029113769531, max_memory_reserved: 12.686565399169922, interval_runtime: 2.6674, interval_samples_per_second: 1.4996, interval_steps_per_second: 0.3749, global_norm: 0.0012371242046356201, ppl: 1.0000654021386266, progress_or_epoch: 0.2267, cpu_used_memory: 55.12, cpu_available_memory: 448.07[0m
[32m[2026-05-12 10:57:36,423] [    INFO][0m - [DataLoad global_step: 68] data_load_time: 0.76 ms (accumulated over 4 micro-batches)[0m
[32m[2026-05-12 10:57:39,089] [    INFO][0m - loss: 4.74e-05, learning_rate: 7.966e-05, global_step: 69, current_memory_allocated: 7.584475040435791, current_memory_reserved: 12.686565399169922, max_memory_allocated: 12.197029113769531, max_memory_reserved: 12.686565399169922, interval_runtime: 2.6678, interval_samples_per_second: 1.4993, interval_steps_per_second: 0.3748, global_norm: 0.0009839391568675637, ppl: 1.0000474011233977, progress_or_epoch: 0.23, cpu_used_memory: 55.12, cpu_available_memory: 448.07[0m
[32m[2026-05-12 10:57:39,089] [    INFO][0m - [DataLoad global_step: 69] data_load_time: 0.27 ms (accumulated over 4 micro-batches)[0m
[32m[2026-05-12 10:57:41,758] [    INFO][0m - loss: 0.00014683, learning_rate: 7.931e-05, global_step: 70, current_memory_allocated: 7.584475040435791, current_memory_reserved: 12.686565399169922, max_memory_allocated: 12.197029113769531, max_memory_reserved: 12.686565399169922, interval_runtime: 2.6672, interval_samples_per_second: 1.4997, interval_steps_per_second: 0.3749, global_norm: 0.016391616314649582, ppl: 1.000146840780052, progress_or_epoch: 0.2333, cpu_used_memory: 55.12, cpu_available_memory: 448.06[0m
[32m[2026-05-12 10:57:41,758] [    INFO][0m - [DataLoad global_step: 70] data_load_time: 0.77 ms (accumulated over 4 micro-batches)[0m
[32m[2026-05-12 10:57:44,425] [    INFO][0m - loss: 0.00014305, learning_rate: 7.897e-05, global_step: 71, current_memory_allocated: 7.584475040435791, current_memory_reserved: 12.686565399169922, max_memory_allocated: 12.197029113769531, max_memory_reserved: 12.686565399169922, interval_runtime: 2.6658, interval_samples_per_second: 1.5005, interval_steps_per_second: 0.3751, global_norm: 0.021360376849770546, ppl: 1.000143060232139, progress_or_epoch: 0.2367, cpu_used_memory: 55.12, cpu_available_memory: 448.06[0m
[32m[2026-05-12 10:57:44,425] [    INFO][0m - [DataLoad global_step: 71] data_load_time: 0.28 ms (accumulated over 4 micro-batches)[0m
[32m[2026-05-12 10:57:47,097] [    INFO][0m - loss: 4.888e-05, learning_rate: 7.862e-05, global_step: 72, current_memory_allocated: 7.584475040435791, current_memory_reserved: 12.686565399169922, max_memory_allocated: 12.197029113769531, max_memory_reserved: 12.686565399169922, interval_runtime: 2.6703, interval_samples_per_second: 1.498, interval_steps_per_second: 0.3745, global_norm: 0.0005560521385632455, ppl: 1.0000488811946466, progress_or_epoch: 0.24, cpu_used_memory: 55.15, cpu_available_memory: 448.04[0m
[32m[2026-05-12 10:57:47,097] [    INFO][0m - [DataLoad global_step: 72] data_load_time: 0.27 ms (accumulated over 4 micro-batches)[0m
[32m[2026-05-12 10:57:49,763] [    INFO][0m - loss: 0.00012382, learning_rate: 7.828e-05, global_step: 73, current_memory_allocated: 7.584475040435791, current_memory_reserved: 12.686565399169922, max_memory_allocated: 12.197029113769531, max_memory_reserved: 12.686565399169922, interval_runtime: 2.665, interval_samples_per_second: 1.5009, interval_steps_per_second: 0.3752, global_norm: 0.01385478861629963, ppl: 1.0001238276660125, progress_or_epoch: 0.2433, cpu_used_memory: 55.14, cpu_available_memory: 448.05[0m
[32m[2026-05-12 10:57:49,764] [    INFO][0m - [DataLoad global_step: 73] data_load_time: 0.31 ms (accumulated over 4 micro-batches)[0m
[32m[2026-05-12 10:57:52,430] [    INFO][0m - loss: 6.197e-05, learning_rate: 7.793e-05, global_step: 74, current_memory_allocated: 7.584475040435791, current_memory_reserved: 12.686565399169922, max_memory_allocated: 12.197029113769531, max_memory_reserved: 12.686565399169922, interval_runtime: 2.6674, interval_samples_per_second: 1.4996, interval_steps_per_second: 0.3749, global_norm: 0.001495061325840652, ppl: 1.0000619719201802, progress_or_epoch: 0.2467, cpu_used_memory: 55.14, cpu_available_memory: 448.05[0m
[32m[2026-05-12 10:57:52,430] [    INFO][0m - [DataLoad global_step: 74] data_load_time: 0.79 ms (accumulated over 4 micro-batches)[0m
[32m[2026-05-12 10:57:55,100] [    INFO][0m - loss: 4.944e-05, learning_rate: 7.759e-05, global_step: 75, current_memory_allocated: 7.584475040435791, current_memory_reserved: 12.686565399169922, max_memory_allocated: 12.197029113769531, max_memory_reserved: 12.686565399169922, interval_runtime: 2.6684, interval_samples_per_second: 1.499, interval_steps_per_second: 0.3748, global_norm: 0.0006113018607720733, ppl: 1.000049441222177, progress_or_epoch: 0.25, cpu_used_memory: 55.13, cpu_available_memory: 448.05[0m
[32m[2026-05-12 10:57:55,101] [    INFO][0m - [DataLoad global_step: 75] data_load_time: 0.28 ms (accumulated over 4 micro-batches)[0m
[32m[2026-05-12 10:57:57,771] [    INFO][0m - loss: 5.438e-05, learning_rate: 7.724e-05, global_step: 76, current_memory_allocated: 7.584475040435791, current_memory_reserved: 12.686565399169922, max_memory_allocated: 12.197029113769531, max_memory_reserved: 12.686565399169922, interval_runtime: 2.6709, interval_samples_per_second: 1.4976, interval_steps_per_second: 0.3744, global_norm: 0.0005571862566284835, ppl: 1.000054381478619, progress_or_epoch: 0.2533, cpu_used_memory: 55.13, cpu_available_memory: 448.05[0m
[32m[2026-05-12 10:57:57,771] [    INFO][0m - [DataLoad global_step: 76] data_load_time: 0.27 ms (accumulated over 4 micro-batches)[0m
[32m[2026-05-12 10:58:00,436] [    INFO][0m - loss: 5.156e-05, learning_rate: 7.69e-05, global_step: 77, current_memory_allocated: 7.584475040435791, current_memory_reserved: 12.686565399169922, max_memory_allocated: 12.197029113769531, max_memory_reserved: 12.686565399169922, interval_runtime: 2.6652, interval_samples_per_second: 1.5008, interval_steps_per_second: 0.3752, global_norm: 0.0005953519721515477, ppl: 1.0000515613292396, progress_or_epoch: 0.2567, cpu_used_memory: 55.13, cpu_available_memory: 448.06[0m
[32m[2026-05-12 10:58:00,436] [    INFO][0m - [DataLoad global_step: 77] data_load_time: 0.26 ms (accumulated over 4 micro-batches)[0m
[32m[2026-05-12 10:58:03,099] [    INFO][0m - loss: 5.654e-05, learning_rate: 7.655e-05, global_step: 78, current_memory_allocated: 7.584475040435791, current_memory_reserved: 12.686565399169922, max_memory_allocated: 12.197029113769531, max_memory_reserved: 12.686565399169922, interval_runtime: 2.664, interval_samples_per_second: 1.5015, interval_steps_per_second: 0.3754, global_norm: 0.0013653254136443138, ppl: 1.000056541598416, progress_or_epoch: 0.26, cpu_used_memory: 55.17, cpu_available_memory: 448.01[0m
[32m[2026-05-12 10:58:03,099] [    INFO][0m - [DataLoad global_step: 78] data_load_time: 0.26 ms (accumulated over 4 micro-batches)[0m
[32m[2026-05-12 10:58:05,766] [    INFO][0m - loss: 5.689e-05, learning_rate: 7.621e-05, global_step: 79, current_memory_allocated: 7.584475040435791, current_memory_reserved: 12.686565399169922, max_memory_allocated: 12.197029113769531, max_memory_reserved: 12.686565399169922, interval_runtime: 2.6644, interval_samples_per_second: 1.5013, interval_steps_per_second: 0.3753, global_norm: 0.0013507294934242964, ppl: 1.0000568916182668, progress_or_epoch: 0.2633, cpu_used_memory: 55.17, cpu_available_memory: 448.02[0m
[32m[2026-05-12 10:58:05,766] [    INFO][0m - [DataLoad global_step: 79] data_load_time: 0.27 ms (accumulated over 4 micro-batches)[0m
[32m[2026-05-12 10:58:08,431] [    INFO][0m - loss: 8.893e-05, learning_rate: 7.586e-05, global_step: 80, current_memory_allocated: 7.584475040435791, current_memory_reserved: 12.686565399169922, max_memory_allocated: 12.197029113769531, max_memory_reserved: 12.686565399169922, interval_runtime: 2.6653, interval_samples_per_second: 1.5008, interval_steps_per_second: 0.3752, global_norm: 0.009303751401603222, ppl: 1.0000889339543897, progress_or_epoch: 0.2667, cpu_used_memory: 55.16, cpu_available_memory: 448.02[0m
[32m[2026-05-12 10:58:08,432] [    INFO][0m - [DataLoad global_step: 80] data_load_time: 0.27 ms (accumulated over 4 micro-batches)[0m
[32m[2026-05-12 10:58:11,098] [    INFO][0m - loss: 4.955e-05, learning_rate: 7.552e-05, global_step: 81, current_memory_allocated: 7.584475040435791, current_memory_reserved: 12.686565399169922, max_memory_allocated: 12.197029113769531, max_memory_reserved: 12.686565399169922, interval_runtime: 2.6669, interval_samples_per_second: 1.4999, interval_steps_per_second: 0.375, global_norm: 0.0012905205367133021, ppl: 1.0000495512276215, progress_or_epoch: 0.27, cpu_used_memory: 55.16, cpu_available_memory: 448.03[0m
[32m[2026-05-12 10:58:11,098] [    INFO][0m - [DataLoad global_step: 81] data_load_time: 0.27 ms (accumulated over 4 micro-batches)[0m
[32m[2026-05-12 10:58:13,763] [    INFO][0m - loss: 4.168e-05, learning_rate: 7.517e-05, global_step: 82, current_memory_allocated: 7.584475040435791, current_memory_reserved: 12.686565399169922, max_memory_allocated: 12.197029113769531, max_memory_reserved: 12.686565399169922, interval_runtime: 2.6643, interval_samples_per_second: 1.5014, interval_steps_per_second: 0.3753, global_norm: 0.0004731475783046335, ppl: 1.0000416808686232, progress_or_epoch: 0.2733, cpu_used_memory: 55.15, cpu_available_memory: 448.03[0m
[32m[2026-05-12 10:58:13,763] [    INFO][0m - [DataLoad global_step: 82] data_load_time: 0.26 ms (accumulated over 4 micro-batches)[0m
[32m[2026-05-12 10:58:16,428] [    INFO][0m - loss: 4.22e-05, learning_rate: 7.483e-05, global_step: 83, current_memory_allocated: 7.584475040435791, current_memory_reserved: 12.686565399169922, max_memory_allocated: 12.197029113769531, max_memory_reserved: 12.686565399169922, interval_runtime: 2.6628, interval_samples_per_second: 1.5022, interval_steps_per_second: 0.3755, global_norm: 0.0004292213125154376, ppl: 1.0000422008904326, progress_or_epoch: 0.2767, cpu_used_memory: 55.15, cpu_available_memory: 448.04[0m
[32m[2026-05-12 10:58:16,428] [    INFO][0m - [DataLoad global_step: 83] data_load_time: 0.27 ms (accumulated over 4 micro-batches)[0m
[32m[2026-05-12 10:58:19,096] [    INFO][0m - loss: 4.979e-05, learning_rate: 7.448e-05, global_step: 84, current_memory_allocated: 7.584475040435791, current_memory_reserved: 12.686565399169922, max_memory_allocated: 12.197029113769531, max_memory_reserved: 12.686565399169922, interval_runtime: 2.6669, interval_samples_per_second: 1.4998, interval_steps_per_second: 0.375, global_norm: 0.0011285237269476056, ppl: 1.0000497912395425, progress_or_epoch: 0.28, cpu_used_memory: 55.15, cpu_available_memory: 448.04[0m
[32m[2026-05-12 10:58:19,096] [    INFO][0m - [DataLoad global_step: 84] data_load_time: 0.26 ms (accumulated over 4 micro-batches)[0m
[32m[2026-05-12 10:58:21,766] [    INFO][0m - loss: 0.00016015, learning_rate: 7.414e-05, global_step: 85, current_memory_allocated: 7.584475040435791, current_memory_reserved: 12.686565399169922, max_memory_allocated: 12.197029113769531, max_memory_reserved: 12.686565399169922, interval_runtime: 2.6644, interval_samples_per_second: 1.5013, interval_steps_per_second: 0.3753, global_norm: 0.03272562846541405, ppl: 1.0001601628246959, progress_or_epoch: 0.2833, cpu_used_memory: 55.15, cpu_available_memory: 448.04[0m
[32m[2026-05-12 10:58:21,766] [    INFO][0m - [DataLoad global_step: 85] data_load_time: 0.27 ms (accumulated over 4 micro-batches)[0m
[32m[2026-05-12 10:58:24,429] [    INFO][0m - loss: 5.636e-05, learning_rate: 7.379e-05, global_step: 86, current_memory_allocated: 7.584475040435791, current_memory_reserved: 12.686565399169922, max_memory_allocated: 12.197029113769531, max_memory_reserved: 12.686565399169922, interval_runtime: 2.6686, interval_samples_per_second: 1.4989, interval_steps_per_second: 0.3747, global_norm: 0.0016973974416032434, ppl: 1.0000563615882547, progress_or_epoch: 0.2867, cpu_used_memory: 55.15, cpu_available_memory: 448.04[0m
[32m[2026-05-12 10:58:24,430] [    INFO][0m - [DataLoad global_step: 86] data_load_time: 0.27 ms (accumulated over 4 micro-batches)[0m
[32m[2026-05-12 10:58:27,097] [    INFO][0m - loss: 4.901e-05, learning_rate: 7.345e-05, global_step: 87, current_memory_allocated: 7.584475040435791, current_memory_reserved: 12.686565399169922, max_memory_allocated: 12.197029113769531, max_memory_reserved: 12.686565399169922, interval_runtime: 2.6691, interval_samples_per_second: 1.4986, interval_steps_per_second: 0.3747, global_norm: 0.000572926364839077, ppl: 1.0000490112010096, progress_or_epoch: 0.29, cpu_used_memory: 55.14, cpu_available_memory: 448.04[0m
[32m[2026-05-12 10:58:27,097] [    INFO][0m - [DataLoad global_step: 87] data_load_time: 0.27 ms (accumulated over 4 micro-batches)[0m
[32m[2026-05-12 10:58:29,765] [    INFO][0m - loss: 7.013e-05, learning_rate: 7.31e-05, global_step: 88, current_memory_allocated: 7.584475040435791, current_memory_reserved: 12.686565399169922, max_memory_allocated: 12.197029113769531, max_memory_reserved: 12.686565399169922, interval_runtime: 2.6648, interval_samples_per_second: 1.5011, interval_steps_per_second: 0.3753, global_norm: 0.020527344197034836, ppl: 1.0000701324591659, progress_or_epoch: 0.2933, cpu_used_memory: 55.13, cpu_available_memory: 448.06[0m
[32m[2026-05-12 10:58:29,765] [    INFO][0m - [DataLoad global_step: 88] data_load_time: 0.27 ms (accumulated over 4 micro-batches)[0m
[32m[2026-05-12 10:58:32,433] [    INFO][0m - loss: 5.016e-05, learning_rate: 7.276e-05, global_step: 89, current_memory_allocated: 7.584475040435791, current_memory_reserved: 12.686565399169922, max_memory_allocated: 12.197029113769531, max_memory_reserved: 12.686565399169922, interval_runtime: 2.6689, interval_samples_per_second: 1.4988, interval_steps_per_second: 0.3747, global_norm: 0.002461687196046114, ppl: 1.000050161258034, progress_or_epoch: 0.2967, cpu_used_memory: 55.13, cpu_available_memory: 448.06[0m
[32m[2026-05-12 10:58:32,433] [    INFO][0m - [DataLoad global_step: 89] data_load_time: 0.27 ms (accumulated over 4 micro-batches)[0m
[32m[2026-05-12 10:58:35,095] [    INFO][0m - loss: 4.808e-05, learning_rate: 7.241e-05, global_step: 90, current_memory_allocated: 7.584475040435791, current_memory_reserved: 12.686565399169922, max_memory_allocated: 12.197029113769531, max_memory_reserved: 12.686565399169922, interval_runtime: 2.664, interval_samples_per_second: 1.5015, interval_steps_per_second: 0.3754, global_norm: 0.0007243983563967049, ppl: 1.0000480811558616, progress_or_epoch: 0.3, cpu_used_memory: 55.12, cpu_available_memory: 448.06[0m
[32m[2026-05-12 10:58:35,096] [    INFO][0m - [DataLoad global_step: 90] data_load_time: 0.26 ms (accumulated over 4 micro-batches)[0m
[32m[2026-05-12 10:58:37,760] [    INFO][0m - loss: 7.034e-05, learning_rate: 7.207e-05, global_step: 91, current_memory_allocated: 7.584475040435791, current_memory_reserved: 12.686565399169922, max_memory_allocated: 12.197029113769531, max_memory_reserved: 12.686565399169922, interval_runtime: 2.6633, interval_samples_per_second: 1.5019, interval_steps_per_second: 0.3755, global_norm: 0.009201630018651485, ppl: 1.000070342473916, progress_or_epoch: 0.3033, cpu_used_memory: 55.12, cpu_available_memory: 448.07[0m
[32m[2026-05-12 10:58:37,760] [    INFO][0m - [DataLoad global_step: 91] data_load_time: 0.38 ms (accumulated over 4 micro-batches)[0m
[32m[2026-05-12 10:58:40,424] [    INFO][0m - loss: 4.406e-05, learning_rate: 7.172e-05, global_step: 92, current_memory_allocated: 7.584475040435791, current_memory_reserved: 12.686565399169922, max_memory_allocated: 12.197029113769531, max_memory_reserved: 12.686565399169922, interval_runtime: 2.6631, interval_samples_per_second: 1.502, interval_steps_per_second: 0.3755, global_norm: 0.0010454102884978056, ppl: 1.000044060970656, progress_or_epoch: 0.3067, cpu_used_memory: 55.12, cpu_available_memory: 448.07[0m
[32m[2026-05-12 10:58:40,425] [    INFO][0m - [DataLoad global_step: 92] data_load_time: 0.39 ms (accumulated over 4 micro-batches)[0m
[32m[2026-05-12 10:58:43,089] [    INFO][0m - loss: 6.777e-05, learning_rate: 7.138e-05, global_step: 93, current_memory_allocated: 7.584475040435791, current_memory_reserved: 12.686565399169922, max_memory_allocated: 12.197029113769531, max_memory_reserved: 12.686565399169922, interval_runtime: 2.6645, interval_samples_per_second: 1.5012, interval_steps_per_second: 0.3753, global_norm: 0.004334742669016123, ppl: 1.0000677722964384, progress_or_epoch: 0.31, cpu_used_memory: 55.12, cpu_available_memory: 448.07[0m
[32m[2026-05-12 10:58:43,089] [    INFO][0m - [DataLoad global_step: 93] data_load_time: 0.38 ms (accumulated over 4 micro-batches)[0m
[32m[2026-05-12 10:58:45,757] [    INFO][0m - loss: 4.463e-05, learning_rate: 7.103e-05, global_step: 94, current_memory_allocated: 7.584475040435791, current_memory_reserved: 12.686565399169922, max_memory_allocated: 12.197029113769531, max_memory_reserved: 12.686565399169922, interval_runtime: 2.6663, interval_samples_per_second: 1.5002, interval_steps_per_second: 0.3751, global_norm: 0.0008319408516399562, ppl: 1.0000446309959332, progress_or_epoch: 0.3133, cpu_used_memory: 55.12, cpu_available_memory: 448.07[0m
[32m[2026-05-12 10:58:45,757] [    INFO][0m - [DataLoad global_step: 94] data_load_time: 0.38 ms (accumulated over 4 micro-batches)[0m
[32m[2026-05-12 10:58:48,424] [    INFO][0m - loss: 6.786e-05, learning_rate: 7.069e-05, global_step: 95, current_memory_allocated: 7.584475040435791, current_memory_reserved: 12.686565399169922, max_memory_allocated: 12.197029113769531, max_memory_reserved: 12.686565399169922, interval_runtime: 2.6673, interval_samples_per_second: 1.4996, interval_steps_per_second: 0.3749, global_norm: 0.002688661217689514, ppl: 1.0000678623025419, progress_or_epoch: 0.3167, cpu_used_memory: 55.13, cpu_available_memory: 448.06[0m
[32m[2026-05-12 10:58:48,425] [    INFO][0m - [DataLoad global_step: 95] data_load_time: 0.40 ms (accumulated over 4 micro-batches)[0m
[32m[2026-05-12 10:58:51,090] [    INFO][0m - loss: 4.59e-05, learning_rate: 7.034e-05, global_step: 96, current_memory_allocated: 7.584475040435791, current_memory_reserved: 12.686565399169922, max_memory_allocated: 12.197029113769531, max_memory_reserved: 12.686565399169922, interval_runtime: 2.6658, interval_samples_per_second: 1.5005, interval_steps_per_second: 0.3751, global_norm: 0.0007549995207227767, ppl: 1.000045901053421, progress_or_epoch: 0.32, cpu_used_memory: 55.12, cpu_available_memory: 448.06[0m
[32m[2026-05-12 10:58:51,091] [    INFO][0m - [DataLoad global_step: 96] data_load_time: 0.39 ms (accumulated over 4 micro-batches)[0m
[32m[2026-05-12 10:58:53,753] [    INFO][0m - loss: 6.412e-05, learning_rate: 7e-05, global_step: 97, current_memory_allocated: 7.584475040435791, current_memory_reserved: 12.686565399169922, max_memory_allocated: 12.197029113769531, max_memory_reserved: 12.686565399169922, interval_runtime: 2.6616, interval_samples_per_second: 1.5029, interval_steps_per_second: 0.3757, global_norm: 0.0037958784960210323, ppl: 1.0000641220557311, progress_or_epoch: 0.3233, cpu_used_memory: 55.12, cpu_available_memory: 448.07[0m
[32m[2026-05-12 10:58:53,754] [    INFO][0m - [DataLoad global_step: 97] data_load_time: 0.39 ms (accumulated over 4 micro-batches)[0m
[32m[2026-05-12 10:58:56,425] [    INFO][0m - loss: 5.228e-05, learning_rate: 6.966e-05, global_step: 98, current_memory_allocated: 7.584475040435791, current_memory_reserved: 12.686565399169922, max_memory_allocated: 12.197029113769531, max_memory_reserved: 12.686565399169922, interval_runtime: 2.6686, interval_samples_per_second: 1.4989, interval_steps_per_second: 0.3747, global_norm: 0.0012616391759365797, ppl: 1.000052281366623, progress_or_epoch: 0.3267, cpu_used_memory: 55.11, cpu_available_memory: 448.07[0m
[32m[2026-05-12 10:58:56,425] [    INFO][0m - [DataLoad global_step: 98] data_load_time: 0.38 ms (accumulated over 4 micro-batches)[0m
[32m[2026-05-12 10:58:59,140] [    INFO][0m - loss: 5.389e-05, learning_rate: 6.931e-05, global_step: 99, current_memory_allocated: 7.584475040435791, current_memory_reserved: 12.686565399169922, max_memory_allocated: 12.197029113769531, max_memory_reserved: 12.686565399169922, interval_runtime: 2.7172, interval_samples_per_second: 1.4721, interval_steps_per_second: 0.368, global_norm: 0.002062642015516758, ppl: 1.0000538914520922, progress_or_epoch: 0.33, cpu_used_memory: 55.11, cpu_available_memory: 448.07[0m
[32m[2026-05-12 10:58:59,140] [    INFO][0m - [DataLoad global_step: 99] data_load_time: 0.38 ms (accumulated over 4 micro-batches)[0m
[32m[2026-05-12 10:59:01,812] [    INFO][0m - loss: 5.485e-05, learning_rate: 6.897e-05, global_step: 100, current_memory_allocated: 7.584475040435791, current_memory_reserved: 12.686565399169922, max_memory_allocated: 12.197029113769531, max_memory_reserved: 12.686565399169922, interval_runtime: 2.6699, interval_samples_per_second: 1.4982, interval_steps_per_second: 0.3745, global_norm: 0.0015967292711138725, ppl: 1.0000548515042889, progress_or_epoch: 0.3333, cpu_used_memory: 55.14, cpu_available_memory: 448.05[0m
[32m[2026-05-12 10:59:01,812] [    INFO][0m - [DataLoad global_step: 100] data_load_time: 0.40 ms (accumulated over 4 micro-batches)[0m
[32m[2026-05-12 10:59:04,476] [    INFO][0m - loss: 0.00027473, learning_rate: 6.862e-05, global_step: 101, current_memory_allocated: 7.584475040435791, current_memory_reserved: 12.686565399169922, max_memory_allocated: 12.197029113769531, max_memory_reserved: 12.686565399169922, interval_runtime: 2.6633, interval_samples_per_second: 1.5019, interval_steps_per_second: 0.3755, global_norm: 0.018446877598762512, ppl: 1.0002747677417427, progress_or_epoch: 0.3367, cpu_used_memory: 55.16, cpu_available_memory: 448.02[0m
[32m[2026-05-12 10:59:04,476] [    INFO][0m - [DataLoad global_step: 101] data_load_time: 1.47 ms (accumulated over 4 micro-batches)[0m
[32m[2026-05-12 10:59:07,140] [    INFO][0m - loss: 4.017e-05, learning_rate: 6.828e-05, global_step: 102, current_memory_allocated: 7.584475040435791, current_memory_reserved: 12.686565399169922, max_memory_allocated: 12.197029113769531, max_memory_reserved: 12.686565399169922, interval_runtime: 2.6649, interval_samples_per_second: 1.501, interval_steps_per_second: 0.3752, global_norm: 0.00044264679308980703, ppl: 1.0000401708068252, progress_or_epoch: 0.34, cpu_used_memory: 55.16, cpu_available_memory: 448.03[0m
[32m[2026-05-12 10:59:07,141] [    INFO][0m - [DataLoad global_step: 102] data_load_time: 0.79 ms (accumulated over 4 micro-batches)[0m
[32m[2026-05-12 10:59:09,808] [    INFO][0m - loss: 0.0001376, learning_rate: 6.793e-05, global_step: 103, current_memory_allocated: 7.584475040435791, current_memory_reserved: 12.686565399169922, max_memory_allocated: 12.197029113769531, max_memory_reserved: 12.686565399169922, interval_runtime: 2.6643, interval_samples_per_second: 1.5013, interval_steps_per_second: 0.3753, global_norm: 0.025240767747163773, ppl: 1.0001376094673142, progress_or_epoch: 0.3433, cpu_used_memory: 55.16, cpu_available_memory: 448.03[0m
[32m[2026-05-12 10:59:09,808] [    INFO][0m - [DataLoad global_step: 103] data_load_time: 0.26 ms (accumulated over 4 micro-batches)[0m
[32m[2026-05-12 10:59:12,475] [    INFO][0m - loss: 3.769e-05, learning_rate: 6.759e-05, global_step: 104, current_memory_allocated: 7.584475040435791, current_memory_reserved: 12.686565399169922, max_memory_allocated: 12.197029113769531, max_memory_reserved: 12.686565399169922, interval_runtime: 2.6685, interval_samples_per_second: 1.499, interval_steps_per_second: 0.3747, global_norm: 0.0007988517754711211, ppl: 1.000037690710277, progress_or_epoch: 0.3467, cpu_used_memory: 55.15, cpu_available_memory: 448.03[0m
[32m[2026-05-12 10:59:12,475] [    INFO][0m - [DataLoad global_step: 104] data_load_time: 0.26 ms (accumulated over 4 micro-batches)[0m
[32m[2026-05-12 10:59:15,142] [    INFO][0m - loss: 6.349e-05, learning_rate: 6.724e-05, global_step: 105, current_memory_allocated: 7.584475040435791, current_memory_reserved: 12.686565399169922, max_memory_allocated: 12.197029113769531, max_memory_reserved: 12.686565399169922, interval_runtime: 2.6655, interval_samples_per_second: 1.5006, interval_steps_per_second: 0.3752, global_norm: 0.005235041491687298, ppl: 1.0000634920155327, progress_or_epoch: 0.35, cpu_used_memory: 55.15, cpu_available_memory: 448.03[0m
[32m[2026-05-12 10:59:15,142] [    INFO][0m - [DataLoad global_step: 105] data_load_time: 0.77 ms (accumulated over 4 micro-batches)[0m
[32m[2026-05-12 10:59:17,807] [    INFO][0m - loss: 0.00030771, learning_rate: 6.69e-05, global_step: 106, current_memory_allocated: 7.584475040435791, current_memory_reserved: 12.686565399169922, max_memory_allocated: 12.197029113769531, max_memory_reserved: 12.686565399169922, interval_runtime: 2.6623, interval_samples_per_second: 1.5025, interval_steps_per_second: 0.3756, global_norm: 0.01866081729531288, ppl: 1.0003077573475783, progress_or_epoch: 0.3533, cpu_used_memory: 55.15, cpu_available_memory: 448.04[0m
[32m[2026-05-12 10:59:17,807] [    INFO][0m - [DataLoad global_step: 106] data_load_time: 0.26 ms (accumulated over 4 micro-batches)[0m
[32m[2026-05-12 10:59:20,472] [    INFO][0m - loss: 8.533e-05, learning_rate: 6.655e-05, global_step: 107, current_memory_allocated: 7.584475040435791, current_memory_reserved: 12.686565399169922, max_memory_allocated: 12.197029113769531, max_memory_reserved: 12.686565399169922, interval_runtime: 2.6645, interval_samples_per_second: 1.5012, interval_steps_per_second: 0.3753, global_norm: 0.0033701432403177023, ppl: 1.000085333640708, progress_or_epoch: 0.3567, cpu_used_memory: 55.14, cpu_available_memory: 448.04[0m
[32m[2026-05-12 10:59:20,472] [    INFO][0m - [DataLoad global_step: 107] data_load_time: 0.38 ms (accumulated over 4 micro-batches)[0m
[32m[2026-05-12 10:59:23,140] [    INFO][0m - loss: 5.208e-05, learning_rate: 6.621e-05, global_step: 108, current_memory_allocated: 7.584475040435791, current_memory_reserved: 12.686565399169922, max_memory_allocated: 12.197029113769531, max_memory_reserved: 12.686565399169922, interval_runtime: 2.6664, interval_samples_per_second: 1.5002, interval_steps_per_second: 0.375, global_norm: 0.0004880102351307869, ppl: 1.0000520813561868, progress_or_epoch: 0.36, cpu_used_memory: 55.14, cpu_available_memory: 448.04[0m
[32m[2026-05-12 10:59:23,141] [    INFO][0m - [DataLoad global_step: 108] data_load_time: 0.37 ms (accumulated over 4 micro-batches)[0m
[32m[2026-05-12 10:59:25,808] [    INFO][0m - loss: 6.131e-05, learning_rate: 6.586e-05, global_step: 109, current_memory_allocated: 7.584475040435791, current_memory_reserved: 12.686565399169922, max_memory_allocated: 12.197029113769531, max_memory_reserved: 12.686565399169922, interval_runtime: 2.6676, interval_samples_per_second: 1.4995, interval_steps_per_second: 0.3749, global_norm: 0.0027440718840807676, ppl: 1.0000613118794965, progress_or_epoch: 0.3633, cpu_used_memory: 55.13, cpu_available_memory: 448.05[0m
[32m[2026-05-12 10:59:25,808] [    INFO][0m - [DataLoad global_step: 109] data_load_time: 0.38 ms (accumulated over 4 micro-batches)[0m
[32m[2026-05-12 10:59:28,473] [    INFO][0m - loss: 5.113e-05, learning_rate: 6.552e-05, global_step: 110, current_memory_allocated: 7.584475040435791, current_memory_reserved: 12.686565399169922, max_memory_allocated: 12.197029113769531, max_memory_reserved: 12.686565399169922, interval_runtime: 2.6647, interval_samples_per_second: 1.5011, interval_steps_per_second: 0.3753, global_norm: 0.001140171429142356, ppl: 1.0000511313071607, progress_or_epoch: 0.3667, cpu_used_memory: 55.13, cpu_available_memory: 448.06[0m
[32m[2026-05-12 10:59:28,473] [    INFO][0m - [DataLoad global_step: 110] data_load_time: 0.38 ms (accumulated over 4 micro-batches)[0m
[32m[2026-05-12 10:59:31,136] [    INFO][0m - loss: 4.825e-05, learning_rate: 6.517e-05, global_step: 111, current_memory_allocated: 7.584475040435791, current_memory_reserved: 12.686565399169922, max_memory_allocated: 12.197029113769531, max_memory_reserved: 12.686565399169922, interval_runtime: 2.6637, interval_samples_per_second: 1.5017, interval_steps_per_second: 0.3754, global_norm: 0.0013089533895254135, ppl: 1.00004825116405, progress_or_epoch: 0.37, cpu_used_memory: 55.12, cpu_available_memory: 448.06[0m
[32m[2026-05-12 10:59:31,137] [    INFO][0m - [DataLoad global_step: 111] data_load_time: 0.38 ms (accumulated over 4 micro-batches)[0m
[32m[2026-05-12 10:59:33,801] [    INFO][0m - loss: 5.632e-05, learning_rate: 6.483e-05, global_step: 112, current_memory_allocated: 7.584475040435791, current_memory_reserved: 12.686565399169922, max_memory_allocated: 12.197029113769531, max_memory_reserved: 12.686565399169922, interval_runtime: 2.6629, interval_samples_per_second: 1.5021, interval_steps_per_second: 0.3755, global_norm: 0.0013567071873694658, ppl: 1.000056321586001, progress_or_epoch: 0.3733, cpu_used_memory: 55.12, cpu_available_memory: 448.06[0m
[32m[2026-05-12 10:59:33,801] [    INFO][0m - [DataLoad global_step: 112] data_load_time: 0.37 ms (accumulated over 4 micro-batches)[0m
[32m[2026-05-12 10:59:36,461] [    INFO][0m - loss: 3.565e-05, learning_rate: 6.448e-05, global_step: 113, current_memory_allocated: 7.584475040435791, current_memory_reserved: 12.686565399169922, max_memory_allocated: 12.197029113769531, max_memory_reserved: 12.686565399169922, interval_runtime: 2.6617, interval_samples_per_second: 1.5028, interval_steps_per_second: 0.3757, global_norm: 0.00043035318958573043, ppl: 1.0000356506354688, progress_or_epoch: 0.3767, cpu_used_memory: 55.12, cpu_available_memory: 448.06[0m
[32m[2026-05-12 10:59:36,462] [    INFO][0m - [DataLoad global_step: 113] data_load_time: 0.43 ms (accumulated over 4 micro-batches)[0m
[32m[2026-05-12 10:59:39,127] [    INFO][0m - loss: 4.941e-05, learning_rate: 6.414e-05, global_step: 114, current_memory_allocated: 7.584475040435791, current_memory_reserved: 12.686565399169922, max_memory_allocated: 12.197029113769531, max_memory_reserved: 12.686565399169922, interval_runtime: 2.6648, interval_samples_per_second: 1.501, interval_steps_per_second: 0.3753, global_norm: 0.0006535876891575754, ppl: 1.0000494112206941, progress_or_epoch: 0.38, cpu_used_memory: 55.12, cpu_available_memory: 448.07[0m
[32m[2026-05-12 10:59:39,127] [    INFO][0m - [DataLoad global_step: 114] data_load_time: 0.38 ms (accumulated over 4 micro-batches)[0m
[32m[2026-05-12 10:59:41,788] [    INFO][0m - loss: 0.00019469, learning_rate: 6.379e-05, global_step: 115, current_memory_allocated: 7.584475040435791, current_memory_reserved: 12.686565399169922, max_memory_allocated: 12.197029113769531, max_memory_reserved: 12.686565399169922, interval_runtime: 2.6604, interval_samples_per_second: 1.5035, interval_steps_per_second: 0.3759, global_norm: 0.059310901910066605, ppl: 1.000194708953328, progress_or_epoch: 0.3833, cpu_used_memory: 55.12, cpu_available_memory: 448.07[0m
[32m[2026-05-12 10:59:41,789] [    INFO][0m - [DataLoad global_step: 115] data_load_time: 0.39 ms (accumulated over 4 micro-batches)[0m
[32m[2026-05-12 10:59:44,452] [    INFO][0m - loss: 0.00011616, learning_rate: 6.345e-05, global_step: 116, current_memory_allocated: 7.584475040435791, current_memory_reserved: 12.686565399169922, max_memory_allocated: 12.197029113769531, max_memory_reserved: 12.686565399169922, interval_runtime: 2.6636, interval_samples_per_second: 1.5017, interval_steps_per_second: 0.3754, global_norm: 0.02094705030322075, ppl: 1.0001161667468341, progress_or_epoch: 0.3867, cpu_used_memory: 55.12, cpu_available_memory: 448.07[0m
[32m[2026-05-12 10:59:44,452] [    INFO][0m - [DataLoad global_step: 116] data_load_time: 0.38 ms (accumulated over 4 micro-batches)[0m
[32m[2026-05-12 10:59:47,120] [    INFO][0m - loss: 0.00012483, learning_rate: 6.31e-05, global_step: 117, current_memory_allocated: 7.584475040435791, current_memory_reserved: 12.686565399169922, max_memory_allocated: 12.197029113769531, max_memory_reserved: 12.686565399169922, interval_runtime: 2.6684, interval_samples_per_second: 1.499, interval_steps_per_second: 0.3748, global_norm: 0.017233019694685936, ppl: 1.0001248377915886, progress_or_epoch: 0.39, cpu_used_memory: 55.15, cpu_available_memory: 448.04[0m
[32m[2026-05-12 10:59:47,121] [    INFO][0m - [DataLoad global_step: 117] data_load_time: 0.38 ms (accumulated over 4 micro-batches)[0m
[32m[2026-05-12 10:59:49,787] [    INFO][0m - loss: 3.336e-05, learning_rate: 6.276e-05, global_step: 118, current_memory_allocated: 7.584475040435791, current_memory_reserved: 12.686565399169922, max_memory_allocated: 12.197029113769531, max_memory_reserved: 12.686565399169922, interval_runtime: 2.665, interval_samples_per_second: 1.5009, interval_steps_per_second: 0.3752, global_norm: 0.00043279436067678034, ppl: 1.000033360556451, progress_or_epoch: 0.3933, cpu_used_memory: 55.13, cpu_available_memory: 448.05[0m
[32m[2026-05-12 10:59:49,787] [    INFO][0m - [DataLoad global_step: 118] data_load_time: 0.37 ms (accumulated over 4 micro-batches)[0m
[32m[2026-05-12 10:59:52,452] [    INFO][0m - loss: 4.575e-05, learning_rate: 6.241e-05, global_step: 119, current_memory_allocated: 7.584475040435791, current_memory_reserved: 12.686565399169922, max_memory_allocated: 12.197029113769531, max_memory_reserved: 12.686565399169922, interval_runtime: 2.6658, interval_samples_per_second: 1.5005, interval_steps_per_second: 0.3751, global_norm: 0.000893576827365905, ppl: 1.0000457510465472, progress_or_epoch: 0.3967, cpu_used_memory: 55.13, cpu_available_memory: 448.06[0m
[32m[2026-05-12 10:59:52,453] [    INFO][0m - [DataLoad global_step: 119] data_load_time: 0.32 ms (accumulated over 4 micro-batches)[0m
[32m[2026-05-12 10:59:55,124] [    INFO][0m - loss: 0.00017526, learning_rate: 6.207e-05, global_step: 120, current_memory_allocated: 7.584475040435791, current_memory_reserved: 12.686565399169922, max_memory_allocated: 12.197029113769531, max_memory_reserved: 12.686565399169922, interval_runtime: 2.6682, interval_samples_per_second: 1.4991, interval_steps_per_second: 0.3748, global_norm: 0.013126146979629993, ppl: 1.000175275358931, progress_or_epoch: 0.4, cpu_used_memory: 55.13, cpu_available_memory: 448.06[0m
[32m[2026-05-12 10:59:55,124] [    INFO][0m - [DataLoad global_step: 120] data_load_time: 0.32 ms (accumulated over 4 micro-batches)[0m
[32m[2026-05-12 10:59:57,798] [    INFO][0m - loss: 3.576e-05, learning_rate: 6.172e-05, global_step: 121, current_memory_allocated: 7.584475040435791, current_memory_reserved: 12.686565399169922, max_memory_allocated: 12.197029113769531, max_memory_reserved: 12.686565399169922, interval_runtime: 2.6737, interval_samples_per_second: 1.496, interval_steps_per_second: 0.374, global_norm: 0.0004741746815852821, ppl: 1.0000357606393964, progress_or_epoch: 0.4033, cpu_used_memory: 55.12, cpu_available_memory: 448.06[0m
[32m[2026-05-12 10:59:57,798] [    INFO][0m - [DataLoad global_step: 121] data_load_time: 0.32 ms (accumulated over 4 micro-batches)[0m
[32m[2026-05-12 11:00:00,470] [    INFO][0m - loss: 3.182e-05, learning_rate: 6.138e-05, global_step: 122, current_memory_allocated: 7.584475040435791, current_memory_reserved: 12.686565399169922, max_memory_allocated: 12.197029113769531, max_memory_reserved: 12.686565399169922, interval_runtime: 2.6728, interval_samples_per_second: 1.4965, interval_steps_per_second: 0.3741, global_norm: 0.0003358590474817902, ppl: 1.0000318205062615, progress_or_epoch: 0.4067, cpu_used_memory: 55.12, cpu_available_memory: 448.07[0m
[32m[2026-05-12 11:00:00,470] [    INFO][0m - [DataLoad global_step: 122] data_load_time: 0.32 ms (accumulated over 4 micro-batches)[0m
[32m[2026-05-12 11:00:03,146] [    INFO][0m - loss: 3.212e-05, learning_rate: 6.103e-05, global_step: 123, current_memory_allocated: 7.584475040435791, current_memory_reserved: 12.686565399169922, max_memory_allocated: 12.197029113769531, max_memory_reserved: 12.686565399169922, interval_runtime: 2.675, interval_samples_per_second: 1.4953, interval_steps_per_second: 0.3738, global_norm: 0.0004381077887956053, ppl: 1.0000321205158527, progress_or_epoch: 0.41, cpu_used_memory: 55.16, cpu_available_memory: 448.03[0m
[32m[2026-05-12 11:00:03,146] [    INFO][0m - [DataLoad global_step: 123] data_load_time: 0.35 ms (accumulated over 4 micro-batches)[0m
[32m[2026-05-12 11:00:05,821] [    INFO][0m - loss: 5.146e-05, learning_rate: 6.069e-05, global_step: 124, current_memory_allocated: 7.584475040435791, current_memory_reserved: 12.686565399169922, max_memory_allocated: 12.197029113769531, max_memory_reserved: 12.686565399169922, interval_runtime: 2.6745, interval_samples_per_second: 1.4956, interval_steps_per_second: 0.3739, global_norm: 0.0023228321224451065, ppl: 1.0000514613240885, progress_or_epoch: 0.4133, cpu_used_memory: 55.15, cpu_available_memory: 448.04[0m
[32m[2026-05-12 11:00:05,821] [    INFO][0m - [DataLoad global_step: 124] data_load_time: 0.34 ms (accumulated over 4 micro-batches)[0m
[32m[2026-05-12 11:00:08,493] [    INFO][0m - loss: 4.822e-05, learning_rate: 6.034e-05, global_step: 125, current_memory_allocated: 7.584475040435791, current_memory_reserved: 12.686565399169922, max_memory_allocated: 12.197029113769531, max_memory_reserved: 12.686565399169922, interval_runtime: 2.6719, interval_samples_per_second: 1.4971, interval_steps_per_second: 0.3743, global_norm: 0.0022211496252566576, ppl: 1.000048221162603, progress_or_epoch: 0.4167, cpu_used_memory: 55.15, cpu_available_memory: 448.04[0m
[32m[2026-05-12 11:00:08,493] [    INFO][0m - [DataLoad global_step: 125] data_load_time: 1.69 ms (accumulated over 4 micro-batches)[0m
[32m[2026-05-12 11:00:11,164] [    INFO][0m - loss: 4.749e-05, learning_rate: 6e-05, global_step: 126, current_memory_allocated: 7.584475040435791, current_memory_reserved: 12.686565399169922, max_memory_allocated: 12.197029113769531, max_memory_reserved: 12.686565399169922, interval_runtime: 2.6697, interval_samples_per_second: 1.4983, interval_steps_per_second: 0.3746, global_norm: 0.0020067112054675817, ppl: 1.000047491127668, progress_or_epoch: 0.42, cpu_used_memory: 55.14, cpu_available_memory: 448.04[0m
[32m[2026-05-12 11:00:11,165] [    INFO][0m - [DataLoad global_step: 126] data_load_time: 0.39 ms (accumulated over 4 micro-batches)[0m
[32m[2026-05-12 11:00:13,836] [    INFO][0m - loss: 3.754e-05, learning_rate: 5.966e-05, global_step: 127, current_memory_allocated: 7.584475040435791, current_memory_reserved: 12.686565399169922, max_memory_allocated: 12.197029113769531, max_memory_reserved: 12.686565399169922, interval_runtime: 2.6699, interval_samples_per_second: 1.4982, interval_steps_per_second: 0.3745, global_norm: 0.0003586692037060857, ppl: 1.0000375407046347, progress_or_epoch: 0.4233, cpu_used_memory: 55.14, cpu_available_memory: 448.04[0m
[32m[2026-05-12 11:00:13,836] [    INFO][0m - [DataLoad global_step: 127] data_load_time: 0.40 ms (accumulated over 4 micro-batches)[0m
[32m[2026-05-12 11:00:16,509] [    INFO][0m - loss: 3.063e-05, learning_rate: 5.931e-05, global_step: 128, current_memory_allocated: 7.584475040435791, current_memory_reserved: 12.686565399169922, max_memory_allocated: 12.197029113769531, max_memory_reserved: 12.686565399169922, interval_runtime: 2.673, interval_samples_per_second: 1.4965, interval_steps_per_second: 0.3741, global_norm: 0.00042029633186757565, ppl: 1.0000306304691033, progress_or_epoch: 0.4267, cpu_used_memory: 55.14, cpu_available_memory: 448.05[0m
[32m[2026-05-12 11:00:16,509] [    INFO][0m - [DataLoad global_step: 128] data_load_time: 0.39 ms (accumulated over 4 micro-batches)[0m
[32m[2026-05-12 11:00:19,183] [    INFO][0m - loss: 4.043e-05, learning_rate: 5.897e-05, global_step: 129, current_memory_allocated: 7.584475040435791, current_memory_reserved: 12.686565399169922, max_memory_allocated: 12.197029113769531, max_memory_reserved: 12.686565399169922, interval_runtime: 2.6718, interval_samples_per_second: 1.4971, interval_steps_per_second: 0.3743, global_norm: 0.0006926906062290072, ppl: 1.0000404308173034, progress_or_epoch: 0.43, cpu_used_memory: 55.14, cpu_available_memory: 448.05[0m
[32m[2026-05-12 11:00:19,183] [    INFO][0m - [DataLoad global_step: 129] data_load_time: 0.39 ms (accumulated over 4 micro-batches)[0m
[32m[2026-05-12 11:00:21,855] [    INFO][0m - loss: 4.664e-05, learning_rate: 5.862e-05, global_step: 130, current_memory_allocated: 7.584475040435791, current_memory_reserved: 12.686565399169922, max_memory_allocated: 12.197029113769531, max_memory_reserved: 12.686565399169922, interval_runtime: 2.673, interval_samples_per_second: 1.4965, interval_steps_per_second: 0.3741, global_norm: 0.001163399312645197, ppl: 1.0000466410876616, progress_or_epoch: 0.4333, cpu_used_memory: 55.14, cpu_available_memory: 448.05[0m
[32m[2026-05-12 11:00:21,855] [    INFO][0m - [DataLoad global_step: 130] data_load_time: 0.40 ms (accumulated over 4 micro-batches)[0m
[32m[2026-05-12 11:00:24,526] [    INFO][0m - loss: 3.333e-05, learning_rate: 5.828e-05, global_step: 131, current_memory_allocated: 7.584475040435791, current_memory_reserved: 12.686565399169922, max_memory_allocated: 12.197029113769531, max_memory_reserved: 12.686565399169922, interval_runtime: 2.6715, interval_samples_per_second: 1.4973, interval_steps_per_second: 0.3743, global_norm: 0.0004983096150681376, ppl: 1.0000333305554505, progress_or_epoch: 0.4367, cpu_used_memory: 55.13, cpu_available_memory: 448.05[0m
[32m[2026-05-12 11:00:24,527] [    INFO][0m - [DataLoad global_step: 131] data_load_time: 0.38 ms (accumulated over 4 micro-batches)[0m
[33m[2026-05-12 11:00:24,701] [ WARNING][0m - [SKIP] data is deleted by truncation strategy: <|begin_of_text|><|start_header_id|>user<|end_head...[0m
[32m[2026-05-12 11:00:27,238] [    INFO][0m - loss: 6.487e-05, learning_rate: 5.793e-05, global_step: 132, current_memory_allocated: 7.584475040435791, current_memory_reserved: 12.686565399169922, max_memory_allocated: 12.197029113769531, max_memory_reserved: 12.686565399169922, interval_runtime: 2.7098, interval_samples_per_second: 1.4761, interval_steps_per_second: 0.369, global_norm: 0.0029667343478649855, ppl: 1.0000648721041039, progress_or_epoch: 0.44, cpu_used_memory: 55.13, cpu_available_memory: 448.06[0m
[32m[2026-05-12 11:00:27,238] [    INFO][0m - [DataLoad global_step: 132] data_load_time: 0.38 ms (accumulated over 4 micro-batches)[0m
[32m[2026-05-12 11:00:29,904] [    INFO][0m - loss: 5.272e-05, learning_rate: 5.759e-05, global_step: 133, current_memory_allocated: 7.584475040435791, current_memory_reserved: 12.686565399169922, max_memory_allocated: 12.197029113769531, max_memory_reserved: 12.686565399169922, interval_runtime: 2.6655, interval_samples_per_second: 1.5007, interval_steps_per_second: 0.3752, global_norm: 0.002385305007919669, ppl: 1.0000527213897237, progress_or_epoch: 0.4433, cpu_used_memory: 55.12, cpu_available_memory: 448.06[0m
[32m[2026-05-12 11:00:29,904] [    INFO][0m - [DataLoad global_step: 133] data_load_time: 0.39 ms (accumulated over 4 micro-batches)[0m
[32m[2026-05-12 11:00:32,580] [    INFO][0m - loss: 3.603e-05, learning_rate: 5.724e-05, global_step: 134, current_memory_allocated: 7.584475040435791, current_memory_reserved: 12.686565399169922, max_memory_allocated: 12.197029113769531, max_memory_reserved: 12.686565399169922, interval_runtime: 2.6755, interval_samples_per_second: 1.4951, interval_steps_per_second: 0.3738, global_norm: 0.0003772517084144056, ppl: 1.0000360306490883, progress_or_epoch: 0.4467, cpu_used_memory: 55.12, cpu_available_memory: 448.06[0m
[32m[2026-05-12 11:00:32,580] [    INFO][0m - [DataLoad global_step: 134] data_load_time: 0.40 ms (accumulated over 4 micro-batches)[0m
[32m[2026-05-12 11:00:35,252] [    INFO][0m - loss: 6.939e-05, learning_rate: 5.69e-05, global_step: 135, current_memory_allocated: 7.584475040435791, current_memory_reserved: 12.686565399169922, max_memory_allocated: 12.197029113769531, max_memory_reserved: 12.686565399169922, interval_runtime: 2.6708, interval_samples_per_second: 1.4977, interval_steps_per_second: 0.3744, global_norm: 0.020926158875226974, ppl: 1.0000693924075417, progress_or_epoch: 0.45, cpu_used_memory: 55.12, cpu_available_memory: 448.07[0m
[32m[2026-05-12 11:00:35,253] [    INFO][0m - [DataLoad global_step: 135] data_load_time: 0.38 ms (accumulated over 4 micro-batches)[0m
[32m[2026-05-12 11:00:37,924] [    INFO][0m - loss: 0.00017134, learning_rate: 5.655e-05, global_step: 136, current_memory_allocated: 7.584475040435791, current_memory_reserved: 12.686565399169922, max_memory_allocated: 12.197029113769531, max_memory_reserved: 12.686565399169922, interval_runtime: 2.6698, interval_samples_per_second: 1.4982, interval_steps_per_second: 0.3746, global_norm: 0.016265591606497765, ppl: 1.000171354679536, progress_or_epoch: 0.4533, cpu_used_memory: 55.12, cpu_available_memory: 448.07[0m
[32m[2026-05-12 11:00:37,925] [    INFO][0m - [DataLoad global_step: 136] data_load_time: 0.38 ms (accumulated over 4 micro-batches)[0m
[32m[2026-05-12 11:00:40,593] [    INFO][0m - loss: 3.297e-05, learning_rate: 5.621e-05, global_step: 137, current_memory_allocated: 7.584475040435791, current_memory_reserved: 12.686565399169922, max_memory_allocated: 12.197029113769531, max_memory_reserved: 12.686565399169922, interval_runtime: 2.6711, interval_samples_per_second: 1.4975, interval_steps_per_second: 0.3744, global_norm: 0.0003229988506063819, ppl: 1.0000329705435165, progress_or_epoch: 0.4567, cpu_used_memory: 55.12, cpu_available_memory: 448.07[0m
[32m[2026-05-12 11:00:40,593] [    INFO][0m - [DataLoad global_step: 137] data_load_time: 0.38 ms (accumulated over 4 micro-batches)[0m
[32m[2026-05-12 11:00:43,262] [    INFO][0m - loss: 0.00279503, learning_rate: 5.586e-05, global_step: 138, current_memory_allocated: 7.584475040435791, current_memory_reserved: 12.686565399169922, max_memory_allocated: 12.197029113769531, max_memory_reserved: 12.686565399169922, interval_runtime: 2.6682, interval_samples_per_second: 1.4991, interval_steps_per_second: 0.3748, global_norm: 0.06579817086458206, ppl: 1.0027989397381136, progress_or_epoch: 0.46, cpu_used_memory: 55.11, cpu_available_memory: 448.07[0m
[32m[2026-05-12 11:00:43,263] [    INFO][0m - [DataLoad global_step: 138] data_load_time: 0.38 ms (accumulated over 4 micro-batches)[0m
[32m[2026-05-12 11:00:45,927] [    INFO][0m - loss: 4.097e-05, learning_rate: 5.552e-05, global_step: 139, current_memory_allocated: 7.584475040435791, current_memory_reserved: 12.686565399169922, max_memory_allocated: 12.197029113769531, max_memory_reserved: 12.686565399169922, interval_runtime: 2.6636, interval_samples_per_second: 1.5018, interval_steps_per_second: 0.3754, global_norm: 0.0008200103184208274, ppl: 1.000040970839282, progress_or_epoch: 0.4633, cpu_used_memory: 55.11, cpu_available_memory: 448.07[0m
[32m[2026-05-12 11:00:45,927] [    INFO][0m - [DataLoad global_step: 139] data_load_time: 0.39 ms (accumulated over 4 micro-batches)[0m
[32m[2026-05-12 11:00:48,598] [    INFO][0m - loss: 2.94e-05, learning_rate: 5.517e-05, global_step: 140, current_memory_allocated: 7.584475040435791, current_memory_reserved: 12.686565399169922, max_memory_allocated: 12.197029113769531, max_memory_reserved: 12.686565399169922, interval_runtime: 2.6705, interval_samples_per_second: 1.4978, interval_steps_per_second: 0.3745, global_norm: 0.00048128172056749463, ppl: 1.0000294004321841, progress_or_epoch: 0.4667, cpu_used_memory: 55.14, cpu_available_memory: 448.04[0m
[32m[2026-05-12 11:00:48,598] [    INFO][0m - [DataLoad global_step: 140] data_load_time: 0.38 ms (accumulated over 4 micro-batches)[0m
[32m[2026-05-12 11:00:51,263] [    INFO][0m - loss: 7.625e-05, learning_rate: 5.483e-05, global_step: 141, current_memory_allocated: 7.584475040435791, current_memory_reserved: 12.686565399169922, max_memory_allocated: 12.197029113769531, max_memory_reserved: 12.686565399169922, interval_runtime: 2.6652, interval_samples_per_second: 1.5008, interval_steps_per_second: 0.3752, global_norm: 0.013602628372609615, ppl: 1.0000762529071052, progress_or_epoch: 0.47, cpu_used_memory: 55.14, cpu_available_memory: 448.05[0m
[32m[2026-05-12 11:00:51,263] [    INFO][0m - [DataLoad global_step: 141] data_load_time: 0.39 ms (accumulated over 4 micro-batches)[0m
[32m[2026-05-12 11:00:53,932] [    INFO][0m - loss: 3.762e-05, learning_rate: 5.448e-05, global_step: 142, current_memory_allocated: 7.584475040435791, current_memory_reserved: 12.686565399169922, max_memory_allocated: 12.197029113769531, max_memory_reserved: 12.686565399169922, interval_runtime: 2.6661, interval_samples_per_second: 1.5003, interval_steps_per_second: 0.3751, global_norm: 0.0005376561894081533, ppl: 1.0000376207076411, progress_or_epoch: 0.4733, cpu_used_memory: 55.13, cpu_available_memory: 448.05[0m
[32m[2026-05-12 11:00:53,932] [    INFO][0m - [DataLoad global_step: 142] data_load_time: 0.38 ms (accumulated over 4 micro-batches)[0m
[32m[2026-05-12 11:00:56,602] [    INFO][0m - loss: 5.309e-05, learning_rate: 5.414e-05, global_step: 143, current_memory_allocated: 7.584475040435791, current_memory_reserved: 12.686565399169922, max_memory_allocated: 12.197029113769531, max_memory_reserved: 12.686565399169922, interval_runtime: 2.6714, interval_samples_per_second: 1.4973, interval_steps_per_second: 0.3743, global_norm: 0.0016995460027828813, ppl: 1.000053091409299, progress_or_epoch: 0.4767, cpu_used_memory: 55.13, cpu_available_memory: 448.05[0m
[32m[2026-05-12 11:00:56,602] [    INFO][0m - [DataLoad global_step: 143] data_load_time: 0.39 ms (accumulated over 4 micro-batches)[0m
[32m[2026-05-12 11:00:59,263] [    INFO][0m - loss: 4.676e-05, learning_rate: 5.379e-05, global_step: 144, current_memory_allocated: 7.584475040435791, current_memory_reserved: 12.686565399169922, max_memory_allocated: 12.197029113769531, max_memory_reserved: 12.686565399169922, interval_runtime: 2.6596, interval_samples_per_second: 1.504, interval_steps_per_second: 0.376, global_norm: 0.0024838659446686506, ppl: 1.0000467610932657, progress_or_epoch: 0.48, cpu_used_memory: 55.13, cpu_available_memory: 448.05[0m
[32m[2026-05-12 11:00:59,264] [    INFO][0m - [DataLoad global_step: 144] data_load_time: 0.38 ms (accumulated over 4 micro-batches)[0m
[32m[2026-05-12 11:01:01,936] [    INFO][0m - loss: 6.099e-05, learning_rate: 5.345e-05, global_step: 145, current_memory_allocated: 7.584475040435791, current_memory_reserved: 12.686565399169922, max_memory_allocated: 12.197029113769531, max_memory_reserved: 12.686565399169922, interval_runtime: 2.6729, interval_samples_per_second: 1.4965, interval_steps_per_second: 0.3741, global_norm: 0.002643086714670062, ppl: 1.000060991859928, progress_or_epoch: 0.4833, cpu_used_memory: 55.18, cpu_available_memory: 448.0[0m
[32m[2026-05-12 11:01:01,936] [    INFO][0m - [DataLoad global_step: 145] data_load_time: 0.38 ms (accumulated over 4 micro-batches)[0m
[32m[2026-05-12 11:01:04,608] [    INFO][0m - loss: 6.345e-05, learning_rate: 5.31e-05, global_step: 146, current_memory_allocated: 7.584475040435791, current_memory_reserved: 12.686565399169922, max_memory_allocated: 12.197029113769531, max_memory_reserved: 12.686565399169922, interval_runtime: 2.6707, interval_samples_per_second: 1.4977, interval_steps_per_second: 0.3744, global_norm: 0.010989241302013397, ppl: 1.0000634520129938, progress_or_epoch: 0.4867, cpu_used_memory: 55.18, cpu_available_memory: 448.0[0m
[32m[2026-05-12 11:01:04,608] [    INFO][0m - [DataLoad global_step: 146] data_load_time: 0.38 ms (accumulated over 4 micro-batches)[0m
[32m[2026-05-12 11:01:07,274] [    INFO][0m - loss: 5.696e-05, learning_rate: 5.276e-05, global_step: 147, current_memory_allocated: 7.584475040435791, current_memory_reserved: 12.686565399169922, max_memory_allocated: 12.197029113769531, max_memory_reserved: 12.686565399169922, interval_runtime: 2.6669, interval_samples_per_second: 1.4999, interval_steps_per_second: 0.375, global_norm: 0.0029381923377513885, ppl: 1.0000569616222517, progress_or_epoch: 0.49, cpu_used_memory: 55.18, cpu_available_memory: 448.0[0m
[32m[2026-05-12 11:01:07,275] [    INFO][0m - [DataLoad global_step: 147] data_load_time: 0.39 ms (accumulated over 4 micro-batches)[0m
[32m[2026-05-12 11:01:09,941] [    INFO][0m - loss: 5.343e-05, learning_rate: 5.241e-05, global_step: 148, current_memory_allocated: 7.584475040435791, current_memory_reserved: 12.686565399169922, max_memory_allocated: 12.197029113769531, max_memory_reserved: 12.686565399169922, interval_runtime: 2.6646, interval_samples_per_second: 1.5011, interval_steps_per_second: 0.3753, global_norm: 0.009501427412033081, ppl: 1.0000534314274079, progress_or_epoch: 0.4933, cpu_used_memory: 55.18, cpu_available_memory: 448.01[0m
[32m[2026-05-12 11:01:09,942] [    INFO][0m - [DataLoad global_step: 148] data_load_time: 0.39 ms (accumulated over 4 micro-batches)[0m
[32m[2026-05-12 11:01:12,605] [    INFO][0m - loss: 9.403e-05, learning_rate: 5.207e-05, global_step: 149, current_memory_allocated: 7.584475040435791, current_memory_reserved: 12.686565399169922, max_memory_allocated: 12.197029113769531, max_memory_reserved: 12.686565399169922, interval_runtime: 2.662, interval_samples_per_second: 1.5026, interval_steps_per_second: 0.3757, global_norm: 0.015512686222791672, ppl: 1.000094034420959, progress_or_epoch: 0.4967, cpu_used_memory: 55.18, cpu_available_memory: 448.01[0m
[32m[2026-05-12 11:01:12,605] [    INFO][0m - [DataLoad global_step: 149] data_load_time: 0.37 ms (accumulated over 4 micro-batches)[0m
[32m[2026-05-12 11:01:15,272] [    INFO][0m - loss: 7.275e-05, learning_rate: 5.172e-05, global_step: 150, current_memory_allocated: 7.584475040435791, current_memory_reserved: 12.686565399169922, max_memory_allocated: 12.197029113769531, max_memory_reserved: 12.686565399169922, interval_runtime: 2.6674, interval_samples_per_second: 1.4996, interval_steps_per_second: 0.3749, global_norm: 0.010774923488497734, ppl: 1.0000727526463453, progress_or_epoch: 0.5, cpu_used_memory: 55.18, cpu_available_memory: 448.01[0m
[32m[2026-05-12 11:01:15,273] [    INFO][0m - [DataLoad global_step: 150] data_load_time: 0.38 ms (accumulated over 4 micro-batches)[0m
[32m[2026-05-12 11:01:17,943] [    INFO][0m - loss: 4.983e-05, learning_rate: 5.138e-05, global_step: 151, current_memory_allocated: 7.584475040435791, current_memory_reserved: 12.686565399169922, max_memory_allocated: 12.197029113769531, max_memory_reserved: 12.686565399169922, interval_runtime: 2.6668, interval_samples_per_second: 1.4999, interval_steps_per_second: 0.375, global_norm: 0.0024527607019990683, ppl: 1.0000498312415351, progress_or_epoch: 0.5033, cpu_used_memory: 55.17, cpu_available_memory: 448.01[0m
[32m[2026-05-12 11:01:17,944] [    INFO][0m - [DataLoad global_step: 151] data_load_time: 0.41 ms (accumulated over 4 micro-batches)[0m
[32m[2026-05-12 11:01:20,608] [    INFO][0m - loss: 6.479e-05, learning_rate: 5.103e-05, global_step: 152, current_memory_allocated: 7.584475040435791, current_memory_reserved: 12.686565399169922, max_memory_allocated: 12.197029113769531, max_memory_reserved: 12.686565399169922, interval_runtime: 2.6655, interval_samples_per_second: 1.5007, interval_steps_per_second: 0.3752, global_norm: 0.0011536628007888794, ppl: 1.0000647920989174, progress_or_epoch: 0.5067, cpu_used_memory: 55.17, cpu_available_memory: 448.02[0m
[32m[2026-05-12 11:01:20,608] [    INFO][0m - [DataLoad global_step: 152] data_load_time: 0.40 ms (accumulated over 4 micro-batches)[0m
[32m[2026-05-12 11:01:23,282] [    INFO][0m - loss: 3.294e-05, learning_rate: 5.069e-05, global_step: 153, current_memory_allocated: 7.584475040435791, current_memory_reserved: 12.686565399169922, max_memory_allocated: 12.197029113769531, max_memory_reserved: 12.686565399169922, interval_runtime: 2.6698, interval_samples_per_second: 1.4983, interval_steps_per_second: 0.3746, global_norm: 0.0008916790247894824, ppl: 1.0000329405425277, progress_or_epoch: 0.51, cpu_used_memory: 55.16, cpu_available_memory: 448.03[0m
[32m[2026-05-12 11:01:23,282] [    INFO][0m - [DataLoad global_step: 153] data_load_time: 0.38 ms (accumulated over 4 micro-batches)[0m
[32m[2026-05-12 11:01:25,946] [    INFO][0m - loss: 3.73e-05, learning_rate: 5.034e-05, global_step: 154, current_memory_allocated: 7.584475040435791, current_memory_reserved: 12.686565399169922, max_memory_allocated: 12.197029113769531, max_memory_reserved: 12.686565399169922, interval_runtime: 2.6678, interval_samples_per_second: 1.4994, interval_steps_per_second: 0.3748, global_norm: 0.0007349438383243978, ppl: 1.0000373006956536, progress_or_epoch: 0.5133, cpu_used_memory: 55.16, cpu_available_memory: 448.03[0m
[32m[2026-05-12 11:01:25,947] [    INFO][0m - [DataLoad global_step: 154] data_load_time: 0.38 ms (accumulated over 4 micro-batches)[0m
[32m[2026-05-12 11:01:28,608] [    INFO][0m - loss: 3.05e-05, learning_rate: 5e-05, global_step: 155, current_memory_allocated: 7.584475040435791, current_memory_reserved: 12.686565399169922, max_memory_allocated: 12.197029113769531, max_memory_reserved: 12.686565399169922, interval_runtime: 2.6612, interval_samples_per_second: 1.5031, interval_steps_per_second: 0.3758, global_norm: 0.00034855419653467834, ppl: 1.0000305004651298, progress_or_epoch: 0.5167, cpu_used_memory: 55.16, cpu_available_memory: 448.03[0m
[32m[2026-05-12 11:01:28,608] [    INFO][0m - [DataLoad global_step: 155] data_load_time: 1.20 ms (accumulated over 4 micro-batches)[0m
[32m[2026-05-12 11:01:31,273] [    INFO][0m - loss: 2.796e-05, learning_rate: 4.966e-05, global_step: 156, current_memory_allocated: 7.584475040435791, current_memory_reserved: 12.686565399169922, max_memory_allocated: 12.197029113769531, max_memory_reserved: 12.686565399169922, interval_runtime: 2.6645, interval_samples_per_second: 1.5012, interval_steps_per_second: 0.3753, global_norm: 0.00027393936761654913, ppl: 1.0000279603908844, progress_or_epoch: 0.52, cpu_used_memory: 55.15, cpu_available_memory: 448.03[0m
[32m[2026-05-12 11:01:31,273] [    INFO][0m - [DataLoad global_step: 156] data_load_time: 0.38 ms (accumulated over 4 micro-batches)[0m
[32m[2026-05-12 11:01:33,938] [    INFO][0m - loss: 3.763e-05, learning_rate: 4.931e-05, global_step: 157, current_memory_allocated: 7.584475040435791, current_memory_reserved: 12.686565399169922, max_memory_allocated: 12.197029113769531, max_memory_reserved: 12.686565399169922, interval_runtime: 2.6647, interval_samples_per_second: 1.5011, interval_steps_per_second: 0.3753, global_norm: 0.0006393566145561635, ppl: 1.0000376307080174, progress_or_epoch: 0.5233, cpu_used_memory: 55.15, cpu_available_memory: 448.04[0m
[32m[2026-05-12 11:01:33,938] [    INFO][0m - [DataLoad global_step: 157] data_load_time: 0.39 ms (accumulated over 4 micro-batches)[0m
[32m[2026-05-12 11:01:36,606] [    INFO][0m - loss: 2.793e-05, learning_rate: 4.897e-05, global_step: 158, current_memory_allocated: 7.584475040435791, current_memory_reserved: 12.686565399169922, max_memory_allocated: 12.197029113769531, max_memory_reserved: 12.686565399169922, interval_runtime: 2.6612, interval_samples_per_second: 1.5031, interval_steps_per_second: 0.3758, global_norm: 0.00040378476842306554, ppl: 1.0000279303900461, progress_or_epoch: 0.5267, cpu_used_memory: 55.15, cpu_available_memory: 448.04[0m
[32m[2026-05-12 11:01:36,606] [    INFO][0m - [DataLoad global_step: 158] data_load_time: 0.37 ms (accumulated over 4 micro-batches)[0m
[32m[2026-05-12 11:01:39,275] [    INFO][0m - loss: 4.17e-05, learning_rate: 4.862e-05, global_step: 159, current_memory_allocated: 7.584475040435791, current_memory_reserved: 12.686565399169922, max_memory_allocated: 12.197029113769531, max_memory_reserved: 12.686565399169922, interval_runtime: 2.6731, interval_samples_per_second: 1.4964, interval_steps_per_second: 0.3741, global_norm: 0.003423873567953706, ppl: 1.000041700869457, progress_or_epoch: 0.53, cpu_used_memory: 55.14, cpu_available_memory: 448.04[0m
[32m[2026-05-12 11:01:39,275] [    INFO][0m - [DataLoad global_step: 159] data_load_time: 0.38 ms (accumulated over 4 micro-batches)[0m
[32m[2026-05-12 11:01:41,942] [    INFO][0m - loss: 2.877e-05, learning_rate: 4.828e-05, global_step: 160, current_memory_allocated: 7.584475040435791, current_memory_reserved: 12.686565399169922, max_memory_allocated: 12.197029113769531, max_memory_reserved: 12.686565399169922, interval_runtime: 2.6684, interval_samples_per_second: 1.499, interval_steps_per_second: 0.3748, global_norm: 0.0003761688421946019, ppl: 1.0000287704138604, progress_or_epoch: 0.5333, cpu_used_memory: 55.14, cpu_available_memory: 448.04[0m
[32m[2026-05-12 11:01:41,942] [    INFO][0m - [DataLoad global_step: 160] data_load_time: 0.39 ms (accumulated over 4 micro-batches)[0m
[32m[2026-05-12 11:01:44,606] [    INFO][0m - loss: 4.487e-05, learning_rate: 4.793e-05, global_step: 161, current_memory_allocated: 7.584475040435791, current_memory_reserved: 12.686565399169922, max_memory_allocated: 12.197029113769531, max_memory_reserved: 12.686565399169922, interval_runtime: 2.6633, interval_samples_per_second: 1.5019, interval_steps_per_second: 0.3755, global_norm: 0.0022915296722203493, ppl: 1.0000448710066736, progress_or_epoch: 0.5367, cpu_used_memory: 55.14, cpu_available_memory: 448.05[0m
[32m[2026-05-12 11:01:44,606] [    INFO][0m - [DataLoad global_step: 161] data_load_time: 0.38 ms (accumulated over 4 micro-batches)[0m
[32m[2026-05-12 11:01:47,277] [    INFO][0m - loss: 3.769e-05, learning_rate: 4.759e-05, global_step: 162, current_memory_allocated: 7.584475040435791, current_memory_reserved: 12.686565399169922, max_memory_allocated: 12.197029113769531, max_memory_reserved: 12.686565399169922, interval_runtime: 2.6691, interval_samples_per_second: 1.4986, interval_steps_per_second: 0.3747, global_norm: 0.0009802124695852399, ppl: 1.000037690710277, progress_or_epoch: 0.54, cpu_used_memory: 55.16, cpu_available_memory: 448.02[0m
[32m[2026-05-12 11:01:47,277] [    INFO][0m - [DataLoad global_step: 162] data_load_time: 0.38 ms (accumulated over 4 micro-batches)[0m
[32m[2026-05-12 11:01:49,944] [    INFO][0m - loss: 3.681e-05, learning_rate: 4.724e-05, global_step: 163, current_memory_allocated: 7.584475040435791, current_memory_reserved: 12.686565399169922, max_memory_allocated: 12.197029113769531, max_memory_reserved: 12.686565399169922, interval_runtime: 2.6666, interval_samples_per_second: 1.5, interval_steps_per_second: 0.375, global_norm: 0.0005568612250499427, ppl: 1.0000368106774964, progress_or_epoch: 0.5433, cpu_used_memory: 55.15, cpu_available_memory: 448.03[0m
[32m[2026-05-12 11:01:49,944] [    INFO][0m - [DataLoad global_step: 163] data_load_time: 0.38 ms (accumulated over 4 micro-batches)[0m
[32m[2026-05-12 11:01:52,612] [    INFO][0m - loss: 5.494e-05, learning_rate: 4.69e-05, global_step: 164, current_memory_allocated: 7.584475040435791, current_memory_reserved: 12.686565399169922, max_memory_allocated: 12.197029113769531, max_memory_reserved: 12.686565399169922, interval_runtime: 2.6681, interval_samples_per_second: 1.4992, interval_steps_per_second: 0.3748, global_norm: 0.0026965562719851732, ppl: 1.0000549415092295, progress_or_epoch: 0.5467, cpu_used_memory: 55.15, cpu_available_memory: 448.03[0m
[32m[2026-05-12 11:01:52,613] [    INFO][0m - [DataLoad global_step: 164] data_load_time: 0.38 ms (accumulated over 4 micro-batches)[0m
[32m[2026-05-12 11:01:55,324] [    INFO][0m - loss: 3.771e-05, learning_rate: 4.655e-05, global_step: 165, current_memory_allocated: 7.584475040435791, current_memory_reserved: 12.686565399169922, max_memory_allocated: 12.197029113769531, max_memory_reserved: 12.686565399169922, interval_runtime: 2.7112, interval_samples_per_second: 1.4753, interval_steps_per_second: 0.3688, global_norm: 0.0025279338005930185, ppl: 1.000037710711031, progress_or_epoch: 0.55, cpu_used_memory: 55.15, cpu_available_memory: 448.04[0m
[32m[2026-05-12 11:01:55,324] [    INFO][0m - [DataLoad global_step: 165] data_load_time: 0.38 ms (accumulated over 4 micro-batches)[0m
[32m[2026-05-12 11:01:57,996] [    INFO][0m - loss: 0.00022382, learning_rate: 4.621e-05, global_step: 166, current_memory_allocated: 7.584475040435791, current_memory_reserved: 12.686565399169922, max_memory_allocated: 12.197029113769531, max_memory_reserved: 12.686565399169922, interval_runtime: 2.6687, interval_samples_per_second: 1.4988, interval_steps_per_second: 0.3747, global_norm: 0.051541946828365326, ppl: 1.000223845049565, progress_or_epoch: 0.5533, cpu_used_memory: 55.15, cpu_available_memory: 448.04[0m
[32m[2026-05-12 11:01:57,996] [    INFO][0m - [DataLoad global_step: 166] data_load_time: 0.38 ms (accumulated over 4 micro-batches)[0m
[32m[2026-05-12 11:02:00,664] [    INFO][0m - loss: 9.304e-05, learning_rate: 4.586e-05, global_step: 167, current_memory_allocated: 7.584475040435791, current_memory_reserved: 12.686565399169922, max_memory_allocated: 12.197029113769531, max_memory_reserved: 12.686565399169922, interval_runtime: 2.6699, interval_samples_per_second: 1.4982, interval_steps_per_second: 0.3745, global_norm: 0.016430996358394623, ppl: 1.000093044328355, progress_or_epoch: 0.5567, cpu_used_memory: 55.14, cpu_available_memory: 448.04[0m
[32m[2026-05-12 11:02:00,664] [    INFO][0m - [DataLoad global_step: 167] data_load_time: 0.40 ms (accumulated over 4 micro-batches)[0m
[32m[2026-05-12 11:02:03,333] [    INFO][0m - loss: 3.108e-05, learning_rate: 4.552e-05, global_step: 168, current_memory_allocated: 7.584475040435791, current_memory_reserved: 12.686565399169922, max_memory_allocated: 12.197029113769531, max_memory_reserved: 12.686565399169922, interval_runtime: 2.6684, interval_samples_per_second: 1.499, interval_steps_per_second: 0.3748, global_norm: 0.0009899954311549664, ppl: 1.0000310804829882, progress_or_epoch: 0.56, cpu_used_memory: 55.19, cpu_available_memory: 448.0[0m
[32m[2026-05-12 11:02:03,333] [    INFO][0m - [DataLoad global_step: 168] data_load_time: 0.40 ms (accumulated over 4 micro-batches)[0m
[32m[2026-05-12 11:02:06,003] [    INFO][0m - loss: 3.698e-05, learning_rate: 4.517e-05, global_step: 169, current_memory_allocated: 7.584475040435791, current_memory_reserved: 12.686565399169922, max_memory_allocated: 12.197029113769531, max_memory_reserved: 12.686565399169922, interval_runtime: 2.6699, interval_samples_per_second: 1.4982, interval_steps_per_second: 0.3745, global_norm: 0.000828192220069468, ppl: 1.0000369806837686, progress_or_epoch: 0.5633, cpu_used_memory: 55.19, cpu_available_memory: 448.0[0m
[32m[2026-05-12 11:02:06,003] [    INFO][0m - [DataLoad global_step: 169] data_load_time: 0.39 ms (accumulated over 4 micro-batches)[0m
[32m[2026-05-12 11:02:08,667] [    INFO][0m - loss: 0.00010551, learning_rate: 4.483e-05, global_step: 170, current_memory_allocated: 7.584475040435791, current_memory_reserved: 12.686565399169922, max_memory_allocated: 12.197029113769531, max_memory_reserved: 12.686565399169922, interval_runtime: 2.6637, interval_samples_per_second: 1.5017, interval_steps_per_second: 0.3754, global_norm: 0.010024916380643845, ppl: 1.0001055155663758, progress_or_epoch: 0.5667, cpu_used_memory: 55.18, cpu_available_memory: 448.01[0m
[32m[2026-05-12 11:02:08,667] [    INFO][0m - [DataLoad global_step: 170] data_load_time: 0.37 ms (accumulated over 4 micro-batches)[0m
[32m[2026-05-12 11:02:11,334] [    INFO][0m - loss: 3.811e-05, learning_rate: 4.448e-05, global_step: 171, current_memory_allocated: 7.584475040435791, current_memory_reserved: 12.686565399169922, max_memory_allocated: 12.197029113769531, max_memory_reserved: 12.686565399169922, interval_runtime: 2.6649, interval_samples_per_second: 1.501, interval_steps_per_second: 0.3752, global_norm: 0.0013334363466128707, ppl: 1.0000381107261953, progress_or_epoch: 0.57, cpu_used_memory: 55.18, cpu_available_memory: 448.01[0m
[32m[2026-05-12 11:02:11,334] [    INFO][0m - [DataLoad global_step: 171] data_load_time: 0.39 ms (accumulated over 4 micro-batches)[0m
[32m[2026-05-12 11:02:14,008] [    INFO][0m - loss: 3.956e-05, learning_rate: 4.414e-05, global_step: 172, current_memory_allocated: 7.584475040435791, current_memory_reserved: 12.686565399169922, max_memory_allocated: 12.197029113769531, max_memory_reserved: 12.686565399169922, interval_runtime: 2.6725, interval_samples_per_second: 1.4967, interval_steps_per_second: 0.3742, global_norm: 0.0015415705274790525, ppl: 1.0000395607825072, progress_or_epoch: 0.5733, cpu_used_memory: 55.18, cpu_available_memory: 448.01[0m
[32m[2026-05-12 11:02:14,008] [    INFO][0m - [DataLoad global_step: 172] data_load_time: 0.39 ms (accumulated over 4 micro-batches)[0m
[32m[2026-05-12 11:02:16,676] [    INFO][0m - loss: 5.053e-05, learning_rate: 4.379e-05, global_step: 173, current_memory_allocated: 7.584475040435791, current_memory_reserved: 12.686565399169922, max_memory_allocated: 12.197029113769531, max_memory_reserved: 12.686565399169922, interval_runtime: 2.6673, interval_samples_per_second: 1.4996, interval_steps_per_second: 0.3749, global_norm: 0.0019200312672182918, ppl: 1.0000505312766619, progress_or_epoch: 0.5767, cpu_used_memory: 55.17, cpu_available_memory: 448.01[0m
[32m[2026-05-12 11:02:16,677] [    INFO][0m - [DataLoad global_step: 173] data_load_time: 0.37 ms (accumulated over 4 micro-batches)[0m
[32m[2026-05-12 11:02:19,343] [    INFO][0m - loss: 2.927e-05, learning_rate: 4.345e-05, global_step: 174, current_memory_allocated: 7.584475040435791, current_memory_reserved: 12.686565399169922, max_memory_allocated: 12.197029113769531, max_memory_reserved: 12.686565399169922, interval_runtime: 2.6676, interval_samples_per_second: 1.4995, interval_steps_per_second: 0.3749, global_norm: 0.0003143192152492702, ppl: 1.0000292704283706, progress_or_epoch: 0.58, cpu_used_memory: 55.17, cpu_available_memory: 448.02[0m
[32m[2026-05-12 11:02:19,343] [    INFO][0m - [DataLoad global_step: 174] data_load_time: 0.38 ms (accumulated over 4 micro-batches)[0m
[32m[2026-05-12 11:02:22,013] [    INFO][0m - loss: 0.00014131, learning_rate: 4.31e-05, global_step: 175, current_memory_allocated: 7.584475040435791, current_memory_reserved: 12.686565399169922, max_memory_allocated: 12.197029113769531, max_memory_reserved: 12.686565399169922, interval_runtime: 2.6681, interval_samples_per_second: 1.4992, interval_steps_per_second: 0.3748, global_norm: 0.012482816353440285, ppl: 1.0001413199847284, progress_or_epoch: 0.5833, cpu_used_memory: 55.17, cpu_available_memory: 448.02[0m
[32m[2026-05-12 11:02:22,013] [    INFO][0m - [DataLoad global_step: 175] data_load_time: 0.39 ms (accumulated over 4 micro-batches)[0m
[32m[2026-05-12 11:02:24,675] [    INFO][0m - loss: 2.846e-05, learning_rate: 4.276e-05, global_step: 176, current_memory_allocated: 7.584475040435791, current_memory_reserved: 12.686565399169922, max_memory_allocated: 12.197029113769531, max_memory_reserved: 12.686565399169922, interval_runtime: 2.6595, interval_samples_per_second: 1.5041, interval_steps_per_second: 0.376, global_norm: 0.0002490733750164509, ppl: 1.0000284604049896, progress_or_epoch: 0.5867, cpu_used_memory: 55.16, cpu_available_memory: 448.02[0m
[32m[2026-05-12 11:02:24,675] [    INFO][0m - [DataLoad global_step: 176] data_load_time: 0.39 ms (accumulated over 4 micro-batches)[0m
[32m[2026-05-12 11:02:27,345] [    INFO][0m - loss: 3.669e-05, learning_rate: 4.241e-05, global_step: 177, current_memory_allocated: 7.584475040435791, current_memory_reserved: 12.686565399169922, max_memory_allocated: 12.197029113769531, max_memory_reserved: 12.686565399169922, interval_runtime: 2.6689, interval_samples_per_second: 1.4988, interval_steps_per_second: 0.3747, global_norm: 0.0009756390354596078, ppl: 1.0000366906730862, progress_or_epoch: 0.59, cpu_used_memory: 55.16, cpu_available_memory: 448.03[0m
[32m[2026-05-12 11:02:27,345] [    INFO][0m - [DataLoad global_step: 177] data_load_time: 0.38 ms (accumulated over 4 micro-batches)[0m
[32m[2026-05-12 11:02:30,009] [    INFO][0m - loss: 3.1e-05, learning_rate: 4.207e-05, global_step: 178, current_memory_allocated: 7.584475040435791, current_memory_reserved: 12.686565399169922, max_memory_allocated: 12.197029113769531, max_memory_reserved: 12.686565399169922, interval_runtime: 2.6639, interval_samples_per_second: 1.5016, interval_steps_per_second: 0.3754, global_norm: 0.0011381334625184536, ppl: 1.0000310004805049, progress_or_epoch: 0.5933, cpu_used_memory: 55.16, cpu_available_memory: 448.03[0m
[32m[2026-05-12 11:02:30,009] [    INFO][0m - [DataLoad global_step: 178] data_load_time: 0.40 ms (accumulated over 4 micro-batches)[0m
[32m[2026-05-12 11:02:32,676] [    INFO][0m - loss: 2.996e-05, learning_rate: 4.172e-05, global_step: 179, current_memory_allocated: 7.584475040435791, current_memory_reserved: 12.686565399169922, max_memory_allocated: 12.197029113769531, max_memory_reserved: 12.686565399169922, interval_runtime: 2.6659, interval_samples_per_second: 1.5004, interval_steps_per_second: 0.3751, global_norm: 0.0012563930358737707, ppl: 1.0000299604488052, progress_or_epoch: 0.5967, cpu_used_memory: 55.15, cpu_available_memory: 448.03[0m
[32m[2026-05-12 11:02:32,676] [    INFO][0m - [DataLoad global_step: 179] data_load_time: 0.38 ms (accumulated over 4 micro-batches)[0m
[32m[2026-05-12 11:02:35,345] [    INFO][0m - loss: 3.178e-05, learning_rate: 4.138e-05, global_step: 180, current_memory_allocated: 7.584475040435791, current_memory_reserved: 12.686565399169922, max_memory_allocated: 12.197029113769531, max_memory_reserved: 12.686565399169922, interval_runtime: 2.6698, interval_samples_per_second: 1.4982, interval_steps_per_second: 0.3746, global_norm: 0.0004086271801497787, ppl: 1.0000317805049896, progress_or_epoch: 0.6, cpu_used_memory: 55.15, cpu_available_memory: 448.03[0m
[32m[2026-05-12 11:02:35,345] [    INFO][0m - [DataLoad global_step: 180] data_load_time: 0.39 ms (accumulated over 4 micro-batches)[0m
[32m[2026-05-12 11:02:38,010] [    INFO][0m - loss: 2.57e-05, learning_rate: 4.103e-05, global_step: 181, current_memory_allocated: 7.584475040435791, current_memory_reserved: 12.686565399169922, max_memory_allocated: 12.197029113769531, max_memory_reserved: 12.686565399169922, interval_runtime: 2.6647, interval_samples_per_second: 1.5011, interval_steps_per_second: 0.3753, global_norm: 0.0004262957663740963, ppl: 1.0000257003302477, progress_or_epoch: 0.6033, cpu_used_memory: 55.15, cpu_available_memory: 448.04[0m
[32m[2026-05-12 11:02:38,010] [    INFO][0m - [DataLoad global_step: 181] data_load_time: 0.38 ms (accumulated over 4 micro-batches)[0m
[32m[2026-05-12 11:02:40,677] [    INFO][0m - loss: 3.157e-05, learning_rate: 4.069e-05, global_step: 182, current_memory_allocated: 7.584475040435791, current_memory_reserved: 12.686565399169922, max_memory_allocated: 12.197029113769531, max_memory_reserved: 12.686565399169922, interval_runtime: 2.6654, interval_samples_per_second: 1.5007, interval_steps_per_second: 0.3752, global_norm: 0.0008004741976037621, ppl: 1.0000315704983378, progress_or_epoch: 0.6067, cpu_used_memory: 55.15, cpu_available_memory: 448.04[0m
[32m[2026-05-12 11:02:40,678] [    INFO][0m - [DataLoad global_step: 182] data_load_time: 0.39 ms (accumulated over 4 micro-batches)[0m
[32m[2026-05-12 11:02:43,347] [    INFO][0m - loss: 3.247e-05, learning_rate: 4.034e-05, global_step: 183, current_memory_allocated: 7.584475040435791, current_memory_reserved: 12.686565399169922, max_memory_allocated: 12.197029113769531, max_memory_reserved: 12.686565399169922, interval_runtime: 2.6702, interval_samples_per_second: 1.498, interval_steps_per_second: 0.3745, global_norm: 0.00028698769165202975, ppl: 1.0000324705271562, progress_or_epoch: 0.61, cpu_used_memory: 55.15, cpu_available_memory: 448.04[0m
[32m[2026-05-12 11:02:43,347] [    INFO][0m - [DataLoad global_step: 183] data_load_time: 0.40 ms (accumulated over 4 micro-batches)[0m
[32m[2026-05-12 11:02:46,014] [    INFO][0m - loss: 2.927e-05, learning_rate: 4e-05, global_step: 184, current_memory_allocated: 7.584475040435791, current_memory_reserved: 12.686565399169922, max_memory_allocated: 12.197029113769531, max_memory_reserved: 12.686565399169922, interval_runtime: 2.6678, interval_samples_per_second: 1.4994, interval_steps_per_second: 0.3748, global_norm: 0.000396201474359259, ppl: 1.0000292704283706, progress_or_epoch: 0.6133, cpu_used_memory: 55.15, cpu_available_memory: 448.04[0m
[32m[2026-05-12 11:02:46,014] [    INFO][0m - [DataLoad global_step: 184] data_load_time: 0.39 ms (accumulated over 4 micro-batches)[0m
[32m[2026-05-12 11:02:48,685] [    INFO][0m - loss: 3.723e-05, learning_rate: 3.966e-05, global_step: 185, current_memory_allocated: 7.584475040435791, current_memory_reserved: 12.686565399169922, max_memory_allocated: 12.197029113769531, max_memory_reserved: 12.686565399169922, interval_runtime: 2.67, interval_samples_per_second: 1.4981, interval_steps_per_second: 0.3745, global_norm: 0.0014535419177263975, ppl: 1.000037230693045, progress_or_epoch: 0.6167, cpu_used_memory: 55.15, cpu_available_memory: 448.03[0m
[32m[2026-05-12 11:02:48,685] [    INFO][0m - [DataLoad global_step: 185] data_load_time: 0.40 ms (accumulated over 4 micro-batches)[0m
[32m[2026-05-12 11:02:51,353] [    INFO][0m - loss: 4.932e-05, learning_rate: 3.931e-05, global_step: 186, current_memory_allocated: 7.584475040435791, current_memory_reserved: 12.686565399169922, max_memory_allocated: 12.197029113769531, max_memory_reserved: 12.686565399169922, interval_runtime: 2.6654, interval_samples_per_second: 1.5007, interval_steps_per_second: 0.3752, global_norm: 0.0032057093922048807, ppl: 1.0000493212162511, progress_or_epoch: 0.62, cpu_used_memory: 55.14, cpu_available_memory: 448.05[0m
[32m[2026-05-12 11:02:51,353] [    INFO][0m - [DataLoad global_step: 186] data_load_time: 0.38 ms (accumulated over 4 micro-batches)[0m
[32m[2026-05-12 11:02:54,018] [    INFO][0m - loss: 3.583e-05, learning_rate: 3.897e-05, global_step: 187, current_memory_allocated: 7.584475040435791, current_memory_reserved: 12.686565399169922, max_memory_allocated: 12.197029113769531, max_memory_reserved: 12.686565399169922, interval_runtime: 2.665, interval_samples_per_second: 1.5009, interval_steps_per_second: 0.3752, global_norm: 0.002610564697533846, ppl: 1.0000358306419022, progress_or_epoch: 0.6233, cpu_used_memory: 55.13, cpu_available_memory: 448.05[0m
[32m[2026-05-12 11:02:54,018] [    INFO][0m - [DataLoad global_step: 187] data_load_time: 0.38 ms (accumulated over 4 micro-batches)[0m
[32m[2026-05-12 11:02:56,684] [    INFO][0m - loss: 2.703e-05, learning_rate: 3.862e-05, global_step: 188, current_memory_allocated: 7.584475040435791, current_memory_reserved: 12.686565399169922, max_memory_allocated: 12.197029113769531, max_memory_reserved: 12.686565399169922, interval_runtime: 2.6637, interval_samples_per_second: 1.5017, interval_steps_per_second: 0.3754, global_norm: 0.000501372735016048, ppl: 1.0000270303653138, progress_or_epoch: 0.6267, cpu_used_memory: 55.13, cpu_available_memory: 448.05[0m
[32m[2026-05-12 11:02:56,684] [    INFO][0m - [DataLoad global_step: 188] data_load_time: 0.38 ms (accumulated over 4 micro-batches)[0m
[32m[2026-05-12 11:02:59,350] [    INFO][0m - loss: 3.091e-05, learning_rate: 3.828e-05, global_step: 189, current_memory_allocated: 7.584475040435791, current_memory_reserved: 12.686565399169922, max_memory_allocated: 12.197029113769531, max_memory_reserved: 12.686565399169922, interval_runtime: 2.6654, interval_samples_per_second: 1.5007, interval_steps_per_second: 0.3752, global_norm: 0.00044892969890497625, ppl: 1.000030910477719, progress_or_epoch: 0.63, cpu_used_memory: 55.13, cpu_available_memory: 448.06[0m
[32m[2026-05-12 11:02:59,350] [    INFO][0m - [DataLoad global_step: 189] data_load_time: 0.39 ms (accumulated over 4 micro-batches)[0m
[32m[2026-05-12 11:03:02,017] [    INFO][0m - loss: 3.021e-05, learning_rate: 3.793e-05, global_step: 190, current_memory_allocated: 7.584475040435791, current_memory_reserved: 12.686565399169922, max_memory_allocated: 12.197029113769531, max_memory_reserved: 12.686565399169922, interval_runtime: 2.6679, interval_samples_per_second: 1.4993, interval_steps_per_second: 0.3748, global_norm: 0.000416022987337783, ppl: 1.0000302104563266, progress_or_epoch: 0.6333, cpu_used_memory: 55.17, cpu_available_memory: 448.01[0m
[32m[2026-05-12 11:03:02,018] [    INFO][0m - [DataLoad global_step: 190] data_load_time: 0.39 ms (accumulated over 4 micro-batches)[0m
[32m[2026-05-12 11:03:04,689] [    INFO][0m - loss: 2.749e-05, learning_rate: 3.759e-05, global_step: 191, current_memory_allocated: 7.584475040435791, current_memory_reserved: 12.686565399169922, max_memory_allocated: 12.197029113769531, max_memory_reserved: 12.686565399169922, interval_runtime: 2.67, interval_samples_per_second: 1.4981, interval_steps_per_second: 0.3745, global_norm: 0.00032997020753100514, ppl: 1.0000274903778534, progress_or_epoch: 0.6367, cpu_used_memory: 55.18, cpu_available_memory: 448.0[0m
[32m[2026-05-12 11:03:04,689] [    INFO][0m - [DataLoad global_step: 191] data_load_time: 0.40 ms (accumulated over 4 micro-batches)[0m
[32m[2026-05-12 11:03:07,358] [    INFO][0m - loss: 3.344e-05, learning_rate: 3.724e-05, global_step: 192, current_memory_allocated: 7.584475040435791, current_memory_reserved: 12.686565399169922, max_memory_allocated: 12.197029113769531, max_memory_reserved: 12.686565399169922, interval_runtime: 2.6694, interval_samples_per_second: 1.4984, interval_steps_per_second: 0.3746, global_norm: 0.0005814900505356491, ppl: 1.0000334405591231, progress_or_epoch: 0.64, cpu_used_memory: 55.18, cpu_available_memory: 448.0[0m
[32m[2026-05-12 11:03:07,358] [    INFO][0m - [DataLoad global_step: 192] data_load_time: 0.31 ms (accumulated over 4 micro-batches)[0m
[32m[2026-05-12 11:03:10,021] [    INFO][0m - loss: 2.754e-05, learning_rate: 3.69e-05, global_step: 193, current_memory_allocated: 7.584475040435791, current_memory_reserved: 12.686565399169922, max_memory_allocated: 12.197029113769531, max_memory_reserved: 12.686565399169922, interval_runtime: 2.6635, interval_samples_per_second: 1.5018, interval_steps_per_second: 0.3754, global_norm: 0.0003944705822505057, ppl: 1.0000275403792294, progress_or_epoch: 0.6433, cpu_used_memory: 55.18, cpu_available_memory: 448.01[0m
[32m[2026-05-12 11:03:10,021] [    INFO][0m - [DataLoad global_step: 193] data_load_time: 0.32 ms (accumulated over 4 micro-batches)[0m
[32m[2026-05-12 11:03:12,693] [    INFO][0m - loss: 2.667e-05, learning_rate: 3.655e-05, global_step: 194, current_memory_allocated: 7.584475040435791, current_memory_reserved: 12.686565399169922, max_memory_allocated: 12.197029113769531, max_memory_reserved: 12.686565399169922, interval_runtime: 2.6718, interval_samples_per_second: 1.4971, interval_steps_per_second: 0.3743, global_norm: 0.00035894624306820333, ppl: 1.0000266703556475, progress_or_epoch: 0.6467, cpu_used_memory: 55.18, cpu_available_memory: 448.01[0m
[32m[2026-05-12 11:03:12,694] [    INFO][0m - [DataLoad global_step: 194] data_load_time: 0.32 ms (accumulated over 4 micro-batches)[0m
[32m[2026-05-12 11:03:15,359] [    INFO][0m - loss: 3.744e-05, learning_rate: 3.621e-05, global_step: 195, current_memory_allocated: 7.584475040435791, current_memory_reserved: 12.686565399169922, max_memory_allocated: 12.197029113769531, max_memory_reserved: 12.686565399169922, interval_runtime: 2.664, interval_samples_per_second: 1.5015, interval_steps_per_second: 0.3754, global_norm: 0.0014814271125942469, ppl: 1.0000374407008856, progress_or_epoch: 0.65, cpu_used_memory: 55.17, cpu_available_memory: 448.01[0m
[32m[2026-05-12 11:03:15,359] [    INFO][0m - [DataLoad global_step: 195] data_load_time: 0.32 ms (accumulated over 4 micro-batches)[0m
[32m[2026-05-12 11:03:18,021] [    INFO][0m - loss: 5.925e-05, learning_rate: 3.586e-05, global_step: 196, current_memory_allocated: 7.584475040435791, current_memory_reserved: 12.686565399169922, max_memory_allocated: 12.197029113769531, max_memory_reserved: 12.686565399169922, interval_runtime: 2.662, interval_samples_per_second: 1.5026, interval_steps_per_second: 0.3757, global_norm: 0.011787188239395618, ppl: 1.000059251755316, progress_or_epoch: 0.6533, cpu_used_memory: 55.17, cpu_available_memory: 448.02[0m
[32m[2026-05-12 11:03:18,021] [    INFO][0m - [DataLoad global_step: 196] data_load_time: 0.32 ms (accumulated over 4 micro-batches)[0m
[32m[2026-05-12 11:03:20,682] [    INFO][0m - loss: 0.00038124, learning_rate: 3.552e-05, global_step: 197, current_memory_allocated: 7.584475040435791, current_memory_reserved: 12.686565399169922, max_memory_allocated: 12.197029113769531, max_memory_reserved: 12.686565399169922, interval_runtime: 2.6607, interval_samples_per_second: 1.5034, interval_steps_per_second: 0.3758, global_norm: 0.07828651368618011, ppl: 1.000381312681205, progress_or_epoch: 0.6567, cpu_used_memory: 55.17, cpu_available_memory: 448.02[0m
[32m[2026-05-12 11:03:20,682] [    INFO][0m - [DataLoad global_step: 197] data_load_time: 0.34 ms (accumulated over 4 micro-batches)[0m
[32m[2026-05-12 11:03:23,883] [    INFO][0m - loss: 2.576e-05, learning_rate: 3.517e-05, global_step: 198, current_memory_allocated: 7.584475040435791, current_memory_reserved: 12.686565399169922, max_memory_allocated: 12.197029113769531, max_memory_reserved: 12.686565399169922, interval_runtime: 3.1983, interval_samples_per_second: 1.2507, interval_steps_per_second: 0.3127, global_norm: 0.00043320778058841825, ppl: 1.0000257603317917, progress_or_epoch: 0.66, cpu_used_memory: 55.16, cpu_available_memory: 448.02[0m
[32m[2026-05-12 11:03:23,884] [    INFO][0m - [DataLoad global_step: 198] data_load_time: 0.34 ms (accumulated over 4 micro-batches)[0m
[32m[2026-05-12 11:03:26,552] [    INFO][0m - loss: 2.963e-05, learning_rate: 3.483e-05, global_step: 199, current_memory_allocated: 7.584475040435791, current_memory_reserved: 12.686565399169922, max_memory_allocated: 12.197029113769531, max_memory_reserved: 12.686565399169922, interval_runtime: 2.6676, interval_samples_per_second: 1.4995, interval_steps_per_second: 0.3749, global_norm: 0.000434781308285892, ppl: 1.0000296304389729, progress_or_epoch: 0.6633, cpu_used_memory: 55.16, cpu_available_memory: 448.03[0m
[32m[2026-05-12 11:03:26,552] [    INFO][0m - [DataLoad global_step: 199] data_load_time: 0.33 ms (accumulated over 4 micro-batches)[0m
[32m[2026-05-12 11:03:29,217] [    INFO][0m - loss: 0.00012483, learning_rate: 3.448e-05, global_step: 200, current_memory_allocated: 7.584475040435791, current_memory_reserved: 12.686565399169922, max_memory_allocated: 12.197029113769531, max_memory_reserved: 12.686565399169922, interval_runtime: 2.6651, interval_samples_per_second: 1.5009, interval_steps_per_second: 0.3752, global_norm: 0.03924519941210747, ppl: 1.0001248377915886, progress_or_epoch: 0.6667, cpu_used_memory: 55.15, cpu_available_memory: 448.03[0m
[32m[2026-05-12 11:03:29,218] [    INFO][0m - [DataLoad global_step: 200] data_load_time: 0.35 ms (accumulated over 4 micro-batches)[0m
[32m[2026-05-12 11:03:31,884] [    INFO][0m - loss: 3.179e-05, learning_rate: 3.414e-05, global_step: 201, current_memory_allocated: 7.584475040435791, current_memory_reserved: 12.686565399169922, max_memory_allocated: 12.197029113769531, max_memory_reserved: 12.686565399169922, interval_runtime: 2.6665, interval_samples_per_second: 1.5001, interval_steps_per_second: 0.375, global_norm: 0.00031436089193448424, ppl: 1.0000317905053073, progress_or_epoch: 0.67, cpu_used_memory: 55.15, cpu_available_memory: 448.03[0m
[32m[2026-05-12 11:03:31,884] [    INFO][0m - [DataLoad global_step: 201] data_load_time: 0.33 ms (accumulated over 4 micro-batches)[0m
[32m[2026-05-12 11:03:34,550] [    INFO][0m - loss: 2.042e-05, learning_rate: 3.379e-05, global_step: 202, current_memory_allocated: 7.584475040435791, current_memory_reserved: 12.686565399169922, max_memory_allocated: 12.197029113769531, max_memory_reserved: 12.686565399169922, interval_runtime: 2.6666, interval_samples_per_second: 1.5, interval_steps_per_second: 0.375, global_norm: 0.0001595046342117712, ppl: 1.0000204202084897, progress_or_epoch: 0.6733, cpu_used_memory: 55.15, cpu_available_memory: 448.04[0m
[32m[2026-05-12 11:03:34,551] [    INFO][0m - [DataLoad global_step: 202] data_load_time: 0.33 ms (accumulated over 4 micro-batches)[0m
[32m[2026-05-12 11:03:37,219] [    INFO][0m - loss: 2.912e-05, learning_rate: 3.345e-05, global_step: 203, current_memory_allocated: 7.584475040435791, current_memory_reserved: 12.686565399169922, max_memory_allocated: 12.197029113769531, max_memory_reserved: 12.686565399169922, interval_runtime: 2.6688, interval_samples_per_second: 1.4988, interval_steps_per_second: 0.3747, global_norm: 0.0003752530610654503, ppl: 1.0000291204239913, progress_or_epoch: 0.6767, cpu_used_memory: 55.14, cpu_available_memory: 448.04[0m
[32m[2026-05-12 11:03:37,220] [    INFO][0m - [DataLoad global_step: 203] data_load_time: 0.32 ms (accumulated over 4 micro-batches)[0m
[32m[2026-05-12 11:03:39,885] [    INFO][0m - loss: 3.288e-05, learning_rate: 3.31e-05, global_step: 204, current_memory_allocated: 7.584475040435791, current_memory_reserved: 12.686565399169922, max_memory_allocated: 12.197029113769531, max_memory_reserved: 12.686565399169922, interval_runtime: 2.6645, interval_samples_per_second: 1.5012, interval_steps_per_second: 0.3753, global_norm: 0.00037698689266107976, ppl: 1.0000328805405532, progress_or_epoch: 0.68, cpu_used_memory: 55.14, cpu_available_memory: 448.05[0m
[32m[2026-05-12 11:03:39,885] [    INFO][0m - [DataLoad global_step: 204] data_load_time: 0.33 ms (accumulated over 4 micro-batches)[0m
[32m[2026-05-12 11:03:42,559] [    INFO][0m - loss: 2.798e-05, learning_rate: 3.276e-05, global_step: 205, current_memory_allocated: 7.584475040435791, current_memory_reserved: 12.686565399169922, max_memory_allocated: 12.197029113769531, max_memory_reserved: 12.686565399169922, interval_runtime: 2.6725, interval_samples_per_second: 1.4967, interval_steps_per_second: 0.3742, global_norm: 0.000386303523555398, ppl: 1.0000279803914438, progress_or_epoch: 0.6833, cpu_used_memory: 55.14, cpu_available_memory: 448.04[0m
[32m[2026-05-12 11:03:42,559] [    INFO][0m - [DataLoad global_step: 205] data_load_time: 0.33 ms (accumulated over 4 micro-batches)[0m
[32m[2026-05-12 11:03:45,229] [    INFO][0m - loss: 0.00010404, learning_rate: 3.241e-05, global_step: 206, current_memory_allocated: 7.584475040435791, current_memory_reserved: 12.686565399169922, max_memory_allocated: 12.197029113769531, max_memory_reserved: 12.686565399169922, interval_runtime: 2.6713, interval_samples_per_second: 1.4974, interval_steps_per_second: 0.3743, global_norm: 0.00835732463747263, ppl: 1.0001040454123484, progress_or_epoch: 0.6867, cpu_used_memory: 55.14, cpu_available_memory: 448.05[0m
[32m[2026-05-12 11:03:45,229] [    INFO][0m - [DataLoad global_step: 206] data_load_time: 0.35 ms (accumulated over 4 micro-batches)[0m
[32m[2026-05-12 11:03:47,896] [    INFO][0m - loss: 4.411e-05, learning_rate: 3.207e-05, global_step: 207, current_memory_allocated: 7.584475040435791, current_memory_reserved: 12.686565399169922, max_memory_allocated: 12.197029113769531, max_memory_reserved: 12.686565399169922, interval_runtime: 2.6664, interval_samples_per_second: 1.5001, interval_steps_per_second: 0.375, global_norm: 0.002420454751700163, ppl: 1.0000441109728604, progress_or_epoch: 0.69, cpu_used_memory: 55.15, cpu_available_memory: 448.04[0m
[32m[2026-05-12 11:03:47,896] [    INFO][0m - [DataLoad global_step: 207] data_load_time: 0.32 ms (accumulated over 4 micro-batches)[0m
[32m[2026-05-12 11:03:50,565] [    INFO][0m - loss: 3.289e-05, learning_rate: 3.172e-05, global_step: 208, current_memory_allocated: 7.584475040435791, current_memory_reserved: 12.686565399169922, max_memory_allocated: 12.197029113769531, max_memory_reserved: 12.686565399169922, interval_runtime: 2.6679, interval_samples_per_second: 1.4993, interval_steps_per_second: 0.3748, global_norm: 0.0003860178403556347, ppl: 1.000032890540882, progress_or_epoch: 0.6933, cpu_used_memory: 55.15, cpu_available_memory: 448.04[0m
[32m[2026-05-12 11:03:50,565] [    INFO][0m - [DataLoad global_step: 208] data_load_time: 0.32 ms (accumulated over 4 micro-batches)[0m
[32m[2026-05-12 11:03:53,241] [    INFO][0m - loss: 3.229e-05, learning_rate: 3.138e-05, global_step: 209, current_memory_allocated: 7.584475040435791, current_memory_reserved: 12.686565399169922, max_memory_allocated: 12.197029113769531, max_memory_reserved: 12.686565399169922, interval_runtime: 2.6667, interval_samples_per_second: 1.5, interval_steps_per_second: 0.375, global_norm: 0.0006469109794124961, ppl: 1.0000322905213277, progress_or_epoch: 0.6967, cpu_used_memory: 55.14, cpu_available_memory: 448.04[0m
[32m[2026-05-12 11:03:53,241] [    INFO][0m - [DataLoad global_step: 209] data_load_time: 0.32 ms (accumulated over 4 micro-batches)[0m
[32m[2026-05-12 11:03:55,906] [    INFO][0m - loss: 2.435e-05, learning_rate: 3.103e-05, global_step: 210, current_memory_allocated: 7.584475040435791, current_memory_reserved: 12.686565399169922, max_memory_allocated: 12.197029113769531, max_memory_reserved: 12.686565399169922, interval_runtime: 2.6725, interval_samples_per_second: 1.4967, interval_steps_per_second: 0.3742, global_norm: 0.00018587918020784855, ppl: 1.0000243502964636, progress_or_epoch: 0.7, cpu_used_memory: 55.14, cpu_available_memory: 448.04[0m
[32m[2026-05-12 11:03:55,906] [    INFO][0m - [DataLoad global_step: 210] data_load_time: 0.33 ms (accumulated over 4 micro-batches)[0m
[32m[2026-05-12 11:03:58,576] [    INFO][0m - loss: 1.839e-05, learning_rate: 3.069e-05, global_step: 211, current_memory_allocated: 7.584475040435791, current_memory_reserved: 12.686565399169922, max_memory_allocated: 12.197029113769531, max_memory_reserved: 12.686565399169922, interval_runtime: 2.6685, interval_samples_per_second: 1.499, interval_steps_per_second: 0.3747, global_norm: 0.00014373000885825604, ppl: 1.000018390169097, progress_or_epoch: 0.7033, cpu_used_memory: 55.13, cpu_available_memory: 448.05[0m
[32m[2026-05-12 11:03:58,576] [    INFO][0m - [DataLoad global_step: 211] data_load_time: 0.32 ms (accumulated over 4 micro-batches)[0m
[32m[2026-05-12 11:04:01,241] [    INFO][0m - loss: 2.336e-05, learning_rate: 3.034e-05, global_step: 212, current_memory_allocated: 7.584475040435791, current_memory_reserved: 12.686565399169922, max_memory_allocated: 12.197029113769531, max_memory_reserved: 12.686565399169922, interval_runtime: 2.6677, interval_samples_per_second: 1.4994, interval_steps_per_second: 0.3749, global_norm: 0.00019314537348691374, ppl: 1.000023360272847, progress_or_epoch: 0.7067, cpu_used_memory: 55.13, cpu_available_memory: 448.05[0m
[32m[2026-05-12 11:04:01,241] [    INFO][0m - [DataLoad global_step: 212] data_load_time: 0.31 ms (accumulated over 4 micro-batches)[0m
[32m[2026-05-12 11:04:03,908] [    INFO][0m - loss: 2.851e-05, learning_rate: 3e-05, global_step: 213, current_memory_allocated: 7.584475040435791, current_memory_reserved: 12.686565399169922, max_memory_allocated: 12.197029113769531, max_memory_reserved: 12.686565399169922, interval_runtime: 2.6632, interval_samples_per_second: 1.5019, interval_steps_per_second: 0.3755, global_norm: 0.00034773291554301977, ppl: 1.000028510406414, progress_or_epoch: 0.71, cpu_used_memory: 55.18, cpu_available_memory: 448.01[0m
[32m[2026-05-12 11:04:03,908] [    INFO][0m - [DataLoad global_step: 213] data_load_time: 0.32 ms (accumulated over 4 micro-batches)[0m
[32m[2026-05-12 11:04:06,577] [    INFO][0m - loss: 2.701e-05, learning_rate: 2.966e-05, global_step: 214, current_memory_allocated: 7.584475040435791, current_memory_reserved: 12.686565399169922, max_memory_allocated: 12.197029113769531, max_memory_reserved: 12.686565399169922, interval_runtime: 2.6692, interval_samples_per_second: 1.4986, interval_steps_per_second: 0.3746, global_norm: 0.0004668779147323221, ppl: 1.0000270103647733, progress_or_epoch: 0.7133, cpu_used_memory: 55.17, cpu_available_memory: 448.01[0m
[32m[2026-05-12 11:04:06,577] [    INFO][0m - [DataLoad global_step: 214] data_load_time: 0.33 ms (accumulated over 4 micro-batches)[0m
[32m[2026-05-12 11:04:09,248] [    INFO][0m - loss: 2.36e-05, learning_rate: 2.931e-05, global_step: 215, current_memory_allocated: 7.584475040435791, current_memory_reserved: 12.686565399169922, max_memory_allocated: 12.197029113769531, max_memory_reserved: 12.686565399169922, interval_runtime: 2.6704, interval_samples_per_second: 1.4979, interval_steps_per_second: 0.3745, global_norm: 0.0002597250568214804, ppl: 1.0000236002784821, progress_or_epoch: 0.7167, cpu_used_memory: 55.17, cpu_available_memory: 448.02[0m
[32m[2026-05-12 11:04:09,248] [    INFO][0m - [DataLoad global_step: 215] data_load_time: 0.34 ms (accumulated over 4 micro-batches)[0m
[32m[2026-05-12 11:04:11,917] [    INFO][0m - loss: 2.756e-05, learning_rate: 2.897e-05, global_step: 216, current_memory_allocated: 7.584475040435791, current_memory_reserved: 12.686565399169922, max_memory_allocated: 12.197029113769531, max_memory_reserved: 12.686565399169922, interval_runtime: 2.6696, interval_samples_per_second: 1.4983, interval_steps_per_second: 0.3746, global_norm: 0.00036813205224461854, ppl: 1.0000275603797804, progress_or_epoch: 0.72, cpu_used_memory: 55.16, cpu_available_memory: 448.02[0m
[32m[2026-05-12 11:04:11,917] [    INFO][0m - [DataLoad global_step: 216] data_load_time: 0.33 ms (accumulated over 4 micro-batches)[0m
[32m[2026-05-12 11:04:14,584] [    INFO][0m - loss: 2.338e-05, learning_rate: 2.862e-05, global_step: 217, current_memory_allocated: 7.584475040435791, current_memory_reserved: 12.686565399169922, max_memory_allocated: 12.197029113769531, max_memory_reserved: 12.686565399169922, interval_runtime: 2.6653, interval_samples_per_second: 1.5007, interval_steps_per_second: 0.3752, global_norm: 0.00017919861420523375, ppl: 1.0000233802733143, progress_or_epoch: 0.7233, cpu_used_memory: 55.16, cpu_available_memory: 448.03[0m
[32m[2026-05-12 11:04:14,584] [    INFO][0m - [DataLoad global_step: 217] data_load_time: 0.32 ms (accumulated over 4 micro-batches)[0m
[32m[2026-05-12 11:04:17,255] [    INFO][0m - loss: 2.88e-05, learning_rate: 2.828e-05, global_step: 218, current_memory_allocated: 7.584475040435791, current_memory_reserved: 12.686565399169922, max_memory_allocated: 12.197029113769531, max_memory_reserved: 12.686565399169922, interval_runtime: 2.6714, interval_samples_per_second: 1.4974, interval_steps_per_second: 0.3743, global_norm: 0.00023261115711648017, ppl: 1.000028800414724, progress_or_epoch: 0.7267, cpu_used_memory: 55.16, cpu_available_memory: 448.03[0m
[32m[2026-05-12 11:04:17,255] [    INFO][0m - [DataLoad global_step: 218] data_load_time: 0.33 ms (accumulated over 4 micro-batches)[0m
[32m[2026-05-12 11:04:19,925] [    INFO][0m - loss: 3.031e-05, learning_rate: 2.793e-05, global_step: 219, current_memory_allocated: 7.584475040435791, current_memory_reserved: 12.686565399169922, max_memory_allocated: 12.197029113769531, max_memory_reserved: 12.686565399169922, interval_runtime: 2.6679, interval_samples_per_second: 1.4993, interval_steps_per_second: 0.3748, global_norm: 0.0007290766225196421, ppl: 1.0000303104593526, progress_or_epoch: 0.73, cpu_used_memory: 55.15, cpu_available_memory: 448.03[0m
[32m[2026-05-12 11:04:19,925] [    INFO][0m - [DataLoad global_step: 219] data_load_time: 0.36 ms (accumulated over 4 micro-batches)[0m
[32m[2026-05-12 11:04:22,596] [    INFO][0m - loss: 2.59e-05, learning_rate: 2.759e-05, global_step: 220, current_memory_allocated: 7.584475040435791, current_memory_reserved: 12.686565399169922, max_memory_allocated: 12.197029113769531, max_memory_reserved: 12.686565399169922, interval_runtime: 2.6651, interval_samples_per_second: 1.5009, interval_steps_per_second: 0.3752, global_norm: 0.00021545861090999097, ppl: 1.000025900335408, progress_or_epoch: 0.7333, cpu_used_memory: 55.15, cpu_available_memory: 448.04[0m
[32m[2026-05-12 11:04:22,596] [    INFO][0m - [DataLoad global_step: 220] data_load_time: 0.34 ms (accumulated over 4 micro-batches)[0m
[32m[2026-05-12 11:04:25,261] [    INFO][0m - loss: 3.853e-05, learning_rate: 2.724e-05, global_step: 221, current_memory_allocated: 7.584475040435791, current_memory_reserved: 12.686565399169922, max_memory_allocated: 12.197029113769531, max_memory_reserved: 12.686565399169922, interval_runtime: 2.6683, interval_samples_per_second: 1.4991, interval_steps_per_second: 0.3748, global_norm: 0.005057102534919977, ppl: 1.0000385307422899, progress_or_epoch: 0.7367, cpu_used_memory: 55.14, cpu_available_memory: 448.04[0m
[32m[2026-05-12 11:04:25,261] [    INFO][0m - [DataLoad global_step: 221] data_load_time: 0.34 ms (accumulated over 4 micro-batches)[0m
[32m[2026-05-12 11:04:27,922] [    INFO][0m - loss: 3.362e-05, learning_rate: 2.69e-05, global_step: 222, current_memory_allocated: 7.584475040435791, current_memory_reserved: 12.686565399169922, max_memory_allocated: 12.197029113769531, max_memory_reserved: 12.686565399169922, interval_runtime: 2.663, interval_samples_per_second: 1.502, interval_steps_per_second: 0.3755, global_norm: 0.0009913647081702948, ppl: 1.0000336205651585, progress_or_epoch: 0.74, cpu_used_memory: 55.14, cpu_available_memory: 448.05[0m
[32m[2026-05-12 11:04:27,923] [    INFO][0m - [DataLoad global_step: 222] data_load_time: 0.33 ms (accumulated over 4 micro-batches)[0m
[32m[2026-05-12 11:04:30,587] [    INFO][0m - loss: 2.757e-05, learning_rate: 2.655e-05, global_step: 223, current_memory_allocated: 7.584475040435791, current_memory_reserved: 12.686565399169922, max_memory_allocated: 12.197029113769531, max_memory_reserved: 12.686565399169922, interval_runtime: 2.6637, interval_samples_per_second: 1.5017, interval_steps_per_second: 0.3754, global_norm: 0.0005471032927744091, ppl: 1.0000275703800559, progress_or_epoch: 0.7433, cpu_used_memory: 55.14, cpu_available_memory: 448.05[0m
[32m[2026-05-12 11:04:30,587] [    INFO][0m - [DataLoad global_step: 223] data_load_time: 0.32 ms (accumulated over 4 micro-batches)[0m
[32m[2026-05-12 11:04:33,252] [    INFO][0m - loss: 5.1e-05, learning_rate: 2.621e-05, global_step: 224, current_memory_allocated: 7.584475040435791, current_memory_reserved: 12.686565399169922, max_memory_allocated: 12.197029113769531, max_memory_reserved: 12.686565399169922, interval_runtime: 2.6645, interval_samples_per_second: 1.5012, interval_steps_per_second: 0.3753, global_norm: 0.0033490692730993032, ppl: 1.0000510013005222, progress_or_epoch: 0.7467, cpu_used_memory: 55.14, cpu_available_memory: 448.05[0m
[32m[2026-05-12 11:04:33,252] [    INFO][0m - [DataLoad global_step: 224] data_load_time: 0.32 ms (accumulated over 4 micro-batches)[0m
[32m[2026-05-12 11:04:35,917] [    INFO][0m - loss: 3.003e-05, learning_rate: 2.586e-05, global_step: 225, current_memory_allocated: 7.584475040435791, current_memory_reserved: 12.686565399169922, max_memory_allocated: 12.197029113769531, max_memory_reserved: 12.686565399169922, interval_runtime: 2.6653, interval_samples_per_second: 1.5008, interval_steps_per_second: 0.3752, global_norm: 0.0005024612182751298, ppl: 1.0000300304509049, progress_or_epoch: 0.75, cpu_used_memory: 55.14, cpu_available_memory: 448.05[0m
[32m[2026-05-12 11:04:35,918] [    INFO][0m - [DataLoad global_step: 225] data_load_time: 0.33 ms (accumulated over 4 micro-batches)[0m
[32m[2026-05-12 11:04:38,588] [    INFO][0m - loss: 3.088e-05, learning_rate: 2.552e-05, global_step: 226, current_memory_allocated: 7.584475040435791, current_memory_reserved: 12.686565399169922, max_memory_allocated: 12.197029113769531, max_memory_reserved: 12.686565399169922, interval_runtime: 2.6708, interval_samples_per_second: 1.4977, interval_steps_per_second: 0.3744, global_norm: 0.0005743688088841736, ppl: 1.0000308804767921, progress_or_epoch: 0.7533, cpu_used_memory: 55.13, cpu_available_memory: 448.05[0m
[32m[2026-05-12 11:04:38,589] [    INFO][0m - [DataLoad global_step: 226] data_load_time: 0.34 ms (accumulated over 4 micro-batches)[0m
[32m[2026-05-12 11:04:41,260] [    INFO][0m - loss: 4.193e-05, learning_rate: 2.517e-05, global_step: 227, current_memory_allocated: 7.584475040435791, current_memory_reserved: 12.686565399169922, max_memory_allocated: 12.197029113769531, max_memory_reserved: 12.686565399169922, interval_runtime: 2.6699, interval_samples_per_second: 1.4982, interval_steps_per_second: 0.3745, global_norm: 0.001776454970240593, ppl: 1.0000419308790747, progress_or_epoch: 0.7567, cpu_used_memory: 55.14, cpu_available_memory: 448.05[0m
[32m[2026-05-12 11:04:41,260] [    INFO][0m - [DataLoad global_step: 227] data_load_time: 0.32 ms (accumulated over 4 micro-batches)[0m
[32m[2026-05-12 11:04:43,926] [    INFO][0m - loss: 2.591e-05, learning_rate: 2.483e-05, global_step: 228, current_memory_allocated: 7.584475040435791, current_memory_reserved: 12.686565399169922, max_memory_allocated: 12.197029113769531, max_memory_reserved: 12.686565399169922, interval_runtime: 2.6662, interval_samples_per_second: 1.5003, interval_steps_per_second: 0.3751, global_norm: 0.0002935538941528648, ppl: 1.000025910335667, progress_or_epoch: 0.76, cpu_used_memory: 55.13, cpu_available_memory: 448.05[0m
[32m[2026-05-12 11:04:43,926] [    INFO][0m - [DataLoad global_step: 228] data_load_time: 0.33 ms (accumulated over 4 micro-batches)[0m
[32m[2026-05-12 11:04:46,592] [    INFO][0m - loss: 2.108e-05, learning_rate: 2.448e-05, global_step: 229, current_memory_allocated: 7.584475040435791, current_memory_reserved: 12.686565399169922, max_memory_allocated: 12.197029113769531, max_memory_reserved: 12.686565399169922, interval_runtime: 2.6649, interval_samples_per_second: 1.501, interval_steps_per_second: 0.3753, global_norm: 0.00023561916896142066, ppl: 1.0000210802221847, progress_or_epoch: 0.7633, cpu_used_memory: 55.13, cpu_available_memory: 448.05[0m
[32m[2026-05-12 11:04:46,592] [    INFO][0m - [DataLoad global_step: 229] data_load_time: 0.32 ms (accumulated over 4 micro-batches)[0m
[32m[2026-05-12 11:04:49,268] [    INFO][0m - loss: 5.203e-05, learning_rate: 2.414e-05, global_step: 230, current_memory_allocated: 7.584475040435791, current_memory_reserved: 12.686565399169922, max_memory_allocated: 12.197029113769531, max_memory_reserved: 12.686565399169922, interval_runtime: 2.6728, interval_samples_per_second: 1.4966, interval_steps_per_second: 0.3741, global_norm: 0.009391632862389088, ppl: 1.000052031353584, progress_or_epoch: 0.7667, cpu_used_memory: 55.15, cpu_available_memory: 448.03[0m
[32m[2026-05-12 11:04:49,269] [    INFO][0m - [DataLoad global_step: 230] data_load_time: 0.33 ms (accumulated over 4 micro-batches)[0m
[32m[2026-05-12 11:04:52,279] [    INFO][0m - loss: 2.855e-05, learning_rate: 2.379e-05, global_step: 231, current_memory_allocated: 7.584475040435791, current_memory_reserved: 12.686565399169922, max_memory_allocated: 12.197029113769531, max_memory_reserved: 12.686565399169922, interval_runtime: 3.0128, interval_samples_per_second: 1.3277, interval_steps_per_second: 0.3319, global_norm: 0.002135012997314334, ppl: 1.0000285504075552, progress_or_epoch: 0.77, cpu_used_memory: 55.15, cpu_available_memory: 448.04[0m
[32m[2026-05-12 11:04:52,279] [    INFO][0m - [DataLoad global_step: 231] data_load_time: 0.34 ms (accumulated over 4 micro-batches)[0m
[32m[2026-05-12 11:04:55,528] [    INFO][0m - loss: 2.679e-05, learning_rate: 2.345e-05, global_step: 232, current_memory_allocated: 7.584475040435791, current_memory_reserved: 12.686565399169922, max_memory_allocated: 12.197029113769531, max_memory_reserved: 12.686565399169922, interval_runtime: 3.2462, interval_samples_per_second: 1.2322, interval_steps_per_second: 0.308, global_norm: 0.0004628802998922765, ppl: 1.0000267903588553, progress_or_epoch: 0.7733, cpu_used_memory: 55.15, cpu_available_memory: 448.04[0m
[32m[2026-05-12 11:04:55,528] [    INFO][0m - [DataLoad global_step: 232] data_load_time: 0.34 ms (accumulated over 4 micro-batches)[0m
[32m[2026-05-12 11:04:58,199] [    INFO][0m - loss: 3.986e-05, learning_rate: 2.31e-05, global_step: 233, current_memory_allocated: 7.584475040435791, current_memory_reserved: 12.686565399169922, max_memory_allocated: 12.197029113769531, max_memory_reserved: 12.686565399169922, interval_runtime: 2.6717, interval_samples_per_second: 1.4972, interval_steps_per_second: 0.3743, global_norm: 0.0007692489889450371, ppl: 1.0000398607944203, progress_or_epoch: 0.7767, cpu_used_memory: 55.14, cpu_available_memory: 448.04[0m
[32m[2026-05-12 11:04:58,199] [    INFO][0m - [DataLoad global_step: 233] data_load_time: 0.34 ms (accumulated over 4 micro-batches)[0m
[32m[2026-05-12 11:05:00,868] [    INFO][0m - loss: 2.655e-05, learning_rate: 2.276e-05, global_step: 234, current_memory_allocated: 7.584475040435791, current_memory_reserved: 12.686565399169922, max_memory_allocated: 12.197029113769531, max_memory_reserved: 12.686565399169922, interval_runtime: 2.6697, interval_samples_per_second: 1.4983, interval_steps_per_second: 0.3746, global_norm: 0.0002438858791720122, ppl: 1.0000265503524544, progress_or_epoch: 0.78, cpu_used_memory: 55.14, cpu_available_memory: 448.05[0m
[32m[2026-05-12 11:05:00,869] [    INFO][0m - [DataLoad global_step: 234] data_load_time: 0.34 ms (accumulated over 4 micro-batches)[0m
[32m[2026-05-12 11:05:03,538] [    INFO][0m - loss: 3.53e-05, learning_rate: 2.241e-05, global_step: 235, current_memory_allocated: 7.584475040435791, current_memory_reserved: 12.686565399169922, max_memory_allocated: 12.197029113769531, max_memory_reserved: 12.686565399169922, interval_runtime: 2.6668, interval_samples_per_second: 1.4999, interval_steps_per_second: 0.375, global_norm: 0.0003654767933767289, ppl: 1.0000353006230522, progress_or_epoch: 0.7833, cpu_used_memory: 55.18, cpu_available_memory: 448.0[0m
[32m[2026-05-12 11:05:03,538] [    INFO][0m - [DataLoad global_step: 235] data_load_time: 0.35 ms (accumulated over 4 micro-batches)[0m
[32m[2026-05-12 11:05:06,208] [    INFO][0m - loss: 2.786e-05, learning_rate: 2.207e-05, global_step: 236, current_memory_allocated: 7.584475040435791, current_memory_reserved: 12.686565399169922, max_memory_allocated: 12.197029113769531, max_memory_reserved: 12.686565399169922, interval_runtime: 2.6709, interval_samples_per_second: 1.4976, interval_steps_per_second: 0.3744, global_norm: 0.0013342546299099922, ppl: 1.0000278603880934, progress_or_epoch: 0.7867, cpu_used_memory: 55.18, cpu_available_memory: 448.01[0m
[32m[2026-05-12 11:05:06,208] [    INFO][0m - [DataLoad global_step: 236] data_load_time: 0.33 ms (accumulated over 4 micro-batches)[0m
[32m[2026-05-12 11:05:08,888] [    INFO][0m - loss: 2.688e-05, learning_rate: 2.172e-05, global_step: 237, current_memory_allocated: 7.584475040435791, current_memory_reserved: 12.686565399169922, max_memory_allocated: 12.197029113769531, max_memory_reserved: 12.686565399169922, interval_runtime: 2.6697, interval_samples_per_second: 1.4983, interval_steps_per_second: 0.3746, global_norm: 0.00023063238768372685, ppl: 1.0000268803612704, progress_or_epoch: 0.79, cpu_used_memory: 55.17, cpu_available_memory: 448.02[0m
[32m[2026-05-12 11:05:08,888] [    INFO][0m - [DataLoad global_step: 237] data_load_time: 0.35 ms (accumulated over 4 micro-batches)[0m
[32m[2026-05-12 11:05:11,559] [    INFO][0m - loss: 2.608e-05, learning_rate: 2.138e-05, global_step: 238, current_memory_allocated: 7.584475040435791, current_memory_reserved: 12.686565399169922, max_memory_allocated: 12.197029113769531, max_memory_reserved: 12.686565399169922, interval_runtime: 2.6792, interval_samples_per_second: 1.493, interval_steps_per_second: 0.3733, global_norm: 0.0010793672408908606, ppl: 1.0000260803400862, progress_or_epoch: 0.7933, cpu_used_memory: 55.17, cpu_available_memory: 448.02[0m
[32m[2026-05-12 11:05:11,559] [    INFO][0m - [DataLoad global_step: 238] data_load_time: 0.34 ms (accumulated over 4 micro-batches)[0m
[32m[2026-05-12 11:05:14,223] [    INFO][0m - loss: 4.018e-05, learning_rate: 2.103e-05, global_step: 239, current_memory_allocated: 7.584475040435791, current_memory_reserved: 12.686565399169922, max_memory_allocated: 12.197029113769531, max_memory_reserved: 12.686565399169922, interval_runtime: 2.6639, interval_samples_per_second: 1.5016, interval_steps_per_second: 0.3754, global_norm: 0.0010485496604815125, ppl: 1.000040180807227, progress_or_epoch: 0.7967, cpu_used_memory: 55.16, cpu_available_memory: 448.02[0m
[32m[2026-05-12 11:05:14,223] [    INFO][0m - [DataLoad global_step: 239] data_load_time: 0.33 ms (accumulated over 4 micro-batches)[0m
[32m[2026-05-12 11:05:16,892] [    INFO][0m - loss: 2.981e-05, learning_rate: 2.069e-05, global_step: 240, current_memory_allocated: 7.584475040435791, current_memory_reserved: 12.686565399169922, max_memory_allocated: 12.197029113769531, max_memory_reserved: 12.686565399169922, interval_runtime: 2.6689, interval_samples_per_second: 1.4987, interval_steps_per_second: 0.3747, global_norm: 0.0006526702200062573, ppl: 1.0000298104443224, progress_or_epoch: 0.8, cpu_used_memory: 55.16, cpu_available_memory: 448.02[0m
[32m[2026-05-12 11:05:16,892] [    INFO][0m - [DataLoad global_step: 240] data_load_time: 0.32 ms (accumulated over 4 micro-batches)[0m
[32m[2026-05-12 11:05:19,556] [    INFO][0m - loss: 2.419e-05, learning_rate: 2.034e-05, global_step: 241, current_memory_allocated: 7.584475040435791, current_memory_reserved: 12.686565399169922, max_memory_allocated: 12.197029113769531, max_memory_reserved: 12.686565399169922, interval_runtime: 2.6655, interval_samples_per_second: 1.5006, interval_steps_per_second: 0.3752, global_norm: 0.0003324839926790446, ppl: 1.0000241902925804, progress_or_epoch: 0.8033, cpu_used_memory: 55.16, cpu_available_memory: 448.03[0m
[32m[2026-05-12 11:05:19,556] [    INFO][0m - [DataLoad global_step: 241] data_load_time: 0.32 ms (accumulated over 4 micro-batches)[0m
[32m[2026-05-12 11:05:22,224] [    INFO][0m - loss: 9.209e-05, learning_rate: 2e-05, global_step: 242, current_memory_allocated: 7.584475040435791, current_memory_reserved: 12.686565399169922, max_memory_allocated: 12.197029113769531, max_memory_reserved: 12.686565399169922, interval_runtime: 2.6669, interval_samples_per_second: 1.4999, interval_steps_per_second: 0.375, global_norm: 0.039397742599248886, ppl: 1.0000920942404141, progress_or_epoch: 0.8067, cpu_used_memory: 55.15, cpu_available_memory: 448.03[0m
[32m[2026-05-12 11:05:22,225] [    INFO][0m - [DataLoad global_step: 242] data_load_time: 0.33 ms (accumulated over 4 micro-batches)[0m
[32m[2026-05-12 11:05:24,892] [    INFO][0m - loss: 2.338e-05, learning_rate: 1.966e-05, global_step: 243, current_memory_allocated: 7.584475040435791, current_memory_reserved: 12.686565399169922, max_memory_allocated: 12.197029113769531, max_memory_reserved: 12.686565399169922, interval_runtime: 2.6655, interval_samples_per_second: 1.5006, interval_steps_per_second: 0.3752, global_norm: 0.00017096739611588418, ppl: 1.0000233802733143, progress_or_epoch: 0.81, cpu_used_memory: 55.15, cpu_available_memory: 448.04[0m
[32m[2026-05-12 11:05:24,892] [    INFO][0m - [DataLoad global_step: 243] data_load_time: 0.33 ms (accumulated over 4 micro-batches)[0m
[32m[2026-05-12 11:05:27,564] [    INFO][0m - loss: 2.929e-05, learning_rate: 1.931e-05, global_step: 244, current_memory_allocated: 7.584475040435791, current_memory_reserved: 12.686565399169922, max_memory_allocated: 12.197029113769531, max_memory_reserved: 12.686565399169922, interval_runtime: 2.6708, interval_samples_per_second: 1.4977, interval_steps_per_second: 0.3744, global_norm: 0.00022662723495159298, ppl: 1.0000292904289563, progress_or_epoch: 0.8133, cpu_used_memory: 55.14, cpu_available_memory: 448.04[0m
[32m[2026-05-12 11:05:27,564] [    INFO][0m - [DataLoad global_step: 244] data_load_time: 0.33 ms (accumulated over 4 micro-batches)[0m
[32m[2026-05-12 11:05:30,235] [    INFO][0m - loss: 3.402e-05, learning_rate: 1.897e-05, global_step: 245, current_memory_allocated: 7.584475040435791, current_memory_reserved: 12.686565399169922, max_memory_allocated: 12.197029113769531, max_memory_reserved: 12.686565399169922, interval_runtime: 2.671, interval_samples_per_second: 1.4976, interval_steps_per_second: 0.3744, global_norm: 0.0019315378740429878, ppl: 1.0000340205786868, progress_or_epoch: 0.8167, cpu_used_memory: 55.14, cpu_available_memory: 448.05[0m
[32m[2026-05-12 11:05:30,235] [    INFO][0m - [DataLoad global_step: 245] data_load_time: 0.37 ms (accumulated over 4 micro-batches)[0m
[32m[2026-05-12 11:05:32,905] [    INFO][0m - loss: 2.013e-05, learning_rate: 1.862e-05, global_step: 246, current_memory_allocated: 7.584475040435791, current_memory_reserved: 12.686565399169922, max_memory_allocated: 12.197029113769531, max_memory_reserved: 12.686565399169922, interval_runtime: 2.6699, interval_samples_per_second: 1.4982, interval_steps_per_second: 0.3745, global_norm: 0.00013704098819289356, ppl: 1.0000201302026097, progress_or_epoch: 0.82, cpu_used_memory: 55.14, cpu_available_memory: 448.05[0m
[32m[2026-05-12 11:05:32,905] [    INFO][0m - [DataLoad global_step: 246] data_load_time: 0.34 ms (accumulated over 4 micro-batches)[0m
[32m[2026-05-12 11:05:35,570] [    INFO][0m - loss: 4.373e-05, learning_rate: 1.828e-05, global_step: 247, current_memory_allocated: 7.584475040435791, current_memory_reserved: 12.686565399169922, max_memory_allocated: 12.197029113769531, max_memory_reserved: 12.686565399169922, interval_runtime: 2.6648, interval_samples_per_second: 1.501, interval_steps_per_second: 0.3753, global_norm: 0.00867613684386015, ppl: 1.0000437309561705, progress_or_epoch: 0.8233, cpu_used_memory: 55.14, cpu_available_memory: 448.05[0m
[32m[2026-05-12 11:05:35,570] [    INFO][0m - [DataLoad global_step: 247] data_load_time: 0.32 ms (accumulated over 4 micro-batches)[0m
[32m[2026-05-12 11:05:38,240] [    INFO][0m - loss: 3.737e-05, learning_rate: 1.793e-05, global_step: 248, current_memory_allocated: 7.584475040435791, current_memory_reserved: 12.686565399169922, max_memory_allocated: 12.197029113769531, max_memory_reserved: 12.686565399169922, interval_runtime: 2.6673, interval_samples_per_second: 1.4996, interval_steps_per_second: 0.3749, global_norm: 0.0010773955145850778, ppl: 1.0000373706982673, progress_or_epoch: 0.8267, cpu_used_memory: 55.13, cpu_available_memory: 448.05[0m
[32m[2026-05-12 11:05:38,240] [    INFO][0m - [DataLoad global_step: 248] data_load_time: 0.33 ms (accumulated over 4 micro-batches)[0m
[32m[2026-05-12 11:05:40,910] [    INFO][0m - loss: 2.283e-05, learning_rate: 1.759e-05, global_step: 249, current_memory_allocated: 7.584475040435791, current_memory_reserved: 12.686565399169922, max_memory_allocated: 12.197029113769531, max_memory_reserved: 12.686565399169922, interval_runtime: 2.6703, interval_samples_per_second: 1.4979, interval_steps_per_second: 0.3745, global_norm: 0.0002307189570274204, ppl: 1.0000228302606065, progress_or_epoch: 0.83, cpu_used_memory: 55.13, cpu_available_memory: 448.06[0m
[32m[2026-05-12 11:05:40,910] [    INFO][0m - [DataLoad global_step: 249] data_load_time: 0.33 ms (accumulated over 4 micro-batches)[0m
[32m[2026-05-12 11:05:43,578] [    INFO][0m - loss: 2.703e-05, learning_rate: 1.724e-05, global_step: 250, current_memory_allocated: 7.584475040435791, current_memory_reserved: 12.686565399169922, max_memory_allocated: 12.197029113769531, max_memory_reserved: 12.686565399169922, interval_runtime: 2.6674, interval_samples_per_second: 1.4996, interval_steps_per_second: 0.3749, global_norm: 0.00030821957625448704, ppl: 1.0000270303653138, progress_or_epoch: 0.8333, cpu_used_memory: 55.13, cpu_available_memory: 448.06[0m
[32m[2026-05-12 11:05:43,578] [    INFO][0m - [DataLoad global_step: 250] data_load_time: 0.34 ms (accumulated over 4 micro-batches)[0m
[32m[2026-05-12 11:05:46,250] [    INFO][0m - loss: 2.606e-05, learning_rate: 1.69e-05, global_step: 251, current_memory_allocated: 7.584475040435791, current_memory_reserved: 12.686565399169922, max_memory_allocated: 12.197029113769531, max_memory_reserved: 12.686565399169922, interval_runtime: 2.6738, interval_samples_per_second: 1.496, interval_steps_per_second: 0.374, global_norm: 0.00026796571910381317, ppl: 1.0000260603395648, progress_or_epoch: 0.8367, cpu_used_memory: 55.13, cpu_available_memory: 448.06[0m
[32m[2026-05-12 11:05:46,250] [    INFO][0m - [DataLoad global_step: 251] data_load_time: 0.34 ms (accumulated over 4 micro-batches)[0m
[32m[2026-05-12 11:05:48,918] [    INFO][0m - loss: 2.604e-05, learning_rate: 1.655e-05, global_step: 252, current_memory_allocated: 7.584475040435791, current_memory_reserved: 12.686565399169922, max_memory_allocated: 12.197029113769531, max_memory_reserved: 12.686565399169922, interval_runtime: 2.6664, interval_samples_per_second: 1.5002, interval_steps_per_second: 0.375, global_norm: 0.0002568645868450403, ppl: 1.0000260403390437, progress_or_epoch: 0.84, cpu_used_memory: 55.15, cpu_available_memory: 448.04[0m
[32m[2026-05-12 11:05:48,918] [    INFO][0m - [DataLoad global_step: 252] data_load_time: 0.36 ms (accumulated over 4 micro-batches)[0m
[32m[2026-05-12 11:05:51,585] [    INFO][0m - loss: 2.426e-05, learning_rate: 1.621e-05, global_step: 253, current_memory_allocated: 7.584475040435791, current_memory_reserved: 12.686565399169922, max_memory_allocated: 12.197029113769531, max_memory_reserved: 12.686565399169922, interval_runtime: 2.6664, interval_samples_per_second: 1.5002, interval_steps_per_second: 0.375, global_norm: 0.00016578320355620235, ppl: 1.0000242602942762, progress_or_epoch: 0.8433, cpu_used_memory: 55.15, cpu_available_memory: 448.04[0m
[32m[2026-05-12 11:05:51,585] [    INFO][0m - [DataLoad global_step: 253] data_load_time: 0.33 ms (accumulated over 4 micro-batches)[0m
[32m[2026-05-12 11:05:54,253] [    INFO][0m - loss: 2.859e-05, learning_rate: 1.586e-05, global_step: 254, current_memory_allocated: 7.584475040435791, current_memory_reserved: 12.686565399169922, max_memory_allocated: 12.197029113769531, max_memory_reserved: 12.686565399169922, interval_runtime: 2.668, interval_samples_per_second: 1.4993, interval_steps_per_second: 0.3748, global_norm: 0.0004271277866791934, ppl: 1.0000285904086978, progress_or_epoch: 0.8467, cpu_used_memory: 55.14, cpu_available_memory: 448.04[0m
[32m[2026-05-12 11:05:54,253] [    INFO][0m - [DataLoad global_step: 254] data_load_time: 0.34 ms (accumulated over 4 micro-batches)[0m
[32m[2026-05-12 11:05:56,921] [    INFO][0m - loss: 2.653e-05, learning_rate: 1.552e-05, global_step: 255, current_memory_allocated: 7.584475040435791, current_memory_reserved: 12.686565399169922, max_memory_allocated: 12.197029113769531, max_memory_reserved: 12.686565399169922, interval_runtime: 2.6661, interval_samples_per_second: 1.5003, interval_steps_per_second: 0.3751, global_norm: 0.00034331862116232514, ppl: 1.0000265303519236, progress_or_epoch: 0.85, cpu_used_memory: 55.14, cpu_available_memory: 448.05[0m
[32m[2026-05-12 11:05:56,921] [    INFO][0m - [DataLoad global_step: 255] data_load_time: 0.34 ms (accumulated over 4 micro-batches)[0m
[32m[2026-05-12 11:05:59,587] [    INFO][0m - loss: 2.468e-05, learning_rate: 1.517e-05, global_step: 256, current_memory_allocated: 7.584475040435791, current_memory_reserved: 12.686565399169922, max_memory_allocated: 12.197029113769531, max_memory_reserved: 12.686565399169922, interval_runtime: 2.6661, interval_samples_per_second: 1.5003, interval_steps_per_second: 0.3751, global_norm: 0.0003967688826378435, ppl: 1.0000246803045536, progress_or_epoch: 0.8533, cpu_used_memory: 55.14, cpu_available_memory: 448.05[0m
[32m[2026-05-12 11:05:59,587] [    INFO][0m - [DataLoad global_step: 256] data_load_time: 0.36 ms (accumulated over 4 micro-batches)[0m
[32m[2026-05-12 11:06:02,254] [    INFO][0m - loss: 2.391e-05, learning_rate: 1.483e-05, global_step: 257, current_memory_allocated: 7.584475040435791, current_memory_reserved: 12.686565399169922, max_memory_allocated: 12.197029113769531, max_memory_reserved: 12.686565399169922, interval_runtime: 2.6655, interval_samples_per_second: 1.5006, interval_steps_per_second: 0.3752, global_norm: 0.0003714502090588212, ppl: 1.0000239102858464, progress_or_epoch: 0.8567, cpu_used_memory: 55.19, cpu_available_memory: 448.0[0m
[32m[2026-05-12 11:06:02,254] [    INFO][0m - [DataLoad global_step: 257] data_load_time: 0.33 ms (accumulated over 4 micro-batches)[0m
[32m[2026-05-12 11:06:04,926] [    INFO][0m - loss: 2.189e-05, learning_rate: 1.448e-05, global_step: 258, current_memory_allocated: 7.584475040435791, current_memory_reserved: 12.686565399169922, max_memory_allocated: 12.197029113769531, max_memory_reserved: 12.686565399169922, interval_runtime: 2.6718, interval_samples_per_second: 1.4971, interval_steps_per_second: 0.3743, global_norm: 0.0004348598013166338, ppl: 1.0000218902395879, progress_or_epoch: 0.86, cpu_used_memory: 55.18, cpu_available_memory: 448.01[0m
[32m[2026-05-12 11:06:04,926] [    INFO][0m - [DataLoad global_step: 258] data_load_time: 0.32 ms (accumulated over 4 micro-batches)[0m
[32m[2026-05-12 11:06:07,598] [    INFO][0m - loss: 2.82e-05, learning_rate: 1.414e-05, global_step: 259, current_memory_allocated: 7.584475040435791, current_memory_reserved: 12.686565399169922, max_memory_allocated: 12.197029113769531, max_memory_reserved: 12.686565399169922, interval_runtime: 2.6695, interval_samples_per_second: 1.4984, interval_steps_per_second: 0.3746, global_norm: 0.0006592749850824475, ppl: 1.0000282003976237, progress_or_epoch: 0.8633, cpu_used_memory: 55.18, cpu_available_memory: 448.01[0m
[32m[2026-05-12 11:06:07,598] [    INFO][0m - [DataLoad global_step: 259] data_load_time: 0.34 ms (accumulated over 4 micro-batches)[0m
[32m[2026-05-12 11:06:10,268] [    INFO][0m - loss: 0.00017557, learning_rate: 1.379e-05, global_step: 260, current_memory_allocated: 7.584475040435791, current_memory_reserved: 12.686565399169922, max_memory_allocated: 12.197029113769531, max_memory_reserved: 12.686565399169922, interval_runtime: 2.671, interval_samples_per_second: 1.4976, interval_steps_per_second: 0.3744, global_norm: 0.04873036965727806, ppl: 1.0001755854133145, progress_or_epoch: 0.8667, cpu_used_memory: 55.17, cpu_available_memory: 448.01[0m
[32m[2026-05-12 11:06:10,268] [    INFO][0m - [DataLoad global_step: 260] data_load_time: 0.34 ms (accumulated over 4 micro-batches)[0m
[32m[2026-05-12 11:06:12,939] [    INFO][0m - loss: 5.212e-05, learning_rate: 1.345e-05, global_step: 261, current_memory_allocated: 7.584475040435791, current_memory_reserved: 12.686565399169922, max_memory_allocated: 12.197029113769531, max_memory_reserved: 12.686565399169922, interval_runtime: 2.6699, interval_samples_per_second: 1.4982, interval_steps_per_second: 0.3745, global_norm: 0.014037682674825191, ppl: 1.0000521213582707, progress_or_epoch: 0.87, cpu_used_memory: 55.17, cpu_available_memory: 448.02[0m
[32m[2026-05-12 11:06:12,939] [    INFO][0m - [DataLoad global_step: 261] data_load_time: 0.32 ms (accumulated over 4 micro-batches)[0m
[32m[2026-05-12 11:06:15,604] [    INFO][0m - loss: 2.905e-05, learning_rate: 1.31e-05, global_step: 262, current_memory_allocated: 7.584475040435791, current_memory_reserved: 12.686565399169922, max_memory_allocated: 12.197029113769531, max_memory_reserved: 12.686565399169922, interval_runtime: 2.6666, interval_samples_per_second: 1.5001, interval_steps_per_second: 0.375, global_norm: 0.0004067758854944259, ppl: 1.0000290504219553, progress_or_epoch: 0.8733, cpu_used_memory: 55.17, cpu_available_memory: 448.02[0m
[32m[2026-05-12 11:06:15,605] [    INFO][0m - [DataLoad global_step: 262] data_load_time: 0.33 ms (accumulated over 4 micro-batches)[0m
[32m[2026-05-12 11:06:18,268] [    INFO][0m - loss: 1.954e-05, learning_rate: 1.276e-05, global_step: 263, current_memory_allocated: 7.584475040435791, current_memory_reserved: 12.686565399169922, max_memory_allocated: 12.197029113769531, max_memory_reserved: 12.686565399169922, interval_runtime: 2.6631, interval_samples_per_second: 1.502, interval_steps_per_second: 0.3755, global_norm: 0.00019567451090551913, ppl: 1.000019540190907, progress_or_epoch: 0.8767, cpu_used_memory: 55.16, cpu_available_memory: 448.02[0m
[32m[2026-05-12 11:06:18,269] [    INFO][0m - [DataLoad global_step: 263] data_load_time: 0.32 ms (accumulated over 4 micro-batches)[0m
[32m[2026-05-12 11:06:20,943] [    INFO][0m - loss: 2.712e-05, learning_rate: 1.241e-05, global_step: 264, current_memory_allocated: 7.584475040435791, current_memory_reserved: 12.686565399169922, max_memory_allocated: 12.197029113769531, max_memory_reserved: 12.686565399169922, interval_runtime: 2.673, interval_samples_per_second: 1.4964, interval_steps_per_second: 0.3741, global_norm: 0.0007756397244520485, ppl: 1.0000271203677504, progress_or_epoch: 0.88, cpu_used_memory: 55.16, cpu_available_memory: 448.02[0m
[32m[2026-05-12 11:06:20,943] [    INFO][0m - [DataLoad global_step: 264] data_load_time: 0.32 ms (accumulated over 4 micro-batches)[0m
[32m[2026-05-12 11:06:23,630] [    INFO][0m - loss: 4.114e-05, learning_rate: 1.207e-05, global_step: 265, current_memory_allocated: 7.584475040435791, current_memory_reserved: 12.686565399169922, max_memory_allocated: 12.197029113769531, max_memory_reserved: 12.686565399169922, interval_runtime: 2.6863, interval_samples_per_second: 1.489, interval_steps_per_second: 0.3723, global_norm: 0.0012570300605148077, ppl: 1.0000411408462615, progress_or_epoch: 0.8833, cpu_used_memory: 55.21, cpu_available_memory: 447.97[0m
[32m[2026-05-12 11:06:23,630] [    INFO][0m - [DataLoad global_step: 265] data_load_time: 0.32 ms (accumulated over 4 micro-batches)[0m
[32m[2026-05-12 11:06:26,296] [    INFO][0m - loss: 0.00091271, learning_rate: 1.172e-05, global_step: 266, current_memory_allocated: 7.584475040435791, current_memory_reserved: 12.686565399169922, max_memory_allocated: 12.197029113769531, max_memory_reserved: 12.686565399169922, interval_runtime: 2.6665, interval_samples_per_second: 1.5001, interval_steps_per_second: 0.375, global_norm: 0.21882964670658112, ppl: 1.0009131266465217, progress_or_epoch: 0.8867, cpu_used_memory: 55.16, cpu_available_memory: 448.02[0m
[32m[2026-05-12 11:06:26,296] [    INFO][0m - [DataLoad global_step: 266] data_load_time: 0.36 ms (accumulated over 4 micro-batches)[0m
[32m[2026-05-12 11:06:28,962] [    INFO][0m - loss: 8.685e-05, learning_rate: 1.138e-05, global_step: 267, current_memory_allocated: 7.584475040435791, current_memory_reserved: 12.686565399169922, max_memory_allocated: 12.197029113769531, max_memory_reserved: 12.686565399169922, interval_runtime: 2.6622, interval_samples_per_second: 1.5025, interval_steps_per_second: 0.3756, global_norm: 0.005362996831536293, ppl: 1.0000868537715704, progress_or_epoch: 0.89, cpu_used_memory: 55.15, cpu_available_memory: 448.03[0m
[32m[2026-05-12 11:06:28,962] [    INFO][0m - [DataLoad global_step: 267] data_load_time: 0.35 ms (accumulated over 4 micro-batches)[0m
[32m[2026-05-12 11:06:31,626] [    INFO][0m - loss: 4.204e-05, learning_rate: 1.103e-05, global_step: 268, current_memory_allocated: 7.584475040435791, current_memory_reserved: 12.686565399169922, max_memory_allocated: 12.197029113769531, max_memory_reserved: 12.686565399169922, interval_runtime: 2.6643, interval_samples_per_second: 1.5013, interval_steps_per_second: 0.3753, global_norm: 0.0027176332660019398, ppl: 1.0000420408836932, progress_or_epoch: 0.8933, cpu_used_memory: 55.15, cpu_available_memory: 448.03[0m
[32m[2026-05-12 11:06:31,627] [    INFO][0m - [DataLoad global_step: 268] data_load_time: 0.36 ms (accumulated over 4 micro-batches)[0m
[32m[2026-05-12 11:06:34,290] [    INFO][0m - loss: 0.00016313, learning_rate: 1.069e-05, global_step: 269, current_memory_allocated: 7.584475040435791, current_memory_reserved: 12.686565399169922, max_memory_allocated: 12.197029113769531, max_memory_reserved: 12.686565399169922, interval_runtime: 2.6645, interval_samples_per_second: 1.5012, interval_steps_per_second: 0.3753, global_norm: 0.010280474089086056, ppl: 1.000163143306422, progress_or_epoch: 0.8967, cpu_used_memory: 55.15, cpu_available_memory: 448.04[0m
[32m[2026-05-12 11:06:34,290] [    INFO][0m - [DataLoad global_step: 269] data_load_time: 0.36 ms (accumulated over 4 micro-batches)[0m
[32m[2026-05-12 11:06:36,957] [    INFO][0m - loss: 2.586e-05, learning_rate: 1.034e-05, global_step: 270, current_memory_allocated: 7.584475040435791, current_memory_reserved: 12.686565399169922, max_memory_allocated: 12.197029113769531, max_memory_reserved: 12.686565399169922, interval_runtime: 2.6662, interval_samples_per_second: 1.5003, interval_steps_per_second: 0.3751, global_norm: 0.00033460865961387753, ppl: 1.0000258603343726, progress_or_epoch: 0.9, cpu_used_memory: 55.15, cpu_available_memory: 448.04[0m
[32m[2026-05-12 11:06:36,957] [    INFO][0m - [DataLoad global_step: 270] data_load_time: 0.36 ms (accumulated over 4 micro-batches)[0m
[32m[2026-05-12 11:06:39,624] [    INFO][0m - loss: 2.79e-05, learning_rate: 1e-05, global_step: 271, current_memory_allocated: 7.584475040435791, current_memory_reserved: 12.686565399169922, max_memory_allocated: 12.197029113769531, max_memory_reserved: 12.686565399169922, interval_runtime: 2.6666, interval_samples_per_second: 1.5, interval_steps_per_second: 0.375, global_norm: 0.0005337200709618628, ppl: 1.0000279003892085, progress_or_epoch: 0.9033, cpu_used_memory: 55.14, cpu_available_memory: 448.04[0m
[32m[2026-05-12 11:06:39,624] [    INFO][0m - [DataLoad global_step: 271] data_load_time: 0.39 ms (accumulated over 4 micro-batches)[0m
[32m[2026-05-12 11:06:42,288] [    INFO][0m - loss: 3.083e-05, learning_rate: 9.655e-06, global_step: 272, current_memory_allocated: 7.584475040435791, current_memory_reserved: 12.686565399169922, max_memory_allocated: 12.197029113769531, max_memory_reserved: 12.686565399169922, interval_runtime: 2.6621, interval_samples_per_second: 1.5025, interval_steps_per_second: 0.3756, global_norm: 0.0005777303013019264, ppl: 1.0000308304752494, progress_or_epoch: 0.9067, cpu_used_memory: 55.14, cpu_available_memory: 448.04[0m
[32m[2026-05-12 11:06:42,288] [    INFO][0m - [DataLoad global_step: 272] data_load_time: 0.35 ms (accumulated over 4 micro-batches)[0m
[32m[2026-05-12 11:06:44,956] [    INFO][0m - loss: 2.734e-05, learning_rate: 9.31e-06, global_step: 273, current_memory_allocated: 7.584475040435791, current_memory_reserved: 12.686565399169922, max_memory_allocated: 12.197029113769531, max_memory_reserved: 12.686565399169922, interval_runtime: 2.6688, interval_samples_per_second: 1.4988, interval_steps_per_second: 0.3747, global_norm: 0.0003890066291205585, ppl: 1.0000273403737412, progress_or_epoch: 0.91, cpu_used_memory: 55.14, cpu_available_memory: 448.05[0m
[32m[2026-05-12 11:06:44,956] [    INFO][0m - [DataLoad global_step: 273] data_load_time: 0.36 ms (accumulated over 4 micro-batches)[0m
[32m[2026-05-12 11:06:47,618] [    INFO][0m - loss: 3.165e-05, learning_rate: 8.966e-06, global_step: 274, current_memory_allocated: 7.584475040435791, current_memory_reserved: 12.686565399169922, max_memory_allocated: 12.197029113769531, max_memory_reserved: 12.686565399169922, interval_runtime: 2.6618, interval_samples_per_second: 1.5028, interval_steps_per_second: 0.3757, global_norm: 0.00048596420674584806, ppl: 1.0000316505008666, progress_or_epoch: 0.9133, cpu_used_memory: 55.17, cpu_available_memory: 448.02[0m
[32m[2026-05-12 11:06:47,618] [    INFO][0m - [DataLoad global_step: 274] data_load_time: 0.37 ms (accumulated over 4 micro-batches)[0m
[32m[2026-05-12 11:06:50,283] [    INFO][0m - loss: 3.903e-05, learning_rate: 8.621e-06, global_step: 275, current_memory_allocated: 7.584475040435791, current_memory_reserved: 12.686565399169922, max_memory_allocated: 12.197029113769531, max_memory_reserved: 12.686565399169922, interval_runtime: 2.6636, interval_samples_per_second: 1.5017, interval_steps_per_second: 0.3754, global_norm: 0.0049339779652655125, ppl: 1.0000390307616804, progress_or_epoch: 0.9167, cpu_used_memory: 55.16, cpu_available_memory: 448.02[0m
[32m[2026-05-12 11:06:50,284] [    INFO][0m - [DataLoad global_step: 275] data_load_time: 0.36 ms (accumulated over 4 micro-batches)[0m
[32m[2026-05-12 11:06:52,953] [    INFO][0m - loss: 3.386e-05, learning_rate: 8.276e-06, global_step: 276, current_memory_allocated: 7.584475040435791, current_memory_reserved: 12.686565399169922, max_memory_allocated: 12.197029113769531, max_memory_reserved: 12.686565399169922, interval_runtime: 2.6689, interval_samples_per_second: 1.4987, interval_steps_per_second: 0.3747, global_norm: 0.0005878682131879032, ppl: 1.0000338605732562, progress_or_epoch: 0.92, cpu_used_memory: 55.16, cpu_available_memory: 448.03[0m
[32m[2026-05-12 11:06:52,953] [    INFO][0m - [DataLoad global_step: 276] data_load_time: 0.39 ms (accumulated over 4 micro-batches)[0m
[32m[2026-05-12 11:06:55,618] [    INFO][0m - loss: 0.00186886, learning_rate: 7.931e-06, global_step: 277, current_memory_allocated: 7.584475040435791, current_memory_reserved: 12.686565399169922, max_memory_allocated: 12.197029113769531, max_memory_reserved: 12.686565399169922, interval_runtime: 2.6648, interval_samples_per_second: 1.501, interval_steps_per_second: 0.3753, global_norm: 0.3144264817237854, ppl: 1.0018706074072334, progress_or_epoch: 0.9233, cpu_used_memory: 55.15, cpu_available_memory: 448.03[0m
[32m[2026-05-12 11:06:55,618] [    INFO][0m - [DataLoad global_step: 277] data_load_time: 0.36 ms (accumulated over 4 micro-batches)[0m
[32m[2026-05-12 11:06:58,284] [    INFO][0m - loss: 2.761e-05, learning_rate: 7.586e-06, global_step: 278, current_memory_allocated: 7.584475040435791, current_memory_reserved: 12.686565399169922, max_memory_allocated: 12.197029113769531, max_memory_reserved: 12.686565399169922, interval_runtime: 2.6647, interval_samples_per_second: 1.5011, interval_steps_per_second: 0.3753, global_norm: 0.0003048277576453984, ppl: 1.0000276103811596, progress_or_epoch: 0.9267, cpu_used_memory: 55.15, cpu_available_memory: 448.04[0m
[32m[2026-05-12 11:06:58,284] [    INFO][0m - [DataLoad global_step: 278] data_load_time: 0.36 ms (accumulated over 4 micro-batches)[0m
[32m[2026-05-12 11:07:00,951] [    INFO][0m - loss: 2.957e-05, learning_rate: 7.241e-06, global_step: 279, current_memory_allocated: 7.584475040435791, current_memory_reserved: 12.686565399169922, max_memory_allocated: 12.197029113769531, max_memory_reserved: 12.686565399169922, interval_runtime: 2.6657, interval_samples_per_second: 1.5005, interval_steps_per_second: 0.3751, global_norm: 0.0005400063237175345, ppl: 1.0000295704371969, progress_or_epoch: 0.93, cpu_used_memory: 55.14, cpu_available_memory: 448.05[0m
[32m[2026-05-12 11:07:00,952] [    INFO][0m - [DataLoad global_step: 279] data_load_time: 0.36 ms (accumulated over 4 micro-batches)[0m
[32m[2026-05-12 11:07:03,621] [    INFO][0m - loss: 4.3e-05, learning_rate: 6.897e-06, global_step: 280, current_memory_allocated: 7.584475040435791, current_memory_reserved: 12.686565399169922, max_memory_allocated: 12.197029113769531, max_memory_reserved: 12.686565399169922, interval_runtime: 2.6712, interval_samples_per_second: 1.4975, interval_steps_per_second: 0.3744, global_norm: 0.0035767992958426476, ppl: 1.0000430009245131, progress_or_epoch: 0.9333, cpu_used_memory: 55.18, cpu_available_memory: 448.01[0m
[32m[2026-05-12 11:07:03,622] [    INFO][0m - [DataLoad global_step: 280] data_load_time: 0.37 ms (accumulated over 4 micro-batches)[0m
[32m[2026-05-12 11:07:06,291] [    INFO][0m - loss: 0.00059586, learning_rate: 6.552e-06, global_step: 281, current_memory_allocated: 7.584475040435791, current_memory_reserved: 12.686565399169922, max_memory_allocated: 12.197029113769531, max_memory_reserved: 12.686565399169922, interval_runtime: 2.6699, interval_samples_per_second: 1.4982, interval_steps_per_second: 0.3745, global_norm: 0.07704292982816696, ppl: 1.000596037559835, progress_or_epoch: 0.9367, cpu_used_memory: 55.17, cpu_available_memory: 448.01[0m
[32m[2026-05-12 11:07:06,292] [    INFO][0m - [DataLoad global_step: 281] data_load_time: 0.36 ms (accumulated over 4 micro-batches)[0m
[32m[2026-05-12 11:07:08,957] [    INFO][0m - loss: 3.378e-05, learning_rate: 6.207e-06, global_step: 282, current_memory_allocated: 7.584475040435791, current_memory_reserved: 12.686565399169922, max_memory_allocated: 12.197029113769531, max_memory_reserved: 12.686565399169922, interval_runtime: 2.6641, interval_samples_per_second: 1.5015, interval_steps_per_second: 0.3754, global_norm: 0.0006935173296369612, ppl: 1.0000337805705506, progress_or_epoch: 0.94, cpu_used_memory: 55.16, cpu_available_memory: 448.02[0m
[32m[2026-05-12 11:07:08,958] [    INFO][0m - [DataLoad global_step: 282] data_load_time: 0.37 ms (accumulated over 4 micro-batches)[0m
[32m[2026-05-12 11:07:11,625] [    INFO][0m - loss: 2.464e-05, learning_rate: 5.862e-06, global_step: 283, current_memory_allocated: 7.584475040435791, current_memory_reserved: 12.686565399169922, max_memory_allocated: 12.197029113769531, max_memory_reserved: 12.686565399169922, interval_runtime: 2.6661, interval_samples_per_second: 1.5003, interval_steps_per_second: 0.3751, global_norm: 0.0005382875679060817, ppl: 1.0000246403035673, progress_or_epoch: 0.9433, cpu_used_memory: 55.16, cpu_available_memory: 448.03[0m
[32m[2026-05-12 11:07:11,625] [    INFO][0m - [DataLoad global_step: 283] data_load_time: 0.35 ms (accumulated over 4 micro-batches)[0m
[32m[2026-05-12 11:07:14,286] [    INFO][0m - loss: 2.847e-05, learning_rate: 5.517e-06, global_step: 284, current_memory_allocated: 7.584475040435791, current_memory_reserved: 12.686565399169922, max_memory_allocated: 12.197029113769531, max_memory_reserved: 12.686565399169922, interval_runtime: 2.6631, interval_samples_per_second: 1.502, interval_steps_per_second: 0.3755, global_norm: 0.000333069619955495, ppl: 1.0000284704052742, progress_or_epoch: 0.9467, cpu_used_memory: 55.15, cpu_available_memory: 448.03[0m
[32m[2026-05-12 11:07:14,286] [    INFO][0m - [DataLoad global_step: 284] data_load_time: 0.36 ms (accumulated over 4 micro-batches)[0m
[32m[2026-05-12 11:07:16,944] [    INFO][0m - loss: 5.024e-05, learning_rate: 5.172e-06, global_step: 285, current_memory_allocated: 7.584475040435791, current_memory_reserved: 12.686565399169922, max_memory_allocated: 12.197029113769531, max_memory_reserved: 12.686565399169922, interval_runtime: 2.659, interval_samples_per_second: 1.5043, interval_steps_per_second: 0.3761, global_norm: 0.0033008663449436426, ppl: 1.00005024126205, progress_or_epoch: 0.95, cpu_used_memory: 55.15, cpu_available_memory: 448.03[0m
[32m[2026-05-12 11:07:16,945] [    INFO][0m - [DataLoad global_step: 285] data_load_time: 0.35 ms (accumulated over 4 micro-batches)[0m
[32m[2026-05-12 11:07:19,608] [    INFO][0m - loss: 2.933e-05, learning_rate: 4.828e-06, global_step: 286, current_memory_allocated: 7.584475040435791, current_memory_reserved: 12.686565399169922, max_memory_allocated: 12.197029113769531, max_memory_reserved: 12.686565399169922, interval_runtime: 2.6617, interval_samples_per_second: 1.5028, interval_steps_per_second: 0.3757, global_norm: 0.0004854117287322879, ppl: 1.0000293304301286, progress_or_epoch: 0.9533, cpu_used_memory: 55.15, cpu_available_memory: 448.04[0m
[32m[2026-05-12 11:07:19,608] [    INFO][0m - [DataLoad global_step: 286] data_load_time: 0.35 ms (accumulated over 4 micro-batches)[0m
[32m[2026-05-12 11:07:22,274] [    INFO][0m - loss: 0.00024641, learning_rate: 4.483e-06, global_step: 287, current_memory_allocated: 7.584475040435791, current_memory_reserved: 12.686565399169922, max_memory_allocated: 12.197029113769531, max_memory_reserved: 12.686565399169922, interval_runtime: 2.6626, interval_samples_per_second: 1.5023, interval_steps_per_second: 0.3756, global_norm: 0.04466889053583145, ppl: 1.0002464403614377, progress_or_epoch: 0.9567, cpu_used_memory: 55.15, cpu_available_memory: 448.04[0m
[32m[2026-05-12 11:07:22,275] [    INFO][0m - [DataLoad global_step: 287] data_load_time: 0.36 ms (accumulated over 4 micro-batches)[0m
[32m[2026-05-12 11:07:24,938] [    INFO][0m - loss: 2.361e-05, learning_rate: 4.138e-06, global_step: 288, current_memory_allocated: 7.584475040435791, current_memory_reserved: 12.686565399169922, max_memory_allocated: 12.197029113769531, max_memory_reserved: 12.686565399169922, interval_runtime: 2.6662, interval_samples_per_second: 1.5003, interval_steps_per_second: 0.3751, global_norm: 0.00032846032991074026, ppl: 1.0000236102787183, progress_or_epoch: 0.96, cpu_used_memory: 55.15, cpu_available_memory: 448.04[0m
[32m[2026-05-12 11:07:24,938] [    INFO][0m - [DataLoad global_step: 288] data_load_time: 0.35 ms (accumulated over 4 micro-batches)[0m
[32m[2026-05-12 11:07:27,605] [    INFO][0m - loss: 2.048e-05, learning_rate: 3.793e-06, global_step: 289, current_memory_allocated: 7.584475040435791, current_memory_reserved: 12.686565399169922, max_memory_allocated: 12.197029113769531, max_memory_reserved: 12.686565399169922, interval_runtime: 2.6652, interval_samples_per_second: 1.5008, interval_steps_per_second: 0.3752, global_norm: 0.0001718006533337757, ppl: 1.0000204802097166, progress_or_epoch: 0.9633, cpu_used_memory: 55.14, cpu_available_memory: 448.04[0m
[32m[2026-05-12 11:07:27,606] [    INFO][0m - [DataLoad global_step: 289] data_load_time: 0.36 ms (accumulated over 4 micro-batches)[0m
[32m[2026-05-12 11:07:30,274] [    INFO][0m - loss: 1.979e-05, learning_rate: 3.448e-06, global_step: 290, current_memory_allocated: 7.584475040435791, current_memory_reserved: 12.686565399169922, max_memory_allocated: 12.197029113769531, max_memory_reserved: 12.686565399169922, interval_runtime: 2.6673, interval_samples_per_second: 1.4997, interval_steps_per_second: 0.3749, global_norm: 0.00031812870292924345, ppl: 1.0000197901958234, progress_or_epoch: 0.9667, cpu_used_memory: 55.14, cpu_available_memory: 448.05[0m
[32m[2026-05-12 11:07:30,275] [    INFO][0m - [DataLoad global_step: 290] data_load_time: 0.35 ms (accumulated over 4 micro-batches)[0m
[32m[2026-05-12 11:07:32,939] [    INFO][0m - loss: 1.938e-05, learning_rate: 3.103e-06, global_step: 291, current_memory_allocated: 7.584475040435791, current_memory_reserved: 12.686565399169922, max_memory_allocated: 12.197029113769531, max_memory_reserved: 12.686565399169922, interval_runtime: 2.6639, interval_samples_per_second: 1.5016, interval_steps_per_second: 0.3754, global_norm: 0.0001621872215764597, ppl: 1.0000193801877935, progress_or_epoch: 0.97, cpu_used_memory: 55.14, cpu_available_memory: 448.05[0m
[32m[2026-05-12 11:07:32,939] [    INFO][0m - [DataLoad global_step: 291] data_load_time: 0.36 ms (accumulated over 4 micro-batches)[0m
[32m[2026-05-12 11:07:35,605] [    INFO][0m - loss: 2.661e-05, learning_rate: 2.759e-06, global_step: 292, current_memory_allocated: 7.584475040435791, current_memory_reserved: 12.686565399169922, max_memory_allocated: 12.197029113769531, max_memory_reserved: 12.686565399169922, interval_runtime: 2.6639, interval_samples_per_second: 1.5016, interval_steps_per_second: 0.3754, global_norm: 0.0008320733904838562, ppl: 1.0000266103540492, progress_or_epoch: 0.9733, cpu_used_memory: 55.13, cpu_available_memory: 448.05[0m
[32m[2026-05-12 11:07:35,605] [    INFO][0m - [DataLoad global_step: 292] data_load_time: 0.36 ms (accumulated over 4 micro-batches)[0m
[32m[2026-05-12 11:07:38,276] [    INFO][0m - loss: 2.343e-05, learning_rate: 2.414e-06, global_step: 293, current_memory_allocated: 7.584475040435791, current_memory_reserved: 12.686565399169922, max_memory_allocated: 12.197029113769531, max_memory_reserved: 12.686565399169922, interval_runtime: 2.6702, interval_samples_per_second: 1.498, interval_steps_per_second: 0.3745, global_norm: 0.0005639932933263481, ppl: 1.0000234302744846, progress_or_epoch: 0.9767, cpu_used_memory: 55.13, cpu_available_memory: 448.06[0m
[32m[2026-05-12 11:07:38,276] [    INFO][0m - [DataLoad global_step: 293] data_load_time: 0.40 ms (accumulated over 4 micro-batches)[0m
[32m[2026-05-12 11:07:40,939] [    INFO][0m - loss: 2.08e-05, learning_rate: 2.069e-06, global_step: 294, current_memory_allocated: 7.584475040435791, current_memory_reserved: 12.686565399169922, max_memory_allocated: 12.197029113769531, max_memory_reserved: 12.686565399169922, interval_runtime: 2.6646, interval_samples_per_second: 1.5012, interval_steps_per_second: 0.3753, global_norm: 0.00023276254069060087, ppl: 1.0000208002163216, progress_or_epoch: 0.98, cpu_used_memory: 55.12, cpu_available_memory: 448.06[0m
[32m[2026-05-12 11:07:40,940] [    INFO][0m - [DataLoad global_step: 294] data_load_time: 0.36 ms (accumulated over 4 micro-batches)[0m
[32m[2026-05-12 11:07:43,604] [    INFO][0m - loss: 2.211e-05, learning_rate: 1.724e-06, global_step: 295, current_memory_allocated: 7.584475040435791, current_memory_reserved: 12.686565399169922, max_memory_allocated: 12.197029113769531, max_memory_reserved: 12.686565399169922, interval_runtime: 2.6631, interval_samples_per_second: 1.502, interval_steps_per_second: 0.3755, global_norm: 0.0004210478509776294, ppl: 1.0000221102444278, progress_or_epoch: 0.9833, cpu_used_memory: 55.12, cpu_available_memory: 448.06[0m
[32m[2026-05-12 11:07:43,604] [    INFO][0m - [DataLoad global_step: 295] data_load_time: 0.37 ms (accumulated over 4 micro-batches)[0m
[32m[2026-05-12 11:07:46,271] [    INFO][0m - loss: 3.586e-05, learning_rate: 1.379e-06, global_step: 296, current_memory_allocated: 7.584475040435791, current_memory_reserved: 12.686565399169922, max_memory_allocated: 12.197029113769531, max_memory_reserved: 12.686565399169922, interval_runtime: 2.6671, interval_samples_per_second: 1.4998, interval_steps_per_second: 0.3749, global_norm: 0.001704591210000217, ppl: 1.0000358606429776, progress_or_epoch: 0.9867, cpu_used_memory: 55.12, cpu_available_memory: 448.06[0m
[32m[2026-05-12 11:07:46,271] [    INFO][0m - [DataLoad global_step: 296] data_load_time: 0.35 ms (accumulated over 4 micro-batches)[0m
[32m[2026-05-12 11:07:48,937] [    INFO][0m - loss: 2.422e-05, learning_rate: 1.034e-06, global_step: 297, current_memory_allocated: 7.584475040435791, current_memory_reserved: 12.686565399169922, max_memory_allocated: 12.197029113769531, max_memory_reserved: 12.686565399169922, interval_runtime: 2.6671, interval_samples_per_second: 1.4998, interval_steps_per_second: 0.3749, global_norm: 0.00036513133090920746, ppl: 1.0000242202933065, progress_or_epoch: 0.99, cpu_used_memory: 55.14, cpu_available_memory: 448.04[0m
[32m[2026-05-12 11:07:48,937] [    INFO][0m - [DataLoad global_step: 297] data_load_time: 0.38 ms (accumulated over 4 micro-batches)[0m
[33m[2026-05-12 11:07:48,993] [ WARNING][0m - [SKIP] data is deleted by truncation strategy: <|begin_of_text|><|start_header_id|>user<|end_head...[0m
[32m[2026-05-12 11:07:51,647] [    INFO][0m - loss: 3.283e-05, learning_rate: 6.897e-07, global_step: 298, current_memory_allocated: 7.584475040435791, current_memory_reserved: 12.686565399169922, max_memory_allocated: 12.197029113769531, max_memory_reserved: 12.686565399169922, interval_runtime: 2.7052, interval_samples_per_second: 1.4787, interval_steps_per_second: 0.3697, global_norm: 0.0018808982567861676, ppl: 1.0000328305389103, progress_or_epoch: 0.9933, cpu_used_memory: 55.14, cpu_available_memory: 448.05[0m
[32m[2026-05-12 11:07:51,647] [    INFO][0m - [DataLoad global_step: 298] data_load_time: 0.33 ms (accumulated over 4 micro-batches)[0m
[32m[2026-05-12 11:07:54,310] [    INFO][0m - loss: 7.431e-05, learning_rate: 3.448e-07, global_step: 299, current_memory_allocated: 7.584475040435791, current_memory_reserved: 12.686565399169922, max_memory_allocated: 12.197029113769531, max_memory_reserved: 12.686565399169922, interval_runtime: 2.6654, interval_samples_per_second: 1.5007, interval_steps_per_second: 0.3752, global_norm: 0.011522890068590641, ppl: 1.0000743127610565, progress_or_epoch: 0.9967, cpu_used_memory: 55.13, cpu_available_memory: 448.05[0m
[32m[2026-05-12 11:07:54,311] [    INFO][0m - [DataLoad global_step: 299] data_load_time: 0.38 ms (accumulated over 4 micro-batches)[0m
[32m[2026-05-12 11:07:56,973] [    INFO][0m - loss: 7.012e-05, learning_rate: 0.0, global_step: 300, current_memory_allocated: 7.584475040435791, current_memory_reserved: 12.686565399169922, max_memory_allocated: 12.197029113769531, max_memory_reserved: 12.686565399169922, interval_runtime: 2.6613, interval_samples_per_second: 1.503, interval_steps_per_second: 0.3758, global_norm: 0.005849448498338461, ppl: 1.0000701224584647, progress_or_epoch: 1.0, cpu_used_memory: 55.13, cpu_available_memory: 448.06[0m
[32m[2026-05-12 11:07:56,974] [    INFO][0m - ***** Running Evaluation *****[0m
[32m[2026-05-12 11:07:56,974] [    INFO][0m -   Num examples: Unknown[0m
[32m[2026-05-12 11:07:56,974] [    INFO][0m -   Pre device batch size = 1[0m
[32m[2026-05-12 11:07:56,974] [    INFO][0m -   Total Batch size = 1[0m
[32m[2026-05-12 11:07:56,976] [    INFO][0m - Using binpacking mode for data iteration.[0m
[33m[2026-05-12 11:08:24,036] [ WARNING][0m - [SKIP] data is deleted by truncation strategy: <|begin_of_text|><|start_header_id|>user<|end_head...[0m
[32m[2026-05-12 11:09:05,320] [    INFO][0m - eval_loss: 0.00012569435057230294, eval_runtime: 68.3363, eval_samples_per_second: 36.3497, eval_steps_per_second: 36.3497, eval_ppl: 1.0001257022504382, progress_or_epoch: 1.0, cpu_used_memory: 55.27, cpu_available_memory: 447.92[0m
[32m[2026-05-12 11:09:05,320] [    INFO][0m - [DataLoad global_step: 300] data_load_time: 0.36 ms (accumulated over 4 micro-batches)[0m
[32m[2026-05-12 11:09:05,320] [    INFO][0m - 
Training completed. 
[0m
[32m[2026-05-12 11:09:05,327] [    INFO][0m - train_runtime: 894.4434, train_samples_per_second: 1.3416, train_steps_per_second: 0.3354, train_loss: 0.0010008395242827343, progress_or_epoch: 1.0, cpu_used_memory: 55.27, cpu_available_memory: 447.92[0m
[32m[2026-05-12 11:09:05,327] [    INFO][0m - Saving model checkpoint to ./checkpoints/lora/llama3-8b[0m
[32m[2026-05-12 11:09:05,854] [    INFO][0m - Saving LoRA weights use safetensors: True[0m
[32m[2026-05-12 11:09:05,874] [    INFO][0m - [Rank 0/4] (Saver) Initializing save. Max shard size set to: 4.00 GB[0m
[32m[2026-05-12 11:09:05,874] [    INFO][0m - [Rank 0/4] Starting to process the weight iterator...[0m
[32m[2026-05-12 11:09:05,941] [    INFO][0m - [Rank 0/4] Assigned to store parameter model.layers.0.self_attn.q_proj.lora_A[0m
[32m[2026-05-12 11:09:05,946] [    INFO][0m - [Rank 0/4] Assigned to store parameter model.layers.0.self_attn.v_proj.lora_A[0m
[32m[2026-05-12 11:09:05,951] [    INFO][0m - [Rank 0/4] Assigned to store parameter model.layers.0.mlp.gate_proj.lora_A[0m
[32m[2026-05-12 11:09:05,956] [    INFO][0m - [Rank 0/4] Assigned to store parameter model.layers.0.mlp.down_proj.lora_A[0m
[32m[2026-05-12 11:09:05,960] [    INFO][0m - [Rank 0/4] Assigned to store parameter model.layers.1.self_attn.k_proj.lora_A[0m
[32m[2026-05-12 11:09:05,965] [    INFO][0m - [Rank 0/4] Assigned to store parameter model.layers.1.self_attn.o_proj.lora_A[0m
[32m[2026-05-12 11:09:05,968] [    INFO][0m - [Rank 0/4] Assigned to store parameter model.layers.1.mlp.up_proj.lora_A[0m
[32m[2026-05-12 11:09:05,973] [    INFO][0m - [Rank 0/4] Assigned to store parameter model.layers.2.self_attn.q_proj.lora_A[0m
[32m[2026-05-12 11:09:05,977] [    INFO][0m - [Rank 0/4] Assigned to store parameter model.layers.2.self_attn.v_proj.lora_A[0m
[32m[2026-05-12 11:09:05,981] [    INFO][0m - [Rank 0/4] Assigned to store parameter model.layers.2.mlp.gate_proj.lora_A[0m
[32m[2026-05-12 11:09:05,986] [    INFO][0m - [Rank 0/4] Assigned to store parameter model.layers.2.mlp.down_proj.lora_A[0m
[32m[2026-05-12 11:09:05,990] [    INFO][0m - [Rank 0/4] Assigned to store parameter model.layers.3.self_attn.k_proj.lora_A[0m
[32m[2026-05-12 11:09:05,994] [    INFO][0m - [Rank 0/4] Assigned to store parameter model.layers.3.self_attn.o_proj.lora_A[0m
[32m[2026-05-12 11:09:05,998] [    INFO][0m - [Rank 0/4] Assigned to store parameter model.layers.3.mlp.up_proj.lora_A[0m
[32m[2026-05-12 11:09:06,002] [    INFO][0m - [Rank 0/4] Assigned to store parameter model.layers.4.self_attn.q_proj.lora_A[0m
[32m[2026-05-12 11:09:06,006] [    INFO][0m - [Rank 0/4] Assigned to store parameter model.layers.4.self_attn.v_proj.lora_A[0m
[32m[2026-05-12 11:09:06,010] [    INFO][0m - [Rank 0/4] Assigned to store parameter model.layers.4.mlp.gate_proj.lora_A[0m
[32m[2026-05-12 11:09:06,015] [    INFO][0m - [Rank 0/4] Assigned to store parameter model.layers.4.mlp.down_proj.lora_A[0m
[32m[2026-05-12 11:09:06,019] [    INFO][0m - [Rank 0/4] Assigned to store parameter model.layers.5.self_attn.k_proj.lora_A[0m
[32m[2026-05-12 11:09:06,024] [    INFO][0m - [Rank 0/4] Assigned to store parameter model.layers.5.self_attn.o_proj.lora_A[0m
[32m[2026-05-12 11:09:06,028] [    INFO][0m - [Rank 0/4] Assigned to store parameter model.layers.5.mlp.up_proj.lora_A[0m
[32m[2026-05-12 11:09:06,032] [    INFO][0m - [Rank 0/4] Assigned to store parameter model.layers.6.self_attn.q_proj.lora_A[0m
[32m[2026-05-12 11:09:06,036] [    INFO][0m - [Rank 0/4] Assigned to store parameter model.layers.6.self_attn.v_proj.lora_A[0m
[32m[2026-05-12 11:09:06,040] [    INFO][0m - [Rank 0/4] Assigned to store parameter model.layers.6.mlp.gate_proj.lora_A[0m
[32m[2026-05-12 11:09:06,045] [    INFO][0m - [Rank 0/4] Assigned to store parameter model.layers.6.mlp.down_proj.lora_A[0m
[32m[2026-05-12 11:09:06,049] [    INFO][0m - [Rank 0/4] Assigned to store parameter model.layers.7.self_attn.k_proj.lora_A[0m
[32m[2026-05-12 11:09:06,053] [    INFO][0m - [Rank 0/4] Assigned to store parameter model.layers.7.self_attn.o_proj.lora_A[0m
[32m[2026-05-12 11:09:06,057] [    INFO][0m - [Rank 0/4] Assigned to store parameter model.layers.7.mlp.up_proj.lora_A[0m
[32m[2026-05-12 11:09:06,061] [    INFO][0m - [Rank 0/4] Assigned to store parameter model.layers.8.self_attn.q_proj.lora_A[0m
[32m[2026-05-12 11:09:06,065] [    INFO][0m - [Rank 0/4] Assigned to store parameter model.layers.8.self_attn.v_proj.lora_A[0m
[32m[2026-05-12 11:09:06,069] [    INFO][0m - [Rank 0/4] Assigned to store parameter model.layers.8.mlp.gate_proj.lora_A[0m
[32m[2026-05-12 11:09:06,074] [    INFO][0m - [Rank 0/4] Assigned to store parameter model.layers.8.mlp.down_proj.lora_A[0m
[32m[2026-05-12 11:09:06,078] [    INFO][0m - [Rank 0/4] Assigned to store parameter model.layers.9.self_attn.k_proj.lora_A[0m
[32m[2026-05-12 11:09:06,082] [    INFO][0m - [Rank 0/4] Assigned to store parameter model.layers.9.self_attn.o_proj.lora_A[0m
[32m[2026-05-12 11:09:06,086] [    INFO][0m - [Rank 0/4] Assigned to store parameter model.layers.9.mlp.up_proj.lora_A[0m
[32m[2026-05-12 11:09:06,090] [    INFO][0m - [Rank 0/4] Assigned to store parameter model.layers.10.self_attn.q_proj.lora_A[0m
[32m[2026-05-12 11:09:06,095] [    INFO][0m - [Rank 0/4] Assigned to store parameter model.layers.10.self_attn.v_proj.lora_A[0m
[32m[2026-05-12 11:09:06,099] [    INFO][0m - [Rank 0/4] Assigned to store parameter model.layers.10.mlp.gate_proj.lora_A[0m
[32m[2026-05-12 11:09:06,104] [    INFO][0m - [Rank 0/4] Assigned to store parameter model.layers.10.mlp.down_proj.lora_A[0m
[32m[2026-05-12 11:09:06,108] [    INFO][0m - [Rank 0/4] Assigned to store parameter model.layers.11.self_attn.k_proj.lora_A[0m
[32m[2026-05-12 11:09:06,112] [    INFO][0m - [Rank 0/4] Assigned to store parameter model.layers.11.self_attn.o_proj.lora_A[0m
[32m[2026-05-12 11:09:06,116] [    INFO][0m - [Rank 0/4] Assigned to store parameter model.layers.11.mlp.up_proj.lora_A[0m
[32m[2026-05-12 11:09:06,120] [    INFO][0m - [Rank 0/4] Assigned to store parameter model.layers.12.self_attn.q_proj.lora_A[0m
[32m[2026-05-12 11:09:06,125] [    INFO][0m - [Rank 0/4] Assigned to store parameter model.layers.12.self_attn.v_proj.lora_A[0m
[32m[2026-05-12 11:09:06,128] [    INFO][0m - [Rank 0/4] Assigned to store parameter model.layers.12.mlp.gate_proj.lora_A[0m
[32m[2026-05-12 11:09:06,134] [    INFO][0m - [Rank 0/4] Assigned to store parameter model.layers.12.mlp.down_proj.lora_A[0m
[32m[2026-05-12 11:09:06,137] [    INFO][0m - [Rank 0/4] Assigned to store parameter model.layers.13.self_attn.k_proj.lora_A[0m
[32m[2026-05-12 11:09:06,142] [    INFO][0m - [Rank 0/4] Assigned to store parameter model.layers.13.self_attn.o_proj.lora_A[0m
[32m[2026-05-12 11:09:06,146] [    INFO][0m - [Rank 0/4] Assigned to store parameter model.layers.13.mlp.up_proj.lora_A[0m
[32m[2026-05-12 11:09:06,150] [    INFO][0m - [Rank 0/4] Assigned to store parameter model.layers.14.self_attn.q_proj.lora_A[0m
[32m[2026-05-12 11:09:06,154] [    INFO][0m - [Rank 0/4] Assigned to store parameter model.layers.14.self_attn.v_proj.lora_A[0m
[32m[2026-05-12 11:09:06,158] [    INFO][0m - [Rank 0/4] Assigned to store parameter model.layers.14.mlp.gate_proj.lora_A[0m
[32m[2026-05-12 11:09:06,163] [    INFO][0m - [Rank 0/4] Assigned to store parameter model.layers.14.mlp.down_proj.lora_A[0m
[32m[2026-05-12 11:09:06,167] [    INFO][0m - [Rank 0/4] Assigned to store parameter model.layers.15.self_attn.k_proj.lora_A[0m
[32m[2026-05-12 11:09:06,172] [    INFO][0m - [Rank 0/4] Assigned to store parameter model.layers.15.self_attn.o_proj.lora_A[0m
[32m[2026-05-12 11:09:06,175] [    INFO][0m - [Rank 0/4] Assigned to store parameter model.layers.15.mlp.up_proj.lora_A[0m
[32m[2026-05-12 11:09:06,180] [    INFO][0m - [Rank 0/4] Assigned to store parameter model.layers.16.self_attn.q_proj.lora_A[0m
[32m[2026-05-12 11:09:06,185] [    INFO][0m - [Rank 0/4] Assigned to store parameter model.layers.16.self_attn.v_proj.lora_A[0m
[32m[2026-05-12 11:09:06,189] [    INFO][0m - [Rank 0/4] Assigned to store parameter model.layers.16.mlp.gate_proj.lora_A[0m
[32m[2026-05-12 11:09:06,194] [    INFO][0m - [Rank 0/4] Assigned to store parameter model.layers.16.mlp.down_proj.lora_A[0m
[32m[2026-05-12 11:09:06,198] [    INFO][0m - [Rank 0/4] Assigned to store parameter model.layers.17.self_attn.k_proj.lora_A[0m
[32m[2026-05-12 11:09:06,202] [    INFO][0m - [Rank 0/4] Assigned to store parameter model.layers.17.self_attn.o_proj.lora_A[0m
[32m[2026-05-12 11:09:06,206] [    INFO][0m - [Rank 0/4] Assigned to store parameter model.layers.17.mlp.up_proj.lora_A[0m
[32m[2026-05-12 11:09:06,211] [    INFO][0m - [Rank 0/4] Assigned to store parameter model.layers.18.self_attn.q_proj.lora_A[0m
[32m[2026-05-12 11:09:06,216] [    INFO][0m - [Rank 0/4] Assigned to store parameter model.layers.18.self_attn.v_proj.lora_A[0m
[32m[2026-05-12 11:09:06,220] [    INFO][0m - [Rank 0/4] Assigned to store parameter model.layers.18.mlp.gate_proj.lora_A[0m
[32m[2026-05-12 11:09:06,225] [    INFO][0m - [Rank 0/4] Assigned to store parameter model.layers.18.mlp.down_proj.lora_A[0m
[32m[2026-05-12 11:09:06,229] [    INFO][0m - [Rank 0/4] Assigned to store parameter model.layers.19.self_attn.k_proj.lora_A[0m
[32m[2026-05-12 11:09:06,233] [    INFO][0m - [Rank 0/4] Assigned to store parameter model.layers.19.self_attn.o_proj.lora_A[0m
[32m[2026-05-12 11:09:06,237] [    INFO][0m - [Rank 0/4] Assigned to store parameter model.layers.19.mlp.up_proj.lora_A[0m
[32m[2026-05-12 11:09:06,242] [    INFO][0m - [Rank 0/4] Assigned to store parameter model.layers.20.self_attn.q_proj.lora_A[0m
[32m[2026-05-12 11:09:06,246] [    INFO][0m - [Rank 0/4] Assigned to store parameter model.layers.20.self_attn.v_proj.lora_A[0m
[32m[2026-05-12 11:09:06,251] [    INFO][0m - [Rank 0/4] Assigned to store parameter model.layers.20.mlp.gate_proj.lora_A[0m
[32m[2026-05-12 11:09:06,256] [    INFO][0m - [Rank 0/4] Assigned to store parameter model.layers.20.mlp.down_proj.lora_A[0m
[32m[2026-05-12 11:09:06,259] [    INFO][0m - [Rank 0/4] Assigned to store parameter model.layers.21.self_attn.k_proj.lora_A[0m
[32m[2026-05-12 11:09:06,264] [    INFO][0m - [Rank 0/4] Assigned to store parameter model.layers.21.self_attn.o_proj.lora_A[0m
[32m[2026-05-12 11:09:06,268] [    INFO][0m - [Rank 0/4] Assigned to store parameter model.layers.21.mlp.up_proj.lora_A[0m
[32m[2026-05-12 11:09:06,273] [    INFO][0m - [Rank 0/4] Assigned to store parameter model.layers.22.self_attn.q_proj.lora_A[0m
[32m[2026-05-12 11:09:06,277] [    INFO][0m - [Rank 0/4] Assigned to store parameter model.layers.22.self_attn.v_proj.lora_A[0m
[32m[2026-05-12 11:09:06,281] [    INFO][0m - [Rank 0/4] Assigned to store parameter model.layers.22.mlp.gate_proj.lora_A[0m
[32m[2026-05-12 11:09:06,286] [    INFO][0m - [Rank 0/4] Assigned to store parameter model.layers.22.mlp.down_proj.lora_A[0m
[32m[2026-05-12 11:09:06,290] [    INFO][0m - [Rank 0/4] Assigned to store parameter model.layers.23.self_attn.k_proj.lora_A[0m
[32m[2026-05-12 11:09:06,294] [    INFO][0m - [Rank 0/4] Assigned to store parameter model.layers.23.self_attn.o_proj.lora_A[0m
[32m[2026-05-12 11:09:06,298] [    INFO][0m - [Rank 0/4] Assigned to store parameter model.layers.23.mlp.up_proj.lora_A[0m
[32m[2026-05-12 11:09:06,303] [    INFO][0m - [Rank 0/4] Assigned to store parameter model.layers.24.self_attn.q_proj.lora_A[0m
[32m[2026-05-12 11:09:06,307] [    INFO][0m - [Rank 0/4] Assigned to store parameter model.layers.24.self_attn.v_proj.lora_A[0m
[32m[2026-05-12 11:09:06,312] [    INFO][0m - [Rank 0/4] Assigned to store parameter model.layers.24.mlp.gate_proj.lora_A[0m
[32m[2026-05-12 11:09:06,317] [    INFO][0m - [Rank 0/4] Assigned to store parameter model.layers.24.mlp.down_proj.lora_A[0m
[32m[2026-05-12 11:09:06,320] [    INFO][0m - [Rank 0/4] Assigned to store parameter model.layers.25.self_attn.k_proj.lora_A[0m
[32m[2026-05-12 11:09:06,325] [    INFO][0m - [Rank 0/4] Assigned to store parameter model.layers.25.self_attn.o_proj.lora_A[0m
[32m[2026-05-12 11:09:06,329] [    INFO][0m - [Rank 0/4] Assigned to store parameter model.layers.25.mlp.up_proj.lora_A[0m
[32m[2026-05-12 11:09:06,333] [    INFO][0m - [Rank 0/4] Assigned to store parameter model.layers.26.self_attn.q_proj.lora_A[0m
[32m[2026-05-12 11:09:06,338] [    INFO][0m - [Rank 0/4] Assigned to store parameter model.layers.26.self_attn.v_proj.lora_A[0m
[32m[2026-05-12 11:09:06,342] [    INFO][0m - [Rank 0/4] Assigned to store parameter model.layers.26.mlp.gate_proj.lora_A[0m
[32m[2026-05-12 11:09:06,347] [    INFO][0m - [Rank 0/4] Assigned to store parameter model.layers.26.mlp.down_proj.lora_A[0m
[32m[2026-05-12 11:09:06,351] [    INFO][0m - [Rank 0/4] Assigned to store parameter model.layers.27.self_attn.k_proj.lora_A[0m
[32m[2026-05-12 11:09:06,355] [    INFO][0m - [Rank 0/4] Assigned to store parameter model.layers.27.self_attn.o_proj.lora_A[0m
[32m[2026-05-12 11:09:06,359] [    INFO][0m - [Rank 0/4] Assigned to store parameter model.layers.27.mlp.up_proj.lora_A[0m
[32m[2026-05-12 11:09:06,363] [    INFO][0m - [Rank 0/4] Assigned to store parameter model.layers.28.self_attn.q_proj.lora_A[0m
[32m[2026-05-12 11:09:06,368] [    INFO][0m - [Rank 0/4] Assigned to store parameter model.layers.28.self_attn.v_proj.lora_A[0m
[32m[2026-05-12 11:09:06,372] [    INFO][0m - [Rank 0/4] Assigned to store parameter model.layers.28.mlp.gate_proj.lora_A[0m
[32m[2026-05-12 11:09:06,377] [    INFO][0m - [Rank 0/4] Assigned to store parameter model.layers.28.mlp.down_proj.lora_A[0m
[32m[2026-05-12 11:09:06,381] [    INFO][0m - [Rank 0/4] Assigned to store parameter model.layers.29.self_attn.k_proj.lora_A[0m
[32m[2026-05-12 11:09:06,385] [    INFO][0m - [Rank 0/4] Assigned to store parameter model.layers.29.self_attn.o_proj.lora_A[0m
[32m[2026-05-12 11:09:06,389] [    INFO][0m - [Rank 0/4] Assigned to store parameter model.layers.29.mlp.up_proj.lora_A[0m
[32m[2026-05-12 11:09:06,393] [    INFO][0m - [Rank 0/4] Assigned to store parameter model.layers.30.self_attn.q_proj.lora_A[0m
[32m[2026-05-12 11:09:06,398] [    INFO][0m - [Rank 0/4] Assigned to store parameter model.layers.30.self_attn.v_proj.lora_A[0m
[32m[2026-05-12 11:09:06,402] [    INFO][0m - [Rank 0/4] Assigned to store parameter model.layers.30.mlp.gate_proj.lora_A[0m
[32m[2026-05-12 11:09:06,407] [    INFO][0m - [Rank 0/4] Assigned to store parameter model.layers.30.mlp.down_proj.lora_A[0m
[32m[2026-05-12 11:09:06,410] [    INFO][0m - [Rank 0/4] Assigned to store parameter model.layers.31.self_attn.k_proj.lora_A[0m
[32m[2026-05-12 11:09:06,415] [    INFO][0m - [Rank 0/4] Assigned to store parameter model.layers.31.self_attn.o_proj.lora_A[0m
[32m[2026-05-12 11:09:06,419] [    INFO][0m - [Rank 0/4] Assigned to store parameter model.layers.31.mlp.up_proj.lora_A[0m
[32m[2026-05-12 11:09:06,422] [    INFO][0m - [Rank 0/4] Saving sub-shard 0... Size: 19.00 MB, Params: 112, Path: ./checkpoints/lora/llama3-8b/shard_0-0.safetensors[0m
[32m[2026-05-12 11:09:06,484] [    INFO][0m - [Rank 0/4] (Saver) All shards saved successfully.[0m
[32m[2026-05-12 11:09:06,583] [    INFO][0m - Configuration saved in ./checkpoints/lora/llama3-8b/config.json[0m
[32m[2026-05-12 11:09:06,583] [    INFO][0m - ***** train metrics *****[0m
[32m[2026-05-12 11:09:06,583] [    INFO][0m -   cpu_available_memory     =     447.92[0m
[32m[2026-05-12 11:09:06,583] [    INFO][0m -   cpu_used_memory          =      55.27[0m
[32m[2026-05-12 11:09:06,583] [    INFO][0m -   progress_or_epoch        =        1.0[0m
[32m[2026-05-12 11:09:06,583] [    INFO][0m -   train_loss               =      0.001[0m
[32m[2026-05-12 11:09:06,583] [    INFO][0m -   train_runtime            = 0:14:54.44[0m
[32m[2026-05-12 11:09:06,583] [    INFO][0m -   train_samples_per_second =     1.3416[0m
[32m[2026-05-12 11:09:06,583] [    INFO][0m -   train_steps_per_second   =     0.3354[0m
LAUNCH INFO 2026-05-12 11:09:13,795 Pod completed
LAUNCH INFO 2026-05-12 11:09:13,795 Exit code 0
