PyTorch was not found. Models won't be available and only tokenizers, configuration and file/data utilities can be used.
[33m[2026-04-17 15:25:22,046] [ WARNING][0m - Due to potential compatibility issues between PaddlePaddle and PyTorch in PaddleFormers, PaddleFormers defaults `transformers.utils.import_utils.is_torch_available` and `transformers.utils.import_utils.is_torchvision_available` to False. If you need to use PyTorch in transformers or torchvision, please add `del sys.modules['transformers']` before using them.[0m
/root/paddlejob/share-storage/gpfs/system-public/liuyi39/hygon_2030/py310/lib/python3.10/site-packages/_distutils_hack/__init__.py:30: UserWarning: Setuptools is replacing distutils. Support for replacing an already imported distutils is deprecated. In the future, this condition will fail. Register concerns at https://github.com/pypa/setuptools/issues/new?template=distutils-deprecation.yml
  warnings.warn(
PyTorch was not found. Models won't be available and only tokenizers, configuration and file/data utilities can be used.
/root/paddlejob/share-storage/gpfs/system-public/liuyi39/hygon_2030/py310/lib/python3.10/site-packages/paddle/distributed/launch/context/args_envs.py:54: UserWarning: Unset 'http_proxy' to ensure stable NCCL communication in distributed training (backed up as 'http_proxy_original').
  warnings.warn(
/root/paddlejob/share-storage/gpfs/system-public/liuyi39/hygon_2030/py310/lib/python3.10/site-packages/paddle/distributed/launch/context/args_envs.py:54: UserWarning: Unset 'https_proxy' to ensure stable NCCL communication in distributed training (backed up as 'https_proxy_original').
  warnings.warn(
LAUNCH WARNING args host will be overridden by env: POD_IP value: 10.52.105.24
LAUNCH WARNING 2026-04-17 15:25:26,335 Host ip reset to 10.52.105.24
LAUNCH INFO 2026-04-17 15:25:26,338 -----------  Configuration  ----------------------
LAUNCH INFO 2026-04-17 15:25:26,338 auto_cluster_config: 0
LAUNCH INFO 2026-04-17 15:25:26,338 auto_parallel_config: None
LAUNCH INFO 2026-04-17 15:25:26,338 auto_tuner_json: None
LAUNCH INFO 2026-04-17 15:25:26,338 devices: 0,1,2,3
LAUNCH INFO 2026-04-17 15:25:26,338 elastic_level: -1
LAUNCH INFO 2026-04-17 15:25:26,338 elastic_timeout: 30
LAUNCH INFO 2026-04-17 15:25:26,338 enable_gpu_log: True
LAUNCH INFO 2026-04-17 15:25:26,339 gloo_port: 6767
LAUNCH INFO 2026-04-17 15:25:26,339 host: 10.52.105.24
LAUNCH INFO 2026-04-17 15:25:26,339 ips: None
LAUNCH INFO 2026-04-17 15:25:26,339 job_id: default
LAUNCH INFO 2026-04-17 15:25:26,339 legacy: False
LAUNCH INFO 2026-04-17 15:25:26,339 log_dir: logs/pt/13b_gpu.dist
LAUNCH INFO 2026-04-17 15:25:26,339 log_level: INFO
LAUNCH INFO 2026-04-17 15:25:26,339 log_overwrite: False
LAUNCH INFO 2026-04-17 15:25:26,339 master: 127.0.0.1:8080
LAUNCH INFO 2026-04-17 15:25:26,339 max_restart: 3
LAUNCH INFO 2026-04-17 15:25:26,339 nnodes: 1
LAUNCH INFO 2026-04-17 15:25:26,339 nproc_per_node: None
LAUNCH INFO 2026-04-17 15:25:26,339 rank: 0
LAUNCH INFO 2026-04-17 15:25:26,339 run_mode: collective
LAUNCH INFO 2026-04-17 15:25:26,339 server_num: None
LAUNCH INFO 2026-04-17 15:25:26,339 servers: 
LAUNCH INFO 2026-04-17 15:25:26,339 sort_ip: False
LAUNCH INFO 2026-04-17 15:25:26,339 start_port: 6070
LAUNCH INFO 2026-04-17 15:25:26,339 trainer_num: None
LAUNCH INFO 2026-04-17 15:25:26,339 trainers: 
LAUNCH INFO 2026-04-17 15:25:26,339 training_script: /root/paddlejob/share-storage/gpfs/system-public/liuyi39/hygon_2030/PaddleFormers/paddleformers/cli/launcher.py
LAUNCH INFO 2026-04-17 15:25:26,339 training_script_args: ['train', 'configs/pt/train_gpu.yaml']
LAUNCH INFO 2026-04-17 15:25:26,339 with_gloo: 1
LAUNCH INFO 2026-04-17 15:25:26,339 --------------------------------------------------
LAUNCH INFO 2026-04-17 15:25:26,339 Job: default, mode collective, replicas 1[1:1], elastic False
LAUNCH INFO 2026-04-17 15:25:26,342 Run Pod: bhqlfx, replicas 4, status ready
LAUNCH INFO 2026-04-17 15:25:26,429 Watching Pod: bhqlfx, replicas 4, status running
PyTorch was not found. Models won't be available and only tokenizers, configuration and file/data utilities can be used.
[33m[2026-04-17 15:25:30,668] [ WARNING][0m - Due to potential compatibility issues between PaddlePaddle and PyTorch in PaddleFormers, PaddleFormers defaults `transformers.utils.import_utils.is_torch_available` and `transformers.utils.import_utils.is_torchvision_available` to False. If you need to use PyTorch in transformers or torchvision, please add `del sys.modules['transformers']` before using them.[0m
/root/paddlejob/share-storage/gpfs/system-public/liuyi39/hygon_2030/py310/lib/python3.10/site-packages/_distutils_hack/__init__.py:30: UserWarning: Setuptools is replacing distutils. Support for replacing an already imported distutils is deprecated. In the future, this condition will fail. Register concerns at https://github.com/pypa/setuptools/issues/new?template=distutils-deprecation.yml
  warnings.warn(
PyTorch was not found. Models won't be available and only tokenizers, configuration and file/data utilities can be used.
[32m[2026-04-17 15:25:32,235] [    INFO][0m - user has defined resume_from_checkpoint: None[0m
[32m[2026-04-17 15:25:32,244] [    INFO][0m - fa_version = 3 set FLAGS_flash_attn_version to 3[0m
[33m[2026-04-17 15:25:32,244] [ WARNING][0m - sharding_parallel_size=1 means no sharding, please set sharding to empty![0m
[2026-04-17 15:25:32,244] [    INFO] distributed_strategy.py:343 - distributed strategy initialized
[32m[2026-04-17 15:25:32,244] [    INFO][0m - PP configs:{'micro_batch_size': 1, 'accumulate_steps': 4, 'schedule_mode': '1F1B', 'p2p_cache_shape': True, 'enable_partial_send_recv': True}, use master_grad: True[0m
[33m[2026-04-17 15:25:32,244] [ WARNING][0m - In pipeline model, the evaluation also shares same setting with training. We will enforce that per_device_eval_batch_size=per_device_train_batch_size.[0m
[32m[2026-04-17 15:25:32,245] [    INFO][0m - using pipeline configs:{'delay_scale_loss': True, 'dp_comm_overlap': False, 'sharding_comm_overlap': False, 'enable_timer': False, 'release_gradients': False, 'overlap_p2p_comm': False, 'clear_every_step_cache': False, 'use_batch_p2p_comm': True, 'best_unbalanced_scheduler': False, 'enable_offload_queue': False, 'use_dualpipev': False, 'forward_backward_overlap_scheduler': False, 'enable_dynamic_shape': False}[0m
======================= Modified FLAGS detected =======================
FLAGS(name='FLAGS_curand_dir', current_value='/root/paddlejob/share-storage/gpfs/system-public/liuyi39/hygon_2030/py310/lib/python3.10/site-packages/paddle/../nvidia/curand/lib', default_value='')
FLAGS(name='FLAGS_flash_attn_version', current_value=3, default_value=2)
FLAGS(name='FLAGS_cusparse_dir', current_value='/root/paddlejob/share-storage/gpfs/system-public/liuyi39/hygon_2030/py310/lib/python3.10/site-packages/paddle/../nvidia/cusparse/lib', default_value='')
FLAGS(name='FLAGS_cublas_dir', current_value='/root/paddlejob/share-storage/gpfs/system-public/liuyi39/hygon_2030/py310/lib/python3.10/site-packages/paddle/../nvidia/cublas/lib', default_value='')
FLAGS(name='FLAGS_selected_gpus', current_value='0', default_value='')
FLAGS(name='FLAGS_nvidia_package_dir', current_value='/root/paddlejob/share-storage/gpfs/system-public/liuyi39/hygon_2030/py310/lib/python3.10/site-packages/paddle/../nvidia', default_value='')
FLAGS(name='FLAGS_enable_pir_in_executor', current_value=True, default_value=False)
FLAGS(name='FLAGS_cupti_dir', current_value='/root/paddlejob/share-storage/gpfs/system-public/liuyi39/hygon_2030/py310/lib/python3.10/site-packages/paddle/../nvidia/cuda_cupti/lib', default_value='')
FLAGS(name='FLAGS_nccl_dir', current_value='/root/paddlejob/share-storage/gpfs/system-public/liuyi39/hygon_2030/py310/lib/python3.10/site-packages/paddle/../nvidia/nccl/lib', default_value='')
FLAGS(name='FLAGS_cudnn_dir', current_value='/root/paddlejob/share-storage/gpfs/system-public/liuyi39/hygon_2030/py310/lib/python3.10/site-packages/paddle/../nvidia/cudnn/lib', default_value='')
FLAGS(name='FLAGS_cusolver_dir', current_value='/root/paddlejob/share-storage/gpfs/system-public/liuyi39/hygon_2030/py310/lib/python3.10/site-packages/paddle/../nvidia/cusolver/lib', default_value='')
FLAGS(name='FLAGS_cuda_cccl_dir', current_value='/root/paddlejob/share-storage/gpfs/system-public/liuyi39/hygon_2030/py310/lib/python3.10/site-packages/paddle/../nvidia/cuda_cccl/include/', default_value='')
=======================================================================
I0417 15:25:32.246856 337259 tcp_store.cc:336] create libuv server at port: 40256
I0417 15:25:32.247313 337259 tcp_utils.cc:132] Successfully connected to 10.52.105.24:40256
I0417 15:25:33.505985 337259 process_group_nccl.cc:155] ProcessGroupNCCL pg_timeout_ 1800000
I0417 15:25:33.506037 337259 process_group_nccl.cc:156] ProcessGroupNCCL nccl_comm_init_option_ 0
I0417 15:25:33.506471 337259 process_group_nccl.cc:155] ProcessGroupNCCL pg_timeout_ 1800000
I0417 15:25:33.506484 337259 process_group_nccl.cc:156] ProcessGroupNCCL nccl_comm_init_option_ 0
[2026-04-17 15:25:33,507] [    INFO] topology.py:535 - Total 2 pipe comm group(s) create successfully!
W0417 15:25:33.507516 337259 gpu_resources.cc:116] Please NOTE: device: 0, GPU Compute Capability: 9.0, Driver API Version: 12.4, Runtime API Version: 12.9
W0417 15:25:33.519052 337259 nccl_comm_context.cc:70] ncclCommInitRankConfigMemOpt is not supported.
[2026-04-17 15:25:36,848] [    INFO] topology.py:535 - Total 4 data comm group(s) create successfully!
I0417 15:25:36.848654 337259 process_group_nccl.cc:155] ProcessGroupNCCL pg_timeout_ 1800000
I0417 15:25:36.848680 337259 process_group_nccl.cc:156] ProcessGroupNCCL nccl_comm_init_option_ 0
[2026-04-17 15:25:36,848] [    INFO] topology.py:535 - Total 2 model comm group(s) create successfully!
[2026-04-17 15:25:36,848] [    INFO] topology.py:535 - Total 4 sharding comm group(s) create successfully!
I0417 15:25:36.848876 337259 process_group_nccl.cc:155] ProcessGroupNCCL pg_timeout_ 1800000
I0417 15:25:36.848883 337259 process_group_nccl.cc:156] ProcessGroupNCCL nccl_comm_init_option_ 0
[2026-04-17 15:25:36,848] [    INFO] topology.py:449 - HybridParallelInfo: rank_id: 0, mp_degree: 2, sharding_degree: 1, pp_degree: 2, dp_degree: 1, sep_degree: 1, mp_group: [0, 1],  sharding_group: [0], pp_group: [0, 2], dp_group: [0], sep:group: None, check/clip group: [0, 1, 2, 3]
[32m[2026-04-17 15:25:36,849] [    INFO][0m -     +==============================================================================+
    |                                                                              |
    |                         DistributedStrategy Overview                         |
    |                                                                              |
    +==============================================================================+
    |                        a_sync=True <-> a_sync_configs                        |
    +------------------------------------------------------------------------------+
    |                               k_steps                    -1                  |
    |                     max_merge_var_num                    1                   |
    |                       send_queue_size                    16                  |
    |               independent_recv_thread                  False                 |
    |         min_send_grad_num_before_recv                    1                   |
    |                      thread_pool_size                    1                   |
    |                       send_wait_times                    1                   |
    |               runtime_split_send_recv                  False                 |
    |                        launch_barrier                   True                 |
    |             heter_worker_device_guard                   cpu                  |
    |                        lr_decay_steps                    10                  |
    |                            use_ps_gpu                    0                   |
    |                         use_gpu_graph                    0                   |
    +==============================================================================+
    |                    Environment Flags, Communication Flags                    |
    +------------------------------------------------------------------------------+
    |                                  mode                    1                   |
    |                               elastic                  False                 |
    |                                  auto                  False                 |
    |                   sync_nccl_allreduce                   True                 |
    |                         nccl_comm_num                    1                   |
    |            use_hierarchical_allreduce                  False                 |
    |   hierarchical_allreduce_inter_nranks                    1                   |
    |                       sync_batch_norm                  False                 |
    |                   fuse_all_reduce_ops                   True                 |
    |                  fuse_grad_size_in_MB                    32                  |
    |              fuse_grad_size_in_TFLOPS                   50.0                 |
    |               cudnn_exhaustive_search                  False                 |
    |             conv_workspace_size_limit                   512                  |
    |    cudnn_batchnorm_spatial_persistent                  False                 |
    |                        fp16_allreduce                  False                 |
    |               last_comm_group_size_MB                   1.0                  |
    |                find_unused_parameters                  False                 |
    |            without_graph_optimization                   True                 |
    |                 fuse_grad_size_in_num                    8                   |
    |                 calc_comm_same_stream                  False                 |
    |                                   asp                  False                 |
    |                       fuse_grad_merge                  False                 |
    |                             semi_auto                  False                 |
    |                            adam_d2sum                  False                 |
    |                           auto_search                  False                 |
    |                        heter_ccl_mode                  False                 |
    |                         is_fl_ps_mode                  False                 |
    |                      with_coordinator                  False                 |
    |                            split_data                   True                 |
    |                  downpour_table_param                    []                  |
    |                       fs_client_param                                        |
    +==============================================================================+
    |                                Build Strategy                                |
    +------------------------------------------------------------------------------+
    |              fuse_elewise_add_act_ops                  False                 |
    |                       fuse_bn_act_ops                  False                 |
    |              fuse_relu_depthwise_conv                  False                 |
    |                    fuse_broadcast_ops                  False                 |
    |                fuse_all_optimizer_ops                  False                 |
    |                        enable_inplace                  False                 |
    |     enable_backward_optimizer_op_deps                   True                 |
    |                 cache_runtime_context                  False                 |
    |                   fuse_bn_add_act_ops                   True                 |
    |                    enable_auto_fusion                  False                 |
    |                          enable_addto                  False                 |
    |              allow_cuda_graph_capture                  False                 |
    |                       reduce_strategy                    0                   |
    |                    fuse_gemm_epilogue                  False                 |
    |                   debug_graphviz_path                                        |
    |                       fused_attention                  False                 |
    |                     fused_feedforward                  False                 |
    |            fuse_dot_product_attention                  False                 |
    |                          fuse_resunit                  False                 |
    +==============================================================================+
[0m
[32m[2026-04-17 15:25:36,850] [    INFO][0m - The default value for the training argument `--report_to` will change in v5 (from all installed integrations to none). In v5, you will need to use `--report_to all` to get the same behavior as now. You should start updating your code and make this info disappear :-).[0m
[32m[2026-04-17 15:25:36,850] [    INFO][0m - Auto set hybrid_parallel_expert_grad_scale = 2.0[0m
[32m[2026-04-17 15:25:36,850] [    INFO][0m - reset finetuning arguments global_batch_size to 4[0m
[32m[2026-04-17 15:25:36,850] [    INFO][0m - fixing pp configs: {'micro_batch_size': 1, 'accumulate_steps': 4, 'schedule_mode': '1F1B', 'p2p_cache_shape': True, 'enable_partial_send_recv': True}[0m
[35m[2026-04-17 15:25:36,892] [   DEBUG][0m - ============================================================[0m
[35m[2026-04-17 15:25:36,892] [   DEBUG][0m -      Model Configuration Arguments      [0m
[35m[2026-04-17 15:25:36,892] [   DEBUG][0m - paddle commit id              : 09e9683344f404672cc49e7eb9f2cc6eade723e8[0m
[35m[2026-04-17 15:25:36,918] [   DEBUG][0m - paddleformers commit id       : 52a6668332d273186686c1aa81f66223ee60614b[0m
[35m[2026-04-17 15:25:36,919] [   DEBUG][0m - _attn_implementation          : eager[0m
[35m[2026-04-17 15:25:36,919] [   DEBUG][0m - bos_token_id                  : 0[0m
[35m[2026-04-17 15:25:36,919] [   DEBUG][0m - continue_training             : False[0m
[35m[2026-04-17 15:25:36,919] [   DEBUG][0m - copy_custom_file_list         : [0m
[35m[2026-04-17 15:25:36,919] [   DEBUG][0m - download_hub                  : None[0m
[35m[2026-04-17 15:25:36,919] [   DEBUG][0m - eos_token_id                  : 1[0m
[35m[2026-04-17 15:25:36,919] [   DEBUG][0m - ernie_model_config            : ErniePretrainArgument(use_quant_before_a2a=False, use_async_a2a=False, use_rms_qkv_recompute=False, moe_logging=False, use_recompute=False, num_nextn_predict_layers=0, use_fp8_mlp=False, num_hidden_layers=2, num_empty_layers_add_in_tail=0, use_fp8_fuse_node=False, use_ep_comm_overlap=False, fp8_mem_configs=FP8MemConfigs(shared_expert=False, recompute_fwd_gate_up=False, dequant_input=False, offline_quant_expert_weight=False, clear_origin_weight_when_offline_quant=False), fp8_fused_ops_configs=FP8FusedOpsConfigs(stack_quant=False, swiglu_probs_bwd=False, split_group_gemm=True, spaq=True, transpose_split_quant=True), use_combine_before_a2a=False, moe_num_experts=0, moe_k=2, moe_use_aux_free=False, moe_gate='top2_fused', transpose_split_quant=False)[0m
[35m[2026-04-17 15:25:36,919] [   DEBUG][0m - fine_tuning                   : full[0m
[35m[2026-04-17 15:25:36,919] [   DEBUG][0m - fuse_gate_detach_matmul       : True[0m
[35m[2026-04-17 15:25:36,919] [   DEBUG][0m - fuse_softmax_mask             : False[0m
[35m[2026-04-17 15:25:36,919] [   DEBUG][0m - lora                          : False[0m
[35m[2026-04-17 15:25:36,919] [   DEBUG][0m - lora_alpha                    : -1[0m
[35m[2026-04-17 15:25:36,919] [   DEBUG][0m - lora_path                     : None[0m
[35m[2026-04-17 15:25:36,919] [   DEBUG][0m - lora_plus_scale               : 1.0[0m
[35m[2026-04-17 15:25:36,919] [   DEBUG][0m - lora_rank                     : 8[0m
[35m[2026-04-17 15:25:36,919] [   DEBUG][0m - loss_subbatch_seqlen          : 32768[0m
[35m[2026-04-17 15:25:36,919] [   DEBUG][0m - max_position_embeddings       : 4096[0m
[35m[2026-04-17 15:25:36,919] [   DEBUG][0m - model_name_or_path            : ./models/Llama-2-13b[0m
[35m[2026-04-17 15:25:36,919] [   DEBUG][0m - model_with_dpo_criterion      : False[0m
[35m[2026-04-17 15:25:36,919] [   DEBUG][0m - moe_gate                      : top2_fused[0m
[35m[2026-04-17 15:25:36,919] [   DEBUG][0m - moe_group                     : dummy[0m
[35m[2026-04-17 15:25:36,920] [   DEBUG][0m - moe_group_experts             : False[0m
[35m[2026-04-17 15:25:36,920] [   DEBUG][0m - moe_multimodal_dispatch_use_allgather: v2-alltoall-unpad[0m
[35m[2026-04-17 15:25:36,920] [   DEBUG][0m - moe_orthogonal_loss_lambda    : 0.0[0m
[35m[2026-04-17 15:25:36,920] [   DEBUG][0m - moe_use_aux_free              : None[0m
[35m[2026-04-17 15:25:36,920] [   DEBUG][0m - moe_use_hard_gate             : False[0m
[35m[2026-04-17 15:25:36,920] [   DEBUG][0m - neftune                       : False[0m
[35m[2026-04-17 15:25:36,920] [   DEBUG][0m - neftune_noise_alpha           : 5.0[0m
[35m[2026-04-17 15:25:36,920] [   DEBUG][0m - pp_seg_method                 : layer:DecoderLayer|EmptyLayer[0m
[35m[2026-04-17 15:25:36,920] [   DEBUG][0m - rope_3d                       : True[0m
[35m[2026-04-17 15:25:36,920] [   DEBUG][0m - rslora                        : False[0m
[35m[2026-04-17 15:25:36,920] [   DEBUG][0m - rslora_plus                   : False[0m
[35m[2026-04-17 15:25:36,920] [   DEBUG][0m - stage                         : PT[0m
[35m[2026-04-17 15:25:36,920] [   DEBUG][0m - tokenizer_name_or_path        : None[0m
[35m[2026-04-17 15:25:36,920] [   DEBUG][0m - use_attn_mask_startend_row_indices: True[0m
[35m[2026-04-17 15:25:36,920] [   DEBUG][0m - use_fast_layer_norm           : False[0m
[35m[2026-04-17 15:25:36,920] [   DEBUG][0m - use_global_causal_attn        : False[0m
[35m[2026-04-17 15:25:36,920] [   DEBUG][0m - use_mem_eff_attn              : True[0m
[35m[2026-04-17 15:25:36,920] [   DEBUG][0m - use_sparse_flash_attn         : True[0m
[35m[2026-04-17 15:25:36,920] [   DEBUG][0m - vision_config                 : VisionArguments(attn_implementation='eager', attn_sep=True, depth=32, embed_dim=1280, hidden_act='quick_gelu', hidden_size=1280, in_channels=3, mlp_ratio=4, model_type='DFNRope_vision_transformer', num_heads=16, patch_size=14, spatial_merge_size=2, tensor_model_parallel_size=4, vit_num_recompute_layers=10000)[0m
[35m[2026-04-17 15:25:36,920] [   DEBUG][0m - [0m
[35m[2026-04-17 15:25:36,920] [   DEBUG][0m - ============================================================[0m
[35m[2026-04-17 15:25:36,920] [   DEBUG][0m -       Data Configuration Arguments      [0m
[35m[2026-04-17 15:25:36,920] [   DEBUG][0m - paddle commit id              : 09e9683344f404672cc49e7eb9f2cc6eade723e8[0m
[35m[2026-04-17 15:25:36,921] [   DEBUG][0m - paddleformers commit id       : 52a6668332d273186686c1aa81f66223ee60614b[0m
[35m[2026-04-17 15:25:36,921] [   DEBUG][0m - binpacking                    : True[0m
[35m[2026-04-17 15:25:36,921] [   DEBUG][0m - buffer_size                   : 500[0m
[35m[2026-04-17 15:25:36,921] [   DEBUG][0m - custom_register_path          : None[0m
[35m[2026-04-17 15:25:36,921] [   DEBUG][0m - data_cache                    : None[0m
[35m[2026-04-17 15:25:36,921] [   DEBUG][0m - data_impl                     : mmap[0m
[35m[2026-04-17 15:25:36,921] [   DEBUG][0m - dataset_output_dir            : ./dataset_output[0m
[35m[2026-04-17 15:25:36,921] [   DEBUG][0m - dataset_type                  : pretrain[0m
[35m[2026-04-17 15:25:36,921] [   DEBUG][0m - encode_one_turn               : True[0m
[35m[2026-04-17 15:25:36,921] [   DEBUG][0m - eval_dataset_path             : examples/data/sft-eval.jsonl[0m
[35m[2026-04-17 15:25:36,921] [   DEBUG][0m - eval_dataset_prob             : 1.0[0m
[35m[2026-04-17 15:25:36,921] [   DEBUG][0m - eval_dataset_type             : erniekit[0m
[35m[2026-04-17 15:25:36,921] [   DEBUG][0m - eval_with_do_generation       : False[0m
[35m[2026-04-17 15:25:36,921] [   DEBUG][0m - greedy_intokens               : True[0m
[35m[2026-04-17 15:25:36,921] [   DEBUG][0m - input_dir                     : 1.0 ./data/pt/llama_openwebtext_100k[0m
[35m[2026-04-17 15:25:36,921] [   DEBUG][0m - make_offline_data             : False[0m
[35m[2026-04-17 15:25:36,921] [   DEBUG][0m - max_prompt_len                : 2048[0m
[35m[2026-04-17 15:25:36,921] [   DEBUG][0m - max_seq_len                   : 4096[0m
[35m[2026-04-17 15:25:36,921] [   DEBUG][0m - mix_strategy                  : concat[0m
[35m[2026-04-17 15:25:36,921] [   DEBUG][0m - new_special_tokens_path       : None[0m
[35m[2026-04-17 15:25:36,921] [   DEBUG][0m - num_samples_each_epoch        : 6000000[0m
[35m[2026-04-17 15:25:36,921] [   DEBUG][0m - packed_idx_cache_dir          : None[0m
[35m[2026-04-17 15:25:36,921] [   DEBUG][0m - packing                       : False[0m
[35m[2026-04-17 15:25:36,921] [   DEBUG][0m - packing_interval              : 1000[0m
[35m[2026-04-17 15:25:36,921] [   DEBUG][0m - padding_free                  : False[0m
[35m[2026-04-17 15:25:36,922] [   DEBUG][0m - processor_use_fast            : None[0m
[35m[2026-04-17 15:25:36,922] [   DEBUG][0m - random_shuffle                : True[0m
[35m[2026-04-17 15:25:36,922] [   DEBUG][0m - share_folder                  : False[0m
[35m[2026-04-17 15:25:36,922] [   DEBUG][0m - skip_warmup                   : True[0m
[35m[2026-04-17 15:25:36,922] [   DEBUG][0m - split                         : 990,10,0[0m
[35m[2026-04-17 15:25:36,922] [   DEBUG][0m - split_multi_turn              : False[0m
[35m[2026-04-17 15:25:36,922] [   DEBUG][0m - template                      : None[0m
[35m[2026-04-17 15:25:36,922] [   DEBUG][0m - template_backend              : custom[0m
[35m[2026-04-17 15:25:36,922] [   DEBUG][0m - train_dataset_path            : None[0m
[35m[2026-04-17 15:25:36,922] [   DEBUG][0m - train_dataset_prob            : None[0m
[35m[2026-04-17 15:25:36,922] [   DEBUG][0m - train_dataset_type            : None[0m
[35m[2026-04-17 15:25:36,922] [   DEBUG][0m - truncate_packing              : True[0m
[35m[2026-04-17 15:25:36,922] [   DEBUG][0m - truncation_strategy           : delete[0m
[35m[2026-04-17 15:25:36,922] [   DEBUG][0m - use_template                  : True[0m
[35m[2026-04-17 15:25:36,922] [   DEBUG][0m - warmup_only_rank0             : False[0m
[35m[2026-04-17 15:25:36,922] [   DEBUG][0m - [0m
[35m[2026-04-17 15:25:36,922] [   DEBUG][0m - ============================================================[0m
[35m[2026-04-17 15:25:36,922] [   DEBUG][0m -      Train Configuration Arguments      [0m
[35m[2026-04-17 15:25:36,922] [   DEBUG][0m - paddle commit id              : 09e9683344f404672cc49e7eb9f2cc6eade723e8[0m
[35m[2026-04-17 15:25:36,922] [   DEBUG][0m - paddleformers commit id       : 52a6668332d273186686c1aa81f66223ee60614b[0m
[35m[2026-04-17 15:25:36,922] [   DEBUG][0m - _no_sync_in_gradient_accumulation: True[0m
[35m[2026-04-17 15:25:36,923] [   DEBUG][0m - adam_beta1                    : 0.9[0m
[35m[2026-04-17 15:25:36,923] [   DEBUG][0m - adam_beta2                    : 0.999[0m
[35m[2026-04-17 15:25:36,923] [   DEBUG][0m - adam_epsilon                  : 1e-08[0m
[35m[2026-04-17 15:25:36,923] [   DEBUG][0m - amp_custom_black_list         : ['reduce_sum', 'softmax_with_cross_entropy', 'c_softmax_with_cross_entropy', 'elementwise_div', 'sin', 'cos'][0m
[35m[2026-04-17 15:25:36,923] [   DEBUG][0m - amp_custom_white_list         : ['lookup_table', 'lookup_table_v2', 'flash_attn', 'matmul', 'matmul_v2', 'fused_gemm_epilogue'][0m
[35m[2026-04-17 15:25:36,923] [   DEBUG][0m - amp_master_grad               : True[0m
[35m[2026-04-17 15:25:36,923] [   DEBUG][0m - aoa_config                    : None[0m
[35m[2026-04-17 15:25:36,923] [   DEBUG][0m - apply_rope_fusion             : False[0m
[35m[2026-04-17 15:25:36,923] [   DEBUG][0m - attention_probs_dropout_prob  : 0.0[0m
[35m[2026-04-17 15:25:36,923] [   DEBUG][0m - auto_parallel_resume_form_hybrid_parallel: False[0m
[35m[2026-04-17 15:25:36,923] [   DEBUG][0m - auto_parallel_sync_shared_params: False[0m
[35m[2026-04-17 15:25:36,923] [   DEBUG][0m - autotuner_benchmark           : False[0m
[35m[2026-04-17 15:25:36,923] [   DEBUG][0m - balanced_image_preprocess     : False[0m
[35m[2026-04-17 15:25:36,923] [   DEBUG][0m - batch_p2p_comm                : True[0m
[35m[2026-04-17 15:25:36,923] [   DEBUG][0m - benchmark                     : False[0m
[35m[2026-04-17 15:25:36,923] [   DEBUG][0m - best_unbalanced_scheduler     : False[0m
[35m[2026-04-17 15:25:36,923] [   DEBUG][0m - beta                          : 0.1[0m
[35m[2026-04-17 15:25:36,923] [   DEBUG][0m - bf16                          : True[0m
[35m[2026-04-17 15:25:36,923] [   DEBUG][0m - bf16_full_eval                : False[0m
[35m[2026-04-17 15:25:36,923] [   DEBUG][0m - ckpt_quant_stage              : O0[0m
[35m[2026-04-17 15:25:36,923] [   DEBUG][0m - clear_every_step_cache        : False[0m
[35m[2026-04-17 15:25:36,923] [   DEBUG][0m - compute_type                  : bf16[0m
[35m[2026-04-17 15:25:36,923] [   DEBUG][0m - context_parallel_rank         : 0[0m
[35m[2026-04-17 15:25:36,923] [   DEBUG][0m - context_parallel_size         : 1[0m
[35m[2026-04-17 15:25:36,924] [   DEBUG][0m - convert_from_hf               : True[0m
[35m[2026-04-17 15:25:36,924] [   DEBUG][0m - copy_custom_file_list         : [0m
[35m[2026-04-17 15:25:36,924] [   DEBUG][0m - count_trained_tokens          : False[0m
[35m[2026-04-17 15:25:36,924] [   DEBUG][0m - cp_comm_type                  : None[0m
[35m[2026-04-17 15:25:36,924] [   DEBUG][0m - cp_sharding_degree            : 1[0m
[35m[2026-04-17 15:25:36,924] [   DEBUG][0m - cp_sharding_rank              : 0[0m
[35m[2026-04-17 15:25:36,924] [   DEBUG][0m - current_device                : gpu:0[0m
[35m[2026-04-17 15:25:36,924] [   DEBUG][0m - data_parallel_config          : [0m
[35m[2026-04-17 15:25:36,924] [   DEBUG][0m - data_parallel_rank            : 0[0m
[35m[2026-04-17 15:25:36,924] [   DEBUG][0m - data_parallel_size            : 1[0m
[35m[2026-04-17 15:25:36,924] [   DEBUG][0m - dataloader_drop_last          : False[0m
[35m[2026-04-17 15:25:36,924] [   DEBUG][0m - dataloader_num_workers        : 0[0m
[35m[2026-04-17 15:25:36,924] [   DEBUG][0m - dataloader_shuffle            : True[0m
[35m[2026-04-17 15:25:36,924] [   DEBUG][0m - dataset_batch_size            : 1000[0m
[35m[2026-04-17 15:25:36,924] [   DEBUG][0m - dataset_kwargs                : None[0m
[35m[2026-04-17 15:25:36,924] [   DEBUG][0m - dataset_num_proc              : None[0m
[35m[2026-04-17 15:25:36,924] [   DEBUG][0m - dataset_rank                  : 0[0m
[35m[2026-04-17 15:25:36,924] [   DEBUG][0m - dataset_text_field            : text[0m
[35m[2026-04-17 15:25:36,924] [   DEBUG][0m - dataset_world_size            : 1[0m
[35m[2026-04-17 15:25:36,924] [   DEBUG][0m - ddp_find_unused_parameters    : None[0m
[35m[2026-04-17 15:25:36,924] [   DEBUG][0m - decay_function                : half_life[0m
[35m[2026-04-17 15:25:36,924] [   DEBUG][0m - decay_steps                   : None[0m
[35m[2026-04-17 15:25:36,925] [   DEBUG][0m - deterministic_mode            : False[0m
[35m[2026-04-17 15:25:36,925] [   DEBUG][0m - device                        : gpu[0m
[35m[2026-04-17 15:25:36,925] [   DEBUG][0m - disable_tqdm                  : False[0m
[35m[2026-04-17 15:25:36,925] [   DEBUG][0m - distributed_dataloader        : False[0m
[35m[2026-04-17 15:25:36,925] [   DEBUG][0m - do_eval                       : True[0m
[35m[2026-04-17 15:25:36,925] [   DEBUG][0m - do_export                     : False[0m
[35m[2026-04-17 15:25:36,925] [   DEBUG][0m - do_predict                    : False[0m
[35m[2026-04-17 15:25:36,925] [   DEBUG][0m - do_train                      : True[0m
[35m[2026-04-17 15:25:36,925] [   DEBUG][0m - download_hub                  : None[0m
[35m[2026-04-17 15:25:36,925] [   DEBUG][0m - dp_allreduce_avg_in_gradinent_scale: False[0m
[35m[2026-04-17 15:25:36,925] [   DEBUG][0m - dp_comm_overlap               : False[0m
[35m[2026-04-17 15:25:36,925] [   DEBUG][0m - dpop_lambda                   : 50[0m
[35m[2026-04-17 15:25:36,925] [   DEBUG][0m - embedding_init_method         : None[0m
[35m[2026-04-17 15:25:36,925] [   DEBUG][0m - embedding_init_method_std     : 0.02[0m
[35m[2026-04-17 15:25:36,925] [   DEBUG][0m - enable_auto_parallel          : False[0m
[35m[2026-04-17 15:25:36,925] [   DEBUG][0m - enable_linear_fused_grad_add  : False[0m
[35m[2026-04-17 15:25:36,925] [   DEBUG][0m - enable_mtp_magic_send         : False[0m
[35m[2026-04-17 15:25:36,925] [   DEBUG][0m - enable_sharding_comm_overlap  : False[0m
[35m[2026-04-17 15:25:36,925] [   DEBUG][0m - enable_zero_cost_checkpoint   : False[0m
[35m[2026-04-17 15:25:36,925] [   DEBUG][0m - estimation_output_file        : estimation_output.json[0m
[35m[2026-04-17 15:25:36,925] [   DEBUG][0m - eval_accumulation_steps       : None[0m
[35m[2026-04-17 15:25:36,925] [   DEBUG][0m - eval_batch_size               : 1[0m
[35m[2026-04-17 15:25:36,925] [   DEBUG][0m - eval_iters                    : 10[0m
[35m[2026-04-17 15:25:36,925] [   DEBUG][0m - eval_steps                    : 100[0m
[35m[2026-04-17 15:25:36,925] [   DEBUG][0m - evaluation_strategy           : IntervalStrategy.STEPS[0m
[35m[2026-04-17 15:25:36,925] [   DEBUG][0m - expert_model_parallel_size    : 1[0m
[35m[2026-04-17 15:25:36,926] [   DEBUG][0m - expert_parallel_rank          : 0[0m
[35m[2026-04-17 15:25:36,926] [   DEBUG][0m - expert_tensor_model_parallel_size: 1[0m
[35m[2026-04-17 15:25:36,926] [   DEBUG][0m - fa_version                    : 3[0m
[35m[2026-04-17 15:25:36,926] [   DEBUG][0m - factor                        : 20[0m
[35m[2026-04-17 15:25:36,926] [   DEBUG][0m - flash_device_save_steps       : 0[0m
[35m[2026-04-17 15:25:36,926] [   DEBUG][0m - flatten_param_grads           : False[0m
[35m[2026-04-17 15:25:36,926] [   DEBUG][0m - force_reshard_pp              : False[0m
[35m[2026-04-17 15:25:36,926] [   DEBUG][0m - forward_backward_overlap_scheduler: False[0m
[35m[2026-04-17 15:25:36,926] [   DEBUG][0m - fp16                          : False[0m
[35m[2026-04-17 15:25:36,926] [   DEBUG][0m - fp16_full_eval                : False[0m
[35m[2026-04-17 15:25:36,926] [   DEBUG][0m - fp16_opt_level                : O1[0m
[35m[2026-04-17 15:25:36,926] [   DEBUG][0m - fp32_residual_connection      : True[0m
[35m[2026-04-17 15:25:36,926] [   DEBUG][0m - fp8                           : None[0m
[35m[2026-04-17 15:25:36,926] [   DEBUG][0m - fp8_wgrad                     : True[0m
[35m[2026-04-17 15:25:36,926] [   DEBUG][0m - freeze_config                 : [0m
[35m[2026-04-17 15:25:36,926] [   DEBUG][0m - fuse_optimizer_states         : False[0m
[35m[2026-04-17 15:25:36,926] [   DEBUG][0m - fuse_sequence_parallel_allreduce: False[0m
[35m[2026-04-17 15:25:36,926] [   DEBUG][0m - fuse_swiglu                   : False[0m
[35m[2026-04-17 15:25:36,926] [   DEBUG][0m - gated_linear_unit             : True[0m
[35m[2026-04-17 15:25:36,926] [   DEBUG][0m - gc_interval                   : 0[0m
[35m[2026-04-17 15:25:36,926] [   DEBUG][0m - global_batch_size             : 4[0m
[35m[2026-04-17 15:25:36,926] [   DEBUG][0m - global_logging_interval       : 1[0m
[35m[2026-04-17 15:25:36,926] [   DEBUG][0m - gradient_accumulation_steps   : 4[0m
[35m[2026-04-17 15:25:36,926] [   DEBUG][0m - gradient_sync_after_accumulate: False[0m
[35m[2026-04-17 15:25:36,926] [   DEBUG][0m - greater_is_better             : None[0m
[35m[2026-04-17 15:25:36,927] [   DEBUG][0m - hidden_dropout_prob           : 0.0[0m
[35m[2026-04-17 15:25:36,927] [   DEBUG][0m - hidden_size                   : None[0m
[35m[2026-04-17 15:25:36,927] [   DEBUG][0m - hybrid_parallel_expert_grad_scale: 2.0[0m
[35m[2026-04-17 15:25:36,927] [   DEBUG][0m - hybrid_parallel_topo_order    : sharding_first[0m
[35m[2026-04-17 15:25:36,927] [   DEBUG][0m - ignore_data_skip              : False[0m
[35m[2026-04-17 15:25:36,927] [   DEBUG][0m - ignore_eos_token              : False[0m
[35m[2026-04-17 15:25:36,927] [   DEBUG][0m - ignore_load_lr_and_optim      : False[0m
[35m[2026-04-17 15:25:36,927] [   DEBUG][0m - ignore_save_lr_and_optim      : False[0m
[35m[2026-04-17 15:25:36,927] [   DEBUG][0m - init_method                   : None[0m
[35m[2026-04-17 15:25:36,927] [   DEBUG][0m - intermediate_size             : None[0m
[35m[2026-04-17 15:25:36,927] [   DEBUG][0m - label_names                   : None[0m
[35m[2026-04-17 15:25:36,927] [   DEBUG][0m - label_smoothing               : 0.0[0m
[35m[2026-04-17 15:25:36,927] [   DEBUG][0m - lazy_data_processing          : True[0m
[35m[2026-04-17 15:25:36,927] [   DEBUG][0m - learning_rate                 : 0.0001[0m
[35m[2026-04-17 15:25:36,927] [   DEBUG][0m - load_best_model_at_end        : False[0m
[35m[2026-04-17 15:25:36,927] [   DEBUG][0m - load_checkpoint_format        : flex_checkpoint[0m
[35m[2026-04-17 15:25:36,927] [   DEBUG][0m - load_from_hf                  : False[0m
[35m[2026-04-17 15:25:36,927] [   DEBUG][0m - load_sharded_model            : False[0m
[35m[2026-04-17 15:25:36,927] [   DEBUG][0m - load_sharded_model_remap_parameter_name: False[0m
[35m[2026-04-17 15:25:36,927] [   DEBUG][0m - load_via_cpu                  : True[0m
[35m[2026-04-17 15:25:36,927] [   DEBUG][0m - local_process_index           : 0[0m
[35m[2026-04-17 15:25:36,927] [   DEBUG][0m - local_rank                    : 0[0m
[35m[2026-04-17 15:25:36,927] [   DEBUG][0m - log_global_grad_norm          : False[0m
[35m[2026-04-17 15:25:36,927] [   DEBUG][0m - log_level                     : -1[0m
[35m[2026-04-17 15:25:36,927] [   DEBUG][0m - log_level_replica             : -1[0m
[35m[2026-04-17 15:25:36,928] [   DEBUG][0m - log_on_each_node              : True[0m
[35m[2026-04-17 15:25:36,928] [   DEBUG][0m - logging_dir                   : ./logs/pt/13b_gpu[0m
[35m[2026-04-17 15:25:36,928] [   DEBUG][0m - logging_first_step            : False[0m
[35m[2026-04-17 15:25:36,928] [   DEBUG][0m - logging_steps                 : 1[0m
[35m[2026-04-17 15:25:36,928] [   DEBUG][0m - logging_strategy              : IntervalStrategy.STEPS[0m
[35m[2026-04-17 15:25:36,928] [   DEBUG][0m - logical_process_index         : 0[0m
[35m[2026-04-17 15:25:36,928] [   DEBUG][0m - loss_subbatch_sequence_length : -1[0m
[35m[2026-04-17 15:25:36,928] [   DEBUG][0m - loss_type                     : sigmoid[0m
[35m[2026-04-17 15:25:36,928] [   DEBUG][0m - lr_end                        : 1e-07[0m
[35m[2026-04-17 15:25:36,928] [   DEBUG][0m - lr_scheduler                  : cosine[0m
[35m[2026-04-17 15:25:36,928] [   DEBUG][0m - lr_scheduler_type             : SchedulerType.LINEAR[0m
[35m[2026-04-17 15:25:36,928] [   DEBUG][0m - max_estimate_samples          : 100000.0[0m
[35m[2026-04-17 15:25:36,928] [   DEBUG][0m - max_evaluate_steps            : -1[0m
[35m[2026-04-17 15:25:36,928] [   DEBUG][0m - max_grad_norm                 : 1.0[0m
[35m[2026-04-17 15:25:36,928] [   DEBUG][0m - max_gradient_accumulation_steps: 4[0m
[35m[2026-04-17 15:25:36,928] [   DEBUG][0m - max_seq_len                   : 4096[0m
[35m[2026-04-17 15:25:36,928] [   DEBUG][0m - max_steps                     : 100[0m
[35m[2026-04-17 15:25:36,928] [   DEBUG][0m - merge_with_qdq_base_model     : False[0m
[35m[2026-04-17 15:25:36,928] [   DEBUG][0m - metric_for_best_model         : None[0m
[35m[2026-04-17 15:25:36,928] [   DEBUG][0m - metrics_output_path           : None[0m
[35m[2026-04-17 15:25:36,928] [   DEBUG][0m - min_lr                        : 0.0[0m
[35m[2026-04-17 15:25:36,928] [   DEBUG][0m - minimum_eval_times            : None[0m
[35m[2026-04-17 15:25:36,928] [   DEBUG][0m - model_name_or_path            : ./models/Llama-2-13b[0m
[35m[2026-04-17 15:25:36,928] [   DEBUG][0m - moe_deep_gemm                 : False[0m
[35m[2026-04-17 15:25:36,928] [   DEBUG][0m - moe_deepep_num_sms            : None[0m
[35m[2026-04-17 15:25:36,929] [   DEBUG][0m - moe_dequant_input             : False[0m
[35m[2026-04-17 15:25:36,929] [   DEBUG][0m - moe_dropout_prob              : 0.0[0m
[35m[2026-04-17 15:25:36,929] [   DEBUG][0m - moe_ep_barrier                : True[0m
[35m[2026-04-17 15:25:36,929] [   DEBUG][0m - moe_expert_capacity_factor    : 0.0[0m
[35m[2026-04-17 15:25:36,929] [   DEBUG][0m - moe_expert_fusion             : True[0m
[35m[2026-04-17 15:25:36,929] [   DEBUG][0m - moe_gate_lr_ratio             : None[0m
[35m[2026-04-17 15:25:36,929] [   DEBUG][0m - moe_grouped_gemm              : False[0m
[35m[2026-04-17 15:25:36,929] [   DEBUG][0m - moe_pad_expert_input_to_capacity: False[0m
[35m[2026-04-17 15:25:36,929] [   DEBUG][0m - moe_router_bias_update_rate   : 0.0[0m
[35m[2026-04-17 15:25:36,929] [   DEBUG][0m - moe_router_force_load_balancing: False[0m
[35m[2026-04-17 15:25:36,929] [   DEBUG][0m - moe_router_fusion             : True[0m
[35m[2026-04-17 15:25:36,929] [   DEBUG][0m - moe_router_load_balancing_type: seq_aux_loss[0m
[35m[2026-04-17 15:25:36,929] [   DEBUG][0m - moe_sharding_parallel_rank    : 0[0m
[35m[2026-04-17 15:25:36,929] [   DEBUG][0m - moe_sharding_parallel_size    : 1[0m
[35m[2026-04-17 15:25:36,929] [   DEBUG][0m - moe_shared_expert_overlap     : True[0m
[35m[2026-04-17 15:25:36,929] [   DEBUG][0m - moe_subbatch_token_num_after_dispatch: None[0m
[35m[2026-04-17 15:25:36,929] [   DEBUG][0m - moe_subbatch_token_num_before_dispatch: 0[0m
[35m[2026-04-17 15:25:36,929] [   DEBUG][0m - moe_token_dispatcher_type     : deepep[0m
[35m[2026-04-17 15:25:36,929] [   DEBUG][0m - moe_token_drop_policy         : probs[0m
[35m[2026-04-17 15:25:36,929] [   DEBUG][0m - moe_use_fusion_node           : True[0m
[35m[2026-04-17 15:25:36,929] [   DEBUG][0m - moe_with_send_router_loss     : True[0m
[35m[2026-04-17 15:25:36,929] [   DEBUG][0m - mp_async_allreduce            : False[0m
[35m[2026-04-17 15:25:36,929] [   DEBUG][0m - mp_fused_linear_param_grad_add: False[0m
[35m[2026-04-17 15:25:36,929] [   DEBUG][0m - mp_skip_c_identity            : False[0m
[35m[2026-04-17 15:25:36,929] [   DEBUG][0m - mtp_distillation_loss         : False[0m
[35m[2026-04-17 15:25:36,930] [   DEBUG][0m - mtp_num_layers                : 0[0m
[35m[2026-04-17 15:25:36,930] [   DEBUG][0m - multi_latent_attention        : False[0m
[35m[2026-04-17 15:25:36,930] [   DEBUG][0m - n_routed_experts              : None[0m
[35m[2026-04-17 15:25:36,930] [   DEBUG][0m - nccl_comm_group_config        : None[0m
[35m[2026-04-17 15:25:36,930] [   DEBUG][0m - need_data                     : True[0m
[35m[2026-04-17 15:25:36,930] [   DEBUG][0m - no_cuda                       : False[0m
[35m[2026-04-17 15:25:36,930] [   DEBUG][0m - no_recompute_layers           : None[0m
[35m[2026-04-17 15:25:36,930] [   DEBUG][0m - no_rope_freq                  : False[0m
[35m[2026-04-17 15:25:36,930] [   DEBUG][0m - non_batch_p2p_comm            : False[0m
[35m[2026-04-17 15:25:36,930] [   DEBUG][0m - normalization                 : RMSNorm[0m
[35m[2026-04-17 15:25:36,930] [   DEBUG][0m - normalize_logps               : False[0m
[35m[2026-04-17 15:25:36,930] [   DEBUG][0m - num_attention_heads           : None[0m
[35m[2026-04-17 15:25:36,930] [   DEBUG][0m - num_consecutive               : 1[0m
[35m[2026-04-17 15:25:36,930] [   DEBUG][0m - num_cycles                    : 0.5[0m
[35m[2026-04-17 15:25:36,930] [   DEBUG][0m - num_empty_layers_add_in_head  : 0[0m
[35m[2026-04-17 15:25:36,930] [   DEBUG][0m - num_empty_layers_add_in_tail  : 0[0m
[35m[2026-04-17 15:25:36,930] [   DEBUG][0m - num_experts_per_tok           : None[0m
[35m[2026-04-17 15:25:36,930] [   DEBUG][0m - num_hidden_layers             : None[0m
[35m[2026-04-17 15:25:36,930] [   DEBUG][0m - num_key_value_heads           : None[0m
[35m[2026-04-17 15:25:36,930] [   DEBUG][0m - num_nextn_predict_layers      : 0[0m
[35m[2026-04-17 15:25:36,930] [   DEBUG][0m - num_of_gpus                   : -1[0m
[35m[2026-04-17 15:25:36,930] [   DEBUG][0m - num_train_epochs              : 1.0[0m
[35m[2026-04-17 15:25:36,930] [   DEBUG][0m - offload_fp8_expert_master_weight: True[0m
[35m[2026-04-17 15:25:36,930] [   DEBUG][0m - offload_queue                 : False[0m
[35m[2026-04-17 15:25:36,930] [   DEBUG][0m - offset_alpha                  : 0.0[0m
[35m[2026-04-17 15:25:36,931] [   DEBUG][0m - optim                         : OptimizerNames.ADAMW[0m
[35m[2026-04-17 15:25:36,931] [   DEBUG][0m - optim_shard_num               : 1[0m
[35m[2026-04-17 15:25:36,931] [   DEBUG][0m - optimizer_name_suffix         : tp00_pp00[0m
[35m[2026-04-17 15:25:36,931] [   DEBUG][0m - ordered_save_group_size       : 0[0m
[35m[2026-04-17 15:25:36,931] [   DEBUG][0m - output_dir                    : ./checkpoints/pt/13b_gpu[0m
[35m[2026-04-17 15:25:36,931] [   DEBUG][0m - output_layer_init_method      : None[0m
[35m[2026-04-17 15:25:36,931] [   DEBUG][0m - output_signal_dir             : ./checkpoints/pt/13b_gpu[0m
[35m[2026-04-17 15:25:36,931] [   DEBUG][0m - overlap                       : False[0m
[35m[2026-04-17 15:25:36,931] [   DEBUG][0m - overlap_p2p_comm              : False[0m
[35m[2026-04-17 15:25:36,931] [   DEBUG][0m - overwrite_output_dir          : True[0m
[35m[2026-04-17 15:25:36,931] [   DEBUG][0m - p2p_cache_shape               : True[0m
[35m[2026-04-17 15:25:36,931] [   DEBUG][0m - pad_token_id                  : 0[0m
[35m[2026-04-17 15:25:36,931] [   DEBUG][0m - partial_send_recv             : True[0m
[35m[2026-04-17 15:25:36,931] [   DEBUG][0m - past_index                    : -1[0m
[35m[2026-04-17 15:25:36,931] [   DEBUG][0m - pdc_download_ckpt             : False[0m
[35m[2026-04-17 15:25:36,931] [   DEBUG][0m - pdc_download_timeout          : 300[0m
[35m[2026-04-17 15:25:36,931] [   DEBUG][0m - per_device_eval_batch_size    : 1[0m
[35m[2026-04-17 15:25:36,931] [   DEBUG][0m - per_device_train_batch_size   : 1[0m
[35m[2026-04-17 15:25:36,931] [   DEBUG][0m - pipeline_model_parallel_size  : 2[0m
[35m[2026-04-17 15:25:36,931] [   DEBUG][0m - pipeline_parallel_config      : [0m
[35m[2026-04-17 15:25:36,931] [   DEBUG][0m - pipeline_parallel_rank        : 0[0m
[35m[2026-04-17 15:25:36,931] [   DEBUG][0m - position_embedding_type       : rope[0m
[35m[2026-04-17 15:25:36,931] [   DEBUG][0m - power                         : 1.0[0m
[35m[2026-04-17 15:25:36,931] [   DEBUG][0m - pp_delay_scale_loss           : True[0m
[35m[2026-04-17 15:25:36,931] [   DEBUG][0m - pp_need_data                  : False[0m
[35m[2026-04-17 15:25:36,932] [   DEBUG][0m - pp_need_data_degree           : 0[0m
[35m[2026-04-17 15:25:36,932] [   DEBUG][0m - pp_release_grads              : False[0m
[35m[2026-04-17 15:25:36,932] [   DEBUG][0m - pp_sharding_comm_overlap      : False[0m
[35m[2026-04-17 15:25:36,932] [   DEBUG][0m - pp_sync_moment                : False[0m
[35m[2026-04-17 15:25:36,932] [   DEBUG][0m - pp_sync_param                 : False[0m
[35m[2026-04-17 15:25:36,932] [   DEBUG][0m - pre_alloc_memory              : 0[0m
[35m[2026-04-17 15:25:36,932] [   DEBUG][0m - prediction_loss_only          : False[0m
[35m[2026-04-17 15:25:36,932] [   DEBUG][0m - pref_loss_ratio               : 1.0[0m
[35m[2026-04-17 15:25:36,932] [   DEBUG][0m - prefetch_factor               : 2[0m
[35m[2026-04-17 15:25:36,932] [   DEBUG][0m - process_index                 : 0[0m
[35m[2026-04-17 15:25:36,932] [   DEBUG][0m - profile                       : False[0m
[35m[2026-04-17 15:25:36,932] [   DEBUG][0m - profile_step_end              : 12[0m
[35m[2026-04-17 15:25:36,932] [   DEBUG][0m - profile_step_start            : 10[0m
[35m[2026-04-17 15:25:36,932] [   DEBUG][0m - recompute_granularity         : full[0m
[35m[2026-04-17 15:25:36,932] [   DEBUG][0m - recompute_method              : uniform[0m
[35m[2026-04-17 15:25:36,932] [   DEBUG][0m - recompute_modules             : None[0m
[35m[2026-04-17 15:25:36,932] [   DEBUG][0m - recompute_mtp_granularity     : None[0m
[35m[2026-04-17 15:25:36,932] [   DEBUG][0m - recompute_mtp_method          : None[0m
[35m[2026-04-17 15:25:36,932] [   DEBUG][0m - recompute_mtp_modules         : None[0m
[35m[2026-04-17 15:25:36,932] [   DEBUG][0m - recompute_num_layers          : 1[0m
[35m[2026-04-17 15:25:36,932] [   DEBUG][0m - recompute_use_reentrant       : True[0m
[35m[2026-04-17 15:25:36,932] [   DEBUG][0m - reeao_dataset_rank            : 0[0m
[35m[2026-04-17 15:25:36,932] [   DEBUG][0m - reeao_dataset_world_size      : 1[0m
[35m[2026-04-17 15:25:36,932] [   DEBUG][0m - ref_model_update_steps        : -1[0m
[35m[2026-04-17 15:25:36,932] [   DEBUG][0m - reference_free                : False[0m
[35m[2026-04-17 15:25:36,932] [   DEBUG][0m - release_grads                 : False[0m
[35m[2026-04-17 15:25:36,933] [   DEBUG][0m - remove_unused_columns         : True[0m
[35m[2026-04-17 15:25:36,933] [   DEBUG][0m - reorder_pipeline_priority     : False[0m
[35m[2026-04-17 15:25:36,933] [   DEBUG][0m - replace_with_c_embedding      : False[0m
[35m[2026-04-17 15:25:36,933] [   DEBUG][0m - replace_with_parallel_cross_entropy: False[0m
[35m[2026-04-17 15:25:36,933] [   DEBUG][0m - replicate_saved_into_local    : False[0m
[35m[2026-04-17 15:25:36,933] [   DEBUG][0m - report_to                     : ['visualdl'][0m
[35m[2026-04-17 15:25:36,933] [   DEBUG][0m - resume_from_checkpoint        : None[0m
[35m[2026-04-17 15:25:36,933] [   DEBUG][0m - resume_from_huggingface_ckpt  : None[0m
[35m[2026-04-17 15:25:36,933] [   DEBUG][0m - router_aux_loss_coef          : 0.0[0m
[35m[2026-04-17 15:25:36,933] [   DEBUG][0m - router_z_loss_coef            : None[0m
[35m[2026-04-17 15:25:36,933] [   DEBUG][0m - run_name                      : ./checkpoints/pt/13b_gpu[0m
[35m[2026-04-17 15:25:36,933] [   DEBUG][0m - same_data                     : None[0m
[35m[2026-04-17 15:25:36,933] [   DEBUG][0m - save_checkpoint_format        : flex_checkpoint[0m
[35m[2026-04-17 15:25:36,933] [   DEBUG][0m - save_hf_memory_growth_threshold: 8[0m
[35m[2026-04-17 15:25:36,933] [   DEBUG][0m - save_hf_steps                 : -1[0m
[35m[2026-04-17 15:25:36,933] [   DEBUG][0m - save_hf_total_limit           : None[0m
[35m[2026-04-17 15:25:36,933] [   DEBUG][0m - save_last_step                : False[0m
[35m[2026-04-17 15:25:36,933] [   DEBUG][0m - save_on_each_node             : False[0m
[35m[2026-04-17 15:25:36,933] [   DEBUG][0m - save_rng_states               : True[0m
[35m[2026-04-17 15:25:36,933] [   DEBUG][0m - save_sharded_model            : False[0m
[35m[2026-04-17 15:25:36,933] [   DEBUG][0m - save_sharding_stage1_model_include_freeze_params: False[0m
[35m[2026-04-17 15:25:36,933] [   DEBUG][0m - save_steps                    : 100[0m
[35m[2026-04-17 15:25:36,933] [   DEBUG][0m - save_strategy                 : IntervalStrategy.STEPS[0m
[35m[2026-04-17 15:25:36,933] [   DEBUG][0m - save_to_hf                    : True[0m
[35m[2026-04-17 15:25:36,933] [   DEBUG][0m - save_tokenizer                : True[0m
[35m[2026-04-17 15:25:36,934] [   DEBUG][0m - save_total_limit              : None[0m
[35m[2026-04-17 15:25:36,934] [   DEBUG][0m - scale_loss                    : 32768[0m
[35m[2026-04-17 15:25:36,934] [   DEBUG][0m - sd_release_grads              : False[0m
[35m[2026-04-17 15:25:36,934] [   DEBUG][0m - sd_sharding_comm_overlap      : False[0m
[35m[2026-04-17 15:25:36,934] [   DEBUG][0m - sd_shardingv1_comm_overlap    : False[0m
[35m[2026-04-17 15:25:36,934] [   DEBUG][0m - seed                          : 23[0m
[35m[2026-04-17 15:25:36,934] [   DEBUG][0m - send_recv_overlap             : False[0m
[35m[2026-04-17 15:25:36,934] [   DEBUG][0m - sep_parallel_size             : 1[0m
[35m[2026-04-17 15:25:36,934] [   DEBUG][0m - sequence_parallel             : False[0m
[35m[2026-04-17 15:25:36,934] [   DEBUG][0m - sequence_parallel_config      : [0m
[35m[2026-04-17 15:25:36,934] [   DEBUG][0m - sft_loss_ratio                : 0.0[0m
[35m[2026-04-17 15:25:36,934] [   DEBUG][0m - sharded_model_from_ema        : False[0m
[35m[2026-04-17 15:25:36,934] [   DEBUG][0m - sharding                      : [][0m
[35m[2026-04-17 15:25:36,934] [   DEBUG][0m - sharding_comm_buffer_size_MB  : -1[0m
[35m[2026-04-17 15:25:36,934] [   DEBUG][0m - sharding_degree               : -1[0m
[35m[2026-04-17 15:25:36,934] [   DEBUG][0m - sharding_offload_opt_buffersize_GB: -1[0m
[35m[2026-04-17 15:25:36,934] [   DEBUG][0m - sharding_parallel_config      : [0m
[35m[2026-04-17 15:25:36,934] [   DEBUG][0m - sharding_parallel_mesh_dimension: dp[0m
[35m[2026-04-17 15:25:36,934] [   DEBUG][0m - sharding_parallel_rank        : 0[0m
[35m[2026-04-17 15:25:36,934] [   DEBUG][0m - sharding_parallel_size        : 1[0m
[35m[2026-04-17 15:25:36,934] [   DEBUG][0m - should_load_dataset           : True[0m
[35m[2026-04-17 15:25:36,934] [   DEBUG][0m - should_load_sharding_stage1_model: False[0m
[35m[2026-04-17 15:25:36,934] [   DEBUG][0m - should_log                    : True[0m
[35m[2026-04-17 15:25:36,934] [   DEBUG][0m - should_save                   : True[0m
[35m[2026-04-17 15:25:36,934] [   DEBUG][0m - should_save_model_state       : True[0m
[35m[2026-04-17 15:25:36,934] [   DEBUG][0m - should_save_model_with_tensor_fusion: False[0m
[35m[2026-04-17 15:25:36,935] [   DEBUG][0m - should_save_sharding_stage1_model: False[0m
[35m[2026-04-17 15:25:36,935] [   DEBUG][0m - shuffle_consecutive           : False[0m
[35m[2026-04-17 15:25:36,935] [   DEBUG][0m - simpo_gamma                   : 0.5[0m
[35m[2026-04-17 15:25:36,935] [   DEBUG][0m - skip_data_intervals           : None[0m
[35m[2026-04-17 15:25:36,935] [   DEBUG][0m - skip_memory_metrics           : True[0m
[35m[2026-04-17 15:25:36,935] [   DEBUG][0m - skip_profile_timer            : True[0m
[35m[2026-04-17 15:25:36,935] [   DEBUG][0m - softmax_scale                 : None[0m
[35m[2026-04-17 15:25:36,935] [   DEBUG][0m - softmax_type                  : vanilla[0m
[35m[2026-04-17 15:25:36,935] [   DEBUG][0m - sp_allreduce_avg_in_gradinent_scale: False[0m
[35m[2026-04-17 15:25:36,935] [   DEBUG][0m - sp_async_reduce_scatter       : False[0m
[35m[2026-04-17 15:25:36,935] [   DEBUG][0m - split_backward                : False[0m
[35m[2026-04-17 15:25:36,935] [   DEBUG][0m - split_inputs_sequence_dim     : True[0m
[35m[2026-04-17 15:25:36,935] [   DEBUG][0m - split_norm_comm               : False[0m
[35m[2026-04-17 15:25:36,935] [   DEBUG][0m - split_param                   : True[0m
[35m[2026-04-17 15:25:36,935] [   DEBUG][0m - stage1_allgather_overlap      : False[0m
[35m[2026-04-17 15:25:36,935] [   DEBUG][0m - stage1_broadcast_overlap      : False[0m
[35m[2026-04-17 15:25:36,935] [   DEBUG][0m - stage1_overlap                : False[0m
[35m[2026-04-17 15:25:36,935] [   DEBUG][0m - stage1_reduce_avg             : True[0m
[35m[2026-04-17 15:25:36,935] [   DEBUG][0m - stage1_tensor_fusion          : False[0m
[35m[2026-04-17 15:25:36,935] [   DEBUG][0m - stage2_overlap                : False[0m
[35m[2026-04-17 15:25:36,935] [   DEBUG][0m - sync_grad                     : False[0m
[35m[2026-04-17 15:25:36,935] [   DEBUG][0m - tensor_fusion                 : False[0m
[35m[2026-04-17 15:25:36,935] [   DEBUG][0m - tensor_model_parallel_size    : 2[0m
[35m[2026-04-17 15:25:36,935] [   DEBUG][0m - tensor_parallel_config        : [0m
[35m[2026-04-17 15:25:36,936] [   DEBUG][0m - tensor_parallel_output        : True[0m
[35m[2026-04-17 15:25:36,936] [   DEBUG][0m - tensor_parallel_rank          : 0[0m
[35m[2026-04-17 15:25:36,936] [   DEBUG][0m - tensorwise_offload_optimizer  : False[0m
[35m[2026-04-17 15:25:36,936] [   DEBUG][0m - tie_word_embeddings           : None[0m
[35m[2026-04-17 15:25:36,936] [   DEBUG][0m - timer                         : False[0m
[35m[2026-04-17 15:25:36,936] [   DEBUG][0m - to_static                     : False[0m
[35m[2026-04-17 15:25:36,936] [   DEBUG][0m - token_balance_loss            : False[0m
[35m[2026-04-17 15:25:36,936] [   DEBUG][0m - tp_async_allreduce            : False[0m
[35m[2026-04-17 15:25:36,936] [   DEBUG][0m - tp_sync_moment                : False[0m
[35m[2026-04-17 15:25:36,936] [   DEBUG][0m - tp_sync_param                 : False[0m
[35m[2026-04-17 15:25:36,936] [   DEBUG][0m - train_batch_size              : 1[0m
[35m[2026-04-17 15:25:36,936] [   DEBUG][0m - train_mtp_only                : False[0m
[35m[2026-04-17 15:25:36,936] [   DEBUG][0m - unified_checkpoint            : False[0m
[35m[2026-04-17 15:25:36,936] [   DEBUG][0m - unified_checkpoint_config     : [0m
[35m[2026-04-17 15:25:36,936] [   DEBUG][0m - use_async_save                : False[0m
[35m[2026-04-17 15:25:36,936] [   DEBUG][0m - use_cache                     : False[0m
[35m[2026-04-17 15:25:36,936] [   DEBUG][0m - use_dualpipev                 : False[0m
[35m[2026-04-17 15:25:36,936] [   DEBUG][0m - use_expert_parallel           : False[0m
[35m[2026-04-17 15:25:36,936] [   DEBUG][0m - use_filtered_label_loss       : False[0m
[35m[2026-04-17 15:25:36,936] [   DEBUG][0m - use_fp8                       : False[0m
[35m[2026-04-17 15:25:36,936] [   DEBUG][0m - use_fused_head_and_loss_fn    : False[0m
[35m[2026-04-17 15:25:36,936] [   DEBUG][0m - use_fused_linear_cross_entropy: False[0m
[35m[2026-04-17 15:25:36,936] [   DEBUG][0m - use_hybrid_parallel           : True[0m
[35m[2026-04-17 15:25:36,936] [   DEBUG][0m - use_intermediate_api          : False[0m
[35m[2026-04-17 15:25:36,936] [   DEBUG][0m - use_lowprecision_moment       : False[0m
[35m[2026-04-17 15:25:36,936] [   DEBUG][0m - use_moe                       : False[0m
[35m[2026-04-17 15:25:36,937] [   DEBUG][0m - use_ortho_loss_callback       : False[0m
[35m[2026-04-17 15:25:36,937] [   DEBUG][0m - use_qk_norm                   : None[0m
[35m[2026-04-17 15:25:36,937] [   DEBUG][0m - use_recompute_mtp             : False[0m
[35m[2026-04-17 15:25:36,937] [   DEBUG][0m - use_unified_moe               : False[0m
[35m[2026-04-17 15:25:36,937] [   DEBUG][0m - using_sonic_moe               : False[0m
[35m[2026-04-17 15:25:36,937] [   DEBUG][0m - variable_seq_lengths          : False[0m
[35m[2026-04-17 15:25:36,937] [   DEBUG][0m - virtual_pipeline_model_parallel_size: 1[0m
[35m[2026-04-17 15:25:36,937] [   DEBUG][0m - wandb_api_key                 : None[0m
[35m[2026-04-17 15:25:36,937] [   DEBUG][0m - wandb_http_proxy              : None[0m
[35m[2026-04-17 15:25:36,937] [   DEBUG][0m - warmup_ratio                  : 0.0[0m
[35m[2026-04-17 15:25:36,937] [   DEBUG][0m - warmup_steps                  : 10[0m
[35m[2026-04-17 15:25:36,937] [   DEBUG][0m - weight_decay                  : 0.0[0m
[35m[2026-04-17 15:25:36,937] [   DEBUG][0m - weight_name_suffix            : tp00_pp00[0m
[35m[2026-04-17 15:25:36,937] [   DEBUG][0m - weight_quantize_algo          : None[0m
[35m[2026-04-17 15:25:36,937] [   DEBUG][0m - world_size                    : 4[0m
[35m[2026-04-17 15:25:36,937] [   DEBUG][0m - zcc_ema_interval              : 1[0m
[35m[2026-04-17 15:25:36,937] [   DEBUG][0m - zcc_ema_loss_threshold        : None[0m
[35m[2026-04-17 15:25:36,937] [   DEBUG][0m - zcc_pipeline_hooks_capacity_usage: 0.6[0m
[35m[2026-04-17 15:25:36,937] [   DEBUG][0m - zcc_save_ema_coef             : None[0m
[35m[2026-04-17 15:25:36,937] [   DEBUG][0m - zcc_workers_num               : 3[0m
[35m[2026-04-17 15:25:36,937] [   DEBUG][0m - [0m
[32m[2026-04-17 15:25:36,938] [    INFO][0m - The global seed is set to 23, local seed is set to 27 and random seed is set to 23.[0m
[33m[2026-04-17 15:25:36,938] [ WARNING][0m - Process rank: 0, device: gpu, world_size: 4, distributed training: True, 16-bits training: True[0m
[32m[2026-04-17 15:25:36,939] [    INFO][0m - Using download source: huggingface[0m
[32m[2026-04-17 15:25:36,939] [    INFO][0m - Using download source: huggingface[0m
[32m[2026-04-17 15:25:36,939] [    INFO][0m - Loading configuration file ./models/Llama-2-13b/config.json[0m
[32m[2026-04-17 15:25:36,941] [    INFO][0m - Final model config: LlamaConfig {
  "_name_or_path": "meta-llama/Llama-2-13b-hf",
  "architectures": [
    "LlamaForCausalLM"
  ],
  "attention_bias": false,
  "attention_dropout": 0.0,
  "bos_token_id": 1,
  "enable_auto_parallel": false,
  "eos_token_id": 2,
  "fa_version": 3,
  "head_dim": 128,
  "hidden_act": "silu",
  "hidden_size": 5120,
  "initializer_range": 0.02,
  "intermediate_size": 13824,
  "is_lora": false,
  "max_position_embeddings": 4096,
  "max_sequence_length": 4096,
  "mlp_bias": false,
  "model_type": "llama",
  "moe_router_bias_update_rate": 0.0,
  "num_attention_heads": 40,
  "num_hidden_layers": 40,
  "num_key_value_heads": 40,
  "pad_token_id": 0,
  "paddleformers_version": "1.1.0.post20260417",
  "pipeline_model_parallel_size": 2,
  "pp_seg_method": "layer:DecoderLayer|EmptyLayer",
  "pretraining_tp": 2,
  "recompute_granularity": "full",
  "recompute_method": "uniform",
  "recompute_num_layers": 1,
  "rms_norm_eps": 1e-05,
  "rope_parameters": {
    "rope_theta": 10000.0,
    "rope_type": "default"
  },
  "rope_scaling": null,
  "rope_theta": 10000.0,
  "seq_length": 4096,
  "tensor_model_parallel_size": 2,
  "tie_word_embeddings": false,
  "torch_dtype": "float32",
  "use_cache": true,
  "use_fast_layer_norm": false,
  "vocab_size": 32000
}
[0m
[32m[2026-04-17 15:25:36,941] [    INFO][0m - Creating model[0m
[32m[2026-04-17 15:25:36,941] [    INFO][0m - Loading model weights from ./models/Llama-2-13b[0m
[32m[2026-04-17 15:25:36,946] [    INFO][0m - change initializer-range from 0.02 to 0.008068311858747157[0m
[32m[2026-04-17 15:25:36,946] [    INFO][0m - using moe-group: dummy[0m
[32m[2026-04-17 15:25:36,946] [    INFO][0m - use no_recompute_layers: {0, 1, 2, 3, 4, 5, 6, 7, 8, 9, 10, 11, 12, 13, 14, 15, 16, 17, 18, 19, 20, 21, 22, 23, 24, 25, 26, 27, 28, 29, 30, 31, 32, 33, 34, 35, 36, 37, 38, 39}[0m
[32m[2026-04-17 15:25:36,947] [    INFO][0m - using recompute_interval=0, seg_method=layer:DecoderLayer|EmptyLayer[0m
[32m[2026-04-17 15:25:36,947] [    INFO][0m - loss_subbatch_sequence_length: -1 , use_fused_head_and_loss_fn: False, use_filtered_label_loss: False[0m
[32m[2026-04-17 15:25:36,947] [    INFO][0m - using parallel cross entroy, take care[0m
[2026-04-17 15:25:36,948] [    INFO] pp_layers.py:871 - start segment network..
[2026-04-17 15:25:36,948] [    INFO] pp_layers.py:877 - segment with method: layer:DecoderLayer|EmptyLayer; result: 0, 21, 43
[2026-04-17 15:25:36,948] [    INFO] pp_layers.py:894 - stage=0, global_rank=0 ,layer_number=21
[2026-04-17 15:25:36,949] [    INFO] pp_layers.py:899 - 0: EmbeddingPipe(config=LlamaConfig {
  "_name_or_path": "meta-llama/Llama-2-13b-hf",
  "architectures": [
    "LlamaForCausalLM"
  ],
  "attention_bias": false,
  "attention_dropout": 0.0,
  "bos_token_id": 1,
  "enable_auto_parallel": false,
  "eos_token_id": 2,
  "fa_version": 3,
  "head_dim": 128,
  "hidden_act": "silu",
  "hidden_size": 5120,
  "initializer_range": 0.008068311858747157,
  "intermediate_size": 13824,
  "is_lora": false,
  "max_position_embeddings": 4096,
  "max_sequence_length": 4096,
  "mlp_bias": false,
  "model_type": "llama",
  "moe_group_origin": "dummy",
  "moe_rank": 0,
  "moe_router_bias_update_rate": 0.0,
  "moe_world_size": 1,
  "num_attention_heads": 40,
  "num_hidden_layers": 40,
  "num_key_value_heads": 40,
  "pad_token_id": 0,
  "paddleformers_version": "1.1.0.post20260417",
  "pipeline_model_parallel_size": 2,
  "pp_seg_method": "layer:DecoderLayer|EmptyLayer",
  "pretraining_tp": 2,
  "recompute_granularity": "full",
  "recompute_method": "uniform",
  "recompute_num_layers": 1,
  "rms_norm_eps": 1e-05,
  "rope_parameters": {
    "rope_theta": 10000.0,
    "rope_type": "default"
  },
  "rope_scaling": null,
  "rope_theta": 10000.0,
  "seq_length": 4096,
  "tensor_model_parallel_size": 2,
  "tie_word_embeddings": false,
  "torch_dtype": "float32",
  "use_cache": true,
  "use_fast_layer_norm": false,
  "vocab_size": 32000
}
, embed_cls=None, rotary_emb_cls=None)
[2026-04-17 15:25:36,951] [    INFO] pp_layers.py:899 - 1: DecoderLayerPipe(config=LlamaConfig {
  "_name_or_path": "meta-llama/Llama-2-13b-hf",
  "architectures": [
    "LlamaForCausalLM"
  ],
  "attention_bias": false,
  "attention_dropout": 0.0,
  "bos_token_id": 1,
  "enable_auto_parallel": false,
  "eos_token_id": 2,
  "fa_version": 3,
  "head_dim": 128,
  "hidden_act": "silu",
  "hidden_size": 5120,
  "initializer_range": 0.008068311858747157,
  "intermediate_size": 13824,
  "is_lora": false,
  "max_position_embeddings": 4096,
  "max_sequence_length": 4096,
  "mlp_bias": false,
  "model_type": "llama",
  "moe_group_origin": "dummy",
  "moe_rank": 0,
  "moe_router_bias_update_rate": 0.0,
  "moe_world_size": 1,
  "num_attention_heads": 40,
  "num_hidden_layers": 40,
  "num_key_value_heads": 40,
  "pad_token_id": 0,
  "paddleformers_version": "1.1.0.post20260417",
  "pipeline_model_parallel_size": 2,
  "pp_seg_method": "layer:DecoderLayer|EmptyLayer",
  "pretraining_tp": 2,
  "recompute_granularity": "full",
  "recompute_method": "uniform",
  "recompute_num_layers": 1,
  "rms_norm_eps": 1e-05,
  "rope_parameters": {
    "rope_theta": 10000.0,
    "rope_type": "default"
  },
  "rope_scaling": null,
  "rope_theta": 10000.0,
  "seq_length": 4096,
  "tensor_model_parallel_size": 2,
  "tie_word_embeddings": false,
  "torch_dtype": "float32",
  "use_cache": true,
  "use_fast_layer_norm": false,
  "vocab_size": 32000
}
, layer_idx=0)
[2026-04-17 15:25:36,952] [    INFO] pp_layers.py:899 - 2: DecoderLayerPipe(config=LlamaConfig {
  "_name_or_path": "meta-llama/Llama-2-13b-hf",
  "architectures": [
    "LlamaForCausalLM"
  ],
  "attention_bias": false,
  "attention_dropout": 0.0,
  "bos_token_id": 1,
  "enable_auto_parallel": false,
  "eos_token_id": 2,
  "fa_version": 3,
  "head_dim": 128,
  "hidden_act": "silu",
  "hidden_size": 5120,
  "initializer_range": 0.008068311858747157,
  "intermediate_size": 13824,
  "is_lora": false,
  "max_position_embeddings": 4096,
  "max_sequence_length": 4096,
  "mlp_bias": false,
  "model_type": "llama",
  "moe_group_origin": "dummy",
  "moe_rank": 0,
  "moe_router_bias_update_rate": 0.0,
  "moe_world_size": 1,
  "num_attention_heads": 40,
  "num_hidden_layers": 40,
  "num_key_value_heads": 40,
  "pad_token_id": 0,
  "paddleformers_version": "1.1.0.post20260417",
  "pipeline_model_parallel_size": 2,
  "pp_seg_method": "layer:DecoderLayer|EmptyLayer",
  "pretraining_tp": 2,
  "recompute_granularity": "full",
  "recompute_method": "uniform",
  "recompute_num_layers": 1,
  "rms_norm_eps": 1e-05,
  "rope_parameters": {
    "rope_theta": 10000.0,
    "rope_type": "default"
  },
  "rope_scaling": null,
  "rope_theta": 10000.0,
  "seq_length": 4096,
  "tensor_model_parallel_size": 2,
  "tie_word_embeddings": false,
  "torch_dtype": "float32",
  "use_cache": true,
  "use_fast_layer_norm": false,
  "vocab_size": 32000
}
, layer_idx=1)
[2026-04-17 15:25:36,953] [    INFO] pp_layers.py:899 - 3: DecoderLayerPipe(config=LlamaConfig {
  "_name_or_path": "meta-llama/Llama-2-13b-hf",
  "architectures": [
    "LlamaForCausalLM"
  ],
  "attention_bias": false,
  "attention_dropout": 0.0,
  "bos_token_id": 1,
  "enable_auto_parallel": false,
  "eos_token_id": 2,
  "fa_version": 3,
  "head_dim": 128,
  "hidden_act": "silu",
  "hidden_size": 5120,
  "initializer_range": 0.008068311858747157,
  "intermediate_size": 13824,
  "is_lora": false,
  "max_position_embeddings": 4096,
  "max_sequence_length": 4096,
  "mlp_bias": false,
  "model_type": "llama",
  "moe_group_origin": "dummy",
  "moe_rank": 0,
  "moe_router_bias_update_rate": 0.0,
  "moe_world_size": 1,
  "num_attention_heads": 40,
  "num_hidden_layers": 40,
  "num_key_value_heads": 40,
  "pad_token_id": 0,
  "paddleformers_version": "1.1.0.post20260417",
  "pipeline_model_parallel_size": 2,
  "pp_seg_method": "layer:DecoderLayer|EmptyLayer",
  "pretraining_tp": 2,
  "recompute_granularity": "full",
  "recompute_method": "uniform",
  "recompute_num_layers": 1,
  "rms_norm_eps": 1e-05,
  "rope_parameters": {
    "rope_theta": 10000.0,
    "rope_type": "default"
  },
  "rope_scaling": null,
  "rope_theta": 10000.0,
  "seq_length": 4096,
  "tensor_model_parallel_size": 2,
  "tie_word_embeddings": false,
  "torch_dtype": "float32",
  "use_cache": true,
  "use_fast_layer_norm": false,
  "vocab_size": 32000
}
, layer_idx=2)
[2026-04-17 15:25:36,954] [    INFO] pp_layers.py:899 - 4: DecoderLayerPipe(config=LlamaConfig {
  "_name_or_path": "meta-llama/Llama-2-13b-hf",
  "architectures": [
    "LlamaForCausalLM"
  ],
  "attention_bias": false,
  "attention_dropout": 0.0,
  "bos_token_id": 1,
  "enable_auto_parallel": false,
  "eos_token_id": 2,
  "fa_version": 3,
  "head_dim": 128,
  "hidden_act": "silu",
  "hidden_size": 5120,
  "initializer_range": 0.008068311858747157,
  "intermediate_size": 13824,
  "is_lora": false,
  "max_position_embeddings": 4096,
  "max_sequence_length": 4096,
  "mlp_bias": false,
  "model_type": "llama",
  "moe_group_origin": "dummy",
  "moe_rank": 0,
  "moe_router_bias_update_rate": 0.0,
  "moe_world_size": 1,
  "num_attention_heads": 40,
  "num_hidden_layers": 40,
  "num_key_value_heads": 40,
  "pad_token_id": 0,
  "paddleformers_version": "1.1.0.post20260417",
  "pipeline_model_parallel_size": 2,
  "pp_seg_method": "layer:DecoderLayer|EmptyLayer",
  "pretraining_tp": 2,
  "recompute_granularity": "full",
  "recompute_method": "uniform",
  "recompute_num_layers": 1,
  "rms_norm_eps": 1e-05,
  "rope_parameters": {
    "rope_theta": 10000.0,
    "rope_type": "default"
  },
  "rope_scaling": null,
  "rope_theta": 10000.0,
  "seq_length": 4096,
  "tensor_model_parallel_size": 2,
  "tie_word_embeddings": false,
  "torch_dtype": "float32",
  "use_cache": true,
  "use_fast_layer_norm": false,
  "vocab_size": 32000
}
, layer_idx=3)
[2026-04-17 15:25:36,955] [    INFO] pp_layers.py:899 - 5: DecoderLayerPipe(config=LlamaConfig {
  "_name_or_path": "meta-llama/Llama-2-13b-hf",
  "architectures": [
    "LlamaForCausalLM"
  ],
  "attention_bias": false,
  "attention_dropout": 0.0,
  "bos_token_id": 1,
  "enable_auto_parallel": false,
  "eos_token_id": 2,
  "fa_version": 3,
  "head_dim": 128,
  "hidden_act": "silu",
  "hidden_size": 5120,
  "initializer_range": 0.008068311858747157,
  "intermediate_size": 13824,
  "is_lora": false,
  "max_position_embeddings": 4096,
  "max_sequence_length": 4096,
  "mlp_bias": false,
  "model_type": "llama",
  "moe_group_origin": "dummy",
  "moe_rank": 0,
  "moe_router_bias_update_rate": 0.0,
  "moe_world_size": 1,
  "num_attention_heads": 40,
  "num_hidden_layers": 40,
  "num_key_value_heads": 40,
  "pad_token_id": 0,
  "paddleformers_version": "1.1.0.post20260417",
  "pipeline_model_parallel_size": 2,
  "pp_seg_method": "layer:DecoderLayer|EmptyLayer",
  "pretraining_tp": 2,
  "recompute_granularity": "full",
  "recompute_method": "uniform",
  "recompute_num_layers": 1,
  "rms_norm_eps": 1e-05,
  "rope_parameters": {
    "rope_theta": 10000.0,
    "rope_type": "default"
  },
  "rope_scaling": null,
  "rope_theta": 10000.0,
  "seq_length": 4096,
  "tensor_model_parallel_size": 2,
  "tie_word_embeddings": false,
  "torch_dtype": "float32",
  "use_cache": true,
  "use_fast_layer_norm": false,
  "vocab_size": 32000
}
, layer_idx=4)
[2026-04-17 15:25:36,956] [    INFO] pp_layers.py:899 - 6: DecoderLayerPipe(config=LlamaConfig {
  "_name_or_path": "meta-llama/Llama-2-13b-hf",
  "architectures": [
    "LlamaForCausalLM"
  ],
  "attention_bias": false,
  "attention_dropout": 0.0,
  "bos_token_id": 1,
  "enable_auto_parallel": false,
  "eos_token_id": 2,
  "fa_version": 3,
  "head_dim": 128,
  "hidden_act": "silu",
  "hidden_size": 5120,
  "initializer_range": 0.008068311858747157,
  "intermediate_size": 13824,
  "is_lora": false,
  "max_position_embeddings": 4096,
  "max_sequence_length": 4096,
  "mlp_bias": false,
  "model_type": "llama",
  "moe_group_origin": "dummy",
  "moe_rank": 0,
  "moe_router_bias_update_rate": 0.0,
  "moe_world_size": 1,
  "num_attention_heads": 40,
  "num_hidden_layers": 40,
  "num_key_value_heads": 40,
  "pad_token_id": 0,
  "paddleformers_version": "1.1.0.post20260417",
  "pipeline_model_parallel_size": 2,
  "pp_seg_method": "layer:DecoderLayer|EmptyLayer",
  "pretraining_tp": 2,
  "recompute_granularity": "full",
  "recompute_method": "uniform",
  "recompute_num_layers": 1,
  "rms_norm_eps": 1e-05,
  "rope_parameters": {
    "rope_theta": 10000.0,
    "rope_type": "default"
  },
  "rope_scaling": null,
  "rope_theta": 10000.0,
  "seq_length": 4096,
  "tensor_model_parallel_size": 2,
  "tie_word_embeddings": false,
  "torch_dtype": "float32",
  "use_cache": true,
  "use_fast_layer_norm": false,
  "vocab_size": 32000
}
, layer_idx=5)
[2026-04-17 15:25:36,957] [    INFO] pp_layers.py:899 - 7: DecoderLayerPipe(config=LlamaConfig {
  "_name_or_path": "meta-llama/Llama-2-13b-hf",
  "architectures": [
    "LlamaForCausalLM"
  ],
  "attention_bias": false,
  "attention_dropout": 0.0,
  "bos_token_id": 1,
  "enable_auto_parallel": false,
  "eos_token_id": 2,
  "fa_version": 3,
  "head_dim": 128,
  "hidden_act": "silu",
  "hidden_size": 5120,
  "initializer_range": 0.008068311858747157,
  "intermediate_size": 13824,
  "is_lora": false,
  "max_position_embeddings": 4096,
  "max_sequence_length": 4096,
  "mlp_bias": false,
  "model_type": "llama",
  "moe_group_origin": "dummy",
  "moe_rank": 0,
  "moe_router_bias_update_rate": 0.0,
  "moe_world_size": 1,
  "num_attention_heads": 40,
  "num_hidden_layers": 40,
  "num_key_value_heads": 40,
  "pad_token_id": 0,
  "paddleformers_version": "1.1.0.post20260417",
  "pipeline_model_parallel_size": 2,
  "pp_seg_method": "layer:DecoderLayer|EmptyLayer",
  "pretraining_tp": 2,
  "recompute_granularity": "full",
  "recompute_method": "uniform",
  "recompute_num_layers": 1,
  "rms_norm_eps": 1e-05,
  "rope_parameters": {
    "rope_theta": 10000.0,
    "rope_type": "default"
  },
  "rope_scaling": null,
  "rope_theta": 10000.0,
  "seq_length": 4096,
  "tensor_model_parallel_size": 2,
  "tie_word_embeddings": false,
  "torch_dtype": "float32",
  "use_cache": true,
  "use_fast_layer_norm": false,
  "vocab_size": 32000
}
, layer_idx=6)
[2026-04-17 15:25:36,959] [    INFO] pp_layers.py:899 - 8: DecoderLayerPipe(config=LlamaConfig {
  "_name_or_path": "meta-llama/Llama-2-13b-hf",
  "architectures": [
    "LlamaForCausalLM"
  ],
  "attention_bias": false,
  "attention_dropout": 0.0,
  "bos_token_id": 1,
  "enable_auto_parallel": false,
  "eos_token_id": 2,
  "fa_version": 3,
  "head_dim": 128,
  "hidden_act": "silu",
  "hidden_size": 5120,
  "initializer_range": 0.008068311858747157,
  "intermediate_size": 13824,
  "is_lora": false,
  "max_position_embeddings": 4096,
  "max_sequence_length": 4096,
  "mlp_bias": false,
  "model_type": "llama",
  "moe_group_origin": "dummy",
  "moe_rank": 0,
  "moe_router_bias_update_rate": 0.0,
  "moe_world_size": 1,
  "num_attention_heads": 40,
  "num_hidden_layers": 40,
  "num_key_value_heads": 40,
  "pad_token_id": 0,
  "paddleformers_version": "1.1.0.post20260417",
  "pipeline_model_parallel_size": 2,
  "pp_seg_method": "layer:DecoderLayer|EmptyLayer",
  "pretraining_tp": 2,
  "recompute_granularity": "full",
  "recompute_method": "uniform",
  "recompute_num_layers": 1,
  "rms_norm_eps": 1e-05,
  "rope_parameters": {
    "rope_theta": 10000.0,
    "rope_type": "default"
  },
  "rope_scaling": null,
  "rope_theta": 10000.0,
  "seq_length": 4096,
  "tensor_model_parallel_size": 2,
  "tie_word_embeddings": false,
  "torch_dtype": "float32",
  "use_cache": true,
  "use_fast_layer_norm": false,
  "vocab_size": 32000
}
, layer_idx=7)
[2026-04-17 15:25:36,960] [    INFO] pp_layers.py:899 - 9: DecoderLayerPipe(config=LlamaConfig {
  "_name_or_path": "meta-llama/Llama-2-13b-hf",
  "architectures": [
    "LlamaForCausalLM"
  ],
  "attention_bias": false,
  "attention_dropout": 0.0,
  "bos_token_id": 1,
  "enable_auto_parallel": false,
  "eos_token_id": 2,
  "fa_version": 3,
  "head_dim": 128,
  "hidden_act": "silu",
  "hidden_size": 5120,
  "initializer_range": 0.008068311858747157,
  "intermediate_size": 13824,
  "is_lora": false,
  "max_position_embeddings": 4096,
  "max_sequence_length": 4096,
  "mlp_bias": false,
  "model_type": "llama",
  "moe_group_origin": "dummy",
  "moe_rank": 0,
  "moe_router_bias_update_rate": 0.0,
  "moe_world_size": 1,
  "num_attention_heads": 40,
  "num_hidden_layers": 40,
  "num_key_value_heads": 40,
  "pad_token_id": 0,
  "paddleformers_version": "1.1.0.post20260417",
  "pipeline_model_parallel_size": 2,
  "pp_seg_method": "layer:DecoderLayer|EmptyLayer",
  "pretraining_tp": 2,
  "recompute_granularity": "full",
  "recompute_method": "uniform",
  "recompute_num_layers": 1,
  "rms_norm_eps": 1e-05,
  "rope_parameters": {
    "rope_theta": 10000.0,
    "rope_type": "default"
  },
  "rope_scaling": null,
  "rope_theta": 10000.0,
  "seq_length": 4096,
  "tensor_model_parallel_size": 2,
  "tie_word_embeddings": false,
  "torch_dtype": "float32",
  "use_cache": true,
  "use_fast_layer_norm": false,
  "vocab_size": 32000
}
, layer_idx=8)
[2026-04-17 15:25:36,961] [    INFO] pp_layers.py:899 - 10: DecoderLayerPipe(config=LlamaConfig {
  "_name_or_path": "meta-llama/Llama-2-13b-hf",
  "architectures": [
    "LlamaForCausalLM"
  ],
  "attention_bias": false,
  "attention_dropout": 0.0,
  "bos_token_id": 1,
  "enable_auto_parallel": false,
  "eos_token_id": 2,
  "fa_version": 3,
  "head_dim": 128,
  "hidden_act": "silu",
  "hidden_size": 5120,
  "initializer_range": 0.008068311858747157,
  "intermediate_size": 13824,
  "is_lora": false,
  "max_position_embeddings": 4096,
  "max_sequence_length": 4096,
  "mlp_bias": false,
  "model_type": "llama",
  "moe_group_origin": "dummy",
  "moe_rank": 0,
  "moe_router_bias_update_rate": 0.0,
  "moe_world_size": 1,
  "num_attention_heads": 40,
  "num_hidden_layers": 40,
  "num_key_value_heads": 40,
  "pad_token_id": 0,
  "paddleformers_version": "1.1.0.post20260417",
  "pipeline_model_parallel_size": 2,
  "pp_seg_method": "layer:DecoderLayer|EmptyLayer",
  "pretraining_tp": 2,
  "recompute_granularity": "full",
  "recompute_method": "uniform",
  "recompute_num_layers": 1,
  "rms_norm_eps": 1e-05,
  "rope_parameters": {
    "rope_theta": 10000.0,
    "rope_type": "default"
  },
  "rope_scaling": null,
  "rope_theta": 10000.0,
  "seq_length": 4096,
  "tensor_model_parallel_size": 2,
  "tie_word_embeddings": false,
  "torch_dtype": "float32",
  "use_cache": true,
  "use_fast_layer_norm": false,
  "vocab_size": 32000
}
, layer_idx=9)
[2026-04-17 15:25:36,962] [    INFO] pp_layers.py:899 - 11: DecoderLayerPipe(config=LlamaConfig {
  "_name_or_path": "meta-llama/Llama-2-13b-hf",
  "architectures": [
    "LlamaForCausalLM"
  ],
  "attention_bias": false,
  "attention_dropout": 0.0,
  "bos_token_id": 1,
  "enable_auto_parallel": false,
  "eos_token_id": 2,
  "fa_version": 3,
  "head_dim": 128,
  "hidden_act": "silu",
  "hidden_size": 5120,
  "initializer_range": 0.008068311858747157,
  "intermediate_size": 13824,
  "is_lora": false,
  "max_position_embeddings": 4096,
  "max_sequence_length": 4096,
  "mlp_bias": false,
  "model_type": "llama",
  "moe_group_origin": "dummy",
  "moe_rank": 0,
  "moe_router_bias_update_rate": 0.0,
  "moe_world_size": 1,
  "num_attention_heads": 40,
  "num_hidden_layers": 40,
  "num_key_value_heads": 40,
  "pad_token_id": 0,
  "paddleformers_version": "1.1.0.post20260417",
  "pipeline_model_parallel_size": 2,
  "pp_seg_method": "layer:DecoderLayer|EmptyLayer",
  "pretraining_tp": 2,
  "recompute_granularity": "full",
  "recompute_method": "uniform",
  "recompute_num_layers": 1,
  "rms_norm_eps": 1e-05,
  "rope_parameters": {
    "rope_theta": 10000.0,
    "rope_type": "default"
  },
  "rope_scaling": null,
  "rope_theta": 10000.0,
  "seq_length": 4096,
  "tensor_model_parallel_size": 2,
  "tie_word_embeddings": false,
  "torch_dtype": "float32",
  "use_cache": true,
  "use_fast_layer_norm": false,
  "vocab_size": 32000
}
, layer_idx=10)
[2026-04-17 15:25:36,963] [    INFO] pp_layers.py:899 - 12: DecoderLayerPipe(config=LlamaConfig {
  "_name_or_path": "meta-llama/Llama-2-13b-hf",
  "architectures": [
    "LlamaForCausalLM"
  ],
  "attention_bias": false,
  "attention_dropout": 0.0,
  "bos_token_id": 1,
  "enable_auto_parallel": false,
  "eos_token_id": 2,
  "fa_version": 3,
  "head_dim": 128,
  "hidden_act": "silu",
  "hidden_size": 5120,
  "initializer_range": 0.008068311858747157,
  "intermediate_size": 13824,
  "is_lora": false,
  "max_position_embeddings": 4096,
  "max_sequence_length": 4096,
  "mlp_bias": false,
  "model_type": "llama",
  "moe_group_origin": "dummy",
  "moe_rank": 0,
  "moe_router_bias_update_rate": 0.0,
  "moe_world_size": 1,
  "num_attention_heads": 40,
  "num_hidden_layers": 40,
  "num_key_value_heads": 40,
  "pad_token_id": 0,
  "paddleformers_version": "1.1.0.post20260417",
  "pipeline_model_parallel_size": 2,
  "pp_seg_method": "layer:DecoderLayer|EmptyLayer",
  "pretraining_tp": 2,
  "recompute_granularity": "full",
  "recompute_method": "uniform",
  "recompute_num_layers": 1,
  "rms_norm_eps": 1e-05,
  "rope_parameters": {
    "rope_theta": 10000.0,
    "rope_type": "default"
  },
  "rope_scaling": null,
  "rope_theta": 10000.0,
  "seq_length": 4096,
  "tensor_model_parallel_size": 2,
  "tie_word_embeddings": false,
  "torch_dtype": "float32",
  "use_cache": true,
  "use_fast_layer_norm": false,
  "vocab_size": 32000
}
, layer_idx=11)
[2026-04-17 15:25:36,964] [    INFO] pp_layers.py:899 - 13: DecoderLayerPipe(config=LlamaConfig {
  "_name_or_path": "meta-llama/Llama-2-13b-hf",
  "architectures": [
    "LlamaForCausalLM"
  ],
  "attention_bias": false,
  "attention_dropout": 0.0,
  "bos_token_id": 1,
  "enable_auto_parallel": false,
  "eos_token_id": 2,
  "fa_version": 3,
  "head_dim": 128,
  "hidden_act": "silu",
  "hidden_size": 5120,
  "initializer_range": 0.008068311858747157,
  "intermediate_size": 13824,
  "is_lora": false,
  "max_position_embeddings": 4096,
  "max_sequence_length": 4096,
  "mlp_bias": false,
  "model_type": "llama",
  "moe_group_origin": "dummy",
  "moe_rank": 0,
  "moe_router_bias_update_rate": 0.0,
  "moe_world_size": 1,
  "num_attention_heads": 40,
  "num_hidden_layers": 40,
  "num_key_value_heads": 40,
  "pad_token_id": 0,
  "paddleformers_version": "1.1.0.post20260417",
  "pipeline_model_parallel_size": 2,
  "pp_seg_method": "layer:DecoderLayer|EmptyLayer",
  "pretraining_tp": 2,
  "recompute_granularity": "full",
  "recompute_method": "uniform",
  "recompute_num_layers": 1,
  "rms_norm_eps": 1e-05,
  "rope_parameters": {
    "rope_theta": 10000.0,
    "rope_type": "default"
  },
  "rope_scaling": null,
  "rope_theta": 10000.0,
  "seq_length": 4096,
  "tensor_model_parallel_size": 2,
  "tie_word_embeddings": false,
  "torch_dtype": "float32",
  "use_cache": true,
  "use_fast_layer_norm": false,
  "vocab_size": 32000
}
, layer_idx=12)
[2026-04-17 15:25:36,965] [    INFO] pp_layers.py:899 - 14: DecoderLayerPipe(config=LlamaConfig {
  "_name_or_path": "meta-llama/Llama-2-13b-hf",
  "architectures": [
    "LlamaForCausalLM"
  ],
  "attention_bias": false,
  "attention_dropout": 0.0,
  "bos_token_id": 1,
  "enable_auto_parallel": false,
  "eos_token_id": 2,
  "fa_version": 3,
  "head_dim": 128,
  "hidden_act": "silu",
  "hidden_size": 5120,
  "initializer_range": 0.008068311858747157,
  "intermediate_size": 13824,
  "is_lora": false,
  "max_position_embeddings": 4096,
  "max_sequence_length": 4096,
  "mlp_bias": false,
  "model_type": "llama",
  "moe_group_origin": "dummy",
  "moe_rank": 0,
  "moe_router_bias_update_rate": 0.0,
  "moe_world_size": 1,
  "num_attention_heads": 40,
  "num_hidden_layers": 40,
  "num_key_value_heads": 40,
  "pad_token_id": 0,
  "paddleformers_version": "1.1.0.post20260417",
  "pipeline_model_parallel_size": 2,
  "pp_seg_method": "layer:DecoderLayer|EmptyLayer",
  "pretraining_tp": 2,
  "recompute_granularity": "full",
  "recompute_method": "uniform",
  "recompute_num_layers": 1,
  "rms_norm_eps": 1e-05,
  "rope_parameters": {
    "rope_theta": 10000.0,
    "rope_type": "default"
  },
  "rope_scaling": null,
  "rope_theta": 10000.0,
  "seq_length": 4096,
  "tensor_model_parallel_size": 2,
  "tie_word_embeddings": false,
  "torch_dtype": "float32",
  "use_cache": true,
  "use_fast_layer_norm": false,
  "vocab_size": 32000
}
, layer_idx=13)
[2026-04-17 15:25:36,966] [    INFO] pp_layers.py:899 - 15: DecoderLayerPipe(config=LlamaConfig {
  "_name_or_path": "meta-llama/Llama-2-13b-hf",
  "architectures": [
    "LlamaForCausalLM"
  ],
  "attention_bias": false,
  "attention_dropout": 0.0,
  "bos_token_id": 1,
  "enable_auto_parallel": false,
  "eos_token_id": 2,
  "fa_version": 3,
  "head_dim": 128,
  "hidden_act": "silu",
  "hidden_size": 5120,
  "initializer_range": 0.008068311858747157,
  "intermediate_size": 13824,
  "is_lora": false,
  "max_position_embeddings": 4096,
  "max_sequence_length": 4096,
  "mlp_bias": false,
  "model_type": "llama",
  "moe_group_origin": "dummy",
  "moe_rank": 0,
  "moe_router_bias_update_rate": 0.0,
  "moe_world_size": 1,
  "num_attention_heads": 40,
  "num_hidden_layers": 40,
  "num_key_value_heads": 40,
  "pad_token_id": 0,
  "paddleformers_version": "1.1.0.post20260417",
  "pipeline_model_parallel_size": 2,
  "pp_seg_method": "layer:DecoderLayer|EmptyLayer",
  "pretraining_tp": 2,
  "recompute_granularity": "full",
  "recompute_method": "uniform",
  "recompute_num_layers": 1,
  "rms_norm_eps": 1e-05,
  "rope_parameters": {
    "rope_theta": 10000.0,
    "rope_type": "default"
  },
  "rope_scaling": null,
  "rope_theta": 10000.0,
  "seq_length": 4096,
  "tensor_model_parallel_size": 2,
  "tie_word_embeddings": false,
  "torch_dtype": "float32",
  "use_cache": true,
  "use_fast_layer_norm": false,
  "vocab_size": 32000
}
, layer_idx=14)
[2026-04-17 15:25:36,968] [    INFO] pp_layers.py:899 - 16: DecoderLayerPipe(config=LlamaConfig {
  "_name_or_path": "meta-llama/Llama-2-13b-hf",
  "architectures": [
    "LlamaForCausalLM"
  ],
  "attention_bias": false,
  "attention_dropout": 0.0,
  "bos_token_id": 1,
  "enable_auto_parallel": false,
  "eos_token_id": 2,
  "fa_version": 3,
  "head_dim": 128,
  "hidden_act": "silu",
  "hidden_size": 5120,
  "initializer_range": 0.008068311858747157,
  "intermediate_size": 13824,
  "is_lora": false,
  "max_position_embeddings": 4096,
  "max_sequence_length": 4096,
  "mlp_bias": false,
  "model_type": "llama",
  "moe_group_origin": "dummy",
  "moe_rank": 0,
  "moe_router_bias_update_rate": 0.0,
  "moe_world_size": 1,
  "num_attention_heads": 40,
  "num_hidden_layers": 40,
  "num_key_value_heads": 40,
  "pad_token_id": 0,
  "paddleformers_version": "1.1.0.post20260417",
  "pipeline_model_parallel_size": 2,
  "pp_seg_method": "layer:DecoderLayer|EmptyLayer",
  "pretraining_tp": 2,
  "recompute_granularity": "full",
  "recompute_method": "uniform",
  "recompute_num_layers": 1,
  "rms_norm_eps": 1e-05,
  "rope_parameters": {
    "rope_theta": 10000.0,
    "rope_type": "default"
  },
  "rope_scaling": null,
  "rope_theta": 10000.0,
  "seq_length": 4096,
  "tensor_model_parallel_size": 2,
  "tie_word_embeddings": false,
  "torch_dtype": "float32",
  "use_cache": true,
  "use_fast_layer_norm": false,
  "vocab_size": 32000
}
, layer_idx=15)
[2026-04-17 15:25:36,969] [    INFO] pp_layers.py:899 - 17: DecoderLayerPipe(config=LlamaConfig {
  "_name_or_path": "meta-llama/Llama-2-13b-hf",
  "architectures": [
    "LlamaForCausalLM"
  ],
  "attention_bias": false,
  "attention_dropout": 0.0,
  "bos_token_id": 1,
  "enable_auto_parallel": false,
  "eos_token_id": 2,
  "fa_version": 3,
  "head_dim": 128,
  "hidden_act": "silu",
  "hidden_size": 5120,
  "initializer_range": 0.008068311858747157,
  "intermediate_size": 13824,
  "is_lora": false,
  "max_position_embeddings": 4096,
  "max_sequence_length": 4096,
  "mlp_bias": false,
  "model_type": "llama",
  "moe_group_origin": "dummy",
  "moe_rank": 0,
  "moe_router_bias_update_rate": 0.0,
  "moe_world_size": 1,
  "num_attention_heads": 40,
  "num_hidden_layers": 40,
  "num_key_value_heads": 40,
  "pad_token_id": 0,
  "paddleformers_version": "1.1.0.post20260417",
  "pipeline_model_parallel_size": 2,
  "pp_seg_method": "layer:DecoderLayer|EmptyLayer",
  "pretraining_tp": 2,
  "recompute_granularity": "full",
  "recompute_method": "uniform",
  "recompute_num_layers": 1,
  "rms_norm_eps": 1e-05,
  "rope_parameters": {
    "rope_theta": 10000.0,
    "rope_type": "default"
  },
  "rope_scaling": null,
  "rope_theta": 10000.0,
  "seq_length": 4096,
  "tensor_model_parallel_size": 2,
  "tie_word_embeddings": false,
  "torch_dtype": "float32",
  "use_cache": true,
  "use_fast_layer_norm": false,
  "vocab_size": 32000
}
, layer_idx=16)
[2026-04-17 15:25:36,970] [    INFO] pp_layers.py:899 - 18: DecoderLayerPipe(config=LlamaConfig {
  "_name_or_path": "meta-llama/Llama-2-13b-hf",
  "architectures": [
    "LlamaForCausalLM"
  ],
  "attention_bias": false,
  "attention_dropout": 0.0,
  "bos_token_id": 1,
  "enable_auto_parallel": false,
  "eos_token_id": 2,
  "fa_version": 3,
  "head_dim": 128,
  "hidden_act": "silu",
  "hidden_size": 5120,
  "initializer_range": 0.008068311858747157,
  "intermediate_size": 13824,
  "is_lora": false,
  "max_position_embeddings": 4096,
  "max_sequence_length": 4096,
  "mlp_bias": false,
  "model_type": "llama",
  "moe_group_origin": "dummy",
  "moe_rank": 0,
  "moe_router_bias_update_rate": 0.0,
  "moe_world_size": 1,
  "num_attention_heads": 40,
  "num_hidden_layers": 40,
  "num_key_value_heads": 40,
  "pad_token_id": 0,
  "paddleformers_version": "1.1.0.post20260417",
  "pipeline_model_parallel_size": 2,
  "pp_seg_method": "layer:DecoderLayer|EmptyLayer",
  "pretraining_tp": 2,
  "recompute_granularity": "full",
  "recompute_method": "uniform",
  "recompute_num_layers": 1,
  "rms_norm_eps": 1e-05,
  "rope_parameters": {
    "rope_theta": 10000.0,
    "rope_type": "default"
  },
  "rope_scaling": null,
  "rope_theta": 10000.0,
  "seq_length": 4096,
  "tensor_model_parallel_size": 2,
  "tie_word_embeddings": false,
  "torch_dtype": "float32",
  "use_cache": true,
  "use_fast_layer_norm": false,
  "vocab_size": 32000
}
, layer_idx=17)
[2026-04-17 15:25:36,971] [    INFO] pp_layers.py:899 - 19: DecoderLayerPipe(config=LlamaConfig {
  "_name_or_path": "meta-llama/Llama-2-13b-hf",
  "architectures": [
    "LlamaForCausalLM"
  ],
  "attention_bias": false,
  "attention_dropout": 0.0,
  "bos_token_id": 1,
  "enable_auto_parallel": false,
  "eos_token_id": 2,
  "fa_version": 3,
  "head_dim": 128,
  "hidden_act": "silu",
  "hidden_size": 5120,
  "initializer_range": 0.008068311858747157,
  "intermediate_size": 13824,
  "is_lora": false,
  "max_position_embeddings": 4096,
  "max_sequence_length": 4096,
  "mlp_bias": false,
  "model_type": "llama",
  "moe_group_origin": "dummy",
  "moe_rank": 0,
  "moe_router_bias_update_rate": 0.0,
  "moe_world_size": 1,
  "num_attention_heads": 40,
  "num_hidden_layers": 40,
  "num_key_value_heads": 40,
  "pad_token_id": 0,
  "paddleformers_version": "1.1.0.post20260417",
  "pipeline_model_parallel_size": 2,
  "pp_seg_method": "layer:DecoderLayer|EmptyLayer",
  "pretraining_tp": 2,
  "recompute_granularity": "full",
  "recompute_method": "uniform",
  "recompute_num_layers": 1,
  "rms_norm_eps": 1e-05,
  "rope_parameters": {
    "rope_theta": 10000.0,
    "rope_type": "default"
  },
  "rope_scaling": null,
  "rope_theta": 10000.0,
  "seq_length": 4096,
  "tensor_model_parallel_size": 2,
  "tie_word_embeddings": false,
  "torch_dtype": "float32",
  "use_cache": true,
  "use_fast_layer_norm": false,
  "vocab_size": 32000
}
, layer_idx=18)
[2026-04-17 15:25:36,972] [    INFO] pp_layers.py:899 - 20: DecoderLayerPipe(config=LlamaConfig {
  "_name_or_path": "meta-llama/Llama-2-13b-hf",
  "architectures": [
    "LlamaForCausalLM"
  ],
  "attention_bias": false,
  "attention_dropout": 0.0,
  "bos_token_id": 1,
  "enable_auto_parallel": false,
  "eos_token_id": 2,
  "fa_version": 3,
  "head_dim": 128,
  "hidden_act": "silu",
  "hidden_size": 5120,
  "initializer_range": 0.008068311858747157,
  "intermediate_size": 13824,
  "is_lora": false,
  "max_position_embeddings": 4096,
  "max_sequence_length": 4096,
  "mlp_bias": false,
  "model_type": "llama",
  "moe_group_origin": "dummy",
  "moe_rank": 0,
  "moe_router_bias_update_rate": 0.0,
  "moe_world_size": 1,
  "num_attention_heads": 40,
  "num_hidden_layers": 40,
  "num_key_value_heads": 40,
  "pad_token_id": 0,
  "paddleformers_version": "1.1.0.post20260417",
  "pipeline_model_parallel_size": 2,
  "pp_seg_method": "layer:DecoderLayer|EmptyLayer",
  "pretraining_tp": 2,
  "recompute_granularity": "full",
  "recompute_method": "uniform",
  "recompute_num_layers": 1,
  "rms_norm_eps": 1e-05,
  "rope_parameters": {
    "rope_theta": 10000.0,
    "rope_type": "default"
  },
  "rope_scaling": null,
  "rope_theta": 10000.0,
  "seq_length": 4096,
  "tensor_model_parallel_size": 2,
  "tie_word_embeddings": false,
  "torch_dtype": "float32",
  "use_cache": true,
  "use_fast_layer_norm": false,
  "vocab_size": 32000
}
, layer_idx=19)
[2026-04-17 15:25:36,972] [    INFO] pp_layers.py:894 - stage=1, global_rank=0 ,layer_number=22
[2026-04-17 15:25:36,973] [    INFO] pp_layers.py:899 - 21: DecoderLayerPipe(config=LlamaConfig {
  "_name_or_path": "meta-llama/Llama-2-13b-hf",
  "architectures": [
    "LlamaForCausalLM"
  ],
  "attention_bias": false,
  "attention_dropout": 0.0,
  "bos_token_id": 1,
  "enable_auto_parallel": false,
  "eos_token_id": 2,
  "fa_version": 3,
  "head_dim": 128,
  "hidden_act": "silu",
  "hidden_size": 5120,
  "initializer_range": 0.008068311858747157,
  "intermediate_size": 13824,
  "is_lora": false,
  "max_position_embeddings": 4096,
  "max_sequence_length": 4096,
  "mlp_bias": false,
  "model_type": "llama",
  "moe_group_origin": "dummy",
  "moe_rank": 0,
  "moe_router_bias_update_rate": 0.0,
  "moe_world_size": 1,
  "num_attention_heads": 40,
  "num_hidden_layers": 40,
  "num_key_value_heads": 40,
  "pad_token_id": 0,
  "paddleformers_version": "1.1.0.post20260417",
  "pipeline_model_parallel_size": 2,
  "pp_seg_method": "layer:DecoderLayer|EmptyLayer",
  "pretraining_tp": 2,
  "recompute_granularity": "full",
  "recompute_method": "uniform",
  "recompute_num_layers": 1,
  "rms_norm_eps": 1e-05,
  "rope_parameters": {
    "rope_theta": 10000.0,
    "rope_type": "default"
  },
  "rope_scaling": null,
  "rope_theta": 10000.0,
  "seq_length": 4096,
  "tensor_model_parallel_size": 2,
  "tie_word_embeddings": false,
  "torch_dtype": "float32",
  "use_cache": true,
  "use_fast_layer_norm": false,
  "vocab_size": 32000
}
, layer_idx=20)
[2026-04-17 15:25:36,974] [    INFO] pp_layers.py:899 - 22: DecoderLayerPipe(config=LlamaConfig {
  "_name_or_path": "meta-llama/Llama-2-13b-hf",
  "architectures": [
    "LlamaForCausalLM"
  ],
  "attention_bias": false,
  "attention_dropout": 0.0,
  "bos_token_id": 1,
  "enable_auto_parallel": false,
  "eos_token_id": 2,
  "fa_version": 3,
  "head_dim": 128,
  "hidden_act": "silu",
  "hidden_size": 5120,
  "initializer_range": 0.008068311858747157,
  "intermediate_size": 13824,
  "is_lora": false,
  "max_position_embeddings": 4096,
  "max_sequence_length": 4096,
  "mlp_bias": false,
  "model_type": "llama",
  "moe_group_origin": "dummy",
  "moe_rank": 0,
  "moe_router_bias_update_rate": 0.0,
  "moe_world_size": 1,
  "num_attention_heads": 40,
  "num_hidden_layers": 40,
  "num_key_value_heads": 40,
  "pad_token_id": 0,
  "paddleformers_version": "1.1.0.post20260417",
  "pipeline_model_parallel_size": 2,
  "pp_seg_method": "layer:DecoderLayer|EmptyLayer",
  "pretraining_tp": 2,
  "recompute_granularity": "full",
  "recompute_method": "uniform",
  "recompute_num_layers": 1,
  "rms_norm_eps": 1e-05,
  "rope_parameters": {
    "rope_theta": 10000.0,
    "rope_type": "default"
  },
  "rope_scaling": null,
  "rope_theta": 10000.0,
  "seq_length": 4096,
  "tensor_model_parallel_size": 2,
  "tie_word_embeddings": false,
  "torch_dtype": "float32",
  "use_cache": true,
  "use_fast_layer_norm": false,
  "vocab_size": 32000
}
, layer_idx=21)
[2026-04-17 15:25:36,975] [    INFO] pp_layers.py:899 - 23: DecoderLayerPipe(config=LlamaConfig {
  "_name_or_path": "meta-llama/Llama-2-13b-hf",
  "architectures": [
    "LlamaForCausalLM"
  ],
  "attention_bias": false,
  "attention_dropout": 0.0,
  "bos_token_id": 1,
  "enable_auto_parallel": false,
  "eos_token_id": 2,
  "fa_version": 3,
  "head_dim": 128,
  "hidden_act": "silu",
  "hidden_size": 5120,
  "initializer_range": 0.008068311858747157,
  "intermediate_size": 13824,
  "is_lora": false,
  "max_position_embeddings": 4096,
  "max_sequence_length": 4096,
  "mlp_bias": false,
  "model_type": "llama",
  "moe_group_origin": "dummy",
  "moe_rank": 0,
  "moe_router_bias_update_rate": 0.0,
  "moe_world_size": 1,
  "num_attention_heads": 40,
  "num_hidden_layers": 40,
  "num_key_value_heads": 40,
  "pad_token_id": 0,
  "paddleformers_version": "1.1.0.post20260417",
  "pipeline_model_parallel_size": 2,
  "pp_seg_method": "layer:DecoderLayer|EmptyLayer",
  "pretraining_tp": 2,
  "recompute_granularity": "full",
  "recompute_method": "uniform",
  "recompute_num_layers": 1,
  "rms_norm_eps": 1e-05,
  "rope_parameters": {
    "rope_theta": 10000.0,
    "rope_type": "default"
  },
  "rope_scaling": null,
  "rope_theta": 10000.0,
  "seq_length": 4096,
  "tensor_model_parallel_size": 2,
  "tie_word_embeddings": false,
  "torch_dtype": "float32",
  "use_cache": true,
  "use_fast_layer_norm": false,
  "vocab_size": 32000
}
, layer_idx=22)
[2026-04-17 15:25:36,977] [    INFO] pp_layers.py:899 - 24: DecoderLayerPipe(config=LlamaConfig {
  "_name_or_path": "meta-llama/Llama-2-13b-hf",
  "architectures": [
    "LlamaForCausalLM"
  ],
  "attention_bias": false,
  "attention_dropout": 0.0,
  "bos_token_id": 1,
  "enable_auto_parallel": false,
  "eos_token_id": 2,
  "fa_version": 3,
  "head_dim": 128,
  "hidden_act": "silu",
  "hidden_size": 5120,
  "initializer_range": 0.008068311858747157,
  "intermediate_size": 13824,
  "is_lora": false,
  "max_position_embeddings": 4096,
  "max_sequence_length": 4096,
  "mlp_bias": false,
  "model_type": "llama",
  "moe_group_origin": "dummy",
  "moe_rank": 0,
  "moe_router_bias_update_rate": 0.0,
  "moe_world_size": 1,
  "num_attention_heads": 40,
  "num_hidden_layers": 40,
  "num_key_value_heads": 40,
  "pad_token_id": 0,
  "paddleformers_version": "1.1.0.post20260417",
  "pipeline_model_parallel_size": 2,
  "pp_seg_method": "layer:DecoderLayer|EmptyLayer",
  "pretraining_tp": 2,
  "recompute_granularity": "full",
  "recompute_method": "uniform",
  "recompute_num_layers": 1,
  "rms_norm_eps": 1e-05,
  "rope_parameters": {
    "rope_theta": 10000.0,
    "rope_type": "default"
  },
  "rope_scaling": null,
  "rope_theta": 10000.0,
  "seq_length": 4096,
  "tensor_model_parallel_size": 2,
  "tie_word_embeddings": false,
  "torch_dtype": "float32",
  "use_cache": true,
  "use_fast_layer_norm": false,
  "vocab_size": 32000
}
, layer_idx=23)
[2026-04-17 15:25:36,978] [    INFO] pp_layers.py:899 - 25: DecoderLayerPipe(config=LlamaConfig {
  "_name_or_path": "meta-llama/Llama-2-13b-hf",
  "architectures": [
    "LlamaForCausalLM"
  ],
  "attention_bias": false,
  "attention_dropout": 0.0,
  "bos_token_id": 1,
  "enable_auto_parallel": false,
  "eos_token_id": 2,
  "fa_version": 3,
  "head_dim": 128,
  "hidden_act": "silu",
  "hidden_size": 5120,
  "initializer_range": 0.008068311858747157,
  "intermediate_size": 13824,
  "is_lora": false,
  "max_position_embeddings": 4096,
  "max_sequence_length": 4096,
  "mlp_bias": false,
  "model_type": "llama",
  "moe_group_origin": "dummy",
  "moe_rank": 0,
  "moe_router_bias_update_rate": 0.0,
  "moe_world_size": 1,
  "num_attention_heads": 40,
  "num_hidden_layers": 40,
  "num_key_value_heads": 40,
  "pad_token_id": 0,
  "paddleformers_version": "1.1.0.post20260417",
  "pipeline_model_parallel_size": 2,
  "pp_seg_method": "layer:DecoderLayer|EmptyLayer",
  "pretraining_tp": 2,
  "recompute_granularity": "full",
  "recompute_method": "uniform",
  "recompute_num_layers": 1,
  "rms_norm_eps": 1e-05,
  "rope_parameters": {
    "rope_theta": 10000.0,
    "rope_type": "default"
  },
  "rope_scaling": null,
  "rope_theta": 10000.0,
  "seq_length": 4096,
  "tensor_model_parallel_size": 2,
  "tie_word_embeddings": false,
  "torch_dtype": "float32",
  "use_cache": true,
  "use_fast_layer_norm": false,
  "vocab_size": 32000
}
, layer_idx=24)
[2026-04-17 15:25:36,979] [    INFO] pp_layers.py:899 - 26: DecoderLayerPipe(config=LlamaConfig {
  "_name_or_path": "meta-llama/Llama-2-13b-hf",
  "architectures": [
    "LlamaForCausalLM"
  ],
  "attention_bias": false,
  "attention_dropout": 0.0,
  "bos_token_id": 1,
  "enable_auto_parallel": false,
  "eos_token_id": 2,
  "fa_version": 3,
  "head_dim": 128,
  "hidden_act": "silu",
  "hidden_size": 5120,
  "initializer_range": 0.008068311858747157,
  "intermediate_size": 13824,
  "is_lora": false,
  "max_position_embeddings": 4096,
  "max_sequence_length": 4096,
  "mlp_bias": false,
  "model_type": "llama",
  "moe_group_origin": "dummy",
  "moe_rank": 0,
  "moe_router_bias_update_rate": 0.0,
  "moe_world_size": 1,
  "num_attention_heads": 40,
  "num_hidden_layers": 40,
  "num_key_value_heads": 40,
  "pad_token_id": 0,
  "paddleformers_version": "1.1.0.post20260417",
  "pipeline_model_parallel_size": 2,
  "pp_seg_method": "layer:DecoderLayer|EmptyLayer",
  "pretraining_tp": 2,
  "recompute_granularity": "full",
  "recompute_method": "uniform",
  "recompute_num_layers": 1,
  "rms_norm_eps": 1e-05,
  "rope_parameters": {
    "rope_theta": 10000.0,
    "rope_type": "default"
  },
  "rope_scaling": null,
  "rope_theta": 10000.0,
  "seq_length": 4096,
  "tensor_model_parallel_size": 2,
  "tie_word_embeddings": false,
  "torch_dtype": "float32",
  "use_cache": true,
  "use_fast_layer_norm": false,
  "vocab_size": 32000
}
, layer_idx=25)
[2026-04-17 15:25:36,980] [    INFO] pp_layers.py:899 - 27: DecoderLayerPipe(config=LlamaConfig {
  "_name_or_path": "meta-llama/Llama-2-13b-hf",
  "architectures": [
    "LlamaForCausalLM"
  ],
  "attention_bias": false,
  "attention_dropout": 0.0,
  "bos_token_id": 1,
  "enable_auto_parallel": false,
  "eos_token_id": 2,
  "fa_version": 3,
  "head_dim": 128,
  "hidden_act": "silu",
  "hidden_size": 5120,
  "initializer_range": 0.008068311858747157,
  "intermediate_size": 13824,
  "is_lora": false,
  "max_position_embeddings": 4096,
  "max_sequence_length": 4096,
  "mlp_bias": false,
  "model_type": "llama",
  "moe_group_origin": "dummy",
  "moe_rank": 0,
  "moe_router_bias_update_rate": 0.0,
  "moe_world_size": 1,
  "num_attention_heads": 40,
  "num_hidden_layers": 40,
  "num_key_value_heads": 40,
  "pad_token_id": 0,
  "paddleformers_version": "1.1.0.post20260417",
  "pipeline_model_parallel_size": 2,
  "pp_seg_method": "layer:DecoderLayer|EmptyLayer",
  "pretraining_tp": 2,
  "recompute_granularity": "full",
  "recompute_method": "uniform",
  "recompute_num_layers": 1,
  "rms_norm_eps": 1e-05,
  "rope_parameters": {
    "rope_theta": 10000.0,
    "rope_type": "default"
  },
  "rope_scaling": null,
  "rope_theta": 10000.0,
  "seq_length": 4096,
  "tensor_model_parallel_size": 2,
  "tie_word_embeddings": false,
  "torch_dtype": "float32",
  "use_cache": true,
  "use_fast_layer_norm": false,
  "vocab_size": 32000
}
, layer_idx=26)
[2026-04-17 15:25:36,981] [    INFO] pp_layers.py:899 - 28: DecoderLayerPipe(config=LlamaConfig {
  "_name_or_path": "meta-llama/Llama-2-13b-hf",
  "architectures": [
    "LlamaForCausalLM"
  ],
  "attention_bias": false,
  "attention_dropout": 0.0,
  "bos_token_id": 1,
  "enable_auto_parallel": false,
  "eos_token_id": 2,
  "fa_version": 3,
  "head_dim": 128,
  "hidden_act": "silu",
  "hidden_size": 5120,
  "initializer_range": 0.008068311858747157,
  "intermediate_size": 13824,
  "is_lora": false,
  "max_position_embeddings": 4096,
  "max_sequence_length": 4096,
  "mlp_bias": false,
  "model_type": "llama",
  "moe_group_origin": "dummy",
  "moe_rank": 0,
  "moe_router_bias_update_rate": 0.0,
  "moe_world_size": 1,
  "num_attention_heads": 40,
  "num_hidden_layers": 40,
  "num_key_value_heads": 40,
  "pad_token_id": 0,
  "paddleformers_version": "1.1.0.post20260417",
  "pipeline_model_parallel_size": 2,
  "pp_seg_method": "layer:DecoderLayer|EmptyLayer",
  "pretraining_tp": 2,
  "recompute_granularity": "full",
  "recompute_method": "uniform",
  "recompute_num_layers": 1,
  "rms_norm_eps": 1e-05,
  "rope_parameters": {
    "rope_theta": 10000.0,
    "rope_type": "default"
  },
  "rope_scaling": null,
  "rope_theta": 10000.0,
  "seq_length": 4096,
  "tensor_model_parallel_size": 2,
  "tie_word_embeddings": false,
  "torch_dtype": "float32",
  "use_cache": true,
  "use_fast_layer_norm": false,
  "vocab_size": 32000
}
, layer_idx=27)
[2026-04-17 15:25:36,982] [    INFO] pp_layers.py:899 - 29: DecoderLayerPipe(config=LlamaConfig {
  "_name_or_path": "meta-llama/Llama-2-13b-hf",
  "architectures": [
    "LlamaForCausalLM"
  ],
  "attention_bias": false,
  "attention_dropout": 0.0,
  "bos_token_id": 1,
  "enable_auto_parallel": false,
  "eos_token_id": 2,
  "fa_version": 3,
  "head_dim": 128,
  "hidden_act": "silu",
  "hidden_size": 5120,
  "initializer_range": 0.008068311858747157,
  "intermediate_size": 13824,
  "is_lora": false,
  "max_position_embeddings": 4096,
  "max_sequence_length": 4096,
  "mlp_bias": false,
  "model_type": "llama",
  "moe_group_origin": "dummy",
  "moe_rank": 0,
  "moe_router_bias_update_rate": 0.0,
  "moe_world_size": 1,
  "num_attention_heads": 40,
  "num_hidden_layers": 40,
  "num_key_value_heads": 40,
  "pad_token_id": 0,
  "paddleformers_version": "1.1.0.post20260417",
  "pipeline_model_parallel_size": 2,
  "pp_seg_method": "layer:DecoderLayer|EmptyLayer",
  "pretraining_tp": 2,
  "recompute_granularity": "full",
  "recompute_method": "uniform",
  "recompute_num_layers": 1,
  "rms_norm_eps": 1e-05,
  "rope_parameters": {
    "rope_theta": 10000.0,
    "rope_type": "default"
  },
  "rope_scaling": null,
  "rope_theta": 10000.0,
  "seq_length": 4096,
  "tensor_model_parallel_size": 2,
  "tie_word_embeddings": false,
  "torch_dtype": "float32",
  "use_cache": true,
  "use_fast_layer_norm": false,
  "vocab_size": 32000
}
, layer_idx=28)
[2026-04-17 15:25:36,983] [    INFO] pp_layers.py:899 - 30: DecoderLayerPipe(config=LlamaConfig {
  "_name_or_path": "meta-llama/Llama-2-13b-hf",
  "architectures": [
    "LlamaForCausalLM"
  ],
  "attention_bias": false,
  "attention_dropout": 0.0,
  "bos_token_id": 1,
  "enable_auto_parallel": false,
  "eos_token_id": 2,
  "fa_version": 3,
  "head_dim": 128,
  "hidden_act": "silu",
  "hidden_size": 5120,
  "initializer_range": 0.008068311858747157,
  "intermediate_size": 13824,
  "is_lora": false,
  "max_position_embeddings": 4096,
  "max_sequence_length": 4096,
  "mlp_bias": false,
  "model_type": "llama",
  "moe_group_origin": "dummy",
  "moe_rank": 0,
  "moe_router_bias_update_rate": 0.0,
  "moe_world_size": 1,
  "num_attention_heads": 40,
  "num_hidden_layers": 40,
  "num_key_value_heads": 40,
  "pad_token_id": 0,
  "paddleformers_version": "1.1.0.post20260417",
  "pipeline_model_parallel_size": 2,
  "pp_seg_method": "layer:DecoderLayer|EmptyLayer",
  "pretraining_tp": 2,
  "recompute_granularity": "full",
  "recompute_method": "uniform",
  "recompute_num_layers": 1,
  "rms_norm_eps": 1e-05,
  "rope_parameters": {
    "rope_theta": 10000.0,
    "rope_type": "default"
  },
  "rope_scaling": null,
  "rope_theta": 10000.0,
  "seq_length": 4096,
  "tensor_model_parallel_size": 2,
  "tie_word_embeddings": false,
  "torch_dtype": "float32",
  "use_cache": true,
  "use_fast_layer_norm": false,
  "vocab_size": 32000
}
, layer_idx=29)
[2026-04-17 15:25:36,985] [    INFO] pp_layers.py:899 - 31: DecoderLayerPipe(config=LlamaConfig {
  "_name_or_path": "meta-llama/Llama-2-13b-hf",
  "architectures": [
    "LlamaForCausalLM"
  ],
  "attention_bias": false,
  "attention_dropout": 0.0,
  "bos_token_id": 1,
  "enable_auto_parallel": false,
  "eos_token_id": 2,
  "fa_version": 3,
  "head_dim": 128,
  "hidden_act": "silu",
  "hidden_size": 5120,
  "initializer_range": 0.008068311858747157,
  "intermediate_size": 13824,
  "is_lora": false,
  "max_position_embeddings": 4096,
  "max_sequence_length": 4096,
  "mlp_bias": false,
  "model_type": "llama",
  "moe_group_origin": "dummy",
  "moe_rank": 0,
  "moe_router_bias_update_rate": 0.0,
  "moe_world_size": 1,
  "num_attention_heads": 40,
  "num_hidden_layers": 40,
  "num_key_value_heads": 40,
  "pad_token_id": 0,
  "paddleformers_version": "1.1.0.post20260417",
  "pipeline_model_parallel_size": 2,
  "pp_seg_method": "layer:DecoderLayer|EmptyLayer",
  "pretraining_tp": 2,
  "recompute_granularity": "full",
  "recompute_method": "uniform",
  "recompute_num_layers": 1,
  "rms_norm_eps": 1e-05,
  "rope_parameters": {
    "rope_theta": 10000.0,
    "rope_type": "default"
  },
  "rope_scaling": null,
  "rope_theta": 10000.0,
  "seq_length": 4096,
  "tensor_model_parallel_size": 2,
  "tie_word_embeddings": false,
  "torch_dtype": "float32",
  "use_cache": true,
  "use_fast_layer_norm": false,
  "vocab_size": 32000
}
, layer_idx=30)
[2026-04-17 15:25:36,986] [    INFO] pp_layers.py:899 - 32: DecoderLayerPipe(config=LlamaConfig {
  "_name_or_path": "meta-llama/Llama-2-13b-hf",
  "architectures": [
    "LlamaForCausalLM"
  ],
  "attention_bias": false,
  "attention_dropout": 0.0,
  "bos_token_id": 1,
  "enable_auto_parallel": false,
  "eos_token_id": 2,
  "fa_version": 3,
  "head_dim": 128,
  "hidden_act": "silu",
  "hidden_size": 5120,
  "initializer_range": 0.008068311858747157,
  "intermediate_size": 13824,
  "is_lora": false,
  "max_position_embeddings": 4096,
  "max_sequence_length": 4096,
  "mlp_bias": false,
  "model_type": "llama",
  "moe_group_origin": "dummy",
  "moe_rank": 0,
  "moe_router_bias_update_rate": 0.0,
  "moe_world_size": 1,
  "num_attention_heads": 40,
  "num_hidden_layers": 40,
  "num_key_value_heads": 40,
  "pad_token_id": 0,
  "paddleformers_version": "1.1.0.post20260417",
  "pipeline_model_parallel_size": 2,
  "pp_seg_method": "layer:DecoderLayer|EmptyLayer",
  "pretraining_tp": 2,
  "recompute_granularity": "full",
  "recompute_method": "uniform",
  "recompute_num_layers": 1,
  "rms_norm_eps": 1e-05,
  "rope_parameters": {
    "rope_theta": 10000.0,
    "rope_type": "default"
  },
  "rope_scaling": null,
  "rope_theta": 10000.0,
  "seq_length": 4096,
  "tensor_model_parallel_size": 2,
  "tie_word_embeddings": false,
  "torch_dtype": "float32",
  "use_cache": true,
  "use_fast_layer_norm": false,
  "vocab_size": 32000
}
, layer_idx=31)
[2026-04-17 15:25:36,987] [    INFO] pp_layers.py:899 - 33: DecoderLayerPipe(config=LlamaConfig {
  "_name_or_path": "meta-llama/Llama-2-13b-hf",
  "architectures": [
    "LlamaForCausalLM"
  ],
  "attention_bias": false,
  "attention_dropout": 0.0,
  "bos_token_id": 1,
  "enable_auto_parallel": false,
  "eos_token_id": 2,
  "fa_version": 3,
  "head_dim": 128,
  "hidden_act": "silu",
  "hidden_size": 5120,
  "initializer_range": 0.008068311858747157,
  "intermediate_size": 13824,
  "is_lora": false,
  "max_position_embeddings": 4096,
  "max_sequence_length": 4096,
  "mlp_bias": false,
  "model_type": "llama",
  "moe_group_origin": "dummy",
  "moe_rank": 0,
  "moe_router_bias_update_rate": 0.0,
  "moe_world_size": 1,
  "num_attention_heads": 40,
  "num_hidden_layers": 40,
  "num_key_value_heads": 40,
  "pad_token_id": 0,
  "paddleformers_version": "1.1.0.post20260417",
  "pipeline_model_parallel_size": 2,
  "pp_seg_method": "layer:DecoderLayer|EmptyLayer",
  "pretraining_tp": 2,
  "recompute_granularity": "full",
  "recompute_method": "uniform",
  "recompute_num_layers": 1,
  "rms_norm_eps": 1e-05,
  "rope_parameters": {
    "rope_theta": 10000.0,
    "rope_type": "default"
  },
  "rope_scaling": null,
  "rope_theta": 10000.0,
  "seq_length": 4096,
  "tensor_model_parallel_size": 2,
  "tie_word_embeddings": false,
  "torch_dtype": "float32",
  "use_cache": true,
  "use_fast_layer_norm": false,
  "vocab_size": 32000
}
, layer_idx=32)
[2026-04-17 15:25:36,988] [    INFO] pp_layers.py:899 - 34: DecoderLayerPipe(config=LlamaConfig {
  "_name_or_path": "meta-llama/Llama-2-13b-hf",
  "architectures": [
    "LlamaForCausalLM"
  ],
  "attention_bias": false,
  "attention_dropout": 0.0,
  "bos_token_id": 1,
  "enable_auto_parallel": false,
  "eos_token_id": 2,
  "fa_version": 3,
  "head_dim": 128,
  "hidden_act": "silu",
  "hidden_size": 5120,
  "initializer_range": 0.008068311858747157,
  "intermediate_size": 13824,
  "is_lora": false,
  "max_position_embeddings": 4096,
  "max_sequence_length": 4096,
  "mlp_bias": false,
  "model_type": "llama",
  "moe_group_origin": "dummy",
  "moe_rank": 0,
  "moe_router_bias_update_rate": 0.0,
  "moe_world_size": 1,
  "num_attention_heads": 40,
  "num_hidden_layers": 40,
  "num_key_value_heads": 40,
  "pad_token_id": 0,
  "paddleformers_version": "1.1.0.post20260417",
  "pipeline_model_parallel_size": 2,
  "pp_seg_method": "layer:DecoderLayer|EmptyLayer",
  "pretraining_tp": 2,
  "recompute_granularity": "full",
  "recompute_method": "uniform",
  "recompute_num_layers": 1,
  "rms_norm_eps": 1e-05,
  "rope_parameters": {
    "rope_theta": 10000.0,
    "rope_type": "default"
  },
  "rope_scaling": null,
  "rope_theta": 10000.0,
  "seq_length": 4096,
  "tensor_model_parallel_size": 2,
  "tie_word_embeddings": false,
  "torch_dtype": "float32",
  "use_cache": true,
  "use_fast_layer_norm": false,
  "vocab_size": 32000
}
, layer_idx=33)
[2026-04-17 15:25:36,989] [    INFO] pp_layers.py:899 - 35: DecoderLayerPipe(config=LlamaConfig {
  "_name_or_path": "meta-llama/Llama-2-13b-hf",
  "architectures": [
    "LlamaForCausalLM"
  ],
  "attention_bias": false,
  "attention_dropout": 0.0,
  "bos_token_id": 1,
  "enable_auto_parallel": false,
  "eos_token_id": 2,
  "fa_version": 3,
  "head_dim": 128,
  "hidden_act": "silu",
  "hidden_size": 5120,
  "initializer_range": 0.008068311858747157,
  "intermediate_size": 13824,
  "is_lora": false,
  "max_position_embeddings": 4096,
  "max_sequence_length": 4096,
  "mlp_bias": false,
  "model_type": "llama",
  "moe_group_origin": "dummy",
  "moe_rank": 0,
  "moe_router_bias_update_rate": 0.0,
  "moe_world_size": 1,
  "num_attention_heads": 40,
  "num_hidden_layers": 40,
  "num_key_value_heads": 40,
  "pad_token_id": 0,
  "paddleformers_version": "1.1.0.post20260417",
  "pipeline_model_parallel_size": 2,
  "pp_seg_method": "layer:DecoderLayer|EmptyLayer",
  "pretraining_tp": 2,
  "recompute_granularity": "full",
  "recompute_method": "uniform",
  "recompute_num_layers": 1,
  "rms_norm_eps": 1e-05,
  "rope_parameters": {
    "rope_theta": 10000.0,
    "rope_type": "default"
  },
  "rope_scaling": null,
  "rope_theta": 10000.0,
  "seq_length": 4096,
  "tensor_model_parallel_size": 2,
  "tie_word_embeddings": false,
  "torch_dtype": "float32",
  "use_cache": true,
  "use_fast_layer_norm": false,
  "vocab_size": 32000
}
, layer_idx=34)
[2026-04-17 15:25:36,990] [    INFO] pp_layers.py:899 - 36: DecoderLayerPipe(config=LlamaConfig {
  "_name_or_path": "meta-llama/Llama-2-13b-hf",
  "architectures": [
    "LlamaForCausalLM"
  ],
  "attention_bias": false,
  "attention_dropout": 0.0,
  "bos_token_id": 1,
  "enable_auto_parallel": false,
  "eos_token_id": 2,
  "fa_version": 3,
  "head_dim": 128,
  "hidden_act": "silu",
  "hidden_size": 5120,
  "initializer_range": 0.008068311858747157,
  "intermediate_size": 13824,
  "is_lora": false,
  "max_position_embeddings": 4096,
  "max_sequence_length": 4096,
  "mlp_bias": false,
  "model_type": "llama",
  "moe_group_origin": "dummy",
  "moe_rank": 0,
  "moe_router_bias_update_rate": 0.0,
  "moe_world_size": 1,
  "num_attention_heads": 40,
  "num_hidden_layers": 40,
  "num_key_value_heads": 40,
  "pad_token_id": 0,
  "paddleformers_version": "1.1.0.post20260417",
  "pipeline_model_parallel_size": 2,
  "pp_seg_method": "layer:DecoderLayer|EmptyLayer",
  "pretraining_tp": 2,
  "recompute_granularity": "full",
  "recompute_method": "uniform",
  "recompute_num_layers": 1,
  "rms_norm_eps": 1e-05,
  "rope_parameters": {
    "rope_theta": 10000.0,
    "rope_type": "default"
  },
  "rope_scaling": null,
  "rope_theta": 10000.0,
  "seq_length": 4096,
  "tensor_model_parallel_size": 2,
  "tie_word_embeddings": false,
  "torch_dtype": "float32",
  "use_cache": true,
  "use_fast_layer_norm": false,
  "vocab_size": 32000
}
, layer_idx=35)
[2026-04-17 15:25:36,991] [    INFO] pp_layers.py:899 - 37: DecoderLayerPipe(config=LlamaConfig {
  "_name_or_path": "meta-llama/Llama-2-13b-hf",
  "architectures": [
    "LlamaForCausalLM"
  ],
  "attention_bias": false,
  "attention_dropout": 0.0,
  "bos_token_id": 1,
  "enable_auto_parallel": false,
  "eos_token_id": 2,
  "fa_version": 3,
  "head_dim": 128,
  "hidden_act": "silu",
  "hidden_size": 5120,
  "initializer_range": 0.008068311858747157,
  "intermediate_size": 13824,
  "is_lora": false,
  "max_position_embeddings": 4096,
  "max_sequence_length": 4096,
  "mlp_bias": false,
  "model_type": "llama",
  "moe_group_origin": "dummy",
  "moe_rank": 0,
  "moe_router_bias_update_rate": 0.0,
  "moe_world_size": 1,
  "num_attention_heads": 40,
  "num_hidden_layers": 40,
  "num_key_value_heads": 40,
  "pad_token_id": 0,
  "paddleformers_version": "1.1.0.post20260417",
  "pipeline_model_parallel_size": 2,
  "pp_seg_method": "layer:DecoderLayer|EmptyLayer",
  "pretraining_tp": 2,
  "recompute_granularity": "full",
  "recompute_method": "uniform",
  "recompute_num_layers": 1,
  "rms_norm_eps": 1e-05,
  "rope_parameters": {
    "rope_theta": 10000.0,
    "rope_type": "default"
  },
  "rope_scaling": null,
  "rope_theta": 10000.0,
  "seq_length": 4096,
  "tensor_model_parallel_size": 2,
  "tie_word_embeddings": false,
  "torch_dtype": "float32",
  "use_cache": true,
  "use_fast_layer_norm": false,
  "vocab_size": 32000
}
, layer_idx=36)
[2026-04-17 15:25:36,992] [    INFO] pp_layers.py:899 - 38: DecoderLayerPipe(config=LlamaConfig {
  "_name_or_path": "meta-llama/Llama-2-13b-hf",
  "architectures": [
    "LlamaForCausalLM"
  ],
  "attention_bias": false,
  "attention_dropout": 0.0,
  "bos_token_id": 1,
  "enable_auto_parallel": false,
  "eos_token_id": 2,
  "fa_version": 3,
  "head_dim": 128,
  "hidden_act": "silu",
  "hidden_size": 5120,
  "initializer_range": 0.008068311858747157,
  "intermediate_size": 13824,
  "is_lora": false,
  "max_position_embeddings": 4096,
  "max_sequence_length": 4096,
  "mlp_bias": false,
  "model_type": "llama",
  "moe_group_origin": "dummy",
  "moe_rank": 0,
  "moe_router_bias_update_rate": 0.0,
  "moe_world_size": 1,
  "num_attention_heads": 40,
  "num_hidden_layers": 40,
  "num_key_value_heads": 40,
  "pad_token_id": 0,
  "paddleformers_version": "1.1.0.post20260417",
  "pipeline_model_parallel_size": 2,
  "pp_seg_method": "layer:DecoderLayer|EmptyLayer",
  "pretraining_tp": 2,
  "recompute_granularity": "full",
  "recompute_method": "uniform",
  "recompute_num_layers": 1,
  "rms_norm_eps": 1e-05,
  "rope_parameters": {
    "rope_theta": 10000.0,
    "rope_type": "default"
  },
  "rope_scaling": null,
  "rope_theta": 10000.0,
  "seq_length": 4096,
  "tensor_model_parallel_size": 2,
  "tie_word_embeddings": false,
  "torch_dtype": "float32",
  "use_cache": true,
  "use_fast_layer_norm": false,
  "vocab_size": 32000
}
, layer_idx=37)
[2026-04-17 15:25:36,994] [    INFO] pp_layers.py:899 - 39: DecoderLayerPipe(config=LlamaConfig {
  "_name_or_path": "meta-llama/Llama-2-13b-hf",
  "architectures": [
    "LlamaForCausalLM"
  ],
  "attention_bias": false,
  "attention_dropout": 0.0,
  "bos_token_id": 1,
  "enable_auto_parallel": false,
  "eos_token_id": 2,
  "fa_version": 3,
  "head_dim": 128,
  "hidden_act": "silu",
  "hidden_size": 5120,
  "initializer_range": 0.008068311858747157,
  "intermediate_size": 13824,
  "is_lora": false,
  "max_position_embeddings": 4096,
  "max_sequence_length": 4096,
  "mlp_bias": false,
  "model_type": "llama",
  "moe_group_origin": "dummy",
  "moe_rank": 0,
  "moe_router_bias_update_rate": 0.0,
  "moe_world_size": 1,
  "num_attention_heads": 40,
  "num_hidden_layers": 40,
  "num_key_value_heads": 40,
  "pad_token_id": 0,
  "paddleformers_version": "1.1.0.post20260417",
  "pipeline_model_parallel_size": 2,
  "pp_seg_method": "layer:DecoderLayer|EmptyLayer",
  "pretraining_tp": 2,
  "recompute_granularity": "full",
  "recompute_method": "uniform",
  "recompute_num_layers": 1,
  "rms_norm_eps": 1e-05,
  "rope_parameters": {
    "rope_theta": 10000.0,
    "rope_type": "default"
  },
  "rope_scaling": null,
  "rope_theta": 10000.0,
  "seq_length": 4096,
  "tensor_model_parallel_size": 2,
  "tie_word_embeddings": false,
  "torch_dtype": "float32",
  "use_cache": true,
  "use_fast_layer_norm": false,
  "vocab_size": 32000
}
, layer_idx=38)
[2026-04-17 15:25:36,995] [    INFO] pp_layers.py:899 - 40: DecoderLayerPipe(config=LlamaConfig {
  "_name_or_path": "meta-llama/Llama-2-13b-hf",
  "architectures": [
    "LlamaForCausalLM"
  ],
  "attention_bias": false,
  "attention_dropout": 0.0,
  "bos_token_id": 1,
  "enable_auto_parallel": false,
  "eos_token_id": 2,
  "fa_version": 3,
  "head_dim": 128,
  "hidden_act": "silu",
  "hidden_size": 5120,
  "initializer_range": 0.008068311858747157,
  "intermediate_size": 13824,
  "is_lora": false,
  "max_position_embeddings": 4096,
  "max_sequence_length": 4096,
  "mlp_bias": false,
  "model_type": "llama",
  "moe_group_origin": "dummy",
  "moe_rank": 0,
  "moe_router_bias_update_rate": 0.0,
  "moe_world_size": 1,
  "num_attention_heads": 40,
  "num_hidden_layers": 40,
  "num_key_value_heads": 40,
  "pad_token_id": 0,
  "paddleformers_version": "1.1.0.post20260417",
  "pipeline_model_parallel_size": 2,
  "pp_seg_method": "layer:DecoderLayer|EmptyLayer",
  "pretraining_tp": 2,
  "recompute_granularity": "full",
  "recompute_method": "uniform",
  "recompute_num_layers": 1,
  "rms_norm_eps": 1e-05,
  "rope_parameters": {
    "rope_theta": 10000.0,
    "rope_type": "default"
  },
  "rope_scaling": null,
  "rope_theta": 10000.0,
  "seq_length": 4096,
  "tensor_model_parallel_size": 2,
  "tie_word_embeddings": false,
  "torch_dtype": "float32",
  "use_cache": true,
  "use_fast_layer_norm": false,
  "vocab_size": 32000
}
, layer_idx=39)
[2026-04-17 15:25:36,996] [    INFO] pp_layers.py:899 - 41: RMSNormPipe(config=LlamaConfig {
  "_name_or_path": "meta-llama/Llama-2-13b-hf",
  "architectures": [
    "LlamaForCausalLM"
  ],
  "attention_bias": false,
  "attention_dropout": 0.0,
  "bos_token_id": 1,
  "enable_auto_parallel": false,
  "eos_token_id": 2,
  "fa_version": 3,
  "head_dim": 128,
  "hidden_act": "silu",
  "hidden_size": 5120,
  "initializer_range": 0.008068311858747157,
  "intermediate_size": 13824,
  "is_lora": false,
  "max_position_embeddings": 4096,
  "max_sequence_length": 4096,
  "mlp_bias": false,
  "model_type": "llama",
  "moe_group_origin": "dummy",
  "moe_rank": 0,
  "moe_router_bias_update_rate": 0.0,
  "moe_world_size": 1,
  "num_attention_heads": 40,
  "num_hidden_layers": 40,
  "num_key_value_heads": 40,
  "pad_token_id": 0,
  "paddleformers_version": "1.1.0.post20260417",
  "pipeline_model_parallel_size": 2,
  "pp_seg_method": "layer:DecoderLayer|EmptyLayer",
  "pretraining_tp": 2,
  "recompute_granularity": "full",
  "recompute_method": "uniform",
  "recompute_num_layers": 1,
  "rms_norm_eps": 1e-05,
  "rope_parameters": {
    "rope_theta": 10000.0,
    "rope_type": "default"
  },
  "rope_scaling": null,
  "rope_theta": 10000.0,
  "seq_length": 4096,
  "tensor_model_parallel_size": 2,
  "tie_word_embeddings": false,
  "torch_dtype": "float32",
  "use_cache": true,
  "use_fast_layer_norm": false,
  "vocab_size": 32000
}
)
[2026-04-17 15:25:36,997] [    INFO] pp_layers.py:899 - 42: LMHeadPipe(config=LlamaConfig {
  "_name_or_path": "meta-llama/Llama-2-13b-hf",
  "architectures": [
    "LlamaForCausalLM"
  ],
  "attention_bias": false,
  "attention_dropout": 0.0,
  "bos_token_id": 1,
  "enable_auto_parallel": false,
  "eos_token_id": 2,
  "fa_version": 3,
  "head_dim": 128,
  "hidden_act": "silu",
  "hidden_size": 5120,
  "initializer_range": 0.008068311858747157,
  "intermediate_size": 13824,
  "is_lora": false,
  "max_position_embeddings": 4096,
  "max_sequence_length": 4096,
  "mlp_bias": false,
  "model_type": "llama",
  "moe_group_origin": "dummy",
  "moe_rank": 0,
  "moe_router_bias_update_rate": 0.0,
  "moe_world_size": 1,
  "num_attention_heads": 40,
  "num_hidden_layers": 40,
  "num_key_value_heads": 40,
  "pad_token_id": 0,
  "paddleformers_version": "1.1.0.post20260417",
  "pipeline_model_parallel_size": 2,
  "pp_seg_method": "layer:DecoderLayer|EmptyLayer",
  "pretraining_tp": 2,
  "recompute_granularity": "full",
  "recompute_method": "uniform",
  "recompute_num_layers": 1,
  "rms_norm_eps": 1e-05,
  "rope_parameters": {
    "rope_theta": 10000.0,
    "rope_type": "default"
  },
  "rope_scaling": null,
  "rope_theta": 10000.0,
  "seq_length": 4096,
  "tensor_model_parallel_size": 2,
  "tie_word_embeddings": false,
  "torch_dtype": "float32",
  "use_cache": true,
  "use_fast_layer_norm": false,
  "vocab_size": 32000
}
)
[2026-04-17 15:25:36,997] [    INFO] pp_layers.py:921 - loss: CriterionLayerPipe
[2026-04-17 15:25:37,075] [    INFO] pp_layers.py:978 - flush 21 of layers into run_function
/root/paddlejob/share-storage/gpfs/system-public/liuyi39/hygon_2030/py310/lib/python3.10/site-packages/paddle/distributed/fleet/meta_parallel/parallel_layers/pp_layers.py:674: UserWarning: No shared comm will be constructed, this may happen when all shared attrs are on a same stage.
  warnings.warn(
[32m[2026-04-17 15:25:37,079] [    INFO][0m - Using download source: huggingface[0m
[32m[2026-04-17 15:25:37,355] [    INFO][0m - Loading configuration file ./models/Llama-2-13b/config.json[0m
[32m[2026-04-17 15:25:37,356] [    INFO][0m - Using download source: huggingface[0m
[33m[2026-04-17 15:25:37,627] [ WARNING][0m - `template` was not specified, use `empty` template.[0m
[33m[2026-04-17 15:25:37,627] [ WARNING][0m - suffix is not specified, using eos token as suffix.[0m
 > building dataset index ...
    reading sizes...
    reading pointers...
    reading document index...
    creating numpy buffer of mmap...
    creating memory view of numpy buffer...
 > finished creating indexed dataset in 0.005069 seconds
    number of documents: 100000
 > dataset split:
    train:
     document indices in [0, 99000) total of 99000 documents
    validation:
     document indices in [99000, 100000) total of 1000 documents
    test:
     document indices in [100000, 100000) total of 0 documents
W0417 15:25:37.633205 337259 nccl_comm_context.cc:70] ncclCommInitRankConfigMemOpt is not supported.
searching for causal dataset, build_indices=False, share_folder False, check_rank_flag False
build success
 > loading doc-idx mapping from ./data/pt/index-cache/80758deba11e3a876a34cd93ec4c5237_doc_idx.npy
 > loading sample-idx mapping from ./data/pt/index-cache/80758deba11e3a876a34cd93ec4c5237_sample_idx.npy
 > loading shuffle-idx mapping from ./data/pt/index-cache/80758deba11e3a876a34cd93ec4c5237_shuffle_idx.npy
    loaded indexed file in 0.007 seconds
    total number of samples: 29863
    total number of epochs: 1
searching for causal dataset, build_indices=False, share_folder False, check_rank_flag False
build success
 > loading doc-idx mapping from ./data/pt/index-cache/f4d62d1780d11fcba403c74e115b8ab0_doc_idx.npy
 > loading sample-idx mapping from ./data/pt/index-cache/f4d62d1780d11fcba403c74e115b8ab0_sample_idx.npy
 > loading shuffle-idx mapping from ./data/pt/index-cache/f4d62d1780d11fcba403c74e115b8ab0_shuffle_idx.npy
    loaded indexed file in 0.001 seconds
    total number of samples: 257
    total number of epochs: 1
building indices for the blendable dataset, Since --data_cache is not specified, the index file will not be stored.
> building indices for blendable datasets ...
 > sample ratios:
   dataset 0, input: 1, achieved: 1
> elapsed time for building blendable dataset indices: 0.00 (sec)
> size of blendable dataset: 400 samples
building indices for the blendable dataset, Since --data_cache is not specified, the index file will not be stored.
> building indices for blendable datasets ...
 > sample ratios:
   dataset 0, input: 1, achieved: 1
> elapsed time for building blendable dataset indices: 0.00 (sec)
> size of blendable dataset: 20 samples
[32m[2026-04-17 15:25:39,468] [    INFO][0m - Setting max_seq_len to None using PaddleFormers Model.[0m
callbacks: [<paddleformers.trainer.trainer_callback.FP8QuantWeightCallback object at 0x7f1a8c156b00>]
[35m[2026-04-17 15:25:39,468] [   DEBUG][0m - 0: main local process completed work, releasing all replicas[0m
[32m[2026-04-17 15:25:39,469] [    INFO][0m - The global seed is set to 23, local seed is set to 27 and random seed is set to 23.[0m
[32m[2026-04-17 15:25:39,631] [    INFO][0m - max_steps is given, it will override any value given in num_train_epochs[0m
[32m[2026-04-17 15:25:39,631] [    INFO][0m - Using half precision[0m
/root/paddlejob/share-storage/gpfs/system-public/liuyi39/hygon_2030/PaddleFormers/paddleformers/trainer/trainer.py:637: VisibleDeprecationWarning: [93m
Warning:
API "paddle.distributed.fleet.utils.mix_precision_utils.MixPrecisionScaler" is deprecated since 2.5.0, and will be removed in future versions. Please use "paddle.distributed_scaler" instead. [0m
  mix_precision_utils.MixPrecisionScaler(self.scaler)  # return value has no use
[35m[2026-04-17 15:25:39,635] [   DEBUG][0m - ============================================================[0m
[35m[2026-04-17 15:25:39,636] [   DEBUG][0m -     Training Configuration Arguments    [0m
[35m[2026-04-17 15:25:39,636] [   DEBUG][0m - paddle commit id              : 09e9683344f404672cc49e7eb9f2cc6eade723e8[0m
[35m[2026-04-17 15:25:39,636] [   DEBUG][0m - paddleformers commit id       : 52a6668332d273186686c1aa81f66223ee60614b[0m
[35m[2026-04-17 15:25:39,636] [   DEBUG][0m - _no_sync_in_gradient_accumulation: True[0m
[35m[2026-04-17 15:25:39,636] [   DEBUG][0m - adam_beta1                    : 0.9[0m
[35m[2026-04-17 15:25:39,636] [   DEBUG][0m - adam_beta2                    : 0.999[0m
[35m[2026-04-17 15:25:39,636] [   DEBUG][0m - adam_epsilon                  : 1e-08[0m
[35m[2026-04-17 15:25:39,636] [   DEBUG][0m - amp_custom_black_list         : ['reduce_sum', 'softmax_with_cross_entropy', 'c_softmax_with_cross_entropy', 'elementwise_div', 'sin', 'cos'][0m
[35m[2026-04-17 15:25:39,636] [   DEBUG][0m - amp_custom_white_list         : ['lookup_table', 'lookup_table_v2', 'flash_attn', 'matmul', 'matmul_v2', 'fused_gemm_epilogue'][0m
[35m[2026-04-17 15:25:39,636] [   DEBUG][0m - amp_master_grad               : True[0m
[35m[2026-04-17 15:25:39,636] [   DEBUG][0m - aoa_config                    : None[0m
[35m[2026-04-17 15:25:39,636] [   DEBUG][0m - apply_rope_fusion             : False[0m
[35m[2026-04-17 15:25:39,636] [   DEBUG][0m - attention_probs_dropout_prob  : 0.0[0m
[35m[2026-04-17 15:25:39,637] [   DEBUG][0m - auto_parallel_resume_form_hybrid_parallel: False[0m
[35m[2026-04-17 15:25:39,637] [   DEBUG][0m - auto_parallel_sync_shared_params: False[0m
[35m[2026-04-17 15:25:39,637] [   DEBUG][0m - autotuner_benchmark           : False[0m
[35m[2026-04-17 15:25:39,637] [   DEBUG][0m - balanced_image_preprocess     : False[0m
[35m[2026-04-17 15:25:39,637] [   DEBUG][0m - batch_p2p_comm                : True[0m
[35m[2026-04-17 15:25:39,637] [   DEBUG][0m - benchmark                     : False[0m
[35m[2026-04-17 15:25:39,637] [   DEBUG][0m - best_unbalanced_scheduler     : False[0m
[35m[2026-04-17 15:25:39,637] [   DEBUG][0m - beta                          : 0.1[0m
[35m[2026-04-17 15:25:39,637] [   DEBUG][0m - bf16                          : True[0m
[35m[2026-04-17 15:25:39,637] [   DEBUG][0m - bf16_full_eval                : False[0m
[35m[2026-04-17 15:25:39,637] [   DEBUG][0m - ckpt_quant_stage              : O0[0m
[35m[2026-04-17 15:25:39,637] [   DEBUG][0m - clear_every_step_cache        : False[0m
[35m[2026-04-17 15:25:39,637] [   DEBUG][0m - compute_type                  : bf16[0m
[35m[2026-04-17 15:25:39,637] [   DEBUG][0m - context_parallel_rank         : 0[0m
[35m[2026-04-17 15:25:39,637] [   DEBUG][0m - context_parallel_size         : 1[0m
[35m[2026-04-17 15:25:39,637] [   DEBUG][0m - convert_from_hf               : True[0m
[35m[2026-04-17 15:25:39,637] [   DEBUG][0m - copy_custom_file_list         : [0m
[35m[2026-04-17 15:25:39,637] [   DEBUG][0m - count_trained_tokens          : False[0m
[35m[2026-04-17 15:25:39,637] [   DEBUG][0m - cp_comm_type                  : None[0m
[35m[2026-04-17 15:25:39,637] [   DEBUG][0m - cp_sharding_degree            : 1[0m
[35m[2026-04-17 15:25:39,637] [   DEBUG][0m - cp_sharding_rank              : 0[0m
[35m[2026-04-17 15:25:39,637] [   DEBUG][0m - current_device                : gpu:0[0m
[35m[2026-04-17 15:25:39,637] [   DEBUG][0m - data_parallel_config          : [0m
[35m[2026-04-17 15:25:39,637] [   DEBUG][0m - data_parallel_rank            : 0[0m
[35m[2026-04-17 15:25:39,637] [   DEBUG][0m - data_parallel_size            : 1[0m
[35m[2026-04-17 15:25:39,637] [   DEBUG][0m - dataloader_drop_last          : False[0m
[35m[2026-04-17 15:25:39,638] [   DEBUG][0m - dataloader_num_workers        : 0[0m
[35m[2026-04-17 15:25:39,638] [   DEBUG][0m - dataloader_shuffle            : True[0m
[35m[2026-04-17 15:25:39,638] [   DEBUG][0m - dataset_batch_size            : 1000[0m
[35m[2026-04-17 15:25:39,638] [   DEBUG][0m - dataset_kwargs                : {}[0m
[35m[2026-04-17 15:25:39,638] [   DEBUG][0m - dataset_num_proc              : None[0m
[35m[2026-04-17 15:25:39,638] [   DEBUG][0m - dataset_rank                  : 0[0m
[35m[2026-04-17 15:25:39,638] [   DEBUG][0m - dataset_text_field            : text[0m
[35m[2026-04-17 15:25:39,638] [   DEBUG][0m - dataset_world_size            : 1[0m
[35m[2026-04-17 15:25:39,638] [   DEBUG][0m - ddp_find_unused_parameters    : None[0m
[35m[2026-04-17 15:25:39,638] [   DEBUG][0m - decay_function                : half_life[0m
[35m[2026-04-17 15:25:39,638] [   DEBUG][0m - decay_steps                   : 100[0m
[35m[2026-04-17 15:25:39,638] [   DEBUG][0m - deterministic_mode            : False[0m
[35m[2026-04-17 15:25:39,638] [   DEBUG][0m - device                        : gpu[0m
[35m[2026-04-17 15:25:39,638] [   DEBUG][0m - disable_tqdm                  : False[0m
[35m[2026-04-17 15:25:39,638] [   DEBUG][0m - distributed_dataloader        : False[0m
[35m[2026-04-17 15:25:39,638] [   DEBUG][0m - do_eval                       : True[0m
[35m[2026-04-17 15:25:39,638] [   DEBUG][0m - do_export                     : False[0m
[35m[2026-04-17 15:25:39,638] [   DEBUG][0m - do_predict                    : False[0m
[35m[2026-04-17 15:25:39,638] [   DEBUG][0m - do_train                      : True[0m
[35m[2026-04-17 15:25:39,638] [   DEBUG][0m - download_hub                  : None[0m
[35m[2026-04-17 15:25:39,638] [   DEBUG][0m - dp_allreduce_avg_in_gradinent_scale: False[0m
[35m[2026-04-17 15:25:39,638] [   DEBUG][0m - dp_comm_overlap               : False[0m
[35m[2026-04-17 15:25:39,638] [   DEBUG][0m - dpop_lambda                   : 50[0m
[35m[2026-04-17 15:25:39,638] [   DEBUG][0m - embedding_init_method         : None[0m
[35m[2026-04-17 15:25:39,638] [   DEBUG][0m - embedding_init_method_std     : 0.02[0m
[35m[2026-04-17 15:25:39,638] [   DEBUG][0m - enable_auto_parallel          : False[0m
[35m[2026-04-17 15:25:39,638] [   DEBUG][0m - enable_linear_fused_grad_add  : False[0m
[35m[2026-04-17 15:25:39,639] [   DEBUG][0m - enable_mtp_magic_send         : False[0m
[35m[2026-04-17 15:25:39,639] [   DEBUG][0m - enable_sharding_comm_overlap  : False[0m
[35m[2026-04-17 15:25:39,639] [   DEBUG][0m - enable_zero_cost_checkpoint   : False[0m
[35m[2026-04-17 15:25:39,639] [   DEBUG][0m - estimation_output_file        : estimation_output.json[0m
[35m[2026-04-17 15:25:39,639] [   DEBUG][0m - eval_accumulation_steps       : None[0m
[35m[2026-04-17 15:25:39,639] [   DEBUG][0m - eval_batch_size               : 1[0m
[35m[2026-04-17 15:25:39,639] [   DEBUG][0m - eval_iters                    : 10[0m
[35m[2026-04-17 15:25:39,639] [   DEBUG][0m - eval_steps                    : 100[0m
[35m[2026-04-17 15:25:39,639] [   DEBUG][0m - evaluation_strategy           : IntervalStrategy.STEPS[0m
[35m[2026-04-17 15:25:39,639] [   DEBUG][0m - expert_model_parallel_size    : 1[0m
[35m[2026-04-17 15:25:39,639] [   DEBUG][0m - expert_parallel_rank          : 0[0m
[35m[2026-04-17 15:25:39,639] [   DEBUG][0m - expert_tensor_model_parallel_size: 1[0m
[35m[2026-04-17 15:25:39,639] [   DEBUG][0m - fa_version                    : 3[0m
[35m[2026-04-17 15:25:39,639] [   DEBUG][0m - factor                        : 20[0m
[35m[2026-04-17 15:25:39,639] [   DEBUG][0m - flash_device_save_steps       : 0[0m
[35m[2026-04-17 15:25:39,639] [   DEBUG][0m - flatten_param_grads           : False[0m
[35m[2026-04-17 15:25:39,639] [   DEBUG][0m - force_reshard_pp              : False[0m
[35m[2026-04-17 15:25:39,639] [   DEBUG][0m - forward_backward_overlap_scheduler: False[0m
[35m[2026-04-17 15:25:39,639] [   DEBUG][0m - fp16                          : False[0m
[35m[2026-04-17 15:25:39,639] [   DEBUG][0m - fp16_full_eval                : False[0m
[35m[2026-04-17 15:25:39,639] [   DEBUG][0m - fp16_opt_level                : O1[0m
[35m[2026-04-17 15:25:39,639] [   DEBUG][0m - fp32_residual_connection      : True[0m
[35m[2026-04-17 15:25:39,639] [   DEBUG][0m - fp8                           : None[0m
[35m[2026-04-17 15:25:39,639] [   DEBUG][0m - fp8_wgrad                     : True[0m
[35m[2026-04-17 15:25:39,639] [   DEBUG][0m - freeze_config                 : [0m
[35m[2026-04-17 15:25:39,639] [   DEBUG][0m - fuse_optimizer_states         : False[0m
[35m[2026-04-17 15:25:39,639] [   DEBUG][0m - fuse_sequence_parallel_allreduce: False[0m
[35m[2026-04-17 15:25:39,640] [   DEBUG][0m - fuse_swiglu                   : False[0m
[35m[2026-04-17 15:25:39,640] [   DEBUG][0m - gated_linear_unit             : True[0m
[35m[2026-04-17 15:25:39,640] [   DEBUG][0m - gc_interval                   : 0[0m
[35m[2026-04-17 15:25:39,640] [   DEBUG][0m - global_batch_size             : 4[0m
[35m[2026-04-17 15:25:39,640] [   DEBUG][0m - global_logging_interval       : 1[0m
[35m[2026-04-17 15:25:39,640] [   DEBUG][0m - gradient_accumulation_steps   : 4[0m
[35m[2026-04-17 15:25:39,640] [   DEBUG][0m - gradient_sync_after_accumulate: False[0m
[35m[2026-04-17 15:25:39,640] [   DEBUG][0m - greater_is_better             : None[0m
[35m[2026-04-17 15:25:39,640] [   DEBUG][0m - hidden_dropout_prob           : 0.0[0m
[35m[2026-04-17 15:25:39,640] [   DEBUG][0m - hidden_size                   : None[0m
[35m[2026-04-17 15:25:39,640] [   DEBUG][0m - hybrid_parallel_expert_grad_scale: 2.0[0m
[35m[2026-04-17 15:25:39,640] [   DEBUG][0m - hybrid_parallel_topo_order    : sharding_first[0m
[35m[2026-04-17 15:25:39,640] [   DEBUG][0m - ignore_data_skip              : False[0m
[35m[2026-04-17 15:25:39,640] [   DEBUG][0m - ignore_eos_token              : False[0m
[35m[2026-04-17 15:25:39,640] [   DEBUG][0m - ignore_load_lr_and_optim      : False[0m
[35m[2026-04-17 15:25:39,640] [   DEBUG][0m - ignore_save_lr_and_optim      : False[0m
[35m[2026-04-17 15:25:39,640] [   DEBUG][0m - init_method                   : None[0m
[35m[2026-04-17 15:25:39,640] [   DEBUG][0m - intermediate_size             : None[0m
[35m[2026-04-17 15:25:39,640] [   DEBUG][0m - label_names                   : None[0m
[35m[2026-04-17 15:25:39,640] [   DEBUG][0m - label_smoothing               : 0.0[0m
[35m[2026-04-17 15:25:39,640] [   DEBUG][0m - lazy_data_processing          : True[0m
[35m[2026-04-17 15:25:39,640] [   DEBUG][0m - learning_rate                 : 0.0001[0m
[35m[2026-04-17 15:25:39,640] [   DEBUG][0m - load_best_model_at_end        : False[0m
[35m[2026-04-17 15:25:39,640] [   DEBUG][0m - load_checkpoint_format        : flex_checkpoint[0m
[35m[2026-04-17 15:25:39,640] [   DEBUG][0m - load_from_hf                  : False[0m
[35m[2026-04-17 15:25:39,640] [   DEBUG][0m - load_sharded_model            : False[0m
[35m[2026-04-17 15:25:39,640] [   DEBUG][0m - load_sharded_model_remap_parameter_name: False[0m
[35m[2026-04-17 15:25:39,641] [   DEBUG][0m - load_via_cpu                  : True[0m
[35m[2026-04-17 15:25:39,641] [   DEBUG][0m - local_process_index           : 0[0m
[35m[2026-04-17 15:25:39,641] [   DEBUG][0m - local_rank                    : 0[0m
[35m[2026-04-17 15:25:39,641] [   DEBUG][0m - log_global_grad_norm          : False[0m
[35m[2026-04-17 15:25:39,641] [   DEBUG][0m - log_level                     : -1[0m
[35m[2026-04-17 15:25:39,641] [   DEBUG][0m - log_level_replica             : -1[0m
[35m[2026-04-17 15:25:39,641] [   DEBUG][0m - log_on_each_node              : True[0m
[35m[2026-04-17 15:25:39,641] [   DEBUG][0m - logging_dir                   : ./logs/pt/13b_gpu[0m
[35m[2026-04-17 15:25:39,641] [   DEBUG][0m - logging_first_step            : False[0m
[35m[2026-04-17 15:25:39,641] [   DEBUG][0m - logging_steps                 : 1[0m
[35m[2026-04-17 15:25:39,641] [   DEBUG][0m - logging_strategy              : IntervalStrategy.STEPS[0m
[35m[2026-04-17 15:25:39,641] [   DEBUG][0m - logical_process_index         : 0[0m
[35m[2026-04-17 15:25:39,641] [   DEBUG][0m - loss_subbatch_sequence_length : -1[0m
[35m[2026-04-17 15:25:39,641] [   DEBUG][0m - loss_type                     : sigmoid[0m
[35m[2026-04-17 15:25:39,641] [   DEBUG][0m - lr_end                        : 1e-07[0m
[35m[2026-04-17 15:25:39,641] [   DEBUG][0m - lr_scheduler                  : cosine[0m
[35m[2026-04-17 15:25:39,641] [   DEBUG][0m - lr_scheduler_type             : SchedulerType.LINEAR[0m
[35m[2026-04-17 15:25:39,641] [   DEBUG][0m - max_estimate_samples          : 100000.0[0m
[35m[2026-04-17 15:25:39,641] [   DEBUG][0m - max_evaluate_steps            : -1[0m
[35m[2026-04-17 15:25:39,641] [   DEBUG][0m - max_grad_norm                 : 1.0[0m
[35m[2026-04-17 15:25:39,641] [   DEBUG][0m - max_gradient_accumulation_steps: 4[0m
[35m[2026-04-17 15:25:39,641] [   DEBUG][0m - max_seq_len                   : 4096[0m
[35m[2026-04-17 15:25:39,641] [   DEBUG][0m - max_steps                     : 100[0m
[35m[2026-04-17 15:25:39,641] [   DEBUG][0m - merge_with_qdq_base_model     : False[0m
[35m[2026-04-17 15:25:39,641] [   DEBUG][0m - metric_for_best_model         : None[0m
[35m[2026-04-17 15:25:39,641] [   DEBUG][0m - metrics_output_path           : None[0m
[35m[2026-04-17 15:25:39,642] [   DEBUG][0m - min_lr                        : 0.0[0m
[35m[2026-04-17 15:25:39,642] [   DEBUG][0m - minimum_eval_times            : None[0m
[35m[2026-04-17 15:25:39,642] [   DEBUG][0m - model_name_or_path            : ./models/Llama-2-13b[0m
[35m[2026-04-17 15:25:39,642] [   DEBUG][0m - moe_deep_gemm                 : False[0m
[35m[2026-04-17 15:25:39,642] [   DEBUG][0m - moe_deepep_num_sms            : None[0m
[35m[2026-04-17 15:25:39,642] [   DEBUG][0m - moe_dequant_input             : False[0m
[35m[2026-04-17 15:25:39,642] [   DEBUG][0m - moe_dropout_prob              : 0.0[0m
[35m[2026-04-17 15:25:39,642] [   DEBUG][0m - moe_ep_barrier                : True[0m
[35m[2026-04-17 15:25:39,642] [   DEBUG][0m - moe_expert_capacity_factor    : 0.0[0m
[35m[2026-04-17 15:25:39,642] [   DEBUG][0m - moe_expert_fusion             : True[0m
[35m[2026-04-17 15:25:39,642] [   DEBUG][0m - moe_gate_lr_ratio             : None[0m
[35m[2026-04-17 15:25:39,642] [   DEBUG][0m - moe_grouped_gemm              : False[0m
[35m[2026-04-17 15:25:39,642] [   DEBUG][0m - moe_pad_expert_input_to_capacity: False[0m
[35m[2026-04-17 15:25:39,642] [   DEBUG][0m - moe_router_bias_update_rate   : 0.0[0m
[35m[2026-04-17 15:25:39,642] [   DEBUG][0m - moe_router_force_load_balancing: False[0m
[35m[2026-04-17 15:25:39,642] [   DEBUG][0m - moe_router_fusion             : True[0m
[35m[2026-04-17 15:25:39,642] [   DEBUG][0m - moe_router_load_balancing_type: seq_aux_loss[0m
[35m[2026-04-17 15:25:39,642] [   DEBUG][0m - moe_sharding_parallel_rank    : 0[0m
[35m[2026-04-17 15:25:39,642] [   DEBUG][0m - moe_sharding_parallel_size    : 1[0m
[35m[2026-04-17 15:25:39,642] [   DEBUG][0m - moe_shared_expert_overlap     : True[0m
[35m[2026-04-17 15:25:39,642] [   DEBUG][0m - moe_subbatch_token_num_after_dispatch: None[0m
[35m[2026-04-17 15:25:39,642] [   DEBUG][0m - moe_subbatch_token_num_before_dispatch: 0[0m
[35m[2026-04-17 15:25:39,642] [   DEBUG][0m - moe_token_dispatcher_type     : deepep[0m
[35m[2026-04-17 15:25:39,642] [   DEBUG][0m - moe_token_drop_policy         : probs[0m
[35m[2026-04-17 15:25:39,642] [   DEBUG][0m - moe_use_fusion_node           : True[0m
[35m[2026-04-17 15:25:39,642] [   DEBUG][0m - moe_with_send_router_loss     : True[0m
[35m[2026-04-17 15:25:39,642] [   DEBUG][0m - mp_async_allreduce            : False[0m
[35m[2026-04-17 15:25:39,643] [   DEBUG][0m - mp_fused_linear_param_grad_add: False[0m
[35m[2026-04-17 15:25:39,643] [   DEBUG][0m - mp_skip_c_identity            : False[0m
[35m[2026-04-17 15:25:39,643] [   DEBUG][0m - mtp_distillation_loss         : False[0m
[35m[2026-04-17 15:25:39,643] [   DEBUG][0m - mtp_num_layers                : 0[0m
[35m[2026-04-17 15:25:39,643] [   DEBUG][0m - multi_latent_attention        : False[0m
[35m[2026-04-17 15:25:39,643] [   DEBUG][0m - n_routed_experts              : None[0m
[35m[2026-04-17 15:25:39,643] [   DEBUG][0m - nccl_comm_group_config        : None[0m
[35m[2026-04-17 15:25:39,643] [   DEBUG][0m - need_data                     : True[0m
[35m[2026-04-17 15:25:39,643] [   DEBUG][0m - no_cuda                       : False[0m
[35m[2026-04-17 15:25:39,643] [   DEBUG][0m - no_recompute_layers           : None[0m
[35m[2026-04-17 15:25:39,643] [   DEBUG][0m - no_rope_freq                  : False[0m
[35m[2026-04-17 15:25:39,643] [   DEBUG][0m - non_batch_p2p_comm            : False[0m
[35m[2026-04-17 15:25:39,643] [   DEBUG][0m - normalization                 : RMSNorm[0m
[35m[2026-04-17 15:25:39,643] [   DEBUG][0m - normalize_logps               : False[0m
[35m[2026-04-17 15:25:39,643] [   DEBUG][0m - num_attention_heads           : None[0m
[35m[2026-04-17 15:25:39,643] [   DEBUG][0m - num_consecutive               : 1[0m
[35m[2026-04-17 15:25:39,643] [   DEBUG][0m - num_cycles                    : 0.5[0m
[35m[2026-04-17 15:25:39,643] [   DEBUG][0m - num_empty_layers_add_in_head  : 0[0m
[35m[2026-04-17 15:25:39,643] [   DEBUG][0m - num_empty_layers_add_in_tail  : 0[0m
[35m[2026-04-17 15:25:39,643] [   DEBUG][0m - num_experts_per_tok           : None[0m
[35m[2026-04-17 15:25:39,643] [   DEBUG][0m - num_hidden_layers             : None[0m
[35m[2026-04-17 15:25:39,643] [   DEBUG][0m - num_key_value_heads           : None[0m
[35m[2026-04-17 15:25:39,643] [   DEBUG][0m - num_nextn_predict_layers      : 0[0m
[35m[2026-04-17 15:25:39,643] [   DEBUG][0m - num_of_gpus                   : -1[0m
[35m[2026-04-17 15:25:39,643] [   DEBUG][0m - num_train_epochs              : 1.0[0m
[35m[2026-04-17 15:25:39,643] [   DEBUG][0m - offload_fp8_expert_master_weight: True[0m
[35m[2026-04-17 15:25:39,643] [   DEBUG][0m - offload_queue                 : False[0m
[35m[2026-04-17 15:25:39,644] [   DEBUG][0m - offset_alpha                  : 0.0[0m
[35m[2026-04-17 15:25:39,644] [   DEBUG][0m - optim                         : OptimizerNames.ADAMW[0m
[35m[2026-04-17 15:25:39,644] [   DEBUG][0m - optim_shard_num               : 1[0m
[35m[2026-04-17 15:25:39,644] [   DEBUG][0m - optimizer_name_suffix         : tp00_pp00[0m
[35m[2026-04-17 15:25:39,644] [   DEBUG][0m - ordered_save_group_size       : 0[0m
[35m[2026-04-17 15:25:39,644] [   DEBUG][0m - output_dir                    : ./checkpoints/pt/13b_gpu[0m
[35m[2026-04-17 15:25:39,644] [   DEBUG][0m - output_layer_init_method      : None[0m
[35m[2026-04-17 15:25:39,644] [   DEBUG][0m - output_signal_dir             : ./checkpoints/pt/13b_gpu[0m
[35m[2026-04-17 15:25:39,644] [   DEBUG][0m - overlap                       : False[0m
[35m[2026-04-17 15:25:39,644] [   DEBUG][0m - overlap_p2p_comm              : False[0m
[35m[2026-04-17 15:25:39,644] [   DEBUG][0m - overwrite_output_dir          : True[0m
[35m[2026-04-17 15:25:39,644] [   DEBUG][0m - p2p_cache_shape               : True[0m
[35m[2026-04-17 15:25:39,644] [   DEBUG][0m - pad_token_id                  : 0[0m
[35m[2026-04-17 15:25:39,644] [   DEBUG][0m - partial_send_recv             : True[0m
[35m[2026-04-17 15:25:39,644] [   DEBUG][0m - past_index                    : -1[0m
[35m[2026-04-17 15:25:39,644] [   DEBUG][0m - pdc_download_ckpt             : False[0m
[35m[2026-04-17 15:25:39,644] [   DEBUG][0m - pdc_download_timeout          : 300[0m
[35m[2026-04-17 15:25:39,644] [   DEBUG][0m - per_device_eval_batch_size    : 1[0m
[35m[2026-04-17 15:25:39,644] [   DEBUG][0m - per_device_train_batch_size   : 1[0m
[35m[2026-04-17 15:25:39,644] [   DEBUG][0m - pipeline_model_parallel_size  : 2[0m
[35m[2026-04-17 15:25:39,644] [   DEBUG][0m - pipeline_parallel_config      : [0m
[35m[2026-04-17 15:25:39,644] [   DEBUG][0m - pipeline_parallel_rank        : 0[0m
[35m[2026-04-17 15:25:39,644] [   DEBUG][0m - position_embedding_type       : rope[0m
[35m[2026-04-17 15:25:39,644] [   DEBUG][0m - power                         : 1.0[0m
[35m[2026-04-17 15:25:39,644] [   DEBUG][0m - pp_delay_scale_loss           : True[0m
[35m[2026-04-17 15:25:39,644] [   DEBUG][0m - pp_need_data                  : False[0m
[35m[2026-04-17 15:25:39,645] [   DEBUG][0m - pp_need_data_degree           : 0[0m
[35m[2026-04-17 15:25:39,645] [   DEBUG][0m - pp_release_grads              : False[0m
[35m[2026-04-17 15:25:39,645] [   DEBUG][0m - pp_sharding_comm_overlap      : False[0m
[35m[2026-04-17 15:25:39,645] [   DEBUG][0m - pp_sync_moment                : False[0m
[35m[2026-04-17 15:25:39,645] [   DEBUG][0m - pp_sync_param                 : False[0m
[35m[2026-04-17 15:25:39,645] [   DEBUG][0m - pre_alloc_memory              : 0[0m
[35m[2026-04-17 15:25:39,645] [   DEBUG][0m - prediction_loss_only          : False[0m
[35m[2026-04-17 15:25:39,645] [   DEBUG][0m - pref_loss_ratio               : 1.0[0m
[35m[2026-04-17 15:25:39,645] [   DEBUG][0m - prefetch_factor               : 2[0m
[35m[2026-04-17 15:25:39,645] [   DEBUG][0m - process_index                 : 0[0m
[35m[2026-04-17 15:25:39,645] [   DEBUG][0m - profile                       : False[0m
[35m[2026-04-17 15:25:39,645] [   DEBUG][0m - profile_step_end              : 12[0m
[35m[2026-04-17 15:25:39,645] [   DEBUG][0m - profile_step_start            : 10[0m
[35m[2026-04-17 15:25:39,645] [   DEBUG][0m - recompute_granularity         : full[0m
[35m[2026-04-17 15:25:39,645] [   DEBUG][0m - recompute_method              : uniform[0m
[35m[2026-04-17 15:25:39,645] [   DEBUG][0m - recompute_modules             : None[0m
[35m[2026-04-17 15:25:39,645] [   DEBUG][0m - recompute_mtp_granularity     : None[0m
[35m[2026-04-17 15:25:39,645] [   DEBUG][0m - recompute_mtp_method          : None[0m
[35m[2026-04-17 15:25:39,645] [   DEBUG][0m - recompute_mtp_modules         : None[0m
[35m[2026-04-17 15:25:39,645] [   DEBUG][0m - recompute_num_layers          : 1[0m
[35m[2026-04-17 15:25:39,645] [   DEBUG][0m - recompute_use_reentrant       : True[0m
[35m[2026-04-17 15:25:39,645] [   DEBUG][0m - reeao_dataset_rank            : 0[0m
[35m[2026-04-17 15:25:39,645] [   DEBUG][0m - reeao_dataset_world_size      : 1[0m
[35m[2026-04-17 15:25:39,645] [   DEBUG][0m - ref_model_update_steps        : -1[0m
[35m[2026-04-17 15:25:39,645] [   DEBUG][0m - reference_free                : False[0m
[35m[2026-04-17 15:25:39,645] [   DEBUG][0m - release_grads                 : False[0m
[35m[2026-04-17 15:25:39,645] [   DEBUG][0m - remove_unused_columns         : True[0m
[35m[2026-04-17 15:25:39,646] [   DEBUG][0m - reorder_pipeline_priority     : False[0m
[35m[2026-04-17 15:25:39,646] [   DEBUG][0m - replace_with_c_embedding      : False[0m
[35m[2026-04-17 15:25:39,646] [   DEBUG][0m - replace_with_parallel_cross_entropy: False[0m
[35m[2026-04-17 15:25:39,646] [   DEBUG][0m - replicate_saved_into_local    : False[0m
[35m[2026-04-17 15:25:39,646] [   DEBUG][0m - report_to                     : ['visualdl'][0m
[35m[2026-04-17 15:25:39,646] [   DEBUG][0m - resume_from_checkpoint        : None[0m
[35m[2026-04-17 15:25:39,646] [   DEBUG][0m - resume_from_huggingface_ckpt  : None[0m
[35m[2026-04-17 15:25:39,646] [   DEBUG][0m - router_aux_loss_coef          : 0.0[0m
[35m[2026-04-17 15:25:39,646] [   DEBUG][0m - router_z_loss_coef            : None[0m
[35m[2026-04-17 15:25:39,646] [   DEBUG][0m - run_name                      : ./checkpoints/pt/13b_gpu[0m
[35m[2026-04-17 15:25:39,646] [   DEBUG][0m - same_data                     : None[0m
[35m[2026-04-17 15:25:39,646] [   DEBUG][0m - save_checkpoint_format        : flex_checkpoint[0m
[35m[2026-04-17 15:25:39,646] [   DEBUG][0m - save_hf_memory_growth_threshold: 8[0m
[35m[2026-04-17 15:25:39,646] [   DEBUG][0m - save_hf_steps                 : -1[0m
[35m[2026-04-17 15:25:39,646] [   DEBUG][0m - save_hf_total_limit           : None[0m
[35m[2026-04-17 15:25:39,646] [   DEBUG][0m - save_last_step                : False[0m
[35m[2026-04-17 15:25:39,646] [   DEBUG][0m - save_on_each_node             : False[0m
[35m[2026-04-17 15:25:39,646] [   DEBUG][0m - save_rng_states               : True[0m
[35m[2026-04-17 15:25:39,646] [   DEBUG][0m - save_sharded_model            : False[0m
[35m[2026-04-17 15:25:39,646] [   DEBUG][0m - save_sharding_stage1_model_include_freeze_params: False[0m
[35m[2026-04-17 15:25:39,646] [   DEBUG][0m - save_steps                    : 100[0m
[35m[2026-04-17 15:25:39,646] [   DEBUG][0m - save_strategy                 : IntervalStrategy.STEPS[0m
[35m[2026-04-17 15:25:39,646] [   DEBUG][0m - save_to_hf                    : True[0m
[35m[2026-04-17 15:25:39,646] [   DEBUG][0m - save_tokenizer                : True[0m
[35m[2026-04-17 15:25:39,646] [   DEBUG][0m - save_total_limit              : None[0m
[35m[2026-04-17 15:25:39,646] [   DEBUG][0m - scale_loss                    : 32768[0m
[35m[2026-04-17 15:25:39,646] [   DEBUG][0m - sd_release_grads              : False[0m
[35m[2026-04-17 15:25:39,647] [   DEBUG][0m - sd_sharding_comm_overlap      : False[0m
[35m[2026-04-17 15:25:39,647] [   DEBUG][0m - sd_shardingv1_comm_overlap    : False[0m
[35m[2026-04-17 15:25:39,647] [   DEBUG][0m - seed                          : 23[0m
[35m[2026-04-17 15:25:39,647] [   DEBUG][0m - send_recv_overlap             : False[0m
[35m[2026-04-17 15:25:39,647] [   DEBUG][0m - sep_parallel_size             : 1[0m
[35m[2026-04-17 15:25:39,647] [   DEBUG][0m - sequence_parallel             : False[0m
[35m[2026-04-17 15:25:39,647] [   DEBUG][0m - sequence_parallel_config      : [0m
[35m[2026-04-17 15:25:39,647] [   DEBUG][0m - sft_loss_ratio                : 0.0[0m
[35m[2026-04-17 15:25:39,647] [   DEBUG][0m - sharded_model_from_ema        : False[0m
[35m[2026-04-17 15:25:39,647] [   DEBUG][0m - sharding                      : [][0m
[35m[2026-04-17 15:25:39,647] [   DEBUG][0m - sharding_comm_buffer_size_MB  : -1[0m
[35m[2026-04-17 15:25:39,647] [   DEBUG][0m - sharding_degree               : -1[0m
[35m[2026-04-17 15:25:39,647] [   DEBUG][0m - sharding_offload_opt_buffersize_GB: -1[0m
[35m[2026-04-17 15:25:39,647] [   DEBUG][0m - sharding_parallel_config      : [0m
[35m[2026-04-17 15:25:39,647] [   DEBUG][0m - sharding_parallel_mesh_dimension: dp[0m
[35m[2026-04-17 15:25:39,647] [   DEBUG][0m - sharding_parallel_rank        : 0[0m
[35m[2026-04-17 15:25:39,647] [   DEBUG][0m - sharding_parallel_size        : 1[0m
[35m[2026-04-17 15:25:39,647] [   DEBUG][0m - should_load_dataset           : True[0m
[35m[2026-04-17 15:25:39,647] [   DEBUG][0m - should_load_sharding_stage1_model: False[0m
[35m[2026-04-17 15:25:39,647] [   DEBUG][0m - should_log                    : True[0m
[35m[2026-04-17 15:25:39,647] [   DEBUG][0m - should_save                   : True[0m
[35m[2026-04-17 15:25:39,647] [   DEBUG][0m - should_save_model_state       : True[0m
[35m[2026-04-17 15:25:39,647] [   DEBUG][0m - should_save_model_with_tensor_fusion: False[0m
[35m[2026-04-17 15:25:39,647] [   DEBUG][0m - should_save_sharding_stage1_model: False[0m
[35m[2026-04-17 15:25:39,647] [   DEBUG][0m - shuffle_consecutive           : False[0m
[35m[2026-04-17 15:25:39,647] [   DEBUG][0m - simpo_gamma                   : 0.5[0m
[35m[2026-04-17 15:25:39,647] [   DEBUG][0m - skip_data_intervals           : None[0m
[35m[2026-04-17 15:25:39,648] [   DEBUG][0m - skip_memory_metrics           : True[0m
[35m[2026-04-17 15:25:39,648] [   DEBUG][0m - skip_profile_timer            : True[0m
[35m[2026-04-17 15:25:39,648] [   DEBUG][0m - softmax_scale                 : None[0m
[35m[2026-04-17 15:25:39,648] [   DEBUG][0m - softmax_type                  : vanilla[0m
[35m[2026-04-17 15:25:39,648] [   DEBUG][0m - sp_allreduce_avg_in_gradinent_scale: False[0m
[35m[2026-04-17 15:25:39,648] [   DEBUG][0m - sp_async_reduce_scatter       : False[0m
[35m[2026-04-17 15:25:39,648] [   DEBUG][0m - split_backward                : False[0m
[35m[2026-04-17 15:25:39,648] [   DEBUG][0m - split_inputs_sequence_dim     : True[0m
[35m[2026-04-17 15:25:39,648] [   DEBUG][0m - split_norm_comm               : False[0m
[35m[2026-04-17 15:25:39,648] [   DEBUG][0m - split_param                   : True[0m
[35m[2026-04-17 15:25:39,648] [   DEBUG][0m - stage1_allgather_overlap      : False[0m
[35m[2026-04-17 15:25:39,648] [   DEBUG][0m - stage1_broadcast_overlap      : False[0m
[35m[2026-04-17 15:25:39,648] [   DEBUG][0m - stage1_overlap                : False[0m
[35m[2026-04-17 15:25:39,648] [   DEBUG][0m - stage1_reduce_avg             : True[0m
[35m[2026-04-17 15:25:39,648] [   DEBUG][0m - stage1_tensor_fusion          : False[0m
[35m[2026-04-17 15:25:39,648] [   DEBUG][0m - stage2_overlap                : False[0m
[35m[2026-04-17 15:25:39,648] [   DEBUG][0m - sync_grad                     : False[0m
[35m[2026-04-17 15:25:39,648] [   DEBUG][0m - tensor_fusion                 : False[0m
[35m[2026-04-17 15:25:39,648] [   DEBUG][0m - tensor_model_parallel_size    : 2[0m
[35m[2026-04-17 15:25:39,648] [   DEBUG][0m - tensor_parallel_config        : [0m
[35m[2026-04-17 15:25:39,648] [   DEBUG][0m - tensor_parallel_output        : True[0m
[35m[2026-04-17 15:25:39,648] [   DEBUG][0m - tensor_parallel_rank          : 0[0m
[35m[2026-04-17 15:25:39,648] [   DEBUG][0m - tensorwise_offload_optimizer  : False[0m
[35m[2026-04-17 15:25:39,648] [   DEBUG][0m - test_iters                    : 100[0m
[35m[2026-04-17 15:25:39,648] [   DEBUG][0m - tie_word_embeddings           : None[0m
[35m[2026-04-17 15:25:39,648] [   DEBUG][0m - timer                         : False[0m
[35m[2026-04-17 15:25:39,648] [   DEBUG][0m - to_static                     : False[0m
[35m[2026-04-17 15:25:39,649] [   DEBUG][0m - token_balance_loss            : False[0m
[35m[2026-04-17 15:25:39,649] [   DEBUG][0m - tp_async_allreduce            : False[0m
[35m[2026-04-17 15:25:39,649] [   DEBUG][0m - tp_sync_moment                : False[0m
[35m[2026-04-17 15:25:39,649] [   DEBUG][0m - tp_sync_param                 : False[0m
[35m[2026-04-17 15:25:39,649] [   DEBUG][0m - train_batch_size              : 1[0m
[35m[2026-04-17 15:25:39,649] [   DEBUG][0m - train_mtp_only                : False[0m
[35m[2026-04-17 15:25:39,649] [   DEBUG][0m - unified_checkpoint            : False[0m
[35m[2026-04-17 15:25:39,649] [   DEBUG][0m - unified_checkpoint_config     : [0m
[35m[2026-04-17 15:25:39,649] [   DEBUG][0m - use_async_save                : False[0m
[35m[2026-04-17 15:25:39,649] [   DEBUG][0m - use_cache                     : False[0m
[35m[2026-04-17 15:25:39,649] [   DEBUG][0m - use_dualpipev                 : False[0m
[35m[2026-04-17 15:25:39,649] [   DEBUG][0m - use_expert_parallel           : False[0m
[35m[2026-04-17 15:25:39,649] [   DEBUG][0m - use_filtered_label_loss       : False[0m
[35m[2026-04-17 15:25:39,649] [   DEBUG][0m - use_fp8                       : False[0m
[35m[2026-04-17 15:25:39,649] [   DEBUG][0m - use_fused_head_and_loss_fn    : False[0m
[35m[2026-04-17 15:25:39,649] [   DEBUG][0m - use_fused_linear_cross_entropy: False[0m
[35m[2026-04-17 15:25:39,649] [   DEBUG][0m - use_hybrid_parallel           : True[0m
[35m[2026-04-17 15:25:39,649] [   DEBUG][0m - use_intermediate_api          : False[0m
[35m[2026-04-17 15:25:39,649] [   DEBUG][0m - use_lowprecision_moment       : False[0m
[35m[2026-04-17 15:25:39,649] [   DEBUG][0m - use_moe                       : False[0m
[35m[2026-04-17 15:25:39,649] [   DEBUG][0m - use_ortho_loss_callback       : False[0m
[35m[2026-04-17 15:25:39,649] [   DEBUG][0m - use_qk_norm                   : None[0m
[35m[2026-04-17 15:25:39,649] [   DEBUG][0m - use_recompute_mtp             : False[0m
[35m[2026-04-17 15:25:39,649] [   DEBUG][0m - use_unified_moe               : False[0m
[35m[2026-04-17 15:25:39,649] [   DEBUG][0m - using_sonic_moe               : False[0m
[35m[2026-04-17 15:25:39,649] [   DEBUG][0m - variable_seq_lengths          : False[0m
[35m[2026-04-17 15:25:39,649] [   DEBUG][0m - virtual_pipeline_model_parallel_size: 1[0m
[35m[2026-04-17 15:25:39,649] [   DEBUG][0m - wandb_api_key                 : None[0m
[35m[2026-04-17 15:25:39,650] [   DEBUG][0m - wandb_http_proxy              : None[0m
[35m[2026-04-17 15:25:39,650] [   DEBUG][0m - warmup_ratio                  : 0.0[0m
[35m[2026-04-17 15:25:39,650] [   DEBUG][0m - warmup_steps                  : 10[0m
[35m[2026-04-17 15:25:39,650] [   DEBUG][0m - weight_decay                  : 0.0[0m
[35m[2026-04-17 15:25:39,650] [   DEBUG][0m - weight_name_suffix            : tp00_pp00[0m
[35m[2026-04-17 15:25:39,650] [   DEBUG][0m - weight_quantize_algo          : None[0m
[35m[2026-04-17 15:25:39,650] [   DEBUG][0m - world_size                    : 4[0m
[35m[2026-04-17 15:25:39,650] [   DEBUG][0m - zcc_ema_interval              : 1[0m
[35m[2026-04-17 15:25:39,650] [   DEBUG][0m - zcc_ema_loss_threshold        : None[0m
[35m[2026-04-17 15:25:39,650] [   DEBUG][0m - zcc_pipeline_hooks_capacity_usage: 0.6[0m
[35m[2026-04-17 15:25:39,650] [   DEBUG][0m - zcc_save_ema_coef             : None[0m
[35m[2026-04-17 15:25:39,650] [   DEBUG][0m - zcc_workers_num               : 3[0m
[35m[2026-04-17 15:25:39,650] [   DEBUG][0m - [0m
[32m[2026-04-17 15:25:39,651] [    INFO][0m - Starting training from resume_from_checkpoint : None[0m
[32m[2026-04-17 15:25:39,653] [    INFO][0m - [timelog] RuntimeTimer: 0.00s (2026-04-17 15:25:39) [0m
[32m[2026-04-17 15:25:39,653] [    INFO][0m - ***** Running training *****[0m
[32m[2026-04-17 15:25:39,653] [    INFO][0m -   Num examples = 400[0m
[32m[2026-04-17 15:25:39,653] [    INFO][0m -   Num Epochs = 1[0m
[32m[2026-04-17 15:25:39,653] [    INFO][0m -   Instantaneous batch size per device = 1[0m
[32m[2026-04-17 15:25:39,653] [    INFO][0m -   Total train batch size (w. parallel, distributed & accumulation) = 4[0m
[32m[2026-04-17 15:25:39,653] [    INFO][0m -   Gradient Accumulation steps = 4[0m
[32m[2026-04-17 15:25:39,653] [    INFO][0m -   Total optimization steps = 100[0m
[32m[2026-04-17 15:25:39,653] [    INFO][0m -   Total num train samples = 400[0m
[2026-04-17 15:25:39,657] [    INFO] pipeline_parallel.py:776 - Pipeline scheduler is in dynamic_shape mode=False
[2026-04-17 15:25:39,657] [    INFO] pipeline_parallel.py:786 - dp_comm_overlap False;             sharding_comm_overlap False;             sharding_split_param False;
[2026-04-17 15:25:39,657] [    INFO] pipeline_parallel.py:858 - Pipeline Info -- num_stages: 2, stage_id: 0
[2026-04-17 15:25:39,657] [    INFO] pipeline_parallel.py:863 - start broadcast mp parameters
W0417 15:25:39.698241 337259 nccl_comm_context.cc:70] ncclCommInitRankConfigMemOpt is not supported.
[2026-04-17 15:25:40,894] [ WARNING] hybrid_parallel_optimizer.py:332 - While using ClipGradByGlobalNorm in TensorParallel, PipelineParallel or Sharding, the grad clip of original optimizer will be changed.
[35m[2026-04-17 15:25:40,896] [   DEBUG][0m -   Number of trainable parameters = 3,254,067,200 (per device)[0m
[35m[2026-04-17 15:25:40,897] [   DEBUG][0m -   Number of trainable parameters = 13,016,279,040 (all devices, roughly)[0m

TrainProcess:   0%|          | 0/100 [00:00<?, ?it/s]W0417 15:25:44.457522 337259 nccl_comm_context.cc:70] ncclCommInitRankConfigMemOpt is not supported.
W0417 15:25:52.328801 337259 nccl_comm_context.cc:70] ncclCommInitRankConfigMemOpt is not supported.

TrainProcess:   1%|          | 1/100 [00:12<21:14, 12.87s/it][32m[2026-04-17 15:25:53,845] [    INFO][0m - loss: 11.41451645, learning_rate: 1e-05, global_step: 1, current_memory_allocated: 48.48938226699829, current_memory_reserved: 50.275453329086304, max_memory_allocated: 48.48938322067261, max_memory_reserved: 50.275453329086304, interval_runtime: 12.9456, interval_samples_per_second: 0.309, interval_steps_per_second: 0.0772, global_norm: 16.717777252197266, ppl: 90627.81466073253, progress_or_epoch: 0.01, cpu_used_memory: 171.73, cpu_available_memory: 2851.77[0m
[32m[2026-04-17 15:25:53,845] [    INFO][0m - [DataLoad global_step: 1] data_load_time: 2826.71 ms (accumulated over 4 micro-batches)[0m

TrainProcess:   2%|▏         | 2/100 [00:16<11:43,  7.17s/it][32m[2026-04-17 15:25:57,009] [    INFO][0m - loss: 11.48560143, learning_rate: 2e-05, global_step: 2, current_memory_allocated: 48.48938226699829, current_memory_reserved: 59.322328329086304, max_memory_allocated: 56.08300995826721, max_memory_reserved: 59.322328329086304, interval_runtime: 3.1642, interval_samples_per_second: 1.2641, interval_steps_per_second: 0.316, global_norm: 18.85437774658203, ppl: 97304.5889538712, progress_or_epoch: 0.02, cpu_used_memory: 171.87, cpu_available_memory: 2851.64[0m
[32m[2026-04-17 15:25:57,009] [    INFO][0m - [DataLoad global_step: 2] data_load_time: 0.43 ms (accumulated over 4 micro-batches)[0m

TrainProcess:   3%|▎         | 3/100 [00:19<08:36,  5.32s/it][32m[2026-04-17 15:26:00,128] [    INFO][0m - loss: 10.54249001, learning_rate: 3e-05, global_step: 3, current_memory_allocated: 48.48938226699829, current_memory_reserved: 59.322328329086304, max_memory_allocated: 56.08300995826721, max_memory_reserved: 59.322328329086304, interval_runtime: 3.1189, interval_samples_per_second: 1.2825, interval_steps_per_second: 0.3206, global_norm: 17.414302825927734, ppl: 37891.800044616924, progress_or_epoch: 0.03, cpu_used_memory: 171.96, cpu_available_memory: 2851.54[0m
[32m[2026-04-17 15:26:00,128] [    INFO][0m - [DataLoad global_step: 3] data_load_time: 0.16 ms (accumulated over 4 micro-batches)[0m

TrainProcess:   4%|▍         | 4/100 [00:22<07:07,  4.45s/it][32m[2026-04-17 15:26:03,247] [    INFO][0m - loss: 12.13046646, learning_rate: 4e-05, global_step: 4, current_memory_allocated: 48.48938226699829, current_memory_reserved: 59.322328329086304, max_memory_allocated: 56.08300995826721, max_memory_reserved: 59.322328329086304, interval_runtime: 3.1185, interval_samples_per_second: 1.2827, interval_steps_per_second: 0.3207, global_norm: 90.44099426269531, ppl: 185436.2544143433, progress_or_epoch: 0.04, cpu_used_memory: 171.96, cpu_available_memory: 2851.54[0m
[32m[2026-04-17 15:26:03,247] [    INFO][0m - [DataLoad global_step: 4] data_load_time: 0.35 ms (accumulated over 4 micro-batches)[0m

TrainProcess:   5%|▌         | 5/100 [00:25<06:17,  3.97s/it][32m[2026-04-17 15:26:06,368] [    INFO][0m - loss: 13.17172432, learning_rate: 5e-05, global_step: 5, current_memory_allocated: 48.48938226699829, current_memory_reserved: 59.322328329086304, max_memory_allocated: 56.08300995826721, max_memory_reserved: 59.322328329086304, interval_runtime: 3.1199, interval_samples_per_second: 1.2821, interval_steps_per_second: 0.3205, global_norm: 121.82483673095703, ppl: 525299.7442094014, progress_or_epoch: 0.05, cpu_used_memory: 171.97, cpu_available_memory: 2851.54[0m
[32m[2026-04-17 15:26:06,368] [    INFO][0m - [DataLoad global_step: 5] data_load_time: 0.39 ms (accumulated over 4 micro-batches)[0m

TrainProcess:   6%|▌         | 6/100 [00:28<05:46,  3.68s/it][32m[2026-04-17 15:26:09,488] [    INFO][0m - loss: 11.83663082, learning_rate: 6e-05, global_step: 6, current_memory_allocated: 48.48938226699829, current_memory_reserved: 59.322328329086304, max_memory_allocated: 56.08300995826721, max_memory_reserved: 59.322328329086304, interval_runtime: 3.1209, interval_samples_per_second: 1.2817, interval_steps_per_second: 0.3204, global_norm: 17.220935821533203, ppl: 138223.99770566606, progress_or_epoch: 0.06, cpu_used_memory: 172.02, cpu_available_memory: 2851.48[0m
[32m[2026-04-17 15:26:09,489] [    INFO][0m - [DataLoad global_step: 6] data_load_time: 0.22 ms (accumulated over 4 micro-batches)[0m

TrainProcess:   7%|▋         | 7/100 [00:31<05:25,  3.50s/it][32m[2026-04-17 15:26:12,607] [    INFO][0m - loss: 18.03150368, learning_rate: 7e-05, global_step: 7, current_memory_allocated: 48.48938226699829, current_memory_reserved: 59.322328329086304, max_memory_allocated: 56.08300995826721, max_memory_reserved: 59.322328329086304, interval_runtime: 3.1176, interval_samples_per_second: 1.283, interval_steps_per_second: 0.3208, global_norm: 153.0903778076172, ppl: 67761427.83288835, progress_or_epoch: 0.07, cpu_used_memory: 172.04, cpu_available_memory: 2851.46[0m
[32m[2026-04-17 15:26:12,607] [    INFO][0m - [DataLoad global_step: 7] data_load_time: 0.19 ms (accumulated over 4 micro-batches)[0m

TrainProcess:   8%|▊         | 8/100 [00:34<05:10,  3.38s/it][32m[2026-04-17 15:26:15,726] [    INFO][0m - loss: 16.53937149, learning_rate: 8e-05, global_step: 8, current_memory_allocated: 48.48938226699829, current_memory_reserved: 59.322328329086304, max_memory_allocated: 56.08300995826721, max_memory_reserved: 59.322328329086304, interval_runtime: 3.1194, interval_samples_per_second: 1.2823, interval_steps_per_second: 0.3206, global_norm: 137.5117950439453, ppl: 15239045.728162644, progress_or_epoch: 0.08, cpu_used_memory: 172.02, cpu_available_memory: 2851.48[0m
[32m[2026-04-17 15:26:15,726] [    INFO][0m - [DataLoad global_step: 8] data_load_time: 0.30 ms (accumulated over 4 micro-batches)[0m

TrainProcess:   9%|▉         | 9/100 [00:37<05:00,  3.30s/it][32m[2026-04-17 15:26:18,846] [    INFO][0m - loss: 16.02977943, learning_rate: 9e-05, global_step: 9, current_memory_allocated: 48.48938226699829, current_memory_reserved: 59.322328329086304, max_memory_allocated: 56.08300995826721, max_memory_reserved: 59.322328329086304, interval_runtime: 3.1198, interval_samples_per_second: 1.2821, interval_steps_per_second: 0.3205, global_norm: 103.8269271850586, ppl: 9154713.397225443, progress_or_epoch: 0.09, cpu_used_memory: 171.97, cpu_available_memory: 2851.54[0m
[32m[2026-04-17 15:26:18,847] [    INFO][0m - [DataLoad global_step: 9] data_load_time: 0.62 ms (accumulated over 4 micro-batches)[0m

TrainProcess:  10%|█         | 10/100 [00:41<04:51,  3.24s/it][32m[2026-04-17 15:26:21,967] [    INFO][0m - loss: 12.97736168, learning_rate: 0.0001, global_step: 10, current_memory_allocated: 48.48938226699829, current_memory_reserved: 59.322328329086304, max_memory_allocated: 56.08300995826721, max_memory_reserved: 59.322328329086304, interval_runtime: 3.1203, interval_samples_per_second: 1.2819, interval_steps_per_second: 0.3205, global_norm: 51.343788146972656, ppl: 432510.4124097011, progress_or_epoch: 0.1, cpu_used_memory: 171.95, cpu_available_memory: 2851.55[0m
[32m[2026-04-17 15:26:21,967] [    INFO][0m - [DataLoad global_step: 10] data_load_time: 0.69 ms (accumulated over 4 micro-batches)[0m

TrainProcess:  11%|█         | 11/100 [00:44<04:45,  3.21s/it][32m[2026-04-17 15:26:25,088] [    INFO][0m - loss: 13.55880547, learning_rate: 9.889e-05, global_step: 11, current_memory_allocated: 48.48938226699829, current_memory_reserved: 59.322328329086304, max_memory_allocated: 56.08300995826721, max_memory_reserved: 59.322328329086304, interval_runtime: 3.1212, interval_samples_per_second: 1.2816, interval_steps_per_second: 0.3204, global_norm: 25.07505989074707, ppl: 773596.3229941612, progress_or_epoch: 0.11, cpu_used_memory: 172.0, cpu_available_memory: 2851.5[0m
[32m[2026-04-17 15:26:25,089] [    INFO][0m - [DataLoad global_step: 11] data_load_time: 0.46 ms (accumulated over 4 micro-batches)[0m

TrainProcess:  12%|█▏        | 12/100 [00:47<04:39,  3.18s/it][32m[2026-04-17 15:26:28,209] [    INFO][0m - loss: 13.61295128, learning_rate: 9.778e-05, global_step: 12, current_memory_allocated: 48.48938226699829, current_memory_reserved: 59.322328329086304, max_memory_allocated: 56.08300995826721, max_memory_reserved: 59.322328329086304, interval_runtime: 3.1197, interval_samples_per_second: 1.2822, interval_steps_per_second: 0.3205, global_norm: 51.20957565307617, ppl: 816638.0725208124, progress_or_epoch: 0.12, cpu_used_memory: 172.0, cpu_available_memory: 2851.51[0m
[32m[2026-04-17 15:26:28,209] [    INFO][0m - [DataLoad global_step: 12] data_load_time: 0.37 ms (accumulated over 4 micro-batches)[0m

TrainProcess:  13%|█▎        | 13/100 [00:50<04:35,  3.16s/it][32m[2026-04-17 15:26:31,328] [    INFO][0m - loss: 12.47366905, learning_rate: 9.667e-05, global_step: 13, current_memory_allocated: 48.48938226699829, current_memory_reserved: 59.322328329086304, max_memory_allocated: 56.08300995826721, max_memory_reserved: 59.322328329086304, interval_runtime: 3.1192, interval_samples_per_second: 1.2824, interval_steps_per_second: 0.3206, global_norm: 10.136977195739746, ppl: 261363.92140299635, progress_or_epoch: 0.13, cpu_used_memory: 172.07, cpu_available_memory: 2851.43[0m
[32m[2026-04-17 15:26:31,328] [    INFO][0m - [DataLoad global_step: 13] data_load_time: 0.38 ms (accumulated over 4 micro-batches)[0m

TrainProcess:  14%|█▍        | 14/100 [00:53<04:30,  3.15s/it][32m[2026-04-17 15:26:34,447] [    INFO][0m - loss: 11.49010468, learning_rate: 9.556e-05, global_step: 14, current_memory_allocated: 48.48938226699829, current_memory_reserved: 59.322328329086304, max_memory_allocated: 56.08300995826721, max_memory_reserved: 59.322328329086304, interval_runtime: 3.119, interval_samples_per_second: 1.2825, interval_steps_per_second: 0.3206, global_norm: 9.085878372192383, ppl: 97743.763959321, progress_or_epoch: 0.14, cpu_used_memory: 172.09, cpu_available_memory: 2851.41[0m
[32m[2026-04-17 15:26:34,448] [    INFO][0m - [DataLoad global_step: 14] data_load_time: 0.89 ms (accumulated over 4 micro-batches)[0m

TrainProcess:  15%|█▌        | 15/100 [00:56<04:26,  3.14s/it][32m[2026-04-17 15:26:37,564] [    INFO][0m - loss: 10.88790894, learning_rate: 9.444e-05, global_step: 15, current_memory_allocated: 48.48938226699829, current_memory_reserved: 59.322328329086304, max_memory_allocated: 56.08300995826721, max_memory_reserved: 59.322328329086304, interval_runtime: 3.1165, interval_samples_per_second: 1.2835, interval_steps_per_second: 0.3209, global_norm: 30.87192153930664, ppl: 53525.258341290275, progress_or_epoch: 0.15, cpu_used_memory: 172.12, cpu_available_memory: 2851.38[0m
[32m[2026-04-17 15:26:37,565] [    INFO][0m - [DataLoad global_step: 15] data_load_time: 0.34 ms (accumulated over 4 micro-batches)[0m

TrainProcess:  16%|█▌        | 16/100 [00:59<04:23,  3.13s/it][32m[2026-04-17 15:26:40,682] [    INFO][0m - loss: 10.80885792, learning_rate: 9.333e-05, global_step: 16, current_memory_allocated: 48.48938226699829, current_memory_reserved: 59.322328329086304, max_memory_allocated: 56.08300995826721, max_memory_reserved: 59.322328329086304, interval_runtime: 3.1169, interval_samples_per_second: 1.2833, interval_steps_per_second: 0.3208, global_norm: 19.346641540527344, ppl: 49456.9523155121, progress_or_epoch: 0.16, cpu_used_memory: 172.13, cpu_available_memory: 2851.38[0m
[32m[2026-04-17 15:26:40,682] [    INFO][0m - [DataLoad global_step: 16] data_load_time: 0.30 ms (accumulated over 4 micro-batches)[0m

TrainProcess:  17%|█▋        | 17/100 [01:02<04:19,  3.13s/it][32m[2026-04-17 15:26:43,797] [    INFO][0m - loss: 9.89901829, learning_rate: 9.222e-05, global_step: 17, current_memory_allocated: 48.48938226699829, current_memory_reserved: 59.322328329086304, max_memory_allocated: 56.08300995826721, max_memory_reserved: 59.322328329086304, interval_runtime: 3.1158, interval_samples_per_second: 1.2838, interval_steps_per_second: 0.3209, global_norm: 8.448136329650879, ppl: 19910.81419511772, progress_or_epoch: 0.17, cpu_used_memory: 172.07, cpu_available_memory: 2851.43[0m
[32m[2026-04-17 15:26:43,797] [    INFO][0m - [DataLoad global_step: 17] data_load_time: 0.51 ms (accumulated over 4 micro-batches)[0m

TrainProcess:  18%|█▊        | 18/100 [01:05<04:16,  3.12s/it][32m[2026-04-17 15:26:46,913] [    INFO][0m - loss: 9.86875153, learning_rate: 9.111e-05, global_step: 18, current_memory_allocated: 48.48938226699829, current_memory_reserved: 59.322328329086304, max_memory_allocated: 56.08300995826721, max_memory_reserved: 59.322328329086304, interval_runtime: 3.1146, interval_samples_per_second: 1.2843, interval_steps_per_second: 0.3211, global_norm: 5.387847423553467, ppl: 19317.206959461706, progress_or_epoch: 0.18, cpu_used_memory: 172.08, cpu_available_memory: 2851.43[0m
[32m[2026-04-17 15:26:46,913] [    INFO][0m - [DataLoad global_step: 18] data_load_time: 0.21 ms (accumulated over 4 micro-batches)[0m

TrainProcess:  19%|█▉        | 19/100 [01:09<04:12,  3.12s/it][32m[2026-04-17 15:26:50,029] [    INFO][0m - loss: 9.37989521, learning_rate: 9e-05, global_step: 19, current_memory_allocated: 48.48938226699829, current_memory_reserved: 59.322328329086304, max_memory_allocated: 56.08300995826721, max_memory_reserved: 59.322328329086304, interval_runtime: 3.1161, interval_samples_per_second: 1.2836, interval_steps_per_second: 0.3209, global_norm: 9.564244270324707, ppl: 11847.773160983967, progress_or_epoch: 0.19, cpu_used_memory: 172.04, cpu_available_memory: 2851.47[0m
[32m[2026-04-17 15:26:50,030] [    INFO][0m - [DataLoad global_step: 19] data_load_time: 0.48 ms (accumulated over 4 micro-batches)[0m

TrainProcess:  20%|██        | 20/100 [01:12<04:09,  3.12s/it][32m[2026-04-17 15:26:53,147] [    INFO][0m - loss: 9.18297577, learning_rate: 8.889e-05, global_step: 20, current_memory_allocated: 48.48938226699829, current_memory_reserved: 59.322328329086304, max_memory_allocated: 56.08300995826721, max_memory_reserved: 59.322328329086304, interval_runtime: 3.1177, interval_samples_per_second: 1.283, interval_steps_per_second: 0.3208, global_norm: 11.073135375976562, ppl: 9730.064167809698, progress_or_epoch: 0.2, cpu_used_memory: 172.03, cpu_available_memory: 2851.47[0m
[32m[2026-04-17 15:26:53,147] [    INFO][0m - [DataLoad global_step: 20] data_load_time: 0.96 ms (accumulated over 4 micro-batches)[0m

TrainProcess:  21%|██        | 21/100 [01:15<04:06,  3.12s/it][32m[2026-04-17 15:26:56,262] [    INFO][0m - loss: 8.76578999, learning_rate: 8.778e-05, global_step: 21, current_memory_allocated: 48.48938226699829, current_memory_reserved: 59.322328329086304, max_memory_allocated: 56.08300995826721, max_memory_reserved: 59.322328329086304, interval_runtime: 3.1151, interval_samples_per_second: 1.2841, interval_steps_per_second: 0.321, global_norm: 7.40096378326416, ppl: 6411.1246695998525, progress_or_epoch: 0.21, cpu_used_memory: 172.1, cpu_available_memory: 2851.4[0m
[32m[2026-04-17 15:26:56,263] [    INFO][0m - [DataLoad global_step: 21] data_load_time: 0.20 ms (accumulated over 4 micro-batches)[0m

TrainProcess:  22%|██▏       | 22/100 [01:18<04:03,  3.12s/it][32m[2026-04-17 15:26:59,377] [    INFO][0m - loss: 8.38895035, learning_rate: 8.667e-05, global_step: 22, current_memory_allocated: 48.48938226699829, current_memory_reserved: 59.322328329086304, max_memory_allocated: 56.08300995826721, max_memory_reserved: 59.322328329086304, interval_runtime: 3.1141, interval_samples_per_second: 1.2845, interval_steps_per_second: 0.3211, global_norm: 8.062177658081055, ppl: 4398.198701226037, progress_or_epoch: 0.22, cpu_used_memory: 172.08, cpu_available_memory: 2851.42[0m
[32m[2026-04-17 15:26:59,377] [    INFO][0m - [DataLoad global_step: 22] data_load_time: 0.36 ms (accumulated over 4 micro-batches)[0m

TrainProcess:  23%|██▎       | 23/100 [01:21<03:59,  3.12s/it][32m[2026-04-17 15:27:02,492] [    INFO][0m - loss: 8.12304878, learning_rate: 8.556e-05, global_step: 23, current_memory_allocated: 48.48938226699829, current_memory_reserved: 59.322328329086304, max_memory_allocated: 56.08300995826721, max_memory_reserved: 59.322328329086304, interval_runtime: 3.1147, interval_samples_per_second: 1.2842, interval_steps_per_second: 0.3211, global_norm: 5.000173568725586, ppl: 3371.283394237548, progress_or_epoch: 0.23, cpu_used_memory: 172.16, cpu_available_memory: 2851.34[0m
[32m[2026-04-17 15:27:02,492] [    INFO][0m - [DataLoad global_step: 23] data_load_time: 0.41 ms (accumulated over 4 micro-batches)[0m

TrainProcess:  24%|██▍       | 24/100 [01:24<03:56,  3.12s/it][32m[2026-04-17 15:27:05,608] [    INFO][0m - loss: 8.41633892, learning_rate: 8.444e-05, global_step: 24, current_memory_allocated: 48.48938226699829, current_memory_reserved: 59.322328329086304, max_memory_allocated: 56.08300995826721, max_memory_reserved: 59.322328329086304, interval_runtime: 3.1159, interval_samples_per_second: 1.2837, interval_steps_per_second: 0.3209, global_norm: 23.099943161010742, ppl: 4520.323856826801, progress_or_epoch: 0.24, cpu_used_memory: 172.08, cpu_available_memory: 2851.42[0m
[32m[2026-04-17 15:27:05,608] [    INFO][0m - [DataLoad global_step: 24] data_load_time: 0.91 ms (accumulated over 4 micro-batches)[0m

TrainProcess:  25%|██▌       | 25/100 [01:27<03:53,  3.12s/it][32m[2026-04-17 15:27:08,723] [    INFO][0m - loss: 8.41631126, learning_rate: 8.333e-05, global_step: 25, current_memory_allocated: 48.48938226699829, current_memory_reserved: 59.322328329086304, max_memory_allocated: 56.08300995826721, max_memory_reserved: 59.322328329086304, interval_runtime: 3.1147, interval_samples_per_second: 1.2842, interval_steps_per_second: 0.3211, global_norm: 8.494675636291504, ppl: 4520.198826398105, progress_or_epoch: 0.25, cpu_used_memory: 172.05, cpu_available_memory: 2851.45[0m
[32m[2026-04-17 15:27:08,723] [    INFO][0m - [DataLoad global_step: 25] data_load_time: 0.66 ms (accumulated over 4 micro-batches)[0m

TrainProcess:  26%|██▌       | 26/100 [01:30<03:50,  3.12s/it][32m[2026-04-17 15:27:11,837] [    INFO][0m - loss: 8.0895977, learning_rate: 8.222e-05, global_step: 26, current_memory_allocated: 48.48938226699829, current_memory_reserved: 59.322328329086304, max_memory_allocated: 56.08300995826721, max_memory_reserved: 59.322328329086304, interval_runtime: 3.1143, interval_samples_per_second: 1.2844, interval_steps_per_second: 0.3211, global_norm: 12.490907669067383, ppl: 3260.3756572262023, progress_or_epoch: 0.26, cpu_used_memory: 172.03, cpu_available_memory: 2851.47[0m
[32m[2026-04-17 15:27:11,838] [    INFO][0m - [DataLoad global_step: 26] data_load_time: 0.19 ms (accumulated over 4 micro-batches)[0m

TrainProcess:  27%|██▋       | 27/100 [01:33<03:47,  3.11s/it][32m[2026-04-17 15:27:14,951] [    INFO][0m - loss: 7.92050076, learning_rate: 8.111e-05, global_step: 27, current_memory_allocated: 48.48938226699829, current_memory_reserved: 59.322328329086304, max_memory_allocated: 56.08300995826721, max_memory_reserved: 59.322328329086304, interval_runtime: 3.1136, interval_samples_per_second: 1.2847, interval_steps_per_second: 0.3212, global_norm: 6.126556396484375, ppl: 2753.1493676743276, progress_or_epoch: 0.27, cpu_used_memory: 172.0, cpu_available_memory: 2851.51[0m
[32m[2026-04-17 15:27:14,951] [    INFO][0m - [DataLoad global_step: 27] data_load_time: 1.02 ms (accumulated over 4 micro-batches)[0m

TrainProcess:  28%|██▊       | 28/100 [01:37<03:44,  3.11s/it][32m[2026-04-17 15:27:18,066] [    INFO][0m - loss: 7.92590904, learning_rate: 8e-05, global_step: 28, current_memory_allocated: 48.48938226699829, current_memory_reserved: 59.322328329086304, max_memory_allocated: 56.08300995826721, max_memory_reserved: 59.322328329086304, interval_runtime: 3.114, interval_samples_per_second: 1.2845, interval_steps_per_second: 0.3211, global_norm: 3.9899330139160156, ppl: 2768.079507132279, progress_or_epoch: 0.28, cpu_used_memory: 172.01, cpu_available_memory: 2851.49[0m
[32m[2026-04-17 15:27:18,066] [    INFO][0m - [DataLoad global_step: 28] data_load_time: 0.73 ms (accumulated over 4 micro-batches)[0m

TrainProcess:  29%|██▉       | 29/100 [01:40<03:41,  3.12s/it][32m[2026-04-17 15:27:21,182] [    INFO][0m - loss: 7.83524704, learning_rate: 7.889e-05, global_step: 29, current_memory_allocated: 48.48938226699829, current_memory_reserved: 59.322328329086304, max_memory_allocated: 56.08300995826721, max_memory_reserved: 59.322328329086304, interval_runtime: 3.1153, interval_samples_per_second: 1.284, interval_steps_per_second: 0.321, global_norm: 6.099102973937988, ppl: 2528.159988868033, progress_or_epoch: 0.29, cpu_used_memory: 171.98, cpu_available_memory: 2851.53[0m
[32m[2026-04-17 15:27:21,182] [    INFO][0m - [DataLoad global_step: 29] data_load_time: 0.27 ms (accumulated over 4 micro-batches)[0m

TrainProcess:  30%|███       | 30/100 [01:43<03:38,  3.11s/it][32m[2026-04-17 15:27:24,296] [    INFO][0m - loss: 7.66139221, learning_rate: 7.778e-05, global_step: 30, current_memory_allocated: 48.48938226699829, current_memory_reserved: 59.322328329086304, max_memory_allocated: 56.08300995826721, max_memory_reserved: 59.322328329086304, interval_runtime: 3.1148, interval_samples_per_second: 1.2842, interval_steps_per_second: 0.3211, global_norm: 5.8812737464904785, ppl: 2124.713417689458, progress_or_epoch: 0.3, cpu_used_memory: 171.95, cpu_available_memory: 2851.55[0m
[32m[2026-04-17 15:27:24,296] [    INFO][0m - [DataLoad global_step: 30] data_load_time: 0.60 ms (accumulated over 4 micro-batches)[0m

TrainProcess:  31%|███       | 31/100 [01:46<03:34,  3.11s/it][32m[2026-04-17 15:27:27,407] [    INFO][0m - loss: 7.91054058, learning_rate: 7.667e-05, global_step: 31, current_memory_allocated: 48.48938226699829, current_memory_reserved: 59.322328329086304, max_memory_allocated: 56.08300995826721, max_memory_reserved: 59.322328329086304, interval_runtime: 3.111, interval_samples_per_second: 1.2858, interval_steps_per_second: 0.3214, global_norm: 5.9006218910217285, ppl: 2725.8636154806827, progress_or_epoch: 0.31, cpu_used_memory: 171.99, cpu_available_memory: 2851.51[0m
[32m[2026-04-17 15:27:27,407] [    INFO][0m - [DataLoad global_step: 31] data_load_time: 0.19 ms (accumulated over 4 micro-batches)[0m

TrainProcess:  32%|███▏      | 32/100 [01:49<03:31,  3.11s/it][32m[2026-04-17 15:27:30,520] [    INFO][0m - loss: 7.64269733, learning_rate: 7.556e-05, global_step: 32, current_memory_allocated: 48.48938226699829, current_memory_reserved: 59.322328329086304, max_memory_allocated: 56.08300995826721, max_memory_reserved: 59.322328329086304, interval_runtime: 3.1123, interval_samples_per_second: 1.2852, interval_steps_per_second: 0.3213, global_norm: 4.479011058807373, ppl: 2085.3611444478415, progress_or_epoch: 0.32, cpu_used_memory: 172.01, cpu_available_memory: 2851.5[0m
[32m[2026-04-17 15:27:30,520] [    INFO][0m - [DataLoad global_step: 32] data_load_time: 0.17 ms (accumulated over 4 micro-batches)[0m

TrainProcess:  33%|███▎      | 33/100 [01:52<03:28,  3.11s/it][32m[2026-04-17 15:27:33,632] [    INFO][0m - loss: 7.82627773, learning_rate: 7.444e-05, global_step: 33, current_memory_allocated: 48.48938226699829, current_memory_reserved: 59.322328329086304, max_memory_allocated: 56.08300995826721, max_memory_reserved: 59.322328329086304, interval_runtime: 3.112, interval_samples_per_second: 1.2854, interval_steps_per_second: 0.3213, global_norm: 5.168071269989014, ppl: 2505.5855282061234, progress_or_epoch: 0.33, cpu_used_memory: 172.04, cpu_available_memory: 2851.46[0m
[32m[2026-04-17 15:27:33,633] [    INFO][0m - [DataLoad global_step: 33] data_load_time: 0.52 ms (accumulated over 4 micro-batches)[0m

TrainProcess:  34%|███▍      | 34/100 [01:55<03:25,  3.11s/it][32m[2026-04-17 15:27:36,745] [    INFO][0m - loss: 7.57376432, learning_rate: 7.333e-05, global_step: 34, current_memory_allocated: 48.48938226699829, current_memory_reserved: 59.322328329086304, max_memory_allocated: 56.08300995826721, max_memory_reserved: 59.322328329086304, interval_runtime: 3.1128, interval_samples_per_second: 1.285, interval_steps_per_second: 0.3213, global_norm: 3.7862863540649414, ppl: 1946.4535822696475, progress_or_epoch: 0.34, cpu_used_memory: 172.07, cpu_available_memory: 2851.43[0m
[32m[2026-04-17 15:27:36,745] [    INFO][0m - [DataLoad global_step: 34] data_load_time: 0.45 ms (accumulated over 4 micro-batches)[0m

TrainProcess:  35%|███▌      | 35/100 [01:58<03:22,  3.11s/it][32m[2026-04-17 15:27:39,857] [    INFO][0m - loss: 7.62599802, learning_rate: 7.222e-05, global_step: 35, current_memory_allocated: 48.48938226699829, current_memory_reserved: 59.322328329086304, max_memory_allocated: 56.08300995826721, max_memory_reserved: 59.322328329086304, interval_runtime: 3.1119, interval_samples_per_second: 1.2854, interval_steps_per_second: 0.3213, global_norm: 2.7351722717285156, ppl: 2050.8262095769837, progress_or_epoch: 0.35, cpu_used_memory: 172.04, cpu_available_memory: 2851.46[0m
[32m[2026-04-17 15:27:39,858] [    INFO][0m - [DataLoad global_step: 35] data_load_time: 0.19 ms (accumulated over 4 micro-batches)[0m

TrainProcess:  36%|███▌      | 36/100 [02:02<03:19,  3.11s/it][32m[2026-04-17 15:27:42,970] [    INFO][0m - loss: 7.39110088, learning_rate: 7.111e-05, global_step: 36, current_memory_allocated: 48.48938226699829, current_memory_reserved: 59.322328329086304, max_memory_allocated: 56.08300995826721, max_memory_reserved: 59.322328329086304, interval_runtime: 3.1125, interval_samples_per_second: 1.2852, interval_steps_per_second: 0.3213, global_norm: 3.684022903442383, ppl: 1621.4901968502686, progress_or_epoch: 0.36, cpu_used_memory: 172.06, cpu_available_memory: 2851.44[0m
[32m[2026-04-17 15:27:42,970] [    INFO][0m - [DataLoad global_step: 36] data_load_time: 0.49 ms (accumulated over 4 micro-batches)[0m

TrainProcess:  37%|███▋      | 37/100 [02:05<03:16,  3.11s/it][32m[2026-04-17 15:27:46,081] [    INFO][0m - loss: 7.62400532, learning_rate: 7e-05, global_step: 37, current_memory_allocated: 48.48938226699829, current_memory_reserved: 59.322328329086304, max_memory_allocated: 56.08300995826721, max_memory_reserved: 59.322328329086304, interval_runtime: 3.1111, interval_samples_per_second: 1.2857, interval_steps_per_second: 0.3214, global_norm: 4.672275066375732, ppl: 2046.743597250906, progress_or_epoch: 0.37, cpu_used_memory: 172.07, cpu_available_memory: 2851.43[0m
[32m[2026-04-17 15:27:46,082] [    INFO][0m - [DataLoad global_step: 37] data_load_time: 0.33 ms (accumulated over 4 micro-batches)[0m

TrainProcess:  38%|███▊      | 38/100 [02:08<03:12,  3.11s/it][32m[2026-04-17 15:27:49,193] [    INFO][0m - loss: 7.62535286, learning_rate: 6.889e-05, global_step: 38, current_memory_allocated: 48.48938226699829, current_memory_reserved: 59.322328329086304, max_memory_allocated: 56.08300995826721, max_memory_reserved: 59.322328329086304, interval_runtime: 3.1111, interval_samples_per_second: 1.2857, interval_steps_per_second: 0.3214, global_norm: 7.206173896789551, ppl: 2049.503525256999, progress_or_epoch: 0.38, cpu_used_memory: 172.05, cpu_available_memory: 2851.45[0m
[32m[2026-04-17 15:27:49,193] [    INFO][0m - [DataLoad global_step: 38] data_load_time: 0.18 ms (accumulated over 4 micro-batches)[0m

TrainProcess:  39%|███▉      | 39/100 [02:11<03:09,  3.11s/it][32m[2026-04-17 15:27:52,304] [    INFO][0m - loss: 7.50601006, learning_rate: 6.778e-05, global_step: 39, current_memory_allocated: 48.48938226699829, current_memory_reserved: 59.322328329086304, max_memory_allocated: 56.08300995826721, max_memory_reserved: 59.322328329086304, interval_runtime: 3.1111, interval_samples_per_second: 1.2857, interval_steps_per_second: 0.3214, global_norm: 6.5124640464782715, ppl: 1818.9415773537658, progress_or_epoch: 0.39, cpu_used_memory: 172.02, cpu_available_memory: 2851.48[0m
[32m[2026-04-17 15:27:52,305] [    INFO][0m - [DataLoad global_step: 39] data_load_time: 0.41 ms (accumulated over 4 micro-batches)[0m

TrainProcess:  40%|████      | 40/100 [02:14<03:06,  3.11s/it][32m[2026-04-17 15:27:55,418] [    INFO][0m - loss: 7.50447941, learning_rate: 6.667e-05, global_step: 40, current_memory_allocated: 48.48938226699829, current_memory_reserved: 59.322328329086304, max_memory_allocated: 56.08300995826721, max_memory_reserved: 59.322328329086304, interval_runtime: 3.1123, interval_samples_per_second: 1.2852, interval_steps_per_second: 0.3213, global_norm: 7.497383117675781, ppl: 1816.159544131131, progress_or_epoch: 0.4, cpu_used_memory: 172.07, cpu_available_memory: 2851.44[0m
[32m[2026-04-17 15:27:55,418] [    INFO][0m - [DataLoad global_step: 40] data_load_time: 0.53 ms (accumulated over 4 micro-batches)[0m

TrainProcess:  41%|████      | 41/100 [02:17<03:03,  3.11s/it][32m[2026-04-17 15:27:58,531] [    INFO][0m - loss: 7.4553628, learning_rate: 6.556e-05, global_step: 41, current_memory_allocated: 48.48938226699829, current_memory_reserved: 59.322328329086304, max_memory_allocated: 56.08300995826721, max_memory_reserved: 59.322328329086304, interval_runtime: 3.1138, interval_samples_per_second: 1.2846, interval_steps_per_second: 0.3211, global_norm: 3.282975196838379, ppl: 1729.111203029525, progress_or_epoch: 0.41, cpu_used_memory: 172.05, cpu_available_memory: 2851.45[0m
[32m[2026-04-17 15:27:58,531] [    INFO][0m - [DataLoad global_step: 41] data_load_time: 0.18 ms (accumulated over 4 micro-batches)[0m

TrainProcess:  42%|████▏     | 42/100 [02:20<03:00,  3.11s/it][32m[2026-04-17 15:28:01,647] [    INFO][0m - loss: 7.48724222, learning_rate: 6.444e-05, global_step: 42, current_memory_allocated: 48.48938226699829, current_memory_reserved: 59.322328329086304, max_memory_allocated: 56.08300995826721, max_memory_reserved: 59.322328329086304, interval_runtime: 3.1155, interval_samples_per_second: 1.2839, interval_steps_per_second: 0.321, global_norm: 2.462071418762207, ppl: 1785.122322719557, progress_or_epoch: 0.42, cpu_used_memory: 172.07, cpu_available_memory: 2851.43[0m
[32m[2026-04-17 15:28:01,647] [    INFO][0m - [DataLoad global_step: 42] data_load_time: 0.22 ms (accumulated over 4 micro-batches)[0m

TrainProcess:  43%|████▎     | 43/100 [02:23<02:57,  3.11s/it][32m[2026-04-17 15:28:04,764] [    INFO][0m - loss: 7.49237204, learning_rate: 6.333e-05, global_step: 43, current_memory_allocated: 48.48938226699829, current_memory_reserved: 59.322328329086304, max_memory_allocated: 56.08300995826721, max_memory_reserved: 59.322328329086304, interval_runtime: 3.1164, interval_samples_per_second: 1.2835, interval_steps_per_second: 0.3209, global_norm: 3.610663890838623, ppl: 1794.3032069218445, progress_or_epoch: 0.43, cpu_used_memory: 172.09, cpu_available_memory: 2851.41[0m
[32m[2026-04-17 15:28:04,765] [    INFO][0m - [DataLoad global_step: 43] data_load_time: 0.81 ms (accumulated over 4 micro-batches)[0m

TrainProcess:  44%|████▍     | 44/100 [02:26<02:54,  3.12s/it][32m[2026-04-17 15:28:07,880] [    INFO][0m - loss: 7.5973525, learning_rate: 6.222e-05, global_step: 44, current_memory_allocated: 48.48938226699829, current_memory_reserved: 59.322328329086304, max_memory_allocated: 56.08300995826721, max_memory_reserved: 59.322328329086304, interval_runtime: 3.116, interval_samples_per_second: 1.2837, interval_steps_per_second: 0.3209, global_norm: 3.7671077251434326, ppl: 1992.9126682293634, progress_or_epoch: 0.44, cpu_used_memory: 172.06, cpu_available_memory: 2851.44[0m
[32m[2026-04-17 15:28:07,880] [    INFO][0m - [DataLoad global_step: 44] data_load_time: 0.26 ms (accumulated over 4 micro-batches)[0m

TrainProcess:  45%|████▌     | 45/100 [02:30<02:51,  3.12s/it][32m[2026-04-17 15:28:10,996] [    INFO][0m - loss: 7.37731552, learning_rate: 6.111e-05, global_step: 45, current_memory_allocated: 48.48938226699829, current_memory_reserved: 59.322328329086304, max_memory_allocated: 56.08300995826721, max_memory_reserved: 59.322328329086304, interval_runtime: 3.1155, interval_samples_per_second: 1.2839, interval_steps_per_second: 0.321, global_norm: 2.9819881916046143, ppl: 1599.290736086658, progress_or_epoch: 0.45, cpu_used_memory: 172.03, cpu_available_memory: 2851.48[0m
[32m[2026-04-17 15:28:10,996] [    INFO][0m - [DataLoad global_step: 45] data_load_time: 0.46 ms (accumulated over 4 micro-batches)[0m

TrainProcess:  46%|████▌     | 46/100 [02:33<02:48,  3.12s/it][32m[2026-04-17 15:28:14,110] [    INFO][0m - loss: 8.15919876, learning_rate: 6e-05, global_step: 46, current_memory_allocated: 48.48938226699829, current_memory_reserved: 59.322328329086304, max_memory_allocated: 56.08300995826721, max_memory_reserved: 59.322328329086304, interval_runtime: 3.1145, interval_samples_per_second: 1.2843, interval_steps_per_second: 0.3211, global_norm: 4.697906970977783, ppl: 3495.3848393216963, progress_or_epoch: 0.46, cpu_used_memory: 172.02, cpu_available_memory: 2851.48[0m
[32m[2026-04-17 15:28:14,110] [    INFO][0m - [DataLoad global_step: 46] data_load_time: 0.19 ms (accumulated over 4 micro-batches)[0m

TrainProcess:  47%|████▋     | 47/100 [02:36<02:45,  3.11s/it][32m[2026-04-17 15:28:17,225] [    INFO][0m - loss: 7.61427355, learning_rate: 5.889e-05, global_step: 47, current_memory_allocated: 48.48938226699829, current_memory_reserved: 59.322328329086304, max_memory_allocated: 56.08300995826721, max_memory_reserved: 59.322328329086304, interval_runtime: 3.1143, interval_samples_per_second: 1.2844, interval_steps_per_second: 0.3211, global_norm: 3.770015239715576, ppl: 2026.9217665015735, progress_or_epoch: 0.47, cpu_used_memory: 172.02, cpu_available_memory: 2851.49[0m
[32m[2026-04-17 15:28:17,225] [    INFO][0m - [DataLoad global_step: 47] data_load_time: 0.35 ms (accumulated over 4 micro-batches)[0m

TrainProcess:  48%|████▊     | 48/100 [02:39<02:41,  3.12s/it][32m[2026-04-17 15:28:20,340] [    INFO][0m - loss: 7.40561676, learning_rate: 5.778e-05, global_step: 48, current_memory_allocated: 48.48938226699829, current_memory_reserved: 59.322328329086304, max_memory_allocated: 56.08300995826721, max_memory_reserved: 59.322328329086304, interval_runtime: 3.115, interval_samples_per_second: 1.2841, interval_steps_per_second: 0.321, global_norm: 3.294930934906006, ppl: 1645.199216298853, progress_or_epoch: 0.48, cpu_used_memory: 171.98, cpu_available_memory: 2851.52[0m
[32m[2026-04-17 15:28:20,341] [    INFO][0m - [DataLoad global_step: 48] data_load_time: 0.61 ms (accumulated over 4 micro-batches)[0m

TrainProcess:  49%|████▉     | 49/100 [02:42<02:38,  3.12s/it][32m[2026-04-17 15:28:23,456] [    INFO][0m - loss: 7.47883415, learning_rate: 5.667e-05, global_step: 49, current_memory_allocated: 48.48938226699829, current_memory_reserved: 59.322328329086304, max_memory_allocated: 56.08300995826721, max_memory_reserved: 59.322328329086304, interval_runtime: 3.1151, interval_samples_per_second: 1.2841, interval_steps_per_second: 0.321, global_norm: 4.536970138549805, ppl: 1770.175812975979, progress_or_epoch: 0.49, cpu_used_memory: 171.99, cpu_available_memory: 2851.51[0m
[32m[2026-04-17 15:28:23,456] [    INFO][0m - [DataLoad global_step: 49] data_load_time: 0.22 ms (accumulated over 4 micro-batches)[0m

TrainProcess:  50%|█████     | 50/100 [02:45<02:35,  3.12s/it][32m[2026-04-17 15:28:26,573] [    INFO][0m - loss: 7.41324139, learning_rate: 5.556e-05, global_step: 50, current_memory_allocated: 48.48938226699829, current_memory_reserved: 59.322328329086304, max_memory_allocated: 56.08300995826721, max_memory_reserved: 59.322328329086304, interval_runtime: 3.1168, interval_samples_per_second: 1.2834, interval_steps_per_second: 0.3208, global_norm: 2.941903829574585, ppl: 1657.7911951866006, progress_or_epoch: 0.5, cpu_used_memory: 172.12, cpu_available_memory: 2851.38[0m
[32m[2026-04-17 15:28:26,573] [    INFO][0m - [DataLoad global_step: 50] data_load_time: 0.25 ms (accumulated over 4 micro-batches)[0m

TrainProcess:  51%|█████     | 51/100 [02:48<02:32,  3.12s/it][32m[2026-04-17 15:28:29,689] [    INFO][0m - loss: 7.47242975, learning_rate: 5.444e-05, global_step: 51, current_memory_allocated: 48.48938226699829, current_memory_reserved: 59.322328329086304, max_memory_allocated: 56.08300995826721, max_memory_reserved: 59.322328329086304, interval_runtime: 3.1164, interval_samples_per_second: 1.2835, interval_steps_per_second: 0.3209, global_norm: 2.5332467555999756, ppl: 1758.8751246894324, progress_or_epoch: 0.51, cpu_used_memory: 172.13, cpu_available_memory: 2851.37[0m
[32m[2026-04-17 15:28:29,690] [    INFO][0m - [DataLoad global_step: 51] data_load_time: 0.56 ms (accumulated over 4 micro-batches)[0m

TrainProcess:  52%|█████▏    | 52/100 [02:51<02:29,  3.12s/it][32m[2026-04-17 15:28:32,809] [    INFO][0m - loss: 7.68681765, learning_rate: 5.333e-05, global_step: 52, current_memory_allocated: 48.48938226699829, current_memory_reserved: 59.322328329086304, max_memory_allocated: 56.08300995826721, max_memory_reserved: 59.322328329086304, interval_runtime: 3.1176, interval_samples_per_second: 1.283, interval_steps_per_second: 0.3208, global_norm: 4.711293697357178, ppl: 2179.427812497316, progress_or_epoch: 0.52, cpu_used_memory: 172.2, cpu_available_memory: 2851.3[0m
[32m[2026-04-17 15:28:32,809] [    INFO][0m - [DataLoad global_step: 52] data_load_time: 0.41 ms (accumulated over 4 micro-batches)[0m

TrainProcess:  53%|█████▎    | 53/100 [02:54<02:26,  3.12s/it][32m[2026-04-17 15:28:35,927] [    INFO][0m - loss: 7.39914799, learning_rate: 5.222e-05, global_step: 53, current_memory_allocated: 48.48938226699829, current_memory_reserved: 59.322328329086304, max_memory_allocated: 56.08300995826721, max_memory_reserved: 59.322328329086304, interval_runtime: 3.1188, interval_samples_per_second: 1.2825, interval_steps_per_second: 0.3206, global_norm: 3.808013677597046, ppl: 1634.5911485308811, progress_or_epoch: 0.53, cpu_used_memory: 172.24, cpu_available_memory: 2851.27[0m
[32m[2026-04-17 15:28:35,927] [    INFO][0m - [DataLoad global_step: 53] data_load_time: 0.44 ms (accumulated over 4 micro-batches)[0m

TrainProcess:  54%|█████▍    | 54/100 [02:58<02:23,  3.12s/it][32m[2026-04-17 15:28:39,043] [    INFO][0m - loss: 7.68785954, learning_rate: 5.111e-05, global_step: 54, current_memory_allocated: 48.48938226699829, current_memory_reserved: 59.322328329086304, max_memory_allocated: 56.08300995826721, max_memory_reserved: 59.322328329086304, interval_runtime: 3.1155, interval_samples_per_second: 1.2839, interval_steps_per_second: 0.321, global_norm: 7.443789005279541, ppl: 2181.6997198741474, progress_or_epoch: 0.54, cpu_used_memory: 172.23, cpu_available_memory: 2851.27[0m
[32m[2026-04-17 15:28:39,043] [    INFO][0m - [DataLoad global_step: 54] data_load_time: 0.36 ms (accumulated over 4 micro-batches)[0m

TrainProcess:  55%|█████▌    | 55/100 [03:01<02:20,  3.12s/it][32m[2026-04-17 15:28:42,159] [    INFO][0m - loss: 7.55362701, learning_rate: 5e-05, global_step: 55, current_memory_allocated: 48.48938226699829, current_memory_reserved: 59.322328329086304, max_memory_allocated: 56.08300995826721, max_memory_reserved: 59.322328329086304, interval_runtime: 3.1165, interval_samples_per_second: 1.2835, interval_steps_per_second: 0.3209, global_norm: 3.4562647342681885, ppl: 1907.6492616894984, progress_or_epoch: 0.55, cpu_used_memory: 172.19, cpu_available_memory: 2851.31[0m
[32m[2026-04-17 15:28:42,160] [    INFO][0m - [DataLoad global_step: 55] data_load_time: 0.23 ms (accumulated over 4 micro-batches)[0m

TrainProcess:  56%|█████▌    | 56/100 [03:04<02:17,  3.12s/it][32m[2026-04-17 15:28:45,275] [    INFO][0m - loss: 7.58370686, learning_rate: 4.889e-05, global_step: 56, current_memory_allocated: 48.48938226699829, current_memory_reserved: 59.322328329086304, max_memory_allocated: 56.08300995826721, max_memory_reserved: 59.322328329086304, interval_runtime: 3.1149, interval_samples_per_second: 1.2841, interval_steps_per_second: 0.321, global_norm: 3.5267982482910156, ppl: 1965.9028019726084, progress_or_epoch: 0.56, cpu_used_memory: 172.17, cpu_available_memory: 2851.33[0m
[32m[2026-04-17 15:28:45,275] [    INFO][0m - [DataLoad global_step: 56] data_load_time: 0.19 ms (accumulated over 4 micro-batches)[0m

TrainProcess:  57%|█████▋    | 57/100 [03:07<02:13,  3.12s/it][32m[2026-04-17 15:28:48,390] [    INFO][0m - loss: 7.46585369, learning_rate: 4.778e-05, global_step: 57, current_memory_allocated: 48.48938226699829, current_memory_reserved: 59.322328329086304, max_memory_allocated: 56.08300995826721, max_memory_reserved: 59.322328329086304, interval_runtime: 3.1151, interval_samples_per_second: 1.2841, interval_steps_per_second: 0.321, global_norm: 2.1699697971343994, ppl: 1747.346604004295, progress_or_epoch: 0.57, cpu_used_memory: 172.14, cpu_available_memory: 2851.36[0m
[32m[2026-04-17 15:28:48,390] [    INFO][0m - [DataLoad global_step: 57] data_load_time: 0.25 ms (accumulated over 4 micro-batches)[0m

TrainProcess:  58%|█████▊    | 58/100 [03:10<02:10,  3.12s/it][32m[2026-04-17 15:28:51,507] [    INFO][0m - loss: 7.21111965, learning_rate: 4.667e-05, global_step: 58, current_memory_allocated: 48.48938226699829, current_memory_reserved: 59.322328329086304, max_memory_allocated: 56.08300995826721, max_memory_reserved: 59.322328329086304, interval_runtime: 3.1166, interval_samples_per_second: 1.2834, interval_steps_per_second: 0.3209, global_norm: 2.705629587173462, ppl: 1354.4078815217788, progress_or_epoch: 0.58, cpu_used_memory: 172.13, cpu_available_memory: 2851.38[0m
[32m[2026-04-17 15:28:51,507] [    INFO][0m - [DataLoad global_step: 58] data_load_time: 0.44 ms (accumulated over 4 micro-batches)[0m

TrainProcess:  59%|█████▉    | 59/100 [03:13<02:07,  3.12s/it][32m[2026-04-17 15:28:54,624] [    INFO][0m - loss: 7.79721069, learning_rate: 4.556e-05, global_step: 59, current_memory_allocated: 48.48938226699829, current_memory_reserved: 59.322328329086304, max_memory_allocated: 56.08300995826721, max_memory_reserved: 59.322328329086304, interval_runtime: 3.1169, interval_samples_per_second: 1.2833, interval_steps_per_second: 0.3208, global_norm: 3.660156011581421, ppl: 2433.8038675480825, progress_or_epoch: 0.59, cpu_used_memory: 172.11, cpu_available_memory: 2851.39[0m
[32m[2026-04-17 15:28:54,624] [    INFO][0m - [DataLoad global_step: 59] data_load_time: 0.61 ms (accumulated over 4 micro-batches)[0m

TrainProcess:  60%|██████    | 60/100 [03:16<02:04,  3.12s/it][32m[2026-04-17 15:28:57,740] [    INFO][0m - loss: 7.37870121, learning_rate: 4.444e-05, global_step: 60, current_memory_allocated: 48.48938226699829, current_memory_reserved: 59.322328329086304, max_memory_allocated: 56.08300995826721, max_memory_reserved: 59.322328329086304, interval_runtime: 3.116, interval_samples_per_second: 1.2837, interval_steps_per_second: 0.3209, global_norm: 2.652269124984741, ppl: 1601.5083934046802, progress_or_epoch: 0.6, cpu_used_memory: 172.11, cpu_available_memory: 2851.39[0m
[32m[2026-04-17 15:28:57,741] [    INFO][0m - [DataLoad global_step: 60] data_load_time: 0.51 ms (accumulated over 4 micro-batches)[0m

TrainProcess:  61%|██████    | 61/100 [03:19<02:01,  3.12s/it][32m[2026-04-17 15:29:00,858] [    INFO][0m - loss: 7.23125219, learning_rate: 4.333e-05, global_step: 61, current_memory_allocated: 48.48938226699829, current_memory_reserved: 59.322328329086304, max_memory_allocated: 56.08300995826721, max_memory_reserved: 59.322328329086304, interval_runtime: 3.1172, interval_samples_per_second: 1.2832, interval_steps_per_second: 0.3208, global_norm: 2.2120203971862793, ppl: 1381.9518874367443, progress_or_epoch: 0.61, cpu_used_memory: 172.07, cpu_available_memory: 2851.43[0m
[32m[2026-04-17 15:29:00,858] [    INFO][0m - [DataLoad global_step: 61] data_load_time: 0.45 ms (accumulated over 4 micro-batches)[0m

TrainProcess:  62%|██████▏   | 62/100 [03:23<01:58,  3.12s/it][32m[2026-04-17 15:29:03,974] [    INFO][0m - loss: 7.40981388, learning_rate: 4.222e-05, global_step: 62, current_memory_allocated: 48.48938226699829, current_memory_reserved: 59.322328329086304, max_memory_allocated: 56.08300995826721, max_memory_reserved: 59.322328329086304, interval_runtime: 3.116, interval_samples_per_second: 1.2837, interval_steps_per_second: 0.3209, global_norm: 2.016671657562256, ppl: 1652.1188258915936, progress_or_epoch: 0.62, cpu_used_memory: 172.05, cpu_available_memory: 2851.45[0m
[32m[2026-04-17 15:29:03,975] [    INFO][0m - [DataLoad global_step: 62] data_load_time: 0.39 ms (accumulated over 4 micro-batches)[0m

TrainProcess:  63%|██████▎   | 63/100 [03:26<01:55,  3.12s/it][32m[2026-04-17 15:29:07,091] [    INFO][0m - loss: 7.21876478, learning_rate: 4.111e-05, global_step: 63, current_memory_allocated: 48.48938226699829, current_memory_reserved: 59.322328329086304, max_memory_allocated: 56.08300995826721, max_memory_reserved: 59.322328329086304, interval_runtime: 3.1132, interval_samples_per_second: 1.2848, interval_steps_per_second: 0.3212, global_norm: 2.3032610416412354, ppl: 1364.8021881345303, progress_or_epoch: 0.63, cpu_used_memory: 172.04, cpu_available_memory: 2851.46[0m
[32m[2026-04-17 15:29:07,091] [    INFO][0m - [DataLoad global_step: 63] data_load_time: 0.71 ms (accumulated over 4 micro-batches)[0m

TrainProcess:  64%|██████▍   | 64/100 [03:29<01:52,  3.12s/it][32m[2026-04-17 15:29:10,205] [    INFO][0m - loss: 7.21404076, learning_rate: 4e-05, global_step: 64, current_memory_allocated: 48.48938226699829, current_memory_reserved: 59.322328329086304, max_memory_allocated: 56.08300995826721, max_memory_reserved: 59.322328329086304, interval_runtime: 3.1167, interval_samples_per_second: 1.2834, interval_steps_per_second: 0.3208, global_norm: 2.1938676834106445, ppl: 1358.3700400616508, progress_or_epoch: 0.64, cpu_used_memory: 172.1, cpu_available_memory: 2851.41[0m
[32m[2026-04-17 15:29:10,205] [    INFO][0m - [DataLoad global_step: 64] data_load_time: 0.49 ms (accumulated over 4 micro-batches)[0m

TrainProcess:  65%|██████▌   | 65/100 [03:32<01:49,  3.12s/it][32m[2026-04-17 15:29:13,319] [    INFO][0m - loss: 7.39212465, learning_rate: 3.889e-05, global_step: 65, current_memory_allocated: 48.48938226699829, current_memory_reserved: 59.322328329086304, max_memory_allocated: 56.08300995826721, max_memory_reserved: 59.322328329086304, interval_runtime: 3.1138, interval_samples_per_second: 1.2846, interval_steps_per_second: 0.3211, global_norm: 1.9774458408355713, ppl: 1623.1510799051566, progress_or_epoch: 0.65, cpu_used_memory: 172.0, cpu_available_memory: 2851.5[0m
[32m[2026-04-17 15:29:13,319] [    INFO][0m - [DataLoad global_step: 65] data_load_time: 0.17 ms (accumulated over 4 micro-batches)[0m

TrainProcess:  66%|██████▌   | 66/100 [03:35<01:45,  3.12s/it][32m[2026-04-17 15:29:16,433] [    INFO][0m - loss: 7.43155575, learning_rate: 3.778e-05, global_step: 66, current_memory_allocated: 48.48938226699829, current_memory_reserved: 59.322328329086304, max_memory_allocated: 56.08300995826721, max_memory_reserved: 59.322328329086304, interval_runtime: 3.114, interval_samples_per_second: 1.2845, interval_steps_per_second: 0.3211, global_norm: 1.9206414222717285, ppl: 1688.4323096862925, progress_or_epoch: 0.66, cpu_used_memory: 171.98, cpu_available_memory: 2851.52[0m
[32m[2026-04-17 15:29:16,433] [    INFO][0m - [DataLoad global_step: 66] data_load_time: 0.37 ms (accumulated over 4 micro-batches)[0m

TrainProcess:  67%|██████▋   | 67/100 [03:38<01:42,  3.12s/it][32m[2026-04-17 15:29:19,548] [    INFO][0m - loss: 7.42107677, learning_rate: 3.667e-05, global_step: 67, current_memory_allocated: 48.48938226699829, current_memory_reserved: 59.322328329086304, max_memory_allocated: 56.08300995826721, max_memory_reserved: 59.322328329086304, interval_runtime: 3.1152, interval_samples_per_second: 1.284, interval_steps_per_second: 0.321, global_norm: 2.256558656692505, ppl: 1670.8316408690544, progress_or_epoch: 0.67, cpu_used_memory: 172.21, cpu_available_memory: 2851.29[0m
[32m[2026-04-17 15:29:19,549] [    INFO][0m - [DataLoad global_step: 67] data_load_time: 0.75 ms (accumulated over 4 micro-batches)[0m

TrainProcess:  68%|██████▊   | 68/100 [03:41<01:39,  3.12s/it][32m[2026-04-17 15:29:22,665] [    INFO][0m - loss: 7.43007565, learning_rate: 3.556e-05, global_step: 68, current_memory_allocated: 48.48938226699829, current_memory_reserved: 59.322328329086304, max_memory_allocated: 56.08300995826721, max_memory_reserved: 59.322328329086304, interval_runtime: 3.116, interval_samples_per_second: 1.2837, interval_steps_per_second: 0.3209, global_norm: 2.130800724029541, ppl: 1685.9351095335824, progress_or_epoch: 0.68, cpu_used_memory: 172.29, cpu_available_memory: 2851.21[0m
[32m[2026-04-17 15:29:22,665] [    INFO][0m - [DataLoad global_step: 68] data_load_time: 0.77 ms (accumulated over 4 micro-batches)[0m

TrainProcess:  69%|██████▉   | 69/100 [03:44<01:36,  3.12s/it][32m[2026-04-17 15:29:25,780] [    INFO][0m - loss: 7.23615646, learning_rate: 3.444e-05, global_step: 69, current_memory_allocated: 48.48938226699829, current_memory_reserved: 59.322328329086304, max_memory_allocated: 56.08300995826721, max_memory_reserved: 59.322328329086304, interval_runtime: 3.1147, interval_samples_per_second: 1.2842, interval_steps_per_second: 0.3211, global_norm: 4.004828453063965, ppl: 1388.7459990811183, progress_or_epoch: 0.69, cpu_used_memory: 172.63, cpu_available_memory: 2850.87[0m
[32m[2026-04-17 15:29:25,780] [    INFO][0m - [DataLoad global_step: 69] data_load_time: 0.17 ms (accumulated over 4 micro-batches)[0m

TrainProcess:  70%|███████   | 70/100 [03:47<01:33,  3.12s/it][32m[2026-04-17 15:29:28,895] [    INFO][0m - loss: 7.31657124, learning_rate: 3.333e-05, global_step: 70, current_memory_allocated: 48.48938226699829, current_memory_reserved: 59.322328329086304, max_memory_allocated: 56.08300995826721, max_memory_reserved: 59.322328329086304, interval_runtime: 3.115, interval_samples_per_second: 1.2841, interval_steps_per_second: 0.321, global_norm: 1.9842965602874756, ppl: 1505.0347099398741, progress_or_epoch: 0.7, cpu_used_memory: 173.79, cpu_available_memory: 2849.71[0m
[32m[2026-04-17 15:29:28,895] [    INFO][0m - [DataLoad global_step: 70] data_load_time: 0.26 ms (accumulated over 4 micro-batches)[0m

TrainProcess:  71%|███████   | 71/100 [03:51<01:30,  3.12s/it][32m[2026-04-17 15:29:32,011] [    INFO][0m - loss: 7.10912657, learning_rate: 3.222e-05, global_step: 71, current_memory_allocated: 48.48938226699829, current_memory_reserved: 59.322328329086304, max_memory_allocated: 56.08300995826721, max_memory_reserved: 59.322328329086304, interval_runtime: 3.1157, interval_samples_per_second: 1.2838, interval_steps_per_second: 0.321, global_norm: 2.854915142059326, ppl: 1223.0788057034565, progress_or_epoch: 0.71, cpu_used_memory: 173.91, cpu_available_memory: 2849.59[0m
[32m[2026-04-17 15:29:32,011] [    INFO][0m - [DataLoad global_step: 71] data_load_time: 0.53 ms (accumulated over 4 micro-batches)[0m

TrainProcess:  72%|███████▏  | 72/100 [03:54<01:27,  3.12s/it][32m[2026-04-17 15:29:35,142] [    INFO][0m - loss: 7.37092686, learning_rate: 3.111e-05, global_step: 72, current_memory_allocated: 48.48938226699829, current_memory_reserved: 59.322328329086304, max_memory_allocated: 56.08300995826721, max_memory_reserved: 59.322328329086304, interval_runtime: 3.1306, interval_samples_per_second: 1.2777, interval_steps_per_second: 0.3194, global_norm: 2.1451008319854736, ppl: 1589.105979447187, progress_or_epoch: 0.72, cpu_used_memory: 174.25, cpu_available_memory: 2849.25[0m
[32m[2026-04-17 15:29:35,142] [    INFO][0m - [DataLoad global_step: 72] data_load_time: 0.44 ms (accumulated over 4 micro-batches)[0m

TrainProcess:  73%|███████▎  | 73/100 [03:57<01:24,  3.13s/it][32m[2026-04-17 15:29:38,299] [    INFO][0m - loss: 7.43239117, learning_rate: 3e-05, global_step: 73, current_memory_allocated: 48.48938226699829, current_memory_reserved: 59.322328329086304, max_memory_allocated: 56.08300995826721, max_memory_reserved: 59.322328329086304, interval_runtime: 3.1572, interval_samples_per_second: 1.2669, interval_steps_per_second: 0.3167, global_norm: 1.9744060039520264, ppl: 1689.8434491714515, progress_or_epoch: 0.73, cpu_used_memory: 175.5, cpu_available_memory: 2848.0[0m
[32m[2026-04-17 15:29:38,300] [    INFO][0m - [DataLoad global_step: 73] data_load_time: 0.67 ms (accumulated over 4 micro-batches)[0m

TrainProcess:  74%|███████▍  | 74/100 [04:00<01:22,  3.17s/it][32m[2026-04-17 15:29:41,555] [    INFO][0m - loss: 7.48539019, learning_rate: 2.889e-05, global_step: 74, current_memory_allocated: 48.48938226699829, current_memory_reserved: 59.322328329086304, max_memory_allocated: 56.08300995826721, max_memory_reserved: 59.322328329086304, interval_runtime: 3.2527, interval_samples_per_second: 1.2298, interval_steps_per_second: 0.3074, global_norm: 2.1167962551116943, ppl: 1781.8192822333708, progress_or_epoch: 0.74, cpu_used_memory: 175.89, cpu_available_memory: 2847.61[0m
[32m[2026-04-17 15:29:41,555] [    INFO][0m - [DataLoad global_step: 74] data_load_time: 0.22 ms (accumulated over 4 micro-batches)[0m

TrainProcess:  75%|███████▌  | 75/100 [04:03<01:19,  3.16s/it][32m[2026-04-17 15:29:44,698] [    INFO][0m - loss: 7.2990303, learning_rate: 2.778e-05, global_step: 75, current_memory_allocated: 48.48938226699829, current_memory_reserved: 59.322328329086304, max_memory_allocated: 56.08300995826721, max_memory_reserved: 59.322328329086304, interval_runtime: 3.1446, interval_samples_per_second: 1.272, interval_steps_per_second: 0.318, global_norm: 1.7800010442733765, ppl: 1478.8651764962588, progress_or_epoch: 0.75, cpu_used_memory: 175.91, cpu_available_memory: 2847.59[0m
[32m[2026-04-17 15:29:44,698] [    INFO][0m - [DataLoad global_step: 75] data_load_time: 1.12 ms (accumulated over 4 micro-batches)[0m

TrainProcess:  76%|███████▌  | 76/100 [04:06<01:16,  3.17s/it][32m[2026-04-17 15:29:47,889] [    INFO][0m - loss: 7.18424511, learning_rate: 2.667e-05, global_step: 76, current_memory_allocated: 48.48938226699829, current_memory_reserved: 59.322328329086304, max_memory_allocated: 56.08300995826721, max_memory_reserved: 59.322328329086304, interval_runtime: 3.1906, interval_samples_per_second: 1.2537, interval_steps_per_second: 0.3134, global_norm: 1.9444254636764526, ppl: 1318.4935449122806, progress_or_epoch: 0.76, cpu_used_memory: 176.14, cpu_available_memory: 2847.36[0m
[32m[2026-04-17 15:29:47,889] [    INFO][0m - [DataLoad global_step: 76] data_load_time: 0.55 ms (accumulated over 4 micro-batches)[0m

TrainProcess:  77%|███████▋  | 77/100 [04:10<01:13,  3.20s/it][32m[2026-04-17 15:29:51,152] [    INFO][0m - loss: 7.23997021, learning_rate: 2.556e-05, global_step: 77, current_memory_allocated: 48.48938226699829, current_memory_reserved: 59.322328329086304, max_memory_allocated: 56.08300995826721, max_memory_reserved: 59.322328329086304, interval_runtime: 3.2635, interval_samples_per_second: 1.2257, interval_steps_per_second: 0.3064, global_norm: 1.468993902206421, ppl: 1394.0524414256483, progress_or_epoch: 0.77, cpu_used_memory: 176.57, cpu_available_memory: 2846.94[0m
[32m[2026-04-17 15:29:51,153] [    INFO][0m - [DataLoad global_step: 77] data_load_time: 0.35 ms (accumulated over 4 micro-batches)[0m

TrainProcess:  78%|███████▊  | 78/100 [04:13<01:09,  3.17s/it][32m[2026-04-17 15:29:54,265] [    INFO][0m - loss: 7.27504063, learning_rate: 2.444e-05, global_step: 78, current_memory_allocated: 48.48938226699829, current_memory_reserved: 59.322328329086304, max_memory_allocated: 56.08300995826721, max_memory_reserved: 59.322328329086304, interval_runtime: 3.1121, interval_samples_per_second: 1.2853, interval_steps_per_second: 0.3213, global_norm: 1.4972524642944336, ppl: 1443.8098529506535, progress_or_epoch: 0.78, cpu_used_memory: 176.62, cpu_available_memory: 2846.89[0m
[32m[2026-04-17 15:29:54,265] [    INFO][0m - [DataLoad global_step: 78] data_load_time: 0.39 ms (accumulated over 4 micro-batches)[0m

TrainProcess:  79%|███████▉  | 79/100 [04:16<01:06,  3.16s/it][32m[2026-04-17 15:29:57,384] [    INFO][0m - loss: 7.34249878, learning_rate: 2.333e-05, global_step: 79, current_memory_allocated: 48.48938226699829, current_memory_reserved: 59.322328329086304, max_memory_allocated: 56.08300995826721, max_memory_reserved: 59.322328329086304, interval_runtime: 3.1183, interval_samples_per_second: 1.2828, interval_steps_per_second: 0.3207, global_norm: 1.8784230947494507, ppl: 1544.566828317827, progress_or_epoch: 0.79, cpu_used_memory: 176.71, cpu_available_memory: 2846.8[0m
[32m[2026-04-17 15:29:57,384] [    INFO][0m - [DataLoad global_step: 79] data_load_time: 0.18 ms (accumulated over 4 micro-batches)[0m

TrainProcess:  80%|████████  | 80/100 [04:19<01:02,  3.15s/it][32m[2026-04-17 15:30:00,502] [    INFO][0m - loss: 7.27534485, learning_rate: 2.222e-05, global_step: 80, current_memory_allocated: 48.48938226699829, current_memory_reserved: 59.322328329086304, max_memory_allocated: 56.08300995826721, max_memory_reserved: 59.322328329086304, interval_runtime: 3.1182, interval_samples_per_second: 1.2828, interval_steps_per_second: 0.3207, global_norm: 1.5688724517822266, ppl: 1444.2491556030557, progress_or_epoch: 0.8, cpu_used_memory: 176.69, cpu_available_memory: 2846.81[0m
[32m[2026-04-17 15:30:00,503] [    INFO][0m - [DataLoad global_step: 80] data_load_time: 0.60 ms (accumulated over 4 micro-batches)[0m

TrainProcess:  81%|████████  | 81/100 [04:22<00:59,  3.14s/it][32m[2026-04-17 15:30:03,628] [    INFO][0m - loss: 7.43597364, learning_rate: 2.111e-05, global_step: 81, current_memory_allocated: 48.48938226699829, current_memory_reserved: 59.322328329086304, max_memory_allocated: 56.08300995826721, max_memory_reserved: 59.322328329086304, interval_runtime: 3.1254, interval_samples_per_second: 1.2798, interval_steps_per_second: 0.32, global_norm: 2.228999376296997, ppl: 1695.908119396166, progress_or_epoch: 0.81, cpu_used_memory: 172.34, cpu_available_memory: 2851.16[0m
[32m[2026-04-17 15:30:03,628] [    INFO][0m - [DataLoad global_step: 81] data_load_time: 0.64 ms (accumulated over 4 micro-batches)[0m

TrainProcess:  82%|████████▏ | 82/100 [04:25<00:56,  3.13s/it][32m[2026-04-17 15:30:06,740] [    INFO][0m - loss: 7.38311195, learning_rate: 2e-05, global_step: 82, current_memory_allocated: 48.48938226699829, current_memory_reserved: 59.322328329086304, max_memory_allocated: 56.08300995826721, max_memory_reserved: 59.322328329086304, interval_runtime: 3.1118, interval_samples_per_second: 1.2854, interval_steps_per_second: 0.3214, global_norm: 1.7927087545394897, ppl: 1608.5878318396312, progress_or_epoch: 0.82, cpu_used_memory: 171.95, cpu_available_memory: 2851.55[0m
[32m[2026-04-17 15:30:06,740] [    INFO][0m - [DataLoad global_step: 82] data_load_time: 0.25 ms (accumulated over 4 micro-batches)[0m

TrainProcess:  83%|████████▎ | 83/100 [04:28<00:53,  3.13s/it][32m[2026-04-17 15:30:09,858] [    INFO][0m - loss: 7.37900352, learning_rate: 1.889e-05, global_step: 83, current_memory_allocated: 48.48938226699829, current_memory_reserved: 59.322328329086304, max_memory_allocated: 56.08300995826721, max_memory_reserved: 59.322328329086304, interval_runtime: 3.1175, interval_samples_per_second: 1.2831, interval_steps_per_second: 0.3208, global_norm: 2.9782848358154297, ppl: 1601.992618596462, progress_or_epoch: 0.83, cpu_used_memory: 171.97, cpu_available_memory: 2851.53[0m
[32m[2026-04-17 15:30:09,858] [    INFO][0m - [DataLoad global_step: 83] data_load_time: 0.19 ms (accumulated over 4 micro-batches)[0m

TrainProcess:  84%|████████▍ | 84/100 [04:32<00:49,  3.12s/it][32m[2026-04-17 15:30:12,976] [    INFO][0m - loss: 7.36691475, learning_rate: 1.778e-05, global_step: 84, current_memory_allocated: 48.48938226699829, current_memory_reserved: 59.322328329086304, max_memory_allocated: 56.08300995826721, max_memory_reserved: 59.322328329086304, interval_runtime: 3.1181, interval_samples_per_second: 1.2828, interval_steps_per_second: 0.3207, global_norm: 1.7717013359069824, ppl: 1582.7430843088998, progress_or_epoch: 0.84, cpu_used_memory: 172.03, cpu_available_memory: 2851.47[0m
[32m[2026-04-17 15:30:12,976] [    INFO][0m - [DataLoad global_step: 84] data_load_time: 0.38 ms (accumulated over 4 micro-batches)[0m

TrainProcess:  85%|████████▌ | 85/100 [04:35<00:46,  3.12s/it][32m[2026-04-17 15:30:16,095] [    INFO][0m - loss: 7.25237656, learning_rate: 1.667e-05, global_step: 85, current_memory_allocated: 48.48938226699829, current_memory_reserved: 59.322328329086304, max_memory_allocated: 56.08300995826721, max_memory_reserved: 59.322328329086304, interval_runtime: 3.1184, interval_samples_per_second: 1.2827, interval_steps_per_second: 0.3207, global_norm: 1.7907979488372803, ppl: 1411.4552735292057, progress_or_epoch: 0.85, cpu_used_memory: 171.92, cpu_available_memory: 2851.58[0m
[32m[2026-04-17 15:30:16,096] [    INFO][0m - [DataLoad global_step: 85] data_load_time: 0.82 ms (accumulated over 4 micro-batches)[0m

TrainProcess:  86%|████████▌ | 86/100 [04:38<00:43,  3.12s/it][32m[2026-04-17 15:30:19,215] [    INFO][0m - loss: 7.25651217, learning_rate: 1.556e-05, global_step: 86, current_memory_allocated: 48.48938226699829, current_memory_reserved: 59.322328329086304, max_memory_allocated: 56.08300995826721, max_memory_reserved: 59.322328329086304, interval_runtime: 3.12, interval_samples_per_second: 1.282, interval_steps_per_second: 0.3205, global_norm: 1.7025147676467896, ppl: 1417.3045889798348, progress_or_epoch: 0.86, cpu_used_memory: 171.92, cpu_available_memory: 2851.58[0m
[32m[2026-04-17 15:30:19,215] [    INFO][0m - [DataLoad global_step: 86] data_load_time: 0.54 ms (accumulated over 4 micro-batches)[0m

TrainProcess:  87%|████████▋ | 87/100 [04:41<00:40,  3.12s/it][32m[2026-04-17 15:30:22,334] [    INFO][0m - loss: 7.47773647, learning_rate: 1.444e-05, global_step: 87, current_memory_allocated: 48.48938226699829, current_memory_reserved: 59.322328329086304, max_memory_allocated: 56.08300995826721, max_memory_reserved: 59.322328329086304, interval_runtime: 3.1182, interval_samples_per_second: 1.2828, interval_steps_per_second: 0.3207, global_norm: 1.7139941453933716, ppl: 1768.233792443136, progress_or_epoch: 0.87, cpu_used_memory: 171.94, cpu_available_memory: 2851.56[0m
[32m[2026-04-17 15:30:22,334] [    INFO][0m - [DataLoad global_step: 87] data_load_time: 0.40 ms (accumulated over 4 micro-batches)[0m

TrainProcess:  88%|████████▊ | 88/100 [04:44<00:37,  3.12s/it][32m[2026-04-17 15:30:25,453] [    INFO][0m - loss: 7.22371578, learning_rate: 1.333e-05, global_step: 88, current_memory_allocated: 48.48938226699829, current_memory_reserved: 59.322328329086304, max_memory_allocated: 56.08300995826721, max_memory_reserved: 59.322328329086304, interval_runtime: 3.1189, interval_samples_per_second: 1.2825, interval_steps_per_second: 0.3206, global_norm: 1.3336220979690552, ppl: 1371.576078697051, progress_or_epoch: 0.88, cpu_used_memory: 172.0, cpu_available_memory: 2851.51[0m
[32m[2026-04-17 15:30:25,453] [    INFO][0m - [DataLoad global_step: 88] data_load_time: 0.43 ms (accumulated over 4 micro-batches)[0m

TrainProcess:  89%|████████▉ | 89/100 [04:47<00:34,  3.12s/it][32m[2026-04-17 15:30:28,573] [    INFO][0m - loss: 7.57970095, learning_rate: 1.222e-05, global_step: 89, current_memory_allocated: 48.48938226699829, current_memory_reserved: 59.322328329086304, max_memory_allocated: 56.08300995826721, max_memory_reserved: 59.322328329086304, interval_runtime: 3.12, interval_samples_per_second: 1.282, interval_steps_per_second: 0.3205, global_norm: 1.5653761625289917, ppl: 1958.0433249682105, progress_or_epoch: 0.89, cpu_used_memory: 172.0, cpu_available_memory: 2851.51[0m
[32m[2026-04-17 15:30:28,573] [    INFO][0m - [DataLoad global_step: 89] data_load_time: 0.77 ms (accumulated over 4 micro-batches)[0m

TrainProcess:  90%|█████████ | 90/100 [04:50<00:31,  3.12s/it][32m[2026-04-17 15:30:31,693] [    INFO][0m - loss: 7.24877787, learning_rate: 1.111e-05, global_step: 90, current_memory_allocated: 48.48938226699829, current_memory_reserved: 59.322328329086304, max_memory_allocated: 56.08300995826721, max_memory_reserved: 59.322328329086304, interval_runtime: 3.12, interval_samples_per_second: 1.2821, interval_steps_per_second: 0.3205, global_norm: 1.6615339517593384, ppl: 1406.3850121722262, progress_or_epoch: 0.9, cpu_used_memory: 172.03, cpu_available_memory: 2851.47[0m
[32m[2026-04-17 15:30:31,694] [    INFO][0m - [DataLoad global_step: 90] data_load_time: 0.30 ms (accumulated over 4 micro-batches)[0m

TrainProcess:  91%|█████████ | 91/100 [04:53<00:28,  3.12s/it][32m[2026-04-17 15:30:34,812] [    INFO][0m - loss: 7.26723766, learning_rate: 1e-05, global_step: 91, current_memory_allocated: 48.48938226699829, current_memory_reserved: 59.322328329086304, max_memory_allocated: 56.08300995826721, max_memory_reserved: 59.322328329086304, interval_runtime: 3.1182, interval_samples_per_second: 1.2828, interval_steps_per_second: 0.3207, global_norm: 1.3669543266296387, ppl: 1432.5876880301353, progress_or_epoch: 0.91, cpu_used_memory: 172.06, cpu_available_memory: 2851.44[0m
[32m[2026-04-17 15:30:34,812] [    INFO][0m - [DataLoad global_step: 91] data_load_time: 0.24 ms (accumulated over 4 micro-batches)[0m

TrainProcess:  92%|█████████▏| 92/100 [04:56<00:24,  3.12s/it][32m[2026-04-17 15:30:37,930] [    INFO][0m - loss: 7.59119654, learning_rate: 8.889e-06, global_step: 92, current_memory_allocated: 48.48938226699829, current_memory_reserved: 59.322328329086304, max_memory_allocated: 56.08300995826721, max_memory_reserved: 59.322328329086304, interval_runtime: 3.1183, interval_samples_per_second: 1.2827, interval_steps_per_second: 0.3207, global_norm: 1.6964184045791626, ppl: 1980.6820617464637, progress_or_epoch: 0.92, cpu_used_memory: 172.12, cpu_available_memory: 2851.38[0m
[32m[2026-04-17 15:30:37,931] [    INFO][0m - [DataLoad global_step: 92] data_load_time: 0.32 ms (accumulated over 4 micro-batches)[0m

TrainProcess:  93%|█████████▎| 93/100 [05:00<00:21,  3.12s/it][32m[2026-04-17 15:30:41,049] [    INFO][0m - loss: 7.34910345, learning_rate: 7.778e-06, global_step: 93, current_memory_allocated: 48.48938226699829, current_memory_reserved: 59.322328329086304, max_memory_allocated: 56.08300995826721, max_memory_reserved: 59.322328329086304, interval_runtime: 3.1183, interval_samples_per_second: 1.2828, interval_steps_per_second: 0.3207, global_norm: 1.3329535722732544, ppl: 1554.801945090117, progress_or_epoch: 0.93, cpu_used_memory: 172.14, cpu_available_memory: 2851.37[0m
[32m[2026-04-17 15:30:41,049] [    INFO][0m - [DataLoad global_step: 93] data_load_time: 0.20 ms (accumulated over 4 micro-batches)[0m

TrainProcess:  94%|█████████▍| 94/100 [05:03<00:18,  3.12s/it][32m[2026-04-17 15:30:44,167] [    INFO][0m - loss: 7.25123596, learning_rate: 6.667e-06, global_step: 94, current_memory_allocated: 48.48938226699829, current_memory_reserved: 59.322328329086304, max_memory_allocated: 56.08300995826721, max_memory_reserved: 59.322328329086304, interval_runtime: 3.118, interval_samples_per_second: 1.2829, interval_steps_per_second: 0.3207, global_norm: 1.3858507871627808, ppl: 1409.8462854245709, progress_or_epoch: 0.94, cpu_used_memory: 172.1, cpu_available_memory: 2851.4[0m
[32m[2026-04-17 15:30:44,168] [    INFO][0m - [DataLoad global_step: 94] data_load_time: 0.26 ms (accumulated over 4 micro-batches)[0m

TrainProcess:  95%|█████████▌| 95/100 [05:06<00:15,  3.12s/it][32m[2026-04-17 15:30:47,283] [    INFO][0m - loss: 7.35492373, learning_rate: 5.556e-06, global_step: 95, current_memory_allocated: 48.48938226699829, current_memory_reserved: 59.322328329086304, max_memory_allocated: 56.08300995826721, max_memory_reserved: 59.322328329086304, interval_runtime: 3.1158, interval_samples_per_second: 1.2838, interval_steps_per_second: 0.3209, global_norm: 1.6690711975097656, ppl: 1563.8777138922849, progress_or_epoch: 0.95, cpu_used_memory: 172.08, cpu_available_memory: 2851.42[0m
[32m[2026-04-17 15:30:47,283] [    INFO][0m - [DataLoad global_step: 95] data_load_time: 0.82 ms (accumulated over 4 micro-batches)[0m

TrainProcess:  96%|█████████▌| 96/100 [05:09<00:12,  3.12s/it][32m[2026-04-17 15:30:50,400] [    INFO][0m - loss: 7.98645592, learning_rate: 4.444e-06, global_step: 96, current_memory_allocated: 48.48938226699829, current_memory_reserved: 59.322328329086304, max_memory_allocated: 56.08300995826721, max_memory_reserved: 59.322328329086304, interval_runtime: 3.1165, interval_samples_per_second: 1.2835, interval_steps_per_second: 0.3209, global_norm: 5.397029399871826, ppl: 2940.8558399659883, progress_or_epoch: 0.96, cpu_used_memory: 172.08, cpu_available_memory: 2851.42[0m
[32m[2026-04-17 15:30:50,400] [    INFO][0m - [DataLoad global_step: 96] data_load_time: 0.43 ms (accumulated over 4 micro-batches)[0m

TrainProcess:  97%|█████████▋| 97/100 [05:12<00:09,  3.12s/it][32m[2026-04-17 15:30:53,517] [    INFO][0m - loss: 7.27657747, learning_rate: 3.333e-06, global_step: 97, current_memory_allocated: 48.48938226699829, current_memory_reserved: 59.322328329086304, max_memory_allocated: 56.08300995826721, max_memory_reserved: 59.322328329086304, interval_runtime: 3.1162, interval_samples_per_second: 1.2836, interval_steps_per_second: 0.3209, global_norm: 1.5141581296920776, ppl: 1446.0304636096373, progress_or_epoch: 0.97, cpu_used_memory: 172.09, cpu_available_memory: 2851.42[0m
[32m[2026-04-17 15:30:53,517] [    INFO][0m - [DataLoad global_step: 97] data_load_time: 0.19 ms (accumulated over 4 micro-batches)[0m

TrainProcess:  98%|█████████▊| 98/100 [05:15<00:06,  3.12s/it][32m[2026-04-17 15:30:56,634] [    INFO][0m - loss: 7.38130951, learning_rate: 2.222e-06, global_step: 98, current_memory_allocated: 48.48938226699829, current_memory_reserved: 59.322328329086304, max_memory_allocated: 56.08300995826721, max_memory_reserved: 59.322328329086304, interval_runtime: 3.1168, interval_samples_per_second: 1.2834, interval_steps_per_second: 0.3208, global_norm: 1.415466070175171, ppl: 1605.6910602007974, progress_or_epoch: 0.98, cpu_used_memory: 172.21, cpu_available_memory: 2851.3[0m
[32m[2026-04-17 15:30:56,634] [    INFO][0m - [DataLoad global_step: 98] data_load_time: 0.38 ms (accumulated over 4 micro-batches)[0m

TrainProcess:  99%|█████████▉| 99/100 [05:18<00:03,  3.12s/it][32m[2026-04-17 15:30:59,749] [    INFO][0m - loss: 7.31482029, learning_rate: 1.111e-06, global_step: 99, current_memory_allocated: 48.48938226699829, current_memory_reserved: 59.322328329086304, max_memory_allocated: 56.08300995826721, max_memory_reserved: 59.322328329086304, interval_runtime: 3.1148, interval_samples_per_second: 1.2842, interval_steps_per_second: 0.321, global_norm: 1.1438783407211304, ppl: 1502.4017751557617, progress_or_epoch: 0.99, cpu_used_memory: 172.2, cpu_available_memory: 2851.3[0m
[32m[2026-04-17 15:30:59,749] [    INFO][0m - [DataLoad global_step: 99] data_load_time: 0.22 ms (accumulated over 4 micro-batches)[0m

TrainProcess: 100%|██████████| 100/100 [05:21<00:00,  3.12s/it][32m[2026-04-17 15:31:02,862] [    INFO][0m - loss: 7.60610008, learning_rate: 0.0, global_step: 100, current_memory_allocated: 48.48938226699829, current_memory_reserved: 59.322328329086304, max_memory_allocated: 56.08300995826721, max_memory_reserved: 59.322328329086304, interval_runtime: 3.113, interval_samples_per_second: 1.2849, interval_steps_per_second: 0.3212, global_norm: 1.7790212631225586, ppl: 2010.422303040162, progress_or_epoch: 1.0, cpu_used_memory: 172.2, cpu_available_memory: 2851.31[0m
[32m[2026-04-17 15:31:02,862] [    INFO][0m - ***** Running Evaluation *****[0m
[32m[2026-04-17 15:31:02,863] [    INFO][0m -   Num examples = 20[0m
[32m[2026-04-17 15:31:02,863] [    INFO][0m -   Total prediction steps = 20[0m
[32m[2026-04-17 15:31:02,863] [    INFO][0m -   Pre device batch size = 1[0m
[32m[2026-04-17 15:31:02,863] [    INFO][0m -   Total Batch size = 1[0m


PredictProcess:   0%|          | 0/20 [00:00<?, ?it/s][A

PredictProcess:  20%|██        | 4/20 [00:00<00:03,  4.72it/s][A

PredictProcess:  40%|████      | 8/20 [00:01<00:02,  4.73it/s][A

PredictProcess:  60%|██████    | 12/20 [00:02<00:01,  4.73it/s][A

PredictProcess:  80%|████████  | 16/20 [00:03<00:00,  4.74it/s][A

PredictProcess: 100%|██████████| 20/20 [00:04<00:00,  4.74it/s][A[32m[2026-04-17 15:31:07,092] [    INFO][0m - eval_loss: 7.202463626861572, eval_runtime: 4.2285, eval_samples_per_second: 4.7298, eval_steps_per_second: 4.7298, eval_ppl: 1342.7346901538347, progress_or_epoch: 1.0, cpu_used_memory: 172.19, cpu_available_memory: 2851.31[0m


                                                               [A[32m[2026-04-17 15:31:07,092] [    INFO][0m - Saving model checkpoint to ./checkpoints/pt/13b_gpu/checkpoint-100[0m
[2026-04-17 15:31:07,172] [    INFO] utils.py:389 - Process 337259 could not acquire the lock; another process is writing or has written the metadata.
[32m[2026-04-17 15:31:50,501] [    INFO][0m - Saving optimizer files.[0m
[2026-04-17 15:31:50,553] [    INFO] utils.py:389 - Process 337259 could not acquire the lock; another process is writing or has written the metadata.
[2026-04-17 15:33:19,058] [    INFO] utils.py:377 - Process 337259 found the metadata file already written.
/root/paddlejob/share-storage/gpfs/system-public/liuyi39/hygon_2030/py310/lib/python3.10/site-packages/paddle/framework/io.py:1016: UserWarning: The input state dict is empty, no need to save.
  warnings.warn("The input state dict is empty, no need to save.")
[32m[2026-04-17 15:33:19,064] [    INFO][0m - global_save_step: 100, progress_or_epoch: 1.0, cpu_used_memory: 172.29, cpu_available_memory: 2851.21[0m
[32m[2026-04-17 15:33:19,064] [    INFO][0m - [timelog] checkpoint saving time: 131.97s (2026-04-17 15:33:19) [0m
[32m[2026-04-17 15:33:19,064] [    INFO][0m - [DataLoad global_step: 100] data_load_time: 0.16 ms (accumulated over 4 micro-batches)[0m
[32m[2026-04-17 15:33:19,065] [    INFO][0m - 
Training completed. 
[0m
[32m[2026-04-17 15:33:19,066] [    INFO][0m - train_runtime: 458.1685, train_samples_per_second: 0.873, train_steps_per_second: 0.2183, train_loss: 8.481111612319946, progress_or_epoch: 1.0, cpu_used_memory: 172.29, cpu_available_memory: 2851.21[0m

TrainProcess: 100%|██████████| 100/100 [07:38<00:00,  4.58s/it]
[32m[2026-04-17 15:33:19,067] [    INFO][0m - Saving model checkpoint to ./checkpoints/pt/13b_gpu[0m
[32m[2026-04-17 15:33:19,151] [    INFO][0m - [Rank 0/4] (Saver) Initializing save. Max shard size set to: 10.00 GB[0m
[32m[2026-04-17 15:33:19,151] [    INFO][0m - [Rank 0/4] Starting to process the weight iterator...[0m
[32m[2026-04-17 15:33:19,232] [    INFO][0m - [Rank 0/4] Assigned to store parameter model.embed_tokens.weight[0m
[32m[2026-04-17 15:33:19,933] [    INFO][0m - [Rank 0/4] Assigned to store parameter model.layers.0.self_attn.o_proj.weight[0m
[32m[2026-04-17 15:33:20,414] [    INFO][0m - [Rank 0/4] Assigned to store parameter model.layers.0.input_layernorm.weight[0m
[32m[2026-04-17 15:33:20,733] [    INFO][0m - [Rank 0/4] Assigned to store parameter model.layers.1.self_attn.v_proj.weight[0m
[32m[2026-04-17 15:33:21,225] [    INFO][0m - [Rank 0/4] Assigned to store parameter model.layers.1.mlp.down_proj.weight[0m
[32m[2026-04-17 15:33:21,471] [    INFO][0m - [Rank 0/4] Assigned to store parameter model.layers.2.self_attn.k_proj.weight[0m
[32m[2026-04-17 15:33:21,853] [    INFO][0m - [Rank 0/4] Assigned to store parameter model.layers.2.mlp.up_proj.weight[0m
[32m[2026-04-17 15:33:22,206] [    INFO][0m - [Rank 0/4] Assigned to store parameter model.layers.3.self_attn.q_proj.weight[0m
[32m[2026-04-17 15:33:22,477] [    INFO][0m - [Rank 0/4] Assigned to store parameter model.layers.3.mlp.gate_proj.weight[0m
[32m[2026-04-17 15:33:22,833] [    INFO][0m - [Rank 0/4] Assigned to store parameter model.layers.3.post_attention_layernorm.weight[0m
[32m[2026-04-17 15:33:23,207] [    INFO][0m - [Rank 0/4] Assigned to store parameter model.layers.4.self_attn.o_proj.weight[0m
[32m[2026-04-17 15:33:23,614] [    INFO][0m - [Rank 0/4] Assigned to store parameter model.layers.4.input_layernorm.weight[0m
[32m[2026-04-17 15:33:23,916] [    INFO][0m - [Rank 0/4] Assigned to store parameter model.layers.5.self_attn.v_proj.weight[0m
[32m[2026-04-17 15:33:24,385] [    INFO][0m - [Rank 0/4] Assigned to store parameter model.layers.5.mlp.down_proj.weight[0m
[32m[2026-04-17 15:33:24,620] [    INFO][0m - [Rank 0/4] Assigned to store parameter model.layers.6.self_attn.k_proj.weight[0m
[32m[2026-04-17 15:33:24,981] [    INFO][0m - [Rank 0/4] Assigned to store parameter model.layers.6.mlp.up_proj.weight[0m
[32m[2026-04-17 15:33:25,319] [    INFO][0m - [Rank 0/4] Assigned to store parameter model.layers.7.self_attn.q_proj.weight[0m
[32m[2026-04-17 15:33:25,573] [    INFO][0m - [Rank 0/4] Assigned to store parameter model.layers.7.mlp.gate_proj.weight[0m
[32m[2026-04-17 15:33:25,911] [    INFO][0m - [Rank 0/4] Assigned to store parameter model.layers.7.post_attention_layernorm.weight[0m
[32m[2026-04-17 15:33:26,267] [    INFO][0m - [Rank 0/4] Assigned to store parameter model.layers.8.self_attn.o_proj.weight[0m
[32m[2026-04-17 15:33:26,674] [    INFO][0m - [Rank 0/4] Assigned to store parameter model.layers.8.input_layernorm.weight[0m
[32m[2026-04-17 15:33:26,979] [    INFO][0m - [Rank 0/4] Assigned to store parameter model.layers.9.self_attn.v_proj.weight[0m
[32m[2026-04-17 15:33:27,448] [    INFO][0m - [Rank 0/4] Assigned to store parameter model.layers.9.mlp.down_proj.weight[0m
[32m[2026-04-17 15:33:27,682] [    INFO][0m - [Rank 0/4] Assigned to store parameter model.layers.10.self_attn.k_proj.weight[0m
[32m[2026-04-17 15:33:28,041] [    INFO][0m - [Rank 0/4] Assigned to store parameter model.layers.10.mlp.up_proj.weight[0m
[32m[2026-04-17 15:33:28,397] [    INFO][0m - [Rank 0/4] Assigned to store parameter model.layers.11.self_attn.q_proj.weight[0m
[32m[2026-04-17 15:33:28,655] [    INFO][0m - [Rank 0/4] Assigned to store parameter model.layers.11.mlp.gate_proj.weight[0m
[32m[2026-04-17 15:33:28,997] [    INFO][0m - [Rank 0/4] Assigned to store parameter model.layers.11.post_attention_layernorm.weight[0m
[32m[2026-04-17 15:33:29,361] [    INFO][0m - [Rank 0/4] Assigned to store parameter model.layers.12.self_attn.o_proj.weight[0m
[32m[2026-04-17 15:33:29,756] [    INFO][0m - [Rank 0/4] Assigned to store parameter model.layers.12.input_layernorm.weight[0m
[32m[2026-04-17 15:33:30,048] [    INFO][0m - [Rank 0/4] Assigned to store parameter model.layers.13.self_attn.v_proj.weight[0m
[32m[2026-04-17 15:33:30,509] [    INFO][0m - [Rank 0/4] Assigned to store parameter model.layers.13.mlp.down_proj.weight[0m
[32m[2026-04-17 15:33:30,737] [    INFO][0m - [Rank 0/4] Assigned to store parameter model.layers.14.self_attn.k_proj.weight[0m
[32m[2026-04-17 15:33:31,092] [    INFO][0m - [Rank 0/4] Assigned to store parameter model.layers.14.mlp.up_proj.weight[0m
[32m[2026-04-17 15:33:31,429] [    INFO][0m - [Rank 0/4] Assigned to store parameter model.layers.15.self_attn.q_proj.weight[0m
[32m[2026-04-17 15:33:31,678] [    INFO][0m - [Rank 0/4] Assigned to store parameter model.layers.15.mlp.gate_proj.weight[0m
[32m[2026-04-17 15:33:32,005] [    INFO][0m - [Rank 0/4] Assigned to store parameter model.layers.15.post_attention_layernorm.weight[0m
[32m[2026-04-17 15:33:32,355] [    INFO][0m - [Rank 0/4] Assigned to store parameter model.layers.16.self_attn.o_proj.weight[0m
[32m[2026-04-17 15:33:32,745] [    INFO][0m - [Rank 0/4] Assigned to store parameter model.layers.16.input_layernorm.weight[0m
[32m[2026-04-17 15:33:33,039] [    INFO][0m - [Rank 0/4] Assigned to store parameter model.layers.17.self_attn.v_proj.weight[0m
[32m[2026-04-17 15:33:33,495] [    INFO][0m - [Rank 0/4] Assigned to store parameter model.layers.17.mlp.down_proj.weight[0m
[32m[2026-04-17 15:33:33,722] [    INFO][0m - [Rank 0/4] Assigned to store parameter model.layers.18.self_attn.k_proj.weight[0m
[32m[2026-04-17 15:33:34,074] [    INFO][0m - [Rank 0/4] Assigned to store parameter model.layers.18.mlp.up_proj.weight[0m
[32m[2026-04-17 15:33:34,401] [    INFO][0m - [Rank 0/4] Assigned to store parameter model.layers.19.self_attn.q_proj.weight[0m
[32m[2026-04-17 15:33:34,648] [    INFO][0m - [Rank 0/4] Assigned to store parameter model.layers.19.mlp.gate_proj.weight[0m
[32m[2026-04-17 15:33:34,974] [    INFO][0m - [Rank 0/4] Assigned to store parameter model.layers.19.post_attention_layernorm.weight[0m
[32m[2026-04-17 15:33:35,325] [    INFO][0m - [Rank 0/4] Assigned to store parameter model.layers.20.self_attn.o_proj.weight[0m
[32m[2026-04-17 15:33:35,882] [    INFO][0m - [Rank 0/4] Assigned to store parameter model.layers.20.input_layernorm.weight[0m
[32m[2026-04-17 15:33:36,013] [    INFO][0m - [Rank 0/4] Assigned to store parameter model.layers.21.self_attn.v_proj.weight[0m
[32m[2026-04-17 15:33:36,468] [    INFO][0m - [Rank 0/4] Assigned to store parameter model.layers.21.mlp.down_proj.weight[0m
[32m[2026-04-17 15:33:36,692] [    INFO][0m - [Rank 0/4] Assigned to store parameter model.layers.22.self_attn.k_proj.weight[0m
[32m[2026-04-17 15:33:37,043] [    INFO][0m - [Rank 0/4] Assigned to store parameter model.layers.22.mlp.up_proj.weight[0m
[32m[2026-04-17 15:33:37,372] [    INFO][0m - [Rank 0/4] Assigned to store parameter model.layers.23.self_attn.q_proj.weight[0m
[32m[2026-04-17 15:33:37,618] [    INFO][0m - [Rank 0/4] Assigned to store parameter model.layers.23.mlp.gate_proj.weight[0m
[32m[2026-04-17 15:33:38,107] [    INFO][0m - [Rank 0/4] Assigned to store parameter model.layers.23.post_attention_layernorm.weight[0m
[32m[2026-04-17 15:33:38,293] [    INFO][0m - [Rank 0/4] Assigned to store parameter model.layers.24.self_attn.o_proj.weight[0m
[32m[2026-04-17 15:33:38,858] [    INFO][0m - [Rank 0/4] Assigned to store parameter model.layers.24.input_layernorm.weight[0m
[32m[2026-04-17 15:33:38,988] [    INFO][0m - [Rank 0/4] Assigned to store parameter model.layers.25.self_attn.v_proj.weight[0m
[32m[2026-04-17 15:33:39,460] [    INFO][0m - [Rank 0/4] Assigned to store parameter model.layers.25.mlp.down_proj.weight[0m
[32m[2026-04-17 15:33:39,688] [    INFO][0m - [Rank 0/4] Assigned to store parameter model.layers.26.self_attn.k_proj.weight[0m
[32m[2026-04-17 15:33:40,042] [    INFO][0m - [Rank 0/4] Assigned to store parameter model.layers.26.mlp.up_proj.weight[0m
[32m[2026-04-17 15:33:40,367] [    INFO][0m - [Rank 0/4] Assigned to store parameter model.layers.27.self_attn.q_proj.weight[0m
[32m[2026-04-17 15:33:40,611] [    INFO][0m - [Rank 0/4] Assigned to store parameter model.layers.27.mlp.gate_proj.weight[0m
[32m[2026-04-17 15:33:41,096] [    INFO][0m - [Rank 0/4] Assigned to store parameter model.layers.27.post_attention_layernorm.weight[0m
[32m[2026-04-17 15:33:41,284] [    INFO][0m - [Rank 0/4] Assigned to store parameter model.layers.28.self_attn.o_proj.weight[0m
[32m[2026-04-17 15:33:41,831] [    INFO][0m - [Rank 0/4] Assigned to store parameter model.layers.28.input_layernorm.weight[0m
[32m[2026-04-17 15:33:41,956] [    INFO][0m - [Rank 0/4] Assigned to store parameter model.layers.29.self_attn.v_proj.weight[0m
[32m[2026-04-17 15:33:42,404] [    INFO][0m - [Rank 0/4] Assigned to store parameter model.layers.29.mlp.down_proj.weight[0m
[32m[2026-04-17 15:33:42,625] [    INFO][0m - [Rank 0/4] Assigned to store parameter model.layers.30.self_attn.k_proj.weight[0m
[32m[2026-04-17 15:33:42,974] [    INFO][0m - [Rank 0/4] Assigned to store parameter model.layers.30.mlp.up_proj.weight[0m
[32m[2026-04-17 15:33:43,294] [    INFO][0m - [Rank 0/4] Assigned to store parameter model.layers.31.self_attn.q_proj.weight[0m
[32m[2026-04-17 15:33:43,537] [    INFO][0m - [Rank 0/4] Assigned to store parameter model.layers.31.mlp.gate_proj.weight[0m
[32m[2026-04-17 15:33:43,537] [    INFO][0m - [Rank 0/4] Saving sub-shard 0... Size: 10035.29 MB, Params: 71, Path: ./checkpoints/pt/13b_gpu/shard_0-0.safetensors[0m
[32m[2026-04-17 15:33:55,128] [    INFO][0m - [Rank 0/4] Assigned to store parameter model.layers.31.post_attention_layernorm.weight[0m
[32m[2026-04-17 15:33:55,361] [    INFO][0m - [Rank 0/4] Assigned to store parameter model.layers.32.self_attn.o_proj.weight[0m
[32m[2026-04-17 15:33:56,036] [    INFO][0m - [Rank 0/4] Assigned to store parameter model.layers.32.input_layernorm.weight[0m
[32m[2026-04-17 15:33:56,182] [    INFO][0m - [Rank 0/4] Assigned to store parameter model.layers.33.self_attn.v_proj.weight[0m
[32m[2026-04-17 15:34:25,517] [    INFO][0m - [Rank 0/4] Assigned to store parameter model.layers.33.mlp.down_proj.weight[0m
[32m[2026-04-17 15:34:25,809] [    INFO][0m - [Rank 0/4] Assigned to store parameter model.layers.34.self_attn.k_proj.weight[0m
[32m[2026-04-17 15:34:41,027] [    INFO][0m - [Rank 0/4] Assigned to store parameter model.layers.34.mlp.up_proj.weight[0m
[32m[2026-04-17 15:34:41,440] [    INFO][0m - [Rank 0/4] Assigned to store parameter model.layers.35.self_attn.q_proj.weight[0m
[32m[2026-04-17 15:34:41,748] [    INFO][0m - [Rank 0/4] Assigned to store parameter model.layers.35.mlp.gate_proj.weight[0m
[32m[2026-04-17 15:34:42,371] [    INFO][0m - [Rank 0/4] Assigned to store parameter model.layers.35.post_attention_layernorm.weight[0m
[32m[2026-04-17 15:34:42,603] [    INFO][0m - [Rank 0/4] Assigned to store parameter model.layers.36.self_attn.o_proj.weight[0m
[32m[2026-04-17 15:34:43,303] [    INFO][0m - [Rank 0/4] Assigned to store parameter model.layers.36.input_layernorm.weight[0m
[32m[2026-04-17 15:34:43,461] [    INFO][0m - [Rank 0/4] Assigned to store parameter model.layers.37.self_attn.v_proj.weight[0m
[32m[2026-04-17 15:34:44,037] [    INFO][0m - [Rank 0/4] Assigned to store parameter model.layers.37.mlp.down_proj.weight[0m
[32m[2026-04-17 15:34:44,319] [    INFO][0m - [Rank 0/4] Assigned to store parameter model.layers.38.self_attn.k_proj.weight[0m
[32m[2026-04-17 15:34:44,742] [    INFO][0m - [Rank 0/4] Assigned to store parameter model.layers.38.mlp.up_proj.weight[0m
[32m[2026-04-17 15:34:45,134] [    INFO][0m - [Rank 0/4] Assigned to store parameter model.layers.39.self_attn.q_proj.weight[0m
[32m[2026-04-17 15:34:45,428] [    INFO][0m - [Rank 0/4] Assigned to store parameter model.layers.39.mlp.gate_proj.weight[0m
[32m[2026-04-17 15:34:46,008] [    INFO][0m - [Rank 0/4] Assigned to store parameter model.layers.39.post_attention_layernorm.weight[0m
[32m[2026-04-17 15:34:46,012] [    INFO][0m - [Rank 0/4] Saving sub-shard 1... Size: 2690.10 MB, Params: 20, Path: ./checkpoints/pt/13b_gpu/shard_0-1.safetensors[0m
[32m[2026-04-17 15:34:49,587] [    INFO][0m - [Rank 0/4] (Saver) All shards saved successfully.[0m
[32m[2026-04-17 15:34:49,626] [    INFO][0m - Configuration saved in ./checkpoints/pt/13b_gpu/config.json[0m
[32m[2026-04-17 15:34:49,627] [    INFO][0m - ***** train metrics *****[0m
[32m[2026-04-17 15:34:49,627] [    INFO][0m -   cpu_available_memory     =    2851.21[0m
[32m[2026-04-17 15:34:49,627] [    INFO][0m -   cpu_used_memory          =     172.29[0m
[32m[2026-04-17 15:34:49,627] [    INFO][0m -   progress_or_epoch        =        1.0[0m
[32m[2026-04-17 15:34:49,627] [    INFO][0m -   train_loss               =     8.4811[0m
[32m[2026-04-17 15:34:49,627] [    INFO][0m -   train_runtime            = 0:07:38.16[0m
[32m[2026-04-17 15:34:49,627] [    INFO][0m -   train_samples_per_second =      0.873[0m
[32m[2026-04-17 15:34:49,627] [    INFO][0m -   train_steps_per_second   =     0.2183[0m
I0417 15:34:50.193270 337259 process_group_nccl.cc:163] ProcessGroupNCCL destruct 
I0417 15:34:50.193437 337259 process_group_nccl.cc:163] ProcessGroupNCCL destruct 
I0417 15:34:50.193506 337259 process_group_nccl.cc:163] ProcessGroupNCCL destruct 
I0417 15:34:50.193537 337259 process_group_nccl.cc:163] ProcessGroupNCCL destruct 
LAUNCH INFO 2026-04-17 15:34:55,036 Pod completed
LAUNCH INFO 2026-04-17 15:34:55,036 Exit code 0
