PyTorch was not found. Models won't be available and only tokenizers, configuration and file/data utilities can be used.
[33m[2026-05-09 16:11:47,272] [ WARNING][0m - Due to potential compatibility issues between PaddlePaddle and PyTorch in PaddleFormers, PaddleFormers defaults `transformers.utils.import_utils.is_torch_available` and `transformers.utils.import_utils.is_torchvision_available` to False. If you need to use PyTorch in transformers or torchvision, please add `del sys.modules['transformers']` before using them.[0m
/public/home/yuhai/liuyi39/py310/lib/python3.10/site-packages/_distutils_hack/__init__.py:30: UserWarning: Setuptools is replacing distutils. Support for replacing an already imported distutils is deprecated. In the future, this condition will fail. Register concerns at https://github.com/pypa/setuptools/issues/new?template=distutils-deprecation.yml
  warnings.warn(
PyTorch was not found. Models won't be available and only tokenizers, configuration and file/data utilities can be used.
/public/home/yuhai/liuyi39/Paddle/build/python/paddle/distributed/launch/context/args_envs.py:54: UserWarning: Unset 'http_proxy' to ensure stable NCCL communication in distributed training (backed up as 'http_proxy_original').
  warnings.warn(
/public/home/yuhai/liuyi39/Paddle/build/python/paddle/distributed/launch/context/args_envs.py:54: UserWarning: Unset 'https_proxy' to ensure stable NCCL communication in distributed training (backed up as 'https_proxy_original').
  warnings.warn(
LAUNCH INFO 2026-05-09 16:11:51,702 -----------  Configuration  ----------------------
LAUNCH INFO 2026-05-09 16:11:51,702 auto_cluster_config: 0
LAUNCH INFO 2026-05-09 16:11:51,702 auto_parallel_config: None
LAUNCH INFO 2026-05-09 16:11:51,702 auto_tuner_json: None
LAUNCH INFO 2026-05-09 16:11:51,703 devices: 0,1,2,3,4,5,6,7
LAUNCH INFO 2026-05-09 16:11:51,703 elastic_level: -1
LAUNCH INFO 2026-05-09 16:11:51,703 elastic_timeout: 30
LAUNCH INFO 2026-05-09 16:11:51,703 enable_gpu_log: True
LAUNCH INFO 2026-05-09 16:11:51,703 gloo_port: 6767
LAUNCH INFO 2026-05-09 16:11:51,703 host: None
LAUNCH INFO 2026-05-09 16:11:51,703 ips: None
LAUNCH INFO 2026-05-09 16:11:51,703 job_id: default
LAUNCH INFO 2026-05-09 16:11:51,703 legacy: False
LAUNCH INFO 2026-05-09 16:11:51,703 log_dir: logs/pt/13b_elastic_8card_step0.dist
LAUNCH INFO 2026-05-09 16:11:51,703 log_level: INFO
LAUNCH INFO 2026-05-09 16:11:51,703 log_overwrite: False
LAUNCH INFO 2026-05-09 16:11:51,703 master: 127.0.0.1:8080
LAUNCH INFO 2026-05-09 16:11:51,703 max_restart: 3
LAUNCH INFO 2026-05-09 16:11:51,703 nnodes: 1
LAUNCH INFO 2026-05-09 16:11:51,703 nproc_per_node: None
LAUNCH INFO 2026-05-09 16:11:51,703 rank: 0
LAUNCH INFO 2026-05-09 16:11:51,703 run_mode: collective
LAUNCH INFO 2026-05-09 16:11:51,703 server_num: None
LAUNCH INFO 2026-05-09 16:11:51,703 servers: 
LAUNCH INFO 2026-05-09 16:11:51,703 sort_ip: False
LAUNCH INFO 2026-05-09 16:11:51,703 start_port: 6070
LAUNCH INFO 2026-05-09 16:11:51,703 trainer_num: None
LAUNCH INFO 2026-05-09 16:11:51,703 trainers: 
LAUNCH INFO 2026-05-09 16:11:51,703 training_script: /public/home/yuhai/liuyi39/PaddleFormers/paddleformers/cli/launcher.py
LAUNCH INFO 2026-05-09 16:11:51,703 training_script_args: ['train', 'configs/pt/train_elastic.yaml']
LAUNCH INFO 2026-05-09 16:11:51,703 with_gloo: 1
LAUNCH INFO 2026-05-09 16:11:51,703 --------------------------------------------------
LAUNCH INFO 2026-05-09 16:11:51,703 Job: default, mode collective, replicas 1[1:1], elastic False
LAUNCH INFO 2026-05-09 16:11:51,710 Run Pod: xjzawx, replicas 8, status ready
LAUNCH INFO 2026-05-09 16:11:51,925 Watching Pod: xjzawx, replicas 8, status running
PyTorch was not found. Models won't be available and only tokenizers, configuration and file/data utilities can be used.
[33m[2026-05-09 16:11:54,767] [ WARNING][0m - Due to potential compatibility issues between PaddlePaddle and PyTorch in PaddleFormers, PaddleFormers defaults `transformers.utils.import_utils.is_torch_available` and `transformers.utils.import_utils.is_torchvision_available` to False. If you need to use PyTorch in transformers or torchvision, please add `del sys.modules['transformers']` before using them.[0m
/public/home/yuhai/liuyi39/py310/lib/python3.10/site-packages/_distutils_hack/__init__.py:30: UserWarning: Setuptools is replacing distutils. Support for replacing an already imported distutils is deprecated. In the future, this condition will fail. Register concerns at https://github.com/pypa/setuptools/issues/new?template=distutils-deprecation.yml
  warnings.warn(
PyTorch was not found. Models won't be available and only tokenizers, configuration and file/data utilities can be used.
[32m[2026-05-09 16:11:57,498] [    INFO][0m - user has defined resume_from_checkpoint: None[0m
[32m[2026-05-09 16:11:57,499] [    INFO][0m - fa_version = 2 set FLAGS_flash_attn_version to 2[0m
[2026-05-09 16:11:57,499] [    INFO] distributed_strategy.py:343 - distributed strategy initialized
[32m[2026-05-09 16:11:57,499] [    INFO][0m - PP configs:{'micro_batch_size': 1, 'accumulate_steps': 4, 'schedule_mode': '1F1B', 'p2p_cache_shape': True, 'enable_partial_send_recv': True}, use master_grad: True[0m
[32m[2026-05-09 16:11:57,500] [    INFO][0m - using pipeline configs:{'delay_scale_loss': True, 'dp_comm_overlap': False, 'sharding_comm_overlap': False, 'enable_timer': False, 'release_gradients': False, 'overlap_p2p_comm': False, 'clear_every_step_cache': False, 'use_batch_p2p_comm': True, 'best_unbalanced_scheduler': False, 'enable_offload_queue': False, 'use_dualpipev': False, 'forward_backward_overlap_scheduler': False, 'enable_dynamic_shape': False}[0m
/public/home/yuhai/liuyi39/PaddleFormers/paddleformers/trainer/training_args.py:2249: UserWarning: For pipeline parallel with sharding, the sharding overlap and tensor fusion should be configured in training_args."enable_stage1_tensor_fusion" and "enable_stage1_overlap" in sharding_parallel_config will be ignored.
  warnings.warn(
======================= Modified FLAGS detected =======================
FLAGS(name='FLAGS_cudnn_dir', current_value='/public/home/yuhai/liuyi39/Paddle/build/python/paddle/../nvidia/cudnn/lib', default_value='')
FLAGS(name='FLAGS_nccl_dir', current_value='/public/home/yuhai/liuyi39/Paddle/build/python/paddle/../nvidia/nccl/lib', default_value='')
FLAGS(name='FLAGS_cusolver_dir', current_value='/public/home/yuhai/liuyi39/Paddle/build/python/paddle/../nvidia/cusolver/lib', default_value='')
FLAGS(name='FLAGS_cupti_dir', current_value='/public/home/yuhai/liuyi39/Paddle/build/python/paddle/../nvidia/cuda_cupti/lib', default_value='')
FLAGS(name='FLAGS_cublas_dir', current_value='/public/home/yuhai/liuyi39/Paddle/build/python/paddle/../nvidia/cublas/lib', default_value='')
FLAGS(name='FLAGS_enable_pir_in_executor', current_value=True, default_value=False)
FLAGS(name='FLAGS_selected_gpus', current_value='0', default_value='')
FLAGS(name='FLAGS_cusparse_dir', current_value='/public/home/yuhai/liuyi39/Paddle/build/python/paddle/../nvidia/cusparse/lib', default_value='')
FLAGS(name='FLAGS_curand_dir', current_value='/public/home/yuhai/liuyi39/Paddle/build/python/paddle/../nvidia/curand/lib', default_value='')
FLAGS(name='FLAGS_nvidia_package_dir', current_value='/public/home/yuhai/liuyi39/Paddle/build/python/paddle/../nvidia', default_value='')
=======================================================================
I0509 16:11:57.502839 1285441 tcp_store.cc:336] create libuv server at port: 44674
I0509 16:11:57.503577 1285441 tcp_utils.cc:132] Successfully connected to 10.6.9.35:44674
I0509 16:12:00.510093 1285441 process_group_nccl.cc:155] ProcessGroupNCCL pg_timeout_ 1800000
I0509 16:12:00.510126 1285441 process_group_nccl.cc:156] ProcessGroupNCCL nccl_comm_init_option_ 0
I0509 16:12:00.510646 1285441 process_group_nccl.cc:155] ProcessGroupNCCL pg_timeout_ 1800000
I0509 16:12:00.510659 1285441 process_group_nccl.cc:156] ProcessGroupNCCL nccl_comm_init_option_ 0
[2026-05-09 16:12:00,510] [    INFO] topology.py:535 - Total 4 pipe comm group(s) create successfully!
W0509 16:12:00.511051 1285441 gpu_resources.cc:116] Please NOTE: device: 0, GPU Compute Capability: 90.3, Driver API Version: 60326.1, Runtime API Version: 60326.1
W0509 16:12:00.617811 1285441 nccl_comm_context.cc:70] ncclCommInitRankConfigMemOpt is not supported.
[2026-05-09 16:12:00,984] [    INFO] topology.py:535 - Total 8 data comm group(s) create successfully!
I0509 16:12:00.985258 1285441 process_group_nccl.cc:155] ProcessGroupNCCL pg_timeout_ 1800000
I0509 16:12:00.985285 1285441 process_group_nccl.cc:156] ProcessGroupNCCL nccl_comm_init_option_ 0
[2026-05-09 16:12:00,985] [    INFO] topology.py:535 - Total 4 model comm group(s) create successfully!
I0509 16:12:00.985455 1285441 process_group_nccl.cc:155] ProcessGroupNCCL pg_timeout_ 1800000
I0509 16:12:00.985463 1285441 process_group_nccl.cc:156] ProcessGroupNCCL nccl_comm_init_option_ 0
[2026-05-09 16:12:00,985] [    INFO] topology.py:535 - Total 4 sharding comm group(s) create successfully!
I0509 16:12:00.985599 1285441 process_group_nccl.cc:155] ProcessGroupNCCL pg_timeout_ 1800000
I0509 16:12:00.985607 1285441 process_group_nccl.cc:156] ProcessGroupNCCL nccl_comm_init_option_ 0
I0509 16:12:00.985662 1285441 process_group_nccl.cc:155] ProcessGroupNCCL pg_timeout_ 1800000
I0509 16:12:00.985668 1285441 process_group_nccl.cc:156] ProcessGroupNCCL nccl_comm_init_option_ 0
[2026-05-09 16:12:00,985] [    INFO] topology.py:449 - HybridParallelInfo: rank_id: 0, mp_degree: 2, sharding_degree: 2, pp_degree: 2, dp_degree: 1, sep_degree: 1, mp_group: [0, 1],  sharding_group: [0, 4], pp_group: [0, 2], dp_group: [0], sep:group: None, check/clip group: [0, 1, 2, 3, 4, 5, 6, 7]
[32m[2026-05-09 16:12:00,986] [    INFO][0m -     +==============================================================================+
    |                                                                              |
    |                         DistributedStrategy Overview                         |
    |                                                                              |
    +==============================================================================+
    |                        a_sync=True <-> a_sync_configs                        |
    +------------------------------------------------------------------------------+
    |                               k_steps                    -1                  |
    |                     max_merge_var_num                    1                   |
    |                       send_queue_size                    16                  |
    |               independent_recv_thread                  False                 |
    |         min_send_grad_num_before_recv                    1                   |
    |                      thread_pool_size                    1                   |
    |                       send_wait_times                    1                   |
    |               runtime_split_send_recv                  False                 |
    |                        launch_barrier                   True                 |
    |             heter_worker_device_guard                   cpu                  |
    |                        lr_decay_steps                    10                  |
    |                            use_ps_gpu                    0                   |
    |                         use_gpu_graph                    0                   |
    +==============================================================================+
    |                    Environment Flags, Communication Flags                    |
    +------------------------------------------------------------------------------+
    |                                  mode                    1                   |
    |                               elastic                  False                 |
    |                                  auto                  False                 |
    |                   sync_nccl_allreduce                   True                 |
    |                         nccl_comm_num                    1                   |
    |            use_hierarchical_allreduce                  False                 |
    |   hierarchical_allreduce_inter_nranks                    1                   |
    |                       sync_batch_norm                  False                 |
    |                   fuse_all_reduce_ops                   True                 |
    |                  fuse_grad_size_in_MB                    32                  |
    |              fuse_grad_size_in_TFLOPS                   50.0                 |
    |               cudnn_exhaustive_search                  False                 |
    |             conv_workspace_size_limit                   512                  |
    |    cudnn_batchnorm_spatial_persistent                  False                 |
    |                        fp16_allreduce                  False                 |
    |               last_comm_group_size_MB                   1.0                  |
    |                find_unused_parameters                  False                 |
    |            without_graph_optimization                   True                 |
    |                 fuse_grad_size_in_num                    8                   |
    |                 calc_comm_same_stream                  False                 |
    |                                   asp                  False                 |
    |                       fuse_grad_merge                  False                 |
    |                             semi_auto                  False                 |
    |                            adam_d2sum                  False                 |
    |                           auto_search                  False                 |
    |                        heter_ccl_mode                  False                 |
    |                         is_fl_ps_mode                  False                 |
    |                      with_coordinator                  False                 |
    |                            split_data                   True                 |
    |                  downpour_table_param                    []                  |
    |                       fs_client_param                                        |
    +==============================================================================+
    |                                Build Strategy                                |
    +------------------------------------------------------------------------------+
    |              fuse_elewise_add_act_ops                  False                 |
    |                       fuse_bn_act_ops                  False                 |
    |              fuse_relu_depthwise_conv                  False                 |
    |                    fuse_broadcast_ops                  False                 |
    |                fuse_all_optimizer_ops                  False                 |
    |                        enable_inplace                  False                 |
    |     enable_backward_optimizer_op_deps                   True                 |
    |                 cache_runtime_context                  False                 |
    |                   fuse_bn_add_act_ops                   True                 |
    |                    enable_auto_fusion                  False                 |
    |                          enable_addto                  False                 |
    |              allow_cuda_graph_capture                  False                 |
    |                       reduce_strategy                    0                   |
    |                    fuse_gemm_epilogue                  False                 |
    |                   debug_graphviz_path                                        |
    |                       fused_attention                  False                 |
    |                     fused_feedforward                  False                 |
    |            fuse_dot_product_attention                  False                 |
    |                          fuse_resunit                  False                 |
    +==============================================================================+
[0m
[32m[2026-05-09 16:12:00,987] [    INFO][0m - The default value for the training argument `--report_to` will change in v5 (from all installed integrations to none). In v5, you will need to use `--report_to all` to get the same behavior as now. You should start updating your code and make this info disappear :-).[0m
[32m[2026-05-09 16:12:00,987] [    INFO][0m - Auto set hybrid_parallel_expert_grad_scale = 2.0[0m
[32m[2026-05-09 16:12:00,987] [    INFO][0m - reset finetuning arguments global_batch_size to 8[0m
[32m[2026-05-09 16:12:00,987] [    INFO][0m - fixing pp configs: {'micro_batch_size': 1, 'accumulate_steps': 4, 'schedule_mode': '1F1B', 'p2p_cache_shape': True, 'enable_partial_send_recv': True}[0m
[35m[2026-05-09 16:12:01,018] [   DEBUG][0m - ============================================================[0m
[35m[2026-05-09 16:12:01,018] [   DEBUG][0m -      Model Configuration Arguments      [0m
[35m[2026-05-09 16:12:01,018] [   DEBUG][0m - paddle commit id              : ba3477ae69a2c015cb9569eb044381795da89389[0m
[35m[2026-05-09 16:12:01,055] [   DEBUG][0m - paddleformers commit id       : 8139352127d4c61ed5c5f61f64c079097505cb0f.dirty[0m
[35m[2026-05-09 16:12:01,056] [   DEBUG][0m - _attn_implementation          : eager[0m
[35m[2026-05-09 16:12:01,056] [   DEBUG][0m - bos_token_id                  : 0[0m
[35m[2026-05-09 16:12:01,056] [   DEBUG][0m - continue_training             : False[0m
[35m[2026-05-09 16:12:01,056] [   DEBUG][0m - copy_custom_file_list         : [0m
[35m[2026-05-09 16:12:01,056] [   DEBUG][0m - download_hub                  : None[0m
[35m[2026-05-09 16:12:01,056] [   DEBUG][0m - eos_token_id                  : 1[0m
[35m[2026-05-09 16:12:01,056] [   DEBUG][0m - ernie_model_config            : ErniePretrainArgument(use_quant_before_a2a=False, use_async_a2a=False, use_rms_qkv_recompute=False, moe_logging=False, use_recompute=False, num_nextn_predict_layers=0, use_fp8_mlp=False, num_hidden_layers=2, num_empty_layers_add_in_tail=0, use_fp8_fuse_node=False, use_ep_comm_overlap=False, fp8_mem_configs=FP8MemConfigs(shared_expert=False, recompute_fwd_gate_up=False, dequant_input=False, offline_quant_expert_weight=False, clear_origin_weight_when_offline_quant=False), fp8_fused_ops_configs=FP8FusedOpsConfigs(stack_quant=False, swiglu_probs_bwd=False, split_group_gemm=True, spaq=True, transpose_split_quant=True), use_combine_before_a2a=False, moe_num_experts=0, moe_k=2, moe_use_aux_free=False, moe_gate='top2_fused', transpose_split_quant=False)[0m
[35m[2026-05-09 16:12:01,056] [   DEBUG][0m - fine_tuning                   : full[0m
[35m[2026-05-09 16:12:01,056] [   DEBUG][0m - fuse_gate_detach_matmul       : True[0m
[35m[2026-05-09 16:12:01,056] [   DEBUG][0m - fuse_softmax_mask             : False[0m
[35m[2026-05-09 16:12:01,057] [   DEBUG][0m - lora                          : False[0m
[35m[2026-05-09 16:12:01,057] [   DEBUG][0m - lora_alpha                    : -1[0m
[35m[2026-05-09 16:12:01,057] [   DEBUG][0m - lora_path                     : None[0m
[35m[2026-05-09 16:12:01,057] [   DEBUG][0m - lora_plus_scale               : 1.0[0m
[35m[2026-05-09 16:12:01,057] [   DEBUG][0m - lora_rank                     : 8[0m
[35m[2026-05-09 16:12:01,057] [   DEBUG][0m - loss_subbatch_seqlen          : 32768[0m
[35m[2026-05-09 16:12:01,057] [   DEBUG][0m - max_position_embeddings       : 4096[0m
[35m[2026-05-09 16:12:01,057] [   DEBUG][0m - model_name_or_path            : ./models/Llama-2-13b[0m
[35m[2026-05-09 16:12:01,057] [   DEBUG][0m - model_with_dpo_criterion      : False[0m
[35m[2026-05-09 16:12:01,057] [   DEBUG][0m - moe_gate                      : top2_fused[0m
[35m[2026-05-09 16:12:01,057] [   DEBUG][0m - moe_group                     : dummy[0m
[35m[2026-05-09 16:12:01,057] [   DEBUG][0m - moe_group_experts             : False[0m
[35m[2026-05-09 16:12:01,057] [   DEBUG][0m - moe_multimodal_dispatch_use_allgather: v2-alltoall-unpad[0m
[35m[2026-05-09 16:12:01,058] [   DEBUG][0m - moe_orthogonal_loss_lambda    : 0.0[0m
[35m[2026-05-09 16:12:01,058] [   DEBUG][0m - moe_use_aux_free              : None[0m
[35m[2026-05-09 16:12:01,058] [   DEBUG][0m - moe_use_hard_gate             : False[0m
[35m[2026-05-09 16:12:01,058] [   DEBUG][0m - neftune                       : False[0m
[35m[2026-05-09 16:12:01,058] [   DEBUG][0m - neftune_noise_alpha           : 5.0[0m
[35m[2026-05-09 16:12:01,058] [   DEBUG][0m - pp_seg_method                 : layer:DecoderLayer|EmptyLayer[0m
[35m[2026-05-09 16:12:01,058] [   DEBUG][0m - rope_3d                       : True[0m
[35m[2026-05-09 16:12:01,058] [   DEBUG][0m - rslora                        : False[0m
[35m[2026-05-09 16:12:01,058] [   DEBUG][0m - rslora_plus                   : False[0m
[35m[2026-05-09 16:12:01,058] [   DEBUG][0m - stage                         : PT[0m
[35m[2026-05-09 16:12:01,058] [   DEBUG][0m - tokenizer_name_or_path        : None[0m
[35m[2026-05-09 16:12:01,058] [   DEBUG][0m - use_attn_mask_startend_row_indices: True[0m
[35m[2026-05-09 16:12:01,058] [   DEBUG][0m - use_fast_layer_norm           : False[0m
[35m[2026-05-09 16:12:01,059] [   DEBUG][0m - use_global_causal_attn        : False[0m
[35m[2026-05-09 16:12:01,059] [   DEBUG][0m - use_mem_eff_attn              : True[0m
[35m[2026-05-09 16:12:01,059] [   DEBUG][0m - use_sparse_flash_attn         : True[0m
[35m[2026-05-09 16:12:01,059] [   DEBUG][0m - vision_config                 : VisionArguments(attn_implementation='eager', attn_sep=True, depth=32, embed_dim=1280, hidden_act='quick_gelu', hidden_size=1280, in_channels=3, mlp_ratio=4, model_type='DFNRope_vision_transformer', num_heads=16, patch_size=14, spatial_merge_size=2, tensor_model_parallel_size=4, vit_num_recompute_layers=10000)[0m
[35m[2026-05-09 16:12:01,059] [   DEBUG][0m - [0m
[35m[2026-05-09 16:12:01,059] [   DEBUG][0m - ============================================================[0m
[35m[2026-05-09 16:12:01,059] [   DEBUG][0m -       Data Configuration Arguments      [0m
[35m[2026-05-09 16:12:01,059] [   DEBUG][0m - paddle commit id              : ba3477ae69a2c015cb9569eb044381795da89389[0m
[35m[2026-05-09 16:12:01,059] [   DEBUG][0m - paddleformers commit id       : 8139352127d4c61ed5c5f61f64c079097505cb0f.dirty[0m
[35m[2026-05-09 16:12:01,059] [   DEBUG][0m - binpacking                    : True[0m
[35m[2026-05-09 16:12:01,059] [   DEBUG][0m - buffer_size                   : 500[0m
[35m[2026-05-09 16:12:01,059] [   DEBUG][0m - custom_register_path          : None[0m
[35m[2026-05-09 16:12:01,060] [   DEBUG][0m - data_cache                    : None[0m
[35m[2026-05-09 16:12:01,060] [   DEBUG][0m - data_impl                     : mmap[0m
[35m[2026-05-09 16:12:01,060] [   DEBUG][0m - dataset_output_dir            : ./dataset_output[0m
[35m[2026-05-09 16:12:01,060] [   DEBUG][0m - dataset_type                  : pretrain[0m
[35m[2026-05-09 16:12:01,060] [   DEBUG][0m - encode_one_turn               : True[0m
[35m[2026-05-09 16:12:01,060] [   DEBUG][0m - eval_dataset_path             : examples/data/sft-eval.jsonl[0m
[35m[2026-05-09 16:12:01,060] [   DEBUG][0m - eval_dataset_prob             : 1.0[0m
[35m[2026-05-09 16:12:01,060] [   DEBUG][0m - eval_dataset_type             : erniekit[0m
[35m[2026-05-09 16:12:01,060] [   DEBUG][0m - eval_with_do_generation       : False[0m
[35m[2026-05-09 16:12:01,060] [   DEBUG][0m - greedy_intokens               : True[0m
[35m[2026-05-09 16:12:01,060] [   DEBUG][0m - input_dir                     : 1.0 ./data/pt/llama_openwebtext_100k[0m
[35m[2026-05-09 16:12:01,060] [   DEBUG][0m - make_offline_data             : False[0m
[35m[2026-05-09 16:12:01,060] [   DEBUG][0m - max_prompt_len                : 2048[0m
[35m[2026-05-09 16:12:01,061] [   DEBUG][0m - max_seq_len                   : 4096[0m
[35m[2026-05-09 16:12:01,061] [   DEBUG][0m - mix_strategy                  : concat[0m
[35m[2026-05-09 16:12:01,061] [   DEBUG][0m - new_special_tokens_path       : None[0m
[35m[2026-05-09 16:12:01,061] [   DEBUG][0m - num_samples_each_epoch        : 6000000[0m
[35m[2026-05-09 16:12:01,061] [   DEBUG][0m - packed_idx_cache_dir          : None[0m
[35m[2026-05-09 16:12:01,061] [   DEBUG][0m - packing                       : False[0m
[35m[2026-05-09 16:12:01,061] [   DEBUG][0m - packing_interval              : 1000[0m
[35m[2026-05-09 16:12:01,061] [   DEBUG][0m - padding_free                  : False[0m
[35m[2026-05-09 16:12:01,061] [   DEBUG][0m - processor_use_fast            : None[0m
[35m[2026-05-09 16:12:01,061] [   DEBUG][0m - random_shuffle                : True[0m
[35m[2026-05-09 16:12:01,061] [   DEBUG][0m - share_folder                  : True[0m
[35m[2026-05-09 16:12:01,061] [   DEBUG][0m - skip_warmup                   : True[0m
[35m[2026-05-09 16:12:01,061] [   DEBUG][0m - split                         : 1000,0,0[0m
[35m[2026-05-09 16:12:01,062] [   DEBUG][0m - split_multi_turn              : False[0m
[35m[2026-05-09 16:12:01,062] [   DEBUG][0m - template                      : None[0m
[35m[2026-05-09 16:12:01,062] [   DEBUG][0m - template_backend              : custom[0m
[35m[2026-05-09 16:12:01,062] [   DEBUG][0m - train_dataset_path            : None[0m
[35m[2026-05-09 16:12:01,062] [   DEBUG][0m - train_dataset_prob            : None[0m
[35m[2026-05-09 16:12:01,062] [   DEBUG][0m - train_dataset_type            : None[0m
[35m[2026-05-09 16:12:01,062] [   DEBUG][0m - truncate_packing              : True[0m
[35m[2026-05-09 16:12:01,062] [   DEBUG][0m - truncation_strategy           : delete[0m
[35m[2026-05-09 16:12:01,062] [   DEBUG][0m - use_template                  : True[0m
[35m[2026-05-09 16:12:01,062] [   DEBUG][0m - warmup_only_rank0             : False[0m
[35m[2026-05-09 16:12:01,062] [   DEBUG][0m - [0m
[35m[2026-05-09 16:12:01,062] [   DEBUG][0m - ============================================================[0m
[35m[2026-05-09 16:12:01,062] [   DEBUG][0m -      Train Configuration Arguments      [0m
[35m[2026-05-09 16:12:01,062] [   DEBUG][0m - paddle commit id              : ba3477ae69a2c015cb9569eb044381795da89389[0m
[35m[2026-05-09 16:12:01,063] [   DEBUG][0m - paddleformers commit id       : 8139352127d4c61ed5c5f61f64c079097505cb0f.dirty[0m
[35m[2026-05-09 16:12:01,063] [   DEBUG][0m - _no_sync_in_gradient_accumulation: True[0m
[35m[2026-05-09 16:12:01,063] [   DEBUG][0m - adam_beta1                    : 0.9[0m
[35m[2026-05-09 16:12:01,063] [   DEBUG][0m - adam_beta2                    : 0.999[0m
[35m[2026-05-09 16:12:01,063] [   DEBUG][0m - adam_epsilon                  : 1e-08[0m
[35m[2026-05-09 16:12:01,063] [   DEBUG][0m - amp_custom_black_list         : ['reduce_sum', 'softmax_with_cross_entropy', 'c_softmax_with_cross_entropy', 'elementwise_div', 'sin', 'cos'][0m
[35m[2026-05-09 16:12:01,063] [   DEBUG][0m - amp_custom_white_list         : ['lookup_table', 'lookup_table_v2', 'flash_attn', 'matmul', 'matmul_v2', 'fused_gemm_epilogue'][0m
[35m[2026-05-09 16:12:01,063] [   DEBUG][0m - amp_master_grad               : True[0m
[35m[2026-05-09 16:12:01,063] [   DEBUG][0m - aoa_config                    : None[0m
[35m[2026-05-09 16:12:01,064] [   DEBUG][0m - apply_rope_fusion             : False[0m
[35m[2026-05-09 16:12:01,064] [   DEBUG][0m - attention_probs_dropout_prob  : 0.0[0m
[35m[2026-05-09 16:12:01,064] [   DEBUG][0m - auto_parallel_resume_form_hybrid_parallel: False[0m
[35m[2026-05-09 16:12:01,064] [   DEBUG][0m - auto_parallel_sync_shared_params: False[0m
[35m[2026-05-09 16:12:01,064] [   DEBUG][0m - autotuner_benchmark           : False[0m
[35m[2026-05-09 16:12:01,064] [   DEBUG][0m - balanced_image_preprocess     : False[0m
[35m[2026-05-09 16:12:01,064] [   DEBUG][0m - batch_p2p_comm                : True[0m
[35m[2026-05-09 16:12:01,064] [   DEBUG][0m - benchmark                     : False[0m
[35m[2026-05-09 16:12:01,064] [   DEBUG][0m - best_unbalanced_scheduler     : False[0m
[35m[2026-05-09 16:12:01,064] [   DEBUG][0m - beta                          : 0.1[0m
[35m[2026-05-09 16:12:01,064] [   DEBUG][0m - bf16                          : True[0m
[35m[2026-05-09 16:12:01,064] [   DEBUG][0m - bf16_full_eval                : False[0m
[35m[2026-05-09 16:12:01,064] [   DEBUG][0m - ckpt_quant_stage              : O0[0m
[35m[2026-05-09 16:12:01,065] [   DEBUG][0m - clear_every_step_cache        : False[0m
[35m[2026-05-09 16:12:01,065] [   DEBUG][0m - compute_type                  : bf16[0m
[35m[2026-05-09 16:12:01,065] [   DEBUG][0m - context_parallel_rank         : 0[0m
[35m[2026-05-09 16:12:01,065] [   DEBUG][0m - context_parallel_size         : 1[0m
[35m[2026-05-09 16:12:01,065] [   DEBUG][0m - convert_from_hf               : True[0m
[35m[2026-05-09 16:12:01,065] [   DEBUG][0m - copy_custom_file_list         : [0m
[35m[2026-05-09 16:12:01,065] [   DEBUG][0m - count_trained_tokens          : False[0m
[35m[2026-05-09 16:12:01,065] [   DEBUG][0m - cp_comm_type                  : None[0m
[35m[2026-05-09 16:12:01,065] [   DEBUG][0m - cp_sharding_degree            : 1[0m
[35m[2026-05-09 16:12:01,065] [   DEBUG][0m - cp_sharding_rank              : 0[0m
[35m[2026-05-09 16:12:01,065] [   DEBUG][0m - current_device                : gpu:0[0m
[35m[2026-05-09 16:12:01,065] [   DEBUG][0m - data_parallel_config          : [0m
[35m[2026-05-09 16:12:01,066] [   DEBUG][0m - data_parallel_rank            : 0[0m
[35m[2026-05-09 16:12:01,066] [   DEBUG][0m - data_parallel_size            : 1[0m
[35m[2026-05-09 16:12:01,066] [   DEBUG][0m - dataloader_drop_last          : False[0m
[35m[2026-05-09 16:12:01,066] [   DEBUG][0m - dataloader_num_workers        : 0[0m
[35m[2026-05-09 16:12:01,066] [   DEBUG][0m - dataloader_shuffle            : True[0m
[35m[2026-05-09 16:12:01,066] [   DEBUG][0m - dataset_batch_size            : 1000[0m
[35m[2026-05-09 16:12:01,066] [   DEBUG][0m - dataset_kwargs                : None[0m
[35m[2026-05-09 16:12:01,066] [   DEBUG][0m - dataset_num_proc              : None[0m
[35m[2026-05-09 16:12:01,066] [   DEBUG][0m - dataset_rank                  : 0[0m
[35m[2026-05-09 16:12:01,066] [   DEBUG][0m - dataset_text_field            : text[0m
[35m[2026-05-09 16:12:01,066] [   DEBUG][0m - dataset_world_size            : 2[0m
[35m[2026-05-09 16:12:01,066] [   DEBUG][0m - ddp_find_unused_parameters    : None[0m
[35m[2026-05-09 16:12:01,066] [   DEBUG][0m - decay_function                : half_life[0m
[35m[2026-05-09 16:12:01,067] [   DEBUG][0m - decay_steps                   : None[0m
[35m[2026-05-09 16:12:01,067] [   DEBUG][0m - deterministic_mode            : False[0m
[35m[2026-05-09 16:12:01,067] [   DEBUG][0m - device                        : gpu[0m
[35m[2026-05-09 16:12:01,067] [   DEBUG][0m - disable_tqdm                  : False[0m
[35m[2026-05-09 16:12:01,067] [   DEBUG][0m - distributed_dataloader        : False[0m
[35m[2026-05-09 16:12:01,067] [   DEBUG][0m - do_eval                       : False[0m
[35m[2026-05-09 16:12:01,067] [   DEBUG][0m - do_export                     : False[0m
[35m[2026-05-09 16:12:01,067] [   DEBUG][0m - do_predict                    : False[0m
[35m[2026-05-09 16:12:01,067] [   DEBUG][0m - do_train                      : True[0m
[35m[2026-05-09 16:12:01,067] [   DEBUG][0m - download_hub                  : None[0m
[35m[2026-05-09 16:12:01,067] [   DEBUG][0m - dp_allreduce_avg_in_gradinent_scale: False[0m
[35m[2026-05-09 16:12:01,067] [   DEBUG][0m - dp_comm_overlap               : False[0m
[35m[2026-05-09 16:12:01,067] [   DEBUG][0m - dpop_lambda                   : 50[0m
[35m[2026-05-09 16:12:01,068] [   DEBUG][0m - embedding_init_method         : None[0m
[35m[2026-05-09 16:12:01,068] [   DEBUG][0m - embedding_init_method_std     : 0.02[0m
[35m[2026-05-09 16:12:01,068] [   DEBUG][0m - enable_auto_parallel          : False[0m
[35m[2026-05-09 16:12:01,068] [   DEBUG][0m - enable_linear_fused_grad_add  : False[0m
[35m[2026-05-09 16:12:01,068] [   DEBUG][0m - enable_mtp_magic_send         : False[0m
[35m[2026-05-09 16:12:01,068] [   DEBUG][0m - enable_sharding_comm_overlap  : False[0m
[35m[2026-05-09 16:12:01,068] [   DEBUG][0m - enable_zero_cost_checkpoint   : False[0m
[35m[2026-05-09 16:12:01,068] [   DEBUG][0m - estimation_output_file        : estimation_output.json[0m
[35m[2026-05-09 16:12:01,068] [   DEBUG][0m - eval_accumulation_steps       : None[0m
[35m[2026-05-09 16:12:01,068] [   DEBUG][0m - eval_batch_size               : 8[0m
[35m[2026-05-09 16:12:01,068] [   DEBUG][0m - eval_iters                    : -1[0m
[35m[2026-05-09 16:12:01,068] [   DEBUG][0m - eval_steps                    : 999[0m
[35m[2026-05-09 16:12:01,068] [   DEBUG][0m - evaluation_strategy           : IntervalStrategy.NO[0m
[35m[2026-05-09 16:12:01,069] [   DEBUG][0m - expert_model_parallel_size    : 1[0m
[35m[2026-05-09 16:12:01,069] [   DEBUG][0m - expert_parallel_rank          : 0[0m
[35m[2026-05-09 16:12:01,069] [   DEBUG][0m - expert_tensor_model_parallel_size: 1[0m
[35m[2026-05-09 16:12:01,069] [   DEBUG][0m - fa_version                    : 2[0m
[35m[2026-05-09 16:12:01,069] [   DEBUG][0m - factor                        : 20[0m
[35m[2026-05-09 16:12:01,069] [   DEBUG][0m - flash_device_save_steps       : 0[0m
[35m[2026-05-09 16:12:01,069] [   DEBUG][0m - flatten_param_grads           : False[0m
[35m[2026-05-09 16:12:01,069] [   DEBUG][0m - flex_ckpt_comm_method         : None[0m
[35m[2026-05-09 16:12:01,069] [   DEBUG][0m - force_reshard_pp              : False[0m
[35m[2026-05-09 16:12:01,069] [   DEBUG][0m - forward_backward_overlap_scheduler: False[0m
[35m[2026-05-09 16:12:01,069] [   DEBUG][0m - fp16                          : False[0m
[35m[2026-05-09 16:12:01,069] [   DEBUG][0m - fp16_full_eval                : False[0m
[35m[2026-05-09 16:12:01,069] [   DEBUG][0m - fp16_opt_level                : O1[0m
[35m[2026-05-09 16:12:01,070] [   DEBUG][0m - fp32_residual_connection      : True[0m
[35m[2026-05-09 16:12:01,070] [   DEBUG][0m - fp8                           : None[0m
[35m[2026-05-09 16:12:01,070] [   DEBUG][0m - fp8_wgrad                     : True[0m
[35m[2026-05-09 16:12:01,070] [   DEBUG][0m - freeze_config                 : [0m
[35m[2026-05-09 16:12:01,070] [   DEBUG][0m - freeze_training               : False[0m
[35m[2026-05-09 16:12:01,070] [   DEBUG][0m - fuse_optimizer_states         : False[0m
[35m[2026-05-09 16:12:01,070] [   DEBUG][0m - fuse_sequence_parallel_allreduce: False[0m
[35m[2026-05-09 16:12:01,070] [   DEBUG][0m - fuse_swiglu                   : False[0m
[35m[2026-05-09 16:12:01,070] [   DEBUG][0m - gated_linear_unit             : True[0m
[35m[2026-05-09 16:12:01,070] [   DEBUG][0m - gc_interval                   : 0[0m
[35m[2026-05-09 16:12:01,070] [   DEBUG][0m - global_batch_size             : 8[0m
[35m[2026-05-09 16:12:01,070] [   DEBUG][0m - global_logging_interval       : 1[0m
[35m[2026-05-09 16:12:01,070] [   DEBUG][0m - gradient_accumulation_steps   : 4[0m
[35m[2026-05-09 16:12:01,070] [   DEBUG][0m - gradient_sync_after_accumulate: False[0m
[35m[2026-05-09 16:12:01,071] [   DEBUG][0m - greater_is_better             : None[0m
[35m[2026-05-09 16:12:01,071] [   DEBUG][0m - hidden_dropout_prob           : 0.0[0m
[35m[2026-05-09 16:12:01,071] [   DEBUG][0m - hidden_size                   : None[0m
[35m[2026-05-09 16:12:01,071] [   DEBUG][0m - high_precision_rope           : False[0m
[35m[2026-05-09 16:12:01,071] [   DEBUG][0m - hybrid_parallel_expert_grad_scale: 2.0[0m
[35m[2026-05-09 16:12:01,071] [   DEBUG][0m - hybrid_parallel_topo_order    : sharding_first[0m
[35m[2026-05-09 16:12:01,071] [   DEBUG][0m - ignore_data_skip              : False[0m
[35m[2026-05-09 16:12:01,071] [   DEBUG][0m - ignore_eos_token              : False[0m
[35m[2026-05-09 16:12:01,071] [   DEBUG][0m - ignore_load_lr_and_optim      : False[0m
[35m[2026-05-09 16:12:01,071] [   DEBUG][0m - ignore_save_lr_and_optim      : False[0m
[35m[2026-05-09 16:12:01,071] [   DEBUG][0m - init_method                   : None[0m
[35m[2026-05-09 16:12:01,071] [   DEBUG][0m - intermediate_size             : None[0m
[35m[2026-05-09 16:12:01,072] [   DEBUG][0m - label_names                   : None[0m
[35m[2026-05-09 16:12:01,072] [   DEBUG][0m - label_smoothing               : 0.0[0m
[35m[2026-05-09 16:12:01,072] [   DEBUG][0m - lazy_data_processing          : True[0m
[35m[2026-05-09 16:12:01,072] [   DEBUG][0m - learning_rate                 : 0.0001[0m
[35m[2026-05-09 16:12:01,072] [   DEBUG][0m - load_best_model_at_end        : False[0m
[35m[2026-05-09 16:12:01,072] [   DEBUG][0m - load_checkpoint_format        : sharding_io[0m
[35m[2026-05-09 16:12:01,072] [   DEBUG][0m - load_from_hf                  : False[0m
[35m[2026-05-09 16:12:01,072] [   DEBUG][0m - load_sharded_model            : True[0m
[35m[2026-05-09 16:12:01,072] [   DEBUG][0m - load_sharded_model_remap_parameter_name: False[0m
[35m[2026-05-09 16:12:01,072] [   DEBUG][0m - load_via_cpu                  : True[0m
[35m[2026-05-09 16:12:01,072] [   DEBUG][0m - local_process_index           : 0[0m
[35m[2026-05-09 16:12:01,072] [   DEBUG][0m - local_rank                    : 0[0m
[35m[2026-05-09 16:12:01,072] [   DEBUG][0m - log_global_grad_norm          : False[0m
[35m[2026-05-09 16:12:01,072] [   DEBUG][0m - log_level                     : -1[0m
[35m[2026-05-09 16:12:01,073] [   DEBUG][0m - log_level_replica             : -1[0m
[35m[2026-05-09 16:12:01,073] [   DEBUG][0m - log_on_each_node              : True[0m
[35m[2026-05-09 16:12:01,073] [   DEBUG][0m - logging_dir                   : ./logs/pt/13b_elastic[0m
[35m[2026-05-09 16:12:01,073] [   DEBUG][0m - logging_first_step            : False[0m
[35m[2026-05-09 16:12:01,073] [   DEBUG][0m - logging_steps                 : 1[0m
[35m[2026-05-09 16:12:01,073] [   DEBUG][0m - logging_strategy              : IntervalStrategy.STEPS[0m
[35m[2026-05-09 16:12:01,073] [   DEBUG][0m - logical_process_index         : 0[0m
[35m[2026-05-09 16:12:01,073] [   DEBUG][0m - loss_subbatch_sequence_length : -1[0m
[35m[2026-05-09 16:12:01,073] [   DEBUG][0m - loss_type                     : sigmoid[0m
[35m[2026-05-09 16:12:01,073] [   DEBUG][0m - lr_end                        : 1e-07[0m
[35m[2026-05-09 16:12:01,073] [   DEBUG][0m - lr_scheduler                  : cosine[0m
[35m[2026-05-09 16:12:01,073] [   DEBUG][0m - lr_scheduler_type             : SchedulerType.LINEAR[0m
[35m[2026-05-09 16:12:01,074] [   DEBUG][0m - max_estimate_samples          : 100000.0[0m
[35m[2026-05-09 16:12:01,074] [   DEBUG][0m - max_evaluate_steps            : -1[0m
[35m[2026-05-09 16:12:01,074] [   DEBUG][0m - max_grad_norm                 : 1.0[0m
[35m[2026-05-09 16:12:01,074] [   DEBUG][0m - max_gradient_accumulation_steps: 4[0m
[35m[2026-05-09 16:12:01,074] [   DEBUG][0m - max_seq_len                   : 4096[0m
[35m[2026-05-09 16:12:01,074] [   DEBUG][0m - max_steps                     : 150[0m
[35m[2026-05-09 16:12:01,074] [   DEBUG][0m - merge_with_qdq_base_model     : False[0m
[35m[2026-05-09 16:12:01,074] [   DEBUG][0m - metric_for_best_model         : None[0m
[35m[2026-05-09 16:12:01,074] [   DEBUG][0m - metrics_output_path           : None[0m
[35m[2026-05-09 16:12:01,074] [   DEBUG][0m - min_lr                        : 0.0[0m
[35m[2026-05-09 16:12:01,074] [   DEBUG][0m - minimum_eval_times            : None[0m
[35m[2026-05-09 16:12:01,074] [   DEBUG][0m - model_name_or_path            : ./models/Llama-2-13b[0m
[35m[2026-05-09 16:12:01,074] [   DEBUG][0m - moe_deep_gemm                 : False[0m
[35m[2026-05-09 16:12:01,075] [   DEBUG][0m - moe_deepep_num_sms            : None[0m
[35m[2026-05-09 16:12:01,075] [   DEBUG][0m - moe_dequant_input             : False[0m
[35m[2026-05-09 16:12:01,075] [   DEBUG][0m - moe_dropout_prob              : 0.0[0m
[35m[2026-05-09 16:12:01,075] [   DEBUG][0m - moe_ep_barrier                : True[0m
[35m[2026-05-09 16:12:01,075] [   DEBUG][0m - moe_expert_capacity_factor    : 0.0[0m
[35m[2026-05-09 16:12:01,075] [   DEBUG][0m - moe_expert_fusion             : True[0m
[35m[2026-05-09 16:12:01,075] [   DEBUG][0m - moe_gate_lr_ratio             : None[0m
[35m[2026-05-09 16:12:01,075] [   DEBUG][0m - moe_grouped_gemm              : False[0m
[35m[2026-05-09 16:12:01,075] [   DEBUG][0m - moe_pad_expert_input_to_capacity: False[0m
[35m[2026-05-09 16:12:01,075] [   DEBUG][0m - moe_router_bias_update_rate   : 0.0[0m
[35m[2026-05-09 16:12:01,075] [   DEBUG][0m - moe_router_force_load_balancing: False[0m
[35m[2026-05-09 16:12:01,075] [   DEBUG][0m - moe_router_fusion             : True[0m
[35m[2026-05-09 16:12:01,075] [   DEBUG][0m - moe_router_load_balancing_type: seq_aux_loss[0m
[35m[2026-05-09 16:12:01,076] [   DEBUG][0m - moe_sharding_parallel_rank    : 0[0m
[35m[2026-05-09 16:12:01,076] [   DEBUG][0m - moe_sharding_parallel_size    : 1[0m
[35m[2026-05-09 16:12:01,076] [   DEBUG][0m - moe_shared_expert_overlap     : True[0m
[35m[2026-05-09 16:12:01,076] [   DEBUG][0m - moe_subbatch_token_num_after_dispatch: None[0m
[35m[2026-05-09 16:12:01,076] [   DEBUG][0m - moe_subbatch_token_num_before_dispatch: 0[0m
[35m[2026-05-09 16:12:01,076] [   DEBUG][0m - moe_token_dispatcher_type     : deepep[0m
[35m[2026-05-09 16:12:01,076] [   DEBUG][0m - moe_token_drop_policy         : probs[0m
[35m[2026-05-09 16:12:01,076] [   DEBUG][0m - moe_use_fusion_node           : True[0m
[35m[2026-05-09 16:12:01,076] [   DEBUG][0m - moe_with_send_router_loss     : True[0m
[35m[2026-05-09 16:12:01,076] [   DEBUG][0m - mp_async_allreduce            : False[0m
[35m[2026-05-09 16:12:01,076] [   DEBUG][0m - mp_fused_linear_param_grad_add: False[0m
[35m[2026-05-09 16:12:01,076] [   DEBUG][0m - mp_skip_c_identity            : False[0m
[35m[2026-05-09 16:12:01,076] [   DEBUG][0m - mtp_distillation_loss         : False[0m
[35m[2026-05-09 16:12:01,076] [   DEBUG][0m - mtp_num_layers                : 0[0m
[35m[2026-05-09 16:12:01,077] [   DEBUG][0m - multi_latent_attention        : False[0m
[35m[2026-05-09 16:12:01,077] [   DEBUG][0m - muon_exclude_patterns         : ['embed', 'bias', 'lm_head', 'mlp.gate'][0m
[35m[2026-05-09 16:12:01,077] [   DEBUG][0m - muon_extra_scale_factor       : 0.2[0m
[35m[2026-05-09 16:12:01,077] [   DEBUG][0m - muon_ffn_split                : True[0m
[35m[2026-05-09 16:12:01,077] [   DEBUG][0m - muon_momentum                 : 0.95[0m
[35m[2026-05-09 16:12:01,077] [   DEBUG][0m - muon_ns_coeff_type            : quintic[0m
[35m[2026-05-09 16:12:01,077] [   DEBUG][0m - muon_ns_steps                 : 5[0m
[35m[2026-05-09 16:12:01,077] [   DEBUG][0m - muon_qkv_update_mode          : split_head[0m
[35m[2026-05-09 16:12:01,077] [   DEBUG][0m - muon_version                  : 3[0m
[35m[2026-05-09 16:12:01,077] [   DEBUG][0m - n_routed_experts              : None[0m
[35m[2026-05-09 16:12:01,077] [   DEBUG][0m - nccl_comm_group_config        : None[0m
[35m[2026-05-09 16:12:01,077] [   DEBUG][0m - need_data                     : True[0m
[35m[2026-05-09 16:12:01,077] [   DEBUG][0m - no_cuda                       : False[0m
[35m[2026-05-09 16:12:01,078] [   DEBUG][0m - no_recompute_layers           : None[0m
[35m[2026-05-09 16:12:01,078] [   DEBUG][0m - no_rope_freq                  : False[0m
[35m[2026-05-09 16:12:01,078] [   DEBUG][0m - non_batch_p2p_comm            : False[0m
[35m[2026-05-09 16:12:01,078] [   DEBUG][0m - normalization                 : RMSNorm[0m
[35m[2026-05-09 16:12:01,078] [   DEBUG][0m - normalize_logps               : False[0m
[35m[2026-05-09 16:12:01,078] [   DEBUG][0m - num_attention_heads           : None[0m
[35m[2026-05-09 16:12:01,078] [   DEBUG][0m - num_consecutive               : 1[0m
[35m[2026-05-09 16:12:01,078] [   DEBUG][0m - num_cycles                    : 0.5[0m
[35m[2026-05-09 16:12:01,078] [   DEBUG][0m - num_empty_layers_add_in_head  : 0[0m
[35m[2026-05-09 16:12:01,078] [   DEBUG][0m - num_empty_layers_add_in_tail  : 0[0m
[35m[2026-05-09 16:12:01,078] [   DEBUG][0m - num_experts_per_tok           : None[0m
[35m[2026-05-09 16:12:01,078] [   DEBUG][0m - num_hidden_layers             : None[0m
[35m[2026-05-09 16:12:01,078] [   DEBUG][0m - num_key_value_heads           : None[0m
[35m[2026-05-09 16:12:01,079] [   DEBUG][0m - num_nextn_predict_layers      : 0[0m
[35m[2026-05-09 16:12:01,079] [   DEBUG][0m - num_of_gpus                   : -1[0m
[35m[2026-05-09 16:12:01,079] [   DEBUG][0m - num_train_epochs              : 1.0[0m
[35m[2026-05-09 16:12:01,079] [   DEBUG][0m - offload_fp8_expert_master_weight: True[0m
[35m[2026-05-09 16:12:01,079] [   DEBUG][0m - offload_queue                 : False[0m
[35m[2026-05-09 16:12:01,079] [   DEBUG][0m - offset_alpha                  : 0.0[0m
[35m[2026-05-09 16:12:01,079] [   DEBUG][0m - online_merge_ema              : True[0m
[35m[2026-05-09 16:12:01,079] [   DEBUG][0m - optim                         : OptimizerNames.ADAMW[0m
[35m[2026-05-09 16:12:01,079] [   DEBUG][0m - optim_shard_num               : 1[0m
[35m[2026-05-09 16:12:01,079] [   DEBUG][0m - optimizer_name_suffix         : tp00_pp00_shard00[0m
[35m[2026-05-09 16:12:01,079] [   DEBUG][0m - ordered_save_group_size       : 0[0m
[35m[2026-05-09 16:12:01,079] [   DEBUG][0m - output_dir                    : ./checkpoints/pt/13b_elastic[0m
[35m[2026-05-09 16:12:01,079] [   DEBUG][0m - output_layer_init_method      : None[0m
[35m[2026-05-09 16:12:01,080] [   DEBUG][0m - output_signal_dir             : ./checkpoints/pt/13b_elastic[0m
[35m[2026-05-09 16:12:01,080] [   DEBUG][0m - overlap                       : False[0m
[35m[2026-05-09 16:12:01,080] [   DEBUG][0m - overlap_p2p_comm              : False[0m
[35m[2026-05-09 16:12:01,080] [   DEBUG][0m - overwrite_output_dir          : True[0m
[35m[2026-05-09 16:12:01,080] [   DEBUG][0m - p2p_cache_shape               : True[0m
[35m[2026-05-09 16:12:01,080] [   DEBUG][0m - pad_token_id                  : 0[0m
[35m[2026-05-09 16:12:01,080] [   DEBUG][0m - partial_send_recv             : True[0m
[35m[2026-05-09 16:12:01,080] [   DEBUG][0m - past_index                    : -1[0m
[35m[2026-05-09 16:12:01,080] [   DEBUG][0m - pdc_download_ckpt             : False[0m
[35m[2026-05-09 16:12:01,080] [   DEBUG][0m - pdc_download_timeout          : 300[0m
[35m[2026-05-09 16:12:01,080] [   DEBUG][0m - per_device_eval_batch_size    : 8[0m
[35m[2026-05-09 16:12:01,080] [   DEBUG][0m - per_device_train_batch_size   : 1[0m
[35m[2026-05-09 16:12:01,080] [   DEBUG][0m - pipeline_model_parallel_size  : 2[0m
[35m[2026-05-09 16:12:01,081] [   DEBUG][0m - pipeline_parallel_config      : [0m
[35m[2026-05-09 16:12:01,081] [   DEBUG][0m - pipeline_parallel_rank        : 0[0m
[35m[2026-05-09 16:12:01,081] [   DEBUG][0m - position_embedding_type       : rope[0m
[35m[2026-05-09 16:12:01,081] [   DEBUG][0m - power                         : 1.0[0m
[35m[2026-05-09 16:12:01,081] [   DEBUG][0m - pp_delay_scale_loss           : True[0m
[35m[2026-05-09 16:12:01,081] [   DEBUG][0m - pp_need_data                  : False[0m
[35m[2026-05-09 16:12:01,081] [   DEBUG][0m - pp_need_data_degree           : 0[0m
[35m[2026-05-09 16:12:01,081] [   DEBUG][0m - pp_release_grads              : False[0m
[35m[2026-05-09 16:12:01,081] [   DEBUG][0m - pp_sharding_comm_overlap      : False[0m
[35m[2026-05-09 16:12:01,081] [   DEBUG][0m - pp_sync_moment                : False[0m
[35m[2026-05-09 16:12:01,081] [   DEBUG][0m - pp_sync_param                 : False[0m
[35m[2026-05-09 16:12:01,081] [   DEBUG][0m - pre_alloc_memory              : 0[0m
[35m[2026-05-09 16:12:01,081] [   DEBUG][0m - prediction_loss_only          : False[0m
[35m[2026-05-09 16:12:01,081] [   DEBUG][0m - pref_loss_ratio               : 1.0[0m
[35m[2026-05-09 16:12:01,082] [   DEBUG][0m - prefetch_factor               : 2[0m
[35m[2026-05-09 16:12:01,082] [   DEBUG][0m - process_index                 : 0[0m
[35m[2026-05-09 16:12:01,082] [   DEBUG][0m - profile                       : False[0m
[35m[2026-05-09 16:12:01,082] [   DEBUG][0m - profile_step_end              : 12[0m
[35m[2026-05-09 16:12:01,082] [   DEBUG][0m - profile_step_start            : 10[0m
[35m[2026-05-09 16:12:01,082] [   DEBUG][0m - recompute_granularity         : full[0m
[35m[2026-05-09 16:12:01,082] [   DEBUG][0m - recompute_method              : uniform[0m
[35m[2026-05-09 16:12:01,082] [   DEBUG][0m - recompute_modules             : None[0m
[35m[2026-05-09 16:12:01,082] [   DEBUG][0m - recompute_mtp_granularity     : None[0m
[35m[2026-05-09 16:12:01,082] [   DEBUG][0m - recompute_mtp_method          : None[0m
[35m[2026-05-09 16:12:01,082] [   DEBUG][0m - recompute_mtp_modules         : None[0m
[35m[2026-05-09 16:12:01,082] [   DEBUG][0m - recompute_num_layers          : 1[0m
[35m[2026-05-09 16:12:01,082] [   DEBUG][0m - recompute_use_reentrant       : True[0m
[35m[2026-05-09 16:12:01,083] [   DEBUG][0m - reeao_dataset_rank            : 0[0m
[35m[2026-05-09 16:12:01,083] [   DEBUG][0m - reeao_dataset_world_size      : 2[0m
[35m[2026-05-09 16:12:01,083] [   DEBUG][0m - ref_model_update_steps        : -1[0m
[35m[2026-05-09 16:12:01,083] [   DEBUG][0m - reference_free                : False[0m
[35m[2026-05-09 16:12:01,083] [   DEBUG][0m - release_grads                 : False[0m
[35m[2026-05-09 16:12:01,083] [   DEBUG][0m - remove_unused_columns         : True[0m
[35m[2026-05-09 16:12:01,083] [   DEBUG][0m - reorder_pipeline_priority     : False[0m
[35m[2026-05-09 16:12:01,083] [   DEBUG][0m - replace_with_c_embedding      : False[0m
[35m[2026-05-09 16:12:01,083] [   DEBUG][0m - replace_with_parallel_cross_entropy: False[0m
[35m[2026-05-09 16:12:01,083] [   DEBUG][0m - replicate_saved_into_local    : False[0m
[35m[2026-05-09 16:12:01,083] [   DEBUG][0m - report_to                     : ['visualdl'][0m
[35m[2026-05-09 16:12:01,083] [   DEBUG][0m - resume_from_checkpoint        : None[0m
[35m[2026-05-09 16:12:01,083] [   DEBUG][0m - resume_from_huggingface_ckpt  : None[0m
[35m[2026-05-09 16:12:01,084] [   DEBUG][0m - router_aux_loss_coef          : 0.0[0m
[35m[2026-05-09 16:12:01,084] [   DEBUG][0m - router_z_loss_coef            : None[0m
[35m[2026-05-09 16:12:01,084] [   DEBUG][0m - run_name                      : ./checkpoints/pt/13b_elastic[0m
[35m[2026-05-09 16:12:01,084] [   DEBUG][0m - same_data                     : None[0m
[35m[2026-05-09 16:12:01,084] [   DEBUG][0m - save_checkpoint_format        : sharding_io[0m
[35m[2026-05-09 16:12:01,084] [   DEBUG][0m - save_hf_memory_growth_threshold: 8[0m
[35m[2026-05-09 16:12:01,084] [   DEBUG][0m - save_hf_steps                 : -1[0m
[35m[2026-05-09 16:12:01,084] [   DEBUG][0m - save_hf_total_limit           : None[0m
[35m[2026-05-09 16:12:01,084] [   DEBUG][0m - save_last_step                : False[0m
[35m[2026-05-09 16:12:01,084] [   DEBUG][0m - save_on_each_node             : False[0m
[35m[2026-05-09 16:12:01,084] [   DEBUG][0m - save_rng_states               : False[0m
[35m[2026-05-09 16:12:01,084] [   DEBUG][0m - save_sharded_model            : True[0m
[35m[2026-05-09 16:12:01,084] [   DEBUG][0m - save_sharding_stage1_model_include_freeze_params: False[0m
[35m[2026-05-09 16:12:01,085] [   DEBUG][0m - save_steps                    : 30[0m
[35m[2026-05-09 16:12:01,085] [   DEBUG][0m - save_strategy                 : IntervalStrategy.STEPS[0m
[35m[2026-05-09 16:12:01,085] [   DEBUG][0m - save_to_hf                    : False[0m
[35m[2026-05-09 16:12:01,085] [   DEBUG][0m - save_tokenizer                : True[0m
[35m[2026-05-09 16:12:01,085] [   DEBUG][0m - save_total_limit              : 1[0m
[35m[2026-05-09 16:12:01,085] [   DEBUG][0m - scale_loss                    : 32768[0m
[35m[2026-05-09 16:12:01,085] [   DEBUG][0m - sd_release_grads              : False[0m
[35m[2026-05-09 16:12:01,085] [   DEBUG][0m - sd_sharding_comm_overlap      : False[0m
[35m[2026-05-09 16:12:01,085] [   DEBUG][0m - sd_shardingv1_comm_overlap    : False[0m
[35m[2026-05-09 16:12:01,085] [   DEBUG][0m - seed                          : 23[0m
[35m[2026-05-09 16:12:01,085] [   DEBUG][0m - send_recv_overlap             : False[0m
[35m[2026-05-09 16:12:01,085] [   DEBUG][0m - sep_parallel_size             : 1[0m
[35m[2026-05-09 16:12:01,085] [   DEBUG][0m - sequence_parallel             : False[0m
[35m[2026-05-09 16:12:01,086] [   DEBUG][0m - sequence_parallel_config      : [0m
[35m[2026-05-09 16:12:01,086] [   DEBUG][0m - sft_loss_ratio                : 0.0[0m
[35m[2026-05-09 16:12:01,086] [   DEBUG][0m - sharded_model_from_ema        : False[0m
[35m[2026-05-09 16:12:01,086] [   DEBUG][0m - sharding                      : [<ShardingOption.SHARD_OP: 'stage1'>][0m
[35m[2026-05-09 16:12:01,086] [   DEBUG][0m - sharding_comm_buffer_size_MB  : -1[0m
[35m[2026-05-09 16:12:01,086] [   DEBUG][0m - sharding_degree               : -1[0m
[35m[2026-05-09 16:12:01,086] [   DEBUG][0m - sharding_offload_opt_buffersize_GB: -1[0m
[35m[2026-05-09 16:12:01,086] [   DEBUG][0m - sharding_parallel_config      : [0m
[35m[2026-05-09 16:12:01,086] [   DEBUG][0m - sharding_parallel_mesh_dimension: dp[0m
[35m[2026-05-09 16:12:01,086] [   DEBUG][0m - sharding_parallel_rank        : 0[0m
[35m[2026-05-09 16:12:01,086] [   DEBUG][0m - sharding_parallel_size        : 2[0m
[35m[2026-05-09 16:12:01,086] [   DEBUG][0m - should_load_dataset           : True[0m
[35m[2026-05-09 16:12:01,086] [   DEBUG][0m - should_load_sharding_stage1_model: True[0m
[35m[2026-05-09 16:12:01,087] [   DEBUG][0m - should_log                    : True[0m
[35m[2026-05-09 16:12:01,087] [   DEBUG][0m - should_save                   : True[0m
[35m[2026-05-09 16:12:01,087] [   DEBUG][0m - should_save_model_state       : True[0m
[35m[2026-05-09 16:12:01,087] [   DEBUG][0m - should_save_model_with_tensor_fusion: False[0m
[35m[2026-05-09 16:12:01,087] [   DEBUG][0m - should_save_sharding_stage1_model: True[0m
[35m[2026-05-09 16:12:01,087] [   DEBUG][0m - shuffle_consecutive           : False[0m
[35m[2026-05-09 16:12:01,087] [   DEBUG][0m - simpo_gamma                   : 0.5[0m
[35m[2026-05-09 16:12:01,087] [   DEBUG][0m - skip_data_intervals           : None[0m
[35m[2026-05-09 16:12:01,087] [   DEBUG][0m - skip_memory_metrics           : True[0m
[35m[2026-05-09 16:12:01,087] [   DEBUG][0m - skip_profile_timer            : True[0m
[35m[2026-05-09 16:12:01,087] [   DEBUG][0m - softmax_scale                 : None[0m
[35m[2026-05-09 16:12:01,087] [   DEBUG][0m - softmax_type                  : vanilla[0m
[35m[2026-05-09 16:12:01,087] [   DEBUG][0m - sp_allreduce_avg_in_gradinent_scale: False[0m
[35m[2026-05-09 16:12:01,088] [   DEBUG][0m - sp_async_reduce_scatter       : False[0m
[35m[2026-05-09 16:12:01,088] [   DEBUG][0m - split_backward                : False[0m
[35m[2026-05-09 16:12:01,088] [   DEBUG][0m - split_inputs_sequence_dim     : True[0m
[35m[2026-05-09 16:12:01,088] [   DEBUG][0m - split_norm_comm               : False[0m
[35m[2026-05-09 16:12:01,088] [   DEBUG][0m - split_param                   : True[0m
[35m[2026-05-09 16:12:01,088] [   DEBUG][0m - stage1_allgather_overlap      : False[0m
[35m[2026-05-09 16:12:01,088] [   DEBUG][0m - stage1_broadcast_overlap      : False[0m
[35m[2026-05-09 16:12:01,088] [   DEBUG][0m - stage1_overlap                : False[0m
[35m[2026-05-09 16:12:01,088] [   DEBUG][0m - stage1_reduce_avg             : True[0m
[35m[2026-05-09 16:12:01,088] [   DEBUG][0m - stage1_tensor_fusion          : False[0m
[35m[2026-05-09 16:12:01,088] [   DEBUG][0m - stage2_overlap                : False[0m
[35m[2026-05-09 16:12:01,088] [   DEBUG][0m - sync_grad                     : False[0m
[35m[2026-05-09 16:12:01,088] [   DEBUG][0m - tensor_fusion                 : False[0m
[35m[2026-05-09 16:12:01,089] [   DEBUG][0m - tensor_model_parallel_size    : 2[0m
[35m[2026-05-09 16:12:01,089] [   DEBUG][0m - tensor_parallel_config        : [0m
[35m[2026-05-09 16:12:01,089] [   DEBUG][0m - tensor_parallel_output        : True[0m
[35m[2026-05-09 16:12:01,089] [   DEBUG][0m - tensor_parallel_rank          : 0[0m
[35m[2026-05-09 16:12:01,089] [   DEBUG][0m - tensorwise_offload_optimizer  : False[0m
[35m[2026-05-09 16:12:01,089] [   DEBUG][0m - tie_word_embeddings           : None[0m
[35m[2026-05-09 16:12:01,089] [   DEBUG][0m - timer                         : False[0m
[35m[2026-05-09 16:12:01,089] [   DEBUG][0m - to_static                     : False[0m
[35m[2026-05-09 16:12:01,089] [   DEBUG][0m - token_balance_loss            : False[0m
[35m[2026-05-09 16:12:01,089] [   DEBUG][0m - tp_async_allreduce            : False[0m
[35m[2026-05-09 16:12:01,089] [   DEBUG][0m - tp_sync_moment                : False[0m
[35m[2026-05-09 16:12:01,089] [   DEBUG][0m - tp_sync_param                 : False[0m
[35m[2026-05-09 16:12:01,089] [   DEBUG][0m - train_batch_size              : 1[0m
[35m[2026-05-09 16:12:01,090] [   DEBUG][0m - train_mtp_only                : False[0m
[35m[2026-05-09 16:12:01,090] [   DEBUG][0m - unified_checkpoint            : False[0m
[35m[2026-05-09 16:12:01,090] [   DEBUG][0m - unified_checkpoint_config     : [0m
[35m[2026-05-09 16:12:01,090] [   DEBUG][0m - use_async_save                : False[0m
[35m[2026-05-09 16:12:01,090] [   DEBUG][0m - use_cache                     : False[0m
[35m[2026-05-09 16:12:01,090] [   DEBUG][0m - use_dualpipev                 : False[0m
[35m[2026-05-09 16:12:01,090] [   DEBUG][0m - use_expert_parallel           : False[0m
[35m[2026-05-09 16:12:01,090] [   DEBUG][0m - use_filtered_label_loss       : False[0m
[35m[2026-05-09 16:12:01,090] [   DEBUG][0m - use_fp8                       : False[0m
[35m[2026-05-09 16:12:01,090] [   DEBUG][0m - use_fused_head_and_loss_fn    : False[0m
[35m[2026-05-09 16:12:01,090] [   DEBUG][0m - use_fused_linear_cross_entropy: False[0m
[35m[2026-05-09 16:12:01,090] [   DEBUG][0m - use_hybrid_parallel           : True[0m
[35m[2026-05-09 16:12:01,090] [   DEBUG][0m - use_intermediate_api          : False[0m
[35m[2026-05-09 16:12:01,090] [   DEBUG][0m - use_lowprecision_moment       : False[0m
[35m[2026-05-09 16:12:01,091] [   DEBUG][0m - use_moe                       : False[0m
[35m[2026-05-09 16:12:01,091] [   DEBUG][0m - use_ortho_loss_callback       : False[0m
[35m[2026-05-09 16:12:01,091] [   DEBUG][0m - use_qk_norm                   : None[0m
[35m[2026-05-09 16:12:01,091] [   DEBUG][0m - use_recompute_mtp             : False[0m
[35m[2026-05-09 16:12:01,091] [   DEBUG][0m - use_unified_moe               : False[0m
[35m[2026-05-09 16:12:01,091] [   DEBUG][0m - using_sonic_moe               : False[0m
[35m[2026-05-09 16:12:01,091] [   DEBUG][0m - variable_seq_lengths          : False[0m
[35m[2026-05-09 16:12:01,091] [   DEBUG][0m - virtual_pipeline_model_parallel_size: 1[0m
[35m[2026-05-09 16:12:01,091] [   DEBUG][0m - wandb_api_key                 : None[0m
[35m[2026-05-09 16:12:01,091] [   DEBUG][0m - wandb_http_proxy              : None[0m
[35m[2026-05-09 16:12:01,091] [   DEBUG][0m - warmup_ratio                  : 0.0[0m
[35m[2026-05-09 16:12:01,091] [   DEBUG][0m - warmup_steps                  : 10[0m
[35m[2026-05-09 16:12:01,091] [   DEBUG][0m - weight_decay                  : 0.0[0m
[35m[2026-05-09 16:12:01,092] [   DEBUG][0m - weight_name_suffix            : tp00_pp00[0m
[35m[2026-05-09 16:12:01,092] [   DEBUG][0m - weight_quantize_algo          : None[0m
[35m[2026-05-09 16:12:01,092] [   DEBUG][0m - world_size                    : 8[0m
[35m[2026-05-09 16:12:01,092] [   DEBUG][0m - zcc_ema_interval              : 1[0m
[35m[2026-05-09 16:12:01,092] [   DEBUG][0m - zcc_ema_loss_threshold        : None[0m
[35m[2026-05-09 16:12:01,092] [   DEBUG][0m - zcc_pipeline_hooks_capacity_usage: 0.6[0m
[35m[2026-05-09 16:12:01,092] [   DEBUG][0m - zcc_save_ema_coef             : None[0m
[35m[2026-05-09 16:12:01,092] [   DEBUG][0m - zcc_workers_num               : 3[0m
[35m[2026-05-09 16:12:01,092] [   DEBUG][0m - [0m
[32m[2026-05-09 16:12:01,094] [    INFO][0m - The global seed is set to 23, local seed is set to 31 and random seed is set to 23.[0m
[33m[2026-05-09 16:12:01,094] [ WARNING][0m - Process rank: 0, device: gpu, world_size: 8, distributed training: True, 16-bits training: True[0m
[32m[2026-05-09 16:12:01,094] [    INFO][0m - Using download source: huggingface[0m
[32m[2026-05-09 16:12:01,094] [    INFO][0m - Using download source: huggingface[0m
[32m[2026-05-09 16:12:01,094] [    INFO][0m - Loading configuration file ./models/Llama-2-13b/config.json[0m
[32m[2026-05-09 16:12:01,098] [    INFO][0m - Final model config: LlamaConfig {
  "_name_or_path": "meta-llama/Llama-2-13b-hf",
  "architectures": [
    "LlamaForCausalLM"
  ],
  "attention_bias": false,
  "attention_dropout": 0.0,
  "bos_token_id": 1,
  "enable_auto_parallel": false,
  "eos_token_id": 2,
  "head_dim": 128,
  "hidden_act": "silu",
  "hidden_size": 5120,
  "initializer_range": 0.02,
  "intermediate_size": 13824,
  "is_lora": false,
  "max_position_embeddings": 4096,
  "max_sequence_length": 4096,
  "mlp_bias": false,
  "model_type": "llama",
  "moe_router_bias_update_rate": 0.0,
  "num_attention_heads": 40,
  "num_hidden_layers": 40,
  "num_key_value_heads": 40,
  "pad_token_id": 0,
  "paddleformers_version": "1.1.0.post20260509",
  "pipeline_model_parallel_size": 2,
  "pp_seg_method": "layer:DecoderLayer|EmptyLayer",
  "pretraining_tp": 2,
  "recompute_granularity": "full",
  "recompute_method": "uniform",
  "recompute_num_layers": 1,
  "rms_norm_eps": 1e-05,
  "rope_parameters": {
    "rope_theta": 10000.0,
    "rope_type": "default"
  },
  "rope_scaling": null,
  "rope_theta": 10000.0,
  "seq_length": 4096,
  "tensor_model_parallel_size": 2,
  "tie_word_embeddings": false,
  "torch_dtype": "float32",
  "use_cache": true,
  "use_fast_layer_norm": false,
  "vocab_size": 32000
}
[0m
[32m[2026-05-09 16:12:01,098] [    INFO][0m - Creating model[0m
[32m[2026-05-09 16:12:01,098] [    INFO][0m - Loading model weights from ./models/Llama-2-13b[0m
[32m[2026-05-09 16:12:01,105] [    INFO][0m - change initializer-range from 0.02 to 0.008068311858747157[0m
[32m[2026-05-09 16:12:01,105] [    INFO][0m - using moe-group: dummy[0m
[32m[2026-05-09 16:12:01,105] [    INFO][0m - use no_recompute_layers: {0, 1, 2, 3, 4, 5, 6, 7, 8, 9, 10, 11, 12, 13, 14, 15, 16, 17, 18, 19, 20, 21, 22, 23, 24, 25, 26, 27, 28, 29, 30, 31, 32, 33, 34, 35, 36, 37, 38, 39}[0m
[32m[2026-05-09 16:12:01,106] [    INFO][0m - using recompute_interval=0, seg_method=layer:DecoderLayer|EmptyLayer[0m
[32m[2026-05-09 16:12:01,106] [    INFO][0m - loss_subbatch_sequence_length: -1 , use_fused_head_and_loss_fn: False, use_filtered_label_loss: False[0m
[32m[2026-05-09 16:12:01,106] [    INFO][0m - using parallel cross entroy, take care[0m
[2026-05-09 16:12:01,107] [    INFO] pp_layers.py:871 - start segment network..
[2026-05-09 16:12:01,107] [    INFO] pp_layers.py:877 - segment with method: layer:DecoderLayer|EmptyLayer; result: 0, 21, 43
[2026-05-09 16:12:01,108] [    INFO] pp_layers.py:894 - stage=0, global_rank=0 ,layer_number=21
[2026-05-09 16:12:01,110] [    INFO] pp_layers.py:899 - 0: EmbeddingPipe(config=LlamaConfig {
  "_name_or_path": "meta-llama/Llama-2-13b-hf",
  "architectures": [
    "LlamaForCausalLM"
  ],
  "attention_bias": false,
  "attention_dropout": 0.0,
  "bos_token_id": 1,
  "enable_auto_parallel": false,
  "eos_token_id": 2,
  "head_dim": 128,
  "hidden_act": "silu",
  "hidden_size": 5120,
  "initializer_range": 0.008068311858747157,
  "intermediate_size": 13824,
  "is_lora": false,
  "max_position_embeddings": 4096,
  "max_sequence_length": 4096,
  "mlp_bias": false,
  "model_type": "llama",
  "moe_group_origin": "dummy",
  "moe_rank": 0,
  "moe_router_bias_update_rate": 0.0,
  "moe_world_size": 1,
  "num_attention_heads": 40,
  "num_hidden_layers": 40,
  "num_key_value_heads": 40,
  "pad_token_id": 0,
  "paddleformers_version": "1.1.0.post20260509",
  "pipeline_model_parallel_size": 2,
  "pp_seg_method": "layer:DecoderLayer|EmptyLayer",
  "pretraining_tp": 2,
  "recompute_granularity": "full",
  "recompute_method": "uniform",
  "recompute_num_layers": 1,
  "rms_norm_eps": 1e-05,
  "rope_parameters": {
    "rope_theta": 10000.0,
    "rope_type": "default"
  },
  "rope_scaling": null,
  "rope_theta": 10000.0,
  "seq_length": 4096,
  "tensor_model_parallel_size": 2,
  "tie_word_embeddings": false,
  "torch_dtype": "float32",
  "use_cache": true,
  "use_fast_layer_norm": false,
  "vocab_size": 32000
}
, embed_cls=None, rotary_emb_cls=None)
[2026-05-09 16:12:01,112] [    INFO] pp_layers.py:899 - 1: DecoderLayerPipe(config=LlamaConfig {
  "_name_or_path": "meta-llama/Llama-2-13b-hf",
  "architectures": [
    "LlamaForCausalLM"
  ],
  "attention_bias": false,
  "attention_dropout": 0.0,
  "bos_token_id": 1,
  "enable_auto_parallel": false,
  "eos_token_id": 2,
  "head_dim": 128,
  "hidden_act": "silu",
  "hidden_size": 5120,
  "initializer_range": 0.008068311858747157,
  "intermediate_size": 13824,
  "is_lora": false,
  "max_position_embeddings": 4096,
  "max_sequence_length": 4096,
  "mlp_bias": false,
  "model_type": "llama",
  "moe_group_origin": "dummy",
  "moe_rank": 0,
  "moe_router_bias_update_rate": 0.0,
  "moe_world_size": 1,
  "num_attention_heads": 40,
  "num_hidden_layers": 40,
  "num_key_value_heads": 40,
  "pad_token_id": 0,
  "paddleformers_version": "1.1.0.post20260509",
  "pipeline_model_parallel_size": 2,
  "pp_seg_method": "layer:DecoderLayer|EmptyLayer",
  "pretraining_tp": 2,
  "recompute_granularity": "full",
  "recompute_method": "uniform",
  "recompute_num_layers": 1,
  "rms_norm_eps": 1e-05,
  "rope_parameters": {
    "rope_theta": 10000.0,
    "rope_type": "default"
  },
  "rope_scaling": null,
  "rope_theta": 10000.0,
  "seq_length": 4096,
  "tensor_model_parallel_size": 2,
  "tie_word_embeddings": false,
  "torch_dtype": "float32",
  "use_cache": true,
  "use_fast_layer_norm": false,
  "vocab_size": 32000
}
, layer_idx=0)
[2026-05-09 16:12:01,115] [    INFO] pp_layers.py:899 - 2: DecoderLayerPipe(config=LlamaConfig {
  "_name_or_path": "meta-llama/Llama-2-13b-hf",
  "architectures": [
    "LlamaForCausalLM"
  ],
  "attention_bias": false,
  "attention_dropout": 0.0,
  "bos_token_id": 1,
  "enable_auto_parallel": false,
  "eos_token_id": 2,
  "head_dim": 128,
  "hidden_act": "silu",
  "hidden_size": 5120,
  "initializer_range": 0.008068311858747157,
  "intermediate_size": 13824,
  "is_lora": false,
  "max_position_embeddings": 4096,
  "max_sequence_length": 4096,
  "mlp_bias": false,
  "model_type": "llama",
  "moe_group_origin": "dummy",
  "moe_rank": 0,
  "moe_router_bias_update_rate": 0.0,
  "moe_world_size": 1,
  "num_attention_heads": 40,
  "num_hidden_layers": 40,
  "num_key_value_heads": 40,
  "pad_token_id": 0,
  "paddleformers_version": "1.1.0.post20260509",
  "pipeline_model_parallel_size": 2,
  "pp_seg_method": "layer:DecoderLayer|EmptyLayer",
  "pretraining_tp": 2,
  "recompute_granularity": "full",
  "recompute_method": "uniform",
  "recompute_num_layers": 1,
  "rms_norm_eps": 1e-05,
  "rope_parameters": {
    "rope_theta": 10000.0,
    "rope_type": "default"
  },
  "rope_scaling": null,
  "rope_theta": 10000.0,
  "seq_length": 4096,
  "tensor_model_parallel_size": 2,
  "tie_word_embeddings": false,
  "torch_dtype": "float32",
  "use_cache": true,
  "use_fast_layer_norm": false,
  "vocab_size": 32000
}
, layer_idx=1)
[2026-05-09 16:12:01,118] [    INFO] pp_layers.py:899 - 3: DecoderLayerPipe(config=LlamaConfig {
  "_name_or_path": "meta-llama/Llama-2-13b-hf",
  "architectures": [
    "LlamaForCausalLM"
  ],
  "attention_bias": false,
  "attention_dropout": 0.0,
  "bos_token_id": 1,
  "enable_auto_parallel": false,
  "eos_token_id": 2,
  "head_dim": 128,
  "hidden_act": "silu",
  "hidden_size": 5120,
  "initializer_range": 0.008068311858747157,
  "intermediate_size": 13824,
  "is_lora": false,
  "max_position_embeddings": 4096,
  "max_sequence_length": 4096,
  "mlp_bias": false,
  "model_type": "llama",
  "moe_group_origin": "dummy",
  "moe_rank": 0,
  "moe_router_bias_update_rate": 0.0,
  "moe_world_size": 1,
  "num_attention_heads": 40,
  "num_hidden_layers": 40,
  "num_key_value_heads": 40,
  "pad_token_id": 0,
  "paddleformers_version": "1.1.0.post20260509",
  "pipeline_model_parallel_size": 2,
  "pp_seg_method": "layer:DecoderLayer|EmptyLayer",
  "pretraining_tp": 2,
  "recompute_granularity": "full",
  "recompute_method": "uniform",
  "recompute_num_layers": 1,
  "rms_norm_eps": 1e-05,
  "rope_parameters": {
    "rope_theta": 10000.0,
    "rope_type": "default"
  },
  "rope_scaling": null,
  "rope_theta": 10000.0,
  "seq_length": 4096,
  "tensor_model_parallel_size": 2,
  "tie_word_embeddings": false,
  "torch_dtype": "float32",
  "use_cache": true,
  "use_fast_layer_norm": false,
  "vocab_size": 32000
}
, layer_idx=2)
[2026-05-09 16:12:01,120] [    INFO] pp_layers.py:899 - 4: DecoderLayerPipe(config=LlamaConfig {
  "_name_or_path": "meta-llama/Llama-2-13b-hf",
  "architectures": [
    "LlamaForCausalLM"
  ],
  "attention_bias": false,
  "attention_dropout": 0.0,
  "bos_token_id": 1,
  "enable_auto_parallel": false,
  "eos_token_id": 2,
  "head_dim": 128,
  "hidden_act": "silu",
  "hidden_size": 5120,
  "initializer_range": 0.008068311858747157,
  "intermediate_size": 13824,
  "is_lora": false,
  "max_position_embeddings": 4096,
  "max_sequence_length": 4096,
  "mlp_bias": false,
  "model_type": "llama",
  "moe_group_origin": "dummy",
  "moe_rank": 0,
  "moe_router_bias_update_rate": 0.0,
  "moe_world_size": 1,
  "num_attention_heads": 40,
  "num_hidden_layers": 40,
  "num_key_value_heads": 40,
  "pad_token_id": 0,
  "paddleformers_version": "1.1.0.post20260509",
  "pipeline_model_parallel_size": 2,
  "pp_seg_method": "layer:DecoderLayer|EmptyLayer",
  "pretraining_tp": 2,
  "recompute_granularity": "full",
  "recompute_method": "uniform",
  "recompute_num_layers": 1,
  "rms_norm_eps": 1e-05,
  "rope_parameters": {
    "rope_theta": 10000.0,
    "rope_type": "default"
  },
  "rope_scaling": null,
  "rope_theta": 10000.0,
  "seq_length": 4096,
  "tensor_model_parallel_size": 2,
  "tie_word_embeddings": false,
  "torch_dtype": "float32",
  "use_cache": true,
  "use_fast_layer_norm": false,
  "vocab_size": 32000
}
, layer_idx=3)
[2026-05-09 16:12:01,123] [    INFO] pp_layers.py:899 - 5: DecoderLayerPipe(config=LlamaConfig {
  "_name_or_path": "meta-llama/Llama-2-13b-hf",
  "architectures": [
    "LlamaForCausalLM"
  ],
  "attention_bias": false,
  "attention_dropout": 0.0,
  "bos_token_id": 1,
  "enable_auto_parallel": false,
  "eos_token_id": 2,
  "head_dim": 128,
  "hidden_act": "silu",
  "hidden_size": 5120,
  "initializer_range": 0.008068311858747157,
  "intermediate_size": 13824,
  "is_lora": false,
  "max_position_embeddings": 4096,
  "max_sequence_length": 4096,
  "mlp_bias": false,
  "model_type": "llama",
  "moe_group_origin": "dummy",
  "moe_rank": 0,
  "moe_router_bias_update_rate": 0.0,
  "moe_world_size": 1,
  "num_attention_heads": 40,
  "num_hidden_layers": 40,
  "num_key_value_heads": 40,
  "pad_token_id": 0,
  "paddleformers_version": "1.1.0.post20260509",
  "pipeline_model_parallel_size": 2,
  "pp_seg_method": "layer:DecoderLayer|EmptyLayer",
  "pretraining_tp": 2,
  "recompute_granularity": "full",
  "recompute_method": "uniform",
  "recompute_num_layers": 1,
  "rms_norm_eps": 1e-05,
  "rope_parameters": {
    "rope_theta": 10000.0,
    "rope_type": "default"
  },
  "rope_scaling": null,
  "rope_theta": 10000.0,
  "seq_length": 4096,
  "tensor_model_parallel_size": 2,
  "tie_word_embeddings": false,
  "torch_dtype": "float32",
  "use_cache": true,
  "use_fast_layer_norm": false,
  "vocab_size": 32000
}
, layer_idx=4)
[2026-05-09 16:12:01,125] [    INFO] pp_layers.py:899 - 6: DecoderLayerPipe(config=LlamaConfig {
  "_name_or_path": "meta-llama/Llama-2-13b-hf",
  "architectures": [
    "LlamaForCausalLM"
  ],
  "attention_bias": false,
  "attention_dropout": 0.0,
  "bos_token_id": 1,
  "enable_auto_parallel": false,
  "eos_token_id": 2,
  "head_dim": 128,
  "hidden_act": "silu",
  "hidden_size": 5120,
  "initializer_range": 0.008068311858747157,
  "intermediate_size": 13824,
  "is_lora": false,
  "max_position_embeddings": 4096,
  "max_sequence_length": 4096,
  "mlp_bias": false,
  "model_type": "llama",
  "moe_group_origin": "dummy",
  "moe_rank": 0,
  "moe_router_bias_update_rate": 0.0,
  "moe_world_size": 1,
  "num_attention_heads": 40,
  "num_hidden_layers": 40,
  "num_key_value_heads": 40,
  "pad_token_id": 0,
  "paddleformers_version": "1.1.0.post20260509",
  "pipeline_model_parallel_size": 2,
  "pp_seg_method": "layer:DecoderLayer|EmptyLayer",
  "pretraining_tp": 2,
  "recompute_granularity": "full",
  "recompute_method": "uniform",
  "recompute_num_layers": 1,
  "rms_norm_eps": 1e-05,
  "rope_parameters": {
    "rope_theta": 10000.0,
    "rope_type": "default"
  },
  "rope_scaling": null,
  "rope_theta": 10000.0,
  "seq_length": 4096,
  "tensor_model_parallel_size": 2,
  "tie_word_embeddings": false,
  "torch_dtype": "float32",
  "use_cache": true,
  "use_fast_layer_norm": false,
  "vocab_size": 32000
}
, layer_idx=5)
[2026-05-09 16:12:01,127] [    INFO] pp_layers.py:899 - 7: DecoderLayerPipe(config=LlamaConfig {
  "_name_or_path": "meta-llama/Llama-2-13b-hf",
  "architectures": [
    "LlamaForCausalLM"
  ],
  "attention_bias": false,
  "attention_dropout": 0.0,
  "bos_token_id": 1,
  "enable_auto_parallel": false,
  "eos_token_id": 2,
  "head_dim": 128,
  "hidden_act": "silu",
  "hidden_size": 5120,
  "initializer_range": 0.008068311858747157,
  "intermediate_size": 13824,
  "is_lora": false,
  "max_position_embeddings": 4096,
  "max_sequence_length": 4096,
  "mlp_bias": false,
  "model_type": "llama",
  "moe_group_origin": "dummy",
  "moe_rank": 0,
  "moe_router_bias_update_rate": 0.0,
  "moe_world_size": 1,
  "num_attention_heads": 40,
  "num_hidden_layers": 40,
  "num_key_value_heads": 40,
  "pad_token_id": 0,
  "paddleformers_version": "1.1.0.post20260509",
  "pipeline_model_parallel_size": 2,
  "pp_seg_method": "layer:DecoderLayer|EmptyLayer",
  "pretraining_tp": 2,
  "recompute_granularity": "full",
  "recompute_method": "uniform",
  "recompute_num_layers": 1,
  "rms_norm_eps": 1e-05,
  "rope_parameters": {
    "rope_theta": 10000.0,
    "rope_type": "default"
  },
  "rope_scaling": null,
  "rope_theta": 10000.0,
  "seq_length": 4096,
  "tensor_model_parallel_size": 2,
  "tie_word_embeddings": false,
  "torch_dtype": "float32",
  "use_cache": true,
  "use_fast_layer_norm": false,
  "vocab_size": 32000
}
, layer_idx=6)
[2026-05-09 16:12:01,130] [    INFO] pp_layers.py:899 - 8: DecoderLayerPipe(config=LlamaConfig {
  "_name_or_path": "meta-llama/Llama-2-13b-hf",
  "architectures": [
    "LlamaForCausalLM"
  ],
  "attention_bias": false,
  "attention_dropout": 0.0,
  "bos_token_id": 1,
  "enable_auto_parallel": false,
  "eos_token_id": 2,
  "head_dim": 128,
  "hidden_act": "silu",
  "hidden_size": 5120,
  "initializer_range": 0.008068311858747157,
  "intermediate_size": 13824,
  "is_lora": false,
  "max_position_embeddings": 4096,
  "max_sequence_length": 4096,
  "mlp_bias": false,
  "model_type": "llama",
  "moe_group_origin": "dummy",
  "moe_rank": 0,
  "moe_router_bias_update_rate": 0.0,
  "moe_world_size": 1,
  "num_attention_heads": 40,
  "num_hidden_layers": 40,
  "num_key_value_heads": 40,
  "pad_token_id": 0,
  "paddleformers_version": "1.1.0.post20260509",
  "pipeline_model_parallel_size": 2,
  "pp_seg_method": "layer:DecoderLayer|EmptyLayer",
  "pretraining_tp": 2,
  "recompute_granularity": "full",
  "recompute_method": "uniform",
  "recompute_num_layers": 1,
  "rms_norm_eps": 1e-05,
  "rope_parameters": {
    "rope_theta": 10000.0,
    "rope_type": "default"
  },
  "rope_scaling": null,
  "rope_theta": 10000.0,
  "seq_length": 4096,
  "tensor_model_parallel_size": 2,
  "tie_word_embeddings": false,
  "torch_dtype": "float32",
  "use_cache": true,
  "use_fast_layer_norm": false,
  "vocab_size": 32000
}
, layer_idx=7)
[2026-05-09 16:12:01,132] [    INFO] pp_layers.py:899 - 9: DecoderLayerPipe(config=LlamaConfig {
  "_name_or_path": "meta-llama/Llama-2-13b-hf",
  "architectures": [
    "LlamaForCausalLM"
  ],
  "attention_bias": false,
  "attention_dropout": 0.0,
  "bos_token_id": 1,
  "enable_auto_parallel": false,
  "eos_token_id": 2,
  "head_dim": 128,
  "hidden_act": "silu",
  "hidden_size": 5120,
  "initializer_range": 0.008068311858747157,
  "intermediate_size": 13824,
  "is_lora": false,
  "max_position_embeddings": 4096,
  "max_sequence_length": 4096,
  "mlp_bias": false,
  "model_type": "llama",
  "moe_group_origin": "dummy",
  "moe_rank": 0,
  "moe_router_bias_update_rate": 0.0,
  "moe_world_size": 1,
  "num_attention_heads": 40,
  "num_hidden_layers": 40,
  "num_key_value_heads": 40,
  "pad_token_id": 0,
  "paddleformers_version": "1.1.0.post20260509",
  "pipeline_model_parallel_size": 2,
  "pp_seg_method": "layer:DecoderLayer|EmptyLayer",
  "pretraining_tp": 2,
  "recompute_granularity": "full",
  "recompute_method": "uniform",
  "recompute_num_layers": 1,
  "rms_norm_eps": 1e-05,
  "rope_parameters": {
    "rope_theta": 10000.0,
    "rope_type": "default"
  },
  "rope_scaling": null,
  "rope_theta": 10000.0,
  "seq_length": 4096,
  "tensor_model_parallel_size": 2,
  "tie_word_embeddings": false,
  "torch_dtype": "float32",
  "use_cache": true,
  "use_fast_layer_norm": false,
  "vocab_size": 32000
}
, layer_idx=8)
[2026-05-09 16:12:01,134] [    INFO] pp_layers.py:899 - 10: DecoderLayerPipe(config=LlamaConfig {
  "_name_or_path": "meta-llama/Llama-2-13b-hf",
  "architectures": [
    "LlamaForCausalLM"
  ],
  "attention_bias": false,
  "attention_dropout": 0.0,
  "bos_token_id": 1,
  "enable_auto_parallel": false,
  "eos_token_id": 2,
  "head_dim": 128,
  "hidden_act": "silu",
  "hidden_size": 5120,
  "initializer_range": 0.008068311858747157,
  "intermediate_size": 13824,
  "is_lora": false,
  "max_position_embeddings": 4096,
  "max_sequence_length": 4096,
  "mlp_bias": false,
  "model_type": "llama",
  "moe_group_origin": "dummy",
  "moe_rank": 0,
  "moe_router_bias_update_rate": 0.0,
  "moe_world_size": 1,
  "num_attention_heads": 40,
  "num_hidden_layers": 40,
  "num_key_value_heads": 40,
  "pad_token_id": 0,
  "paddleformers_version": "1.1.0.post20260509",
  "pipeline_model_parallel_size": 2,
  "pp_seg_method": "layer:DecoderLayer|EmptyLayer",
  "pretraining_tp": 2,
  "recompute_granularity": "full",
  "recompute_method": "uniform",
  "recompute_num_layers": 1,
  "rms_norm_eps": 1e-05,
  "rope_parameters": {
    "rope_theta": 10000.0,
    "rope_type": "default"
  },
  "rope_scaling": null,
  "rope_theta": 10000.0,
  "seq_length": 4096,
  "tensor_model_parallel_size": 2,
  "tie_word_embeddings": false,
  "torch_dtype": "float32",
  "use_cache": true,
  "use_fast_layer_norm": false,
  "vocab_size": 32000
}
, layer_idx=9)
[2026-05-09 16:12:01,136] [    INFO] pp_layers.py:899 - 11: DecoderLayerPipe(config=LlamaConfig {
  "_name_or_path": "meta-llama/Llama-2-13b-hf",
  "architectures": [
    "LlamaForCausalLM"
  ],
  "attention_bias": false,
  "attention_dropout": 0.0,
  "bos_token_id": 1,
  "enable_auto_parallel": false,
  "eos_token_id": 2,
  "head_dim": 128,
  "hidden_act": "silu",
  "hidden_size": 5120,
  "initializer_range": 0.008068311858747157,
  "intermediate_size": 13824,
  "is_lora": false,
  "max_position_embeddings": 4096,
  "max_sequence_length": 4096,
  "mlp_bias": false,
  "model_type": "llama",
  "moe_group_origin": "dummy",
  "moe_rank": 0,
  "moe_router_bias_update_rate": 0.0,
  "moe_world_size": 1,
  "num_attention_heads": 40,
  "num_hidden_layers": 40,
  "num_key_value_heads": 40,
  "pad_token_id": 0,
  "paddleformers_version": "1.1.0.post20260509",
  "pipeline_model_parallel_size": 2,
  "pp_seg_method": "layer:DecoderLayer|EmptyLayer",
  "pretraining_tp": 2,
  "recompute_granularity": "full",
  "recompute_method": "uniform",
  "recompute_num_layers": 1,
  "rms_norm_eps": 1e-05,
  "rope_parameters": {
    "rope_theta": 10000.0,
    "rope_type": "default"
  },
  "rope_scaling": null,
  "rope_theta": 10000.0,
  "seq_length": 4096,
  "tensor_model_parallel_size": 2,
  "tie_word_embeddings": false,
  "torch_dtype": "float32",
  "use_cache": true,
  "use_fast_layer_norm": false,
  "vocab_size": 32000
}
, layer_idx=10)
[2026-05-09 16:12:01,139] [    INFO] pp_layers.py:899 - 12: DecoderLayerPipe(config=LlamaConfig {
  "_name_or_path": "meta-llama/Llama-2-13b-hf",
  "architectures": [
    "LlamaForCausalLM"
  ],
  "attention_bias": false,
  "attention_dropout": 0.0,
  "bos_token_id": 1,
  "enable_auto_parallel": false,
  "eos_token_id": 2,
  "head_dim": 128,
  "hidden_act": "silu",
  "hidden_size": 5120,
  "initializer_range": 0.008068311858747157,
  "intermediate_size": 13824,
  "is_lora": false,
  "max_position_embeddings": 4096,
  "max_sequence_length": 4096,
  "mlp_bias": false,
  "model_type": "llama",
  "moe_group_origin": "dummy",
  "moe_rank": 0,
  "moe_router_bias_update_rate": 0.0,
  "moe_world_size": 1,
  "num_attention_heads": 40,
  "num_hidden_layers": 40,
  "num_key_value_heads": 40,
  "pad_token_id": 0,
  "paddleformers_version": "1.1.0.post20260509",
  "pipeline_model_parallel_size": 2,
  "pp_seg_method": "layer:DecoderLayer|EmptyLayer",
  "pretraining_tp": 2,
  "recompute_granularity": "full",
  "recompute_method": "uniform",
  "recompute_num_layers": 1,
  "rms_norm_eps": 1e-05,
  "rope_parameters": {
    "rope_theta": 10000.0,
    "rope_type": "default"
  },
  "rope_scaling": null,
  "rope_theta": 10000.0,
  "seq_length": 4096,
  "tensor_model_parallel_size": 2,
  "tie_word_embeddings": false,
  "torch_dtype": "float32",
  "use_cache": true,
  "use_fast_layer_norm": false,
  "vocab_size": 32000
}
, layer_idx=11)
[2026-05-09 16:12:01,141] [    INFO] pp_layers.py:899 - 13: DecoderLayerPipe(config=LlamaConfig {
  "_name_or_path": "meta-llama/Llama-2-13b-hf",
  "architectures": [
    "LlamaForCausalLM"
  ],
  "attention_bias": false,
  "attention_dropout": 0.0,
  "bos_token_id": 1,
  "enable_auto_parallel": false,
  "eos_token_id": 2,
  "head_dim": 128,
  "hidden_act": "silu",
  "hidden_size": 5120,
  "initializer_range": 0.008068311858747157,
  "intermediate_size": 13824,
  "is_lora": false,
  "max_position_embeddings": 4096,
  "max_sequence_length": 4096,
  "mlp_bias": false,
  "model_type": "llama",
  "moe_group_origin": "dummy",
  "moe_rank": 0,
  "moe_router_bias_update_rate": 0.0,
  "moe_world_size": 1,
  "num_attention_heads": 40,
  "num_hidden_layers": 40,
  "num_key_value_heads": 40,
  "pad_token_id": 0,
  "paddleformers_version": "1.1.0.post20260509",
  "pipeline_model_parallel_size": 2,
  "pp_seg_method": "layer:DecoderLayer|EmptyLayer",
  "pretraining_tp": 2,
  "recompute_granularity": "full",
  "recompute_method": "uniform",
  "recompute_num_layers": 1,
  "rms_norm_eps": 1e-05,
  "rope_parameters": {
    "rope_theta": 10000.0,
    "rope_type": "default"
  },
  "rope_scaling": null,
  "rope_theta": 10000.0,
  "seq_length": 4096,
  "tensor_model_parallel_size": 2,
  "tie_word_embeddings": false,
  "torch_dtype": "float32",
  "use_cache": true,
  "use_fast_layer_norm": false,
  "vocab_size": 32000
}
, layer_idx=12)
[2026-05-09 16:12:01,143] [    INFO] pp_layers.py:899 - 14: DecoderLayerPipe(config=LlamaConfig {
  "_name_or_path": "meta-llama/Llama-2-13b-hf",
  "architectures": [
    "LlamaForCausalLM"
  ],
  "attention_bias": false,
  "attention_dropout": 0.0,
  "bos_token_id": 1,
  "enable_auto_parallel": false,
  "eos_token_id": 2,
  "head_dim": 128,
  "hidden_act": "silu",
  "hidden_size": 5120,
  "initializer_range": 0.008068311858747157,
  "intermediate_size": 13824,
  "is_lora": false,
  "max_position_embeddings": 4096,
  "max_sequence_length": 4096,
  "mlp_bias": false,
  "model_type": "llama",
  "moe_group_origin": "dummy",
  "moe_rank": 0,
  "moe_router_bias_update_rate": 0.0,
  "moe_world_size": 1,
  "num_attention_heads": 40,
  "num_hidden_layers": 40,
  "num_key_value_heads": 40,
  "pad_token_id": 0,
  "paddleformers_version": "1.1.0.post20260509",
  "pipeline_model_parallel_size": 2,
  "pp_seg_method": "layer:DecoderLayer|EmptyLayer",
  "pretraining_tp": 2,
  "recompute_granularity": "full",
  "recompute_method": "uniform",
  "recompute_num_layers": 1,
  "rms_norm_eps": 1e-05,
  "rope_parameters": {
    "rope_theta": 10000.0,
    "rope_type": "default"
  },
  "rope_scaling": null,
  "rope_theta": 10000.0,
  "seq_length": 4096,
  "tensor_model_parallel_size": 2,
  "tie_word_embeddings": false,
  "torch_dtype": "float32",
  "use_cache": true,
  "use_fast_layer_norm": false,
  "vocab_size": 32000
}
, layer_idx=13)
[2026-05-09 16:12:01,146] [    INFO] pp_layers.py:899 - 15: DecoderLayerPipe(config=LlamaConfig {
  "_name_or_path": "meta-llama/Llama-2-13b-hf",
  "architectures": [
    "LlamaForCausalLM"
  ],
  "attention_bias": false,
  "attention_dropout": 0.0,
  "bos_token_id": 1,
  "enable_auto_parallel": false,
  "eos_token_id": 2,
  "head_dim": 128,
  "hidden_act": "silu",
  "hidden_size": 5120,
  "initializer_range": 0.008068311858747157,
  "intermediate_size": 13824,
  "is_lora": false,
  "max_position_embeddings": 4096,
  "max_sequence_length": 4096,
  "mlp_bias": false,
  "model_type": "llama",
  "moe_group_origin": "dummy",
  "moe_rank": 0,
  "moe_router_bias_update_rate": 0.0,
  "moe_world_size": 1,
  "num_attention_heads": 40,
  "num_hidden_layers": 40,
  "num_key_value_heads": 40,
  "pad_token_id": 0,
  "paddleformers_version": "1.1.0.post20260509",
  "pipeline_model_parallel_size": 2,
  "pp_seg_method": "layer:DecoderLayer|EmptyLayer",
  "pretraining_tp": 2,
  "recompute_granularity": "full",
  "recompute_method": "uniform",
  "recompute_num_layers": 1,
  "rms_norm_eps": 1e-05,
  "rope_parameters": {
    "rope_theta": 10000.0,
    "rope_type": "default"
  },
  "rope_scaling": null,
  "rope_theta": 10000.0,
  "seq_length": 4096,
  "tensor_model_parallel_size": 2,
  "tie_word_embeddings": false,
  "torch_dtype": "float32",
  "use_cache": true,
  "use_fast_layer_norm": false,
  "vocab_size": 32000
}
, layer_idx=14)
[2026-05-09 16:12:01,148] [    INFO] pp_layers.py:899 - 16: DecoderLayerPipe(config=LlamaConfig {
  "_name_or_path": "meta-llama/Llama-2-13b-hf",
  "architectures": [
    "LlamaForCausalLM"
  ],
  "attention_bias": false,
  "attention_dropout": 0.0,
  "bos_token_id": 1,
  "enable_auto_parallel": false,
  "eos_token_id": 2,
  "head_dim": 128,
  "hidden_act": "silu",
  "hidden_size": 5120,
  "initializer_range": 0.008068311858747157,
  "intermediate_size": 13824,
  "is_lora": false,
  "max_position_embeddings": 4096,
  "max_sequence_length": 4096,
  "mlp_bias": false,
  "model_type": "llama",
  "moe_group_origin": "dummy",
  "moe_rank": 0,
  "moe_router_bias_update_rate": 0.0,
  "moe_world_size": 1,
  "num_attention_heads": 40,
  "num_hidden_layers": 40,
  "num_key_value_heads": 40,
  "pad_token_id": 0,
  "paddleformers_version": "1.1.0.post20260509",
  "pipeline_model_parallel_size": 2,
  "pp_seg_method": "layer:DecoderLayer|EmptyLayer",
  "pretraining_tp": 2,
  "recompute_granularity": "full",
  "recompute_method": "uniform",
  "recompute_num_layers": 1,
  "rms_norm_eps": 1e-05,
  "rope_parameters": {
    "rope_theta": 10000.0,
    "rope_type": "default"
  },
  "rope_scaling": null,
  "rope_theta": 10000.0,
  "seq_length": 4096,
  "tensor_model_parallel_size": 2,
  "tie_word_embeddings": false,
  "torch_dtype": "float32",
  "use_cache": true,
  "use_fast_layer_norm": false,
  "vocab_size": 32000
}
, layer_idx=15)
[2026-05-09 16:12:01,150] [    INFO] pp_layers.py:899 - 17: DecoderLayerPipe(config=LlamaConfig {
  "_name_or_path": "meta-llama/Llama-2-13b-hf",
  "architectures": [
    "LlamaForCausalLM"
  ],
  "attention_bias": false,
  "attention_dropout": 0.0,
  "bos_token_id": 1,
  "enable_auto_parallel": false,
  "eos_token_id": 2,
  "head_dim": 128,
  "hidden_act": "silu",
  "hidden_size": 5120,
  "initializer_range": 0.008068311858747157,
  "intermediate_size": 13824,
  "is_lora": false,
  "max_position_embeddings": 4096,
  "max_sequence_length": 4096,
  "mlp_bias": false,
  "model_type": "llama",
  "moe_group_origin": "dummy",
  "moe_rank": 0,
  "moe_router_bias_update_rate": 0.0,
  "moe_world_size": 1,
  "num_attention_heads": 40,
  "num_hidden_layers": 40,
  "num_key_value_heads": 40,
  "pad_token_id": 0,
  "paddleformers_version": "1.1.0.post20260509",
  "pipeline_model_parallel_size": 2,
  "pp_seg_method": "layer:DecoderLayer|EmptyLayer",
  "pretraining_tp": 2,
  "recompute_granularity": "full",
  "recompute_method": "uniform",
  "recompute_num_layers": 1,
  "rms_norm_eps": 1e-05,
  "rope_parameters": {
    "rope_theta": 10000.0,
    "rope_type": "default"
  },
  "rope_scaling": null,
  "rope_theta": 10000.0,
  "seq_length": 4096,
  "tensor_model_parallel_size": 2,
  "tie_word_embeddings": false,
  "torch_dtype": "float32",
  "use_cache": true,
  "use_fast_layer_norm": false,
  "vocab_size": 32000
}
, layer_idx=16)
[2026-05-09 16:12:01,153] [    INFO] pp_layers.py:899 - 18: DecoderLayerPipe(config=LlamaConfig {
  "_name_or_path": "meta-llama/Llama-2-13b-hf",
  "architectures": [
    "LlamaForCausalLM"
  ],
  "attention_bias": false,
  "attention_dropout": 0.0,
  "bos_token_id": 1,
  "enable_auto_parallel": false,
  "eos_token_id": 2,
  "head_dim": 128,
  "hidden_act": "silu",
  "hidden_size": 5120,
  "initializer_range": 0.008068311858747157,
  "intermediate_size": 13824,
  "is_lora": false,
  "max_position_embeddings": 4096,
  "max_sequence_length": 4096,
  "mlp_bias": false,
  "model_type": "llama",
  "moe_group_origin": "dummy",
  "moe_rank": 0,
  "moe_router_bias_update_rate": 0.0,
  "moe_world_size": 1,
  "num_attention_heads": 40,
  "num_hidden_layers": 40,
  "num_key_value_heads": 40,
  "pad_token_id": 0,
  "paddleformers_version": "1.1.0.post20260509",
  "pipeline_model_parallel_size": 2,
  "pp_seg_method": "layer:DecoderLayer|EmptyLayer",
  "pretraining_tp": 2,
  "recompute_granularity": "full",
  "recompute_method": "uniform",
  "recompute_num_layers": 1,
  "rms_norm_eps": 1e-05,
  "rope_parameters": {
    "rope_theta": 10000.0,
    "rope_type": "default"
  },
  "rope_scaling": null,
  "rope_theta": 10000.0,
  "seq_length": 4096,
  "tensor_model_parallel_size": 2,
  "tie_word_embeddings": false,
  "torch_dtype": "float32",
  "use_cache": true,
  "use_fast_layer_norm": false,
  "vocab_size": 32000
}
, layer_idx=17)
[2026-05-09 16:12:01,155] [    INFO] pp_layers.py:899 - 19: DecoderLayerPipe(config=LlamaConfig {
  "_name_or_path": "meta-llama/Llama-2-13b-hf",
  "architectures": [
    "LlamaForCausalLM"
  ],
  "attention_bias": false,
  "attention_dropout": 0.0,
  "bos_token_id": 1,
  "enable_auto_parallel": false,
  "eos_token_id": 2,
  "head_dim": 128,
  "hidden_act": "silu",
  "hidden_size": 5120,
  "initializer_range": 0.008068311858747157,
  "intermediate_size": 13824,
  "is_lora": false,
  "max_position_embeddings": 4096,
  "max_sequence_length": 4096,
  "mlp_bias": false,
  "model_type": "llama",
  "moe_group_origin": "dummy",
  "moe_rank": 0,
  "moe_router_bias_update_rate": 0.0,
  "moe_world_size": 1,
  "num_attention_heads": 40,
  "num_hidden_layers": 40,
  "num_key_value_heads": 40,
  "pad_token_id": 0,
  "paddleformers_version": "1.1.0.post20260509",
  "pipeline_model_parallel_size": 2,
  "pp_seg_method": "layer:DecoderLayer|EmptyLayer",
  "pretraining_tp": 2,
  "recompute_granularity": "full",
  "recompute_method": "uniform",
  "recompute_num_layers": 1,
  "rms_norm_eps": 1e-05,
  "rope_parameters": {
    "rope_theta": 10000.0,
    "rope_type": "default"
  },
  "rope_scaling": null,
  "rope_theta": 10000.0,
  "seq_length": 4096,
  "tensor_model_parallel_size": 2,
  "tie_word_embeddings": false,
  "torch_dtype": "float32",
  "use_cache": true,
  "use_fast_layer_norm": false,
  "vocab_size": 32000
}
, layer_idx=18)
[2026-05-09 16:12:01,157] [    INFO] pp_layers.py:899 - 20: DecoderLayerPipe(config=LlamaConfig {
  "_name_or_path": "meta-llama/Llama-2-13b-hf",
  "architectures": [
    "LlamaForCausalLM"
  ],
  "attention_bias": false,
  "attention_dropout": 0.0,
  "bos_token_id": 1,
  "enable_auto_parallel": false,
  "eos_token_id": 2,
  "head_dim": 128,
  "hidden_act": "silu",
  "hidden_size": 5120,
  "initializer_range": 0.008068311858747157,
  "intermediate_size": 13824,
  "is_lora": false,
  "max_position_embeddings": 4096,
  "max_sequence_length": 4096,
  "mlp_bias": false,
  "model_type": "llama",
  "moe_group_origin": "dummy",
  "moe_rank": 0,
  "moe_router_bias_update_rate": 0.0,
  "moe_world_size": 1,
  "num_attention_heads": 40,
  "num_hidden_layers": 40,
  "num_key_value_heads": 40,
  "pad_token_id": 0,
  "paddleformers_version": "1.1.0.post20260509",
  "pipeline_model_parallel_size": 2,
  "pp_seg_method": "layer:DecoderLayer|EmptyLayer",
  "pretraining_tp": 2,
  "recompute_granularity": "full",
  "recompute_method": "uniform",
  "recompute_num_layers": 1,
  "rms_norm_eps": 1e-05,
  "rope_parameters": {
    "rope_theta": 10000.0,
    "rope_type": "default"
  },
  "rope_scaling": null,
  "rope_theta": 10000.0,
  "seq_length": 4096,
  "tensor_model_parallel_size": 2,
  "tie_word_embeddings": false,
  "torch_dtype": "float32",
  "use_cache": true,
  "use_fast_layer_norm": false,
  "vocab_size": 32000
}
, layer_idx=19)
[2026-05-09 16:12:01,157] [    INFO] pp_layers.py:894 - stage=1, global_rank=0 ,layer_number=22
[2026-05-09 16:12:01,160] [    INFO] pp_layers.py:899 - 21: DecoderLayerPipe(config=LlamaConfig {
  "_name_or_path": "meta-llama/Llama-2-13b-hf",
  "architectures": [
    "LlamaForCausalLM"
  ],
  "attention_bias": false,
  "attention_dropout": 0.0,
  "bos_token_id": 1,
  "enable_auto_parallel": false,
  "eos_token_id": 2,
  "head_dim": 128,
  "hidden_act": "silu",
  "hidden_size": 5120,
  "initializer_range": 0.008068311858747157,
  "intermediate_size": 13824,
  "is_lora": false,
  "max_position_embeddings": 4096,
  "max_sequence_length": 4096,
  "mlp_bias": false,
  "model_type": "llama",
  "moe_group_origin": "dummy",
  "moe_rank": 0,
  "moe_router_bias_update_rate": 0.0,
  "moe_world_size": 1,
  "num_attention_heads": 40,
  "num_hidden_layers": 40,
  "num_key_value_heads": 40,
  "pad_token_id": 0,
  "paddleformers_version": "1.1.0.post20260509",
  "pipeline_model_parallel_size": 2,
  "pp_seg_method": "layer:DecoderLayer|EmptyLayer",
  "pretraining_tp": 2,
  "recompute_granularity": "full",
  "recompute_method": "uniform",
  "recompute_num_layers": 1,
  "rms_norm_eps": 1e-05,
  "rope_parameters": {
    "rope_theta": 10000.0,
    "rope_type": "default"
  },
  "rope_scaling": null,
  "rope_theta": 10000.0,
  "seq_length": 4096,
  "tensor_model_parallel_size": 2,
  "tie_word_embeddings": false,
  "torch_dtype": "float32",
  "use_cache": true,
  "use_fast_layer_norm": false,
  "vocab_size": 32000
}
, layer_idx=20)
[2026-05-09 16:12:01,162] [    INFO] pp_layers.py:899 - 22: DecoderLayerPipe(config=LlamaConfig {
  "_name_or_path": "meta-llama/Llama-2-13b-hf",
  "architectures": [
    "LlamaForCausalLM"
  ],
  "attention_bias": false,
  "attention_dropout": 0.0,
  "bos_token_id": 1,
  "enable_auto_parallel": false,
  "eos_token_id": 2,
  "head_dim": 128,
  "hidden_act": "silu",
  "hidden_size": 5120,
  "initializer_range": 0.008068311858747157,
  "intermediate_size": 13824,
  "is_lora": false,
  "max_position_embeddings": 4096,
  "max_sequence_length": 4096,
  "mlp_bias": false,
  "model_type": "llama",
  "moe_group_origin": "dummy",
  "moe_rank": 0,
  "moe_router_bias_update_rate": 0.0,
  "moe_world_size": 1,
  "num_attention_heads": 40,
  "num_hidden_layers": 40,
  "num_key_value_heads": 40,
  "pad_token_id": 0,
  "paddleformers_version": "1.1.0.post20260509",
  "pipeline_model_parallel_size": 2,
  "pp_seg_method": "layer:DecoderLayer|EmptyLayer",
  "pretraining_tp": 2,
  "recompute_granularity": "full",
  "recompute_method": "uniform",
  "recompute_num_layers": 1,
  "rms_norm_eps": 1e-05,
  "rope_parameters": {
    "rope_theta": 10000.0,
    "rope_type": "default"
  },
  "rope_scaling": null,
  "rope_theta": 10000.0,
  "seq_length": 4096,
  "tensor_model_parallel_size": 2,
  "tie_word_embeddings": false,
  "torch_dtype": "float32",
  "use_cache": true,
  "use_fast_layer_norm": false,
  "vocab_size": 32000
}
, layer_idx=21)
[2026-05-09 16:12:01,164] [    INFO] pp_layers.py:899 - 23: DecoderLayerPipe(config=LlamaConfig {
  "_name_or_path": "meta-llama/Llama-2-13b-hf",
  "architectures": [
    "LlamaForCausalLM"
  ],
  "attention_bias": false,
  "attention_dropout": 0.0,
  "bos_token_id": 1,
  "enable_auto_parallel": false,
  "eos_token_id": 2,
  "head_dim": 128,
  "hidden_act": "silu",
  "hidden_size": 5120,
  "initializer_range": 0.008068311858747157,
  "intermediate_size": 13824,
  "is_lora": false,
  "max_position_embeddings": 4096,
  "max_sequence_length": 4096,
  "mlp_bias": false,
  "model_type": "llama",
  "moe_group_origin": "dummy",
  "moe_rank": 0,
  "moe_router_bias_update_rate": 0.0,
  "moe_world_size": 1,
  "num_attention_heads": 40,
  "num_hidden_layers": 40,
  "num_key_value_heads": 40,
  "pad_token_id": 0,
  "paddleformers_version": "1.1.0.post20260509",
  "pipeline_model_parallel_size": 2,
  "pp_seg_method": "layer:DecoderLayer|EmptyLayer",
  "pretraining_tp": 2,
  "recompute_granularity": "full",
  "recompute_method": "uniform",
  "recompute_num_layers": 1,
  "rms_norm_eps": 1e-05,
  "rope_parameters": {
    "rope_theta": 10000.0,
    "rope_type": "default"
  },
  "rope_scaling": null,
  "rope_theta": 10000.0,
  "seq_length": 4096,
  "tensor_model_parallel_size": 2,
  "tie_word_embeddings": false,
  "torch_dtype": "float32",
  "use_cache": true,
  "use_fast_layer_norm": false,
  "vocab_size": 32000
}
, layer_idx=22)
[2026-05-09 16:12:01,166] [    INFO] pp_layers.py:899 - 24: DecoderLayerPipe(config=LlamaConfig {
  "_name_or_path": "meta-llama/Llama-2-13b-hf",
  "architectures": [
    "LlamaForCausalLM"
  ],
  "attention_bias": false,
  "attention_dropout": 0.0,
  "bos_token_id": 1,
  "enable_auto_parallel": false,
  "eos_token_id": 2,
  "head_dim": 128,
  "hidden_act": "silu",
  "hidden_size": 5120,
  "initializer_range": 0.008068311858747157,
  "intermediate_size": 13824,
  "is_lora": false,
  "max_position_embeddings": 4096,
  "max_sequence_length": 4096,
  "mlp_bias": false,
  "model_type": "llama",
  "moe_group_origin": "dummy",
  "moe_rank": 0,
  "moe_router_bias_update_rate": 0.0,
  "moe_world_size": 1,
  "num_attention_heads": 40,
  "num_hidden_layers": 40,
  "num_key_value_heads": 40,
  "pad_token_id": 0,
  "paddleformers_version": "1.1.0.post20260509",
  "pipeline_model_parallel_size": 2,
  "pp_seg_method": "layer:DecoderLayer|EmptyLayer",
  "pretraining_tp": 2,
  "recompute_granularity": "full",
  "recompute_method": "uniform",
  "recompute_num_layers": 1,
  "rms_norm_eps": 1e-05,
  "rope_parameters": {
    "rope_theta": 10000.0,
    "rope_type": "default"
  },
  "rope_scaling": null,
  "rope_theta": 10000.0,
  "seq_length": 4096,
  "tensor_model_parallel_size": 2,
  "tie_word_embeddings": false,
  "torch_dtype": "float32",
  "use_cache": true,
  "use_fast_layer_norm": false,
  "vocab_size": 32000
}
, layer_idx=23)
[2026-05-09 16:12:01,169] [    INFO] pp_layers.py:899 - 25: DecoderLayerPipe(config=LlamaConfig {
  "_name_or_path": "meta-llama/Llama-2-13b-hf",
  "architectures": [
    "LlamaForCausalLM"
  ],
  "attention_bias": false,
  "attention_dropout": 0.0,
  "bos_token_id": 1,
  "enable_auto_parallel": false,
  "eos_token_id": 2,
  "head_dim": 128,
  "hidden_act": "silu",
  "hidden_size": 5120,
  "initializer_range": 0.008068311858747157,
  "intermediate_size": 13824,
  "is_lora": false,
  "max_position_embeddings": 4096,
  "max_sequence_length": 4096,
  "mlp_bias": false,
  "model_type": "llama",
  "moe_group_origin": "dummy",
  "moe_rank": 0,
  "moe_router_bias_update_rate": 0.0,
  "moe_world_size": 1,
  "num_attention_heads": 40,
  "num_hidden_layers": 40,
  "num_key_value_heads": 40,
  "pad_token_id": 0,
  "paddleformers_version": "1.1.0.post20260509",
  "pipeline_model_parallel_size": 2,
  "pp_seg_method": "layer:DecoderLayer|EmptyLayer",
  "pretraining_tp": 2,
  "recompute_granularity": "full",
  "recompute_method": "uniform",
  "recompute_num_layers": 1,
  "rms_norm_eps": 1e-05,
  "rope_parameters": {
    "rope_theta": 10000.0,
    "rope_type": "default"
  },
  "rope_scaling": null,
  "rope_theta": 10000.0,
  "seq_length": 4096,
  "tensor_model_parallel_size": 2,
  "tie_word_embeddings": false,
  "torch_dtype": "float32",
  "use_cache": true,
  "use_fast_layer_norm": false,
  "vocab_size": 32000
}
, layer_idx=24)
[2026-05-09 16:12:01,171] [    INFO] pp_layers.py:899 - 26: DecoderLayerPipe(config=LlamaConfig {
  "_name_or_path": "meta-llama/Llama-2-13b-hf",
  "architectures": [
    "LlamaForCausalLM"
  ],
  "attention_bias": false,
  "attention_dropout": 0.0,
  "bos_token_id": 1,
  "enable_auto_parallel": false,
  "eos_token_id": 2,
  "head_dim": 128,
  "hidden_act": "silu",
  "hidden_size": 5120,
  "initializer_range": 0.008068311858747157,
  "intermediate_size": 13824,
  "is_lora": false,
  "max_position_embeddings": 4096,
  "max_sequence_length": 4096,
  "mlp_bias": false,
  "model_type": "llama",
  "moe_group_origin": "dummy",
  "moe_rank": 0,
  "moe_router_bias_update_rate": 0.0,
  "moe_world_size": 1,
  "num_attention_heads": 40,
  "num_hidden_layers": 40,
  "num_key_value_heads": 40,
  "pad_token_id": 0,
  "paddleformers_version": "1.1.0.post20260509",
  "pipeline_model_parallel_size": 2,
  "pp_seg_method": "layer:DecoderLayer|EmptyLayer",
  "pretraining_tp": 2,
  "recompute_granularity": "full",
  "recompute_method": "uniform",
  "recompute_num_layers": 1,
  "rms_norm_eps": 1e-05,
  "rope_parameters": {
    "rope_theta": 10000.0,
    "rope_type": "default"
  },
  "rope_scaling": null,
  "rope_theta": 10000.0,
  "seq_length": 4096,
  "tensor_model_parallel_size": 2,
  "tie_word_embeddings": false,
  "torch_dtype": "float32",
  "use_cache": true,
  "use_fast_layer_norm": false,
  "vocab_size": 32000
}
, layer_idx=25)
[2026-05-09 16:12:01,173] [    INFO] pp_layers.py:899 - 27: DecoderLayerPipe(config=LlamaConfig {
  "_name_or_path": "meta-llama/Llama-2-13b-hf",
  "architectures": [
    "LlamaForCausalLM"
  ],
  "attention_bias": false,
  "attention_dropout": 0.0,
  "bos_token_id": 1,
  "enable_auto_parallel": false,
  "eos_token_id": 2,
  "head_dim": 128,
  "hidden_act": "silu",
  "hidden_size": 5120,
  "initializer_range": 0.008068311858747157,
  "intermediate_size": 13824,
  "is_lora": false,
  "max_position_embeddings": 4096,
  "max_sequence_length": 4096,
  "mlp_bias": false,
  "model_type": "llama",
  "moe_group_origin": "dummy",
  "moe_rank": 0,
  "moe_router_bias_update_rate": 0.0,
  "moe_world_size": 1,
  "num_attention_heads": 40,
  "num_hidden_layers": 40,
  "num_key_value_heads": 40,
  "pad_token_id": 0,
  "paddleformers_version": "1.1.0.post20260509",
  "pipeline_model_parallel_size": 2,
  "pp_seg_method": "layer:DecoderLayer|EmptyLayer",
  "pretraining_tp": 2,
  "recompute_granularity": "full",
  "recompute_method": "uniform",
  "recompute_num_layers": 1,
  "rms_norm_eps": 1e-05,
  "rope_parameters": {
    "rope_theta": 10000.0,
    "rope_type": "default"
  },
  "rope_scaling": null,
  "rope_theta": 10000.0,
  "seq_length": 4096,
  "tensor_model_parallel_size": 2,
  "tie_word_embeddings": false,
  "torch_dtype": "float32",
  "use_cache": true,
  "use_fast_layer_norm": false,
  "vocab_size": 32000
}
, layer_idx=26)
[2026-05-09 16:12:01,176] [    INFO] pp_layers.py:899 - 28: DecoderLayerPipe(config=LlamaConfig {
  "_name_or_path": "meta-llama/Llama-2-13b-hf",
  "architectures": [
    "LlamaForCausalLM"
  ],
  "attention_bias": false,
  "attention_dropout": 0.0,
  "bos_token_id": 1,
  "enable_auto_parallel": false,
  "eos_token_id": 2,
  "head_dim": 128,
  "hidden_act": "silu",
  "hidden_size": 5120,
  "initializer_range": 0.008068311858747157,
  "intermediate_size": 13824,
  "is_lora": false,
  "max_position_embeddings": 4096,
  "max_sequence_length": 4096,
  "mlp_bias": false,
  "model_type": "llama",
  "moe_group_origin": "dummy",
  "moe_rank": 0,
  "moe_router_bias_update_rate": 0.0,
  "moe_world_size": 1,
  "num_attention_heads": 40,
  "num_hidden_layers": 40,
  "num_key_value_heads": 40,
  "pad_token_id": 0,
  "paddleformers_version": "1.1.0.post20260509",
  "pipeline_model_parallel_size": 2,
  "pp_seg_method": "layer:DecoderLayer|EmptyLayer",
  "pretraining_tp": 2,
  "recompute_granularity": "full",
  "recompute_method": "uniform",
  "recompute_num_layers": 1,
  "rms_norm_eps": 1e-05,
  "rope_parameters": {
    "rope_theta": 10000.0,
    "rope_type": "default"
  },
  "rope_scaling": null,
  "rope_theta": 10000.0,
  "seq_length": 4096,
  "tensor_model_parallel_size": 2,
  "tie_word_embeddings": false,
  "torch_dtype": "float32",
  "use_cache": true,
  "use_fast_layer_norm": false,
  "vocab_size": 32000
}
, layer_idx=27)
[2026-05-09 16:12:01,178] [    INFO] pp_layers.py:899 - 29: DecoderLayerPipe(config=LlamaConfig {
  "_name_or_path": "meta-llama/Llama-2-13b-hf",
  "architectures": [
    "LlamaForCausalLM"
  ],
  "attention_bias": false,
  "attention_dropout": 0.0,
  "bos_token_id": 1,
  "enable_auto_parallel": false,
  "eos_token_id": 2,
  "head_dim": 128,
  "hidden_act": "silu",
  "hidden_size": 5120,
  "initializer_range": 0.008068311858747157,
  "intermediate_size": 13824,
  "is_lora": false,
  "max_position_embeddings": 4096,
  "max_sequence_length": 4096,
  "mlp_bias": false,
  "model_type": "llama",
  "moe_group_origin": "dummy",
  "moe_rank": 0,
  "moe_router_bias_update_rate": 0.0,
  "moe_world_size": 1,
  "num_attention_heads": 40,
  "num_hidden_layers": 40,
  "num_key_value_heads": 40,
  "pad_token_id": 0,
  "paddleformers_version": "1.1.0.post20260509",
  "pipeline_model_parallel_size": 2,
  "pp_seg_method": "layer:DecoderLayer|EmptyLayer",
  "pretraining_tp": 2,
  "recompute_granularity": "full",
  "recompute_method": "uniform",
  "recompute_num_layers": 1,
  "rms_norm_eps": 1e-05,
  "rope_parameters": {
    "rope_theta": 10000.0,
    "rope_type": "default"
  },
  "rope_scaling": null,
  "rope_theta": 10000.0,
  "seq_length": 4096,
  "tensor_model_parallel_size": 2,
  "tie_word_embeddings": false,
  "torch_dtype": "float32",
  "use_cache": true,
  "use_fast_layer_norm": false,
  "vocab_size": 32000
}
, layer_idx=28)
[2026-05-09 16:12:01,180] [    INFO] pp_layers.py:899 - 30: DecoderLayerPipe(config=LlamaConfig {
  "_name_or_path": "meta-llama/Llama-2-13b-hf",
  "architectures": [
    "LlamaForCausalLM"
  ],
  "attention_bias": false,
  "attention_dropout": 0.0,
  "bos_token_id": 1,
  "enable_auto_parallel": false,
  "eos_token_id": 2,
  "head_dim": 128,
  "hidden_act": "silu",
  "hidden_size": 5120,
  "initializer_range": 0.008068311858747157,
  "intermediate_size": 13824,
  "is_lora": false,
  "max_position_embeddings": 4096,
  "max_sequence_length": 4096,
  "mlp_bias": false,
  "model_type": "llama",
  "moe_group_origin": "dummy",
  "moe_rank": 0,
  "moe_router_bias_update_rate": 0.0,
  "moe_world_size": 1,
  "num_attention_heads": 40,
  "num_hidden_layers": 40,
  "num_key_value_heads": 40,
  "pad_token_id": 0,
  "paddleformers_version": "1.1.0.post20260509",
  "pipeline_model_parallel_size": 2,
  "pp_seg_method": "layer:DecoderLayer|EmptyLayer",
  "pretraining_tp": 2,
  "recompute_granularity": "full",
  "recompute_method": "uniform",
  "recompute_num_layers": 1,
  "rms_norm_eps": 1e-05,
  "rope_parameters": {
    "rope_theta": 10000.0,
    "rope_type": "default"
  },
  "rope_scaling": null,
  "rope_theta": 10000.0,
  "seq_length": 4096,
  "tensor_model_parallel_size": 2,
  "tie_word_embeddings": false,
  "torch_dtype": "float32",
  "use_cache": true,
  "use_fast_layer_norm": false,
  "vocab_size": 32000
}
, layer_idx=29)
[2026-05-09 16:12:01,182] [    INFO] pp_layers.py:899 - 31: DecoderLayerPipe(config=LlamaConfig {
  "_name_or_path": "meta-llama/Llama-2-13b-hf",
  "architectures": [
    "LlamaForCausalLM"
  ],
  "attention_bias": false,
  "attention_dropout": 0.0,
  "bos_token_id": 1,
  "enable_auto_parallel": false,
  "eos_token_id": 2,
  "head_dim": 128,
  "hidden_act": "silu",
  "hidden_size": 5120,
  "initializer_range": 0.008068311858747157,
  "intermediate_size": 13824,
  "is_lora": false,
  "max_position_embeddings": 4096,
  "max_sequence_length": 4096,
  "mlp_bias": false,
  "model_type": "llama",
  "moe_group_origin": "dummy",
  "moe_rank": 0,
  "moe_router_bias_update_rate": 0.0,
  "moe_world_size": 1,
  "num_attention_heads": 40,
  "num_hidden_layers": 40,
  "num_key_value_heads": 40,
  "pad_token_id": 0,
  "paddleformers_version": "1.1.0.post20260509",
  "pipeline_model_parallel_size": 2,
  "pp_seg_method": "layer:DecoderLayer|EmptyLayer",
  "pretraining_tp": 2,
  "recompute_granularity": "full",
  "recompute_method": "uniform",
  "recompute_num_layers": 1,
  "rms_norm_eps": 1e-05,
  "rope_parameters": {
    "rope_theta": 10000.0,
    "rope_type": "default"
  },
  "rope_scaling": null,
  "rope_theta": 10000.0,
  "seq_length": 4096,
  "tensor_model_parallel_size": 2,
  "tie_word_embeddings": false,
  "torch_dtype": "float32",
  "use_cache": true,
  "use_fast_layer_norm": false,
  "vocab_size": 32000
}
, layer_idx=30)
[2026-05-09 16:12:01,185] [    INFO] pp_layers.py:899 - 32: DecoderLayerPipe(config=LlamaConfig {
  "_name_or_path": "meta-llama/Llama-2-13b-hf",
  "architectures": [
    "LlamaForCausalLM"
  ],
  "attention_bias": false,
  "attention_dropout": 0.0,
  "bos_token_id": 1,
  "enable_auto_parallel": false,
  "eos_token_id": 2,
  "head_dim": 128,
  "hidden_act": "silu",
  "hidden_size": 5120,
  "initializer_range": 0.008068311858747157,
  "intermediate_size": 13824,
  "is_lora": false,
  "max_position_embeddings": 4096,
  "max_sequence_length": 4096,
  "mlp_bias": false,
  "model_type": "llama",
  "moe_group_origin": "dummy",
  "moe_rank": 0,
  "moe_router_bias_update_rate": 0.0,
  "moe_world_size": 1,
  "num_attention_heads": 40,
  "num_hidden_layers": 40,
  "num_key_value_heads": 40,
  "pad_token_id": 0,
  "paddleformers_version": "1.1.0.post20260509",
  "pipeline_model_parallel_size": 2,
  "pp_seg_method": "layer:DecoderLayer|EmptyLayer",
  "pretraining_tp": 2,
  "recompute_granularity": "full",
  "recompute_method": "uniform",
  "recompute_num_layers": 1,
  "rms_norm_eps": 1e-05,
  "rope_parameters": {
    "rope_theta": 10000.0,
    "rope_type": "default"
  },
  "rope_scaling": null,
  "rope_theta": 10000.0,
  "seq_length": 4096,
  "tensor_model_parallel_size": 2,
  "tie_word_embeddings": false,
  "torch_dtype": "float32",
  "use_cache": true,
  "use_fast_layer_norm": false,
  "vocab_size": 32000
}
, layer_idx=31)
[2026-05-09 16:12:01,187] [    INFO] pp_layers.py:899 - 33: DecoderLayerPipe(config=LlamaConfig {
  "_name_or_path": "meta-llama/Llama-2-13b-hf",
  "architectures": [
    "LlamaForCausalLM"
  ],
  "attention_bias": false,
  "attention_dropout": 0.0,
  "bos_token_id": 1,
  "enable_auto_parallel": false,
  "eos_token_id": 2,
  "head_dim": 128,
  "hidden_act": "silu",
  "hidden_size": 5120,
  "initializer_range": 0.008068311858747157,
  "intermediate_size": 13824,
  "is_lora": false,
  "max_position_embeddings": 4096,
  "max_sequence_length": 4096,
  "mlp_bias": false,
  "model_type": "llama",
  "moe_group_origin": "dummy",
  "moe_rank": 0,
  "moe_router_bias_update_rate": 0.0,
  "moe_world_size": 1,
  "num_attention_heads": 40,
  "num_hidden_layers": 40,
  "num_key_value_heads": 40,
  "pad_token_id": 0,
  "paddleformers_version": "1.1.0.post20260509",
  "pipeline_model_parallel_size": 2,
  "pp_seg_method": "layer:DecoderLayer|EmptyLayer",
  "pretraining_tp": 2,
  "recompute_granularity": "full",
  "recompute_method": "uniform",
  "recompute_num_layers": 1,
  "rms_norm_eps": 1e-05,
  "rope_parameters": {
    "rope_theta": 10000.0,
    "rope_type": "default"
  },
  "rope_scaling": null,
  "rope_theta": 10000.0,
  "seq_length": 4096,
  "tensor_model_parallel_size": 2,
  "tie_word_embeddings": false,
  "torch_dtype": "float32",
  "use_cache": true,
  "use_fast_layer_norm": false,
  "vocab_size": 32000
}
, layer_idx=32)
[2026-05-09 16:12:01,189] [    INFO] pp_layers.py:899 - 34: DecoderLayerPipe(config=LlamaConfig {
  "_name_or_path": "meta-llama/Llama-2-13b-hf",
  "architectures": [
    "LlamaForCausalLM"
  ],
  "attention_bias": false,
  "attention_dropout": 0.0,
  "bos_token_id": 1,
  "enable_auto_parallel": false,
  "eos_token_id": 2,
  "head_dim": 128,
  "hidden_act": "silu",
  "hidden_size": 5120,
  "initializer_range": 0.008068311858747157,
  "intermediate_size": 13824,
  "is_lora": false,
  "max_position_embeddings": 4096,
  "max_sequence_length": 4096,
  "mlp_bias": false,
  "model_type": "llama",
  "moe_group_origin": "dummy",
  "moe_rank": 0,
  "moe_router_bias_update_rate": 0.0,
  "moe_world_size": 1,
  "num_attention_heads": 40,
  "num_hidden_layers": 40,
  "num_key_value_heads": 40,
  "pad_token_id": 0,
  "paddleformers_version": "1.1.0.post20260509",
  "pipeline_model_parallel_size": 2,
  "pp_seg_method": "layer:DecoderLayer|EmptyLayer",
  "pretraining_tp": 2,
  "recompute_granularity": "full",
  "recompute_method": "uniform",
  "recompute_num_layers": 1,
  "rms_norm_eps": 1e-05,
  "rope_parameters": {
    "rope_theta": 10000.0,
    "rope_type": "default"
  },
  "rope_scaling": null,
  "rope_theta": 10000.0,
  "seq_length": 4096,
  "tensor_model_parallel_size": 2,
  "tie_word_embeddings": false,
  "torch_dtype": "float32",
  "use_cache": true,
  "use_fast_layer_norm": false,
  "vocab_size": 32000
}
, layer_idx=33)
[2026-05-09 16:12:01,192] [    INFO] pp_layers.py:899 - 35: DecoderLayerPipe(config=LlamaConfig {
  "_name_or_path": "meta-llama/Llama-2-13b-hf",
  "architectures": [
    "LlamaForCausalLM"
  ],
  "attention_bias": false,
  "attention_dropout": 0.0,
  "bos_token_id": 1,
  "enable_auto_parallel": false,
  "eos_token_id": 2,
  "head_dim": 128,
  "hidden_act": "silu",
  "hidden_size": 5120,
  "initializer_range": 0.008068311858747157,
  "intermediate_size": 13824,
  "is_lora": false,
  "max_position_embeddings": 4096,
  "max_sequence_length": 4096,
  "mlp_bias": false,
  "model_type": "llama",
  "moe_group_origin": "dummy",
  "moe_rank": 0,
  "moe_router_bias_update_rate": 0.0,
  "moe_world_size": 1,
  "num_attention_heads": 40,
  "num_hidden_layers": 40,
  "num_key_value_heads": 40,
  "pad_token_id": 0,
  "paddleformers_version": "1.1.0.post20260509",
  "pipeline_model_parallel_size": 2,
  "pp_seg_method": "layer:DecoderLayer|EmptyLayer",
  "pretraining_tp": 2,
  "recompute_granularity": "full",
  "recompute_method": "uniform",
  "recompute_num_layers": 1,
  "rms_norm_eps": 1e-05,
  "rope_parameters": {
    "rope_theta": 10000.0,
    "rope_type": "default"
  },
  "rope_scaling": null,
  "rope_theta": 10000.0,
  "seq_length": 4096,
  "tensor_model_parallel_size": 2,
  "tie_word_embeddings": false,
  "torch_dtype": "float32",
  "use_cache": true,
  "use_fast_layer_norm": false,
  "vocab_size": 32000
}
, layer_idx=34)
[2026-05-09 16:12:01,194] [    INFO] pp_layers.py:899 - 36: DecoderLayerPipe(config=LlamaConfig {
  "_name_or_path": "meta-llama/Llama-2-13b-hf",
  "architectures": [
    "LlamaForCausalLM"
  ],
  "attention_bias": false,
  "attention_dropout": 0.0,
  "bos_token_id": 1,
  "enable_auto_parallel": false,
  "eos_token_id": 2,
  "head_dim": 128,
  "hidden_act": "silu",
  "hidden_size": 5120,
  "initializer_range": 0.008068311858747157,
  "intermediate_size": 13824,
  "is_lora": false,
  "max_position_embeddings": 4096,
  "max_sequence_length": 4096,
  "mlp_bias": false,
  "model_type": "llama",
  "moe_group_origin": "dummy",
  "moe_rank": 0,
  "moe_router_bias_update_rate": 0.0,
  "moe_world_size": 1,
  "num_attention_heads": 40,
  "num_hidden_layers": 40,
  "num_key_value_heads": 40,
  "pad_token_id": 0,
  "paddleformers_version": "1.1.0.post20260509",
  "pipeline_model_parallel_size": 2,
  "pp_seg_method": "layer:DecoderLayer|EmptyLayer",
  "pretraining_tp": 2,
  "recompute_granularity": "full",
  "recompute_method": "uniform",
  "recompute_num_layers": 1,
  "rms_norm_eps": 1e-05,
  "rope_parameters": {
    "rope_theta": 10000.0,
    "rope_type": "default"
  },
  "rope_scaling": null,
  "rope_theta": 10000.0,
  "seq_length": 4096,
  "tensor_model_parallel_size": 2,
  "tie_word_embeddings": false,
  "torch_dtype": "float32",
  "use_cache": true,
  "use_fast_layer_norm": false,
  "vocab_size": 32000
}
, layer_idx=35)
[2026-05-09 16:12:01,196] [    INFO] pp_layers.py:899 - 37: DecoderLayerPipe(config=LlamaConfig {
  "_name_or_path": "meta-llama/Llama-2-13b-hf",
  "architectures": [
    "LlamaForCausalLM"
  ],
  "attention_bias": false,
  "attention_dropout": 0.0,
  "bos_token_id": 1,
  "enable_auto_parallel": false,
  "eos_token_id": 2,
  "head_dim": 128,
  "hidden_act": "silu",
  "hidden_size": 5120,
  "initializer_range": 0.008068311858747157,
  "intermediate_size": 13824,
  "is_lora": false,
  "max_position_embeddings": 4096,
  "max_sequence_length": 4096,
  "mlp_bias": false,
  "model_type": "llama",
  "moe_group_origin": "dummy",
  "moe_rank": 0,
  "moe_router_bias_update_rate": 0.0,
  "moe_world_size": 1,
  "num_attention_heads": 40,
  "num_hidden_layers": 40,
  "num_key_value_heads": 40,
  "pad_token_id": 0,
  "paddleformers_version": "1.1.0.post20260509",
  "pipeline_model_parallel_size": 2,
  "pp_seg_method": "layer:DecoderLayer|EmptyLayer",
  "pretraining_tp": 2,
  "recompute_granularity": "full",
  "recompute_method": "uniform",
  "recompute_num_layers": 1,
  "rms_norm_eps": 1e-05,
  "rope_parameters": {
    "rope_theta": 10000.0,
    "rope_type": "default"
  },
  "rope_scaling": null,
  "rope_theta": 10000.0,
  "seq_length": 4096,
  "tensor_model_parallel_size": 2,
  "tie_word_embeddings": false,
  "torch_dtype": "float32",
  "use_cache": true,
  "use_fast_layer_norm": false,
  "vocab_size": 32000
}
, layer_idx=36)
[2026-05-09 16:12:01,198] [    INFO] pp_layers.py:899 - 38: DecoderLayerPipe(config=LlamaConfig {
  "_name_or_path": "meta-llama/Llama-2-13b-hf",
  "architectures": [
    "LlamaForCausalLM"
  ],
  "attention_bias": false,
  "attention_dropout": 0.0,
  "bos_token_id": 1,
  "enable_auto_parallel": false,
  "eos_token_id": 2,
  "head_dim": 128,
  "hidden_act": "silu",
  "hidden_size": 5120,
  "initializer_range": 0.008068311858747157,
  "intermediate_size": 13824,
  "is_lora": false,
  "max_position_embeddings": 4096,
  "max_sequence_length": 4096,
  "mlp_bias": false,
  "model_type": "llama",
  "moe_group_origin": "dummy",
  "moe_rank": 0,
  "moe_router_bias_update_rate": 0.0,
  "moe_world_size": 1,
  "num_attention_heads": 40,
  "num_hidden_layers": 40,
  "num_key_value_heads": 40,
  "pad_token_id": 0,
  "paddleformers_version": "1.1.0.post20260509",
  "pipeline_model_parallel_size": 2,
  "pp_seg_method": "layer:DecoderLayer|EmptyLayer",
  "pretraining_tp": 2,
  "recompute_granularity": "full",
  "recompute_method": "uniform",
  "recompute_num_layers": 1,
  "rms_norm_eps": 1e-05,
  "rope_parameters": {
    "rope_theta": 10000.0,
    "rope_type": "default"
  },
  "rope_scaling": null,
  "rope_theta": 10000.0,
  "seq_length": 4096,
  "tensor_model_parallel_size": 2,
  "tie_word_embeddings": false,
  "torch_dtype": "float32",
  "use_cache": true,
  "use_fast_layer_norm": false,
  "vocab_size": 32000
}
, layer_idx=37)
[2026-05-09 16:12:01,201] [    INFO] pp_layers.py:899 - 39: DecoderLayerPipe(config=LlamaConfig {
  "_name_or_path": "meta-llama/Llama-2-13b-hf",
  "architectures": [
    "LlamaForCausalLM"
  ],
  "attention_bias": false,
  "attention_dropout": 0.0,
  "bos_token_id": 1,
  "enable_auto_parallel": false,
  "eos_token_id": 2,
  "head_dim": 128,
  "hidden_act": "silu",
  "hidden_size": 5120,
  "initializer_range": 0.008068311858747157,
  "intermediate_size": 13824,
  "is_lora": false,
  "max_position_embeddings": 4096,
  "max_sequence_length": 4096,
  "mlp_bias": false,
  "model_type": "llama",
  "moe_group_origin": "dummy",
  "moe_rank": 0,
  "moe_router_bias_update_rate": 0.0,
  "moe_world_size": 1,
  "num_attention_heads": 40,
  "num_hidden_layers": 40,
  "num_key_value_heads": 40,
  "pad_token_id": 0,
  "paddleformers_version": "1.1.0.post20260509",
  "pipeline_model_parallel_size": 2,
  "pp_seg_method": "layer:DecoderLayer|EmptyLayer",
  "pretraining_tp": 2,
  "recompute_granularity": "full",
  "recompute_method": "uniform",
  "recompute_num_layers": 1,
  "rms_norm_eps": 1e-05,
  "rope_parameters": {
    "rope_theta": 10000.0,
    "rope_type": "default"
  },
  "rope_scaling": null,
  "rope_theta": 10000.0,
  "seq_length": 4096,
  "tensor_model_parallel_size": 2,
  "tie_word_embeddings": false,
  "torch_dtype": "float32",
  "use_cache": true,
  "use_fast_layer_norm": false,
  "vocab_size": 32000
}
, layer_idx=38)
[2026-05-09 16:12:01,203] [    INFO] pp_layers.py:899 - 40: DecoderLayerPipe(config=LlamaConfig {
  "_name_or_path": "meta-llama/Llama-2-13b-hf",
  "architectures": [
    "LlamaForCausalLM"
  ],
  "attention_bias": false,
  "attention_dropout": 0.0,
  "bos_token_id": 1,
  "enable_auto_parallel": false,
  "eos_token_id": 2,
  "head_dim": 128,
  "hidden_act": "silu",
  "hidden_size": 5120,
  "initializer_range": 0.008068311858747157,
  "intermediate_size": 13824,
  "is_lora": false,
  "max_position_embeddings": 4096,
  "max_sequence_length": 4096,
  "mlp_bias": false,
  "model_type": "llama",
  "moe_group_origin": "dummy",
  "moe_rank": 0,
  "moe_router_bias_update_rate": 0.0,
  "moe_world_size": 1,
  "num_attention_heads": 40,
  "num_hidden_layers": 40,
  "num_key_value_heads": 40,
  "pad_token_id": 0,
  "paddleformers_version": "1.1.0.post20260509",
  "pipeline_model_parallel_size": 2,
  "pp_seg_method": "layer:DecoderLayer|EmptyLayer",
  "pretraining_tp": 2,
  "recompute_granularity": "full",
  "recompute_method": "uniform",
  "recompute_num_layers": 1,
  "rms_norm_eps": 1e-05,
  "rope_parameters": {
    "rope_theta": 10000.0,
    "rope_type": "default"
  },
  "rope_scaling": null,
  "rope_theta": 10000.0,
  "seq_length": 4096,
  "tensor_model_parallel_size": 2,
  "tie_word_embeddings": false,
  "torch_dtype": "float32",
  "use_cache": true,
  "use_fast_layer_norm": false,
  "vocab_size": 32000
}
, layer_idx=39)
[2026-05-09 16:12:01,205] [    INFO] pp_layers.py:899 - 41: RMSNormPipe(config=LlamaConfig {
  "_name_or_path": "meta-llama/Llama-2-13b-hf",
  "architectures": [
    "LlamaForCausalLM"
  ],
  "attention_bias": false,
  "attention_dropout": 0.0,
  "bos_token_id": 1,
  "enable_auto_parallel": false,
  "eos_token_id": 2,
  "head_dim": 128,
  "hidden_act": "silu",
  "hidden_size": 5120,
  "initializer_range": 0.008068311858747157,
  "intermediate_size": 13824,
  "is_lora": false,
  "max_position_embeddings": 4096,
  "max_sequence_length": 4096,
  "mlp_bias": false,
  "model_type": "llama",
  "moe_group_origin": "dummy",
  "moe_rank": 0,
  "moe_router_bias_update_rate": 0.0,
  "moe_world_size": 1,
  "num_attention_heads": 40,
  "num_hidden_layers": 40,
  "num_key_value_heads": 40,
  "pad_token_id": 0,
  "paddleformers_version": "1.1.0.post20260509",
  "pipeline_model_parallel_size": 2,
  "pp_seg_method": "layer:DecoderLayer|EmptyLayer",
  "pretraining_tp": 2,
  "recompute_granularity": "full",
  "recompute_method": "uniform",
  "recompute_num_layers": 1,
  "rms_norm_eps": 1e-05,
  "rope_parameters": {
    "rope_theta": 10000.0,
    "rope_type": "default"
  },
  "rope_scaling": null,
  "rope_theta": 10000.0,
  "seq_length": 4096,
  "tensor_model_parallel_size": 2,
  "tie_word_embeddings": false,
  "torch_dtype": "float32",
  "use_cache": true,
  "use_fast_layer_norm": false,
  "vocab_size": 32000
}
)
[2026-05-09 16:12:01,208] [    INFO] pp_layers.py:899 - 42: LMHeadPipe(config=LlamaConfig {
  "_name_or_path": "meta-llama/Llama-2-13b-hf",
  "architectures": [
    "LlamaForCausalLM"
  ],
  "attention_bias": false,
  "attention_dropout": 0.0,
  "bos_token_id": 1,
  "enable_auto_parallel": false,
  "eos_token_id": 2,
  "head_dim": 128,
  "hidden_act": "silu",
  "hidden_size": 5120,
  "initializer_range": 0.008068311858747157,
  "intermediate_size": 13824,
  "is_lora": false,
  "max_position_embeddings": 4096,
  "max_sequence_length": 4096,
  "mlp_bias": false,
  "model_type": "llama",
  "moe_group_origin": "dummy",
  "moe_rank": 0,
  "moe_router_bias_update_rate": 0.0,
  "moe_world_size": 1,
  "num_attention_heads": 40,
  "num_hidden_layers": 40,
  "num_key_value_heads": 40,
  "pad_token_id": 0,
  "paddleformers_version": "1.1.0.post20260509",
  "pipeline_model_parallel_size": 2,
  "pp_seg_method": "layer:DecoderLayer|EmptyLayer",
  "pretraining_tp": 2,
  "recompute_granularity": "full",
  "recompute_method": "uniform",
  "recompute_num_layers": 1,
  "rms_norm_eps": 1e-05,
  "rope_parameters": {
    "rope_theta": 10000.0,
    "rope_type": "default"
  },
  "rope_scaling": null,
  "rope_theta": 10000.0,
  "seq_length": 4096,
  "tensor_model_parallel_size": 2,
  "tie_word_embeddings": false,
  "torch_dtype": "float32",
  "use_cache": true,
  "use_fast_layer_norm": false,
  "vocab_size": 32000
}
)
[2026-05-09 16:12:01,208] [    INFO] pp_layers.py:921 - loss: CriterionLayerPipe
[2026-05-09 16:12:01,350] [    INFO] pp_layers.py:978 - flush 21 of layers into run_function
/public/home/yuhai/liuyi39/Paddle/build/python/paddle/distributed/fleet/meta_parallel/parallel_layers/pp_layers.py:674: UserWarning: No shared comm will be constructed, this may happen when all shared attrs are on a same stage.
  warnings.warn(
[32m[2026-05-09 16:12:01,357] [    INFO][0m - Using download source: huggingface[0m
[32m[2026-05-09 16:12:01,759] [    INFO][0m - Loading configuration file ./models/Llama-2-13b/config.json[0m
[32m[2026-05-09 16:12:01,761] [    INFO][0m - Using download source: huggingface[0m
[33m[2026-05-09 16:12:02,159] [ WARNING][0m - `template` was not specified, use `empty` template.[0m
[33m[2026-05-09 16:12:02,159] [ WARNING][0m - suffix is not specified, using eos token as suffix.[0m
 > building dataset index ...
    reading sizes...
    reading pointers...
    reading document index...
    creating numpy buffer of mmap...
    creating memory view of numpy buffer...
 > finished creating indexed dataset in 0.001274 seconds
    number of documents: 100000
 > dataset split:
    train:
     document indices in [0, 100000) total of 100000 documents
    validation:
     document indices in [100000, 100000) total of 0 documents
    test:
     document indices in [100000, 100000) total of 0 documents
W0509 16:12:02.161512 1285441 nccl_comm_context.cc:70] ncclCommInitRankConfigMemOpt is not supported.
searching for causal dataset, build_indices=False, share_folder True, check_rank_flag False
build success
 > loading doc-idx mapping from ./data/pt/index-cache/55a0d3d0c9c864447b4abef8ca300ab4_doc_idx.npy
 > loading sample-idx mapping from ./data/pt/index-cache/55a0d3d0c9c864447b4abef8ca300ab4_sample_idx.npy
 > loading shuffle-idx mapping from ./data/pt/index-cache/55a0d3d0c9c864447b4abef8ca300ab4_shuffle_idx.npy
    loaded indexed file in 0.004 seconds
    total number of samples: 30120
    total number of epochs: 1
building indices for the blendable dataset, Since --data_cache is not specified, the index file will not be stored.
> building indices for blendable datasets ...
 > sample ratios:
   dataset 0, input: 1, achieved: 1
> elapsed time for building blendable dataset indices: 0.00 (sec)
> size of blendable dataset: 1200 samples
[32m[2026-05-09 16:12:03,190] [    INFO][0m - Setting max_seq_len to None using PaddleFormers Model.[0m
callbacks: [<paddleformers.trainer.trainer_callback.FP8QuantWeightCallback object at 0x146326320b20>]
[35m[2026-05-09 16:12:03,190] [   DEBUG][0m - 0: main local process completed work, releasing all replicas[0m
[32m[2026-05-09 16:12:03,192] [    INFO][0m - The global seed is set to 23, local seed is set to 31 and random seed is set to 23.[0m
[32m[2026-05-09 16:12:03,284] [    INFO][0m - max_steps is given, it will override any value given in num_train_epochs[0m
[32m[2026-05-09 16:12:03,284] [    INFO][0m - Using half precision[0m
/public/home/yuhai/liuyi39/PaddleFormers/paddleformers/trainer/trainer.py:651: VisibleDeprecationWarning: [93m
Warning:
API "paddle.distributed.fleet.utils.mix_precision_utils.MixPrecisionScaler" is deprecated since 2.5.0, and will be removed in future versions. Please use "paddle.distributed_scaler" instead. [0m
  mix_precision_utils.MixPrecisionScaler(self.scaler)  # return value has no use
[35m[2026-05-09 16:12:03,288] [   DEBUG][0m - ============================================================[0m
[35m[2026-05-09 16:12:03,288] [   DEBUG][0m -     Training Configuration Arguments    [0m
[35m[2026-05-09 16:12:03,288] [   DEBUG][0m - paddle commit id              : ba3477ae69a2c015cb9569eb044381795da89389[0m
[35m[2026-05-09 16:12:03,288] [   DEBUG][0m - paddleformers commit id       : 8139352127d4c61ed5c5f61f64c079097505cb0f.dirty[0m
[35m[2026-05-09 16:12:03,289] [   DEBUG][0m - _no_sync_in_gradient_accumulation: True[0m
[35m[2026-05-09 16:12:03,289] [   DEBUG][0m - adam_beta1                    : 0.9[0m
[35m[2026-05-09 16:12:03,289] [   DEBUG][0m - adam_beta2                    : 0.999[0m
[35m[2026-05-09 16:12:03,289] [   DEBUG][0m - adam_epsilon                  : 1e-08[0m
[35m[2026-05-09 16:12:03,289] [   DEBUG][0m - amp_custom_black_list         : ['reduce_sum', 'softmax_with_cross_entropy', 'c_softmax_with_cross_entropy', 'elementwise_div', 'sin', 'cos'][0m
[35m[2026-05-09 16:12:03,289] [   DEBUG][0m - amp_custom_white_list         : ['lookup_table', 'lookup_table_v2', 'flash_attn', 'matmul', 'matmul_v2', 'fused_gemm_epilogue'][0m
[35m[2026-05-09 16:12:03,289] [   DEBUG][0m - amp_master_grad               : True[0m
[35m[2026-05-09 16:12:03,289] [   DEBUG][0m - aoa_config                    : None[0m
[35m[2026-05-09 16:12:03,289] [   DEBUG][0m - apply_rope_fusion             : False[0m
[35m[2026-05-09 16:12:03,289] [   DEBUG][0m - attention_probs_dropout_prob  : 0.0[0m
[35m[2026-05-09 16:12:03,290] [   DEBUG][0m - auto_parallel_resume_form_hybrid_parallel: False[0m
[35m[2026-05-09 16:12:03,290] [   DEBUG][0m - auto_parallel_sync_shared_params: False[0m
[35m[2026-05-09 16:12:03,290] [   DEBUG][0m - autotuner_benchmark           : False[0m
[35m[2026-05-09 16:12:03,290] [   DEBUG][0m - balanced_image_preprocess     : False[0m
[35m[2026-05-09 16:12:03,290] [   DEBUG][0m - batch_p2p_comm                : True[0m
[35m[2026-05-09 16:12:03,290] [   DEBUG][0m - benchmark                     : False[0m
[35m[2026-05-09 16:12:03,290] [   DEBUG][0m - best_unbalanced_scheduler     : False[0m
[35m[2026-05-09 16:12:03,290] [   DEBUG][0m - beta                          : 0.1[0m
[35m[2026-05-09 16:12:03,290] [   DEBUG][0m - bf16                          : True[0m
[35m[2026-05-09 16:12:03,290] [   DEBUG][0m - bf16_full_eval                : False[0m
[35m[2026-05-09 16:12:03,290] [   DEBUG][0m - ckpt_quant_stage              : O0[0m
[35m[2026-05-09 16:12:03,290] [   DEBUG][0m - clear_every_step_cache        : False[0m
[35m[2026-05-09 16:12:03,290] [   DEBUG][0m - compute_type                  : bf16[0m
[35m[2026-05-09 16:12:03,291] [   DEBUG][0m - context_parallel_rank         : 0[0m
[35m[2026-05-09 16:12:03,291] [   DEBUG][0m - context_parallel_size         : 1[0m
[35m[2026-05-09 16:12:03,291] [   DEBUG][0m - convert_from_hf               : True[0m
[35m[2026-05-09 16:12:03,291] [   DEBUG][0m - copy_custom_file_list         : [0m
[35m[2026-05-09 16:12:03,291] [   DEBUG][0m - count_trained_tokens          : False[0m
[35m[2026-05-09 16:12:03,291] [   DEBUG][0m - cp_comm_type                  : None[0m
[35m[2026-05-09 16:12:03,291] [   DEBUG][0m - cp_sharding_degree            : 1[0m
[35m[2026-05-09 16:12:03,291] [   DEBUG][0m - cp_sharding_rank              : 0[0m
[35m[2026-05-09 16:12:03,291] [   DEBUG][0m - current_device                : gpu:0[0m
[35m[2026-05-09 16:12:03,291] [   DEBUG][0m - data_parallel_config          : [0m
[35m[2026-05-09 16:12:03,291] [   DEBUG][0m - data_parallel_rank            : 0[0m
[35m[2026-05-09 16:12:03,291] [   DEBUG][0m - data_parallel_size            : 1[0m
[35m[2026-05-09 16:12:03,292] [   DEBUG][0m - dataloader_drop_last          : False[0m
[35m[2026-05-09 16:12:03,292] [   DEBUG][0m - dataloader_num_workers        : 0[0m
[35m[2026-05-09 16:12:03,292] [   DEBUG][0m - dataloader_shuffle            : True[0m
[35m[2026-05-09 16:12:03,292] [   DEBUG][0m - dataset_batch_size            : 1000[0m
[35m[2026-05-09 16:12:03,292] [   DEBUG][0m - dataset_kwargs                : {}[0m
[35m[2026-05-09 16:12:03,292] [   DEBUG][0m - dataset_num_proc              : None[0m
[35m[2026-05-09 16:12:03,292] [   DEBUG][0m - dataset_rank                  : 0[0m
[35m[2026-05-09 16:12:03,292] [   DEBUG][0m - dataset_text_field            : text[0m
[35m[2026-05-09 16:12:03,292] [   DEBUG][0m - dataset_world_size            : 2[0m
[35m[2026-05-09 16:12:03,292] [   DEBUG][0m - ddp_find_unused_parameters    : None[0m
[35m[2026-05-09 16:12:03,292] [   DEBUG][0m - decay_function                : half_life[0m
[35m[2026-05-09 16:12:03,292] [   DEBUG][0m - decay_steps                   : 150[0m
[35m[2026-05-09 16:12:03,292] [   DEBUG][0m - deterministic_mode            : False[0m
[35m[2026-05-09 16:12:03,293] [   DEBUG][0m - device                        : gpu[0m
[35m[2026-05-09 16:12:03,293] [   DEBUG][0m - disable_tqdm                  : False[0m
[35m[2026-05-09 16:12:03,293] [   DEBUG][0m - distributed_dataloader        : False[0m
[35m[2026-05-09 16:12:03,293] [   DEBUG][0m - do_eval                       : False[0m
[35m[2026-05-09 16:12:03,293] [   DEBUG][0m - do_export                     : False[0m
[35m[2026-05-09 16:12:03,293] [   DEBUG][0m - do_predict                    : False[0m
[35m[2026-05-09 16:12:03,293] [   DEBUG][0m - do_train                      : True[0m
[35m[2026-05-09 16:12:03,293] [   DEBUG][0m - download_hub                  : None[0m
[35m[2026-05-09 16:12:03,293] [   DEBUG][0m - dp_allreduce_avg_in_gradinent_scale: False[0m
[35m[2026-05-09 16:12:03,293] [   DEBUG][0m - dp_comm_overlap               : False[0m
[35m[2026-05-09 16:12:03,293] [   DEBUG][0m - dpop_lambda                   : 50[0m
[35m[2026-05-09 16:12:03,293] [   DEBUG][0m - embedding_init_method         : None[0m
[35m[2026-05-09 16:12:03,293] [   DEBUG][0m - embedding_init_method_std     : 0.02[0m
[35m[2026-05-09 16:12:03,294] [   DEBUG][0m - enable_auto_parallel          : False[0m
[35m[2026-05-09 16:12:03,294] [   DEBUG][0m - enable_linear_fused_grad_add  : False[0m
[35m[2026-05-09 16:12:03,294] [   DEBUG][0m - enable_mtp_magic_send         : False[0m
[35m[2026-05-09 16:12:03,294] [   DEBUG][0m - enable_sharding_comm_overlap  : False[0m
[35m[2026-05-09 16:12:03,294] [   DEBUG][0m - enable_zero_cost_checkpoint   : False[0m
[35m[2026-05-09 16:12:03,294] [   DEBUG][0m - estimation_output_file        : estimation_output.json[0m
[35m[2026-05-09 16:12:03,294] [   DEBUG][0m - eval_accumulation_steps       : None[0m
[35m[2026-05-09 16:12:03,294] [   DEBUG][0m - eval_batch_size               : 8[0m
[35m[2026-05-09 16:12:03,294] [   DEBUG][0m - eval_iters                    : -1[0m
[35m[2026-05-09 16:12:03,294] [   DEBUG][0m - eval_steps                    : 999[0m
[35m[2026-05-09 16:12:03,294] [   DEBUG][0m - evaluation_strategy           : IntervalStrategy.NO[0m
[35m[2026-05-09 16:12:03,294] [   DEBUG][0m - expert_model_parallel_size    : 1[0m
[35m[2026-05-09 16:12:03,294] [   DEBUG][0m - expert_parallel_rank          : 0[0m
[35m[2026-05-09 16:12:03,295] [   DEBUG][0m - expert_tensor_model_parallel_size: 1[0m
[35m[2026-05-09 16:12:03,295] [   DEBUG][0m - fa_version                    : 2[0m
[35m[2026-05-09 16:12:03,295] [   DEBUG][0m - factor                        : 20[0m
[35m[2026-05-09 16:12:03,295] [   DEBUG][0m - flash_device_save_steps       : 0[0m
[35m[2026-05-09 16:12:03,295] [   DEBUG][0m - flatten_param_grads           : False[0m
[35m[2026-05-09 16:12:03,295] [   DEBUG][0m - flex_ckpt_comm_method         : None[0m
[35m[2026-05-09 16:12:03,295] [   DEBUG][0m - force_reshard_pp              : False[0m
[35m[2026-05-09 16:12:03,295] [   DEBUG][0m - forward_backward_overlap_scheduler: False[0m
[35m[2026-05-09 16:12:03,295] [   DEBUG][0m - fp16                          : False[0m
[35m[2026-05-09 16:12:03,295] [   DEBUG][0m - fp16_full_eval                : False[0m
[35m[2026-05-09 16:12:03,295] [   DEBUG][0m - fp16_opt_level                : O1[0m
[35m[2026-05-09 16:12:03,295] [   DEBUG][0m - fp32_residual_connection      : True[0m
[35m[2026-05-09 16:12:03,295] [   DEBUG][0m - fp8                           : None[0m
[35m[2026-05-09 16:12:03,296] [   DEBUG][0m - fp8_wgrad                     : True[0m
[35m[2026-05-09 16:12:03,296] [   DEBUG][0m - freeze_config                 : [0m
[35m[2026-05-09 16:12:03,296] [   DEBUG][0m - freeze_training               : False[0m
[35m[2026-05-09 16:12:03,296] [   DEBUG][0m - fuse_optimizer_states         : False[0m
[35m[2026-05-09 16:12:03,296] [   DEBUG][0m - fuse_sequence_parallel_allreduce: False[0m
[35m[2026-05-09 16:12:03,296] [   DEBUG][0m - fuse_swiglu                   : False[0m
[35m[2026-05-09 16:12:03,296] [   DEBUG][0m - gated_linear_unit             : True[0m
[35m[2026-05-09 16:12:03,296] [   DEBUG][0m - gc_interval                   : 0[0m
[35m[2026-05-09 16:12:03,296] [   DEBUG][0m - global_batch_size             : 8[0m
[35m[2026-05-09 16:12:03,296] [   DEBUG][0m - global_logging_interval       : 1[0m
[35m[2026-05-09 16:12:03,296] [   DEBUG][0m - gradient_accumulation_steps   : 4[0m
[35m[2026-05-09 16:12:03,296] [   DEBUG][0m - gradient_sync_after_accumulate: False[0m
[35m[2026-05-09 16:12:03,296] [   DEBUG][0m - greater_is_better             : None[0m
[35m[2026-05-09 16:12:03,296] [   DEBUG][0m - hidden_dropout_prob           : 0.0[0m
[35m[2026-05-09 16:12:03,297] [   DEBUG][0m - hidden_size                   : None[0m
[35m[2026-05-09 16:12:03,297] [   DEBUG][0m - high_precision_rope           : False[0m
[35m[2026-05-09 16:12:03,297] [   DEBUG][0m - hybrid_parallel_expert_grad_scale: 2.0[0m
[35m[2026-05-09 16:12:03,297] [   DEBUG][0m - hybrid_parallel_topo_order    : sharding_first[0m
[35m[2026-05-09 16:12:03,297] [   DEBUG][0m - ignore_data_skip              : False[0m
[35m[2026-05-09 16:12:03,297] [   DEBUG][0m - ignore_eos_token              : False[0m
[35m[2026-05-09 16:12:03,297] [   DEBUG][0m - ignore_load_lr_and_optim      : False[0m
[35m[2026-05-09 16:12:03,297] [   DEBUG][0m - ignore_save_lr_and_optim      : False[0m
[35m[2026-05-09 16:12:03,297] [   DEBUG][0m - init_method                   : None[0m
[35m[2026-05-09 16:12:03,297] [   DEBUG][0m - intermediate_size             : None[0m
[35m[2026-05-09 16:12:03,297] [   DEBUG][0m - label_names                   : None[0m
[35m[2026-05-09 16:12:03,297] [   DEBUG][0m - label_smoothing               : 0.0[0m
[35m[2026-05-09 16:12:03,297] [   DEBUG][0m - lazy_data_processing          : True[0m
[35m[2026-05-09 16:12:03,298] [   DEBUG][0m - learning_rate                 : 0.0001[0m
[35m[2026-05-09 16:12:03,298] [   DEBUG][0m - load_best_model_at_end        : False[0m
[35m[2026-05-09 16:12:03,298] [   DEBUG][0m - load_checkpoint_format        : sharding_io[0m
[35m[2026-05-09 16:12:03,298] [   DEBUG][0m - load_from_hf                  : False[0m
[35m[2026-05-09 16:12:03,298] [   DEBUG][0m - load_sharded_model            : True[0m
[35m[2026-05-09 16:12:03,298] [   DEBUG][0m - load_sharded_model_remap_parameter_name: False[0m
[35m[2026-05-09 16:12:03,298] [   DEBUG][0m - load_via_cpu                  : True[0m
[35m[2026-05-09 16:12:03,298] [   DEBUG][0m - local_process_index           : 0[0m
[35m[2026-05-09 16:12:03,298] [   DEBUG][0m - local_rank                    : 0[0m
[35m[2026-05-09 16:12:03,298] [   DEBUG][0m - log_global_grad_norm          : False[0m
[35m[2026-05-09 16:12:03,298] [   DEBUG][0m - log_level                     : -1[0m
[35m[2026-05-09 16:12:03,298] [   DEBUG][0m - log_level_replica             : -1[0m
[35m[2026-05-09 16:12:03,298] [   DEBUG][0m - log_on_each_node              : True[0m
[35m[2026-05-09 16:12:03,299] [   DEBUG][0m - logging_dir                   : ./logs/pt/13b_elastic[0m
[35m[2026-05-09 16:12:03,299] [   DEBUG][0m - logging_first_step            : False[0m
[35m[2026-05-09 16:12:03,299] [   DEBUG][0m - logging_steps                 : 1[0m
[35m[2026-05-09 16:12:03,299] [   DEBUG][0m - logging_strategy              : IntervalStrategy.STEPS[0m
[35m[2026-05-09 16:12:03,299] [   DEBUG][0m - logical_process_index         : 0[0m
[35m[2026-05-09 16:12:03,299] [   DEBUG][0m - loss_subbatch_sequence_length : -1[0m
[35m[2026-05-09 16:12:03,299] [   DEBUG][0m - loss_type                     : sigmoid[0m
[35m[2026-05-09 16:12:03,299] [   DEBUG][0m - lr_end                        : 1e-07[0m
[35m[2026-05-09 16:12:03,299] [   DEBUG][0m - lr_scheduler                  : cosine[0m
[35m[2026-05-09 16:12:03,299] [   DEBUG][0m - lr_scheduler_type             : SchedulerType.LINEAR[0m
[35m[2026-05-09 16:12:03,299] [   DEBUG][0m - max_estimate_samples          : 100000.0[0m
[35m[2026-05-09 16:12:03,299] [   DEBUG][0m - max_evaluate_steps            : -1[0m
[35m[2026-05-09 16:12:03,299] [   DEBUG][0m - max_grad_norm                 : 1.0[0m
[35m[2026-05-09 16:12:03,300] [   DEBUG][0m - max_gradient_accumulation_steps: 4[0m
[35m[2026-05-09 16:12:03,300] [   DEBUG][0m - max_seq_len                   : 4096[0m
[35m[2026-05-09 16:12:03,300] [   DEBUG][0m - max_steps                     : 150[0m
[35m[2026-05-09 16:12:03,300] [   DEBUG][0m - merge_with_qdq_base_model     : False[0m
[35m[2026-05-09 16:12:03,300] [   DEBUG][0m - metric_for_best_model         : None[0m
[35m[2026-05-09 16:12:03,300] [   DEBUG][0m - metrics_output_path           : None[0m
[35m[2026-05-09 16:12:03,300] [   DEBUG][0m - min_lr                        : 0.0[0m
[35m[2026-05-09 16:12:03,300] [   DEBUG][0m - minimum_eval_times            : None[0m
[35m[2026-05-09 16:12:03,300] [   DEBUG][0m - model_name_or_path            : ./models/Llama-2-13b[0m
[35m[2026-05-09 16:12:03,300] [   DEBUG][0m - moe_deep_gemm                 : False[0m
[35m[2026-05-09 16:12:03,300] [   DEBUG][0m - moe_deepep_num_sms            : None[0m
[35m[2026-05-09 16:12:03,300] [   DEBUG][0m - moe_dequant_input             : False[0m
[35m[2026-05-09 16:12:03,300] [   DEBUG][0m - moe_dropout_prob              : 0.0[0m
[35m[2026-05-09 16:12:03,301] [   DEBUG][0m - moe_ep_barrier                : True[0m
[35m[2026-05-09 16:12:03,301] [   DEBUG][0m - moe_expert_capacity_factor    : 0.0[0m
[35m[2026-05-09 16:12:03,301] [   DEBUG][0m - moe_expert_fusion             : True[0m
[35m[2026-05-09 16:12:03,301] [   DEBUG][0m - moe_gate_lr_ratio             : None[0m
[35m[2026-05-09 16:12:03,301] [   DEBUG][0m - moe_grouped_gemm              : False[0m
[35m[2026-05-09 16:12:03,301] [   DEBUG][0m - moe_pad_expert_input_to_capacity: False[0m
[35m[2026-05-09 16:12:03,301] [   DEBUG][0m - moe_router_bias_update_rate   : 0.0[0m
[35m[2026-05-09 16:12:03,301] [   DEBUG][0m - moe_router_force_load_balancing: False[0m
[35m[2026-05-09 16:12:03,301] [   DEBUG][0m - moe_router_fusion             : True[0m
[35m[2026-05-09 16:12:03,301] [   DEBUG][0m - moe_router_load_balancing_type: seq_aux_loss[0m
[35m[2026-05-09 16:12:03,301] [   DEBUG][0m - moe_sharding_parallel_rank    : 0[0m
[35m[2026-05-09 16:12:03,301] [   DEBUG][0m - moe_sharding_parallel_size    : 1[0m
[35m[2026-05-09 16:12:03,301] [   DEBUG][0m - moe_shared_expert_overlap     : True[0m
[35m[2026-05-09 16:12:03,302] [   DEBUG][0m - moe_subbatch_token_num_after_dispatch: None[0m
[35m[2026-05-09 16:12:03,302] [   DEBUG][0m - moe_subbatch_token_num_before_dispatch: 0[0m
[35m[2026-05-09 16:12:03,302] [   DEBUG][0m - moe_token_dispatcher_type     : deepep[0m
[35m[2026-05-09 16:12:03,302] [   DEBUG][0m - moe_token_drop_policy         : probs[0m
[35m[2026-05-09 16:12:03,302] [   DEBUG][0m - moe_use_fusion_node           : True[0m
[35m[2026-05-09 16:12:03,302] [   DEBUG][0m - moe_with_send_router_loss     : True[0m
[35m[2026-05-09 16:12:03,302] [   DEBUG][0m - mp_async_allreduce            : False[0m
[35m[2026-05-09 16:12:03,302] [   DEBUG][0m - mp_fused_linear_param_grad_add: False[0m
[35m[2026-05-09 16:12:03,302] [   DEBUG][0m - mp_skip_c_identity            : False[0m
[35m[2026-05-09 16:12:03,302] [   DEBUG][0m - mtp_distillation_loss         : False[0m
[35m[2026-05-09 16:12:03,302] [   DEBUG][0m - mtp_num_layers                : 0[0m
[35m[2026-05-09 16:12:03,302] [   DEBUG][0m - multi_latent_attention        : False[0m
[35m[2026-05-09 16:12:03,302] [   DEBUG][0m - muon_exclude_patterns         : ['embed', 'bias', 'lm_head', 'mlp.gate'][0m
[35m[2026-05-09 16:12:03,303] [   DEBUG][0m - muon_extra_scale_factor       : 0.2[0m
[35m[2026-05-09 16:12:03,303] [   DEBUG][0m - muon_ffn_split                : True[0m
[35m[2026-05-09 16:12:03,303] [   DEBUG][0m - muon_momentum                 : 0.95[0m
[35m[2026-05-09 16:12:03,303] [   DEBUG][0m - muon_ns_coeff_type            : quintic[0m
[35m[2026-05-09 16:12:03,303] [   DEBUG][0m - muon_ns_steps                 : 5[0m
[35m[2026-05-09 16:12:03,303] [   DEBUG][0m - muon_qkv_update_mode          : split_head[0m
[35m[2026-05-09 16:12:03,303] [   DEBUG][0m - muon_version                  : 3[0m
[35m[2026-05-09 16:12:03,303] [   DEBUG][0m - n_routed_experts              : None[0m
[35m[2026-05-09 16:12:03,303] [   DEBUG][0m - nccl_comm_group_config        : None[0m
[35m[2026-05-09 16:12:03,303] [   DEBUG][0m - need_data                     : True[0m
[35m[2026-05-09 16:12:03,303] [   DEBUG][0m - no_cuda                       : False[0m
[35m[2026-05-09 16:12:03,303] [   DEBUG][0m - no_recompute_layers           : None[0m
[35m[2026-05-09 16:12:03,303] [   DEBUG][0m - no_rope_freq                  : False[0m
[35m[2026-05-09 16:12:03,304] [   DEBUG][0m - non_batch_p2p_comm            : False[0m
[35m[2026-05-09 16:12:03,304] [   DEBUG][0m - normalization                 : RMSNorm[0m
[35m[2026-05-09 16:12:03,304] [   DEBUG][0m - normalize_logps               : False[0m
[35m[2026-05-09 16:12:03,304] [   DEBUG][0m - num_attention_heads           : None[0m
[35m[2026-05-09 16:12:03,304] [   DEBUG][0m - num_consecutive               : 1[0m
[35m[2026-05-09 16:12:03,304] [   DEBUG][0m - num_cycles                    : 0.5[0m
[35m[2026-05-09 16:12:03,304] [   DEBUG][0m - num_empty_layers_add_in_head  : 0[0m
[35m[2026-05-09 16:12:03,304] [   DEBUG][0m - num_empty_layers_add_in_tail  : 0[0m
[35m[2026-05-09 16:12:03,304] [   DEBUG][0m - num_experts_per_tok           : None[0m
[35m[2026-05-09 16:12:03,304] [   DEBUG][0m - num_hidden_layers             : None[0m
[35m[2026-05-09 16:12:03,304] [   DEBUG][0m - num_key_value_heads           : None[0m
[35m[2026-05-09 16:12:03,304] [   DEBUG][0m - num_nextn_predict_layers      : 0[0m
[35m[2026-05-09 16:12:03,304] [   DEBUG][0m - num_of_gpus                   : -1[0m
[35m[2026-05-09 16:12:03,305] [   DEBUG][0m - num_train_epochs              : 1.0[0m
[35m[2026-05-09 16:12:03,305] [   DEBUG][0m - offload_fp8_expert_master_weight: True[0m
[35m[2026-05-09 16:12:03,305] [   DEBUG][0m - offload_queue                 : False[0m
[35m[2026-05-09 16:12:03,305] [   DEBUG][0m - offset_alpha                  : 0.0[0m
[35m[2026-05-09 16:12:03,305] [   DEBUG][0m - online_merge_ema              : True[0m
[35m[2026-05-09 16:12:03,305] [   DEBUG][0m - optim                         : OptimizerNames.ADAMW[0m
[35m[2026-05-09 16:12:03,305] [   DEBUG][0m - optim_shard_num               : 1[0m
[35m[2026-05-09 16:12:03,305] [   DEBUG][0m - optimizer_name_suffix         : tp00_pp00_shard00[0m
[35m[2026-05-09 16:12:03,305] [   DEBUG][0m - ordered_save_group_size       : 0[0m
[35m[2026-05-09 16:12:03,305] [   DEBUG][0m - output_dir                    : ./checkpoints/pt/13b_elastic[0m
[35m[2026-05-09 16:12:03,305] [   DEBUG][0m - output_layer_init_method      : None[0m
[35m[2026-05-09 16:12:03,305] [   DEBUG][0m - output_signal_dir             : ./checkpoints/pt/13b_elastic[0m
[35m[2026-05-09 16:12:03,305] [   DEBUG][0m - overlap                       : False[0m
[35m[2026-05-09 16:12:03,306] [   DEBUG][0m - overlap_p2p_comm              : False[0m
[35m[2026-05-09 16:12:03,306] [   DEBUG][0m - overwrite_output_dir          : True[0m
[35m[2026-05-09 16:12:03,306] [   DEBUG][0m - p2p_cache_shape               : True[0m
[35m[2026-05-09 16:12:03,306] [   DEBUG][0m - pad_token_id                  : 0[0m
[35m[2026-05-09 16:12:03,306] [   DEBUG][0m - partial_send_recv             : True[0m
[35m[2026-05-09 16:12:03,306] [   DEBUG][0m - past_index                    : -1[0m
[35m[2026-05-09 16:12:03,306] [   DEBUG][0m - pdc_download_ckpt             : False[0m
[35m[2026-05-09 16:12:03,306] [   DEBUG][0m - pdc_download_timeout          : 300[0m
[35m[2026-05-09 16:12:03,306] [   DEBUG][0m - per_device_eval_batch_size    : 8[0m
[35m[2026-05-09 16:12:03,306] [   DEBUG][0m - per_device_train_batch_size   : 1[0m
[35m[2026-05-09 16:12:03,306] [   DEBUG][0m - pipeline_model_parallel_size  : 2[0m
[35m[2026-05-09 16:12:03,306] [   DEBUG][0m - pipeline_parallel_config      : [0m
[35m[2026-05-09 16:12:03,306] [   DEBUG][0m - pipeline_parallel_rank        : 0[0m
[35m[2026-05-09 16:12:03,307] [   DEBUG][0m - position_embedding_type       : rope[0m
[35m[2026-05-09 16:12:03,307] [   DEBUG][0m - power                         : 1.0[0m
[35m[2026-05-09 16:12:03,307] [   DEBUG][0m - pp_delay_scale_loss           : True[0m
[35m[2026-05-09 16:12:03,307] [   DEBUG][0m - pp_need_data                  : False[0m
[35m[2026-05-09 16:12:03,307] [   DEBUG][0m - pp_need_data_degree           : 0[0m
[35m[2026-05-09 16:12:03,307] [   DEBUG][0m - pp_release_grads              : False[0m
[35m[2026-05-09 16:12:03,307] [   DEBUG][0m - pp_sharding_comm_overlap      : False[0m
[35m[2026-05-09 16:12:03,307] [   DEBUG][0m - pp_sync_moment                : False[0m
[35m[2026-05-09 16:12:03,307] [   DEBUG][0m - pp_sync_param                 : False[0m
[35m[2026-05-09 16:12:03,307] [   DEBUG][0m - pre_alloc_memory              : 0[0m
[35m[2026-05-09 16:12:03,307] [   DEBUG][0m - prediction_loss_only          : False[0m
[35m[2026-05-09 16:12:03,307] [   DEBUG][0m - pref_loss_ratio               : 1.0[0m
[35m[2026-05-09 16:12:03,307] [   DEBUG][0m - prefetch_factor               : 2[0m
[35m[2026-05-09 16:12:03,308] [   DEBUG][0m - process_index                 : 0[0m
[35m[2026-05-09 16:12:03,308] [   DEBUG][0m - profile                       : False[0m
[35m[2026-05-09 16:12:03,308] [   DEBUG][0m - profile_step_end              : 12[0m
[35m[2026-05-09 16:12:03,308] [   DEBUG][0m - profile_step_start            : 10[0m
[35m[2026-05-09 16:12:03,308] [   DEBUG][0m - recompute_granularity         : full[0m
[35m[2026-05-09 16:12:03,308] [   DEBUG][0m - recompute_method              : uniform[0m
[35m[2026-05-09 16:12:03,308] [   DEBUG][0m - recompute_modules             : None[0m
[35m[2026-05-09 16:12:03,308] [   DEBUG][0m - recompute_mtp_granularity     : None[0m
[35m[2026-05-09 16:12:03,308] [   DEBUG][0m - recompute_mtp_method          : None[0m
[35m[2026-05-09 16:12:03,308] [   DEBUG][0m - recompute_mtp_modules         : None[0m
[35m[2026-05-09 16:12:03,308] [   DEBUG][0m - recompute_num_layers          : 1[0m
[35m[2026-05-09 16:12:03,308] [   DEBUG][0m - recompute_use_reentrant       : True[0m
[35m[2026-05-09 16:12:03,308] [   DEBUG][0m - reeao_dataset_rank            : 0[0m
[35m[2026-05-09 16:12:03,309] [   DEBUG][0m - reeao_dataset_world_size      : 2[0m
[35m[2026-05-09 16:12:03,309] [   DEBUG][0m - ref_model_update_steps        : -1[0m
[35m[2026-05-09 16:12:03,309] [   DEBUG][0m - reference_free                : False[0m
[35m[2026-05-09 16:12:03,309] [   DEBUG][0m - release_grads                 : False[0m
[35m[2026-05-09 16:12:03,309] [   DEBUG][0m - remove_unused_columns         : True[0m
[35m[2026-05-09 16:12:03,309] [   DEBUG][0m - reorder_pipeline_priority     : False[0m
[35m[2026-05-09 16:12:03,309] [   DEBUG][0m - replace_with_c_embedding      : False[0m
[35m[2026-05-09 16:12:03,309] [   DEBUG][0m - replace_with_parallel_cross_entropy: False[0m
[35m[2026-05-09 16:12:03,309] [   DEBUG][0m - replicate_saved_into_local    : False[0m
[35m[2026-05-09 16:12:03,309] [   DEBUG][0m - report_to                     : ['visualdl'][0m
[35m[2026-05-09 16:12:03,309] [   DEBUG][0m - resume_from_checkpoint        : None[0m
[35m[2026-05-09 16:12:03,309] [   DEBUG][0m - resume_from_huggingface_ckpt  : None[0m
[35m[2026-05-09 16:12:03,309] [   DEBUG][0m - router_aux_loss_coef          : 0.0[0m
[35m[2026-05-09 16:12:03,310] [   DEBUG][0m - router_z_loss_coef            : None[0m
[35m[2026-05-09 16:12:03,310] [   DEBUG][0m - run_name                      : ./checkpoints/pt/13b_elastic[0m
[35m[2026-05-09 16:12:03,310] [   DEBUG][0m - same_data                     : None[0m
[35m[2026-05-09 16:12:03,310] [   DEBUG][0m - save_checkpoint_format        : sharding_io[0m
[35m[2026-05-09 16:12:03,310] [   DEBUG][0m - save_hf_memory_growth_threshold: 8[0m
[35m[2026-05-09 16:12:03,310] [   DEBUG][0m - save_hf_steps                 : -1[0m
[35m[2026-05-09 16:12:03,310] [   DEBUG][0m - save_hf_total_limit           : None[0m
[35m[2026-05-09 16:12:03,310] [   DEBUG][0m - save_last_step                : False[0m
[35m[2026-05-09 16:12:03,310] [   DEBUG][0m - save_on_each_node             : False[0m
[35m[2026-05-09 16:12:03,310] [   DEBUG][0m - save_rng_states               : False[0m
[35m[2026-05-09 16:12:03,310] [   DEBUG][0m - save_sharded_model            : True[0m
[35m[2026-05-09 16:12:03,310] [   DEBUG][0m - save_sharding_stage1_model_include_freeze_params: False[0m
[35m[2026-05-09 16:12:03,310] [   DEBUG][0m - save_steps                    : 30[0m
[35m[2026-05-09 16:12:03,311] [   DEBUG][0m - save_strategy                 : IntervalStrategy.STEPS[0m
[35m[2026-05-09 16:12:03,311] [   DEBUG][0m - save_to_hf                    : False[0m
[35m[2026-05-09 16:12:03,311] [   DEBUG][0m - save_tokenizer                : True[0m
[35m[2026-05-09 16:12:03,311] [   DEBUG][0m - save_total_limit              : 1[0m
[35m[2026-05-09 16:12:03,311] [   DEBUG][0m - scale_loss                    : 32768[0m
[35m[2026-05-09 16:12:03,311] [   DEBUG][0m - sd_release_grads              : False[0m
[35m[2026-05-09 16:12:03,311] [   DEBUG][0m - sd_sharding_comm_overlap      : False[0m
[35m[2026-05-09 16:12:03,311] [   DEBUG][0m - sd_shardingv1_comm_overlap    : False[0m
[35m[2026-05-09 16:12:03,311] [   DEBUG][0m - seed                          : 23[0m
[35m[2026-05-09 16:12:03,311] [   DEBUG][0m - send_recv_overlap             : False[0m
[35m[2026-05-09 16:12:03,311] [   DEBUG][0m - sep_parallel_size             : 1[0m
[35m[2026-05-09 16:12:03,311] [   DEBUG][0m - sequence_parallel             : False[0m
[35m[2026-05-09 16:12:03,311] [   DEBUG][0m - sequence_parallel_config      : [0m
[35m[2026-05-09 16:12:03,312] [   DEBUG][0m - sft_loss_ratio                : 0.0[0m
[35m[2026-05-09 16:12:03,312] [   DEBUG][0m - sharded_model_from_ema        : False[0m
[35m[2026-05-09 16:12:03,312] [   DEBUG][0m - sharding                      : [<ShardingOption.SHARD_OP: 'stage1'>][0m
[35m[2026-05-09 16:12:03,312] [   DEBUG][0m - sharding_comm_buffer_size_MB  : -1[0m
[35m[2026-05-09 16:12:03,312] [   DEBUG][0m - sharding_degree               : -1[0m
[35m[2026-05-09 16:12:03,312] [   DEBUG][0m - sharding_offload_opt_buffersize_GB: -1[0m
[35m[2026-05-09 16:12:03,312] [   DEBUG][0m - sharding_parallel_config      : [0m
[35m[2026-05-09 16:12:03,312] [   DEBUG][0m - sharding_parallel_mesh_dimension: dp[0m
[35m[2026-05-09 16:12:03,312] [   DEBUG][0m - sharding_parallel_rank        : 0[0m
[35m[2026-05-09 16:12:03,312] [   DEBUG][0m - sharding_parallel_size        : 2[0m
[35m[2026-05-09 16:12:03,312] [   DEBUG][0m - should_load_dataset           : True[0m
[35m[2026-05-09 16:12:03,312] [   DEBUG][0m - should_load_sharding_stage1_model: True[0m
[35m[2026-05-09 16:12:03,312] [   DEBUG][0m - should_log                    : True[0m
[35m[2026-05-09 16:12:03,313] [   DEBUG][0m - should_save                   : True[0m
[35m[2026-05-09 16:12:03,313] [   DEBUG][0m - should_save_model_state       : True[0m
[35m[2026-05-09 16:12:03,313] [   DEBUG][0m - should_save_model_with_tensor_fusion: False[0m
[35m[2026-05-09 16:12:03,313] [   DEBUG][0m - should_save_sharding_stage1_model: True[0m
[35m[2026-05-09 16:12:03,313] [   DEBUG][0m - shuffle_consecutive           : False[0m
[35m[2026-05-09 16:12:03,313] [   DEBUG][0m - simpo_gamma                   : 0.5[0m
[35m[2026-05-09 16:12:03,313] [   DEBUG][0m - skip_data_intervals           : None[0m
[35m[2026-05-09 16:12:03,313] [   DEBUG][0m - skip_memory_metrics           : True[0m
[35m[2026-05-09 16:12:03,313] [   DEBUG][0m - skip_profile_timer            : True[0m
[35m[2026-05-09 16:12:03,313] [   DEBUG][0m - softmax_scale                 : None[0m
[35m[2026-05-09 16:12:03,313] [   DEBUG][0m - softmax_type                  : vanilla[0m
[35m[2026-05-09 16:12:03,313] [   DEBUG][0m - sp_allreduce_avg_in_gradinent_scale: False[0m
[35m[2026-05-09 16:12:03,313] [   DEBUG][0m - sp_async_reduce_scatter       : False[0m
[35m[2026-05-09 16:12:03,314] [   DEBUG][0m - split_backward                : False[0m
[35m[2026-05-09 16:12:03,314] [   DEBUG][0m - split_inputs_sequence_dim     : True[0m
[35m[2026-05-09 16:12:03,314] [   DEBUG][0m - split_norm_comm               : False[0m
[35m[2026-05-09 16:12:03,314] [   DEBUG][0m - split_param                   : True[0m
[35m[2026-05-09 16:12:03,314] [   DEBUG][0m - stage1_allgather_overlap      : False[0m
[35m[2026-05-09 16:12:03,314] [   DEBUG][0m - stage1_broadcast_overlap      : False[0m
[35m[2026-05-09 16:12:03,314] [   DEBUG][0m - stage1_overlap                : False[0m
[35m[2026-05-09 16:12:03,314] [   DEBUG][0m - stage1_reduce_avg             : True[0m
[35m[2026-05-09 16:12:03,314] [   DEBUG][0m - stage1_tensor_fusion          : False[0m
[35m[2026-05-09 16:12:03,314] [   DEBUG][0m - stage2_overlap                : False[0m
[35m[2026-05-09 16:12:03,314] [   DEBUG][0m - sync_grad                     : False[0m
[35m[2026-05-09 16:12:03,314] [   DEBUG][0m - tensor_fusion                 : False[0m
[35m[2026-05-09 16:12:03,314] [   DEBUG][0m - tensor_model_parallel_size    : 2[0m
[35m[2026-05-09 16:12:03,315] [   DEBUG][0m - tensor_parallel_config        : [0m
[35m[2026-05-09 16:12:03,315] [   DEBUG][0m - tensor_parallel_output        : True[0m
[35m[2026-05-09 16:12:03,315] [   DEBUG][0m - tensor_parallel_rank          : 0[0m
[35m[2026-05-09 16:12:03,315] [   DEBUG][0m - tensorwise_offload_optimizer  : False[0m
[35m[2026-05-09 16:12:03,315] [   DEBUG][0m - test_iters                    : -10[0m
[35m[2026-05-09 16:12:03,315] [   DEBUG][0m - tie_word_embeddings           : None[0m
[35m[2026-05-09 16:12:03,315] [   DEBUG][0m - timer                         : False[0m
[35m[2026-05-09 16:12:03,315] [   DEBUG][0m - to_static                     : False[0m
[35m[2026-05-09 16:12:03,315] [   DEBUG][0m - token_balance_loss            : False[0m
[35m[2026-05-09 16:12:03,315] [   DEBUG][0m - tp_async_allreduce            : False[0m
[35m[2026-05-09 16:12:03,315] [   DEBUG][0m - tp_sync_moment                : False[0m
[35m[2026-05-09 16:12:03,315] [   DEBUG][0m - tp_sync_param                 : False[0m
[35m[2026-05-09 16:12:03,315] [   DEBUG][0m - train_batch_size              : 1[0m
[35m[2026-05-09 16:12:03,316] [   DEBUG][0m - train_mtp_only                : False[0m
[35m[2026-05-09 16:12:03,316] [   DEBUG][0m - unified_checkpoint            : False[0m
[35m[2026-05-09 16:12:03,316] [   DEBUG][0m - unified_checkpoint_config     : [0m
[35m[2026-05-09 16:12:03,316] [   DEBUG][0m - use_async_save                : False[0m
[35m[2026-05-09 16:12:03,316] [   DEBUG][0m - use_cache                     : False[0m
[35m[2026-05-09 16:12:03,316] [   DEBUG][0m - use_dualpipev                 : False[0m
[35m[2026-05-09 16:12:03,316] [   DEBUG][0m - use_expert_parallel           : False[0m
[35m[2026-05-09 16:12:03,316] [   DEBUG][0m - use_filtered_label_loss       : False[0m
[35m[2026-05-09 16:12:03,316] [   DEBUG][0m - use_fp8                       : False[0m
[35m[2026-05-09 16:12:03,316] [   DEBUG][0m - use_fused_head_and_loss_fn    : False[0m
[35m[2026-05-09 16:12:03,316] [   DEBUG][0m - use_fused_linear_cross_entropy: False[0m
[35m[2026-05-09 16:12:03,316] [   DEBUG][0m - use_hybrid_parallel           : True[0m
[35m[2026-05-09 16:12:03,316] [   DEBUG][0m - use_intermediate_api          : False[0m
[35m[2026-05-09 16:12:03,317] [   DEBUG][0m - use_lowprecision_moment       : False[0m
[35m[2026-05-09 16:12:03,317] [   DEBUG][0m - use_moe                       : False[0m
[35m[2026-05-09 16:12:03,317] [   DEBUG][0m - use_ortho_loss_callback       : False[0m
[35m[2026-05-09 16:12:03,317] [   DEBUG][0m - use_qk_norm                   : None[0m
[35m[2026-05-09 16:12:03,317] [   DEBUG][0m - use_recompute_mtp             : False[0m
[35m[2026-05-09 16:12:03,317] [   DEBUG][0m - use_unified_moe               : False[0m
[35m[2026-05-09 16:12:03,317] [   DEBUG][0m - using_sonic_moe               : False[0m
[35m[2026-05-09 16:12:03,317] [   DEBUG][0m - variable_seq_lengths          : False[0m
[35m[2026-05-09 16:12:03,317] [   DEBUG][0m - virtual_pipeline_model_parallel_size: 1[0m
[35m[2026-05-09 16:12:03,317] [   DEBUG][0m - wandb_api_key                 : None[0m
[35m[2026-05-09 16:12:03,317] [   DEBUG][0m - wandb_http_proxy              : None[0m
[35m[2026-05-09 16:12:03,317] [   DEBUG][0m - warmup_ratio                  : 0.0[0m
[35m[2026-05-09 16:12:03,317] [   DEBUG][0m - warmup_steps                  : 10[0m
[35m[2026-05-09 16:12:03,318] [   DEBUG][0m - weight_decay                  : 0.0[0m
[35m[2026-05-09 16:12:03,318] [   DEBUG][0m - weight_name_suffix            : tp00_pp00[0m
[35m[2026-05-09 16:12:03,318] [   DEBUG][0m - weight_quantize_algo          : None[0m
[35m[2026-05-09 16:12:03,318] [   DEBUG][0m - world_size                    : 8[0m
[35m[2026-05-09 16:12:03,318] [   DEBUG][0m - zcc_ema_interval              : 1[0m
[35m[2026-05-09 16:12:03,318] [   DEBUG][0m - zcc_ema_loss_threshold        : None[0m
[35m[2026-05-09 16:12:03,318] [   DEBUG][0m - zcc_pipeline_hooks_capacity_usage: 0.6[0m
[35m[2026-05-09 16:12:03,318] [   DEBUG][0m - zcc_save_ema_coef             : None[0m
[35m[2026-05-09 16:12:03,318] [   DEBUG][0m - zcc_workers_num               : 3[0m
[35m[2026-05-09 16:12:03,318] [   DEBUG][0m - [0m
[32m[2026-05-09 16:12:03,319] [    INFO][0m - Starting training from resume_from_checkpoint : None[0m
[32m[2026-05-09 16:12:03,322] [    INFO][0m - [timelog] RuntimeTimer: 0.00s (2026-05-09 16:12:03) [0m
[32m[2026-05-09 16:12:03,322] [    INFO][0m - ***** Running training *****[0m
[32m[2026-05-09 16:12:03,322] [    INFO][0m -   Num examples = 1,200[0m
[32m[2026-05-09 16:12:03,322] [    INFO][0m -   Num Epochs = 1[0m
[32m[2026-05-09 16:12:03,322] [    INFO][0m -   Instantaneous batch size per device = 1[0m
[32m[2026-05-09 16:12:03,322] [    INFO][0m -   Total train batch size (w. parallel, distributed & accumulation) = 8[0m
[32m[2026-05-09 16:12:03,322] [    INFO][0m -   Gradient Accumulation steps = 4[0m
[32m[2026-05-09 16:12:03,322] [    INFO][0m -   Total optimization steps = 150[0m
[32m[2026-05-09 16:12:03,322] [    INFO][0m -   Total num train samples = 1,200[0m
[2026-05-09 16:12:03,330] [    INFO] pipeline_parallel.py:808 - Pipeline scheduler is in dynamic_shape mode=False
[2026-05-09 16:12:03,330] [    INFO] pipeline_parallel.py:818 - dp_comm_overlap False;             sharding_comm_overlap False;             sharding_split_param True;
[2026-05-09 16:12:03,330] [    INFO] pipeline_parallel.py:890 - Pipeline Info -- num_stages: 2, stage_id: 0
[2026-05-09 16:12:03,330] [    INFO] pipeline_parallel.py:895 - start broadcast mp parameters
W0509 16:12:03.382411 1285441 nccl_comm_context.cc:70] ncclCommInitRankConfigMemOpt is not supported.
[2026-05-09 16:12:03,739] [    INFO] pipeline_parallel.py:903 - start broadcast sharding parameters
W0509 16:12:03.788837 1285441 nccl_comm_context.cc:70] ncclCommInitRankConfigMemOpt is not supported.
[2026-05-09 16:12:04,060] [    INFO] dygraph_sharding_optimizer.py:618 - init DygraphShardingOptimizerV2
[2026-05-09 16:12:04,066] [    INFO] dygraph_sharding_optimizer.py:899 - Tensor Fusion Color -1 and Group rank: 0, nranks: 2, id: 26, ranks: 0, 4; name: _default_pg26: 
[2026-05-09 16:12:04,068] [    INFO] tensor_fusion_helper.py:107 - Tensor Fusion Group Info:
['group_0: 312.5000 MB, dtype: paddle.float32', 'group_1: 335.0000 MB, dtype: paddle.float32', 'group_2: 270.0000 MB, dtype: paddle.float32', 'group_3: 335.0391 MB, dtype: paddle.float32', 'group_4: 270.0000 MB, dtype: paddle.float32', 'group_5: 335.0391 MB, dtype: paddle.float32', 'group_6: 270.0000 MB, dtype: paddle.float32', 'group_7: 335.0391 MB, dtype: paddle.float32', 'group_8: 270.0000 MB, dtype: paddle.float32', 'group_9: 335.0391 MB, dtype: paddle.float32', 'group_10: 270.0000 MB, dtype: paddle.float32', 'group_11: 335.0391 MB, dtype: paddle.float32', 'group_12: 270.0000 MB, dtype: paddle.float32', 'group_13: 335.0391 MB, dtype: paddle.float32', 'group_14: 270.0000 MB, dtype: paddle.float32', 'group_15: 335.0391 MB, dtype: paddle.float32', 'group_16: 270.0000 MB, dtype: paddle.float32', 'group_17: 335.0391 MB, dtype: paddle.float32', 'group_18: 270.0000 MB, dtype: paddle.float32', 'group_19: 335.0391 MB, dtype: paddle.float32', 'group_20: 270.0000 MB, dtype: paddle.float32', 'group_21: 335.0391 MB, dtype: paddle.float32', 'group_22: 270.0000 MB, dtype: paddle.float32', 'group_23: 335.0391 MB, dtype: paddle.float32', 'group_24: 270.0000 MB, dtype: paddle.float32', 'group_25: 335.0391 MB, dtype: paddle.float32', 'group_26: 270.0000 MB, dtype: paddle.float32', 'group_27: 335.0391 MB, dtype: paddle.float32', 'group_28: 270.0000 MB, dtype: paddle.float32', 'group_29: 335.0391 MB, dtype: paddle.float32', 'group_30: 270.0000 MB, dtype: paddle.float32', 'group_31: 335.0391 MB, dtype: paddle.float32', 'group_32: 270.0000 MB, dtype: paddle.float32', 'group_33: 335.0391 MB, dtype: paddle.float32', 'group_34: 270.0000 MB, dtype: paddle.float32', 'group_35: 335.0391 MB, dtype: paddle.float32', 'group_36: 270.0000 MB, dtype: paddle.float32', 'group_37: 335.0391 MB, dtype: paddle.float32', 'group_38: 270.0000 MB, dtype: paddle.float32', 'group_39: 335.0391 MB, dtype: paddle.float32', 'group_40: 270.0000 MB, dtype: paddle.float32', 'group_41: 0.0391 MB, dtype: paddle.float32']

[2026-05-09 16:12:04,177] [ WARNING] hybrid_parallel_optimizer.py:332 - While using ClipGradByGlobalNorm in TensorParallel, PipelineParallel or Sharding, the grad clip of original optimizer will be changed.
[35m[2026-05-09 16:12:04,180] [   DEBUG][0m -   Number of trainable parameters = 3,254,067,200 (per device)[0m
[35m[2026-05-09 16:12:04,262] [   DEBUG][0m -   Number of trainable parameters = 13,016,279,040 (all devices, roughly)[0m

TrainProcess:   0%|          | 0/150 [00:00<?, ?it/s]W0509 16:12:09.005817 1285441 nccl_comm_context.cc:70] ncclCommInitRankConfigMemOpt is not supported.
W0509 16:12:22.310515 1285441 nccl_comm_context.cc:70] ncclCommInitRankConfigMemOpt is not supported.

TrainProcess:   1%|          | 1/150 [00:18<46:56, 18.90s/it][32m[2026-05-09 16:12:23,348] [    INFO][0m - loss: 11.29278564, learning_rate: 1e-05, global_step: 1, current_memory_allocated: 36.367037296295166, current_memory_reserved: 52.92118239402771, max_memory_allocated: 36.3670392036438, max_memory_reserved: 52.92118239402771, interval_runtime: 19.0694, interval_samples_per_second: 0.4195, interval_steps_per_second: 0.0524, global_norm: 14.628827095031738, ppl: 80240.65936401114, progress_or_epoch: 0.0067, cpu_used_memory: 80.26, cpu_available_memory: 422.92[0m
[32m[2026-05-09 16:12:23,348] [    INFO][0m - [DataLoad global_step: 1] data_load_time: 420.20 ms (accumulated over 4 micro-batches)[0m

TrainProcess:   1%|▏         | 2/150 [00:28<33:04, 13.41s/it][32m[2026-05-09 16:12:32,823] [    INFO][0m - loss: 11.33992577, learning_rate: 2e-05, global_step: 2, current_memory_allocated: 36.367037296295166, current_memory_reserved: 52.92118239402771, max_memory_allocated: 44.03878998756409, max_memory_reserved: 52.92118239402771, interval_runtime: 9.4736, interval_samples_per_second: 0.8445, interval_steps_per_second: 0.1056, global_norm: 13.166711807250977, ppl: 84113.78714166774, progress_or_epoch: 0.0133, cpu_used_memory: 80.21, cpu_available_memory: 422.97[0m
[32m[2026-05-09 16:12:32,824] [    INFO][0m - [DataLoad global_step: 2] data_load_time: 0.34 ms (accumulated over 4 micro-batches)[0m

TrainProcess:   2%|▏         | 3/150 [00:37<28:24, 11.60s/it][32m[2026-05-09 16:12:42,269] [    INFO][0m - loss: 10.66150475, learning_rate: 3e-05, global_step: 3, current_memory_allocated: 36.367037296295166, current_memory_reserved: 52.92118239402771, max_memory_allocated: 44.03878998756409, max_memory_reserved: 52.92118239402771, interval_runtime: 9.4429, interval_samples_per_second: 0.8472, interval_steps_per_second: 0.1059, global_norm: 46.4720573425293, ppl: 42680.81283059838, progress_or_epoch: 0.02, cpu_used_memory: 80.21, cpu_available_memory: 422.98[0m
[32m[2026-05-09 16:12:42,270] [    INFO][0m - [DataLoad global_step: 3] data_load_time: 1.65 ms (accumulated over 4 micro-batches)[0m

TrainProcess:   3%|▎         | 4/150 [00:47<26:08, 10.75s/it][32m[2026-05-09 16:12:51,706] [    INFO][0m - loss: 11.13584614, learning_rate: 4e-05, global_step: 4, current_memory_allocated: 36.367037296295166, current_memory_reserved: 52.92118239402771, max_memory_allocated: 44.03878998756409, max_memory_reserved: 52.92118239402771, interval_runtime: 9.4392, interval_samples_per_second: 0.8475, interval_steps_per_second: 0.1059, global_norm: 46.57050704956055, ppl: 68586.16657818687, progress_or_epoch: 0.0267, cpu_used_memory: 80.18, cpu_available_memory: 423.01[0m
[32m[2026-05-09 16:12:51,706] [    INFO][0m - [DataLoad global_step: 4] data_load_time: 0.25 ms (accumulated over 4 micro-batches)[0m

TrainProcess:   3%|▎         | 5/150 [00:56<24:49, 10.27s/it][32m[2026-05-09 16:13:01,150] [    INFO][0m - loss: 11.04566383, learning_rate: 5e-05, global_step: 5, current_memory_allocated: 36.367037296295166, current_memory_reserved: 52.92118239402771, max_memory_allocated: 44.03878998756409, max_memory_reserved: 52.92118239402771, interval_runtime: 9.4378, interval_samples_per_second: 0.8477, interval_steps_per_second: 0.106, global_norm: 17.77525520324707, ppl: 62671.609811258124, progress_or_epoch: 0.0333, cpu_used_memory: 80.17, cpu_available_memory: 423.02[0m
[32m[2026-05-09 16:13:01,151] [    INFO][0m - [DataLoad global_step: 5] data_load_time: 0.26 ms (accumulated over 4 micro-batches)[0m

TrainProcess:   4%|▍         | 6/150 [01:06<23:59,  9.99s/it][32m[2026-05-09 16:13:10,599] [    INFO][0m - loss: 11.11046791, learning_rate: 6e-05, global_step: 6, current_memory_allocated: 36.367037296295166, current_memory_reserved: 52.92118239402771, max_memory_allocated: 44.03878998756409, max_memory_reserved: 52.92118239402771, interval_runtime: 9.4437, interval_samples_per_second: 0.8471, interval_steps_per_second: 0.1059, global_norm: 21.272504806518555, ppl: 66867.47202422409, progress_or_epoch: 0.04, cpu_used_memory: 80.21, cpu_available_memory: 422.98[0m
[32m[2026-05-09 16:13:10,599] [    INFO][0m - [DataLoad global_step: 6] data_load_time: 0.38 ms (accumulated over 4 micro-batches)[0m

TrainProcess:   5%|▍         | 7/150 [01:15<23:23,  9.81s/it][32m[2026-05-09 16:13:20,036] [    INFO][0m - loss: 17.5384407, learning_rate: 7e-05, global_step: 7, current_memory_allocated: 36.367037296295166, current_memory_reserved: 52.92118239402771, max_memory_allocated: 44.03878998756409, max_memory_reserved: 52.92118239402771, interval_runtime: 9.4413, interval_samples_per_second: 0.8473, interval_steps_per_second: 0.1059, global_norm: 94.0309829711914, ppl: 41385481.96003324, progress_or_epoch: 0.0467, cpu_used_memory: 80.2, cpu_available_memory: 422.99[0m
[32m[2026-05-09 16:13:20,036] [    INFO][0m - [DataLoad global_step: 7] data_load_time: 0.69 ms (accumulated over 4 micro-batches)[0m

TrainProcess:   5%|▌         | 8/150 [01:25<22:56,  9.69s/it][32m[2026-05-09 16:13:29,469] [    INFO][0m - loss: 16.51138115, learning_rate: 8e-05, global_step: 8, current_memory_allocated: 36.367037296295166, current_memory_reserved: 52.92118239402771, max_memory_allocated: 44.03878998756409, max_memory_reserved: 52.92118239402771, interval_runtime: 9.4323, interval_samples_per_second: 0.8482, interval_steps_per_second: 0.106, global_norm: 73.59957885742188, ppl: 14818413.932404751, progress_or_epoch: 0.0533, cpu_used_memory: 80.18, cpu_available_memory: 423.0[0m
[32m[2026-05-09 16:13:29,469] [    INFO][0m - [DataLoad global_step: 8] data_load_time: 0.33 ms (accumulated over 4 micro-batches)[0m

TrainProcess:   6%|▌         | 9/150 [01:34<22:35,  9.61s/it][32m[2026-05-09 16:13:38,908] [    INFO][0m - loss: 14.88947296, learning_rate: 9e-05, global_step: 9, current_memory_allocated: 36.367037296295166, current_memory_reserved: 52.92118239402771, max_memory_allocated: 44.03878998756409, max_memory_reserved: 52.92118239402771, interval_runtime: 9.4387, interval_samples_per_second: 0.8476, interval_steps_per_second: 0.1059, global_norm: 83.37626647949219, ppl: 2926954.322548552, progress_or_epoch: 0.06, cpu_used_memory: 80.2, cpu_available_memory: 422.99[0m
[32m[2026-05-09 16:13:38,908] [    INFO][0m - [DataLoad global_step: 9] data_load_time: 1.04 ms (accumulated over 4 micro-batches)[0m

TrainProcess:   7%|▋         | 10/150 [01:43<22:18,  9.56s/it][32m[2026-05-09 16:13:48,348] [    INFO][0m - loss: 14.03767681, learning_rate: 0.0001, global_step: 10, current_memory_allocated: 36.367037296295166, current_memory_reserved: 52.92118239402771, max_memory_allocated: 44.03878998756409, max_memory_reserved: 52.92118239402771, interval_runtime: 9.4407, interval_samples_per_second: 0.8474, interval_steps_per_second: 0.1059, global_norm: 26.066837310791016, ppl: 1248778.9726536532, progress_or_epoch: 0.0667, cpu_used_memory: 80.18, cpu_available_memory: 423.01[0m
[32m[2026-05-09 16:13:48,348] [    INFO][0m - [DataLoad global_step: 10] data_load_time: 0.72 ms (accumulated over 4 micro-batches)[0m

TrainProcess:   7%|▋         | 11/150 [01:53<22:03,  9.52s/it][32m[2026-05-09 16:13:57,792] [    INFO][0m - loss: 13.08657837, learning_rate: 9.929e-05, global_step: 11, current_memory_allocated: 36.367037296295166, current_memory_reserved: 52.92118239402771, max_memory_allocated: 44.03878998756409, max_memory_reserved: 52.92118239402771, interval_runtime: 9.4361, interval_samples_per_second: 0.8478, interval_steps_per_second: 0.106, global_norm: 10.07654094696045, ppl: 482423.85314950935, progress_or_epoch: 0.0733, cpu_used_memory: 80.17, cpu_available_memory: 423.02[0m
[32m[2026-05-09 16:13:57,793] [    INFO][0m - [DataLoad global_step: 11] data_load_time: 0.29 ms (accumulated over 4 micro-batches)[0m

TrainProcess:   8%|▊         | 12/150 [02:02<21:50,  9.50s/it][32m[2026-05-09 16:14:07,234] [    INFO][0m - loss: 12.47057343, learning_rate: 9.857e-05, global_step: 12, current_memory_allocated: 36.367037296295166, current_memory_reserved: 52.92118239402771, max_memory_allocated: 44.03878998756409, max_memory_reserved: 52.92118239402771, interval_runtime: 9.4434, interval_samples_per_second: 0.8471, interval_steps_per_second: 0.1059, global_norm: 31.8513126373291, ppl: 260556.08903674976, progress_or_epoch: 0.08, cpu_used_memory: 80.22, cpu_available_memory: 422.97[0m
[32m[2026-05-09 16:14:07,234] [    INFO][0m - [DataLoad global_step: 12] data_load_time: 0.33 ms (accumulated over 4 micro-batches)[0m

TrainProcess:   9%|▊         | 13/150 [02:12<21:38,  9.48s/it][32m[2026-05-09 16:14:16,674] [    INFO][0m - loss: 11.322052, learning_rate: 9.786e-05, global_step: 13, current_memory_allocated: 36.367037296295166, current_memory_reserved: 52.92118239402771, max_memory_allocated: 44.03878998756409, max_memory_reserved: 52.92118239402771, interval_runtime: 9.4366, interval_samples_per_second: 0.8478, interval_steps_per_second: 0.106, global_norm: 22.090421676635742, ppl: 82623.71294767606, progress_or_epoch: 0.0867, cpu_used_memory: 80.21, cpu_available_memory: 422.98[0m
[32m[2026-05-09 16:14:16,674] [    INFO][0m - [DataLoad global_step: 13] data_load_time: 0.38 ms (accumulated over 4 micro-batches)[0m

TrainProcess:   9%|▉         | 14/150 [02:21<21:27,  9.47s/it][32m[2026-05-09 16:14:26,115] [    INFO][0m - loss: 10.79428291, learning_rate: 9.714e-05, global_step: 14, current_memory_allocated: 36.367037296295166, current_memory_reserved: 52.92118239402771, max_memory_allocated: 44.03878998756409, max_memory_reserved: 52.92118239402771, interval_runtime: 9.4402, interval_samples_per_second: 0.8474, interval_steps_per_second: 0.1059, global_norm: 6.233297348022461, ppl: 48741.34440522707, progress_or_epoch: 0.0933, cpu_used_memory: 80.19, cpu_available_memory: 423.0[0m
[32m[2026-05-09 16:14:26,115] [    INFO][0m - [DataLoad global_step: 14] data_load_time: 0.26 ms (accumulated over 4 micro-batches)[0m

TrainProcess:  10%|█         | 15/150 [02:31<21:17,  9.46s/it][32m[2026-05-09 16:14:35,555] [    INFO][0m - loss: 10.14291477, learning_rate: 9.643e-05, global_step: 15, current_memory_allocated: 36.367037296295166, current_memory_reserved: 52.92118239402771, max_memory_allocated: 44.03878998756409, max_memory_reserved: 52.92118239402771, interval_runtime: 9.4412, interval_samples_per_second: 0.8473, interval_steps_per_second: 0.1059, global_norm: 17.622848510742188, ppl: 25410.42419009659, progress_or_epoch: 0.1, cpu_used_memory: 80.21, cpu_available_memory: 422.97[0m
[32m[2026-05-09 16:14:35,556] [    INFO][0m - [DataLoad global_step: 15] data_load_time: 0.27 ms (accumulated over 4 micro-batches)[0m

TrainProcess:  11%|█         | 16/150 [02:40<21:07,  9.46s/it][32m[2026-05-09 16:14:45,001] [    INFO][0m - loss: 10.48777771, learning_rate: 9.571e-05, global_step: 16, current_memory_allocated: 36.367037296295166, current_memory_reserved: 52.92118239402771, max_memory_allocated: 44.03878998756409, max_memory_reserved: 52.92118239402771, interval_runtime: 9.4435, interval_samples_per_second: 0.8471, interval_steps_per_second: 0.1059, global_norm: 30.333698272705078, ppl: 35874.345536123255, progress_or_epoch: 0.1067, cpu_used_memory: 80.19, cpu_available_memory: 422.99[0m
[32m[2026-05-09 16:14:45,002] [    INFO][0m - [DataLoad global_step: 16] data_load_time: 1.34 ms (accumulated over 4 micro-batches)[0m

TrainProcess:  11%|█▏        | 17/150 [02:50<20:56,  9.45s/it][32m[2026-05-09 16:14:54,439] [    INFO][0m - loss: 9.72867966, learning_rate: 9.5e-05, global_step: 17, current_memory_allocated: 36.367037296295166, current_memory_reserved: 52.92118239402771, max_memory_allocated: 44.03878998756409, max_memory_reserved: 52.92118239402771, interval_runtime: 9.4386, interval_samples_per_second: 0.8476, interval_steps_per_second: 0.1059, global_norm: 8.545296669006348, ppl: 16792.366044393708, progress_or_epoch: 0.1133, cpu_used_memory: 80.18, cpu_available_memory: 423.01[0m
[32m[2026-05-09 16:14:54,439] [    INFO][0m - [DataLoad global_step: 17] data_load_time: 0.57 ms (accumulated over 4 micro-batches)[0m

TrainProcess:  12%|█▏        | 18/150 [02:59<20:47,  9.45s/it][32m[2026-05-09 16:15:03,881] [    INFO][0m - loss: 9.6304493, learning_rate: 9.429e-05, global_step: 18, current_memory_allocated: 36.367037296295166, current_memory_reserved: 52.92118239402771, max_memory_allocated: 44.03878998756409, max_memory_reserved: 52.92118239402771, interval_runtime: 9.4435, interval_samples_per_second: 0.8471, interval_steps_per_second: 0.1059, global_norm: 11.028040885925293, ppl: 15221.273489128178, progress_or_epoch: 0.12, cpu_used_memory: 80.22, cpu_available_memory: 422.96[0m
[32m[2026-05-09 16:15:03,881] [    INFO][0m - [DataLoad global_step: 18] data_load_time: 1.63 ms (accumulated over 4 micro-batches)[0m

TrainProcess:  13%|█▎        | 19/150 [03:08<20:37,  9.44s/it][32m[2026-05-09 16:15:13,320] [    INFO][0m - loss: 9.46187782, learning_rate: 9.357e-05, global_step: 19, current_memory_allocated: 36.367037296295166, current_memory_reserved: 52.92118239402771, max_memory_allocated: 44.03878998756409, max_memory_reserved: 52.92118239402771, interval_runtime: 9.4337, interval_samples_per_second: 0.848, interval_steps_per_second: 0.106, global_norm: 392.5509948730469, ppl: 12860.010573604233, progress_or_epoch: 0.1267, cpu_used_memory: 80.21, cpu_available_memory: 422.98[0m
[32m[2026-05-09 16:15:13,321] [    INFO][0m - [DataLoad global_step: 19] data_load_time: 0.35 ms (accumulated over 4 micro-batches)[0m

TrainProcess:  13%|█▎        | 20/150 [03:18<20:27,  9.45s/it][32m[2026-05-09 16:15:22,772] [    INFO][0m - loss: 9.56203175, learning_rate: 9.286e-05, global_step: 20, current_memory_allocated: 36.367037296295166, current_memory_reserved: 52.92118239402771, max_memory_allocated: 44.03878998756409, max_memory_reserved: 52.92118239402771, interval_runtime: 9.4451, interval_samples_per_second: 0.847, interval_steps_per_second: 0.1059, global_norm: 7.1721510887146, ppl: 14214.697592097025, progress_or_epoch: 0.1333, cpu_used_memory: 80.2, cpu_available_memory: 422.98[0m
[32m[2026-05-09 16:15:22,773] [    INFO][0m - [DataLoad global_step: 20] data_load_time: 0.62 ms (accumulated over 4 micro-batches)[0m

TrainProcess:  14%|█▍        | 21/150 [03:27<20:18,  9.45s/it][32m[2026-05-09 16:15:32,213] [    INFO][0m - loss: 9.3030014, learning_rate: 9.214e-05, global_step: 21, current_memory_allocated: 36.367037296295166, current_memory_reserved: 52.92118239402771, max_memory_allocated: 44.03878998756409, max_memory_reserved: 52.92118239402771, interval_runtime: 9.4445, interval_samples_per_second: 0.8471, interval_steps_per_second: 0.1059, global_norm: 5.566551208496094, ppl: 10970.897895380436, progress_or_epoch: 0.14, cpu_used_memory: 80.19, cpu_available_memory: 422.99[0m
[32m[2026-05-09 16:15:32,213] [    INFO][0m - [DataLoad global_step: 21] data_load_time: 2.12 ms (accumulated over 4 micro-batches)[0m

TrainProcess:  15%|█▍        | 22/150 [03:37<20:09,  9.45s/it][32m[2026-05-09 16:15:41,661] [    INFO][0m - loss: 9.26255417, learning_rate: 9.143e-05, global_step: 22, current_memory_allocated: 36.367037296295166, current_memory_reserved: 52.92118239402771, max_memory_allocated: 44.03878998756409, max_memory_reserved: 52.92118239402771, interval_runtime: 9.4484, interval_samples_per_second: 0.8467, interval_steps_per_second: 0.1058, global_norm: 8.057849884033203, ppl: 10536.009762418558, progress_or_epoch: 0.1467, cpu_used_memory: 80.2, cpu_available_memory: 422.99[0m
[32m[2026-05-09 16:15:41,661] [    INFO][0m - [DataLoad global_step: 22] data_load_time: 1.56 ms (accumulated over 4 micro-batches)[0m

TrainProcess:  15%|█▌        | 23/150 [03:46<19:59,  9.45s/it][32m[2026-05-09 16:15:51,105] [    INFO][0m - loss: 8.59823322, learning_rate: 9.071e-05, global_step: 23, current_memory_allocated: 36.367037296295166, current_memory_reserved: 52.92118239402771, max_memory_allocated: 44.03878998756409, max_memory_reserved: 52.92118239402771, interval_runtime: 9.4448, interval_samples_per_second: 0.847, interval_steps_per_second: 0.1059, global_norm: 8.434429168701172, ppl: 5422.071516333855, progress_or_epoch: 0.1533, cpu_used_memory: 79.8, cpu_available_memory: 423.38[0m
[32m[2026-05-09 16:15:51,105] [    INFO][0m - [DataLoad global_step: 23] data_load_time: 0.34 ms (accumulated over 4 micro-batches)[0m

TrainProcess:  16%|█▌        | 24/150 [03:56<19:50,  9.45s/it][32m[2026-05-09 16:16:00,552] [    INFO][0m - loss: 8.35710049, learning_rate: 9e-05, global_step: 24, current_memory_allocated: 36.367037296295166, current_memory_reserved: 52.92118239402771, max_memory_allocated: 44.03878998756409, max_memory_reserved: 52.92118239402771, interval_runtime: 9.446, interval_samples_per_second: 0.8469, interval_steps_per_second: 0.1059, global_norm: 7.673336029052734, ppl: 4260.323988457474, progress_or_epoch: 0.16, cpu_used_memory: 79.79, cpu_available_memory: 423.4[0m
[32m[2026-05-09 16:16:00,552] [    INFO][0m - [DataLoad global_step: 24] data_load_time: 0.28 ms (accumulated over 4 micro-batches)[0m

TrainProcess:  17%|█▋        | 25/150 [04:05<19:40,  9.45s/it][32m[2026-05-09 16:16:10,000] [    INFO][0m - loss: 8.12677574, learning_rate: 8.929e-05, global_step: 25, current_memory_allocated: 36.367037296295166, current_memory_reserved: 52.92118239402771, max_memory_allocated: 44.03878998756409, max_memory_reserved: 52.92118239402771, interval_runtime: 9.4474, interval_samples_per_second: 0.8468, interval_steps_per_second: 0.1058, global_norm: 41.349693298339844, ppl: 3383.8714756635677, progress_or_epoch: 0.1667, cpu_used_memory: 79.83, cpu_available_memory: 423.36[0m
[32m[2026-05-09 16:16:10,000] [    INFO][0m - [DataLoad global_step: 25] data_load_time: 0.27 ms (accumulated over 4 micro-batches)[0m

TrainProcess:  17%|█▋        | 26/150 [04:15<19:31,  9.45s/it][32m[2026-05-09 16:16:19,455] [    INFO][0m - loss: 8.59050369, learning_rate: 8.857e-05, global_step: 26, current_memory_allocated: 36.367037296295166, current_memory_reserved: 52.92118239402771, max_memory_allocated: 44.03878998756409, max_memory_reserved: 52.92118239402771, interval_runtime: 9.4486, interval_samples_per_second: 0.8467, interval_steps_per_second: 0.1058, global_norm: 26.85638999938965, ppl: 5380.3230079177265, progress_or_epoch: 0.1733, cpu_used_memory: 79.81, cpu_available_memory: 423.38[0m
[32m[2026-05-09 16:16:19,455] [    INFO][0m - [DataLoad global_step: 26] data_load_time: 0.62 ms (accumulated over 4 micro-batches)[0m

TrainProcess:  18%|█▊        | 27/150 [04:24<19:22,  9.45s/it][32m[2026-05-09 16:16:28,905] [    INFO][0m - loss: 8.44500351, learning_rate: 8.786e-05, global_step: 27, current_memory_allocated: 36.367037296295166, current_memory_reserved: 52.92118239402771, max_memory_allocated: 44.03878998756409, max_memory_reserved: 52.92118239402771, interval_runtime: 9.4497, interval_samples_per_second: 0.8466, interval_steps_per_second: 0.1058, global_norm: 21.694414138793945, ppl: 4651.772040658903, progress_or_epoch: 0.18, cpu_used_memory: 79.79, cpu_available_memory: 423.39[0m
[32m[2026-05-09 16:16:28,906] [    INFO][0m - [DataLoad global_step: 27] data_load_time: 1.14 ms (accumulated over 4 micro-batches)[0m

TrainProcess:  19%|█▊        | 28/150 [04:33<19:12,  9.45s/it][32m[2026-05-09 16:16:38,348] [    INFO][0m - loss: 8.60172653, learning_rate: 8.714e-05, global_step: 28, current_memory_allocated: 36.367037296295166, current_memory_reserved: 52.92118239402771, max_memory_allocated: 44.03878998756409, max_memory_reserved: 52.92118239402771, interval_runtime: 9.4446, interval_samples_per_second: 0.847, interval_steps_per_second: 0.1059, global_norm: 22.854883193969727, ppl: 5441.045614891289, progress_or_epoch: 0.1867, cpu_used_memory: 79.79, cpu_available_memory: 423.39[0m
[32m[2026-05-09 16:16:38,348] [    INFO][0m - [DataLoad global_step: 28] data_load_time: 0.92 ms (accumulated over 4 micro-batches)[0m

TrainProcess:  19%|█▉        | 29/150 [04:43<19:02,  9.44s/it][32m[2026-05-09 16:16:47,785] [    INFO][0m - loss: 8.26412964, learning_rate: 8.643e-05, global_step: 29, current_memory_allocated: 36.367037296295166, current_memory_reserved: 52.92118239402771, max_memory_allocated: 44.03878998756409, max_memory_reserved: 52.92118239402771, interval_runtime: 9.4357, interval_samples_per_second: 0.8478, interval_steps_per_second: 0.106, global_norm: 16.777429580688477, ppl: 3882.092688790722, progress_or_epoch: 0.1933, cpu_used_memory: 79.78, cpu_available_memory: 423.4[0m
[32m[2026-05-09 16:16:47,785] [    INFO][0m - [DataLoad global_step: 29] data_load_time: 0.36 ms (accumulated over 4 micro-batches)[0m

TrainProcess:  20%|██        | 30/150 [04:52<18:53,  9.45s/it][32m[2026-05-09 16:16:57,235] [    INFO][0m - loss: 8.01279831, learning_rate: 8.571e-05, global_step: 30, current_memory_allocated: 36.367037296295166, current_memory_reserved: 52.92118239402771, max_memory_allocated: 44.03878998756409, max_memory_reserved: 52.92118239402771, interval_runtime: 9.4478, interval_samples_per_second: 0.8468, interval_steps_per_second: 0.1058, global_norm: 7.31788969039917, ppl: 3019.3543919039626, progress_or_epoch: 0.2, cpu_used_memory: 80.16, cpu_available_memory: 423.02[0m
[32m[2026-05-09 16:16:57,236] [    INFO][0m - Saving model checkpoint to ./checkpoints/pt/13b_elastic/checkpoint-30[0m
[32m[2026-05-09 16:16:57,375] [    INFO][0m - filter sharded_params not placed in sharding_rank 0 .[0m
[35m[2026-05-09 16:16:57,378] [   DEBUG][0m - param_names_in_master_weights:[], state_param_names:['embedding_0.w_0', 'linear_1.w_0', 'linear_3.w_0', 'linear_5.w_0', 'create_parameter_0.w_0', 'linear_7.w_0', 'linear_9.w_0', 'linear_11.w_0', 'linear_13.w_0', 'create_parameter_3.w_0', 'linear_15.w_0', 'linear_17.w_0', 'linear_19.w_0', 'create_parameter_4.w_0', 'linear_21.w_0', 'linear_23.w_0', 'linear_25.w_0', 'linear_27.w_0', 'create_parameter_7.w_0', 'linear_29.w_0', 'linear_31.w_0', 'linear_33.w_0', 'create_parameter_8.w_0', 'linear_35.w_0', 'linear_37.w_0', 'linear_39.w_0', 'linear_41.w_0', 'create_parameter_11.w_0', 'linear_43.w_0', 'linear_45.w_0', 'linear_47.w_0', 'create_parameter_12.w_0', 'linear_49.w_0', 'linear_51.w_0', 'linear_53.w_0', 'linear_55.w_0', 'create_parameter_15.w_0', 'linear_57.w_0', 'linear_59.w_0', 'linear_61.w_0', 'create_parameter_16.w_0', 'linear_63.w_0', 'linear_65.w_0', 'linear_67.w_0', 'linear_69.w_0', 'create_parameter_19.w_0', 'linear_71.w_0', 'linear_73.w_0', 'linear_75.w_0', 'create_parameter_20.w_0', 'linear_77.w_0', 'linear_79.w_0', 'linear_81.w_0', 'linear_83.w_0', 'create_parameter_23.w_0', 'linear_85.w_0', 'linear_87.w_0', 'linear_89.w_0', 'create_parameter_24.w_0', 'linear_91.w_0', 'linear_93.w_0', 'linear_95.w_0', 'linear_97.w_0', 'create_parameter_27.w_0', 'linear_99.w_0', 'linear_101.w_0', 'linear_103.w_0', 'create_parameter_28.w_0', 'linear_105.w_0', 'linear_107.w_0', 'linear_109.w_0', 'linear_111.w_0', 'create_parameter_31.w_0', 'linear_113.w_0', 'linear_115.w_0', 'linear_117.w_0', 'create_parameter_32.w_0', 'linear_119.w_0', 'linear_121.w_0', 'linear_123.w_0', 'linear_125.w_0', 'create_parameter_35.w_0', 'linear_127.w_0', 'linear_129.w_0', 'linear_131.w_0', 'create_parameter_36.w_0', 'linear_133.w_0', 'linear_135.w_0', 'linear_137.w_0', 'linear_139.w_0', 'create_parameter_39.w_0'][0m
[32m[2026-05-09 16:16:57,381] [    INFO][0m - sharding_group_param_names:set()[0m
[32m[2026-05-09 16:16:57,381] [    INFO][0m - param_names_in_master_weights len:0, bf16 state_dict len:91, :odict_keys(['model.embed_tokens.weight', 'model.layers.0.self_attn.k_proj.weight', 'model.layers.0.self_attn.o_proj.weight', 'model.layers.0.mlp.up_proj.weight', 'model.layers.0.input_layernorm.weight', 'model.layers.1.self_attn.q_proj.weight', 'model.layers.1.self_attn.v_proj.weight', 'model.layers.1.mlp.gate_proj.weight', 'model.layers.1.mlp.down_proj.weight', 'model.layers.1.post_attention_layernorm.weight', 'model.layers.2.self_attn.k_proj.weight', 'model.layers.2.self_attn.o_proj.weight', 'model.layers.2.mlp.up_proj.weight', 'model.layers.2.input_layernorm.weight', 'model.layers.3.self_attn.q_proj.weight', 'model.layers.3.self_attn.v_proj.weight', 'model.layers.3.mlp.gate_proj.weight', 'model.layers.3.mlp.down_proj.weight', 'model.layers.3.post_attention_layernorm.weight', 'model.layers.4.self_attn.k_proj.weight', 'model.layers.4.self_attn.o_proj.weight', 'model.layers.4.mlp.up_proj.weight', 'model.layers.4.input_layernorm.weight', 'model.layers.5.self_attn.q_proj.weight', 'model.layers.5.self_attn.v_proj.weight', 'model.layers.5.mlp.gate_proj.weight', 'model.layers.5.mlp.down_proj.weight', 'model.layers.5.post_attention_layernorm.weight', 'model.layers.6.self_attn.k_proj.weight', 'model.layers.6.self_attn.o_proj.weight', 'model.layers.6.mlp.up_proj.weight', 'model.layers.6.input_layernorm.weight', 'model.layers.7.self_attn.q_proj.weight', 'model.layers.7.self_attn.v_proj.weight', 'model.layers.7.mlp.gate_proj.weight', 'model.layers.7.mlp.down_proj.weight', 'model.layers.7.post_attention_layernorm.weight', 'model.layers.8.self_attn.k_proj.weight', 'model.layers.8.self_attn.o_proj.weight', 'model.layers.8.mlp.up_proj.weight', 'model.layers.8.input_layernorm.weight', 'model.layers.9.self_attn.q_proj.weight', 'model.layers.9.self_attn.v_proj.weight', 'model.layers.9.mlp.gate_proj.weight', 'model.layers.9.mlp.down_proj.weight', 'model.layers.9.post_attention_layernorm.weight', 'model.layers.10.self_attn.k_proj.weight', 'model.layers.10.self_attn.o_proj.weight', 'model.layers.10.mlp.up_proj.weight', 'model.layers.10.input_layernorm.weight', 'model.layers.11.self_attn.q_proj.weight', 'model.layers.11.self_attn.v_proj.weight', 'model.layers.11.mlp.gate_proj.weight', 'model.layers.11.mlp.down_proj.weight', 'model.layers.11.post_attention_layernorm.weight', 'model.layers.12.self_attn.k_proj.weight', 'model.layers.12.self_attn.o_proj.weight', 'model.layers.12.mlp.up_proj.weight', 'model.layers.12.input_layernorm.weight', 'model.layers.13.self_attn.q_proj.weight', 'model.layers.13.self_attn.v_proj.weight', 'model.layers.13.mlp.gate_proj.weight', 'model.layers.13.mlp.down_proj.weight', 'model.layers.13.post_attention_layernorm.weight', 'model.layers.14.self_attn.k_proj.weight', 'model.layers.14.self_attn.o_proj.weight', 'model.layers.14.mlp.up_proj.weight', 'model.layers.14.input_layernorm.weight', 'model.layers.15.self_attn.q_proj.weight', 'model.layers.15.self_attn.v_proj.weight', 'model.layers.15.mlp.gate_proj.weight', 'model.layers.15.mlp.down_proj.weight', 'model.layers.15.post_attention_layernorm.weight', 'model.layers.16.self_attn.k_proj.weight', 'model.layers.16.self_attn.o_proj.weight', 'model.layers.16.mlp.up_proj.weight', 'model.layers.16.input_layernorm.weight', 'model.layers.17.self_attn.q_proj.weight', 'model.layers.17.self_attn.v_proj.weight', 'model.layers.17.mlp.gate_proj.weight', 'model.layers.17.mlp.down_proj.weight', 'model.layers.17.post_attention_layernorm.weight', 'model.layers.18.self_attn.k_proj.weight', 'model.layers.18.self_attn.o_proj.weight', 'model.layers.18.mlp.up_proj.weight', 'model.layers.18.input_layernorm.weight', 'model.layers.19.self_attn.q_proj.weight', 'model.layers.19.self_attn.v_proj.weight', 'model.layers.19.mlp.gate_proj.weight', 'model.layers.19.mlp.down_proj.weight', 'model.layers.19.post_attention_layernorm.weight'])[0m
[32m[2026-05-09 16:16:57,391] [    INFO][0m - Configuration saved in ./checkpoints/pt/13b_elastic/checkpoint-30/config.json[0m
[32m[2026-05-09 16:17:43,435] [    INFO][0m - Model weights saved in ./checkpoints/pt/13b_elastic/checkpoint-30/model_state.tp00_pp00_shard00.pdparams[0m
[32m[2026-05-09 16:17:45,935] [    INFO][0m - Saving optimizer files.[0m
[32m[2026-05-09 16:19:22,077] [    INFO][0m - global_save_step: 30, progress_or_epoch: 0.2, cpu_used_memory: 92.65, cpu_available_memory: 410.53[0m
[32m[2026-05-09 16:19:22,077] [    INFO][0m - [timelog] checkpoint saving time: 144.66s (2026-05-09 16:19:22) [0m
[32m[2026-05-09 16:19:22,078] [    INFO][0m - [DataLoad global_step: 30] data_load_time: 0.56 ms (accumulated over 4 micro-batches)[0m
