NODE=node109 RANK=0 NNODES=2 MASTER_ADDR=10.16.1.109 MASTER_PORT=29500 CUDA_VISIBLE_DEVICES=0,1,2,3,4,5,6,7 PYTHONPATH=/public/home/baidu_test/hygon_2030/llama2-dcu-pretrain/../Paddle/build/python TRAIN_ARGS=
NODE=node110 RANK=1 NNODES=2 MASTER_ADDR=10.16.1.109 MASTER_PORT=29500 CUDA_VISIBLE_DEVICES=0,1,2,3,4,5,6,7 PYTHONPATH=/public/home/baidu_test/hygon_2030/llama2-dcu-pretrain/../Paddle/build/python TRAIN_ARGS=
PyTorch was not found. Models won't be available and only tokenizers, configuration and file/data utilities can be used.
[33m[2026-04-17 13:38:42,192] [ WARNING][0m - Due to potential compatibility issues between PaddlePaddle and PyTorch in PaddleFormers, PaddleFormers defaults `transformers.utils.import_utils.is_torch_available` and `transformers.utils.import_utils.is_torchvision_available` to False. If you need to use PyTorch in transformers or torchvision, please add `del sys.modules['transformers']` before using them.[0m
/public/home/baidu_test/hygon_2030/py310/lib/python3.10/site-packages/_distutils_hack/__init__.py:33: UserWarning: Setuptools is replacing distutils.
  warnings.warn("Setuptools is replacing distutils.")
PyTorch was not found. Models won't be available and only tokenizers, configuration and file/data utilities can be used.
[33m[2026-04-17 13:38:42,265] [ WARNING][0m - Due to potential compatibility issues between PaddlePaddle and PyTorch in PaddleFormers, PaddleFormers defaults `transformers.utils.import_utils.is_torch_available` and `transformers.utils.import_utils.is_torchvision_available` to False. If you need to use PyTorch in transformers or torchvision, please add `del sys.modules['transformers']` before using them.[0m
/public/home/baidu_test/hygon_2030/py310/lib/python3.10/site-packages/_distutils_hack/__init__.py:33: UserWarning: Setuptools is replacing distutils.
  warnings.warn("Setuptools is replacing distutils.")
PyTorch was not found. Models won't be available and only tokenizers, configuration and file/data utilities can be used.
PyTorch was not found. Models won't be available and only tokenizers, configuration and file/data utilities can be used.
/public/home/baidu_test/hygon_2030/Paddle/build/python/paddle/distributed/launch/context/args_envs.py:54: UserWarning: Unset 'http_proxy' to ensure stable NCCL communication in distributed training (backed up as 'http_proxy_original').
  warnings.warn(
/public/home/baidu_test/hygon_2030/Paddle/build/python/paddle/distributed/launch/context/args_envs.py:54: UserWarning: Unset 'https_proxy' to ensure stable NCCL communication in distributed training (backed up as 'https_proxy_original').
  warnings.warn(
LAUNCH INFO 2026-04-17 13:38:47,268 -----------  Configuration  ----------------------
LAUNCH INFO 2026-04-17 13:38:47,268 auto_cluster_config: 0
LAUNCH INFO 2026-04-17 13:38:47,268 auto_parallel_config: None
LAUNCH INFO 2026-04-17 13:38:47,268 auto_tuner_json: None
LAUNCH INFO 2026-04-17 13:38:47,268 devices: 0,1,2,3,4,5,6,7
LAUNCH INFO 2026-04-17 13:38:47,268 elastic_level: -1
LAUNCH INFO 2026-04-17 13:38:47,268 elastic_timeout: 30
LAUNCH INFO 2026-04-17 13:38:47,268 enable_gpu_log: True
LAUNCH INFO 2026-04-17 13:38:47,268 gloo_port: 6767
LAUNCH INFO 2026-04-17 13:38:47,268 host: None
LAUNCH INFO 2026-04-17 13:38:47,269 ips: None
LAUNCH INFO 2026-04-17 13:38:47,269 job_id: default
LAUNCH INFO 2026-04-17 13:38:47,269 legacy: False
LAUNCH INFO 2026-04-17 13:38:47,269 log_dir: logs/pt/52b.dist
LAUNCH INFO 2026-04-17 13:38:47,269 log_level: INFO
LAUNCH INFO 2026-04-17 13:38:47,269 log_overwrite: False
LAUNCH INFO 2026-04-17 13:38:47,269 master: 10.16.1.109:29500
LAUNCH INFO 2026-04-17 13:38:47,269 max_restart: 3
LAUNCH INFO 2026-04-17 13:38:47,269 nnodes: 2
LAUNCH INFO 2026-04-17 13:38:47,269 nproc_per_node: None
LAUNCH INFO 2026-04-17 13:38:47,269 rank: 1
LAUNCH INFO 2026-04-17 13:38:47,269 run_mode: collective
LAUNCH INFO 2026-04-17 13:38:47,269 server_num: None
LAUNCH INFO 2026-04-17 13:38:47,269 servers: 
LAUNCH INFO 2026-04-17 13:38:47,269 sort_ip: False
LAUNCH INFO 2026-04-17 13:38:47,269 start_port: 6070
LAUNCH INFO 2026-04-17 13:38:47,269 trainer_num: None
LAUNCH INFO 2026-04-17 13:38:47,269 trainers: 
LAUNCH INFO 2026-04-17 13:38:47,269 training_script: /public/home/baidu_test/hygon_2030/PaddleFormers/paddleformers/cli/launcher.py
LAUNCH INFO 2026-04-17 13:38:47,269 training_script_args: ['train', 'configs/pt/train_52b.yaml']
LAUNCH INFO 2026-04-17 13:38:47,269 with_gloo: 1
LAUNCH INFO 2026-04-17 13:38:47,269 --------------------------------------------------
LAUNCH INFO 2026-04-17 13:38:47,269 Job: default, mode collective, replicas 2[2:2], elastic False
LAUNCH INFO 2026-04-17 13:38:47,269 Waiting peer start...
/public/home/baidu_test/hygon_2030/Paddle/build/python/paddle/distributed/launch/context/args_envs.py:54: UserWarning: Unset 'http_proxy' to ensure stable NCCL communication in distributed training (backed up as 'http_proxy_original').
  warnings.warn(
/public/home/baidu_test/hygon_2030/Paddle/build/python/paddle/distributed/launch/context/args_envs.py:54: UserWarning: Unset 'https_proxy' to ensure stable NCCL communication in distributed training (backed up as 'https_proxy_original').
  warnings.warn(
LAUNCH INFO 2026-04-17 13:38:47,501 -----------  Configuration  ----------------------
LAUNCH INFO 2026-04-17 13:38:47,501 auto_cluster_config: 0
LAUNCH INFO 2026-04-17 13:38:47,501 auto_parallel_config: None
LAUNCH INFO 2026-04-17 13:38:47,501 auto_tuner_json: None
LAUNCH INFO 2026-04-17 13:38:47,501 devices: 0,1,2,3,4,5,6,7
LAUNCH INFO 2026-04-17 13:38:47,501 elastic_level: -1
LAUNCH INFO 2026-04-17 13:38:47,501 elastic_timeout: 30
LAUNCH INFO 2026-04-17 13:38:47,501 enable_gpu_log: True
LAUNCH INFO 2026-04-17 13:38:47,501 gloo_port: 6767
LAUNCH INFO 2026-04-17 13:38:47,501 host: None
LAUNCH INFO 2026-04-17 13:38:47,501 ips: None
LAUNCH INFO 2026-04-17 13:38:47,501 job_id: default
LAUNCH INFO 2026-04-17 13:38:47,501 legacy: False
LAUNCH INFO 2026-04-17 13:38:47,501 log_dir: logs/pt/52b.dist
LAUNCH INFO 2026-04-17 13:38:47,501 log_level: INFO
LAUNCH INFO 2026-04-17 13:38:47,501 log_overwrite: False
LAUNCH INFO 2026-04-17 13:38:47,501 master: 10.16.1.109:29500
LAUNCH INFO 2026-04-17 13:38:47,501 max_restart: 3
LAUNCH INFO 2026-04-17 13:38:47,501 nnodes: 2
LAUNCH INFO 2026-04-17 13:38:47,501 nproc_per_node: None
LAUNCH INFO 2026-04-17 13:38:47,501 rank: 0
LAUNCH INFO 2026-04-17 13:38:47,501 run_mode: collective
LAUNCH INFO 2026-04-17 13:38:47,501 server_num: None
LAUNCH INFO 2026-04-17 13:38:47,501 servers: 
LAUNCH INFO 2026-04-17 13:38:47,501 sort_ip: False
LAUNCH INFO 2026-04-17 13:38:47,501 start_port: 6070
LAUNCH INFO 2026-04-17 13:38:47,501 trainer_num: None
LAUNCH INFO 2026-04-17 13:38:47,501 trainers: 
LAUNCH INFO 2026-04-17 13:38:47,501 training_script: /public/home/baidu_test/hygon_2030/PaddleFormers/paddleformers/cli/launcher.py
LAUNCH INFO 2026-04-17 13:38:47,501 training_script_args: ['train', 'configs/pt/train_52b.yaml']
LAUNCH INFO 2026-04-17 13:38:47,501 with_gloo: 1
LAUNCH INFO 2026-04-17 13:38:47,501 --------------------------------------------------
LAUNCH INFO 2026-04-17 13:38:47,501 Job: default, mode collective, replicas 2[2:2], elastic False
LAUNCH INFO 2026-04-17 13:38:47,502 Waiting peer start...
[2026-04-17 13:38:48,252] [    INFO] _client.py:1025 - HTTP Request: GET http://10.16.1.109:29500/healthy "HTTP/1.0 200 OK"
[2026-04-17 13:38:48,262] [    INFO] _client.py:1025 - HTTP Request: POST http://10.16.1.109:29500/default/info/lwatzh/1 "HTTP/1.0 200 OK"
[2026-04-17 13:38:48,271] [    INFO] _client.py:1025 - HTTP Request: GET http://10.16.1.109:29500/default/info "HTTP/1.0 200 OK"
[2026-04-17 13:38:48,335] [    INFO] _client.py:1025 - HTTP Request: GET http://10.16.1.109:29500/healthy "HTTP/1.0 200 OK"
[2026-04-17 13:38:48,344] [    INFO] _client.py:1025 - HTTP Request: POST http://10.16.1.109:29500/default/info/ackmqx/0 "HTTP/1.0 200 OK"
[2026-04-17 13:38:48,353] [    INFO] _client.py:1025 - HTTP Request: GET http://10.16.1.109:29500/default/info "HTTP/1.0 200 OK"
LAUNCH INFO 2026-04-17 13:38:48,358 Run Pod: ackmqx, replicas 8, status ready
LAUNCH INFO 2026-04-17 13:38:48,575 Watching Pod: ackmqx, replicas 8, status running
[2026-04-17 13:38:48,781] [    INFO] _client.py:1025 - HTTP Request: POST http://10.16.1.109:29500/default/info/lwatzh/1 "HTTP/1.0 200 OK"
[2026-04-17 13:38:48,790] [    INFO] _client.py:1025 - HTTP Request: GET http://10.16.1.109:29500/default/info "HTTP/1.0 200 OK"
LAUNCH INFO 2026-04-17 13:38:48,798 Run Pod: lwatzh, replicas 8, status ready
LAUNCH INFO 2026-04-17 13:38:49,027 Watching Pod: lwatzh, replicas 8, status running
PyTorch was not found. Models won't be available and only tokenizers, configuration and file/data utilities can be used.
[33m[2026-04-17 13:38:52,554] [ WARNING][0m - Due to potential compatibility issues between PaddlePaddle and PyTorch in PaddleFormers, PaddleFormers defaults `transformers.utils.import_utils.is_torch_available` and `transformers.utils.import_utils.is_torchvision_available` to False. If you need to use PyTorch in transformers or torchvision, please add `del sys.modules['transformers']` before using them.[0m
/public/home/baidu_test/hygon_2030/py310/lib/python3.10/site-packages/_distutils_hack/__init__.py:33: UserWarning: Setuptools is replacing distutils.
  warnings.warn("Setuptools is replacing distutils.")
PyTorch was not found. Models won't be available and only tokenizers, configuration and file/data utilities can be used.
[33m[2026-04-17 13:38:52,554] [ WARNING][0m - Due to potential compatibility issues between PaddlePaddle and PyTorch in PaddleFormers, PaddleFormers defaults `transformers.utils.import_utils.is_torch_available` and `transformers.utils.import_utils.is_torchvision_available` to False. If you need to use PyTorch in transformers or torchvision, please add `del sys.modules['transformers']` before using them.[0m
/public/home/baidu_test/hygon_2030/py310/lib/python3.10/site-packages/_distutils_hack/__init__.py:33: UserWarning: Setuptools is replacing distutils.
  warnings.warn("Setuptools is replacing distutils.")
PyTorch was not found. Models won't be available and only tokenizers, configuration and file/data utilities can be used.
[33m[2026-04-17 13:38:52,618] [ WARNING][0m - Due to potential compatibility issues between PaddlePaddle and PyTorch in PaddleFormers, PaddleFormers defaults `transformers.utils.import_utils.is_torch_available` and `transformers.utils.import_utils.is_torchvision_available` to False. If you need to use PyTorch in transformers or torchvision, please add `del sys.modules['transformers']` before using them.[0m
/public/home/baidu_test/hygon_2030/py310/lib/python3.10/site-packages/_distutils_hack/__init__.py:33: UserWarning: Setuptools is replacing distutils.
  warnings.warn("Setuptools is replacing distutils.")
PyTorch was not found. Models won't be available and only tokenizers, configuration and file/data utilities can be used.
PyTorch was not found. Models won't be available and only tokenizers, configuration and file/data utilities can be used.
[33m[2026-04-17 13:38:52,618] [ WARNING][0m - Due to potential compatibility issues between PaddlePaddle and PyTorch in PaddleFormers, PaddleFormers defaults `transformers.utils.import_utils.is_torch_available` and `transformers.utils.import_utils.is_torchvision_available` to False. If you need to use PyTorch in transformers or torchvision, please add `del sys.modules['transformers']` before using them.[0m
/public/home/baidu_test/hygon_2030/py310/lib/python3.10/site-packages/_distutils_hack/__init__.py:33: UserWarning: Setuptools is replacing distutils.
  warnings.warn("Setuptools is replacing distutils.")
PyTorch was not found. Models won't be available and only tokenizers, configuration and file/data utilities can be used.
PyTorch was not found. Models won't be available and only tokenizers, configuration and file/data utilities can be used.
PyTorch was not found. Models won't be available and only tokenizers, configuration and file/data utilities can be used.
[32m[2026-04-17 13:38:55,431] [    INFO][0m - user has defined resume_from_checkpoint: None[0m
[32m[2026-04-17 13:38:55,436] [    INFO][0m - fa_version = 2 set FLAGS_flash_attn_version to 2[0m
[33m[2026-04-17 13:38:55,437] [ WARNING][0m - sharding_parallel_size=1 means no sharding, please set sharding to empty![0m
[2026-04-17 13:38:55,439] [    INFO] distributed_strategy.py:341 - distributed strategy initialized
[32m[2026-04-17 13:38:55,440] [    INFO][0m - PP configs:{'micro_batch_size': 1, 'accumulate_steps': 4, 'schedule_mode': '1F1B', 'p2p_cache_shape': True, 'enable_partial_send_recv': True}, use master_grad: True[0m
[33m[2026-04-17 13:38:55,441] [ WARNING][0m - In pipeline model, the evaluation also shares same setting with training. We will enforce that per_device_eval_batch_size=per_device_train_batch_size.[0m
[32m[2026-04-17 13:38:55,442] [    INFO][0m - using pipeline configs:{'delay_scale_loss': True, 'dp_comm_overlap': False, 'sharding_comm_overlap': False, 'enable_timer': False, 'release_gradients': False, 'overlap_p2p_comm': False, 'clear_every_step_cache': False, 'use_batch_p2p_comm': True, 'best_unbalanced_scheduler': False, 'enable_offload_queue': False, 'use_dualpipev': False, 'forward_backward_overlap_scheduler': False, 'enable_dynamic_shape': False}[0m
======================= Modified FLAGS detected =======================
FLAGS(name='FLAGS_nccl_dir', current_value='/public/home/baidu_test/hygon_2030/Paddle/build/python/paddle/../nvidia/nccl/lib', default_value='')
FLAGS(name='FLAGS_cupti_dir', current_value='/public/home/baidu_test/hygon_2030/Paddle/build/python/paddle/../nvidia/cuda_cupti/lib', default_value='')
FLAGS(name='FLAGS_cublas_dir', current_value='/public/home/baidu_test/hygon_2030/Paddle/build/python/paddle/../nvidia/cublas/lib', default_value='')
FLAGS(name='FLAGS_cusolver_dir', current_value='/public/home/baidu_test/hygon_2030/Paddle/build/python/paddle/../nvidia/cusolver/lib', default_value='')
FLAGS(name='FLAGS_cudnn_dir', current_value='/public/home/baidu_test/hygon_2030/Paddle/build/python/paddle/../nvidia/cudnn/lib', default_value='')
FLAGS(name='FLAGS_enable_pir_in_executor', current_value=True, default_value=False)
FLAGS(name='FLAGS_curand_dir', current_value='/public/home/baidu_test/hygon_2030/Paddle/build/python/paddle/../nvidia/curand/lib', default_value='')
FLAGS(name='FLAGS_selected_gpus', current_value='0', default_value='')
FLAGS(name='FLAGS_cusparse_dir', current_value='/public/home/baidu_test/hygon_2030/Paddle/build/python/paddle/../nvidia/cusparse/lib', default_value='')
FLAGS(name='FLAGS_nvidia_package_dir', current_value='/public/home/baidu_test/hygon_2030/Paddle/build/python/paddle/../nvidia', default_value='')
=======================================================================
I0417 13:38:55.470616 44663 tcp_utils.cc:109] Retry to connect to 10.16.1.109:61846 while the server is not yet listening.
[32m[2026-04-17 13:38:55,587] [    INFO][0m - user has defined resume_from_checkpoint: None[0m
[32m[2026-04-17 13:38:55,591] [    INFO][0m - fa_version = 2 set FLAGS_flash_attn_version to 2[0m
[33m[2026-04-17 13:38:55,624] [ WARNING][0m - sharding_parallel_size=1 means no sharding, please set sharding to empty![0m
[2026-04-17 13:38:55,625] [    INFO] distributed_strategy.py:341 - distributed strategy initialized
[32m[2026-04-17 13:38:55,627] [    INFO][0m - PP configs:{'micro_batch_size': 1, 'accumulate_steps': 4, 'schedule_mode': '1F1B', 'p2p_cache_shape': True, 'enable_partial_send_recv': True}, use master_grad: True[0m
[33m[2026-04-17 13:38:55,628] [ WARNING][0m - In pipeline model, the evaluation also shares same setting with training. We will enforce that per_device_eval_batch_size=per_device_train_batch_size.[0m
[32m[2026-04-17 13:38:55,630] [    INFO][0m - using pipeline configs:{'delay_scale_loss': True, 'dp_comm_overlap': False, 'sharding_comm_overlap': False, 'enable_timer': False, 'release_gradients': False, 'overlap_p2p_comm': False, 'clear_every_step_cache': False, 'use_batch_p2p_comm': True, 'best_unbalanced_scheduler': False, 'enable_offload_queue': False, 'use_dualpipev': False, 'forward_backward_overlap_scheduler': False, 'enable_dynamic_shape': False}[0m
======================= Modified FLAGS detected =======================
FLAGS(name='FLAGS_nvidia_package_dir', current_value='/public/home/baidu_test/hygon_2030/Paddle/build/python/paddle/../nvidia', default_value='')
FLAGS(name='FLAGS_curand_dir', current_value='/public/home/baidu_test/hygon_2030/Paddle/build/python/paddle/../nvidia/curand/lib', default_value='')
FLAGS(name='FLAGS_cudnn_dir', current_value='/public/home/baidu_test/hygon_2030/Paddle/build/python/paddle/../nvidia/cudnn/lib', default_value='')
FLAGS(name='FLAGS_selected_gpus', current_value='0', default_value='')
FLAGS(name='FLAGS_cublas_dir', current_value='/public/home/baidu_test/hygon_2030/Paddle/build/python/paddle/../nvidia/cublas/lib', default_value='')
FLAGS(name='FLAGS_cusolver_dir', current_value='/public/home/baidu_test/hygon_2030/Paddle/build/python/paddle/../nvidia/cusolver/lib', default_value='')
FLAGS(name='FLAGS_enable_pir_in_executor', current_value=True, default_value=False)
FLAGS(name='FLAGS_nccl_dir', current_value='/public/home/baidu_test/hygon_2030/Paddle/build/python/paddle/../nvidia/nccl/lib', default_value='')
FLAGS(name='FLAGS_cusparse_dir', current_value='/public/home/baidu_test/hygon_2030/Paddle/build/python/paddle/../nvidia/cusparse/lib', default_value='')
FLAGS(name='FLAGS_cupti_dir', current_value='/public/home/baidu_test/hygon_2030/Paddle/build/python/paddle/../nvidia/cuda_cupti/lib', default_value='')
=======================================================================
I0417 13:38:55.708211  9735 tcp_store.cc:336] create libuv server at port: 61846
I0417 13:38:55.709869  9735 tcp_utils.cc:132] Successfully connected to 10.16.1.109:61846
[32m[2026-04-17 13:38:55,431] [    INFO][0m - user has defined resume_from_checkpoint: None[0m
[32m[2026-04-17 13:38:55,436] [    INFO][0m - fa_version = 2 set FLAGS_flash_attn_version to 2[0m
[33m[2026-04-17 13:38:55,437] [ WARNING][0m - sharding_parallel_size=1 means no sharding, please set sharding to empty![0m
[2026-04-17 13:38:55,439] [    INFO] distributed_strategy.py:341 - distributed strategy initialized
[32m[2026-04-17 13:38:55,440] [    INFO][0m - PP configs:{'micro_batch_size': 1, 'accumulate_steps': 4, 'schedule_mode': '1F1B', 'p2p_cache_shape': True, 'enable_partial_send_recv': True}, use master_grad: True[0m
[33m[2026-04-17 13:38:55,441] [ WARNING][0m - In pipeline model, the evaluation also shares same setting with training. We will enforce that per_device_eval_batch_size=per_device_train_batch_size.[0m
[32m[2026-04-17 13:38:55,442] [    INFO][0m - using pipeline configs:{'delay_scale_loss': True, 'dp_comm_overlap': False, 'sharding_comm_overlap': False, 'enable_timer': False, 'release_gradients': False, 'overlap_p2p_comm': False, 'clear_every_step_cache': False, 'use_batch_p2p_comm': True, 'best_unbalanced_scheduler': False, 'enable_offload_queue': False, 'use_dualpipev': False, 'forward_backward_overlap_scheduler': False, 'enable_dynamic_shape': False}[0m
======================= Modified FLAGS detected =======================
FLAGS(name='FLAGS_nccl_dir', current_value='/public/home/baidu_test/hygon_2030/Paddle/build/python/paddle/../nvidia/nccl/lib', default_value='')
FLAGS(name='FLAGS_cupti_dir', current_value='/public/home/baidu_test/hygon_2030/Paddle/build/python/paddle/../nvidia/cuda_cupti/lib', default_value='')
FLAGS(name='FLAGS_cublas_dir', current_value='/public/home/baidu_test/hygon_2030/Paddle/build/python/paddle/../nvidia/cublas/lib', default_value='')
FLAGS(name='FLAGS_cusolver_dir', current_value='/public/home/baidu_test/hygon_2030/Paddle/build/python/paddle/../nvidia/cusolver/lib', default_value='')
FLAGS(name='FLAGS_cudnn_dir', current_value='/public/home/baidu_test/hygon_2030/Paddle/build/python/paddle/../nvidia/cudnn/lib', default_value='')
FLAGS(name='FLAGS_enable_pir_in_executor', current_value=True, default_value=False)
FLAGS(name='FLAGS_curand_dir', current_value='/public/home/baidu_test/hygon_2030/Paddle/build/python/paddle/../nvidia/curand/lib', default_value='')
FLAGS(name='FLAGS_selected_gpus', current_value='0', default_value='')
FLAGS(name='FLAGS_cusparse_dir', current_value='/public/home/baidu_test/hygon_2030/Paddle/build/python/paddle/../nvidia/cusparse/lib', default_value='')
FLAGS(name='FLAGS_nvidia_package_dir', current_value='/public/home/baidu_test/hygon_2030/Paddle/build/python/paddle/../nvidia', default_value='')
=======================================================================
I0417 13:38:55.470616 44663 tcp_utils.cc:109] Retry to connect to 10.16.1.109:61846 while the server is not yet listening.
[32m[2026-04-17 13:38:55,587] [    INFO][0m - user has defined resume_from_checkpoint: None[0m
[32m[2026-04-17 13:38:55,591] [    INFO][0m - fa_version = 2 set FLAGS_flash_attn_version to 2[0m
[33m[2026-04-17 13:38:55,624] [ WARNING][0m - sharding_parallel_size=1 means no sharding, please set sharding to empty![0m
[2026-04-17 13:38:55,625] [    INFO] distributed_strategy.py:341 - distributed strategy initialized
[32m[2026-04-17 13:38:55,627] [    INFO][0m - PP configs:{'micro_batch_size': 1, 'accumulate_steps': 4, 'schedule_mode': '1F1B', 'p2p_cache_shape': True, 'enable_partial_send_recv': True}, use master_grad: True[0m
[33m[2026-04-17 13:38:55,628] [ WARNING][0m - In pipeline model, the evaluation also shares same setting with training. We will enforce that per_device_eval_batch_size=per_device_train_batch_size.[0m
[32m[2026-04-17 13:38:55,630] [    INFO][0m - using pipeline configs:{'delay_scale_loss': True, 'dp_comm_overlap': False, 'sharding_comm_overlap': False, 'enable_timer': False, 'release_gradients': False, 'overlap_p2p_comm': False, 'clear_every_step_cache': False, 'use_batch_p2p_comm': True, 'best_unbalanced_scheduler': False, 'enable_offload_queue': False, 'use_dualpipev': False, 'forward_backward_overlap_scheduler': False, 'enable_dynamic_shape': False}[0m
======================= Modified FLAGS detected =======================
FLAGS(name='FLAGS_nvidia_package_dir', current_value='/public/home/baidu_test/hygon_2030/Paddle/build/python/paddle/../nvidia', default_value='')
FLAGS(name='FLAGS_curand_dir', current_value='/public/home/baidu_test/hygon_2030/Paddle/build/python/paddle/../nvidia/curand/lib', default_value='')
FLAGS(name='FLAGS_cudnn_dir', current_value='/public/home/baidu_test/hygon_2030/Paddle/build/python/paddle/../nvidia/cudnn/lib', default_value='')
FLAGS(name='FLAGS_selected_gpus', current_value='0', default_value='')
FLAGS(name='FLAGS_cublas_dir', current_value='/public/home/baidu_test/hygon_2030/Paddle/build/python/paddle/../nvidia/cublas/lib', default_value='')
FLAGS(name='FLAGS_cusolver_dir', current_value='/public/home/baidu_test/hygon_2030/Paddle/build/python/paddle/../nvidia/cusolver/lib', default_value='')
FLAGS(name='FLAGS_enable_pir_in_executor', current_value=True, default_value=False)
FLAGS(name='FLAGS_nccl_dir', current_value='/public/home/baidu_test/hygon_2030/Paddle/build/python/paddle/../nvidia/nccl/lib', default_value='')
FLAGS(name='FLAGS_cusparse_dir', current_value='/public/home/baidu_test/hygon_2030/Paddle/build/python/paddle/../nvidia/cusparse/lib', default_value='')
FLAGS(name='FLAGS_cupti_dir', current_value='/public/home/baidu_test/hygon_2030/Paddle/build/python/paddle/../nvidia/cuda_cupti/lib', default_value='')
=======================================================================
I0417 13:38:55.708211  9735 tcp_store.cc:336] create libuv server at port: 61846
I0417 13:38:55.709869  9735 tcp_utils.cc:132] Successfully connected to 10.16.1.109:61846
I0417 13:38:58.471907 44663 tcp_utils.cc:132] Successfully connected to 10.16.1.109:61846
I0417 13:38:58.480532 44663 process_group_nccl.cc:155] ProcessGroupNCCL pg_timeout_ 1800000
I0417 13:38:58.481774 44663 process_group_nccl.cc:156] ProcessGroupNCCL nccl_comm_init_option_ 0
I0417 13:38:58.483125 44663 process_group_nccl.cc:155] ProcessGroupNCCL pg_timeout_ 1800000
I0417 13:38:58.484131 44663 process_group_nccl.cc:156] ProcessGroupNCCL nccl_comm_init_option_ 0
[2026-04-17 13:38:58,485] [    INFO] topology.py:535 - Total 8 pipe comm group(s) create successfully!
W0417 13:38:58.487210 44663 gpu_resources.cc:116] Please NOTE: device: 0, GPU Compute Capability: 90.3, Driver API Version: 60125.1, Runtime API Version: 60125.1
I0417 13:38:58.471907 44663 tcp_utils.cc:132] Successfully connected to 10.16.1.109:61846
I0417 13:38:58.480532 44663 process_group_nccl.cc:155] ProcessGroupNCCL pg_timeout_ 1800000
I0417 13:38:58.481774 44663 process_group_nccl.cc:156] ProcessGroupNCCL nccl_comm_init_option_ 0
I0417 13:38:58.483125 44663 process_group_nccl.cc:155] ProcessGroupNCCL pg_timeout_ 1800000
I0417 13:38:58.484131 44663 process_group_nccl.cc:156] ProcessGroupNCCL nccl_comm_init_option_ 0
[2026-04-17 13:38:58,485] [    INFO] topology.py:535 - Total 8 pipe comm group(s) create successfully!
W0417 13:38:58.487210 44663 gpu_resources.cc:116] Please NOTE: device: 0, GPU Compute Capability: 90.3, Driver API Version: 60125.1, Runtime API Version: 60125.1
I0417 13:38:58.663769  9735 process_group_nccl.cc:155] ProcessGroupNCCL pg_timeout_ 1800000
I0417 13:38:58.683350  9735 process_group_nccl.cc:156] ProcessGroupNCCL nccl_comm_init_option_ 0
I0417 13:38:58.694527  9735 process_group_nccl.cc:155] ProcessGroupNCCL pg_timeout_ 1800000
I0417 13:38:58.695940  9735 process_group_nccl.cc:156] ProcessGroupNCCL nccl_comm_init_option_ 0
[2026-04-17 13:38:58,697] [    INFO] topology.py:535 - Total 8 pipe comm group(s) create successfully!
W0417 13:38:58.699313  9735 gpu_resources.cc:116] Please NOTE: device: 0, GPU Compute Capability: 90.3, Driver API Version: 60125.1, Runtime API Version: 60125.1
I0417 13:38:58.663769  9735 process_group_nccl.cc:155] ProcessGroupNCCL pg_timeout_ 1800000
I0417 13:38:58.683350  9735 process_group_nccl.cc:156] ProcessGroupNCCL nccl_comm_init_option_ 0
I0417 13:38:58.694527  9735 process_group_nccl.cc:155] ProcessGroupNCCL pg_timeout_ 1800000
I0417 13:38:58.695940  9735 process_group_nccl.cc:156] ProcessGroupNCCL nccl_comm_init_option_ 0
[2026-04-17 13:38:58,697] [    INFO] topology.py:535 - Total 8 pipe comm group(s) create successfully!
W0417 13:38:58.699313  9735 gpu_resources.cc:116] Please NOTE: device: 0, GPU Compute Capability: 90.3, Driver API Version: 60125.1, Runtime API Version: 60125.1
W0417 13:38:59.374182  9735 nccl_comm_context.cc:70] ncclCommInitRankConfigMemOpt is not supported.
W0417 13:38:59.415519 44663 nccl_comm_context.cc:70] ncclCommInitRankConfigMemOpt is not supported.
[2026-04-17 13:38:59,710] [    INFO] topology.py:535 - Total 16 data comm group(s) create successfully!
[2026-04-17 13:38:59,710] [    INFO] topology.py:535 - Total 16 data comm group(s) create successfully!
I0417 13:38:59.711781 44663 process_group_nccl.cc:155] ProcessGroupNCCL pg_timeout_ 1800000
I0417 13:38:59.714861  9735 process_group_nccl.cc:155] ProcessGroupNCCL pg_timeout_ 1800000
I0417 13:38:59.717097 44663 process_group_nccl.cc:156] ProcessGroupNCCL nccl_comm_init_option_ 0
I0417 13:38:59.720428  9735 process_group_nccl.cc:156] ProcessGroupNCCL nccl_comm_init_option_ 0
[2026-04-17 13:38:59,722] [    INFO] topology.py:535 - Total 2 model comm group(s) create successfully!
[2026-04-17 13:38:59,725] [    INFO] topology.py:535 - Total 2 model comm group(s) create successfully!
[2026-04-17 13:38:59,727] [    INFO] topology.py:535 - Total 16 sharding comm group(s) create successfully!
[2026-04-17 13:38:59,731] [    INFO] topology.py:535 - Total 16 sharding comm group(s) create successfully!
I0417 13:38:59.734129 44663 process_group_nccl.cc:155] ProcessGroupNCCL pg_timeout_ 1800000
I0417 13:38:59.738024  9735 process_group_nccl.cc:155] ProcessGroupNCCL pg_timeout_ 1800000
I0417 13:38:59.740646 44663 process_group_nccl.cc:156] ProcessGroupNCCL nccl_comm_init_option_ 0
I0417 13:38:59.743786  9735 process_group_nccl.cc:156] ProcessGroupNCCL nccl_comm_init_option_ 0
[2026-04-17 13:38:59,746] [    INFO] topology.py:449 - HybridParallelInfo: rank_id: 8, mp_degree: 8, sharding_degree: 1, pp_degree: 2, dp_degree: 1, sep_degree: 1, mp_group: [8, 9, 10, 11, 12, 13, 14, 15],  sharding_group: [8], pp_group: [0, 8], dp_group: [8], sep:group: None, check/clip group: [0, 1, 2, 3, 4, 5, 6, 7, 8, 9, 10, 11, 12, 13, 14, 15]
[2026-04-17 13:38:59,749] [    INFO] topology.py:449 - HybridParallelInfo: rank_id: 0, mp_degree: 8, sharding_degree: 1, pp_degree: 2, dp_degree: 1, sep_degree: 1, mp_group: [0, 1, 2, 3, 4, 5, 6, 7],  sharding_group: [0], pp_group: [0, 8], dp_group: [0], sep:group: None, check/clip group: [0, 1, 2, 3, 4, 5, 6, 7, 8, 9, 10, 11, 12, 13, 14, 15]
[32m[2026-04-17 13:38:59,753] [    INFO][0m -     +==============================================================================+
    |                                                                              |
    |                         DistributedStrategy Overview                         |
    |                                                                              |
    +==============================================================================+
    |                        a_sync=True <-> a_sync_configs                        |
    +------------------------------------------------------------------------------+
    |                               k_steps                    -1                  |
    |                     max_merge_var_num                    1                   |
    |                       send_queue_size                    16                  |
    |               independent_recv_thread                  False                 |
    |         min_send_grad_num_before_recv                    1                   |
    |                      thread_pool_size                    1                   |
    |                       send_wait_times                    1                   |
    |               runtime_split_send_recv                  False                 |
    |                        launch_barrier                   True                 |
    |             heter_worker_device_guard                   cpu                  |
    |                        lr_decay_steps                    10                  |
    |                            use_ps_gpu                    0                   |
    |                         use_gpu_graph                    0                   |
    +==============================================================================+
    |                    Environment Flags, Communication Flags                    |
    +------------------------------------------------------------------------------+
    |                                  mode                    1                   |
    |                               elastic                  False                 |
    |                                  auto                  False                 |
    |                   sync_nccl_allreduce                   True                 |
    |                         nccl_comm_num                    1                   |
    |            use_hierarchical_allreduce                  False                 |
    |   hierarchical_allreduce_inter_nranks                    1                   |
    |                       sync_batch_norm                  False                 |
    |                   fuse_all_reduce_ops                   True                 |
    |                  fuse_grad_size_in_MB                    32                  |
    |              fuse_grad_size_in_TFLOPS                   50.0                 |
    |               cudnn_exhaustive_search                  False                 |
    |             conv_workspace_size_limit                   512                  |
    |    cudnn_batchnorm_spatial_persistent                  False                 |
    |                        fp16_allreduce                  False                 |
    |               last_comm_group_size_MB                   1.0                  |
    |                find_unused_parameters                  False                 |
    |            without_graph_optimization                   True                 |
    |                 fuse_grad_size_in_num                    8                   |
    |                 calc_comm_same_stream                  False                 |
    |                                   asp                  False                 |
    |                       fuse_grad_merge                  False                 |
    |                             semi_auto                  False                 |
    |                            adam_d2sum                  False                 |
    |                           auto_search                  False                 |
    |                        heter_ccl_mode                  False                 |
    |                         is_fl_ps_mode                  False                 |
    |                      with_coordinator                  False                 |
    |                            split_data                   True                 |
    |                  downpour_table_param                    []                  |
    |                       fs_client_param                                        |
    +==============================================================================+
    |                                Build Strategy                                |
    +------------------------------------------------------------------------------+
    |              fuse_elewise_add_act_ops                  False                 |
    |                       fuse_bn_act_ops                  False                 |
    |              fuse_relu_depthwise_conv                  False                 |
    |                    fuse_broadcast_ops                  False                 |
    |                fuse_all_optimizer_ops                  False                 |
    |                        enable_inplace                  False                 |
    |     enable_backward_optimizer_op_deps                   True                 |
    |                 cache_runtime_context                  False                 |
    |                   fuse_bn_add_act_ops                   True                 |
    |                    enable_auto_fusion                  False                 |
    |                          enable_addto                  False                 |
    |              allow_cuda_graph_capture                  False                 |
    |                       reduce_strategy                    0                   |
    |                    fuse_gemm_epilogue                  False                 |
    |                   debug_graphviz_path                                        |
    |                       fused_attention                  False                 |
    |                     fused_feedforward                  False                 |
    |            fuse_dot_product_attention                  False                 |
    |                          fuse_resunit                  False                 |
    +==============================================================================+
[0m
[32m[2026-04-17 13:38:59,756] [    INFO][0m - The default value for the training argument `--report_to` will change in v5 (from all installed integrations to none). In v5, you will need to use `--report_to all` to get the same behavior as now. You should start updating your code and make this info disappear :-).[0m
[32m[2026-04-17 13:38:59,756] [    INFO][0m -     +==============================================================================+
    |                                                                              |
    |                         DistributedStrategy Overview                         |
    |                                                                              |
    +==============================================================================+
    |                        a_sync=True <-> a_sync_configs                        |
    +------------------------------------------------------------------------------+
    |                               k_steps                    -1                  |
    |                     max_merge_var_num                    1                   |
    |                       send_queue_size                    16                  |
    |               independent_recv_thread                  False                 |
    |         min_send_grad_num_before_recv                    1                   |
    |                      thread_pool_size                    1                   |
    |                       send_wait_times                    1                   |
    |               runtime_split_send_recv                  False                 |
    |                        launch_barrier                   True                 |
    |             heter_worker_device_guard                   cpu                  |
    |                        lr_decay_steps                    10                  |
    |                            use_ps_gpu                    0                   |
    |                         use_gpu_graph                    0                   |
    +==============================================================================+
    |                    Environment Flags, Communication Flags                    |
    +------------------------------------------------------------------------------+
    |                                  mode                    1                   |
    |                               elastic                  False                 |
    |                                  auto                  False                 |
    |                   sync_nccl_allreduce                   True                 |
    |                         nccl_comm_num                    1                   |
    |            use_hierarchical_allreduce                  False                 |
    |   hierarchical_allreduce_inter_nranks                    1                   |
    |                       sync_batch_norm                  False                 |
    |                   fuse_all_reduce_ops                   True                 |
    |                  fuse_grad_size_in_MB                    32                  |
    |              fuse_grad_size_in_TFLOPS                   50.0                 |
    |               cudnn_exhaustive_search                  False                 |
    |             conv_workspace_size_limit                   512                  |
    |    cudnn_batchnorm_spatial_persistent                  False                 |
    |                        fp16_allreduce                  False                 |
    |               last_comm_group_size_MB                   1.0                  |
    |                find_unused_parameters                  False                 |
    |            without_graph_optimization                   True                 |
    |                 fuse_grad_size_in_num                    8                   |
    |                 calc_comm_same_stream                  False                 |
    |                                   asp                  False                 |
    |                       fuse_grad_merge                  False                 |
    |                             semi_auto                  False                 |
    |                            adam_d2sum                  False                 |
    |                           auto_search                  False                 |
    |                        heter_ccl_mode                  False                 |
    |                         is_fl_ps_mode                  False                 |
    |                      with_coordinator                  False                 |
    |                            split_data                   True                 |
    |                  downpour_table_param                    []                  |
    |                       fs_client_param                                        |
    +==============================================================================+
    |                                Build Strategy                                |
    +------------------------------------------------------------------------------+
    |              fuse_elewise_add_act_ops                  False                 |
    |                       fuse_bn_act_ops                  False                 |
    |              fuse_relu_depthwise_conv                  False                 |
    |                    fuse_broadcast_ops                  False                 |
    |                fuse_all_optimizer_ops                  False                 |
    |                        enable_inplace                  False                 |
    |     enable_backward_optimizer_op_deps                   True                 |
    |                 cache_runtime_context                  False                 |
    |                   fuse_bn_add_act_ops                   True                 |
    |                    enable_auto_fusion                  False                 |
    |                          enable_addto                  False                 |
    |              allow_cuda_graph_capture                  False                 |
    |                       reduce_strategy                    0                   |
    |                    fuse_gemm_epilogue                  False                 |
    |                   debug_graphviz_path                                        |
    |                       fused_attention                  False                 |
    |                     fused_feedforward                  False                 |
    |            fuse_dot_product_attention                  False                 |
    |                          fuse_resunit                  False                 |
    +==============================================================================+
[0m
[32m[2026-04-17 13:38:59,758] [    INFO][0m - Auto set hybrid_parallel_expert_grad_scale = 8.0[0m
[32m[2026-04-17 13:38:59,762] [    INFO][0m - The default value for the training argument `--report_to` will change in v5 (from all installed integrations to none). In v5, you will need to use `--report_to all` to get the same behavior as now. You should start updating your code and make this info disappear :-).[0m
[32m[2026-04-17 13:38:59,764] [    INFO][0m - reset finetuning arguments global_batch_size to 4[0m
[32m[2026-04-17 13:38:59,769] [    INFO][0m - Auto set hybrid_parallel_expert_grad_scale = 8.0[0m
[32m[2026-04-17 13:38:59,771] [    INFO][0m - fixing pp configs: {'micro_batch_size': 1, 'accumulate_steps': 4, 'schedule_mode': '1F1B', 'p2p_cache_shape': True, 'enable_partial_send_recv': True}[0m
[32m[2026-04-17 13:38:59,774] [    INFO][0m - reset finetuning arguments global_batch_size to 4[0m
[32m[2026-04-17 13:38:59,779] [    INFO][0m - fixing pp configs: {'micro_batch_size': 1, 'accumulate_steps': 4, 'schedule_mode': '1F1B', 'p2p_cache_shape': True, 'enable_partial_send_recv': True}[0m
[35m[2026-04-17 13:38:59,805] [   DEBUG][0m - ============================================================[0m
[35m[2026-04-17 13:38:59,805] [   DEBUG][0m - ============================================================[0m
[35m[2026-04-17 13:38:59,807] [   DEBUG][0m -      Model Configuration Arguments      [0m
[35m[2026-04-17 13:38:59,809] [   DEBUG][0m -      Model Configuration Arguments      [0m
[35m[2026-04-17 13:38:59,812] [   DEBUG][0m - paddle commit id              : 49365aedc591d696031d8774418280d044b6d6f7[0m
[35m[2026-04-17 13:38:59,815] [   DEBUG][0m - paddle commit id              : 49365aedc591d696031d8774418280d044b6d6f7[0m
[35m[2026-04-17 13:38:59,850] [   DEBUG][0m - paddleformers commit id       : eabee61c526c00a830efd09c629b9f5a8bde7712.dirty[0m
[35m[2026-04-17 13:38:59,851] [   DEBUG][0m - paddleformers commit id       : eabee61c526c00a830efd09c629b9f5a8bde7712.dirty[0m
[35m[2026-04-17 13:38:59,852] [   DEBUG][0m - _attn_implementation          : eager[0m
[35m[2026-04-17 13:38:59,855] [   DEBUG][0m - _attn_implementation          : eager[0m
[35m[2026-04-17 13:38:59,858] [   DEBUG][0m - bos_token_id                  : 0[0m
[35m[2026-04-17 13:38:59,861] [   DEBUG][0m - bos_token_id                  : 0[0m
[35m[2026-04-17 13:38:59,863] [   DEBUG][0m - continue_training             : False[0m
[35m[2026-04-17 13:38:59,867] [   DEBUG][0m - continue_training             : False[0m
[35m[2026-04-17 13:38:59,869] [   DEBUG][0m - copy_custom_file_list         : [0m
[35m[2026-04-17 13:38:59,872] [   DEBUG][0m - copy_custom_file_list         : [0m
[35m[2026-04-17 13:38:59,874] [   DEBUG][0m - download_hub                  : None[0m
[35m[2026-04-17 13:38:59,877] [   DEBUG][0m - download_hub                  : None[0m
[35m[2026-04-17 13:38:59,879] [   DEBUG][0m - eos_token_id                  : 1[0m
[35m[2026-04-17 13:38:59,882] [   DEBUG][0m - eos_token_id                  : 1[0m
[35m[2026-04-17 13:38:59,884] [   DEBUG][0m - ernie_model_config            : ErniePretrainArgument(use_quant_before_a2a=False, use_async_a2a=False, use_rms_qkv_recompute=False, moe_logging=False, use_recompute=False, num_nextn_predict_layers=0, use_fp8_mlp=False, num_hidden_layers=2, num_empty_layers_add_in_tail=0, use_fp8_fuse_node=False, use_ep_comm_overlap=False, fp8_mem_configs=FP8MemConfigs(shared_expert=False, recompute_fwd_gate_up=False, dequant_input=False, offline_quant_expert_weight=False, clear_origin_weight_when_offline_quant=False), fp8_fused_ops_configs=FP8FusedOpsConfigs(stack_quant=False, swiglu_probs_bwd=False, split_group_gemm=True, spaq=True, transpose_split_quant=True), use_combine_before_a2a=False, moe_num_experts=0, moe_k=2, moe_use_aux_free=False, moe_gate='top2_fused', transpose_split_quant=False)[0m
[35m[2026-04-17 13:38:59,887] [   DEBUG][0m - ernie_model_config            : ErniePretrainArgument(use_quant_before_a2a=False, use_async_a2a=False, use_rms_qkv_recompute=False, moe_logging=False, use_recompute=False, num_nextn_predict_layers=0, use_fp8_mlp=False, num_hidden_layers=2, num_empty_layers_add_in_tail=0, use_fp8_fuse_node=False, use_ep_comm_overlap=False, fp8_mem_configs=FP8MemConfigs(shared_expert=False, recompute_fwd_gate_up=False, dequant_input=False, offline_quant_expert_weight=False, clear_origin_weight_when_offline_quant=False), fp8_fused_ops_configs=FP8FusedOpsConfigs(stack_quant=False, swiglu_probs_bwd=False, split_group_gemm=True, spaq=True, transpose_split_quant=True), use_combine_before_a2a=False, moe_num_experts=0, moe_k=2, moe_use_aux_free=False, moe_gate='top2_fused', transpose_split_quant=False)[0m
[35m[2026-04-17 13:38:59,890] [   DEBUG][0m - fine_tuning                   : full[0m
[35m[2026-04-17 13:38:59,893] [   DEBUG][0m - fine_tuning                   : full[0m
[35m[2026-04-17 13:38:59,895] [   DEBUG][0m - fuse_gate_detach_matmul       : True[0m
[35m[2026-04-17 13:38:59,899] [   DEBUG][0m - fuse_gate_detach_matmul       : True[0m
[35m[2026-04-17 13:38:59,901] [   DEBUG][0m - fuse_softmax_mask             : False[0m
[35m[2026-04-17 13:38:59,904] [   DEBUG][0m - fuse_softmax_mask             : False[0m
[35m[2026-04-17 13:38:59,906] [   DEBUG][0m - lora                          : False[0m
[35m[2026-04-17 13:38:59,909] [   DEBUG][0m - lora                          : False[0m
[35m[2026-04-17 13:38:59,912] [   DEBUG][0m - lora_alpha                    : -1[0m
[35m[2026-04-17 13:38:59,915] [   DEBUG][0m - lora_alpha                    : -1[0m
[35m[2026-04-17 13:38:59,918] [   DEBUG][0m - lora_path                     : None[0m
[35m[2026-04-17 13:38:59,921] [   DEBUG][0m - lora_path                     : None[0m
[35m[2026-04-17 13:38:59,923] [   DEBUG][0m - lora_plus_scale               : 1.0[0m
[35m[2026-04-17 13:38:59,929] [   DEBUG][0m - lora_plus_scale               : 1.0[0m
[35m[2026-04-17 13:38:59,931] [   DEBUG][0m - lora_rank                     : 8[0m
[35m[2026-04-17 13:38:59,934] [   DEBUG][0m - lora_rank                     : 8[0m
[35m[2026-04-17 13:38:59,936] [   DEBUG][0m - loss_subbatch_seqlen          : 32768[0m
[35m[2026-04-17 13:38:59,939] [   DEBUG][0m - loss_subbatch_seqlen          : 32768[0m
[35m[2026-04-17 13:38:59,944] [   DEBUG][0m - max_position_embeddings       : 4096[0m
[35m[2026-04-17 13:38:59,947] [   DEBUG][0m - max_position_embeddings       : 4096[0m
[35m[2026-04-17 13:38:59,949] [   DEBUG][0m - model_name_or_path            : ./models/Llama-2-52B[0m
[35m[2026-04-17 13:38:59,953] [   DEBUG][0m - model_name_or_path            : ./models/Llama-2-52B[0m
[35m[2026-04-17 13:38:59,955] [   DEBUG][0m - model_with_dpo_criterion      : False[0m
[35m[2026-04-17 13:38:59,958] [   DEBUG][0m - model_with_dpo_criterion      : False[0m
[35m[2026-04-17 13:38:59,963] [   DEBUG][0m - moe_gate                      : top2_fused[0m
[35m[2026-04-17 13:38:59,966] [   DEBUG][0m - moe_gate                      : top2_fused[0m
[35m[2026-04-17 13:38:59,968] [   DEBUG][0m - moe_group                     : dummy[0m
[35m[2026-04-17 13:38:59,971] [   DEBUG][0m - moe_group                     : dummy[0m
[35m[2026-04-17 13:38:59,973] [   DEBUG][0m - moe_group_experts             : False[0m
[35m[2026-04-17 13:38:59,976] [   DEBUG][0m - moe_group_experts             : False[0m
[35m[2026-04-17 13:38:59,978] [   DEBUG][0m - moe_multimodal_dispatch_use_allgather: v2-alltoall-unpad[0m
[35m[2026-04-17 13:38:59,981] [   DEBUG][0m - moe_multimodal_dispatch_use_allgather: v2-alltoall-unpad[0m
[35m[2026-04-17 13:38:59,984] [   DEBUG][0m - moe_orthogonal_loss_lambda    : 0.0[0m
[35m[2026-04-17 13:38:59,987] [   DEBUG][0m - moe_orthogonal_loss_lambda    : 0.0[0m
[35m[2026-04-17 13:38:59,989] [   DEBUG][0m - moe_use_aux_free              : None[0m
[35m[2026-04-17 13:38:59,992] [   DEBUG][0m - moe_use_aux_free              : None[0m
[35m[2026-04-17 13:38:59,994] [   DEBUG][0m - moe_use_hard_gate             : False[0m
[35m[2026-04-17 13:38:59,998] [   DEBUG][0m - moe_use_hard_gate             : False[0m
[35m[2026-04-17 13:39:00,046] [   DEBUG][0m - neftune                       : False[0m
[35m[2026-04-17 13:39:00,051] [   DEBUG][0m - neftune                       : False[0m
[35m[2026-04-17 13:39:00,054] [   DEBUG][0m - neftune_noise_alpha           : 5.0[0m
[35m[2026-04-17 13:39:00,057] [   DEBUG][0m - neftune_noise_alpha           : 5.0[0m
[35m[2026-04-17 13:39:00,060] [   DEBUG][0m - pp_seg_method                 : layer:DecoderLayer|EmptyLayer[0m
[35m[2026-04-17 13:39:00,063] [   DEBUG][0m - pp_seg_method                 : layer:DecoderLayer|EmptyLayer[0m
[35m[2026-04-17 13:39:00,066] [   DEBUG][0m - rope_3d                       : True[0m
[35m[2026-04-17 13:39:00,068] [   DEBUG][0m - rope_3d                       : True[0m
[35m[2026-04-17 13:39:00,071] [   DEBUG][0m - rslora                        : False[0m
[35m[2026-04-17 13:39:00,073] [   DEBUG][0m - rslora                        : False[0m
[35m[2026-04-17 13:39:00,080] [   DEBUG][0m - rslora_plus                   : False[0m
[35m[2026-04-17 13:39:00,085] [   DEBUG][0m - rslora_plus                   : False[0m
[35m[2026-04-17 13:39:00,127] [   DEBUG][0m - stage                         : PT[0m
[35m[2026-04-17 13:39:00,130] [   DEBUG][0m - stage                         : PT[0m
[35m[2026-04-17 13:39:00,132] [   DEBUG][0m - tokenizer_name_or_path        : None[0m
[35m[2026-04-17 13:39:00,135] [   DEBUG][0m - tokenizer_name_or_path        : None[0m
[35m[2026-04-17 13:39:00,138] [   DEBUG][0m - use_attn_mask_startend_row_indices: True[0m
[35m[2026-04-17 13:39:00,141] [   DEBUG][0m - use_attn_mask_startend_row_indices: True[0m
[35m[2026-04-17 13:39:00,144] [   DEBUG][0m - use_fast_layer_norm           : False[0m
[35m[2026-04-17 13:39:00,146] [   DEBUG][0m - use_fast_layer_norm           : False[0m
[35m[2026-04-17 13:39:00,151] [   DEBUG][0m - use_global_causal_attn        : False[0m
[35m[2026-04-17 13:39:00,154] [   DEBUG][0m - use_global_causal_attn        : False[0m
[35m[2026-04-17 13:39:00,156] [   DEBUG][0m - use_mem_eff_attn              : True[0m
[35m[2026-04-17 13:39:00,160] [   DEBUG][0m - use_mem_eff_attn              : True[0m
[35m[2026-04-17 13:39:00,162] [   DEBUG][0m - use_sparse_flash_attn         : True[0m
[35m[2026-04-17 13:39:00,165] [   DEBUG][0m - use_sparse_flash_attn         : True[0m
[35m[2026-04-17 13:39:00,167] [   DEBUG][0m - vision_config                 : VisionArguments(attn_implementation='eager', attn_sep=True, depth=32, embed_dim=1280, hidden_act='quick_gelu', hidden_size=1280, in_channels=3, mlp_ratio=4, model_type='DFNRope_vision_transformer', num_heads=16, patch_size=14, spatial_merge_size=2, tensor_model_parallel_size=4, vit_num_recompute_layers=10000)[0m
[35m[2026-04-17 13:39:00,170] [   DEBUG][0m - vision_config                 : VisionArguments(attn_implementation='eager', attn_sep=True, depth=32, embed_dim=1280, hidden_act='quick_gelu', hidden_size=1280, in_channels=3, mlp_ratio=4, model_type='DFNRope_vision_transformer', num_heads=16, patch_size=14, spatial_merge_size=2, tensor_model_parallel_size=4, vit_num_recompute_layers=10000)[0m
[35m[2026-04-17 13:39:00,173] [   DEBUG][0m - [0m
[35m[2026-04-17 13:39:00,176] [   DEBUG][0m - [0m
[35m[2026-04-17 13:39:00,179] [   DEBUG][0m - ============================================================[0m
[35m[2026-04-17 13:39:00,182] [   DEBUG][0m - ============================================================[0m
[35m[2026-04-17 13:39:00,184] [   DEBUG][0m -       Data Configuration Arguments      [0m
[35m[2026-04-17 13:39:00,187] [   DEBUG][0m -       Data Configuration Arguments      [0m
[35m[2026-04-17 13:39:00,189] [   DEBUG][0m - paddle commit id              : 49365aedc591d696031d8774418280d044b6d6f7[0m
[35m[2026-04-17 13:39:00,197] [   DEBUG][0m - paddle commit id              : 49365aedc591d696031d8774418280d044b6d6f7[0m
[35m[2026-04-17 13:39:00,233] [   DEBUG][0m - paddleformers commit id       : eabee61c526c00a830efd09c629b9f5a8bde7712.dirty[0m
[35m[2026-04-17 13:39:00,236] [   DEBUG][0m - paddleformers commit id       : eabee61c526c00a830efd09c629b9f5a8bde7712.dirty[0m
[35m[2026-04-17 13:39:00,238] [   DEBUG][0m - binpacking                    : True[0m
[35m[2026-04-17 13:39:00,241] [   DEBUG][0m - binpacking                    : True[0m
[35m[2026-04-17 13:39:00,244] [   DEBUG][0m - buffer_size                   : 500[0m
[35m[2026-04-17 13:39:00,247] [   DEBUG][0m - buffer_size                   : 500[0m
[35m[2026-04-17 13:39:00,251] [   DEBUG][0m - custom_register_path          : None[0m
[35m[2026-04-17 13:39:00,254] [   DEBUG][0m - custom_register_path          : None[0m
[35m[2026-04-17 13:39:00,270] [   DEBUG][0m - data_cache                    : None[0m
[35m[2026-04-17 13:39:00,277] [   DEBUG][0m - data_cache                    : None[0m
[35m[2026-04-17 13:39:00,280] [   DEBUG][0m - data_impl                     : mmap[0m
[35m[2026-04-17 13:39:00,283] [   DEBUG][0m - data_impl                     : mmap[0m
[35m[2026-04-17 13:39:00,286] [   DEBUG][0m - dataset_output_dir            : ./dataset_output[0m
[35m[2026-04-17 13:39:00,288] [   DEBUG][0m - dataset_output_dir            : ./dataset_output[0m
[35m[2026-04-17 13:39:00,290] [   DEBUG][0m - dataset_type                  : pretrain[0m
[35m[2026-04-17 13:39:00,293] [   DEBUG][0m - dataset_type                  : pretrain[0m
[35m[2026-04-17 13:39:00,296] [   DEBUG][0m - encode_one_turn               : True[0m
[35m[2026-04-17 13:39:00,299] [   DEBUG][0m - encode_one_turn               : True[0m
[35m[2026-04-17 13:39:00,301] [   DEBUG][0m - eval_dataset_path             : examples/data/sft-eval.jsonl[0m
[35m[2026-04-17 13:39:00,304] [   DEBUG][0m - eval_dataset_path             : examples/data/sft-eval.jsonl[0m
[35m[2026-04-17 13:39:00,306] [   DEBUG][0m - eval_dataset_prob             : 1.0[0m
[35m[2026-04-17 13:39:00,309] [   DEBUG][0m - eval_dataset_prob             : 1.0[0m
[35m[2026-04-17 13:39:00,312] [   DEBUG][0m - eval_dataset_type             : erniekit[0m
[35m[2026-04-17 13:39:00,318] [   DEBUG][0m - eval_dataset_type             : erniekit[0m
[35m[2026-04-17 13:39:00,320] [   DEBUG][0m - eval_with_do_generation       : False[0m
[35m[2026-04-17 13:39:00,324] [   DEBUG][0m - eval_with_do_generation       : False[0m
[35m[2026-04-17 13:39:00,326] [   DEBUG][0m - greedy_intokens               : True[0m
[35m[2026-04-17 13:39:00,329] [   DEBUG][0m - greedy_intokens               : True[0m
[35m[2026-04-17 13:39:00,331] [   DEBUG][0m - input_dir                     : 1.0 ./data/pt/llama_openwebtext_100k[0m
[35m[2026-04-17 13:39:00,335] [   DEBUG][0m - input_dir                     : 1.0 ./data/pt/llama_openwebtext_100k[0m
[35m[2026-04-17 13:39:00,341] [   DEBUG][0m - make_offline_data             : False[0m
[35m[2026-04-17 13:39:00,344] [   DEBUG][0m - make_offline_data             : False[0m
[35m[2026-04-17 13:39:00,347] [   DEBUG][0m - max_prompt_len                : 2048[0m
[35m[2026-04-17 13:39:00,350] [   DEBUG][0m - max_prompt_len                : 2048[0m
[35m[2026-04-17 13:39:00,352] [   DEBUG][0m - max_seq_len                   : 4096[0m
[35m[2026-04-17 13:39:00,356] [   DEBUG][0m - max_seq_len                   : 4096[0m
[35m[2026-04-17 13:39:00,361] [   DEBUG][0m - mix_strategy                  : concat[0m
[35m[2026-04-17 13:39:00,364] [   DEBUG][0m - mix_strategy                  : concat[0m
[35m[2026-04-17 13:39:00,367] [   DEBUG][0m - new_special_tokens_path       : None[0m
[35m[2026-04-17 13:39:00,371] [   DEBUG][0m - new_special_tokens_path       : None[0m
[35m[2026-04-17 13:39:00,373] [   DEBUG][0m - num_samples_each_epoch        : 6000000[0m
[35m[2026-04-17 13:39:00,376] [   DEBUG][0m - num_samples_each_epoch        : 6000000[0m
[35m[2026-04-17 13:39:00,379] [   DEBUG][0m - packed_idx_cache_dir          : None[0m
[35m[2026-04-17 13:39:00,386] [   DEBUG][0m - packed_idx_cache_dir          : None[0m
[35m[2026-04-17 13:39:00,388] [   DEBUG][0m - packing                       : False[0m
[35m[2026-04-17 13:39:00,392] [   DEBUG][0m - packing                       : False[0m
[35m[2026-04-17 13:39:00,393] [   DEBUG][0m - packing_interval              : 1000[0m
[35m[2026-04-17 13:39:00,397] [   DEBUG][0m - packing_interval              : 1000[0m
[35m[2026-04-17 13:39:00,399] [   DEBUG][0m - padding_free                  : False[0m
[35m[2026-04-17 13:39:00,402] [   DEBUG][0m - padding_free                  : False[0m
[35m[2026-04-17 13:39:00,409] [   DEBUG][0m - processor_use_fast            : None[0m
[35m[2026-04-17 13:39:00,413] [   DEBUG][0m - processor_use_fast            : None[0m
[35m[2026-04-17 13:39:00,415] [   DEBUG][0m - random_shuffle                : True[0m
[35m[2026-04-17 13:39:00,418] [   DEBUG][0m - random_shuffle                : True[0m
[35m[2026-04-17 13:39:00,420] [   DEBUG][0m - share_folder                  : False[0m
[35m[2026-04-17 13:39:00,423] [   DEBUG][0m - share_folder                  : False[0m
[35m[2026-04-17 13:39:00,425] [   DEBUG][0m - skip_warmup                   : True[0m
[35m[2026-04-17 13:39:00,432] [   DEBUG][0m - skip_warmup                   : True[0m
[35m[2026-04-17 13:39:00,435] [   DEBUG][0m - split                         : 990,10,0[0m
[35m[2026-04-17 13:39:00,438] [   DEBUG][0m - split                         : 990,10,0[0m
[35m[2026-04-17 13:39:00,440] [   DEBUG][0m - split_multi_turn              : False[0m
[35m[2026-04-17 13:39:00,444] [   DEBUG][0m - split_multi_turn              : False[0m
[35m[2026-04-17 13:39:00,446] [   DEBUG][0m - template                      : None[0m
[35m[2026-04-17 13:39:00,448] [   DEBUG][0m - template                      : None[0m
[35m[2026-04-17 13:39:00,454] [   DEBUG][0m - template_backend              : custom[0m
[35m[2026-04-17 13:39:00,457] [   DEBUG][0m - template_backend              : custom[0m
[35m[2026-04-17 13:39:00,459] [   DEBUG][0m - train_dataset_path            : None[0m
[35m[2026-04-17 13:39:00,462] [   DEBUG][0m - train_dataset_path            : None[0m
[35m[2026-04-17 13:39:00,463] [   DEBUG][0m - train_dataset_prob            : None[0m
[35m[2026-04-17 13:39:00,466] [   DEBUG][0m - train_dataset_prob            : None[0m
[35m[2026-04-17 13:39:00,468] [   DEBUG][0m - train_dataset_type            : None[0m
[35m[2026-04-17 13:39:00,471] [   DEBUG][0m - train_dataset_type            : None[0m
[35m[2026-04-17 13:39:00,496] [   DEBUG][0m - truncate_packing              : True[0m
[35m[2026-04-17 13:39:00,499] [   DEBUG][0m - truncate_packing              : True[0m
[35m[2026-04-17 13:39:00,502] [   DEBUG][0m - truncation_strategy           : delete[0m
[35m[2026-04-17 13:39:00,505] [   DEBUG][0m - truncation_strategy           : delete[0m
[35m[2026-04-17 13:39:00,508] [   DEBUG][0m - use_template                  : True[0m
[35m[2026-04-17 13:39:00,515] [   DEBUG][0m - use_template                  : True[0m
[35m[2026-04-17 13:39:00,517] [   DEBUG][0m - warmup_only_rank0             : False[0m
[35m[2026-04-17 13:39:00,520] [   DEBUG][0m - warmup_only_rank0             : False[0m
[35m[2026-04-17 13:39:00,523] [   DEBUG][0m - [0m
[35m[2026-04-17 13:39:00,526] [   DEBUG][0m - [0m
[35m[2026-04-17 13:39:00,529] [   DEBUG][0m - ============================================================[0m
[35m[2026-04-17 13:39:00,532] [   DEBUG][0m - ============================================================[0m
[35m[2026-04-17 13:39:00,534] [   DEBUG][0m -      Train Configuration Arguments      [0m
[35m[2026-04-17 13:39:00,542] [   DEBUG][0m -      Train Configuration Arguments      [0m
[35m[2026-04-17 13:39:00,544] [   DEBUG][0m - paddle commit id              : 49365aedc591d696031d8774418280d044b6d6f7[0m
[35m[2026-04-17 13:39:00,548] [   DEBUG][0m - paddle commit id              : 49365aedc591d696031d8774418280d044b6d6f7[0m
[35m[2026-04-17 13:39:00,551] [   DEBUG][0m - paddleformers commit id       : eabee61c526c00a830efd09c629b9f5a8bde7712.dirty[0m
[35m[2026-04-17 13:39:00,554] [   DEBUG][0m - paddleformers commit id       : eabee61c526c00a830efd09c629b9f5a8bde7712.dirty[0m
[35m[2026-04-17 13:39:00,557] [   DEBUG][0m - _no_sync_in_gradient_accumulation: True[0m
[35m[2026-04-17 13:39:00,561] [   DEBUG][0m - _no_sync_in_gradient_accumulation: True[0m
[35m[2026-04-17 13:39:00,563] [   DEBUG][0m - adam_beta1                    : 0.9[0m
[35m[2026-04-17 13:39:00,567] [   DEBUG][0m - adam_beta1                    : 0.9[0m
[35m[2026-04-17 13:39:00,569] [   DEBUG][0m - adam_beta2                    : 0.999[0m
[35m[2026-04-17 13:39:00,572] [   DEBUG][0m - adam_beta2                    : 0.999[0m
[35m[2026-04-17 13:39:00,575] [   DEBUG][0m - adam_epsilon                  : 1e-08[0m
[35m[2026-04-17 13:39:00,582] [   DEBUG][0m - adam_epsilon                  : 1e-08[0m
[35m[2026-04-17 13:39:00,585] [   DEBUG][0m - amp_custom_black_list         : ['reduce_sum', 'softmax_with_cross_entropy', 'c_softmax_with_cross_entropy', 'elementwise_div', 'sin', 'cos'][0m
[35m[2026-04-17 13:39:00,588] [   DEBUG][0m - amp_custom_black_list         : ['reduce_sum', 'softmax_with_cross_entropy', 'c_softmax_with_cross_entropy', 'elementwise_div', 'sin', 'cos'][0m
[35m[2026-04-17 13:39:00,591] [   DEBUG][0m - amp_custom_white_list         : ['lookup_table', 'lookup_table_v2', 'flash_attn', 'matmul', 'matmul_v2', 'fused_gemm_epilogue'][0m
[35m[2026-04-17 13:39:00,593] [   DEBUG][0m - amp_custom_white_list         : ['lookup_table', 'lookup_table_v2', 'flash_attn', 'matmul', 'matmul_v2', 'fused_gemm_epilogue'][0m
[35m[2026-04-17 13:39:00,595] [   DEBUG][0m - amp_master_grad               : True[0m
[35m[2026-04-17 13:39:00,603] [   DEBUG][0m - amp_master_grad               : True[0m
[35m[2026-04-17 13:39:00,607] [   DEBUG][0m - aoa_config                    : None[0m
[35m[2026-04-17 13:39:00,611] [   DEBUG][0m - aoa_config                    : None[0m
[35m[2026-04-17 13:39:00,613] [   DEBUG][0m - apply_rope_fusion             : False[0m
[35m[2026-04-17 13:39:00,617] [   DEBUG][0m - apply_rope_fusion             : False[0m
[35m[2026-04-17 13:39:00,619] [   DEBUG][0m - attention_probs_dropout_prob  : 0.0[0m
[35m[2026-04-17 13:39:00,627] [   DEBUG][0m - attention_probs_dropout_prob  : 0.0[0m
[35m[2026-04-17 13:39:00,629] [   DEBUG][0m - auto_parallel_resume_form_hybrid_parallel: False[0m
[35m[2026-04-17 13:39:00,633] [   DEBUG][0m - auto_parallel_resume_form_hybrid_parallel: False[0m
[35m[2026-04-17 13:39:00,636] [   DEBUG][0m - auto_parallel_sync_shared_params: False[0m
[35m[2026-04-17 13:39:00,639] [   DEBUG][0m - auto_parallel_sync_shared_params: False[0m
[35m[2026-04-17 13:39:00,641] [   DEBUG][0m - autotuner_benchmark           : False[0m
[35m[2026-04-17 13:39:00,645] [   DEBUG][0m - autotuner_benchmark           : False[0m
[35m[2026-04-17 13:39:00,649] [   DEBUG][0m - balanced_image_preprocess     : False[0m
[35m[2026-04-17 13:39:00,653] [   DEBUG][0m - balanced_image_preprocess     : False[0m
[35m[2026-04-17 13:39:00,655] [   DEBUG][0m - batch_p2p_comm                : True[0m
[35m[2026-04-17 13:39:00,659] [   DEBUG][0m - batch_p2p_comm                : True[0m
[35m[2026-04-17 13:39:00,661] [   DEBUG][0m - benchmark                     : False[0m
[35m[2026-04-17 13:39:00,665] [   DEBUG][0m - benchmark                     : False[0m
[35m[2026-04-17 13:39:00,668] [   DEBUG][0m - best_unbalanced_scheduler     : False[0m
[35m[2026-04-17 13:39:00,671] [   DEBUG][0m - best_unbalanced_scheduler     : False[0m
[35m[2026-04-17 13:39:00,678] [   DEBUG][0m - beta                          : 0.1[0m
[35m[2026-04-17 13:39:00,682] [   DEBUG][0m - beta                          : 0.1[0m
[35m[2026-04-17 13:39:00,684] [   DEBUG][0m - bf16                          : True[0m
[35m[2026-04-17 13:39:00,688] [   DEBUG][0m - bf16                          : True[0m
[35m[2026-04-17 13:39:00,690] [   DEBUG][0m - bf16_full_eval                : False[0m
[35m[2026-04-17 13:39:00,693] [   DEBUG][0m - bf16_full_eval                : False[0m
[35m[2026-04-17 13:39:00,695] [   DEBUG][0m - ckpt_quant_stage              : O0[0m
[35m[2026-04-17 13:39:00,703] [   DEBUG][0m - ckpt_quant_stage              : O0[0m
[35m[2026-04-17 13:39:00,705] [   DEBUG][0m - clear_every_step_cache        : False[0m
[35m[2026-04-17 13:39:00,708] [   DEBUG][0m - clear_every_step_cache        : False[0m
[35m[2026-04-17 13:39:00,710] [   DEBUG][0m - compute_type                  : bf16[0m
[35m[2026-04-17 13:39:00,714] [   DEBUG][0m - compute_type                  : bf16[0m
[35m[2026-04-17 13:39:00,716] [   DEBUG][0m - context_parallel_rank         : 0[0m
[35m[2026-04-17 13:39:00,719] [   DEBUG][0m - context_parallel_rank         : 0[0m
[35m[2026-04-17 13:39:00,726] [   DEBUG][0m - context_parallel_size         : 1[0m
[35m[2026-04-17 13:39:00,730] [   DEBUG][0m - context_parallel_size         : 1[0m
[35m[2026-04-17 13:39:00,732] [   DEBUG][0m - convert_from_hf               : True[0m
[35m[2026-04-17 13:39:00,735] [   DEBUG][0m - convert_from_hf               : True[0m
[35m[2026-04-17 13:39:00,737] [   DEBUG][0m - copy_custom_file_list         : [0m
[35m[2026-04-17 13:39:00,741] [   DEBUG][0m - copy_custom_file_list         : [0m
[35m[2026-04-17 13:39:00,743] [   DEBUG][0m - count_trained_tokens          : False[0m
[35m[2026-04-17 13:39:00,746] [   DEBUG][0m - count_trained_tokens          : False[0m
[35m[2026-04-17 13:39:00,752] [   DEBUG][0m - cp_comm_type                  : None[0m
[35m[2026-04-17 13:39:00,756] [   DEBUG][0m - cp_comm_type                  : None[0m
[35m[2026-04-17 13:39:00,758] [   DEBUG][0m - cp_sharding_degree            : 1[0m
[35m[2026-04-17 13:39:00,762] [   DEBUG][0m - cp_sharding_degree            : 1[0m
[35m[2026-04-17 13:39:00,764] [   DEBUG][0m - cp_sharding_rank              : 0[0m
[35m[2026-04-17 13:39:00,768] [   DEBUG][0m - cp_sharding_rank              : 0[0m
[35m[2026-04-17 13:39:00,770] [   DEBUG][0m - current_device                : gpu:0[0m
[35m[2026-04-17 13:39:00,774] [   DEBUG][0m - current_device                : gpu:0[0m
[35m[2026-04-17 13:39:00,776] [   DEBUG][0m - data_parallel_config          : [0m
[35m[2026-04-17 13:39:00,780] [   DEBUG][0m - data_parallel_config          : [0m
[35m[2026-04-17 13:39:00,782] [   DEBUG][0m - data_parallel_rank            : 0[0m
[35m[2026-04-17 13:39:00,786] [   DEBUG][0m - data_parallel_rank            : 0[0m
[35m[2026-04-17 13:39:00,789] [   DEBUG][0m - data_parallel_size            : 1[0m
[35m[2026-04-17 13:39:00,798] [   DEBUG][0m - data_parallel_size            : 1[0m
[35m[2026-04-17 13:39:00,800] [   DEBUG][0m - dataloader_drop_last          : False[0m
[35m[2026-04-17 13:39:00,803] [   DEBUG][0m - dataloader_drop_last          : False[0m
[35m[2026-04-17 13:39:00,806] [   DEBUG][0m - dataloader_num_workers        : 0[0m
[35m[2026-04-17 13:39:00,809] [   DEBUG][0m - dataloader_num_workers        : 0[0m
[35m[2026-04-17 13:39:00,812] [   DEBUG][0m - dataloader_shuffle            : True[0m
[35m[2026-04-17 13:39:00,820] [   DEBUG][0m - dataloader_shuffle            : True[0m
[35m[2026-04-17 13:39:00,822] [   DEBUG][0m - dataset_batch_size            : 1000[0m
[35m[2026-04-17 13:39:00,843] [   DEBUG][0m - dataset_batch_size            : 1000[0m
[35m[2026-04-17 13:39:00,845] [   DEBUG][0m - dataset_kwargs                : None[0m
[35m[2026-04-17 13:39:00,849] [   DEBUG][0m - dataset_kwargs                : None[0m
[35m[2026-04-17 13:39:00,852] [   DEBUG][0m - dataset_num_proc              : None[0m
[35m[2026-04-17 13:39:00,855] [   DEBUG][0m - dataset_num_proc              : None[0m
[35m[2026-04-17 13:39:00,857] [   DEBUG][0m - dataset_rank                  : 0[0m
[35m[2026-04-17 13:39:00,865] [   DEBUG][0m - dataset_rank                  : 0[0m
[35m[2026-04-17 13:39:00,867] [   DEBUG][0m - dataset_text_field            : text[0m
[35m[2026-04-17 13:39:00,871] [   DEBUG][0m - dataset_text_field            : text[0m
[35m[2026-04-17 13:39:00,873] [   DEBUG][0m - dataset_world_size            : 1[0m
[35m[2026-04-17 13:39:00,877] [   DEBUG][0m - dataset_world_size            : 1[0m
[35m[2026-04-17 13:39:00,879] [   DEBUG][0m - ddp_find_unused_parameters    : None[0m
[35m[2026-04-17 13:39:00,888] [   DEBUG][0m - ddp_find_unused_parameters    : None[0m
[35m[2026-04-17 13:39:00,896] [   DEBUG][0m - decay_function                : half_life[0m
[35m[2026-04-17 13:39:00,899] [   DEBUG][0m - decay_function                : half_life[0m
[35m[2026-04-17 13:39:00,901] [   DEBUG][0m - decay_steps                   : None[0m
[35m[2026-04-17 13:39:00,904] [   DEBUG][0m - decay_steps                   : None[0m
[35m[2026-04-17 13:39:00,910] [   DEBUG][0m - deterministic_mode            : False[0m
[35m[2026-04-17 13:39:00,914] [   DEBUG][0m - deterministic_mode            : False[0m
[35m[2026-04-17 13:39:00,916] [   DEBUG][0m - device                        : gpu[0m
[35m[2026-04-17 13:39:00,919] [   DEBUG][0m - device                        : gpu[0m
[35m[2026-04-17 13:39:00,921] [   DEBUG][0m - disable_tqdm                  : False[0m
[35m[2026-04-17 13:39:00,930] [   DEBUG][0m - disable_tqdm                  : False[0m
[35m[2026-04-17 13:39:00,932] [   DEBUG][0m - distributed_dataloader        : False[0m
[35m[2026-04-17 13:39:00,935] [   DEBUG][0m - distributed_dataloader        : False[0m
[35m[2026-04-17 13:39:00,938] [   DEBUG][0m - do_eval                       : True[0m
[35m[2026-04-17 13:39:00,942] [   DEBUG][0m - do_eval                       : True[0m
[35m[2026-04-17 13:39:00,955] [   DEBUG][0m - do_export                     : False[0m
[35m[2026-04-17 13:39:00,959] [   DEBUG][0m - do_export                     : False[0m
[35m[2026-04-17 13:39:00,962] [   DEBUG][0m - do_predict                    : False[0m
[35m[2026-04-17 13:39:00,965] [   DEBUG][0m - do_predict                    : False[0m
[35m[2026-04-17 13:39:00,968] [   DEBUG][0m - do_train                      : True[0m
[35m[2026-04-17 13:39:00,971] [   DEBUG][0m - do_train                      : True[0m
[35m[2026-04-17 13:39:00,974] [   DEBUG][0m - download_hub                  : None[0m
[35m[2026-04-17 13:39:00,981] [   DEBUG][0m - download_hub                  : None[0m
[35m[2026-04-17 13:39:00,984] [   DEBUG][0m - dp_allreduce_avg_in_gradinent_scale: False[0m
[35m[2026-04-17 13:39:00,988] [   DEBUG][0m - dp_allreduce_avg_in_gradinent_scale: False[0m
[35m[2026-04-17 13:39:00,990] [   DEBUG][0m - dp_comm_overlap               : False[0m
[35m[2026-04-17 13:39:00,994] [   DEBUG][0m - dp_comm_overlap               : False[0m
[35m[2026-04-17 13:39:00,997] [   DEBUG][0m - dpop_lambda                   : 50[0m
[35m[2026-04-17 13:39:01,000] [   DEBUG][0m - dpop_lambda                   : 50[0m
[35m[2026-04-17 13:39:01,003] [   DEBUG][0m - embedding_init_method         : None[0m
[35m[2026-04-17 13:39:01,007] [   DEBUG][0m - embedding_init_method         : None[0m
[35m[2026-04-17 13:39:01,009] [   DEBUG][0m - embedding_init_method_std     : 0.02[0m
W0417 13:38:59.374182  9735 nccl_comm_context.cc:70] ncclCommInitRankConfigMemOpt is not supported.
W0417 13:38:59.415519 44663 nccl_comm_context.cc:70] ncclCommInitRankConfigMemOpt is not supported.
[2026-04-17 13:38:59,710] [    INFO] topology.py:535 - Total 16 data comm group(s) create successfully!
[2026-04-17 13:38:59,710] [    INFO] topology.py:535 - Total 16 data comm group(s) create successfully!
I0417 13:38:59.711781 44663 process_group_nccl.cc:155] ProcessGroupNCCL pg_timeout_ 1800000
I0417 13:38:59.714861  9735 process_group_nccl.cc:155] ProcessGroupNCCL pg_timeout_ 1800000
I0417 13:38:59.717097 44663 process_group_nccl.cc:156] ProcessGroupNCCL nccl_comm_init_option_ 0
I0417 13:38:59.720428  9735 process_group_nccl.cc:156] ProcessGroupNCCL nccl_comm_init_option_ 0
[2026-04-17 13:38:59,722] [    INFO] topology.py:535 - Total 2 model comm group(s) create successfully!
[2026-04-17 13:38:59,725] [    INFO] topology.py:535 - Total 2 model comm group(s) create successfully!
[2026-04-17 13:38:59,727] [    INFO] topology.py:535 - Total 16 sharding comm group(s) create successfully!
[2026-04-17 13:38:59,731] [    INFO] topology.py:535 - Total 16 sharding comm group(s) create successfully!
I0417 13:38:59.734129 44663 process_group_nccl.cc:155] ProcessGroupNCCL pg_timeout_ 1800000
I0417 13:38:59.738024  9735 process_group_nccl.cc:155] ProcessGroupNCCL pg_timeout_ 1800000
I0417 13:38:59.740646 44663 process_group_nccl.cc:156] ProcessGroupNCCL nccl_comm_init_option_ 0
I0417 13:38:59.743786  9735 process_group_nccl.cc:156] ProcessGroupNCCL nccl_comm_init_option_ 0
[2026-04-17 13:38:59,746] [    INFO] topology.py:449 - HybridParallelInfo: rank_id: 8, mp_degree: 8, sharding_degree: 1, pp_degree: 2, dp_degree: 1, sep_degree: 1, mp_group: [8, 9, 10, 11, 12, 13, 14, 15],  sharding_group: [8], pp_group: [0, 8], dp_group: [8], sep:group: None, check/clip group: [0, 1, 2, 3, 4, 5, 6, 7, 8, 9, 10, 11, 12, 13, 14, 15]
[2026-04-17 13:38:59,749] [    INFO] topology.py:449 - HybridParallelInfo: rank_id: 0, mp_degree: 8, sharding_degree: 1, pp_degree: 2, dp_degree: 1, sep_degree: 1, mp_group: [0, 1, 2, 3, 4, 5, 6, 7],  sharding_group: [0], pp_group: [0, 8], dp_group: [0], sep:group: None, check/clip group: [0, 1, 2, 3, 4, 5, 6, 7, 8, 9, 10, 11, 12, 13, 14, 15]
[32m[2026-04-17 13:38:59,753] [    INFO][0m -     +==============================================================================+
    |                                                                              |
    |                         DistributedStrategy Overview                         |
    |                                                                              |
    +==============================================================================+
    |                        a_sync=True <-> a_sync_configs                        |
    +------------------------------------------------------------------------------+
    |                               k_steps                    -1                  |
    |                     max_merge_var_num                    1                   |
    |                       send_queue_size                    16                  |
    |               independent_recv_thread                  False                 |
    |         min_send_grad_num_before_recv                    1                   |
    |                      thread_pool_size                    1                   |
    |                       send_wait_times                    1                   |
    |               runtime_split_send_recv                  False                 |
    |                        launch_barrier                   True                 |
    |             heter_worker_device_guard                   cpu                  |
    |                        lr_decay_steps                    10                  |
    |                            use_ps_gpu                    0                   |
    |                         use_gpu_graph                    0                   |
    +==============================================================================+
    |                    Environment Flags, Communication Flags                    |
    +------------------------------------------------------------------------------+
    |                                  mode                    1                   |
    |                               elastic                  False                 |
    |                                  auto                  False                 |
    |                   sync_nccl_allreduce                   True                 |
    |                         nccl_comm_num                    1                   |
    |            use_hierarchical_allreduce                  False                 |
    |   hierarchical_allreduce_inter_nranks                    1                   |
    |                       sync_batch_norm                  False                 |
    |                   fuse_all_reduce_ops                   True                 |
    |                  fuse_grad_size_in_MB                    32                  |
    |              fuse_grad_size_in_TFLOPS                   50.0                 |
    |               cudnn_exhaustive_search                  False                 |
    |             conv_workspace_size_limit                   512                  |
    |    cudnn_batchnorm_spatial_persistent                  False                 |
    |                        fp16_allreduce                  False                 |
    |               last_comm_group_size_MB                   1.0                  |
    |                find_unused_parameters                  False                 |
    |            without_graph_optimization                   True                 |
    |                 fuse_grad_size_in_num                    8                   |
    |                 calc_comm_same_stream                  False                 |
    |                                   asp                  False                 |
    |                       fuse_grad_merge                  False                 |
    |                             semi_auto                  False                 |
    |                            adam_d2sum                  False                 |
    |                           auto_search                  False                 |
    |                        heter_ccl_mode                  False                 |
    |                         is_fl_ps_mode                  False                 |
    |                      with_coordinator                  False                 |
    |                            split_data                   True                 |
    |                  downpour_table_param                    []                  |
    |                       fs_client_param                                        |
    +==============================================================================+
    |                                Build Strategy                                |
    +------------------------------------------------------------------------------+
    |              fuse_elewise_add_act_ops                  False                 |
    |                       fuse_bn_act_ops                  False                 |
    |              fuse_relu_depthwise_conv                  False                 |
    |                    fuse_broadcast_ops                  False                 |
    |                fuse_all_optimizer_ops                  False                 |
    |                        enable_inplace                  False                 |
    |     enable_backward_optimizer_op_deps                   True                 |
    |                 cache_runtime_context                  False                 |
    |                   fuse_bn_add_act_ops                   True                 |
    |                    enable_auto_fusion                  False                 |
    |                          enable_addto                  False                 |
    |              allow_cuda_graph_capture                  False                 |
    |                       reduce_strategy                    0                   |
    |                    fuse_gemm_epilogue                  False                 |
    |                   debug_graphviz_path                                        |
    |                       fused_attention                  False                 |
    |                     fused_feedforward                  False                 |
    |            fuse_dot_product_attention                  False                 |
    |                          fuse_resunit                  False                 |
    +==============================================================================+
[0m
[32m[2026-04-17 13:38:59,756] [    INFO][0m - The default value for the training argument `--report_to` will change in v5 (from all installed integrations to none). In v5, you will need to use `--report_to all` to get the same behavior as now. You should start updating your code and make this info disappear :-).[0m
[32m[2026-04-17 13:38:59,756] [    INFO][0m -     +==============================================================================+
    |                                                                              |
    |                         DistributedStrategy Overview                         |
    |                                                                              |
    +==============================================================================+
    |                        a_sync=True <-> a_sync_configs                        |
    +------------------------------------------------------------------------------+
    |                               k_steps                    -1                  |
    |                     max_merge_var_num                    1                   |
    |                       send_queue_size                    16                  |
    |               independent_recv_thread                  False                 |
    |         min_send_grad_num_before_recv                    1                   |
    |                      thread_pool_size                    1                   |
    |                       send_wait_times                    1                   |
    |               runtime_split_send_recv                  False                 |
    |                        launch_barrier                   True                 |
    |             heter_worker_device_guard                   cpu                  |
    |                        lr_decay_steps                    10                  |
    |                            use_ps_gpu                    0                   |
    |                         use_gpu_graph                    0                   |
    +==============================================================================+
    |                    Environment Flags, Communication Flags                    |
    +------------------------------------------------------------------------------+
    |                                  mode                    1                   |
    |                               elastic                  False                 |
    |                                  auto                  False                 |
    |                   sync_nccl_allreduce                   True                 |
    |                         nccl_comm_num                    1                   |
    |            use_hierarchical_allreduce                  False                 |
    |   hierarchical_allreduce_inter_nranks                    1                   |
    |                       sync_batch_norm                  False                 |
    |                   fuse_all_reduce_ops                   True                 |
    |                  fuse_grad_size_in_MB                    32                  |
    |              fuse_grad_size_in_TFLOPS                   50.0                 |
    |               cudnn_exhaustive_search                  False                 |
    |             conv_workspace_size_limit                   512                  |
    |    cudnn_batchnorm_spatial_persistent                  False                 |
    |                        fp16_allreduce                  False                 |
    |               last_comm_group_size_MB                   1.0                  |
    |                find_unused_parameters                  False                 |
    |            without_graph_optimization                   True                 |
    |                 fuse_grad_size_in_num                    8                   |
    |                 calc_comm_same_stream                  False                 |
    |                                   asp                  False                 |
    |                       fuse_grad_merge                  False                 |
    |                             semi_auto                  False                 |
    |                            adam_d2sum                  False                 |
    |                           auto_search                  False                 |
    |                        heter_ccl_mode                  False                 |
    |                         is_fl_ps_mode                  False                 |
    |                      with_coordinator                  False                 |
    |                            split_data                   True                 |
    |                  downpour_table_param                    []                  |
    |                       fs_client_param                                        |
    +==============================================================================+
    |                                Build Strategy                                |
    +------------------------------------------------------------------------------+
    |              fuse_elewise_add_act_ops                  False                 |
    |                       fuse_bn_act_ops                  False                 |
    |              fuse_relu_depthwise_conv                  False                 |
    |                    fuse_broadcast_ops                  False                 |
    |                fuse_all_optimizer_ops                  False                 |
    |                        enable_inplace                  False                 |
    |     enable_backward_optimizer_op_deps                   True                 |
    |                 cache_runtime_context                  False                 |
    |                   fuse_bn_add_act_ops                   True                 |
    |                    enable_auto_fusion                  False                 |
    |                          enable_addto                  False                 |
    |              allow_cuda_graph_capture                  False                 |
    |                       reduce_strategy                    0                   |
    |                    fuse_gemm_epilogue                  False                 |
    |                   debug_graphviz_path                                        |
    |                       fused_attention                  False                 |
    |                     fused_feedforward                  False                 |
    |            fuse_dot_product_attention                  False                 |
    |                          fuse_resunit                  False                 |
    +==============================================================================+
[0m
[32m[2026-04-17 13:38:59,758] [    INFO][0m - Auto set hybrid_parallel_expert_grad_scale = 8.0[0m
[32m[2026-04-17 13:38:59,762] [    INFO][0m - The default value for the training argument `--report_to` will change in v5 (from all installed integrations to none). In v5, you will need to use `--report_to all` to get the same behavior as now. You should start updating your code and make this info disappear :-).[0m
[32m[2026-04-17 13:38:59,764] [    INFO][0m - reset finetuning arguments global_batch_size to 4[0m
[32m[2026-04-17 13:38:59,769] [    INFO][0m - Auto set hybrid_parallel_expert_grad_scale = 8.0[0m
[32m[2026-04-17 13:38:59,771] [    INFO][0m - fixing pp configs: {'micro_batch_size': 1, 'accumulate_steps': 4, 'schedule_mode': '1F1B', 'p2p_cache_shape': True, 'enable_partial_send_recv': True}[0m
[32m[2026-04-17 13:38:59,774] [    INFO][0m - reset finetuning arguments global_batch_size to 4[0m
[32m[2026-04-17 13:38:59,779] [    INFO][0m - fixing pp configs: {'micro_batch_size': 1, 'accumulate_steps': 4, 'schedule_mode': '1F1B', 'p2p_cache_shape': True, 'enable_partial_send_recv': True}[0m
[35m[2026-04-17 13:38:59,805] [   DEBUG][0m - ============================================================[0m
[35m[2026-04-17 13:38:59,805] [   DEBUG][0m - ============================================================[0m
[35m[2026-04-17 13:38:59,807] [   DEBUG][0m -      Model Configuration Arguments      [0m
[35m[2026-04-17 13:38:59,809] [   DEBUG][0m -      Model Configuration Arguments      [0m
[35m[2026-04-17 13:38:59,812] [   DEBUG][0m - paddle commit id              : 49365aedc591d696031d8774418280d044b6d6f7[0m
[35m[2026-04-17 13:38:59,815] [   DEBUG][0m - paddle commit id              : 49365aedc591d696031d8774418280d044b6d6f7[0m
[35m[2026-04-17 13:38:59,850] [   DEBUG][0m - paddleformers commit id       : eabee61c526c00a830efd09c629b9f5a8bde7712.dirty[0m
[35m[2026-04-17 13:38:59,851] [   DEBUG][0m - paddleformers commit id       : eabee61c526c00a830efd09c629b9f5a8bde7712.dirty[0m
[35m[2026-04-17 13:38:59,852] [   DEBUG][0m - _attn_implementation          : eager[0m
[35m[2026-04-17 13:38:59,855] [   DEBUG][0m - _attn_implementation          : eager[0m
[35m[2026-04-17 13:38:59,858] [   DEBUG][0m - bos_token_id                  : 0[0m
[35m[2026-04-17 13:38:59,861] [   DEBUG][0m - bos_token_id                  : 0[0m
[35m[2026-04-17 13:38:59,863] [   DEBUG][0m - continue_training             : False[0m
[35m[2026-04-17 13:38:59,867] [   DEBUG][0m - continue_training             : False[0m
[35m[2026-04-17 13:38:59,869] [   DEBUG][0m - copy_custom_file_list         : [0m
[35m[2026-04-17 13:38:59,872] [   DEBUG][0m - copy_custom_file_list         : [0m
[35m[2026-04-17 13:38:59,874] [   DEBUG][0m - download_hub                  : None[0m
[35m[2026-04-17 13:38:59,877] [   DEBUG][0m - download_hub                  : None[0m
[35m[2026-04-17 13:38:59,879] [   DEBUG][0m - eos_token_id                  : 1[0m
[35m[2026-04-17 13:38:59,882] [   DEBUG][0m - eos_token_id                  : 1[0m
[35m[2026-04-17 13:38:59,884] [   DEBUG][0m - ernie_model_config            : ErniePretrainArgument(use_quant_before_a2a=False, use_async_a2a=False, use_rms_qkv_recompute=False, moe_logging=False, use_recompute=False, num_nextn_predict_layers=0, use_fp8_mlp=False, num_hidden_layers=2, num_empty_layers_add_in_tail=0, use_fp8_fuse_node=False, use_ep_comm_overlap=False, fp8_mem_configs=FP8MemConfigs(shared_expert=False, recompute_fwd_gate_up=False, dequant_input=False, offline_quant_expert_weight=False, clear_origin_weight_when_offline_quant=False), fp8_fused_ops_configs=FP8FusedOpsConfigs(stack_quant=False, swiglu_probs_bwd=False, split_group_gemm=True, spaq=True, transpose_split_quant=True), use_combine_before_a2a=False, moe_num_experts=0, moe_k=2, moe_use_aux_free=False, moe_gate='top2_fused', transpose_split_quant=False)[0m
[35m[2026-04-17 13:38:59,887] [   DEBUG][0m - ernie_model_config            : ErniePretrainArgument(use_quant_before_a2a=False, use_async_a2a=False, use_rms_qkv_recompute=False, moe_logging=False, use_recompute=False, num_nextn_predict_layers=0, use_fp8_mlp=False, num_hidden_layers=2, num_empty_layers_add_in_tail=0, use_fp8_fuse_node=False, use_ep_comm_overlap=False, fp8_mem_configs=FP8MemConfigs(shared_expert=False, recompute_fwd_gate_up=False, dequant_input=False, offline_quant_expert_weight=False, clear_origin_weight_when_offline_quant=False), fp8_fused_ops_configs=FP8FusedOpsConfigs(stack_quant=False, swiglu_probs_bwd=False, split_group_gemm=True, spaq=True, transpose_split_quant=True), use_combine_before_a2a=False, moe_num_experts=0, moe_k=2, moe_use_aux_free=False, moe_gate='top2_fused', transpose_split_quant=False)[0m
[35m[2026-04-17 13:38:59,890] [   DEBUG][0m - fine_tuning                   : full[0m
[35m[2026-04-17 13:38:59,893] [   DEBUG][0m - fine_tuning                   : full[0m
[35m[2026-04-17 13:38:59,895] [   DEBUG][0m - fuse_gate_detach_matmul       : True[0m
[35m[2026-04-17 13:38:59,899] [   DEBUG][0m - fuse_gate_detach_matmul       : True[0m
[35m[2026-04-17 13:38:59,901] [   DEBUG][0m - fuse_softmax_mask             : False[0m
[35m[2026-04-17 13:38:59,904] [   DEBUG][0m - fuse_softmax_mask             : False[0m
[35m[2026-04-17 13:38:59,906] [   DEBUG][0m - lora                          : False[0m
[35m[2026-04-17 13:38:59,909] [   DEBUG][0m - lora                          : False[0m
[35m[2026-04-17 13:38:59,912] [   DEBUG][0m - lora_alpha                    : -1[0m
[35m[2026-04-17 13:38:59,915] [   DEBUG][0m - lora_alpha                    : -1[0m
[35m[2026-04-17 13:38:59,918] [   DEBUG][0m - lora_path                     : None[0m
[35m[2026-04-17 13:38:59,921] [   DEBUG][0m - lora_path                     : None[0m
[35m[2026-04-17 13:38:59,923] [   DEBUG][0m - lora_plus_scale               : 1.0[0m
[35m[2026-04-17 13:38:59,929] [   DEBUG][0m - lora_plus_scale               : 1.0[0m
[35m[2026-04-17 13:38:59,931] [   DEBUG][0m - lora_rank                     : 8[0m
[35m[2026-04-17 13:38:59,934] [   DEBUG][0m - lora_rank                     : 8[0m
[35m[2026-04-17 13:38:59,936] [   DEBUG][0m - loss_subbatch_seqlen          : 32768[0m
[35m[2026-04-17 13:38:59,939] [   DEBUG][0m - loss_subbatch_seqlen          : 32768[0m
[35m[2026-04-17 13:38:59,944] [   DEBUG][0m - max_position_embeddings       : 4096[0m
[35m[2026-04-17 13:38:59,947] [   DEBUG][0m - max_position_embeddings       : 4096[0m
[35m[2026-04-17 13:38:59,949] [   DEBUG][0m - model_name_or_path            : ./models/Llama-2-52B[0m
[35m[2026-04-17 13:38:59,953] [   DEBUG][0m - model_name_or_path            : ./models/Llama-2-52B[0m
[35m[2026-04-17 13:38:59,955] [   DEBUG][0m - model_with_dpo_criterion      : False[0m
[35m[2026-04-17 13:38:59,958] [   DEBUG][0m - model_with_dpo_criterion      : False[0m
[35m[2026-04-17 13:38:59,963] [   DEBUG][0m - moe_gate                      : top2_fused[0m
[35m[2026-04-17 13:38:59,966] [   DEBUG][0m - moe_gate                      : top2_fused[0m
[35m[2026-04-17 13:38:59,968] [   DEBUG][0m - moe_group                     : dummy[0m
[35m[2026-04-17 13:38:59,971] [   DEBUG][0m - moe_group                     : dummy[0m
[35m[2026-04-17 13:38:59,973] [   DEBUG][0m - moe_group_experts             : False[0m
[35m[2026-04-17 13:38:59,976] [   DEBUG][0m - moe_group_experts             : False[0m
[35m[2026-04-17 13:38:59,978] [   DEBUG][0m - moe_multimodal_dispatch_use_allgather: v2-alltoall-unpad[0m
[35m[2026-04-17 13:38:59,981] [   DEBUG][0m - moe_multimodal_dispatch_use_allgather: v2-alltoall-unpad[0m
[35m[2026-04-17 13:38:59,984] [   DEBUG][0m - moe_orthogonal_loss_lambda    : 0.0[0m
[35m[2026-04-17 13:38:59,987] [   DEBUG][0m - moe_orthogonal_loss_lambda    : 0.0[0m
[35m[2026-04-17 13:38:59,989] [   DEBUG][0m - moe_use_aux_free              : None[0m
[35m[2026-04-17 13:38:59,992] [   DEBUG][0m - moe_use_aux_free              : None[0m
[35m[2026-04-17 13:38:59,994] [   DEBUG][0m - moe_use_hard_gate             : False[0m
[35m[2026-04-17 13:38:59,998] [   DEBUG][0m - moe_use_hard_gate             : False[0m
[35m[2026-04-17 13:39:00,046] [   DEBUG][0m - neftune                       : False[0m
[35m[2026-04-17 13:39:00,051] [   DEBUG][0m - neftune                       : False[0m
[35m[2026-04-17 13:39:00,054] [   DEBUG][0m - neftune_noise_alpha           : 5.0[0m
[35m[2026-04-17 13:39:00,057] [   DEBUG][0m - neftune_noise_alpha           : 5.0[0m
[35m[2026-04-17 13:39:00,060] [   DEBUG][0m - pp_seg_method                 : layer:DecoderLayer|EmptyLayer[0m
[35m[2026-04-17 13:39:00,063] [   DEBUG][0m - pp_seg_method                 : layer:DecoderLayer|EmptyLayer[0m
[35m[2026-04-17 13:39:00,066] [   DEBUG][0m - rope_3d                       : True[0m
[35m[2026-04-17 13:39:00,068] [   DEBUG][0m - rope_3d                       : True[0m
[35m[2026-04-17 13:39:00,071] [   DEBUG][0m - rslora                        : False[0m
[35m[2026-04-17 13:39:00,073] [   DEBUG][0m - rslora                        : False[0m
[35m[2026-04-17 13:39:00,080] [   DEBUG][0m - rslora_plus                   : False[0m
[35m[2026-04-17 13:39:00,085] [   DEBUG][0m - rslora_plus                   : False[0m
[35m[2026-04-17 13:39:00,127] [   DEBUG][0m - stage                         : PT[0m
[35m[2026-04-17 13:39:00,130] [   DEBUG][0m - stage                         : PT[0m
[35m[2026-04-17 13:39:00,132] [   DEBUG][0m - tokenizer_name_or_path        : None[0m
[35m[2026-04-17 13:39:00,135] [   DEBUG][0m - tokenizer_name_or_path        : None[0m
[35m[2026-04-17 13:39:00,138] [   DEBUG][0m - use_attn_mask_startend_row_indices: True[0m
[35m[2026-04-17 13:39:00,141] [   DEBUG][0m - use_attn_mask_startend_row_indices: True[0m
[35m[2026-04-17 13:39:00,144] [   DEBUG][0m - use_fast_layer_norm           : False[0m
[35m[2026-04-17 13:39:00,146] [   DEBUG][0m - use_fast_layer_norm           : False[0m
[35m[2026-04-17 13:39:00,151] [   DEBUG][0m - use_global_causal_attn        : False[0m
[35m[2026-04-17 13:39:00,154] [   DEBUG][0m - use_global_causal_attn        : False[0m
[35m[2026-04-17 13:39:00,156] [   DEBUG][0m - use_mem_eff_attn              : True[0m
[35m[2026-04-17 13:39:00,160] [   DEBUG][0m - use_mem_eff_attn              : True[0m
[35m[2026-04-17 13:39:00,162] [   DEBUG][0m - use_sparse_flash_attn         : True[0m
[35m[2026-04-17 13:39:00,165] [   DEBUG][0m - use_sparse_flash_attn         : True[0m
[35m[2026-04-17 13:39:00,167] [   DEBUG][0m - vision_config                 : VisionArguments(attn_implementation='eager', attn_sep=True, depth=32, embed_dim=1280, hidden_act='quick_gelu', hidden_size=1280, in_channels=3, mlp_ratio=4, model_type='DFNRope_vision_transformer', num_heads=16, patch_size=14, spatial_merge_size=2, tensor_model_parallel_size=4, vit_num_recompute_layers=10000)[0m
[35m[2026-04-17 13:39:00,170] [   DEBUG][0m - vision_config                 : VisionArguments(attn_implementation='eager', attn_sep=True, depth=32, embed_dim=1280, hidden_act='quick_gelu', hidden_size=1280, in_channels=3, mlp_ratio=4, model_type='DFNRope_vision_transformer', num_heads=16, patch_size=14, spatial_merge_size=2, tensor_model_parallel_size=4, vit_num_recompute_layers=10000)[0m
[35m[2026-04-17 13:39:00,173] [   DEBUG][0m - [0m
[35m[2026-04-17 13:39:00,176] [   DEBUG][0m - [0m
[35m[2026-04-17 13:39:00,179] [   DEBUG][0m - ============================================================[0m
[35m[2026-04-17 13:39:00,182] [   DEBUG][0m - ============================================================[0m
[35m[2026-04-17 13:39:00,184] [   DEBUG][0m -       Data Configuration Arguments      [0m
[35m[2026-04-17 13:39:00,187] [   DEBUG][0m -       Data Configuration Arguments      [0m
[35m[2026-04-17 13:39:00,189] [   DEBUG][0m - paddle commit id              : 49365aedc591d696031d8774418280d044b6d6f7[0m
[35m[2026-04-17 13:39:00,197] [   DEBUG][0m - paddle commit id              : 49365aedc591d696031d8774418280d044b6d6f7[0m
[35m[2026-04-17 13:39:00,233] [   DEBUG][0m - paddleformers commit id       : eabee61c526c00a830efd09c629b9f5a8bde7712.dirty[0m
[35m[2026-04-17 13:39:00,236] [   DEBUG][0m - paddleformers commit id       : eabee61c526c00a830efd09c629b9f5a8bde7712.dirty[0m
[35m[2026-04-17 13:39:00,238] [   DEBUG][0m - binpacking                    : True[0m
[35m[2026-04-17 13:39:00,241] [   DEBUG][0m - binpacking                    : True[0m
[35m[2026-04-17 13:39:00,244] [   DEBUG][0m - buffer_size                   : 500[0m
[35m[2026-04-17 13:39:00,247] [   DEBUG][0m - buffer_size                   : 500[0m
[35m[2026-04-17 13:39:00,251] [   DEBUG][0m - custom_register_path          : None[0m
[35m[2026-04-17 13:39:00,254] [   DEBUG][0m - custom_register_path          : None[0m
[35m[2026-04-17 13:39:00,270] [   DEBUG][0m - data_cache                    : None[0m
[35m[2026-04-17 13:39:00,277] [   DEBUG][0m - data_cache                    : None[0m
[35m[2026-04-17 13:39:00,280] [   DEBUG][0m - data_impl                     : mmap[0m
[35m[2026-04-17 13:39:00,283] [   DEBUG][0m - data_impl                     : mmap[0m
[35m[2026-04-17 13:39:00,286] [   DEBUG][0m - dataset_output_dir            : ./dataset_output[0m
[35m[2026-04-17 13:39:00,288] [   DEBUG][0m - dataset_output_dir            : ./dataset_output[0m
[35m[2026-04-17 13:39:00,290] [   DEBUG][0m - dataset_type                  : pretrain[0m
[35m[2026-04-17 13:39:00,293] [   DEBUG][0m - dataset_type                  : pretrain[0m
[35m[2026-04-17 13:39:00,296] [   DEBUG][0m - encode_one_turn               : True[0m
[35m[2026-04-17 13:39:00,299] [   DEBUG][0m - encode_one_turn               : True[0m
[35m[2026-04-17 13:39:00,301] [   DEBUG][0m - eval_dataset_path             : examples/data/sft-eval.jsonl[0m
[35m[2026-04-17 13:39:00,304] [   DEBUG][0m - eval_dataset_path             : examples/data/sft-eval.jsonl[0m
[35m[2026-04-17 13:39:00,306] [   DEBUG][0m - eval_dataset_prob             : 1.0[0m
[35m[2026-04-17 13:39:00,309] [   DEBUG][0m - eval_dataset_prob             : 1.0[0m
[35m[2026-04-17 13:39:00,312] [   DEBUG][0m - eval_dataset_type             : erniekit[0m
[35m[2026-04-17 13:39:00,318] [   DEBUG][0m - eval_dataset_type             : erniekit[0m
[35m[2026-04-17 13:39:00,320] [   DEBUG][0m - eval_with_do_generation       : False[0m
[35m[2026-04-17 13:39:00,324] [   DEBUG][0m - eval_with_do_generation       : False[0m
[35m[2026-04-17 13:39:00,326] [   DEBUG][0m - greedy_intokens               : True[0m
[35m[2026-04-17 13:39:00,329] [   DEBUG][0m - greedy_intokens               : True[0m
[35m[2026-04-17 13:39:00,331] [   DEBUG][0m - input_dir                     : 1.0 ./data/pt/llama_openwebtext_100k[0m
[35m[2026-04-17 13:39:00,335] [   DEBUG][0m - input_dir                     : 1.0 ./data/pt/llama_openwebtext_100k[0m
[35m[2026-04-17 13:39:00,341] [   DEBUG][0m - make_offline_data             : False[0m
[35m[2026-04-17 13:39:00,344] [   DEBUG][0m - make_offline_data             : False[0m
[35m[2026-04-17 13:39:00,347] [   DEBUG][0m - max_prompt_len                : 2048[0m
[35m[2026-04-17 13:39:00,350] [   DEBUG][0m - max_prompt_len                : 2048[0m
[35m[2026-04-17 13:39:00,352] [   DEBUG][0m - max_seq_len                   : 4096[0m
[35m[2026-04-17 13:39:00,356] [   DEBUG][0m - max_seq_len                   : 4096[0m
[35m[2026-04-17 13:39:00,361] [   DEBUG][0m - mix_strategy                  : concat[0m
[35m[2026-04-17 13:39:00,364] [   DEBUG][0m - mix_strategy                  : concat[0m
[35m[2026-04-17 13:39:00,367] [   DEBUG][0m - new_special_tokens_path       : None[0m
[35m[2026-04-17 13:39:00,371] [   DEBUG][0m - new_special_tokens_path       : None[0m
[35m[2026-04-17 13:39:00,373] [   DEBUG][0m - num_samples_each_epoch        : 6000000[0m
[35m[2026-04-17 13:39:00,376] [   DEBUG][0m - num_samples_each_epoch        : 6000000[0m
[35m[2026-04-17 13:39:00,379] [   DEBUG][0m - packed_idx_cache_dir          : None[0m
[35m[2026-04-17 13:39:00,386] [   DEBUG][0m - packed_idx_cache_dir          : None[0m
[35m[2026-04-17 13:39:00,388] [   DEBUG][0m - packing                       : False[0m
[35m[2026-04-17 13:39:00,392] [   DEBUG][0m - packing                       : False[0m
[35m[2026-04-17 13:39:00,393] [   DEBUG][0m - packing_interval              : 1000[0m
[35m[2026-04-17 13:39:00,397] [   DEBUG][0m - packing_interval              : 1000[0m
[35m[2026-04-17 13:39:00,399] [   DEBUG][0m - padding_free                  : False[0m
[35m[2026-04-17 13:39:00,402] [   DEBUG][0m - padding_free                  : False[0m
[35m[2026-04-17 13:39:00,409] [   DEBUG][0m - processor_use_fast            : None[0m
[35m[2026-04-17 13:39:00,413] [   DEBUG][0m - processor_use_fast            : None[0m
[35m[2026-04-17 13:39:00,415] [   DEBUG][0m - random_shuffle                : True[0m
[35m[2026-04-17 13:39:00,418] [   DEBUG][0m - random_shuffle                : True[0m
[35m[2026-04-17 13:39:00,420] [   DEBUG][0m - share_folder                  : False[0m
[35m[2026-04-17 13:39:00,423] [   DEBUG][0m - share_folder                  : False[0m
[35m[2026-04-17 13:39:00,425] [   DEBUG][0m - skip_warmup                   : True[0m
[35m[2026-04-17 13:39:00,432] [   DEBUG][0m - skip_warmup                   : True[0m
[35m[2026-04-17 13:39:00,435] [   DEBUG][0m - split                         : 990,10,0[0m
[35m[2026-04-17 13:39:00,438] [   DEBUG][0m - split                         : 990,10,0[0m
[35m[2026-04-17 13:39:00,440] [   DEBUG][0m - split_multi_turn              : False[0m
[35m[2026-04-17 13:39:00,444] [   DEBUG][0m - split_multi_turn              : False[0m
[35m[2026-04-17 13:39:00,446] [   DEBUG][0m - template                      : None[0m
[35m[2026-04-17 13:39:00,448] [   DEBUG][0m - template                      : None[0m
[35m[2026-04-17 13:39:00,454] [   DEBUG][0m - template_backend              : custom[0m
[35m[2026-04-17 13:39:00,457] [   DEBUG][0m - template_backend              : custom[0m
[35m[2026-04-17 13:39:00,459] [   DEBUG][0m - train_dataset_path            : None[0m
[35m[2026-04-17 13:39:00,462] [   DEBUG][0m - train_dataset_path            : None[0m
[35m[2026-04-17 13:39:00,463] [   DEBUG][0m - train_dataset_prob            : None[0m
[35m[2026-04-17 13:39:00,466] [   DEBUG][0m - train_dataset_prob            : None[0m
[35m[2026-04-17 13:39:00,468] [   DEBUG][0m - train_dataset_type            : None[0m
[35m[2026-04-17 13:39:00,471] [   DEBUG][0m - train_dataset_type            : None[0m
[35m[2026-04-17 13:39:00,496] [   DEBUG][0m - truncate_packing              : True[0m
[35m[2026-04-17 13:39:00,499] [   DEBUG][0m - truncate_packing              : True[0m
[35m[2026-04-17 13:39:00,502] [   DEBUG][0m - truncation_strategy           : delete[0m
[35m[2026-04-17 13:39:00,505] [   DEBUG][0m - truncation_strategy           : delete[0m
[35m[2026-04-17 13:39:00,508] [   DEBUG][0m - use_template                  : True[0m
[35m[2026-04-17 13:39:00,515] [   DEBUG][0m - use_template                  : True[0m
[35m[2026-04-17 13:39:00,517] [   DEBUG][0m - warmup_only_rank0             : False[0m
[35m[2026-04-17 13:39:00,520] [   DEBUG][0m - warmup_only_rank0             : False[0m
[35m[2026-04-17 13:39:00,523] [   DEBUG][0m - [0m
[35m[2026-04-17 13:39:00,526] [   DEBUG][0m - [0m
[35m[2026-04-17 13:39:00,529] [   DEBUG][0m - ============================================================[0m
[35m[2026-04-17 13:39:00,532] [   DEBUG][0m - ============================================================[0m
[35m[2026-04-17 13:39:00,534] [   DEBUG][0m -      Train Configuration Arguments      [0m
[35m[2026-04-17 13:39:00,542] [   DEBUG][0m -      Train Configuration Arguments      [0m
[35m[2026-04-17 13:39:00,544] [   DEBUG][0m - paddle commit id              : 49365aedc591d696031d8774418280d044b6d6f7[0m
[35m[2026-04-17 13:39:00,548] [   DEBUG][0m - paddle commit id              : 49365aedc591d696031d8774418280d044b6d6f7[0m
[35m[2026-04-17 13:39:00,551] [   DEBUG][0m - paddleformers commit id       : eabee61c526c00a830efd09c629b9f5a8bde7712.dirty[0m
[35m[2026-04-17 13:39:00,554] [   DEBUG][0m - paddleformers commit id       : eabee61c526c00a830efd09c629b9f5a8bde7712.dirty[0m
[35m[2026-04-17 13:39:00,557] [   DEBUG][0m - _no_sync_in_gradient_accumulation: True[0m
[35m[2026-04-17 13:39:00,561] [   DEBUG][0m - _no_sync_in_gradient_accumulation: True[0m
[35m[2026-04-17 13:39:00,563] [   DEBUG][0m - adam_beta1                    : 0.9[0m
[35m[2026-04-17 13:39:00,567] [   DEBUG][0m - adam_beta1                    : 0.9[0m
[35m[2026-04-17 13:39:00,569] [   DEBUG][0m - adam_beta2                    : 0.999[0m
[35m[2026-04-17 13:39:00,572] [   DEBUG][0m - adam_beta2                    : 0.999[0m
[35m[2026-04-17 13:39:00,575] [   DEBUG][0m - adam_epsilon                  : 1e-08[0m
[35m[2026-04-17 13:39:00,582] [   DEBUG][0m - adam_epsilon                  : 1e-08[0m
[35m[2026-04-17 13:39:00,585] [   DEBUG][0m - amp_custom_black_list         : ['reduce_sum', 'softmax_with_cross_entropy', 'c_softmax_with_cross_entropy', 'elementwise_div', 'sin', 'cos'][0m
[35m[2026-04-17 13:39:00,588] [   DEBUG][0m - amp_custom_black_list         : ['reduce_sum', 'softmax_with_cross_entropy', 'c_softmax_with_cross_entropy', 'elementwise_div', 'sin', 'cos'][0m
[35m[2026-04-17 13:39:00,591] [   DEBUG][0m - amp_custom_white_list         : ['lookup_table', 'lookup_table_v2', 'flash_attn', 'matmul', 'matmul_v2', 'fused_gemm_epilogue'][0m
[35m[2026-04-17 13:39:00,593] [   DEBUG][0m - amp_custom_white_list         : ['lookup_table', 'lookup_table_v2', 'flash_attn', 'matmul', 'matmul_v2', 'fused_gemm_epilogue'][0m
[35m[2026-04-17 13:39:00,595] [   DEBUG][0m - amp_master_grad               : True[0m
[35m[2026-04-17 13:39:00,603] [   DEBUG][0m - amp_master_grad               : True[0m
[35m[2026-04-17 13:39:00,607] [   DEBUG][0m - aoa_config                    : None[0m
[35m[2026-04-17 13:39:00,611] [   DEBUG][0m - aoa_config                    : None[0m
[35m[2026-04-17 13:39:00,613] [   DEBUG][0m - apply_rope_fusion             : False[0m
[35m[2026-04-17 13:39:00,617] [   DEBUG][0m - apply_rope_fusion             : False[0m
[35m[2026-04-17 13:39:00,619] [   DEBUG][0m - attention_probs_dropout_prob  : 0.0[0m
[35m[2026-04-17 13:39:00,627] [   DEBUG][0m - attention_probs_dropout_prob  : 0.0[0m
[35m[2026-04-17 13:39:00,629] [   DEBUG][0m - auto_parallel_resume_form_hybrid_parallel: False[0m
[35m[2026-04-17 13:39:00,633] [   DEBUG][0m - auto_parallel_resume_form_hybrid_parallel: False[0m
[35m[2026-04-17 13:39:00,636] [   DEBUG][0m - auto_parallel_sync_shared_params: False[0m
[35m[2026-04-17 13:39:00,639] [   DEBUG][0m - auto_parallel_sync_shared_params: False[0m
[35m[2026-04-17 13:39:00,641] [   DEBUG][0m - autotuner_benchmark           : False[0m
[35m[2026-04-17 13:39:00,645] [   DEBUG][0m - autotuner_benchmark           : False[0m
[35m[2026-04-17 13:39:00,649] [   DEBUG][0m - balanced_image_preprocess     : False[0m
[35m[2026-04-17 13:39:00,653] [   DEBUG][0m - balanced_image_preprocess     : False[0m
[35m[2026-04-17 13:39:00,655] [   DEBUG][0m - batch_p2p_comm                : True[0m
[35m[2026-04-17 13:39:00,659] [   DEBUG][0m - batch_p2p_comm                : True[0m
[35m[2026-04-17 13:39:00,661] [   DEBUG][0m - benchmark                     : False[0m
[35m[2026-04-17 13:39:00,665] [   DEBUG][0m - benchmark                     : False[0m
[35m[2026-04-17 13:39:00,668] [   DEBUG][0m - best_unbalanced_scheduler     : False[0m
[35m[2026-04-17 13:39:00,671] [   DEBUG][0m - best_unbalanced_scheduler     : False[0m
[35m[2026-04-17 13:39:00,678] [   DEBUG][0m - beta                          : 0.1[0m
[35m[2026-04-17 13:39:00,682] [   DEBUG][0m - beta                          : 0.1[0m
[35m[2026-04-17 13:39:00,684] [   DEBUG][0m - bf16                          : True[0m
[35m[2026-04-17 13:39:00,688] [   DEBUG][0m - bf16                          : True[0m
[35m[2026-04-17 13:39:00,690] [   DEBUG][0m - bf16_full_eval                : False[0m
[35m[2026-04-17 13:39:00,693] [   DEBUG][0m - bf16_full_eval                : False[0m
[35m[2026-04-17 13:39:00,695] [   DEBUG][0m - ckpt_quant_stage              : O0[0m
[35m[2026-04-17 13:39:00,703] [   DEBUG][0m - ckpt_quant_stage              : O0[0m
[35m[2026-04-17 13:39:00,705] [   DEBUG][0m - clear_every_step_cache        : False[0m
[35m[2026-04-17 13:39:00,708] [   DEBUG][0m - clear_every_step_cache        : False[0m
[35m[2026-04-17 13:39:00,710] [   DEBUG][0m - compute_type                  : bf16[0m
[35m[2026-04-17 13:39:00,714] [   DEBUG][0m - compute_type                  : bf16[0m
[35m[2026-04-17 13:39:00,716] [   DEBUG][0m - context_parallel_rank         : 0[0m
[35m[2026-04-17 13:39:00,719] [   DEBUG][0m - context_parallel_rank         : 0[0m
[35m[2026-04-17 13:39:00,726] [   DEBUG][0m - context_parallel_size         : 1[0m
[35m[2026-04-17 13:39:00,730] [   DEBUG][0m - context_parallel_size         : 1[0m
[35m[2026-04-17 13:39:00,732] [   DEBUG][0m - convert_from_hf               : True[0m
[35m[2026-04-17 13:39:00,735] [   DEBUG][0m - convert_from_hf               : True[0m
[35m[2026-04-17 13:39:00,737] [   DEBUG][0m - copy_custom_file_list         : [0m
[35m[2026-04-17 13:39:00,741] [   DEBUG][0m - copy_custom_file_list         : [0m
[35m[2026-04-17 13:39:00,743] [   DEBUG][0m - count_trained_tokens          : False[0m
[35m[2026-04-17 13:39:00,746] [   DEBUG][0m - count_trained_tokens          : False[0m
[35m[2026-04-17 13:39:00,752] [   DEBUG][0m - cp_comm_type                  : None[0m
[35m[2026-04-17 13:39:00,756] [   DEBUG][0m - cp_comm_type                  : None[0m
[35m[2026-04-17 13:39:00,758] [   DEBUG][0m - cp_sharding_degree            : 1[0m
[35m[2026-04-17 13:39:00,762] [   DEBUG][0m - cp_sharding_degree            : 1[0m
[35m[2026-04-17 13:39:00,764] [   DEBUG][0m - cp_sharding_rank              : 0[0m
[35m[2026-04-17 13:39:00,768] [   DEBUG][0m - cp_sharding_rank              : 0[0m
[35m[2026-04-17 13:39:00,770] [   DEBUG][0m - current_device                : gpu:0[0m
[35m[2026-04-17 13:39:00,774] [   DEBUG][0m - current_device                : gpu:0[0m
[35m[2026-04-17 13:39:00,776] [   DEBUG][0m - data_parallel_config          : [0m
[35m[2026-04-17 13:39:00,780] [   DEBUG][0m - data_parallel_config          : [0m
[35m[2026-04-17 13:39:00,782] [   DEBUG][0m - data_parallel_rank            : 0[0m
[35m[2026-04-17 13:39:00,786] [   DEBUG][0m - data_parallel_rank            : 0[0m
[35m[2026-04-17 13:39:00,789] [   DEBUG][0m - data_parallel_size            : 1[0m
[35m[2026-04-17 13:39:00,798] [   DEBUG][0m - data_parallel_size            : 1[0m
[35m[2026-04-17 13:39:00,800] [   DEBUG][0m - dataloader_drop_last          : False[0m
[35m[2026-04-17 13:39:00,803] [   DEBUG][0m - dataloader_drop_last          : False[0m
[35m[2026-04-17 13:39:00,806] [   DEBUG][0m - dataloader_num_workers        : 0[0m
[35m[2026-04-17 13:39:00,809] [   DEBUG][0m - dataloader_num_workers        : 0[0m
[35m[2026-04-17 13:39:00,812] [   DEBUG][0m - dataloader_shuffle            : True[0m
[35m[2026-04-17 13:39:00,820] [   DEBUG][0m - dataloader_shuffle            : True[0m
[35m[2026-04-17 13:39:00,822] [   DEBUG][0m - dataset_batch_size            : 1000[0m
[35m[2026-04-17 13:39:00,843] [   DEBUG][0m - dataset_batch_size            : 1000[0m
[35m[2026-04-17 13:39:00,845] [   DEBUG][0m - dataset_kwargs                : None[0m
[35m[2026-04-17 13:39:00,849] [   DEBUG][0m - dataset_kwargs                : None[0m
[35m[2026-04-17 13:39:00,852] [   DEBUG][0m - dataset_num_proc              : None[0m
[35m[2026-04-17 13:39:00,855] [   DEBUG][0m - dataset_num_proc              : None[0m
[35m[2026-04-17 13:39:00,857] [   DEBUG][0m - dataset_rank                  : 0[0m
[35m[2026-04-17 13:39:00,865] [   DEBUG][0m - dataset_rank                  : 0[0m
[35m[2026-04-17 13:39:00,867] [   DEBUG][0m - dataset_text_field            : text[0m
[35m[2026-04-17 13:39:00,871] [   DEBUG][0m - dataset_text_field            : text[0m
[35m[2026-04-17 13:39:00,873] [   DEBUG][0m - dataset_world_size            : 1[0m
[35m[2026-04-17 13:39:00,877] [   DEBUG][0m - dataset_world_size            : 1[0m
[35m[2026-04-17 13:39:00,879] [   DEBUG][0m - ddp_find_unused_parameters    : None[0m
[35m[2026-04-17 13:39:00,888] [   DEBUG][0m - ddp_find_unused_parameters    : None[0m
[35m[2026-04-17 13:39:00,896] [   DEBUG][0m - decay_function                : half_life[0m
[35m[2026-04-17 13:39:00,899] [   DEBUG][0m - decay_function                : half_life[0m
[35m[2026-04-17 13:39:00,901] [   DEBUG][0m - decay_steps                   : None[0m
[35m[2026-04-17 13:39:00,904] [   DEBUG][0m - decay_steps                   : None[0m
[35m[2026-04-17 13:39:00,910] [   DEBUG][0m - deterministic_mode            : False[0m
[35m[2026-04-17 13:39:00,914] [   DEBUG][0m - deterministic_mode            : False[0m
[35m[2026-04-17 13:39:00,916] [   DEBUG][0m - device                        : gpu[0m
[35m[2026-04-17 13:39:00,919] [   DEBUG][0m - device                        : gpu[0m
[35m[2026-04-17 13:39:00,921] [   DEBUG][0m - disable_tqdm                  : False[0m
[35m[2026-04-17 13:39:00,930] [   DEBUG][0m - disable_tqdm                  : False[0m
[35m[2026-04-17 13:39:00,932] [   DEBUG][0m - distributed_dataloader        : False[0m
[35m[2026-04-17 13:39:00,935] [   DEBUG][0m - distributed_dataloader        : False[0m
[35m[2026-04-17 13:39:00,938] [   DEBUG][0m - do_eval                       : True[0m
[35m[2026-04-17 13:39:00,942] [   DEBUG][0m - do_eval                       : True[0m
[35m[2026-04-17 13:39:00,955] [   DEBUG][0m - do_export                     : False[0m
[35m[2026-04-17 13:39:00,959] [   DEBUG][0m - do_export                     : False[0m
[35m[2026-04-17 13:39:00,962] [   DEBUG][0m - do_predict                    : False[0m
[35m[2026-04-17 13:39:00,965] [   DEBUG][0m - do_predict                    : False[0m
[35m[2026-04-17 13:39:00,968] [   DEBUG][0m - do_train                      : True[0m
[35m[2026-04-17 13:39:00,971] [   DEBUG][0m - do_train                      : True[0m
[35m[2026-04-17 13:39:00,974] [   DEBUG][0m - download_hub                  : None[0m
[35m[2026-04-17 13:39:00,981] [   DEBUG][0m - download_hub                  : None[0m
[35m[2026-04-17 13:39:00,984] [   DEBUG][0m - dp_allreduce_avg_in_gradinent_scale: False[0m
[35m[2026-04-17 13:39:00,988] [   DEBUG][0m - dp_allreduce_avg_in_gradinent_scale: False[0m
[35m[2026-04-17 13:39:00,990] [   DEBUG][0m - dp_comm_overlap               : False[0m
[35m[2026-04-17 13:39:00,994] [   DEBUG][0m - dp_comm_overlap               : False[0m
[35m[2026-04-17 13:39:00,997] [   DEBUG][0m - dpop_lambda                   : 50[0m
[35m[2026-04-17 13:39:01,000] [   DEBUG][0m - dpop_lambda                   : 50[0m
[35m[2026-04-17 13:39:01,003] [   DEBUG][0m - embedding_init_method         : None[0m
[35m[2026-04-17 13:39:01,007] [   DEBUG][0m - embedding_init_method         : None[0m
[35m[2026-04-17 13:39:01,009] [   DEBUG][0m - embedding_init_method_std     : 0.02[0m
[35m[2026-04-17 13:39:01,012] [   DEBUG][0m - embedding_init_method_std     : 0.02[0m
[35m[2026-04-17 13:39:01,014] [   DEBUG][0m - enable_auto_parallel          : False[0m
[35m[2026-04-17 13:39:01,023] [   DEBUG][0m - enable_auto_parallel          : False[0m
[35m[2026-04-17 13:39:01,025] [   DEBUG][0m - enable_linear_fused_grad_add  : False[0m
[35m[2026-04-17 13:39:01,028] [   DEBUG][0m - enable_linear_fused_grad_add  : False[0m
[35m[2026-04-17 13:39:01,031] [   DEBUG][0m - enable_mtp_magic_send         : False[0m
[35m[2026-04-17 13:39:01,034] [   DEBUG][0m - enable_mtp_magic_send         : False[0m
[35m[2026-04-17 13:39:01,036] [   DEBUG][0m - enable_sharding_comm_overlap  : False[0m
[35m[2026-04-17 13:39:01,041] [   DEBUG][0m - enable_sharding_comm_overlap  : False[0m
[35m[2026-04-17 13:39:01,047] [   DEBUG][0m - enable_zero_cost_checkpoint   : False[0m
[35m[2026-04-17 13:39:01,049] [   DEBUG][0m - enable_zero_cost_checkpoint   : False[0m
[35m[2026-04-17 13:39:01,051] [   DEBUG][0m - estimation_output_file        : estimation_output.json[0m
[35m[2026-04-17 13:39:01,054] [   DEBUG][0m - estimation_output_file        : estimation_output.json[0m
[35m[2026-04-17 13:39:01,058] [   DEBUG][0m - eval_accumulation_steps       : None[0m
[35m[2026-04-17 13:39:01,061] [   DEBUG][0m - eval_accumulation_steps       : None[0m
[35m[2026-04-17 13:39:01,065] [   DEBUG][0m - eval_batch_size               : 1[0m
[35m[2026-04-17 13:39:01,068] [   DEBUG][0m - eval_batch_size               : 1[0m
[35m[2026-04-17 13:39:01,076] [   DEBUG][0m - eval_iters                    : 10[0m
[35m[2026-04-17 13:39:01,079] [   DEBUG][0m - eval_iters                    : 10[0m
[35m[2026-04-17 13:39:01,082] [   DEBUG][0m - eval_steps                    : 100[0m
[35m[2026-04-17 13:39:01,085] [   DEBUG][0m - eval_steps                    : 100[0m
[35m[2026-04-17 13:39:01,089] [   DEBUG][0m - evaluation_strategy           : IntervalStrategy.STEPS[0m
[35m[2026-04-17 13:39:01,091] [   DEBUG][0m - evaluation_strategy           : IntervalStrategy.STEPS[0m
[35m[2026-04-17 13:39:01,094] [   DEBUG][0m - expert_model_parallel_size    : 1[0m
[35m[2026-04-17 13:39:01,101] [   DEBUG][0m - expert_model_parallel_size    : 1[0m
[35m[2026-04-17 13:39:01,104] [   DEBUG][0m - expert_parallel_rank          : 0[0m
[35m[2026-04-17 13:39:01,107] [   DEBUG][0m - expert_parallel_rank          : 0[0m
[35m[2026-04-17 13:39:01,110] [   DEBUG][0m - expert_tensor_model_parallel_size: 1[0m
[35m[2026-04-17 13:39:01,113] [   DEBUG][0m - expert_tensor_model_parallel_size: 1[0m
[35m[2026-04-17 13:39:01,012] [   DEBUG][0m - embedding_init_method_std     : 0.02[0m
[35m[2026-04-17 13:39:01,014] [   DEBUG][0m - enable_auto_parallel          : False[0m
[35m[2026-04-17 13:39:01,023] [   DEBUG][0m - enable_auto_parallel          : False[0m
[35m[2026-04-17 13:39:01,025] [   DEBUG][0m - enable_linear_fused_grad_add  : False[0m
[35m[2026-04-17 13:39:01,028] [   DEBUG][0m - enable_linear_fused_grad_add  : False[0m
[35m[2026-04-17 13:39:01,031] [   DEBUG][0m - enable_mtp_magic_send         : False[0m
[35m[2026-04-17 13:39:01,034] [   DEBUG][0m - enable_mtp_magic_send         : False[0m
[35m[2026-04-17 13:39:01,036] [   DEBUG][0m - enable_sharding_comm_overlap  : False[0m
[35m[2026-04-17 13:39:01,041] [   DEBUG][0m - enable_sharding_comm_overlap  : False[0m
[35m[2026-04-17 13:39:01,047] [   DEBUG][0m - enable_zero_cost_checkpoint   : False[0m
[35m[2026-04-17 13:39:01,049] [   DEBUG][0m - enable_zero_cost_checkpoint   : False[0m
[35m[2026-04-17 13:39:01,051] [   DEBUG][0m - estimation_output_file        : estimation_output.json[0m
[35m[2026-04-17 13:39:01,054] [   DEBUG][0m - estimation_output_file        : estimation_output.json[0m
[35m[2026-04-17 13:39:01,058] [   DEBUG][0m - eval_accumulation_steps       : None[0m
[35m[2026-04-17 13:39:01,061] [   DEBUG][0m - eval_accumulation_steps       : None[0m
[35m[2026-04-17 13:39:01,065] [   DEBUG][0m - eval_batch_size               : 1[0m
[35m[2026-04-17 13:39:01,068] [   DEBUG][0m - eval_batch_size               : 1[0m
[35m[2026-04-17 13:39:01,076] [   DEBUG][0m - eval_iters                    : 10[0m
[35m[2026-04-17 13:39:01,079] [   DEBUG][0m - eval_iters                    : 10[0m
[35m[2026-04-17 13:39:01,082] [   DEBUG][0m - eval_steps                    : 100[0m
[35m[2026-04-17 13:39:01,085] [   DEBUG][0m - eval_steps                    : 100[0m
[35m[2026-04-17 13:39:01,089] [   DEBUG][0m - evaluation_strategy           : IntervalStrategy.STEPS[0m
[35m[2026-04-17 13:39:01,091] [   DEBUG][0m - evaluation_strategy           : IntervalStrategy.STEPS[0m
[35m[2026-04-17 13:39:01,094] [   DEBUG][0m - expert_model_parallel_size    : 1[0m
[35m[2026-04-17 13:39:01,101] [   DEBUG][0m - expert_model_parallel_size    : 1[0m
[35m[2026-04-17 13:39:01,104] [   DEBUG][0m - expert_parallel_rank          : 0[0m
[35m[2026-04-17 13:39:01,107] [   DEBUG][0m - expert_parallel_rank          : 0[0m
[35m[2026-04-17 13:39:01,110] [   DEBUG][0m - expert_tensor_model_parallel_size: 1[0m
[35m[2026-04-17 13:39:01,113] [   DEBUG][0m - expert_tensor_model_parallel_size: 1[0m
[35m[2026-04-17 13:39:01,116] [   DEBUG][0m - fa_version                    : 2[0m
[35m[2026-04-17 13:39:01,119] [   DEBUG][0m - fa_version                    : 2[0m
[35m[2026-04-17 13:39:01,125] [   DEBUG][0m - factor                        : 20[0m
[35m[2026-04-17 13:39:01,128] [   DEBUG][0m - factor                        : 20[0m
[35m[2026-04-17 13:39:01,130] [   DEBUG][0m - flash_device_save_steps       : 0[0m
[35m[2026-04-17 13:39:01,133] [   DEBUG][0m - flash_device_save_steps       : 0[0m
[35m[2026-04-17 13:39:01,136] [   DEBUG][0m - flatten_param_grads           : False[0m
[35m[2026-04-17 13:39:01,138] [   DEBUG][0m - flatten_param_grads           : False[0m
[35m[2026-04-17 13:39:01,144] [   DEBUG][0m - force_reshard_pp              : False[0m
[35m[2026-04-17 13:39:01,149] [   DEBUG][0m - force_reshard_pp              : False[0m
[35m[2026-04-17 13:39:01,179] [   DEBUG][0m - forward_backward_overlap_scheduler: False[0m
[35m[2026-04-17 13:39:01,183] [   DEBUG][0m - forward_backward_overlap_scheduler: False[0m
[35m[2026-04-17 13:39:01,185] [   DEBUG][0m - fp16                          : False[0m
[35m[2026-04-17 13:39:01,188] [   DEBUG][0m - fp16                          : False[0m
[35m[2026-04-17 13:39:01,194] [   DEBUG][0m - fp16_full_eval                : False[0m
[35m[2026-04-17 13:39:01,198] [   DEBUG][0m - fp16_full_eval                : False[0m
[35m[2026-04-17 13:39:01,201] [   DEBUG][0m - fp16_opt_level                : O1[0m
[35m[2026-04-17 13:39:01,204] [   DEBUG][0m - fp16_opt_level                : O1[0m
[35m[2026-04-17 13:39:01,207] [   DEBUG][0m - fp32_residual_connection      : True[0m
[35m[2026-04-17 13:39:01,210] [   DEBUG][0m - fp32_residual_connection      : True[0m
[35m[2026-04-17 13:39:01,213] [   DEBUG][0m - fp8                           : None[0m
[35m[2026-04-17 13:39:01,216] [   DEBUG][0m - fp8                           : None[0m
[35m[2026-04-17 13:39:01,223] [   DEBUG][0m - fp8_wgrad                     : True[0m
[35m[2026-04-17 13:39:01,227] [   DEBUG][0m - fp8_wgrad                     : True[0m
[35m[2026-04-17 13:39:01,229] [   DEBUG][0m - freeze_config                 : [0m
[35m[2026-04-17 13:39:01,232] [   DEBUG][0m - freeze_config                 : [0m
[35m[2026-04-17 13:39:01,236] [   DEBUG][0m - fuse_optimizer_states         : False[0m
[35m[2026-04-17 13:39:01,238] [   DEBUG][0m - fuse_optimizer_states         : False[0m
[35m[2026-04-17 13:39:01,241] [   DEBUG][0m - fuse_sequence_parallel_allreduce: False[0m
[35m[2026-04-17 13:39:01,249] [   DEBUG][0m - fuse_sequence_parallel_allreduce: False[0m
[35m[2026-04-17 13:39:01,252] [   DEBUG][0m - fuse_swiglu                   : False[0m
[35m[2026-04-17 13:39:01,255] [   DEBUG][0m - fuse_swiglu                   : False[0m
[35m[2026-04-17 13:39:01,257] [   DEBUG][0m - gated_linear_unit             : True[0m
[35m[2026-04-17 13:39:01,260] [   DEBUG][0m - gated_linear_unit             : True[0m
[35m[2026-04-17 13:39:01,262] [   DEBUG][0m - gc_interval                   : 0[0m
[35m[2026-04-17 13:39:01,266] [   DEBUG][0m - gc_interval                   : 0[0m
[35m[2026-04-17 13:39:01,268] [   DEBUG][0m - global_batch_size             : 4[0m
[35m[2026-04-17 13:39:01,274] [   DEBUG][0m - global_batch_size             : 4[0m
[35m[2026-04-17 13:39:01,276] [   DEBUG][0m - global_logging_interval       : 1[0m
[35m[2026-04-17 13:39:01,280] [   DEBUG][0m - global_logging_interval       : 1[0m
[35m[2026-04-17 13:39:01,290] [   DEBUG][0m - gradient_accumulation_steps   : 4[0m
[35m[2026-04-17 13:39:01,293] [   DEBUG][0m - gradient_accumulation_steps   : 4[0m
[35m[2026-04-17 13:39:01,296] [   DEBUG][0m - gradient_sync_after_accumulate: False[0m
[35m[2026-04-17 13:39:01,304] [   DEBUG][0m - gradient_sync_after_accumulate: False[0m
[35m[2026-04-17 13:39:01,306] [   DEBUG][0m - greater_is_better             : None[0m
[35m[2026-04-17 13:39:01,309] [   DEBUG][0m - greater_is_better             : None[0m
[35m[2026-04-17 13:39:01,311] [   DEBUG][0m - hidden_dropout_prob           : 0.0[0m
[35m[2026-04-17 13:39:01,314] [   DEBUG][0m - hidden_dropout_prob           : 0.0[0m
[35m[2026-04-17 13:39:01,317] [   DEBUG][0m - hidden_size                   : None[0m
[35m[2026-04-17 13:39:01,320] [   DEBUG][0m - hidden_size                   : None[0m
[35m[2026-04-17 13:39:01,322] [   DEBUG][0m - hybrid_parallel_expert_grad_scale: 8.0[0m
[35m[2026-04-17 13:39:01,325] [   DEBUG][0m - hybrid_parallel_expert_grad_scale: 8.0[0m
[35m[2026-04-17 13:39:01,332] [   DEBUG][0m - hybrid_parallel_topo_order    : sharding_first[0m
[35m[2026-04-17 13:39:01,336] [   DEBUG][0m - hybrid_parallel_topo_order    : sharding_first[0m
[35m[2026-04-17 13:39:01,338] [   DEBUG][0m - ignore_data_skip              : False[0m
[35m[2026-04-17 13:39:01,342] [   DEBUG][0m - ignore_data_skip              : False[0m
[35m[2026-04-17 13:39:01,344] [   DEBUG][0m - ignore_eos_token              : False[0m
[35m[2026-04-17 13:39:01,348] [   DEBUG][0m - ignore_eos_token              : False[0m
[35m[2026-04-17 13:39:01,350] [   DEBUG][0m - ignore_load_lr_and_optim      : False[0m
[35m[2026-04-17 13:39:01,353] [   DEBUG][0m - ignore_load_lr_and_optim      : False[0m
[35m[2026-04-17 13:39:01,355] [   DEBUG][0m - ignore_save_lr_and_optim      : False[0m
[35m[2026-04-17 13:39:01,358] [   DEBUG][0m - ignore_save_lr_and_optim      : False[0m
[35m[2026-04-17 13:39:01,361] [   DEBUG][0m - init_method                   : None[0m
[35m[2026-04-17 13:39:01,364] [   DEBUG][0m - init_method                   : None[0m
[35m[2026-04-17 13:39:01,366] [   DEBUG][0m - intermediate_size             : None[0m
[35m[2026-04-17 13:39:01,369] [   DEBUG][0m - intermediate_size             : None[0m
[35m[2026-04-17 13:39:01,372] [   DEBUG][0m - label_names                   : None[0m
[35m[2026-04-17 13:39:01,378] [   DEBUG][0m - label_names                   : None[0m
[35m[2026-04-17 13:39:01,381] [   DEBUG][0m - label_smoothing               : 0.0[0m
[35m[2026-04-17 13:39:01,384] [   DEBUG][0m - label_smoothing               : 0.0[0m
[35m[2026-04-17 13:39:01,387] [   DEBUG][0m - lazy_data_processing          : True[0m
[35m[2026-04-17 13:39:01,390] [   DEBUG][0m - lazy_data_processing          : True[0m
[35m[2026-04-17 13:39:01,393] [   DEBUG][0m - learning_rate                 : 0.0001[0m
[35m[2026-04-17 13:39:01,396] [   DEBUG][0m - learning_rate                 : 0.0001[0m
[35m[2026-04-17 13:39:01,404] [   DEBUG][0m - load_best_model_at_end        : False[0m
[35m[2026-04-17 13:39:01,407] [   DEBUG][0m - load_best_model_at_end        : False[0m
[35m[2026-04-17 13:39:01,409] [   DEBUG][0m - load_checkpoint_format        : flex_checkpoint[0m
[35m[2026-04-17 13:39:01,412] [   DEBUG][0m - load_checkpoint_format        : flex_checkpoint[0m
[35m[2026-04-17 13:39:01,414] [   DEBUG][0m - load_from_hf                  : False[0m
[35m[2026-04-17 13:39:01,417] [   DEBUG][0m - load_from_hf                  : False[0m
[35m[2026-04-17 13:39:01,420] [   DEBUG][0m - load_sharded_model            : False[0m
[35m[2026-04-17 13:39:01,427] [   DEBUG][0m - load_sharded_model            : False[0m
[35m[2026-04-17 13:39:01,430] [   DEBUG][0m - load_sharded_model_remap_parameter_name: False[0m
[35m[2026-04-17 13:39:01,433] [   DEBUG][0m - load_sharded_model_remap_parameter_name: False[0m
[35m[2026-04-17 13:39:01,436] [   DEBUG][0m - load_via_cpu                  : True[0m
[35m[2026-04-17 13:39:01,440] [   DEBUG][0m - load_via_cpu                  : True[0m
[35m[2026-04-17 13:39:01,443] [   DEBUG][0m - local_process_index           : 0[0m
[35m[2026-04-17 13:39:01,453] [   DEBUG][0m - local_process_index           : 0[0m
[35m[2026-04-17 13:39:01,455] [   DEBUG][0m - local_rank                    : 0[0m
[35m[2026-04-17 13:39:01,459] [   DEBUG][0m - local_rank                    : 0[0m
[35m[2026-04-17 13:39:01,462] [   DEBUG][0m - log_global_grad_norm          : False[0m
[35m[2026-04-17 13:39:01,466] [   DEBUG][0m - log_global_grad_norm          : False[0m
[35m[2026-04-17 13:39:01,468] [   DEBUG][0m - log_level                     : -1[0m
[35m[2026-04-17 13:39:01,472] [   DEBUG][0m - log_level                     : -1[0m
[35m[2026-04-17 13:39:01,478] [   DEBUG][0m - log_level_replica             : -1[0m
[35m[2026-04-17 13:39:01,482] [   DEBUG][0m - log_level_replica             : -1[0m
[35m[2026-04-17 13:39:01,499] [   DEBUG][0m - log_on_each_node              : True[0m
[35m[2026-04-17 13:39:01,503] [   DEBUG][0m - log_on_each_node              : True[0m
[35m[2026-04-17 13:39:01,509] [   DEBUG][0m - logging_dir                   : ./logs/pt/52b[0m
[35m[2026-04-17 13:39:01,512] [   DEBUG][0m - logging_dir                   : ./logs/pt/52b[0m
[35m[2026-04-17 13:39:01,515] [   DEBUG][0m - logging_first_step            : False[0m
[35m[2026-04-17 13:39:01,518] [   DEBUG][0m - logging_first_step            : False[0m
[35m[2026-04-17 13:39:01,520] [   DEBUG][0m - logging_steps                 : 1[0m
[35m[2026-04-17 13:39:01,523] [   DEBUG][0m - logging_steps                 : 1[0m
[35m[2026-04-17 13:39:01,526] [   DEBUG][0m - logging_strategy              : IntervalStrategy.STEPS[0m
[35m[2026-04-17 13:39:01,529] [   DEBUG][0m - logging_strategy              : IntervalStrategy.STEPS[0m
[35m[2026-04-17 13:39:01,532] [   DEBUG][0m - logical_process_index         : 8[0m
[35m[2026-04-17 13:39:01,540] [   DEBUG][0m - logical_process_index         : 0[0m
[35m[2026-04-17 13:39:01,544] [   DEBUG][0m - loss_subbatch_sequence_length : -1[0m
[35m[2026-04-17 13:39:01,547] [   DEBUG][0m - loss_subbatch_sequence_length : -1[0m
[35m[2026-04-17 13:39:01,550] [   DEBUG][0m - loss_type                     : sigmoid[0m
[35m[2026-04-17 13:39:01,553] [   DEBUG][0m - loss_type                     : sigmoid[0m
[35m[2026-04-17 13:39:01,556] [   DEBUG][0m - lr_end                        : 1e-07[0m
[35m[2026-04-17 13:39:01,562] [   DEBUG][0m - lr_end                        : 1e-07[0m
[35m[2026-04-17 13:39:01,565] [   DEBUG][0m - lr_scheduler                  : cosine[0m
[35m[2026-04-17 13:39:01,568] [   DEBUG][0m - lr_scheduler                  : cosine[0m
[35m[2026-04-17 13:39:01,571] [   DEBUG][0m - lr_scheduler_type             : SchedulerType.LINEAR[0m
[35m[2026-04-17 13:39:01,574] [   DEBUG][0m - lr_scheduler_type             : SchedulerType.LINEAR[0m
[35m[2026-04-17 13:39:01,576] [   DEBUG][0m - max_estimate_samples          : 100000.0[0m
[35m[2026-04-17 13:39:01,580] [   DEBUG][0m - max_estimate_samples          : 100000.0[0m
[35m[2026-04-17 13:39:01,582] [   DEBUG][0m - max_evaluate_steps            : -1[0m
[35m[2026-04-17 13:39:01,585] [   DEBUG][0m - max_evaluate_steps            : -1[0m
[35m[2026-04-17 13:39:01,592] [   DEBUG][0m - max_grad_norm                 : 1.0[0m
[35m[2026-04-17 13:39:01,595] [   DEBUG][0m - max_grad_norm                 : 1.0[0m
[35m[2026-04-17 13:39:01,597] [   DEBUG][0m - max_gradient_accumulation_steps: 4[0m
[35m[2026-04-17 13:39:01,600] [   DEBUG][0m - max_gradient_accumulation_steps: 4[0m
[35m[2026-04-17 13:39:01,603] [   DEBUG][0m - max_seq_len                   : 4096[0m
[35m[2026-04-17 13:39:01,605] [   DEBUG][0m - max_seq_len                   : 4096[0m
[35m[2026-04-17 13:39:01,608] [   DEBUG][0m - max_steps                     : 10[0m
[35m[2026-04-17 13:39:01,611] [   DEBUG][0m - max_steps                     : 10[0m
[35m[2026-04-17 13:39:01,614] [   DEBUG][0m - merge_with_qdq_base_model     : False[0m
[35m[2026-04-17 13:39:01,620] [   DEBUG][0m - merge_with_qdq_base_model     : False[0m
[35m[2026-04-17 13:39:01,623] [   DEBUG][0m - metric_for_best_model         : None[0m
[35m[2026-04-17 13:39:01,626] [   DEBUG][0m - metric_for_best_model         : None[0m
[35m[2026-04-17 13:39:01,628] [   DEBUG][0m - metrics_output_path           : None[0m
[35m[2026-04-17 13:39:01,631] [   DEBUG][0m - metrics_output_path           : None[0m
[35m[2026-04-17 13:39:01,633] [   DEBUG][0m - min_lr                        : 0.0[0m
[35m[2026-04-17 13:39:01,637] [   DEBUG][0m - min_lr                        : 0.0[0m
[35m[2026-04-17 13:39:01,639] [   DEBUG][0m - minimum_eval_times            : None[0m
[35m[2026-04-17 13:39:01,645] [   DEBUG][0m - minimum_eval_times            : None[0m
[35m[2026-04-17 13:39:01,648] [   DEBUG][0m - model_name_or_path            : ./models/Llama-2-52B[0m
[35m[2026-04-17 13:39:01,650] [   DEBUG][0m - model_name_or_path            : ./models/Llama-2-52B[0m
[35m[2026-04-17 13:39:01,654] [   DEBUG][0m - moe_deep_gemm                 : False[0m
[35m[2026-04-17 13:39:01,658] [   DEBUG][0m - moe_deep_gemm                 : False[0m
[35m[2026-04-17 13:39:01,660] [   DEBUG][0m - moe_deepep_num_sms            : None[0m
[35m[2026-04-17 13:39:01,663] [   DEBUG][0m - moe_deepep_num_sms            : None[0m
[35m[2026-04-17 13:39:01,669] [   DEBUG][0m - moe_dequant_input             : False[0m
[35m[2026-04-17 13:39:01,673] [   DEBUG][0m - moe_dequant_input             : False[0m
[35m[2026-04-17 13:39:01,675] [   DEBUG][0m - moe_dropout_prob              : 0.0[0m
[35m[2026-04-17 13:39:01,678] [   DEBUG][0m - moe_dropout_prob              : 0.0[0m
[35m[2026-04-17 13:39:01,680] [   DEBUG][0m - moe_ep_barrier                : True[0m
[35m[2026-04-17 13:39:01,683] [   DEBUG][0m - moe_ep_barrier                : True[0m
[35m[2026-04-17 13:39:01,685] [   DEBUG][0m - moe_expert_capacity_factor    : 0.0[0m
[35m[2026-04-17 13:39:01,688] [   DEBUG][0m - moe_expert_capacity_factor    : 0.0[0m
[35m[2026-04-17 13:39:01,691] [   DEBUG][0m - moe_expert_fusion             : True[0m
[35m[2026-04-17 13:39:01,694] [   DEBUG][0m - moe_expert_fusion             : True[0m
[35m[2026-04-17 13:39:01,700] [   DEBUG][0m - moe_gate_lr_ratio             : None[0m
[35m[2026-04-17 13:39:01,704] [   DEBUG][0m - moe_gate_lr_ratio             : None[0m
[35m[2026-04-17 13:39:01,706] [   DEBUG][0m - moe_grouped_gemm              : False[0m
[35m[2026-04-17 13:39:01,709] [   DEBUG][0m - moe_grouped_gemm              : False[0m
[35m[2026-04-17 13:39:01,712] [   DEBUG][0m - moe_pad_expert_input_to_capacity: False[0m
[35m[2026-04-17 13:39:01,715] [   DEBUG][0m - moe_pad_expert_input_to_capacity: False[0m
[35m[2026-04-17 13:39:01,717] [   DEBUG][0m - moe_router_bias_update_rate   : 0.0[0m
[35m[2026-04-17 13:39:01,720] [   DEBUG][0m - moe_router_bias_update_rate   : 0.0[0m
[35m[2026-04-17 13:39:01,723] [   DEBUG][0m - moe_router_force_load_balancing: False[0m
[35m[2026-04-17 13:39:01,727] [   DEBUG][0m - moe_router_force_load_balancing: False[0m
[35m[2026-04-17 13:39:01,730] [   DEBUG][0m - moe_router_fusion             : True[0m
[35m[2026-04-17 13:39:01,734] [   DEBUG][0m - moe_router_fusion             : True[0m
[35m[2026-04-17 13:39:01,737] [   DEBUG][0m - moe_router_load_balancing_type: seq_aux_loss[0m
[35m[2026-04-17 13:39:01,740] [   DEBUG][0m - moe_router_load_balancing_type: seq_aux_loss[0m
[35m[2026-04-17 13:39:01,742] [   DEBUG][0m - moe_sharding_parallel_rank    : 0[0m
[35m[2026-04-17 13:39:01,748] [   DEBUG][0m - moe_sharding_parallel_rank    : 0[0m
[35m[2026-04-17 13:39:01,751] [   DEBUG][0m - moe_sharding_parallel_size    : 1[0m
[35m[2026-04-17 13:39:01,754] [   DEBUG][0m - moe_sharding_parallel_size    : 1[0m
[35m[2026-04-17 13:39:01,758] [   DEBUG][0m - moe_shared_expert_overlap     : True[0m
[35m[2026-04-17 13:39:01,761] [   DEBUG][0m - moe_shared_expert_overlap     : True[0m
[35m[2026-04-17 13:39:01,764] [   DEBUG][0m - moe_subbatch_token_num_after_dispatch: None[0m
[35m[2026-04-17 13:39:01,767] [   DEBUG][0m - moe_subbatch_token_num_after_dispatch: None[0m
[35m[2026-04-17 13:39:01,770] [   DEBUG][0m - moe_subbatch_token_num_before_dispatch: 0[0m
[35m[2026-04-17 13:39:01,773] [   DEBUG][0m - moe_subbatch_token_num_before_dispatch: 0[0m
[35m[2026-04-17 13:39:01,776] [   DEBUG][0m - moe_token_dispatcher_type     : deepep[0m
[35m[2026-04-17 13:39:01,780] [   DEBUG][0m - moe_token_dispatcher_type     : deepep[0m
[35m[2026-04-17 13:39:01,782] [   DEBUG][0m - moe_token_drop_policy         : probs[0m
[35m[2026-04-17 13:39:01,786] [   DEBUG][0m - moe_token_drop_policy         : probs[0m
[35m[2026-04-17 13:39:01,792] [   DEBUG][0m - moe_use_fusion_node           : True[0m
[35m[2026-04-17 13:39:01,795] [   DEBUG][0m - moe_use_fusion_node           : True[0m
[35m[2026-04-17 13:39:01,797] [   DEBUG][0m - moe_with_send_router_loss     : True[0m
[35m[2026-04-17 13:39:01,801] [   DEBUG][0m - moe_with_send_router_loss     : True[0m
[35m[2026-04-17 13:39:01,803] [   DEBUG][0m - mp_async_allreduce            : False[0m
[35m[2026-04-17 13:39:01,806] [   DEBUG][0m - mp_async_allreduce            : False[0m
[35m[2026-04-17 13:39:01,814] [   DEBUG][0m - mp_fused_linear_param_grad_add: False[0m
[35m[2026-04-17 13:39:01,821] [   DEBUG][0m - mp_fused_linear_param_grad_add: False[0m
[35m[2026-04-17 13:39:01,823] [   DEBUG][0m - mp_skip_c_identity            : False[0m
[35m[2026-04-17 13:39:01,827] [   DEBUG][0m - mp_skip_c_identity            : False[0m
[35m[2026-04-17 13:39:01,829] [   DEBUG][0m - mtp_distillation_loss         : False[0m
[35m[2026-04-17 13:39:01,833] [   DEBUG][0m - mtp_distillation_loss         : False[0m
[35m[2026-04-17 13:39:01,836] [   DEBUG][0m - mtp_num_layers                : 0[0m
[35m[2026-04-17 13:39:01,838] [   DEBUG][0m - mtp_num_layers                : 0[0m
[35m[2026-04-17 13:39:01,840] [   DEBUG][0m - multi_latent_attention        : False[0m
[35m[2026-04-17 13:39:01,847] [   DEBUG][0m - multi_latent_attention        : False[0m
[35m[2026-04-17 13:39:01,850] [   DEBUG][0m - n_routed_experts              : None[0m
[35m[2026-04-17 13:39:01,886] [   DEBUG][0m - n_routed_experts              : None[0m
[35m[2026-04-17 13:39:01,889] [   DEBUG][0m - nccl_comm_group_config        : None[0m
[35m[2026-04-17 13:39:01,903] [   DEBUG][0m - nccl_comm_group_config        : None[0m
[35m[2026-04-17 13:39:01,905] [   DEBUG][0m - need_data                     : False[0m
[35m[2026-04-17 13:39:01,908] [   DEBUG][0m - need_data                     : True[0m
[35m[2026-04-17 13:39:01,911] [   DEBUG][0m - no_cuda                       : False[0m
[35m[2026-04-17 13:39:01,915] [   DEBUG][0m - no_cuda                       : False[0m
[35m[2026-04-17 13:39:01,917] [   DEBUG][0m - no_recompute_layers           : None[0m
[35m[2026-04-17 13:39:01,920] [   DEBUG][0m - no_recompute_layers           : None[0m
[35m[2026-04-17 13:39:01,922] [   DEBUG][0m - no_rope_freq                  : False[0m
[35m[2026-04-17 13:39:01,926] [   DEBUG][0m - no_rope_freq                  : False[0m
[35m[2026-04-17 13:39:01,932] [   DEBUG][0m - non_batch_p2p_comm            : False[0m
[35m[2026-04-17 13:39:01,935] [   DEBUG][0m - non_batch_p2p_comm            : False[0m
[35m[2026-04-17 13:39:01,938] [   DEBUG][0m - normalization                 : RMSNorm[0m
[35m[2026-04-17 13:39:01,942] [   DEBUG][0m - normalization                 : RMSNorm[0m
[35m[2026-04-17 13:39:01,945] [   DEBUG][0m - normalize_logps               : False[0m
[35m[2026-04-17 13:39:01,949] [   DEBUG][0m - normalize_logps               : False[0m
[35m[2026-04-17 13:39:01,953] [   DEBUG][0m - num_attention_heads           : None[0m
[35m[2026-04-17 13:39:01,958] [   DEBUG][0m - num_attention_heads           : None[0m
[35m[2026-04-17 13:39:01,961] [   DEBUG][0m - num_consecutive               : 1[0m
[35m[2026-04-17 13:39:01,964] [   DEBUG][0m - num_consecutive               : 1[0m
[35m[2026-04-17 13:39:01,967] [   DEBUG][0m - num_cycles                    : 0.5[0m
[35m[2026-04-17 13:39:01,970] [   DEBUG][0m - num_cycles                    : 0.5[0m
[35m[2026-04-17 13:39:01,973] [   DEBUG][0m - num_empty_layers_add_in_head  : 0[0m
[35m[2026-04-17 13:39:01,977] [   DEBUG][0m - num_empty_layers_add_in_head  : 0[0m
[35m[2026-04-17 13:39:01,982] [   DEBUG][0m - num_empty_layers_add_in_tail  : 0[0m
[35m[2026-04-17 13:39:01,986] [   DEBUG][0m - num_empty_layers_add_in_tail  : 0[0m
[35m[2026-04-17 13:39:01,994] [   DEBUG][0m - num_experts_per_tok           : None[0m
[35m[2026-04-17 13:39:02,032] [   DEBUG][0m - num_experts_per_tok           : None[0m
[35m[2026-04-17 13:39:02,037] [   DEBUG][0m - num_hidden_layers             : None[0m
[35m[2026-04-17 13:39:02,040] [   DEBUG][0m - num_hidden_layers             : None[0m
[35m[2026-04-17 13:39:02,043] [   DEBUG][0m - num_key_value_heads           : None[0m
[35m[2026-04-17 13:39:02,098] [   DEBUG][0m - num_key_value_heads           : None[0m
[35m[2026-04-17 13:39:02,101] [   DEBUG][0m - num_nextn_predict_layers      : 0[0m
[35m[2026-04-17 13:39:02,104] [   DEBUG][0m - num_nextn_predict_layers      : 0[0m
[35m[2026-04-17 13:39:02,106] [   DEBUG][0m - num_of_gpus                   : -1[0m
[35m[2026-04-17 13:39:02,114] [   DEBUG][0m - num_of_gpus                   : -1[0m
[35m[2026-04-17 13:39:02,117] [   DEBUG][0m - num_train_epochs              : 1.0[0m
[35m[2026-04-17 13:39:02,121] [   DEBUG][0m - num_train_epochs              : 1.0[0m
[35m[2026-04-17 13:39:02,123] [   DEBUG][0m - offload_fp8_expert_master_weight: True[0m
[35m[2026-04-17 13:39:02,127] [   DEBUG][0m - offload_fp8_expert_master_weight: True[0m
[35m[2026-04-17 13:39:02,129] [   DEBUG][0m - offload_queue                 : False[0m
[35m[2026-04-17 13:39:02,132] [   DEBUG][0m - offload_queue                 : False[0m
[35m[2026-04-17 13:39:02,135] [   DEBUG][0m - offset_alpha                  : 0.0[0m
[35m[2026-04-17 13:39:02,138] [   DEBUG][0m - offset_alpha                  : 0.0[0m
[35m[2026-04-17 13:39:02,140] [   DEBUG][0m - optim                         : OptimizerNames.ADAMW[0m
[35m[2026-04-17 13:39:02,143] [   DEBUG][0m - optim                         : OptimizerNames.ADAMW[0m
[35m[2026-04-17 13:39:02,146] [   DEBUG][0m - optim_shard_num               : 1[0m
[35m[2026-04-17 13:39:02,149] [   DEBUG][0m - optim_shard_num               : 1[0m
[35m[2026-04-17 13:39:02,151] [   DEBUG][0m - optimizer_name_suffix         : tp00_pp01[0m
[35m[2026-04-17 13:39:02,154] [   DEBUG][0m - optimizer_name_suffix         : tp00_pp00[0m
[35m[2026-04-17 13:39:02,157] [   DEBUG][0m - ordered_save_group_size       : 0[0m
[35m[2026-04-17 13:39:02,162] [   DEBUG][0m - ordered_save_group_size       : 0[0m
[35m[2026-04-17 13:39:02,164] [   DEBUG][0m - output_dir                    : ./checkpoints/pt/52b[0m
[35m[2026-04-17 13:39:02,168] [   DEBUG][0m - output_dir                    : ./checkpoints/pt/52b[0m
[35m[2026-04-17 13:39:02,171] [   DEBUG][0m - output_layer_init_method      : None[0m
[35m[2026-04-17 13:39:02,175] [   DEBUG][0m - output_layer_init_method      : None[0m
[35m[2026-04-17 13:39:02,177] [   DEBUG][0m - output_signal_dir             : ./checkpoints/pt/52b[0m
[35m[2026-04-17 13:39:02,180] [   DEBUG][0m - output_signal_dir             : ./checkpoints/pt/52b[0m
[35m[2026-04-17 13:39:02,183] [   DEBUG][0m - overlap                       : False[0m
[35m[2026-04-17 13:39:02,186] [   DEBUG][0m - overlap                       : False[0m
[35m[2026-04-17 13:39:02,192] [   DEBUG][0m - overlap_p2p_comm              : False[0m
[35m[2026-04-17 13:39:02,195] [   DEBUG][0m - overlap_p2p_comm              : False[0m
[35m[2026-04-17 13:39:02,198] [   DEBUG][0m - overwrite_output_dir          : True[0m
[35m[2026-04-17 13:39:02,201] [   DEBUG][0m - overwrite_output_dir          : True[0m
[35m[2026-04-17 13:39:02,204] [   DEBUG][0m - p2p_cache_shape               : True[0m
[35m[2026-04-17 13:39:02,207] [   DEBUG][0m - p2p_cache_shape               : True[0m
[35m[2026-04-17 13:39:02,210] [   DEBUG][0m - pad_token_id                  : 0[0m
[35m[2026-04-17 13:39:02,213] [   DEBUG][0m - pad_token_id                  : 0[0m
[35m[2026-04-17 13:39:02,217] [   DEBUG][0m - partial_send_recv             : True[0m
[35m[2026-04-17 13:39:02,220] [   DEBUG][0m - partial_send_recv             : True[0m
[35m[2026-04-17 13:39:02,223] [   DEBUG][0m - past_index                    : -1[0m
[35m[2026-04-17 13:39:02,226] [   DEBUG][0m - past_index                    : -1[0m
[35m[2026-04-17 13:39:02,228] [   DEBUG][0m - pdc_download_ckpt             : False[0m
[35m[2026-04-17 13:39:02,237] [   DEBUG][0m - pdc_download_ckpt             : False[0m
[35m[2026-04-17 13:39:02,240] [   DEBUG][0m - pdc_download_timeout          : 300[0m
[35m[2026-04-17 13:39:02,243] [   DEBUG][0m - pdc_download_timeout          : 300[0m
[35m[2026-04-17 13:39:02,246] [   DEBUG][0m - per_device_eval_batch_size    : 1[0m
[35m[2026-04-17 13:39:02,248] [   DEBUG][0m - per_device_eval_batch_size    : 1[0m
[35m[2026-04-17 13:39:02,251] [   DEBUG][0m - per_device_train_batch_size   : 1[0m
[35m[2026-04-17 13:39:02,255] [   DEBUG][0m - per_device_train_batch_size   : 1[0m
[35m[2026-04-17 13:39:02,258] [   DEBUG][0m - pipeline_model_parallel_size  : 2[0m
[35m[2026-04-17 13:39:02,261] [   DEBUG][0m - pipeline_model_parallel_size  : 2[0m
[35m[2026-04-17 13:39:02,269] [   DEBUG][0m - pipeline_parallel_config      : [0m
[35m[2026-04-17 13:39:02,273] [   DEBUG][0m - pipeline_parallel_config      : [0m
[35m[2026-04-17 13:39:02,275] [   DEBUG][0m - pipeline_parallel_rank        : 1[0m
[35m[2026-04-17 13:39:02,278] [   DEBUG][0m - pipeline_parallel_rank        : 0[0m
[35m[2026-04-17 13:39:02,281] [   DEBUG][0m - position_embedding_type       : rope[0m
[35m[2026-04-17 13:39:02,284] [   DEBUG][0m - position_embedding_type       : rope[0m
[35m[2026-04-17 13:39:02,286] [   DEBUG][0m - power                         : 1.0[0m
[35m[2026-04-17 13:39:02,290] [   DEBUG][0m - power                         : 1.0[0m
[35m[2026-04-17 13:39:02,293] [   DEBUG][0m - pp_delay_scale_loss           : True[0m
[35m[2026-04-17 13:39:02,296] [   DEBUG][0m - pp_delay_scale_loss           : True[0m
[35m[2026-04-17 13:39:02,299] [   DEBUG][0m - pp_need_data                  : False[0m
[35m[2026-04-17 13:39:02,302] [   DEBUG][0m - pp_need_data                  : False[0m
[35m[2026-04-17 13:39:02,305] [   DEBUG][0m - pp_need_data_degree           : 0[0m
[35m[2026-04-17 13:39:02,308] [   DEBUG][0m - pp_need_data_degree           : 0[0m
[35m[2026-04-17 13:39:02,310] [   DEBUG][0m - pp_release_grads              : False[0m
[35m[2026-04-17 13:39:02,314] [   DEBUG][0m - pp_release_grads              : False[0m
[35m[2026-04-17 13:39:02,316] [   DEBUG][0m - pp_sharding_comm_overlap      : False[0m
[35m[2026-04-17 13:39:02,319] [   DEBUG][0m - pp_sharding_comm_overlap      : False[0m
[35m[2026-04-17 13:39:02,321] [   DEBUG][0m - pp_sync_moment                : False[0m
[35m[2026-04-17 13:39:02,324] [   DEBUG][0m - pp_sync_moment                : False[0m
[35m[2026-04-17 13:39:02,327] [   DEBUG][0m - pp_sync_param                 : False[0m
[35m[2026-04-17 13:39:02,330] [   DEBUG][0m - pp_sync_param                 : False[0m
[35m[2026-04-17 13:39:02,332] [   DEBUG][0m - pre_alloc_memory              : 0[0m
[35m[2026-04-17 13:39:02,336] [   DEBUG][0m - pre_alloc_memory              : 0[0m
[35m[2026-04-17 13:39:02,339] [   DEBUG][0m - prediction_loss_only          : False[0m
[35m[2026-04-17 13:39:02,342] [   DEBUG][0m - prediction_loss_only          : False[0m
[35m[2026-04-17 13:39:02,345] [   DEBUG][0m - pref_loss_ratio               : 1.0[0m
[35m[2026-04-17 13:39:02,348] [   DEBUG][0m - pref_loss_ratio               : 1.0[0m
[35m[2026-04-17 13:39:02,350] [   DEBUG][0m - prefetch_factor               : 2[0m
[35m[2026-04-17 13:39:02,353] [   DEBUG][0m - prefetch_factor               : 2[0m
[35m[2026-04-17 13:39:02,355] [   DEBUG][0m - process_index                 : 8[0m
[35m[2026-04-17 13:39:02,359] [   DEBUG][0m - process_index                 : 0[0m
[35m[2026-04-17 13:39:02,362] [   DEBUG][0m - profile                       : False[0m
[35m[2026-04-17 13:39:02,365] [   DEBUG][0m - profile                       : False[0m
[35m[2026-04-17 13:39:02,368] [   DEBUG][0m - profile_step_end              : 12[0m
[35m[2026-04-17 13:39:02,372] [   DEBUG][0m - profile_step_end              : 12[0m
[35m[2026-04-17 13:39:02,375] [   DEBUG][0m - profile_step_start            : 10[0m
[35m[2026-04-17 13:39:02,379] [   DEBUG][0m - profile_step_start            : 10[0m
[35m[2026-04-17 13:39:02,382] [   DEBUG][0m - recompute_granularity         : full[0m
[35m[2026-04-17 13:39:02,385] [   DEBUG][0m - recompute_granularity         : full[0m
[35m[2026-04-17 13:39:02,387] [   DEBUG][0m - recompute_method              : uniform[0m
[35m[2026-04-17 13:39:02,390] [   DEBUG][0m - recompute_method              : uniform[0m
[35m[2026-04-17 13:39:02,393] [   DEBUG][0m - recompute_modules             : None[0m
[35m[2026-04-17 13:39:02,397] [   DEBUG][0m - recompute_modules             : None[0m
[35m[2026-04-17 13:39:02,400] [   DEBUG][0m - recompute_mtp_granularity     : None[0m
[35m[2026-04-17 13:39:02,403] [   DEBUG][0m - recompute_mtp_granularity     : None[0m
[35m[2026-04-17 13:39:02,405] [   DEBUG][0m - recompute_mtp_method          : None[0m
[35m[2026-04-17 13:39:02,409] [   DEBUG][0m - recompute_mtp_method          : None[0m
[35m[2026-04-17 13:39:02,411] [   DEBUG][0m - recompute_mtp_modules         : None[0m
[35m[2026-04-17 13:39:02,414] [   DEBUG][0m - recompute_mtp_modules         : None[0m
[35m[2026-04-17 13:39:02,416] [   DEBUG][0m - recompute_num_layers          : 1[0m
[35m[2026-04-17 13:39:02,419] [   DEBUG][0m - recompute_num_layers          : 1[0m
[35m[2026-04-17 13:39:02,422] [   DEBUG][0m - recompute_use_reentrant       : True[0m
[35m[2026-04-17 13:39:02,425] [   DEBUG][0m - recompute_use_reentrant       : True[0m
[35m[2026-04-17 13:39:02,428] [   DEBUG][0m - reeao_dataset_rank            : 0[0m
[35m[2026-04-17 13:39:02,436] [   DEBUG][0m - reeao_dataset_rank            : 0[0m
[35m[2026-04-17 13:39:02,438] [   DEBUG][0m - reeao_dataset_world_size      : 1[0m
[35m[2026-04-17 13:39:02,441] [   DEBUG][0m - reeao_dataset_world_size      : 1[0m
[35m[2026-04-17 13:39:02,444] [   DEBUG][0m - ref_model_update_steps        : -1[0m
[35m[2026-04-17 13:39:02,447] [   DEBUG][0m - ref_model_update_steps        : -1[0m
[35m[2026-04-17 13:39:02,450] [   DEBUG][0m - reference_free                : False[0m
[35m[2026-04-17 13:39:02,453] [   DEBUG][0m - reference_free                : False[0m
[35m[2026-04-17 13:39:02,455] [   DEBUG][0m - release_grads                 : False[0m
[35m[2026-04-17 13:39:02,458] [   DEBUG][0m - release_grads                 : False[0m
[35m[2026-04-17 13:39:02,461] [   DEBUG][0m - remove_unused_columns         : True[0m
[35m[2026-04-17 13:39:02,469] [   DEBUG][0m - remove_unused_columns         : True[0m
[35m[2026-04-17 13:39:02,471] [   DEBUG][0m - reorder_pipeline_priority     : False[0m
[35m[2026-04-17 13:39:02,476] [   DEBUG][0m - reorder_pipeline_priority     : False[0m
[35m[2026-04-17 13:39:02,479] [   DEBUG][0m - replace_with_c_embedding      : False[0m
[35m[2026-04-17 13:39:02,482] [   DEBUG][0m - replace_with_c_embedding      : False[0m
[35m[2026-04-17 13:39:02,485] [   DEBUG][0m - replace_with_parallel_cross_entropy: False[0m
[35m[2026-04-17 13:39:02,489] [   DEBUG][0m - replace_with_parallel_cross_entropy: False[0m
[35m[2026-04-17 13:39:02,491] [   DEBUG][0m - replicate_saved_into_local    : False[0m
[35m[2026-04-17 13:39:02,494] [   DEBUG][0m - replicate_saved_into_local    : False[0m
[35m[2026-04-17 13:39:02,496] [   DEBUG][0m - report_to                     : ['visualdl'][0m
[35m[2026-04-17 13:39:02,499] [   DEBUG][0m - report_to                     : ['visualdl'][0m
[35m[2026-04-17 13:39:02,501] [   DEBUG][0m - resume_from_checkpoint        : None[0m
[35m[2026-04-17 13:39:02,504] [   DEBUG][0m - resume_from_checkpoint        : None[0m
[35m[2026-04-17 13:39:02,507] [   DEBUG][0m - resume_from_huggingface_ckpt  : None[0m
[35m[2026-04-17 13:39:02,510] [   DEBUG][0m - resume_from_huggingface_ckpt  : None[0m
[35m[2026-04-17 13:39:02,512] [   DEBUG][0m - router_aux_loss_coef          : 0.0[0m
[35m[2026-04-17 13:39:02,516] [   DEBUG][0m - router_aux_loss_coef          : 0.0[0m
[35m[2026-04-17 13:39:02,518] [   DEBUG][0m - router_z_loss_coef            : None[0m
[35m[2026-04-17 13:39:02,525] [   DEBUG][0m - router_z_loss_coef            : None[0m
[35m[2026-04-17 13:39:02,528] [   DEBUG][0m - run_name                      : ./checkpoints/pt/52b[0m
[35m[2026-04-17 13:39:02,531] [   DEBUG][0m - run_name                      : ./checkpoints/pt/52b[0m
[35m[2026-04-17 13:39:02,533] [   DEBUG][0m - same_data                     : None[0m
[35m[2026-04-17 13:39:02,537] [   DEBUG][0m - same_data                     : None[0m
[35m[2026-04-17 13:39:02,544] [   DEBUG][0m - save_checkpoint_format        : flex_checkpoint[0m
[35m[2026-04-17 13:39:02,570] [   DEBUG][0m - save_checkpoint_format        : flex_checkpoint[0m
[35m[2026-04-17 13:39:02,573] [   DEBUG][0m - save_hf_memory_growth_threshold: 8[0m
[35m[2026-04-17 13:39:02,577] [   DEBUG][0m - save_hf_memory_growth_threshold: 8[0m
[35m[2026-04-17 13:39:02,579] [   DEBUG][0m - save_hf_steps                 : -1[0m
[35m[2026-04-17 13:39:02,583] [   DEBUG][0m - save_hf_steps                 : -1[0m
[35m[2026-04-17 13:39:02,585] [   DEBUG][0m - save_hf_total_limit           : None[0m
[35m[2026-04-17 13:39:02,588] [   DEBUG][0m - save_hf_total_limit           : None[0m
[35m[2026-04-17 13:39:02,590] [   DEBUG][0m - save_last_step                : False[0m
[35m[2026-04-17 13:39:02,594] [   DEBUG][0m - save_last_step                : False[0m
[35m[2026-04-17 13:39:02,596] [   DEBUG][0m - save_on_each_node             : False[0m
[35m[2026-04-17 13:39:02,599] [   DEBUG][0m - save_on_each_node             : False[0m
[35m[2026-04-17 13:39:02,601] [   DEBUG][0m - save_rng_states               : True[0m
[35m[2026-04-17 13:39:02,604] [   DEBUG][0m - save_rng_states               : True[0m
[35m[2026-04-17 13:39:02,606] [   DEBUG][0m - save_sharded_model            : False[0m
[35m[2026-04-17 13:39:02,610] [   DEBUG][0m - save_sharded_model            : False[0m
[35m[2026-04-17 13:39:02,612] [   DEBUG][0m - save_sharding_stage1_model_include_freeze_params: False[0m
[35m[2026-04-17 13:39:02,615] [   DEBUG][0m - save_sharding_stage1_model_include_freeze_params: False[0m
[35m[2026-04-17 13:39:02,618] [   DEBUG][0m - save_steps                    : 100[0m
[35m[2026-04-17 13:39:02,621] [   DEBUG][0m - save_steps                    : 100[0m
[35m[2026-04-17 13:39:02,623] [   DEBUG][0m - save_strategy                 : IntervalStrategy.STEPS[0m
[35m[2026-04-17 13:39:02,626] [   DEBUG][0m - save_strategy                 : IntervalStrategy.STEPS[0m
[35m[2026-04-17 13:39:02,628] [   DEBUG][0m - save_to_hf                    : True[0m
[35m[2026-04-17 13:39:02,632] [   DEBUG][0m - save_to_hf                    : True[0m
[35m[2026-04-17 13:39:02,634] [   DEBUG][0m - save_tokenizer                : True[0m
[35m[2026-04-17 13:39:02,637] [   DEBUG][0m - save_tokenizer                : True[0m
[35m[2026-04-17 13:39:02,639] [   DEBUG][0m - save_total_limit              : None[0m
[35m[2026-04-17 13:39:02,643] [   DEBUG][0m - save_total_limit              : None[0m
[35m[2026-04-17 13:39:02,645] [   DEBUG][0m - scale_loss                    : 32768[0m
[35m[2026-04-17 13:39:02,649] [   DEBUG][0m - scale_loss                    : 32768[0m
[35m[2026-04-17 13:39:02,652] [   DEBUG][0m - sd_release_grads              : False[0m
[35m[2026-04-17 13:39:02,655] [   DEBUG][0m - sd_release_grads              : False[0m
[35m[2026-04-17 13:39:02,657] [   DEBUG][0m - sd_sharding_comm_overlap      : False[0m
[35m[2026-04-17 13:39:02,660] [   DEBUG][0m - sd_sharding_comm_overlap      : False[0m
[35m[2026-04-17 13:39:02,663] [   DEBUG][0m - sd_shardingv1_comm_overlap    : False[0m
[35m[2026-04-17 13:39:02,666] [   DEBUG][0m - sd_shardingv1_comm_overlap    : False[0m
[35m[2026-04-17 13:39:02,668] [   DEBUG][0m - seed                          : 23[0m
[35m[2026-04-17 13:39:02,671] [   DEBUG][0m - seed                          : 23[0m
[35m[2026-04-17 13:39:02,673] [   DEBUG][0m - send_recv_overlap             : False[0m
[35m[2026-04-17 13:39:02,678] [   DEBUG][0m - send_recv_overlap             : False[0m
[35m[2026-04-17 13:39:02,682] [   DEBUG][0m - sep_parallel_size             : 1[0m
[35m[2026-04-17 13:39:02,685] [   DEBUG][0m - sep_parallel_size             : 1[0m
[35m[2026-04-17 13:39:02,688] [   DEBUG][0m - sequence_parallel             : False[0m
[35m[2026-04-17 13:39:02,692] [   DEBUG][0m - sequence_parallel             : False[0m
[35m[2026-04-17 13:39:02,695] [   DEBUG][0m - sequence_parallel_config      : [0m
[35m[2026-04-17 13:39:02,698] [   DEBUG][0m - sequence_parallel_config      : [0m
[35m[2026-04-17 13:39:02,701] [   DEBUG][0m - sft_loss_ratio                : 0.0[0m
[35m[2026-04-17 13:39:02,704] [   DEBUG][0m - sft_loss_ratio                : 0.0[0m
[35m[2026-04-17 13:39:02,707] [   DEBUG][0m - sharded_model_from_ema        : False[0m
[35m[2026-04-17 13:39:02,711] [   DEBUG][0m - sharded_model_from_ema        : False[0m
[35m[2026-04-17 13:39:02,714] [   DEBUG][0m - sharding                      : [][0m
[35m[2026-04-17 13:39:02,716] [   DEBUG][0m - sharding                      : [][0m
[35m[2026-04-17 13:39:02,719] [   DEBUG][0m - sharding_comm_buffer_size_MB  : -1[0m
[35m[2026-04-17 13:39:02,722] [   DEBUG][0m - sharding_comm_buffer_size_MB  : -1[0m
[35m[2026-04-17 13:39:02,724] [   DEBUG][0m - sharding_degree               : -1[0m
[35m[2026-04-17 13:39:02,728] [   DEBUG][0m - sharding_degree               : -1[0m
[35m[2026-04-17 13:39:02,730] [   DEBUG][0m - sharding_offload_opt_buffersize_GB: -1[0m
[35m[2026-04-17 13:39:02,734] [   DEBUG][0m - sharding_offload_opt_buffersize_GB: -1[0m
[35m[2026-04-17 13:39:02,737] [   DEBUG][0m - sharding_parallel_config      : [0m
[35m[2026-04-17 13:39:02,740] [   DEBUG][0m - sharding_parallel_config      : [0m
[35m[2026-04-17 13:39:02,743] [   DEBUG][0m - sharding_parallel_mesh_dimension: dp[0m
[35m[2026-04-17 13:39:02,746] [   DEBUG][0m - sharding_parallel_mesh_dimension: dp[0m
[35m[2026-04-17 13:39:02,748] [   DEBUG][0m - sharding_parallel_rank        : 0[0m
[35m[2026-04-17 13:39:02,752] [   DEBUG][0m - sharding_parallel_rank        : 0[0m
[35m[2026-04-17 13:39:02,755] [   DEBUG][0m - sharding_parallel_size        : 1[0m
[35m[2026-04-17 13:39:02,759] [   DEBUG][0m - sharding_parallel_size        : 1[0m
[35m[2026-04-17 13:39:02,762] [   DEBUG][0m - should_load_dataset           : True[0m
[35m[2026-04-17 13:39:02,765] [   DEBUG][0m - should_load_dataset           : True[0m
[35m[2026-04-17 13:39:02,768] [   DEBUG][0m - should_load_sharding_stage1_model: False[0m
[35m[2026-04-17 13:39:02,771] [   DEBUG][0m - should_load_sharding_stage1_model: False[0m
[35m[2026-04-17 13:39:02,774] [   DEBUG][0m - should_log                    : True[0m
[35m[2026-04-17 13:39:02,777] [   DEBUG][0m - should_log                    : True[0m
[35m[2026-04-17 13:39:02,779] [   DEBUG][0m - should_save                   : False[0m
[35m[2026-04-17 13:39:02,782] [   DEBUG][0m - should_save                   : True[0m
[35m[2026-04-17 13:39:02,811] [   DEBUG][0m - should_save_model_state       : True[0m
[35m[2026-04-17 13:39:02,815] [   DEBUG][0m - should_save_model_state       : True[0m
[35m[2026-04-17 13:39:02,818] [   DEBUG][0m - should_save_model_with_tensor_fusion: False[0m
[35m[2026-04-17 13:39:02,821] [   DEBUG][0m - should_save_model_with_tensor_fusion: False[0m
[35m[2026-04-17 13:39:02,823] [   DEBUG][0m - should_save_sharding_stage1_model: False[0m
[35m[2026-04-17 13:39:02,826] [   DEBUG][0m - should_save_sharding_stage1_model: False[0m
[35m[2026-04-17 13:39:02,829] [   DEBUG][0m - shuffle_consecutive           : False[0m
[35m[2026-04-17 13:39:02,832] [   DEBUG][0m - shuffle_consecutive           : False[0m
[35m[2026-04-17 13:39:02,834] [   DEBUG][0m - simpo_gamma                   : 0.5[0m
[35m[2026-04-17 13:39:02,838] [   DEBUG][0m - simpo_gamma                   : 0.5[0m
[35m[2026-04-17 13:39:02,847] [   DEBUG][0m - skip_data_intervals           : None[0m
[35m[2026-04-17 13:39:02,851] [   DEBUG][0m - skip_data_intervals           : None[0m
[35m[2026-04-17 13:39:02,853] [   DEBUG][0m - skip_memory_metrics           : True[0m
[35m[2026-04-17 13:39:02,856] [   DEBUG][0m - skip_memory_metrics           : True[0m
[35m[2026-04-17 13:39:02,858] [   DEBUG][0m - skip_profile_timer            : True[0m
[35m[2026-04-17 13:39:02,862] [   DEBUG][0m - skip_profile_timer            : True[0m
[35m[2026-04-17 13:39:02,864] [   DEBUG][0m - softmax_scale                 : None[0m
[35m[2026-04-17 13:39:02,868] [   DEBUG][0m - softmax_scale                 : None[0m
[35m[2026-04-17 13:39:02,871] [   DEBUG][0m - softmax_type                  : vanilla[0m
[35m[2026-04-17 13:39:02,873] [   DEBUG][0m - softmax_type                  : vanilla[0m
[35m[2026-04-17 13:39:02,876] [   DEBUG][0m - sp_allreduce_avg_in_gradinent_scale: False[0m
[35m[2026-04-17 13:39:02,879] [   DEBUG][0m - sp_allreduce_avg_in_gradinent_scale: False[0m
[35m[2026-04-17 13:39:02,882] [   DEBUG][0m - sp_async_reduce_scatter       : False[0m
[35m[2026-04-17 13:39:02,885] [   DEBUG][0m - sp_async_reduce_scatter       : False[0m
[35m[2026-04-17 13:39:02,887] [   DEBUG][0m - split_backward                : False[0m
[35m[2026-04-17 13:39:02,890] [   DEBUG][0m - split_backward                : False[0m
[35m[2026-04-17 13:39:02,893] [   DEBUG][0m - split_inputs_sequence_dim     : True[0m
[35m[2026-04-17 13:39:02,896] [   DEBUG][0m - split_inputs_sequence_dim     : True[0m
[35m[2026-04-17 13:39:02,898] [   DEBUG][0m - split_norm_comm               : False[0m
[35m[2026-04-17 13:39:02,901] [   DEBUG][0m - split_norm_comm               : False[0m
[35m[2026-04-17 13:39:02,903] [   DEBUG][0m - split_param                   : True[0m
[35m[2026-04-17 13:39:02,906] [   DEBUG][0m - split_param                   : True[0m
[35m[2026-04-17 13:39:02,908] [   DEBUG][0m - stage1_allgather_overlap      : False[0m
[35m[2026-04-17 13:39:02,911] [   DEBUG][0m - stage1_allgather_overlap      : False[0m
[35m[2026-04-17 13:39:02,913] [   DEBUG][0m - stage1_broadcast_overlap      : False[0m
[35m[2026-04-17 13:39:02,916] [   DEBUG][0m - stage1_broadcast_overlap      : False[0m
[35m[2026-04-17 13:39:02,918] [   DEBUG][0m - stage1_overlap                : False[0m
[35m[2026-04-17 13:39:02,921] [   DEBUG][0m - stage1_overlap                : False[0m
[35m[2026-04-17 13:39:02,923] [   DEBUG][0m - stage1_reduce_avg             : True[0m
[35m[2026-04-17 13:39:02,927] [   DEBUG][0m - stage1_reduce_avg             : True[0m
[35m[2026-04-17 13:39:02,929] [   DEBUG][0m - stage1_tensor_fusion          : False[0m
[35m[2026-04-17 13:39:02,969] [   DEBUG][0m - stage1_tensor_fusion          : False[0m
[35m[2026-04-17 13:39:02,972] [   DEBUG][0m - stage2_overlap                : False[0m
[35m[2026-04-17 13:39:02,975] [   DEBUG][0m - stage2_overlap                : False[0m
[35m[2026-04-17 13:39:02,978] [   DEBUG][0m - sync_grad                     : False[0m
[35m[2026-04-17 13:39:02,981] [   DEBUG][0m - sync_grad                     : False[0m
[35m[2026-04-17 13:39:02,983] [   DEBUG][0m - tensor_fusion                 : False[0m
[35m[2026-04-17 13:39:02,986] [   DEBUG][0m - tensor_fusion                 : False[0m
[35m[2026-04-17 13:39:02,988] [   DEBUG][0m - tensor_model_parallel_size    : 8[0m
[35m[2026-04-17 13:39:02,992] [   DEBUG][0m - tensor_model_parallel_size    : 8[0m
[35m[2026-04-17 13:39:02,995] [   DEBUG][0m - tensor_parallel_config        : [0m
[35m[2026-04-17 13:39:02,999] [   DEBUG][0m - tensor_parallel_config        : [0m
[35m[2026-04-17 13:39:03,001] [   DEBUG][0m - tensor_parallel_output        : True[0m
[35m[2026-04-17 13:39:03,007] [   DEBUG][0m - tensor_parallel_output        : True[0m
[35m[2026-04-17 13:39:03,010] [   DEBUG][0m - tensor_parallel_rank          : 0[0m
[35m[2026-04-17 13:39:03,013] [   DEBUG][0m - tensor_parallel_rank          : 0[0m
[35m[2026-04-17 13:39:03,015] [   DEBUG][0m - tensorwise_offload_optimizer  : True[0m
[35m[2026-04-17 13:39:03,018] [   DEBUG][0m - tensorwise_offload_optimizer  : True[0m
[35m[2026-04-17 13:39:03,020] [   DEBUG][0m - tie_word_embeddings           : None[0m
[35m[2026-04-17 13:39:03,025] [   DEBUG][0m - tie_word_embeddings           : None[0m
[35m[2026-04-17 13:39:03,027] [   DEBUG][0m - timer                         : False[0m
[35m[2026-04-17 13:39:03,032] [   DEBUG][0m - timer                         : False[0m
[35m[2026-04-17 13:39:03,034] [   DEBUG][0m - to_static                     : False[0m
[35m[2026-04-17 13:39:03,038] [   DEBUG][0m - to_static                     : False[0m
[35m[2026-04-17 13:39:03,040] [   DEBUG][0m - token_balance_loss            : False[0m
[35m[2026-04-17 13:39:03,045] [   DEBUG][0m - token_balance_loss            : False[0m
[35m[2026-04-17 13:39:03,047] [   DEBUG][0m - tp_async_allreduce            : False[0m
[35m[2026-04-17 13:39:03,052] [   DEBUG][0m - tp_async_allreduce            : False[0m
[35m[2026-04-17 13:39:03,054] [   DEBUG][0m - tp_sync_moment                : False[0m
[35m[2026-04-17 13:39:03,059] [   DEBUG][0m - tp_sync_moment                : False[0m
[35m[2026-04-17 13:39:03,061] [   DEBUG][0m - tp_sync_param                 : False[0m
[35m[2026-04-17 13:39:03,101] [   DEBUG][0m - tp_sync_param                 : False[0m
[35m[2026-04-17 13:39:03,104] [   DEBUG][0m - train_batch_size              : 1[0m
[35m[2026-04-17 13:39:03,107] [   DEBUG][0m - train_batch_size              : 1[0m
[35m[2026-04-17 13:39:03,110] [   DEBUG][0m - train_mtp_only                : False[0m
[35m[2026-04-17 13:39:03,113] [   DEBUG][0m - train_mtp_only                : False[0m
[35m[2026-04-17 13:39:03,116] [   DEBUG][0m - unified_checkpoint            : False[0m
[35m[2026-04-17 13:39:03,119] [   DEBUG][0m - unified_checkpoint            : False[0m
[35m[2026-04-17 13:39:03,121] [   DEBUG][0m - unified_checkpoint_config     : [0m
[35m[2026-04-17 13:39:01,116] [   DEBUG][0m - fa_version                    : 2[0m
[35m[2026-04-17 13:39:01,119] [   DEBUG][0m - fa_version                    : 2[0m
[35m[2026-04-17 13:39:01,125] [   DEBUG][0m - factor                        : 20[0m
[35m[2026-04-17 13:39:01,128] [   DEBUG][0m - factor                        : 20[0m
[35m[2026-04-17 13:39:01,130] [   DEBUG][0m - flash_device_save_steps       : 0[0m
[35m[2026-04-17 13:39:01,133] [   DEBUG][0m - flash_device_save_steps       : 0[0m
[35m[2026-04-17 13:39:01,136] [   DEBUG][0m - flatten_param_grads           : False[0m
[35m[2026-04-17 13:39:01,138] [   DEBUG][0m - flatten_param_grads           : False[0m
[35m[2026-04-17 13:39:01,144] [   DEBUG][0m - force_reshard_pp              : False[0m
[35m[2026-04-17 13:39:01,149] [   DEBUG][0m - force_reshard_pp              : False[0m
[35m[2026-04-17 13:39:01,179] [   DEBUG][0m - forward_backward_overlap_scheduler: False[0m
[35m[2026-04-17 13:39:01,183] [   DEBUG][0m - forward_backward_overlap_scheduler: False[0m
[35m[2026-04-17 13:39:01,185] [   DEBUG][0m - fp16                          : False[0m
[35m[2026-04-17 13:39:01,188] [   DEBUG][0m - fp16                          : False[0m
[35m[2026-04-17 13:39:01,194] [   DEBUG][0m - fp16_full_eval                : False[0m
[35m[2026-04-17 13:39:01,198] [   DEBUG][0m - fp16_full_eval                : False[0m
[35m[2026-04-17 13:39:01,201] [   DEBUG][0m - fp16_opt_level                : O1[0m
[35m[2026-04-17 13:39:01,204] [   DEBUG][0m - fp16_opt_level                : O1[0m
[35m[2026-04-17 13:39:01,207] [   DEBUG][0m - fp32_residual_connection      : True[0m
[35m[2026-04-17 13:39:01,210] [   DEBUG][0m - fp32_residual_connection      : True[0m
[35m[2026-04-17 13:39:01,213] [   DEBUG][0m - fp8                           : None[0m
[35m[2026-04-17 13:39:01,216] [   DEBUG][0m - fp8                           : None[0m
[35m[2026-04-17 13:39:01,223] [   DEBUG][0m - fp8_wgrad                     : True[0m
[35m[2026-04-17 13:39:01,227] [   DEBUG][0m - fp8_wgrad                     : True[0m
[35m[2026-04-17 13:39:01,229] [   DEBUG][0m - freeze_config                 : [0m
[35m[2026-04-17 13:39:01,232] [   DEBUG][0m - freeze_config                 : [0m
[35m[2026-04-17 13:39:01,236] [   DEBUG][0m - fuse_optimizer_states         : False[0m
[35m[2026-04-17 13:39:01,238] [   DEBUG][0m - fuse_optimizer_states         : False[0m
[35m[2026-04-17 13:39:01,241] [   DEBUG][0m - fuse_sequence_parallel_allreduce: False[0m
[35m[2026-04-17 13:39:01,249] [   DEBUG][0m - fuse_sequence_parallel_allreduce: False[0m
[35m[2026-04-17 13:39:01,252] [   DEBUG][0m - fuse_swiglu                   : False[0m
[35m[2026-04-17 13:39:01,255] [   DEBUG][0m - fuse_swiglu                   : False[0m
[35m[2026-04-17 13:39:01,257] [   DEBUG][0m - gated_linear_unit             : True[0m
[35m[2026-04-17 13:39:01,260] [   DEBUG][0m - gated_linear_unit             : True[0m
[35m[2026-04-17 13:39:01,262] [   DEBUG][0m - gc_interval                   : 0[0m
[35m[2026-04-17 13:39:01,266] [   DEBUG][0m - gc_interval                   : 0[0m
[35m[2026-04-17 13:39:01,268] [   DEBUG][0m - global_batch_size             : 4[0m
[35m[2026-04-17 13:39:01,274] [   DEBUG][0m - global_batch_size             : 4[0m
[35m[2026-04-17 13:39:01,276] [   DEBUG][0m - global_logging_interval       : 1[0m
[35m[2026-04-17 13:39:01,280] [   DEBUG][0m - global_logging_interval       : 1[0m
[35m[2026-04-17 13:39:01,290] [   DEBUG][0m - gradient_accumulation_steps   : 4[0m
[35m[2026-04-17 13:39:01,293] [   DEBUG][0m - gradient_accumulation_steps   : 4[0m
[35m[2026-04-17 13:39:01,296] [   DEBUG][0m - gradient_sync_after_accumulate: False[0m
[35m[2026-04-17 13:39:01,304] [   DEBUG][0m - gradient_sync_after_accumulate: False[0m
[35m[2026-04-17 13:39:01,306] [   DEBUG][0m - greater_is_better             : None[0m
[35m[2026-04-17 13:39:01,309] [   DEBUG][0m - greater_is_better             : None[0m
[35m[2026-04-17 13:39:01,311] [   DEBUG][0m - hidden_dropout_prob           : 0.0[0m
[35m[2026-04-17 13:39:01,314] [   DEBUG][0m - hidden_dropout_prob           : 0.0[0m
[35m[2026-04-17 13:39:01,317] [   DEBUG][0m - hidden_size                   : None[0m
[35m[2026-04-17 13:39:01,320] [   DEBUG][0m - hidden_size                   : None[0m
[35m[2026-04-17 13:39:01,322] [   DEBUG][0m - hybrid_parallel_expert_grad_scale: 8.0[0m
[35m[2026-04-17 13:39:01,325] [   DEBUG][0m - hybrid_parallel_expert_grad_scale: 8.0[0m
[35m[2026-04-17 13:39:01,332] [   DEBUG][0m - hybrid_parallel_topo_order    : sharding_first[0m
[35m[2026-04-17 13:39:01,336] [   DEBUG][0m - hybrid_parallel_topo_order    : sharding_first[0m
[35m[2026-04-17 13:39:01,338] [   DEBUG][0m - ignore_data_skip              : False[0m
[35m[2026-04-17 13:39:01,342] [   DEBUG][0m - ignore_data_skip              : False[0m
[35m[2026-04-17 13:39:01,344] [   DEBUG][0m - ignore_eos_token              : False[0m
[35m[2026-04-17 13:39:01,348] [   DEBUG][0m - ignore_eos_token              : False[0m
[35m[2026-04-17 13:39:01,350] [   DEBUG][0m - ignore_load_lr_and_optim      : False[0m
[35m[2026-04-17 13:39:01,353] [   DEBUG][0m - ignore_load_lr_and_optim      : False[0m
[35m[2026-04-17 13:39:01,355] [   DEBUG][0m - ignore_save_lr_and_optim      : False[0m
[35m[2026-04-17 13:39:01,358] [   DEBUG][0m - ignore_save_lr_and_optim      : False[0m
[35m[2026-04-17 13:39:01,361] [   DEBUG][0m - init_method                   : None[0m
[35m[2026-04-17 13:39:01,364] [   DEBUG][0m - init_method                   : None[0m
[35m[2026-04-17 13:39:01,366] [   DEBUG][0m - intermediate_size             : None[0m
[35m[2026-04-17 13:39:01,369] [   DEBUG][0m - intermediate_size             : None[0m
[35m[2026-04-17 13:39:01,372] [   DEBUG][0m - label_names                   : None[0m
[35m[2026-04-17 13:39:01,378] [   DEBUG][0m - label_names                   : None[0m
[35m[2026-04-17 13:39:01,381] [   DEBUG][0m - label_smoothing               : 0.0[0m
[35m[2026-04-17 13:39:01,384] [   DEBUG][0m - label_smoothing               : 0.0[0m
[35m[2026-04-17 13:39:01,387] [   DEBUG][0m - lazy_data_processing          : True[0m
[35m[2026-04-17 13:39:01,390] [   DEBUG][0m - lazy_data_processing          : True[0m
[35m[2026-04-17 13:39:01,393] [   DEBUG][0m - learning_rate                 : 0.0001[0m
[35m[2026-04-17 13:39:01,396] [   DEBUG][0m - learning_rate                 : 0.0001[0m
[35m[2026-04-17 13:39:01,404] [   DEBUG][0m - load_best_model_at_end        : False[0m
[35m[2026-04-17 13:39:01,407] [   DEBUG][0m - load_best_model_at_end        : False[0m
[35m[2026-04-17 13:39:01,409] [   DEBUG][0m - load_checkpoint_format        : flex_checkpoint[0m
[35m[2026-04-17 13:39:01,412] [   DEBUG][0m - load_checkpoint_format        : flex_checkpoint[0m
[35m[2026-04-17 13:39:01,414] [   DEBUG][0m - load_from_hf                  : False[0m
[35m[2026-04-17 13:39:01,417] [   DEBUG][0m - load_from_hf                  : False[0m
[35m[2026-04-17 13:39:01,420] [   DEBUG][0m - load_sharded_model            : False[0m
[35m[2026-04-17 13:39:01,427] [   DEBUG][0m - load_sharded_model            : False[0m
[35m[2026-04-17 13:39:01,430] [   DEBUG][0m - load_sharded_model_remap_parameter_name: False[0m
[35m[2026-04-17 13:39:01,433] [   DEBUG][0m - load_sharded_model_remap_parameter_name: False[0m
[35m[2026-04-17 13:39:01,436] [   DEBUG][0m - load_via_cpu                  : True[0m
[35m[2026-04-17 13:39:01,440] [   DEBUG][0m - load_via_cpu                  : True[0m
[35m[2026-04-17 13:39:01,443] [   DEBUG][0m - local_process_index           : 0[0m
[35m[2026-04-17 13:39:01,453] [   DEBUG][0m - local_process_index           : 0[0m
[35m[2026-04-17 13:39:01,455] [   DEBUG][0m - local_rank                    : 0[0m
[35m[2026-04-17 13:39:01,459] [   DEBUG][0m - local_rank                    : 0[0m
[35m[2026-04-17 13:39:01,462] [   DEBUG][0m - log_global_grad_norm          : False[0m
[35m[2026-04-17 13:39:03,125] [   DEBUG][0m - unified_checkpoint_config     : [0m
[35m[2026-04-17 13:39:03,127] [   DEBUG][0m - use_async_save                : False[0m
[35m[2026-04-17 13:39:01,466] [   DEBUG][0m - log_global_grad_norm          : False[0m
[35m[2026-04-17 13:39:01,468] [   DEBUG][0m - log_level                     : -1[0m
[35m[2026-04-17 13:39:01,472] [   DEBUG][0m - log_level                     : -1[0m
[35m[2026-04-17 13:39:01,478] [   DEBUG][0m - log_level_replica             : -1[0m
[35m[2026-04-17 13:39:01,482] [   DEBUG][0m - log_level_replica             : -1[0m
[35m[2026-04-17 13:39:01,499] [   DEBUG][0m - log_on_each_node              : True[0m
[35m[2026-04-17 13:39:01,503] [   DEBUG][0m - log_on_each_node              : True[0m
[35m[2026-04-17 13:39:01,509] [   DEBUG][0m - logging_dir                   : ./logs/pt/52b[0m
[35m[2026-04-17 13:39:01,512] [   DEBUG][0m - logging_dir                   : ./logs/pt/52b[0m
[35m[2026-04-17 13:39:01,515] [   DEBUG][0m - logging_first_step            : False[0m
[35m[2026-04-17 13:39:01,518] [   DEBUG][0m - logging_first_step            : False[0m
[35m[2026-04-17 13:39:01,520] [   DEBUG][0m - logging_steps                 : 1[0m
[35m[2026-04-17 13:39:01,523] [   DEBUG][0m - logging_steps                 : 1[0m
[35m[2026-04-17 13:39:01,526] [   DEBUG][0m - logging_strategy              : IntervalStrategy.STEPS[0m
[35m[2026-04-17 13:39:01,529] [   DEBUG][0m - logging_strategy              : IntervalStrategy.STEPS[0m
[35m[2026-04-17 13:39:01,532] [   DEBUG][0m - logical_process_index         : 8[0m
[35m[2026-04-17 13:39:01,540] [   DEBUG][0m - logical_process_index         : 0[0m
[35m[2026-04-17 13:39:01,544] [   DEBUG][0m - loss_subbatch_sequence_length : -1[0m
[35m[2026-04-17 13:39:01,547] [   DEBUG][0m - loss_subbatch_sequence_length : -1[0m
[35m[2026-04-17 13:39:01,550] [   DEBUG][0m - loss_type                     : sigmoid[0m
[35m[2026-04-17 13:39:01,553] [   DEBUG][0m - loss_type                     : sigmoid[0m
[35m[2026-04-17 13:39:01,556] [   DEBUG][0m - lr_end                        : 1e-07[0m
[35m[2026-04-17 13:39:01,562] [   DEBUG][0m - lr_end                        : 1e-07[0m
[35m[2026-04-17 13:39:01,565] [   DEBUG][0m - lr_scheduler                  : cosine[0m
[35m[2026-04-17 13:39:01,568] [   DEBUG][0m - lr_scheduler                  : cosine[0m
[35m[2026-04-17 13:39:01,571] [   DEBUG][0m - lr_scheduler_type             : SchedulerType.LINEAR[0m
[35m[2026-04-17 13:39:01,574] [   DEBUG][0m - lr_scheduler_type             : SchedulerType.LINEAR[0m
[35m[2026-04-17 13:39:01,576] [   DEBUG][0m - max_estimate_samples          : 100000.0[0m
[35m[2026-04-17 13:39:01,580] [   DEBUG][0m - max_estimate_samples          : 100000.0[0m
[35m[2026-04-17 13:39:01,582] [   DEBUG][0m - max_evaluate_steps            : -1[0m
[35m[2026-04-17 13:39:01,585] [   DEBUG][0m - max_evaluate_steps            : -1[0m
[35m[2026-04-17 13:39:01,592] [   DEBUG][0m - max_grad_norm                 : 1.0[0m
[35m[2026-04-17 13:39:01,595] [   DEBUG][0m - max_grad_norm                 : 1.0[0m
[35m[2026-04-17 13:39:01,597] [   DEBUG][0m - max_gradient_accumulation_steps: 4[0m
[35m[2026-04-17 13:39:01,600] [   DEBUG][0m - max_gradient_accumulation_steps: 4[0m
[35m[2026-04-17 13:39:01,603] [   DEBUG][0m - max_seq_len                   : 4096[0m
[35m[2026-04-17 13:39:01,605] [   DEBUG][0m - max_seq_len                   : 4096[0m
[35m[2026-04-17 13:39:01,608] [   DEBUG][0m - max_steps                     : 10[0m
[35m[2026-04-17 13:39:01,611] [   DEBUG][0m - max_steps                     : 10[0m
[35m[2026-04-17 13:39:01,614] [   DEBUG][0m - merge_with_qdq_base_model     : False[0m
[35m[2026-04-17 13:39:01,620] [   DEBUG][0m - merge_with_qdq_base_model     : False[0m
[35m[2026-04-17 13:39:01,623] [   DEBUG][0m - metric_for_best_model         : None[0m
[35m[2026-04-17 13:39:01,626] [   DEBUG][0m - metric_for_best_model         : None[0m
[35m[2026-04-17 13:39:01,628] [   DEBUG][0m - metrics_output_path           : None[0m
[35m[2026-04-17 13:39:01,631] [   DEBUG][0m - metrics_output_path           : None[0m
[35m[2026-04-17 13:39:01,633] [   DEBUG][0m - min_lr                        : 0.0[0m
[35m[2026-04-17 13:39:01,637] [   DEBUG][0m - min_lr                        : 0.0[0m
[35m[2026-04-17 13:39:01,639] [   DEBUG][0m - minimum_eval_times            : None[0m
[35m[2026-04-17 13:39:01,645] [   DEBUG][0m - minimum_eval_times            : None[0m
[35m[2026-04-17 13:39:01,648] [   DEBUG][0m - model_name_or_path            : ./models/Llama-2-52B[0m
[35m[2026-04-17 13:39:01,650] [   DEBUG][0m - model_name_or_path            : ./models/Llama-2-52B[0m
[35m[2026-04-17 13:39:01,654] [   DEBUG][0m - moe_deep_gemm                 : False[0m
[35m[2026-04-17 13:39:01,658] [   DEBUG][0m - moe_deep_gemm                 : False[0m
[35m[2026-04-17 13:39:01,660] [   DEBUG][0m - moe_deepep_num_sms            : None[0m
[35m[2026-04-17 13:39:01,663] [   DEBUG][0m - moe_deepep_num_sms            : None[0m
[35m[2026-04-17 13:39:01,669] [   DEBUG][0m - moe_dequant_input             : False[0m
[35m[2026-04-17 13:39:01,673] [   DEBUG][0m - moe_dequant_input             : False[0m
[35m[2026-04-17 13:39:01,675] [   DEBUG][0m - moe_dropout_prob              : 0.0[0m
[35m[2026-04-17 13:39:01,678] [   DEBUG][0m - moe_dropout_prob              : 0.0[0m
[35m[2026-04-17 13:39:01,680] [   DEBUG][0m - moe_ep_barrier                : True[0m
[35m[2026-04-17 13:39:01,683] [   DEBUG][0m - moe_ep_barrier                : True[0m
[35m[2026-04-17 13:39:01,685] [   DEBUG][0m - moe_expert_capacity_factor    : 0.0[0m
[35m[2026-04-17 13:39:01,688] [   DEBUG][0m - moe_expert_capacity_factor    : 0.0[0m
[35m[2026-04-17 13:39:01,691] [   DEBUG][0m - moe_expert_fusion             : True[0m
[35m[2026-04-17 13:39:01,694] [   DEBUG][0m - moe_expert_fusion             : True[0m
[35m[2026-04-17 13:39:01,700] [   DEBUG][0m - moe_gate_lr_ratio             : None[0m
[35m[2026-04-17 13:39:01,704] [   DEBUG][0m - moe_gate_lr_ratio             : None[0m
[35m[2026-04-17 13:39:01,706] [   DEBUG][0m - moe_grouped_gemm              : False[0m
[35m[2026-04-17 13:39:01,709] [   DEBUG][0m - moe_grouped_gemm              : False[0m
[35m[2026-04-17 13:39:01,712] [   DEBUG][0m - moe_pad_expert_input_to_capacity: False[0m
[35m[2026-04-17 13:39:01,715] [   DEBUG][0m - moe_pad_expert_input_to_capacity: False[0m
[35m[2026-04-17 13:39:01,717] [   DEBUG][0m - moe_router_bias_update_rate   : 0.0[0m
[35m[2026-04-17 13:39:01,720] [   DEBUG][0m - moe_router_bias_update_rate   : 0.0[0m
[35m[2026-04-17 13:39:01,723] [   DEBUG][0m - moe_router_force_load_balancing: False[0m
[35m[2026-04-17 13:39:01,727] [   DEBUG][0m - moe_router_force_load_balancing: False[0m
[35m[2026-04-17 13:39:01,730] [   DEBUG][0m - moe_router_fusion             : True[0m
[35m[2026-04-17 13:39:01,734] [   DEBUG][0m - moe_router_fusion             : True[0m
[35m[2026-04-17 13:39:01,737] [   DEBUG][0m - moe_router_load_balancing_type: seq_aux_loss[0m
[35m[2026-04-17 13:39:01,740] [   DEBUG][0m - moe_router_load_balancing_type: seq_aux_loss[0m
[35m[2026-04-17 13:39:01,742] [   DEBUG][0m - moe_sharding_parallel_rank    : 0[0m
[35m[2026-04-17 13:39:01,748] [   DEBUG][0m - moe_sharding_parallel_rank    : 0[0m
[35m[2026-04-17 13:39:01,751] [   DEBUG][0m - moe_sharding_parallel_size    : 1[0m
[35m[2026-04-17 13:39:01,754] [   DEBUG][0m - moe_sharding_parallel_size    : 1[0m
[35m[2026-04-17 13:39:01,758] [   DEBUG][0m - moe_shared_expert_overlap     : True[0m
[35m[2026-04-17 13:39:01,761] [   DEBUG][0m - moe_shared_expert_overlap     : True[0m
[35m[2026-04-17 13:39:01,764] [   DEBUG][0m - moe_subbatch_token_num_after_dispatch: None[0m
[35m[2026-04-17 13:39:01,767] [   DEBUG][0m - moe_subbatch_token_num_after_dispatch: None[0m
[35m[2026-04-17 13:39:01,770] [   DEBUG][0m - moe_subbatch_token_num_before_dispatch: 0[0m
[35m[2026-04-17 13:39:01,773] [   DEBUG][0m - moe_subbatch_token_num_before_dispatch: 0[0m
[35m[2026-04-17 13:39:01,776] [   DEBUG][0m - moe_token_dispatcher_type     : deepep[0m
[35m[2026-04-17 13:39:03,131] [   DEBUG][0m - use_async_save                : False[0m
[35m[2026-04-17 13:39:03,134] [   DEBUG][0m - use_cache                     : False[0m
[35m[2026-04-17 13:39:01,780] [   DEBUG][0m - moe_token_dispatcher_type     : deepep[0m
[35m[2026-04-17 13:39:01,782] [   DEBUG][0m - moe_token_drop_policy         : probs[0m
[35m[2026-04-17 13:39:01,786] [   DEBUG][0m - moe_token_drop_policy         : probs[0m
[35m[2026-04-17 13:39:01,792] [   DEBUG][0m - moe_use_fusion_node           : True[0m
[35m[2026-04-17 13:39:01,795] [   DEBUG][0m - moe_use_fusion_node           : True[0m
[35m[2026-04-17 13:39:01,797] [   DEBUG][0m - moe_with_send_router_loss     : True[0m
[35m[2026-04-17 13:39:01,801] [   DEBUG][0m - moe_with_send_router_loss     : True[0m
[35m[2026-04-17 13:39:01,803] [   DEBUG][0m - mp_async_allreduce            : False[0m
[35m[2026-04-17 13:39:01,806] [   DEBUG][0m - mp_async_allreduce            : False[0m
[35m[2026-04-17 13:39:01,814] [   DEBUG][0m - mp_fused_linear_param_grad_add: False[0m
[35m[2026-04-17 13:39:01,821] [   DEBUG][0m - mp_fused_linear_param_grad_add: False[0m
[35m[2026-04-17 13:39:01,823] [   DEBUG][0m - mp_skip_c_identity            : False[0m
[35m[2026-04-17 13:39:01,827] [   DEBUG][0m - mp_skip_c_identity            : False[0m
[35m[2026-04-17 13:39:01,829] [   DEBUG][0m - mtp_distillation_loss         : False[0m
[35m[2026-04-17 13:39:01,833] [   DEBUG][0m - mtp_distillation_loss         : False[0m
[35m[2026-04-17 13:39:01,836] [   DEBUG][0m - mtp_num_layers                : 0[0m
[35m[2026-04-17 13:39:01,838] [   DEBUG][0m - mtp_num_layers                : 0[0m
[35m[2026-04-17 13:39:01,840] [   DEBUG][0m - multi_latent_attention        : False[0m
[35m[2026-04-17 13:39:01,847] [   DEBUG][0m - multi_latent_attention        : False[0m
[35m[2026-04-17 13:39:01,850] [   DEBUG][0m - n_routed_experts              : None[0m
[35m[2026-04-17 13:39:01,886] [   DEBUG][0m - n_routed_experts              : None[0m
[35m[2026-04-17 13:39:01,889] [   DEBUG][0m - nccl_comm_group_config        : None[0m
[35m[2026-04-17 13:39:01,903] [   DEBUG][0m - nccl_comm_group_config        : None[0m
[35m[2026-04-17 13:39:01,905] [   DEBUG][0m - need_data                     : False[0m
[35m[2026-04-17 13:39:01,908] [   DEBUG][0m - need_data                     : True[0m
[35m[2026-04-17 13:39:01,911] [   DEBUG][0m - no_cuda                       : False[0m
[35m[2026-04-17 13:39:01,915] [   DEBUG][0m - no_cuda                       : False[0m
[35m[2026-04-17 13:39:01,917] [   DEBUG][0m - no_recompute_layers           : None[0m
[35m[2026-04-17 13:39:01,920] [   DEBUG][0m - no_recompute_layers           : None[0m
[35m[2026-04-17 13:39:01,922] [   DEBUG][0m - no_rope_freq                  : False[0m
[35m[2026-04-17 13:39:01,926] [   DEBUG][0m - no_rope_freq                  : False[0m
[35m[2026-04-17 13:39:01,932] [   DEBUG][0m - non_batch_p2p_comm            : False[0m
[35m[2026-04-17 13:39:01,935] [   DEBUG][0m - non_batch_p2p_comm            : False[0m
[35m[2026-04-17 13:39:01,938] [   DEBUG][0m - normalization                 : RMSNorm[0m
[35m[2026-04-17 13:39:01,942] [   DEBUG][0m - normalization                 : RMSNorm[0m
[35m[2026-04-17 13:39:01,945] [   DEBUG][0m - normalize_logps               : False[0m
[35m[2026-04-17 13:39:01,949] [   DEBUG][0m - normalize_logps               : False[0m
[35m[2026-04-17 13:39:01,953] [   DEBUG][0m - num_attention_heads           : None[0m
[35m[2026-04-17 13:39:01,958] [   DEBUG][0m - num_attention_heads           : None[0m
[35m[2026-04-17 13:39:01,961] [   DEBUG][0m - num_consecutive               : 1[0m
[35m[2026-04-17 13:39:01,964] [   DEBUG][0m - num_consecutive               : 1[0m
[35m[2026-04-17 13:39:01,967] [   DEBUG][0m - num_cycles                    : 0.5[0m
[35m[2026-04-17 13:39:01,970] [   DEBUG][0m - num_cycles                    : 0.5[0m
[35m[2026-04-17 13:39:01,973] [   DEBUG][0m - num_empty_layers_add_in_head  : 0[0m
[35m[2026-04-17 13:39:01,977] [   DEBUG][0m - num_empty_layers_add_in_head  : 0[0m
[35m[2026-04-17 13:39:01,982] [   DEBUG][0m - num_empty_layers_add_in_tail  : 0[0m
[35m[2026-04-17 13:39:01,986] [   DEBUG][0m - num_empty_layers_add_in_tail  : 0[0m
[35m[2026-04-17 13:39:01,994] [   DEBUG][0m - num_experts_per_tok           : None[0m
[35m[2026-04-17 13:39:02,032] [   DEBUG][0m - num_experts_per_tok           : None[0m
[35m[2026-04-17 13:39:02,037] [   DEBUG][0m - num_hidden_layers             : None[0m
[35m[2026-04-17 13:39:02,040] [   DEBUG][0m - num_hidden_layers             : None[0m
[35m[2026-04-17 13:39:02,043] [   DEBUG][0m - num_key_value_heads           : None[0m
[35m[2026-04-17 13:39:02,098] [   DEBUG][0m - num_key_value_heads           : None[0m
[35m[2026-04-17 13:39:02,101] [   DEBUG][0m - num_nextn_predict_layers      : 0[0m
[35m[2026-04-17 13:39:02,104] [   DEBUG][0m - num_nextn_predict_layers      : 0[0m
[35m[2026-04-17 13:39:02,106] [   DEBUG][0m - num_of_gpus                   : -1[0m
[35m[2026-04-17 13:39:02,114] [   DEBUG][0m - num_of_gpus                   : -1[0m
[35m[2026-04-17 13:39:02,117] [   DEBUG][0m - num_train_epochs              : 1.0[0m
[35m[2026-04-17 13:39:02,121] [   DEBUG][0m - num_train_epochs              : 1.0[0m
[35m[2026-04-17 13:39:02,123] [   DEBUG][0m - offload_fp8_expert_master_weight: True[0m
[35m[2026-04-17 13:39:02,127] [   DEBUG][0m - offload_fp8_expert_master_weight: True[0m
[35m[2026-04-17 13:39:02,129] [   DEBUG][0m - offload_queue                 : False[0m
[35m[2026-04-17 13:39:02,132] [   DEBUG][0m - offload_queue                 : False[0m
[35m[2026-04-17 13:39:02,135] [   DEBUG][0m - offset_alpha                  : 0.0[0m
[35m[2026-04-17 13:39:02,138] [   DEBUG][0m - offset_alpha                  : 0.0[0m
[35m[2026-04-17 13:39:02,140] [   DEBUG][0m - optim                         : OptimizerNames.ADAMW[0m
[35m[2026-04-17 13:39:02,143] [   DEBUG][0m - optim                         : OptimizerNames.ADAMW[0m
[35m[2026-04-17 13:39:02,146] [   DEBUG][0m - optim_shard_num               : 1[0m
[35m[2026-04-17 13:39:02,149] [   DEBUG][0m - optim_shard_num               : 1[0m
[35m[2026-04-17 13:39:02,151] [   DEBUG][0m - optimizer_name_suffix         : tp00_pp01[0m
[35m[2026-04-17 13:39:02,154] [   DEBUG][0m - optimizer_name_suffix         : tp00_pp00[0m
[35m[2026-04-17 13:39:02,157] [   DEBUG][0m - ordered_save_group_size       : 0[0m
[35m[2026-04-17 13:39:02,162] [   DEBUG][0m - ordered_save_group_size       : 0[0m
[35m[2026-04-17 13:39:02,164] [   DEBUG][0m - output_dir                    : ./checkpoints/pt/52b[0m
[35m[2026-04-17 13:39:02,168] [   DEBUG][0m - output_dir                    : ./checkpoints/pt/52b[0m
[35m[2026-04-17 13:39:02,171] [   DEBUG][0m - output_layer_init_method      : None[0m
[35m[2026-04-17 13:39:02,175] [   DEBUG][0m - output_layer_init_method      : None[0m
[35m[2026-04-17 13:39:02,177] [   DEBUG][0m - output_signal_dir             : ./checkpoints/pt/52b[0m
[35m[2026-04-17 13:39:02,180] [   DEBUG][0m - output_signal_dir             : ./checkpoints/pt/52b[0m
[35m[2026-04-17 13:39:02,183] [   DEBUG][0m - overlap                       : False[0m
[35m[2026-04-17 13:39:02,186] [   DEBUG][0m - overlap                       : False[0m
[35m[2026-04-17 13:39:02,192] [   DEBUG][0m - overlap_p2p_comm              : False[0m
[35m[2026-04-17 13:39:02,195] [   DEBUG][0m - overlap_p2p_comm              : False[0m
[35m[2026-04-17 13:39:03,138] [   DEBUG][0m - use_cache                     : False[0m
[35m[2026-04-17 13:39:03,141] [   DEBUG][0m - use_dualpipev                 : False[0m
[35m[2026-04-17 13:39:02,198] [   DEBUG][0m - overwrite_output_dir          : True[0m
[35m[2026-04-17 13:39:02,201] [   DEBUG][0m - overwrite_output_dir          : True[0m
[35m[2026-04-17 13:39:02,204] [   DEBUG][0m - p2p_cache_shape               : True[0m
[35m[2026-04-17 13:39:02,207] [   DEBUG][0m - p2p_cache_shape               : True[0m
[35m[2026-04-17 13:39:02,210] [   DEBUG][0m - pad_token_id                  : 0[0m
[35m[2026-04-17 13:39:02,213] [   DEBUG][0m - pad_token_id                  : 0[0m
[35m[2026-04-17 13:39:02,217] [   DEBUG][0m - partial_send_recv             : True[0m
[35m[2026-04-17 13:39:02,220] [   DEBUG][0m - partial_send_recv             : True[0m
[35m[2026-04-17 13:39:02,223] [   DEBUG][0m - past_index                    : -1[0m
[35m[2026-04-17 13:39:02,226] [   DEBUG][0m - past_index                    : -1[0m
[35m[2026-04-17 13:39:02,228] [   DEBUG][0m - pdc_download_ckpt             : False[0m
[35m[2026-04-17 13:39:02,237] [   DEBUG][0m - pdc_download_ckpt             : False[0m
[35m[2026-04-17 13:39:02,240] [   DEBUG][0m - pdc_download_timeout          : 300[0m
[35m[2026-04-17 13:39:02,243] [   DEBUG][0m - pdc_download_timeout          : 300[0m
[35m[2026-04-17 13:39:02,246] [   DEBUG][0m - per_device_eval_batch_size    : 1[0m
[35m[2026-04-17 13:39:02,248] [   DEBUG][0m - per_device_eval_batch_size    : 1[0m
[35m[2026-04-17 13:39:02,251] [   DEBUG][0m - per_device_train_batch_size   : 1[0m
[35m[2026-04-17 13:39:02,255] [   DEBUG][0m - per_device_train_batch_size   : 1[0m
[35m[2026-04-17 13:39:02,258] [   DEBUG][0m - pipeline_model_parallel_size  : 2[0m
[35m[2026-04-17 13:39:02,261] [   DEBUG][0m - pipeline_model_parallel_size  : 2[0m
[35m[2026-04-17 13:39:02,269] [   DEBUG][0m - pipeline_parallel_config      : [0m
[35m[2026-04-17 13:39:02,273] [   DEBUG][0m - pipeline_parallel_config      : [0m
[35m[2026-04-17 13:39:02,275] [   DEBUG][0m - pipeline_parallel_rank        : 1[0m
[35m[2026-04-17 13:39:02,278] [   DEBUG][0m - pipeline_parallel_rank        : 0[0m
[35m[2026-04-17 13:39:02,281] [   DEBUG][0m - position_embedding_type       : rope[0m
[35m[2026-04-17 13:39:02,284] [   DEBUG][0m - position_embedding_type       : rope[0m
[35m[2026-04-17 13:39:02,286] [   DEBUG][0m - power                         : 1.0[0m
[35m[2026-04-17 13:39:02,290] [   DEBUG][0m - power                         : 1.0[0m
[35m[2026-04-17 13:39:02,293] [   DEBUG][0m - pp_delay_scale_loss           : True[0m
[35m[2026-04-17 13:39:02,296] [   DEBUG][0m - pp_delay_scale_loss           : True[0m
[35m[2026-04-17 13:39:02,299] [   DEBUG][0m - pp_need_data                  : False[0m
[35m[2026-04-17 13:39:02,302] [   DEBUG][0m - pp_need_data                  : False[0m
[35m[2026-04-17 13:39:02,305] [   DEBUG][0m - pp_need_data_degree           : 0[0m
[35m[2026-04-17 13:39:02,308] [   DEBUG][0m - pp_need_data_degree           : 0[0m
[35m[2026-04-17 13:39:02,310] [   DEBUG][0m - pp_release_grads              : False[0m
[35m[2026-04-17 13:39:02,314] [   DEBUG][0m - pp_release_grads              : False[0m
[35m[2026-04-17 13:39:02,316] [   DEBUG][0m - pp_sharding_comm_overlap      : False[0m
[35m[2026-04-17 13:39:02,319] [   DEBUG][0m - pp_sharding_comm_overlap      : False[0m
[35m[2026-04-17 13:39:02,321] [   DEBUG][0m - pp_sync_moment                : False[0m
[35m[2026-04-17 13:39:02,324] [   DEBUG][0m - pp_sync_moment                : False[0m
[35m[2026-04-17 13:39:02,327] [   DEBUG][0m - pp_sync_param                 : False[0m
[35m[2026-04-17 13:39:02,330] [   DEBUG][0m - pp_sync_param                 : False[0m
[35m[2026-04-17 13:39:02,332] [   DEBUG][0m - pre_alloc_memory              : 0[0m
[35m[2026-04-17 13:39:02,336] [   DEBUG][0m - pre_alloc_memory              : 0[0m
[35m[2026-04-17 13:39:02,339] [   DEBUG][0m - prediction_loss_only          : False[0m
[35m[2026-04-17 13:39:02,342] [   DEBUG][0m - prediction_loss_only          : False[0m
[35m[2026-04-17 13:39:02,345] [   DEBUG][0m - pref_loss_ratio               : 1.0[0m
[35m[2026-04-17 13:39:02,348] [   DEBUG][0m - pref_loss_ratio               : 1.0[0m
[35m[2026-04-17 13:39:02,350] [   DEBUG][0m - prefetch_factor               : 2[0m
[35m[2026-04-17 13:39:02,353] [   DEBUG][0m - prefetch_factor               : 2[0m
[35m[2026-04-17 13:39:02,355] [   DEBUG][0m - process_index                 : 8[0m
[35m[2026-04-17 13:39:02,359] [   DEBUG][0m - process_index                 : 0[0m
[35m[2026-04-17 13:39:02,362] [   DEBUG][0m - profile                       : False[0m
[35m[2026-04-17 13:39:02,365] [   DEBUG][0m - profile                       : False[0m
[35m[2026-04-17 13:39:02,368] [   DEBUG][0m - profile_step_end              : 12[0m
[35m[2026-04-17 13:39:02,372] [   DEBUG][0m - profile_step_end              : 12[0m
[35m[2026-04-17 13:39:02,375] [   DEBUG][0m - profile_step_start            : 10[0m
[35m[2026-04-17 13:39:02,379] [   DEBUG][0m - profile_step_start            : 10[0m
[35m[2026-04-17 13:39:02,382] [   DEBUG][0m - recompute_granularity         : full[0m
[35m[2026-04-17 13:39:02,385] [   DEBUG][0m - recompute_granularity         : full[0m
[35m[2026-04-17 13:39:02,387] [   DEBUG][0m - recompute_method              : uniform[0m
[35m[2026-04-17 13:39:02,390] [   DEBUG][0m - recompute_method              : uniform[0m
[35m[2026-04-17 13:39:02,393] [   DEBUG][0m - recompute_modules             : None[0m
[35m[2026-04-17 13:39:02,397] [   DEBUG][0m - recompute_modules             : None[0m
[35m[2026-04-17 13:39:02,400] [   DEBUG][0m - recompute_mtp_granularity     : None[0m
[35m[2026-04-17 13:39:02,403] [   DEBUG][0m - recompute_mtp_granularity     : None[0m
[35m[2026-04-17 13:39:02,405] [   DEBUG][0m - recompute_mtp_method          : None[0m
[35m[2026-04-17 13:39:02,409] [   DEBUG][0m - recompute_mtp_method          : None[0m
[35m[2026-04-17 13:39:02,411] [   DEBUG][0m - recompute_mtp_modules         : None[0m
[35m[2026-04-17 13:39:02,414] [   DEBUG][0m - recompute_mtp_modules         : None[0m
[35m[2026-04-17 13:39:02,416] [   DEBUG][0m - recompute_num_layers          : 1[0m
[35m[2026-04-17 13:39:02,419] [   DEBUG][0m - recompute_num_layers          : 1[0m
[35m[2026-04-17 13:39:02,422] [   DEBUG][0m - recompute_use_reentrant       : True[0m
[35m[2026-04-17 13:39:03,144] [   DEBUG][0m - use_dualpipev                 : False[0m
[35m[2026-04-17 13:39:03,147] [   DEBUG][0m - use_expert_parallel           : False[0m
[35m[2026-04-17 13:39:02,425] [   DEBUG][0m - recompute_use_reentrant       : True[0m
[35m[2026-04-17 13:39:02,428] [   DEBUG][0m - reeao_dataset_rank            : 0[0m
[35m[2026-04-17 13:39:02,436] [   DEBUG][0m - reeao_dataset_rank            : 0[0m
[35m[2026-04-17 13:39:02,438] [   DEBUG][0m - reeao_dataset_world_size      : 1[0m
[35m[2026-04-17 13:39:02,441] [   DEBUG][0m - reeao_dataset_world_size      : 1[0m
[35m[2026-04-17 13:39:02,444] [   DEBUG][0m - ref_model_update_steps        : -1[0m
[35m[2026-04-17 13:39:02,447] [   DEBUG][0m - ref_model_update_steps        : -1[0m
[35m[2026-04-17 13:39:02,450] [   DEBUG][0m - reference_free                : False[0m
[35m[2026-04-17 13:39:02,453] [   DEBUG][0m - reference_free                : False[0m
[35m[2026-04-17 13:39:02,455] [   DEBUG][0m - release_grads                 : False[0m
[35m[2026-04-17 13:39:02,458] [   DEBUG][0m - release_grads                 : False[0m
[35m[2026-04-17 13:39:02,461] [   DEBUG][0m - remove_unused_columns         : True[0m
[35m[2026-04-17 13:39:02,469] [   DEBUG][0m - remove_unused_columns         : True[0m
[35m[2026-04-17 13:39:02,471] [   DEBUG][0m - reorder_pipeline_priority     : False[0m
[35m[2026-04-17 13:39:02,476] [   DEBUG][0m - reorder_pipeline_priority     : False[0m
[35m[2026-04-17 13:39:02,479] [   DEBUG][0m - replace_with_c_embedding      : False[0m
[35m[2026-04-17 13:39:02,482] [   DEBUG][0m - replace_with_c_embedding      : False[0m
[35m[2026-04-17 13:39:02,485] [   DEBUG][0m - replace_with_parallel_cross_entropy: False[0m
[35m[2026-04-17 13:39:02,489] [   DEBUG][0m - replace_with_parallel_cross_entropy: False[0m
[35m[2026-04-17 13:39:02,491] [   DEBUG][0m - replicate_saved_into_local    : False[0m
[35m[2026-04-17 13:39:02,494] [   DEBUG][0m - replicate_saved_into_local    : False[0m
[35m[2026-04-17 13:39:02,496] [   DEBUG][0m - report_to                     : ['visualdl'][0m
[35m[2026-04-17 13:39:02,499] [   DEBUG][0m - report_to                     : ['visualdl'][0m
[35m[2026-04-17 13:39:02,501] [   DEBUG][0m - resume_from_checkpoint        : None[0m
[35m[2026-04-17 13:39:02,504] [   DEBUG][0m - resume_from_checkpoint        : None[0m
[35m[2026-04-17 13:39:02,507] [   DEBUG][0m - resume_from_huggingface_ckpt  : None[0m
[35m[2026-04-17 13:39:02,510] [   DEBUG][0m - resume_from_huggingface_ckpt  : None[0m
[35m[2026-04-17 13:39:02,512] [   DEBUG][0m - router_aux_loss_coef          : 0.0[0m
[35m[2026-04-17 13:39:02,516] [   DEBUG][0m - router_aux_loss_coef          : 0.0[0m
[35m[2026-04-17 13:39:02,518] [   DEBUG][0m - router_z_loss_coef            : None[0m
[35m[2026-04-17 13:39:02,525] [   DEBUG][0m - router_z_loss_coef            : None[0m
[35m[2026-04-17 13:39:02,528] [   DEBUG][0m - run_name                      : ./checkpoints/pt/52b[0m
[35m[2026-04-17 13:39:02,531] [   DEBUG][0m - run_name                      : ./checkpoints/pt/52b[0m
[35m[2026-04-17 13:39:02,533] [   DEBUG][0m - same_data                     : None[0m
[35m[2026-04-17 13:39:02,537] [   DEBUG][0m - same_data                     : None[0m
[35m[2026-04-17 13:39:02,544] [   DEBUG][0m - save_checkpoint_format        : flex_checkpoint[0m
[35m[2026-04-17 13:39:02,570] [   DEBUG][0m - save_checkpoint_format        : flex_checkpoint[0m
[35m[2026-04-17 13:39:02,573] [   DEBUG][0m - save_hf_memory_growth_threshold: 8[0m
[35m[2026-04-17 13:39:02,577] [   DEBUG][0m - save_hf_memory_growth_threshold: 8[0m
[35m[2026-04-17 13:39:02,579] [   DEBUG][0m - save_hf_steps                 : -1[0m
[35m[2026-04-17 13:39:02,583] [   DEBUG][0m - save_hf_steps                 : -1[0m
[35m[2026-04-17 13:39:02,585] [   DEBUG][0m - save_hf_total_limit           : None[0m
[35m[2026-04-17 13:39:02,588] [   DEBUG][0m - save_hf_total_limit           : None[0m
[35m[2026-04-17 13:39:02,590] [   DEBUG][0m - save_last_step                : False[0m
[35m[2026-04-17 13:39:02,594] [   DEBUG][0m - save_last_step                : False[0m
[35m[2026-04-17 13:39:03,150] [   DEBUG][0m - use_expert_parallel           : False[0m
[35m[2026-04-17 13:39:03,152] [   DEBUG][0m - use_filtered_label_loss       : False[0m
[35m[2026-04-17 13:39:02,596] [   DEBUG][0m - save_on_each_node             : False[0m
[35m[2026-04-17 13:39:02,599] [   DEBUG][0m - save_on_each_node             : False[0m
[35m[2026-04-17 13:39:02,601] [   DEBUG][0m - save_rng_states               : True[0m
[35m[2026-04-17 13:39:02,604] [   DEBUG][0m - save_rng_states               : True[0m
[35m[2026-04-17 13:39:02,606] [   DEBUG][0m - save_sharded_model            : False[0m
[35m[2026-04-17 13:39:02,610] [   DEBUG][0m - save_sharded_model            : False[0m
[35m[2026-04-17 13:39:02,612] [   DEBUG][0m - save_sharding_stage1_model_include_freeze_params: False[0m
[35m[2026-04-17 13:39:02,615] [   DEBUG][0m - save_sharding_stage1_model_include_freeze_params: False[0m
[35m[2026-04-17 13:39:02,618] [   DEBUG][0m - save_steps                    : 100[0m
[35m[2026-04-17 13:39:02,621] [   DEBUG][0m - save_steps                    : 100[0m
[35m[2026-04-17 13:39:02,623] [   DEBUG][0m - save_strategy                 : IntervalStrategy.STEPS[0m
[35m[2026-04-17 13:39:02,626] [   DEBUG][0m - save_strategy                 : IntervalStrategy.STEPS[0m
[35m[2026-04-17 13:39:02,628] [   DEBUG][0m - save_to_hf                    : True[0m
[35m[2026-04-17 13:39:02,632] [   DEBUG][0m - save_to_hf                    : True[0m
[35m[2026-04-17 13:39:02,634] [   DEBUG][0m - save_tokenizer                : True[0m
[35m[2026-04-17 13:39:02,637] [   DEBUG][0m - save_tokenizer                : True[0m
[35m[2026-04-17 13:39:02,639] [   DEBUG][0m - save_total_limit              : None[0m
[35m[2026-04-17 13:39:02,643] [   DEBUG][0m - save_total_limit              : None[0m
[35m[2026-04-17 13:39:02,645] [   DEBUG][0m - scale_loss                    : 32768[0m
[35m[2026-04-17 13:39:02,649] [   DEBUG][0m - scale_loss                    : 32768[0m
[35m[2026-04-17 13:39:02,652] [   DEBUG][0m - sd_release_grads              : False[0m
[35m[2026-04-17 13:39:02,655] [   DEBUG][0m - sd_release_grads              : False[0m
[35m[2026-04-17 13:39:02,657] [   DEBUG][0m - sd_sharding_comm_overlap      : False[0m
[35m[2026-04-17 13:39:02,660] [   DEBUG][0m - sd_sharding_comm_overlap      : False[0m
[35m[2026-04-17 13:39:02,663] [   DEBUG][0m - sd_shardingv1_comm_overlap    : False[0m
[35m[2026-04-17 13:39:02,666] [   DEBUG][0m - sd_shardingv1_comm_overlap    : False[0m
[35m[2026-04-17 13:39:02,668] [   DEBUG][0m - seed                          : 23[0m
[35m[2026-04-17 13:39:02,671] [   DEBUG][0m - seed                          : 23[0m
[35m[2026-04-17 13:39:02,673] [   DEBUG][0m - send_recv_overlap             : False[0m
[35m[2026-04-17 13:39:02,678] [   DEBUG][0m - send_recv_overlap             : False[0m
[35m[2026-04-17 13:39:02,682] [   DEBUG][0m - sep_parallel_size             : 1[0m
[35m[2026-04-17 13:39:02,685] [   DEBUG][0m - sep_parallel_size             : 1[0m
[35m[2026-04-17 13:39:02,688] [   DEBUG][0m - sequence_parallel             : False[0m
[35m[2026-04-17 13:39:02,692] [   DEBUG][0m - sequence_parallel             : False[0m
[35m[2026-04-17 13:39:02,695] [   DEBUG][0m - sequence_parallel_config      : [0m
[35m[2026-04-17 13:39:02,698] [   DEBUG][0m - sequence_parallel_config      : [0m
[35m[2026-04-17 13:39:02,701] [   DEBUG][0m - sft_loss_ratio                : 0.0[0m
[35m[2026-04-17 13:39:02,704] [   DEBUG][0m - sft_loss_ratio                : 0.0[0m
[35m[2026-04-17 13:39:02,707] [   DEBUG][0m - sharded_model_from_ema        : False[0m
[35m[2026-04-17 13:39:02,711] [   DEBUG][0m - sharded_model_from_ema        : False[0m
[35m[2026-04-17 13:39:02,714] [   DEBUG][0m - sharding                      : [][0m
[35m[2026-04-17 13:39:02,716] [   DEBUG][0m - sharding                      : [][0m
[35m[2026-04-17 13:39:02,719] [   DEBUG][0m - sharding_comm_buffer_size_MB  : -1[0m
[35m[2026-04-17 13:39:02,722] [   DEBUG][0m - sharding_comm_buffer_size_MB  : -1[0m
[35m[2026-04-17 13:39:02,724] [   DEBUG][0m - sharding_degree               : -1[0m
[35m[2026-04-17 13:39:02,728] [   DEBUG][0m - sharding_degree               : -1[0m
[35m[2026-04-17 13:39:02,730] [   DEBUG][0m - sharding_offload_opt_buffersize_GB: -1[0m
[35m[2026-04-17 13:39:02,734] [   DEBUG][0m - sharding_offload_opt_buffersize_GB: -1[0m
[35m[2026-04-17 13:39:02,737] [   DEBUG][0m - sharding_parallel_config      : [0m
[35m[2026-04-17 13:39:02,740] [   DEBUG][0m - sharding_parallel_config      : [0m
[35m[2026-04-17 13:39:02,743] [   DEBUG][0m - sharding_parallel_mesh_dimension: dp[0m
[35m[2026-04-17 13:39:02,746] [   DEBUG][0m - sharding_parallel_mesh_dimension: dp[0m
[35m[2026-04-17 13:39:02,748] [   DEBUG][0m - sharding_parallel_rank        : 0[0m
[35m[2026-04-17 13:39:02,752] [   DEBUG][0m - sharding_parallel_rank        : 0[0m
[35m[2026-04-17 13:39:02,755] [   DEBUG][0m - sharding_parallel_size        : 1[0m
[35m[2026-04-17 13:39:02,759] [   DEBUG][0m - sharding_parallel_size        : 1[0m
[35m[2026-04-17 13:39:02,762] [   DEBUG][0m - should_load_dataset           : True[0m
[35m[2026-04-17 13:39:02,765] [   DEBUG][0m - should_load_dataset           : True[0m
[35m[2026-04-17 13:39:02,768] [   DEBUG][0m - should_load_sharding_stage1_model: False[0m
[35m[2026-04-17 13:39:02,771] [   DEBUG][0m - should_load_sharding_stage1_model: False[0m
[35m[2026-04-17 13:39:02,774] [   DEBUG][0m - should_log                    : True[0m
[35m[2026-04-17 13:39:02,777] [   DEBUG][0m - should_log                    : True[0m
[35m[2026-04-17 13:39:02,779] [   DEBUG][0m - should_save                   : False[0m
[35m[2026-04-17 13:39:02,782] [   DEBUG][0m - should_save                   : True[0m
[35m[2026-04-17 13:39:02,811] [   DEBUG][0m - should_save_model_state       : True[0m
[35m[2026-04-17 13:39:02,815] [   DEBUG][0m - should_save_model_state       : True[0m
[35m[2026-04-17 13:39:02,818] [   DEBUG][0m - should_save_model_with_tensor_fusion: False[0m
[35m[2026-04-17 13:39:02,821] [   DEBUG][0m - should_save_model_with_tensor_fusion: False[0m
[35m[2026-04-17 13:39:02,823] [   DEBUG][0m - should_save_sharding_stage1_model: False[0m
[35m[2026-04-17 13:39:02,826] [   DEBUG][0m - should_save_sharding_stage1_model: False[0m
[35m[2026-04-17 13:39:02,829] [   DEBUG][0m - shuffle_consecutive           : False[0m
[35m[2026-04-17 13:39:02,832] [   DEBUG][0m - shuffle_consecutive           : False[0m
[35m[2026-04-17 13:39:02,834] [   DEBUG][0m - simpo_gamma                   : 0.5[0m
[35m[2026-04-17 13:39:02,838] [   DEBUG][0m - simpo_gamma                   : 0.5[0m
[35m[2026-04-17 13:39:02,847] [   DEBUG][0m - skip_data_intervals           : None[0m
[35m[2026-04-17 13:39:02,851] [   DEBUG][0m - skip_data_intervals           : None[0m
[35m[2026-04-17 13:39:02,853] [   DEBUG][0m - skip_memory_metrics           : True[0m
[35m[2026-04-17 13:39:02,856] [   DEBUG][0m - skip_memory_metrics           : True[0m
[35m[2026-04-17 13:39:02,858] [   DEBUG][0m - skip_profile_timer            : True[0m
[35m[2026-04-17 13:39:02,862] [   DEBUG][0m - skip_profile_timer            : True[0m
[35m[2026-04-17 13:39:02,864] [   DEBUG][0m - softmax_scale                 : None[0m
[35m[2026-04-17 13:39:03,156] [   DEBUG][0m - use_filtered_label_loss       : False[0m
[35m[2026-04-17 13:39:03,158] [   DEBUG][0m - use_fp8                       : False[0m
[35m[2026-04-17 13:39:02,868] [   DEBUG][0m - softmax_scale                 : None[0m
[35m[2026-04-17 13:39:02,871] [   DEBUG][0m - softmax_type                  : vanilla[0m
[35m[2026-04-17 13:39:02,873] [   DEBUG][0m - softmax_type                  : vanilla[0m
[35m[2026-04-17 13:39:02,876] [   DEBUG][0m - sp_allreduce_avg_in_gradinent_scale: False[0m
[35m[2026-04-17 13:39:02,879] [   DEBUG][0m - sp_allreduce_avg_in_gradinent_scale: False[0m
[35m[2026-04-17 13:39:02,882] [   DEBUG][0m - sp_async_reduce_scatter       : False[0m
[35m[2026-04-17 13:39:02,885] [   DEBUG][0m - sp_async_reduce_scatter       : False[0m
[35m[2026-04-17 13:39:02,887] [   DEBUG][0m - split_backward                : False[0m
[35m[2026-04-17 13:39:02,890] [   DEBUG][0m - split_backward                : False[0m
[35m[2026-04-17 13:39:02,893] [   DEBUG][0m - split_inputs_sequence_dim     : True[0m
[35m[2026-04-17 13:39:02,896] [   DEBUG][0m - split_inputs_sequence_dim     : True[0m
[35m[2026-04-17 13:39:02,898] [   DEBUG][0m - split_norm_comm               : False[0m
[35m[2026-04-17 13:39:02,901] [   DEBUG][0m - split_norm_comm               : False[0m
[35m[2026-04-17 13:39:02,903] [   DEBUG][0m - split_param                   : True[0m
[35m[2026-04-17 13:39:02,906] [   DEBUG][0m - split_param                   : True[0m
[35m[2026-04-17 13:39:02,908] [   DEBUG][0m - stage1_allgather_overlap      : False[0m
[35m[2026-04-17 13:39:02,911] [   DEBUG][0m - stage1_allgather_overlap      : False[0m
[35m[2026-04-17 13:39:02,913] [   DEBUG][0m - stage1_broadcast_overlap      : False[0m
[35m[2026-04-17 13:39:02,916] [   DEBUG][0m - stage1_broadcast_overlap      : False[0m
[35m[2026-04-17 13:39:02,918] [   DEBUG][0m - stage1_overlap                : False[0m
[35m[2026-04-17 13:39:02,921] [   DEBUG][0m - stage1_overlap                : False[0m
[35m[2026-04-17 13:39:02,923] [   DEBUG][0m - stage1_reduce_avg             : True[0m
[35m[2026-04-17 13:39:02,927] [   DEBUG][0m - stage1_reduce_avg             : True[0m
[35m[2026-04-17 13:39:02,929] [   DEBUG][0m - stage1_tensor_fusion          : False[0m
[35m[2026-04-17 13:39:02,969] [   DEBUG][0m - stage1_tensor_fusion          : False[0m
[35m[2026-04-17 13:39:02,972] [   DEBUG][0m - stage2_overlap                : False[0m
[35m[2026-04-17 13:39:02,975] [   DEBUG][0m - stage2_overlap                : False[0m
[35m[2026-04-17 13:39:02,978] [   DEBUG][0m - sync_grad                     : False[0m
[35m[2026-04-17 13:39:02,981] [   DEBUG][0m - sync_grad                     : False[0m
[35m[2026-04-17 13:39:02,983] [   DEBUG][0m - tensor_fusion                 : False[0m
[35m[2026-04-17 13:39:02,986] [   DEBUG][0m - tensor_fusion                 : False[0m
[35m[2026-04-17 13:39:02,988] [   DEBUG][0m - tensor_model_parallel_size    : 8[0m
[35m[2026-04-17 13:39:02,992] [   DEBUG][0m - tensor_model_parallel_size    : 8[0m
[35m[2026-04-17 13:39:02,995] [   DEBUG][0m - tensor_parallel_config        : [0m
[35m[2026-04-17 13:39:02,999] [   DEBUG][0m - tensor_parallel_config        : [0m
[35m[2026-04-17 13:39:03,001] [   DEBUG][0m - tensor_parallel_output        : True[0m
[35m[2026-04-17 13:39:03,007] [   DEBUG][0m - tensor_parallel_output        : True[0m
[35m[2026-04-17 13:39:03,010] [   DEBUG][0m - tensor_parallel_rank          : 0[0m
[35m[2026-04-17 13:39:03,013] [   DEBUG][0m - tensor_parallel_rank          : 0[0m
[35m[2026-04-17 13:39:03,015] [   DEBUG][0m - tensorwise_offload_optimizer  : True[0m
[35m[2026-04-17 13:39:03,018] [   DEBUG][0m - tensorwise_offload_optimizer  : True[0m
[35m[2026-04-17 13:39:03,020] [   DEBUG][0m - tie_word_embeddings           : None[0m
[35m[2026-04-17 13:39:03,025] [   DEBUG][0m - tie_word_embeddings           : None[0m
[35m[2026-04-17 13:39:03,027] [   DEBUG][0m - timer                         : False[0m
[35m[2026-04-17 13:39:03,032] [   DEBUG][0m - timer                         : False[0m
[35m[2026-04-17 13:39:03,034] [   DEBUG][0m - to_static                     : False[0m
[35m[2026-04-17 13:39:03,038] [   DEBUG][0m - to_static                     : False[0m
[35m[2026-04-17 13:39:03,040] [   DEBUG][0m - token_balance_loss            : False[0m
[35m[2026-04-17 13:39:03,045] [   DEBUG][0m - token_balance_loss            : False[0m
[35m[2026-04-17 13:39:03,047] [   DEBUG][0m - tp_async_allreduce            : False[0m
[35m[2026-04-17 13:39:03,052] [   DEBUG][0m - tp_async_allreduce            : False[0m
[35m[2026-04-17 13:39:03,054] [   DEBUG][0m - tp_sync_moment                : False[0m
[35m[2026-04-17 13:39:03,059] [   DEBUG][0m - tp_sync_moment                : False[0m
[35m[2026-04-17 13:39:03,061] [   DEBUG][0m - tp_sync_param                 : False[0m
[35m[2026-04-17 13:39:03,101] [   DEBUG][0m - tp_sync_param                 : False[0m
[35m[2026-04-17 13:39:03,104] [   DEBUG][0m - train_batch_size              : 1[0m
[35m[2026-04-17 13:39:03,107] [   DEBUG][0m - train_batch_size              : 1[0m
[35m[2026-04-17 13:39:03,110] [   DEBUG][0m - train_mtp_only                : False[0m
[35m[2026-04-17 13:39:03,113] [   DEBUG][0m - train_mtp_only                : False[0m
[35m[2026-04-17 13:39:03,116] [   DEBUG][0m - unified_checkpoint            : False[0m
[35m[2026-04-17 13:39:03,119] [   DEBUG][0m - unified_checkpoint            : False[0m
[35m[2026-04-17 13:39:03,121] [   DEBUG][0m - unified_checkpoint_config     : [0m
[35m[2026-04-17 13:39:03,125] [   DEBUG][0m - unified_checkpoint_config     : [0m
[35m[2026-04-17 13:39:03,127] [   DEBUG][0m - use_async_save                : False[0m
[35m[2026-04-17 13:39:03,131] [   DEBUG][0m - use_async_save                : False[0m
[35m[2026-04-17 13:39:03,134] [   DEBUG][0m - use_cache                     : False[0m
[35m[2026-04-17 13:39:03,138] [   DEBUG][0m - use_cache                     : False[0m
[35m[2026-04-17 13:39:03,141] [   DEBUG][0m - use_dualpipev                 : False[0m
[35m[2026-04-17 13:39:03,162] [   DEBUG][0m - use_fp8                       : False[0m
[35m[2026-04-17 13:39:03,165] [   DEBUG][0m - use_fused_head_and_loss_fn    : False[0m
[35m[2026-04-17 13:39:03,144] [   DEBUG][0m - use_dualpipev                 : False[0m
[35m[2026-04-17 13:39:03,147] [   DEBUG][0m - use_expert_parallel           : False[0m
[35m[2026-04-17 13:39:03,150] [   DEBUG][0m - use_expert_parallel           : False[0m
[35m[2026-04-17 13:39:03,152] [   DEBUG][0m - use_filtered_label_loss       : False[0m
[35m[2026-04-17 13:39:03,156] [   DEBUG][0m - use_filtered_label_loss       : False[0m
[35m[2026-04-17 13:39:03,158] [   DEBUG][0m - use_fp8                       : False[0m
[35m[2026-04-17 13:39:03,162] [   DEBUG][0m - use_fp8                       : False[0m
[35m[2026-04-17 13:39:03,165] [   DEBUG][0m - use_fused_head_and_loss_fn    : False[0m
[35m[2026-04-17 13:39:03,168] [   DEBUG][0m - use_fused_head_and_loss_fn    : False[0m
[35m[2026-04-17 13:39:03,171] [   DEBUG][0m - use_fused_linear_cross_entropy: False[0m
[35m[2026-04-17 13:39:03,168] [   DEBUG][0m - use_fused_head_and_loss_fn    : False[0m
[35m[2026-04-17 13:39:03,171] [   DEBUG][0m - use_fused_linear_cross_entropy: False[0m
[35m[2026-04-17 13:39:03,175] [   DEBUG][0m - use_fused_linear_cross_entropy: False[0m
[35m[2026-04-17 13:39:03,178] [   DEBUG][0m - use_hybrid_parallel           : True[0m
[35m[2026-04-17 13:39:03,175] [   DEBUG][0m - use_fused_linear_cross_entropy: False[0m
[35m[2026-04-17 13:39:03,178] [   DEBUG][0m - use_hybrid_parallel           : True[0m
[35m[2026-04-17 13:39:03,182] [   DEBUG][0m - use_hybrid_parallel           : True[0m
[35m[2026-04-17 13:39:03,184] [   DEBUG][0m - use_intermediate_api          : False[0m
[35m[2026-04-17 13:39:03,182] [   DEBUG][0m - use_hybrid_parallel           : True[0m
[35m[2026-04-17 13:39:03,184] [   DEBUG][0m - use_intermediate_api          : False[0m
[35m[2026-04-17 13:39:03,188] [   DEBUG][0m - use_intermediate_api          : False[0m
[35m[2026-04-17 13:39:03,191] [   DEBUG][0m - use_lowprecision_moment       : False[0m
[35m[2026-04-17 13:39:03,188] [   DEBUG][0m - use_intermediate_api          : False[0m
[35m[2026-04-17 13:39:03,191] [   DEBUG][0m - use_lowprecision_moment       : False[0m
[35m[2026-04-17 13:39:03,198] [   DEBUG][0m - use_lowprecision_moment       : False[0m
[35m[2026-04-17 13:39:03,230] [   DEBUG][0m - use_moe                       : False[0m
[35m[2026-04-17 13:39:03,198] [   DEBUG][0m - use_lowprecision_moment       : False[0m
[35m[2026-04-17 13:39:03,230] [   DEBUG][0m - use_moe                       : False[0m
[35m[2026-04-17 13:39:03,234] [   DEBUG][0m - use_moe                       : False[0m
[35m[2026-04-17 13:39:03,281] [   DEBUG][0m - use_ortho_loss_callback       : False[0m
[35m[2026-04-17 13:39:03,234] [   DEBUG][0m - use_moe                       : False[0m
[35m[2026-04-17 13:39:03,281] [   DEBUG][0m - use_ortho_loss_callback       : False[0m
[35m[2026-04-17 13:39:03,285] [   DEBUG][0m - use_ortho_loss_callback       : False[0m
[35m[2026-04-17 13:39:03,287] [   DEBUG][0m - use_qk_norm                   : None[0m
[35m[2026-04-17 13:39:03,285] [   DEBUG][0m - use_ortho_loss_callback       : False[0m
[35m[2026-04-17 13:39:03,287] [   DEBUG][0m - use_qk_norm                   : None[0m
[35m[2026-04-17 13:39:03,291] [   DEBUG][0m - use_qk_norm                   : None[0m
[35m[2026-04-17 13:39:03,293] [   DEBUG][0m - use_recompute_mtp             : False[0m
[35m[2026-04-17 13:39:03,291] [   DEBUG][0m - use_qk_norm                   : None[0m
[35m[2026-04-17 13:39:03,293] [   DEBUG][0m - use_recompute_mtp             : False[0m
[35m[2026-04-17 13:39:03,296] [   DEBUG][0m - use_recompute_mtp             : False[0m
[35m[2026-04-17 13:39:03,299] [   DEBUG][0m - use_unified_moe               : False[0m
[35m[2026-04-17 13:39:03,296] [   DEBUG][0m - use_recompute_mtp             : False[0m
[35m[2026-04-17 13:39:03,299] [   DEBUG][0m - use_unified_moe               : False[0m
[35m[2026-04-17 13:39:03,303] [   DEBUG][0m - use_unified_moe               : False[0m
[35m[2026-04-17 13:39:03,305] [   DEBUG][0m - using_sonic_moe               : False[0m
[35m[2026-04-17 13:39:03,303] [   DEBUG][0m - use_unified_moe               : False[0m
[35m[2026-04-17 13:39:03,305] [   DEBUG][0m - using_sonic_moe               : False[0m
[35m[2026-04-17 13:39:03,309] [   DEBUG][0m - using_sonic_moe               : False[0m
[35m[2026-04-17 13:39:03,312] [   DEBUG][0m - variable_seq_lengths          : False[0m
[35m[2026-04-17 13:39:03,309] [   DEBUG][0m - using_sonic_moe               : False[0m
[35m[2026-04-17 13:39:03,312] [   DEBUG][0m - variable_seq_lengths          : False[0m
[35m[2026-04-17 13:39:03,315] [   DEBUG][0m - variable_seq_lengths          : False[0m
[35m[2026-04-17 13:39:03,318] [   DEBUG][0m - virtual_pipeline_model_parallel_size: 1[0m
[35m[2026-04-17 13:39:03,322] [   DEBUG][0m - virtual_pipeline_model_parallel_size: 1[0m
[35m[2026-04-17 13:39:03,325] [   DEBUG][0m - wandb_api_key                 : None[0m
[35m[2026-04-17 13:39:03,329] [   DEBUG][0m - wandb_api_key                 : None[0m
[35m[2026-04-17 13:39:03,331] [   DEBUG][0m - wandb_http_proxy              : None[0m
[35m[2026-04-17 13:39:03,335] [   DEBUG][0m - wandb_http_proxy              : None[0m
[35m[2026-04-17 13:39:03,342] [   DEBUG][0m - warmup_ratio                  : 0.0[0m
[35m[2026-04-17 13:39:03,346] [   DEBUG][0m - warmup_ratio                  : 0.0[0m
[35m[2026-04-17 13:39:03,376] [   DEBUG][0m - warmup_steps                  : 10[0m
[35m[2026-04-17 13:39:03,381] [   DEBUG][0m - warmup_steps                  : 10[0m
[35m[2026-04-17 13:39:03,384] [   DEBUG][0m - weight_decay                  : 0.0[0m
[35m[2026-04-17 13:39:03,388] [   DEBUG][0m - weight_decay                  : 0.0[0m
[35m[2026-04-17 13:39:03,391] [   DEBUG][0m - weight_name_suffix            : tp00_pp01[0m
[35m[2026-04-17 13:39:03,394] [   DEBUG][0m - weight_name_suffix            : tp00_pp00[0m
[35m[2026-04-17 13:39:03,396] [   DEBUG][0m - weight_quantize_algo          : None[0m
[35m[2026-04-17 13:39:03,400] [   DEBUG][0m - weight_quantize_algo          : None[0m
[35m[2026-04-17 13:39:03,403] [   DEBUG][0m - world_size                    : 16[0m
[35m[2026-04-17 13:39:03,407] [   DEBUG][0m - world_size                    : 16[0m
[35m[2026-04-17 13:39:03,409] [   DEBUG][0m - zcc_ema_interval              : 1[0m
[35m[2026-04-17 13:39:03,412] [   DEBUG][0m - zcc_ema_interval              : 1[0m
[35m[2026-04-17 13:39:03,415] [   DEBUG][0m - zcc_ema_loss_threshold        : None[0m
[35m[2026-04-17 13:39:03,418] [   DEBUG][0m - zcc_ema_loss_threshold        : None[0m
[35m[2026-04-17 13:39:03,420] [   DEBUG][0m - zcc_pipeline_hooks_capacity_usage: 0.6[0m
[35m[2026-04-17 13:39:03,315] [   DEBUG][0m - variable_seq_lengths          : False[0m
[35m[2026-04-17 13:39:03,318] [   DEBUG][0m - virtual_pipeline_model_parallel_size: 1[0m
[35m[2026-04-17 13:39:03,322] [   DEBUG][0m - virtual_pipeline_model_parallel_size: 1[0m
[35m[2026-04-17 13:39:03,325] [   DEBUG][0m - wandb_api_key                 : None[0m
[35m[2026-04-17 13:39:03,329] [   DEBUG][0m - wandb_api_key                 : None[0m
[35m[2026-04-17 13:39:03,331] [   DEBUG][0m - wandb_http_proxy              : None[0m
[35m[2026-04-17 13:39:03,335] [   DEBUG][0m - wandb_http_proxy              : None[0m
[35m[2026-04-17 13:39:03,342] [   DEBUG][0m - warmup_ratio                  : 0.0[0m
[35m[2026-04-17 13:39:03,346] [   DEBUG][0m - warmup_ratio                  : 0.0[0m
[35m[2026-04-17 13:39:03,376] [   DEBUG][0m - warmup_steps                  : 10[0m
[35m[2026-04-17 13:39:03,381] [   DEBUG][0m - warmup_steps                  : 10[0m
[35m[2026-04-17 13:39:03,384] [   DEBUG][0m - weight_decay                  : 0.0[0m
[35m[2026-04-17 13:39:03,388] [   DEBUG][0m - weight_decay                  : 0.0[0m
[35m[2026-04-17 13:39:03,391] [   DEBUG][0m - weight_name_suffix            : tp00_pp01[0m
[35m[2026-04-17 13:39:03,394] [   DEBUG][0m - weight_name_suffix            : tp00_pp00[0m
[35m[2026-04-17 13:39:03,396] [   DEBUG][0m - weight_quantize_algo          : None[0m
[35m[2026-04-17 13:39:03,400] [   DEBUG][0m - weight_quantize_algo          : None[0m
[35m[2026-04-17 13:39:03,403] [   DEBUG][0m - world_size                    : 16[0m
[35m[2026-04-17 13:39:03,407] [   DEBUG][0m - world_size                    : 16[0m
[35m[2026-04-17 13:39:03,409] [   DEBUG][0m - zcc_ema_interval              : 1[0m
[35m[2026-04-17 13:39:03,412] [   DEBUG][0m - zcc_ema_interval              : 1[0m
[35m[2026-04-17 13:39:03,415] [   DEBUG][0m - zcc_ema_loss_threshold        : None[0m
[35m[2026-04-17 13:39:03,418] [   DEBUG][0m - zcc_ema_loss_threshold        : None[0m
[35m[2026-04-17 13:39:03,420] [   DEBUG][0m - zcc_pipeline_hooks_capacity_usage: 0.6[0m
[35m[2026-04-17 13:39:03,424] [   DEBUG][0m - zcc_pipeline_hooks_capacity_usage: 0.6[0m
[35m[2026-04-17 13:39:03,442] [   DEBUG][0m - zcc_save_ema_coef             : None[0m
[35m[2026-04-17 13:39:03,446] [   DEBUG][0m - zcc_save_ema_coef             : None[0m
[35m[2026-04-17 13:39:03,449] [   DEBUG][0m - zcc_workers_num               : 3[0m
[35m[2026-04-17 13:39:03,454] [   DEBUG][0m - zcc_workers_num               : 3[0m
[35m[2026-04-17 13:39:03,456] [   DEBUG][0m - [0m
[35m[2026-04-17 13:39:03,459] [   DEBUG][0m - [0m
[32m[2026-04-17 13:39:03,464] [    INFO][0m - The global seed is set to 31, local seed is set to 47 and random seed is set to 123.[0m
[33m[2026-04-17 13:39:03,467] [ WARNING][0m - Process rank: 0, device: gpu, world_size: 16, distributed training: True, 16-bits training: True[0m
[32m[2026-04-17 13:39:03,468] [    INFO][0m - The global seed is set to 23, local seed is set to 39 and random seed is set to 23.[0m
[32m[2026-04-17 13:39:03,469] [    INFO][0m - Using download source: huggingface[0m
[33m[2026-04-17 13:39:03,471] [ WARNING][0m - Process rank: 0, device: gpu, world_size: 16, distributed training: True, 16-bits training: True[0m
[32m[2026-04-17 13:39:03,475] [    INFO][0m - Using download source: huggingface[0m
[32m[2026-04-17 13:39:03,479] [    INFO][0m - Using download source: huggingface[0m
[32m[2026-04-17 13:39:03,481] [    INFO][0m - Loading configuration file ./models/Llama-2-52B/config.json[0m
[32m[2026-04-17 13:39:03,485] [    INFO][0m - Using download source: huggingface[0m
[32m[2026-04-17 13:39:03,491] [    INFO][0m - Loading configuration file ./models/Llama-2-52B/config.json[0m
[32m[2026-04-17 13:39:03,490] [    INFO][0m - Final model config: LlamaConfig {
  "_name_or_path": "./models/Llama-2-52B",
  "architectures": [
    "LlamaForCausalLM"
  ],
  "attention_bias": false,
  "attention_dropout": 0.0,
  "bos_token_id": 1,
  "enable_auto_parallel": false,
  "eos_token_id": 2,
  "head_dim": 128,
  "hidden_act": "silu",
  "hidden_size": 7168,
  "initializer_range": 0.02,
  "intermediate_size": 19456,
  "is_lora": false,
  "max_position_embeddings": 4096,
  "max_sequence_length": 4096,
  "mlp_bias": false,
  "model_type": "llama",
  "moe_router_bias_update_rate": 0.0,
  "num_attention_heads": 56,
  "num_hidden_layers": 80,
  "num_key_value_heads": 56,
  "pad_token_id": 0,
  "paddleformers_version": "1.1.0.post20260417",
  "pipeline_model_parallel_size": 2,
  "pp_seg_method": "layer:DecoderLayer|EmptyLayer",
  "pretraining_tp": 2,
  "recompute_granularity": "full",
  "recompute_method": "uniform",
  "recompute_num_layers": 1,
  "rms_norm_eps": 1e-05,
  "rope_parameters": {
    "rope_theta": 10000.0,
    "rope_type": "default"
  },
  "rope_scaling": null,
  "rope_theta": 10000.0,
  "seq_length": 4096,
  "tensor_model_parallel_size": 8,
  "tie_word_embeddings": false,
  "torch_dtype": "float32",
  "use_cache": true,
  "use_fast_layer_norm": false,
  "vocab_size": 32000
}
[0m
[32m[2026-04-17 13:39:03,495] [    INFO][0m - Creating model[0m
[32m[2026-04-17 13:39:03,496] [    INFO][0m - Loading model weights from ./models/Llama-2-52B[0m
[32m[2026-04-17 13:39:03,495] [    INFO][0m - Final model config: LlamaConfig {
  "_name_or_path": "./models/Llama-2-52B",
  "architectures": [
    "LlamaForCausalLM"
  ],
  "attention_bias": false,
  "attention_dropout": 0.0,
  "bos_token_id": 1,
  "enable_auto_parallel": false,
  "eos_token_id": 2,
  "head_dim": 128,
  "hidden_act": "silu",
  "hidden_size": 7168,
  "initializer_range": 0.02,
  "intermediate_size": 19456,
  "is_lora": false,
  "max_position_embeddings": 4096,
  "max_sequence_length": 4096,
  "mlp_bias": false,
  "model_type": "llama",
  "moe_router_bias_update_rate": 0.0,
  "num_attention_heads": 56,
  "num_hidden_layers": 80,
  "num_key_value_heads": 56,
  "pad_token_id": 0,
  "paddleformers_version": "1.1.0.post20260417",
  "pipeline_model_parallel_size": 2,
  "pp_seg_method": "layer:DecoderLayer|EmptyLayer",
  "pretraining_tp": 2,
  "recompute_granularity": "full",
  "recompute_method": "uniform",
  "recompute_num_layers": 1,
  "rms_norm_eps": 1e-05,
  "rope_parameters": {
    "rope_theta": 10000.0,
    "rope_type": "default"
  },
  "rope_scaling": null,
  "rope_theta": 10000.0,
  "seq_length": 4096,
  "tensor_model_parallel_size": 8,
  "tie_word_embeddings": false,
  "torch_dtype": "float32",
  "use_cache": true,
  "use_fast_layer_norm": false,
  "vocab_size": 32000
}
[0m
[32m[2026-04-17 13:39:03,502] [    INFO][0m - Creating model[0m
[32m[2026-04-17 13:39:03,503] [    INFO][0m - Loading model weights from ./models/Llama-2-52B[0m
[32m[2026-04-17 13:39:03,504] [    INFO][0m - change initializer-range from 0.02 to 0.006818968095896705[0m
[32m[2026-04-17 13:39:03,507] [    INFO][0m - using moe-group: dummy[0m
[32m[2026-04-17 13:39:03,508] [    INFO][0m - use no_recompute_layers: {0, 1, 2, 3, 4, 5, 6, 7, 8, 9, 10, 11, 12, 13, 14, 15, 16, 17, 18, 19, 20, 21, 22, 23, 24, 25, 26, 27, 28, 29, 30, 31, 32, 33, 34, 35, 36, 37, 38, 39, 40, 41, 42, 43, 44, 45, 46, 47, 48, 49, 50, 51, 52, 53, 54, 55, 56, 57, 58, 59, 60, 61, 62, 63, 64, 65, 66, 67, 68, 69, 70, 71, 72, 73, 74, 75, 76, 77, 78, 79}[0m
[32m[2026-04-17 13:39:03,510] [    INFO][0m - using recompute_interval=0, seg_method=layer:DecoderLayer|EmptyLayer[0m
[32m[2026-04-17 13:39:03,511] [    INFO][0m - loss_subbatch_sequence_length: -1 , use_fused_head_and_loss_fn: False, use_filtered_label_loss: False[0m
[32m[2026-04-17 13:39:03,511] [    INFO][0m - change initializer-range from 0.02 to 0.006818968095896705[0m
[32m[2026-04-17 13:39:03,512] [    INFO][0m - using parallel cross entroy, take care[0m
[32m[2026-04-17 13:39:03,516] [    INFO][0m - using moe-group: dummy[0m
[2026-04-17 13:39:03,519] [    INFO] pp_layers.py:872 - start segment network..
[32m[2026-04-17 13:39:03,522] [    INFO][0m - use no_recompute_layers: {0, 1, 2, 3, 4, 5, 6, 7, 8, 9, 10, 11, 12, 13, 14, 15, 16, 17, 18, 19, 20, 21, 22, 23, 24, 25, 26, 27, 28, 29, 30, 31, 32, 33, 34, 35, 36, 37, 38, 39, 40, 41, 42, 43, 44, 45, 46, 47, 48, 49, 50, 51, 52, 53, 54, 55, 56, 57, 58, 59, 60, 61, 62, 63, 64, 65, 66, 67, 68, 69, 70, 71, 72, 73, 74, 75, 76, 77, 78, 79}[0m
[2026-04-17 13:39:03,525] [    INFO] pp_layers.py:878 - segment with method: layer:DecoderLayer|EmptyLayer; result: 0, 41, 83
[32m[2026-04-17 13:39:03,529] [    INFO][0m - using recompute_interval=0, seg_method=layer:DecoderLayer|EmptyLayer[0m
[2026-04-17 13:39:03,532] [    INFO] pp_layers.py:895 - stage=0, global_rank=8 ,layer_number=41
[32m[2026-04-17 13:39:03,535] [    INFO][0m - loss_subbatch_sequence_length: -1 , use_fused_head_and_loss_fn: False, use_filtered_label_loss: False[0m
[2026-04-17 13:39:03,538] [    INFO] pp_layers.py:900 - 0: EmbeddingPipe(config=LlamaConfig {
  "_name_or_path": "./models/Llama-2-52B",
  "architectures": [
    "LlamaForCausalLM"
  ],
  "attention_bias": false,
  "attention_dropout": 0.0,
  "bos_token_id": 1,
  "enable_auto_parallel": false,
  "eos_token_id": 2,
  "head_dim": 128,
  "hidden_act": "silu",
  "hidden_size": 7168,
  "initializer_range": 0.006818968095896705,
  "intermediate_size": 19456,
  "is_lora": false,
  "max_position_embeddings": 4096,
  "max_sequence_length": 4096,
  "mlp_bias": false,
  "model_type": "llama",
  "moe_group_origin": "dummy",
  "moe_rank": 0,
  "moe_router_bias_update_rate": 0.0,
  "moe_world_size": 1,
  "num_attention_heads": 56,
  "num_hidden_layers": 80,
  "num_key_value_heads": 56,
  "pad_token_id": 0,
  "paddleformers_version": "1.1.0.post20260417",
  "pipeline_model_parallel_size": 2,
  "pp_seg_method": "layer:DecoderLayer|EmptyLayer",
  "pretraining_tp": 2,
  "recompute_granularity": "full",
  "recompute_method": "uniform",
  "recompute_num_layers": 1,
  "rms_norm_eps": 1e-05,
  "rope_parameters": {
    "rope_theta": 10000.0,
    "rope_type": "default"
  },
  "rope_scaling": null,
  "rope_theta": 10000.0,
  "seq_length": 4096,
  "tensor_model_parallel_size": 8,
  "tie_word_embeddings": false,
  "torch_dtype": "float32",
  "use_cache": true,
  "use_fast_layer_norm": false,
  "vocab_size": 32000
}
, embed_cls=None, rotary_emb_cls=None)
[32m[2026-04-17 13:39:03,541] [    INFO][0m - using parallel cross entroy, take care[0m
[2026-04-17 13:39:03,545] [    INFO] pp_layers.py:900 - 1: DecoderLayerPipe(config=LlamaConfig {
  "_name_or_path": "./models/Llama-2-52B",
  "architectures": [
    "LlamaForCausalLM"
  ],
  "attention_bias": false,
  "attention_dropout": 0.0,
  "bos_token_id": 1,
  "enable_auto_parallel": false,
  "eos_token_id": 2,
  "head_dim": 128,
  "hidden_act": "silu",
  "hidden_size": 7168,
  "initializer_range": 0.006818968095896705,
  "intermediate_size": 19456,
  "is_lora": false,
  "max_position_embeddings": 4096,
  "max_sequence_length": 4096,
  "mlp_bias": false,
  "model_type": "llama",
  "moe_group_origin": "dummy",
  "moe_rank": 0,
  "moe_router_bias_update_rate": 0.0,
  "moe_world_size": 1,
  "num_attention_heads": 56,
  "num_hidden_layers": 80,
  "num_key_value_heads": 56,
  "pad_token_id": 0,
  "paddleformers_version": "1.1.0.post20260417",
  "pipeline_model_parallel_size": 2,
  "pp_seg_method": "layer:DecoderLayer|EmptyLayer",
  "pretraining_tp": 2,
  "recompute_granularity": "full",
  "recompute_method": "uniform",
  "recompute_num_layers": 1,
  "rms_norm_eps": 1e-05,
  "rope_parameters": {
    "rope_theta": 10000.0,
    "rope_type": "default"
  },
  "rope_scaling": null,
  "rope_theta": 10000.0,
  "seq_length": 4096,
  "tensor_model_parallel_size": 8,
  "tie_word_embeddings": false,
  "torch_dtype": "float32",
  "use_cache": true,
  "use_fast_layer_norm": false,
  "vocab_size": 32000
}
, layer_idx=0)
[2026-04-17 13:39:03,548] [    INFO] pp_layers.py:872 - start segment network..
[2026-04-17 13:39:03,576] [    INFO] pp_layers.py:900 - 2: DecoderLayerPipe(config=LlamaConfig {
  "_name_or_path": "./models/Llama-2-52B",
  "architectures": [
    "LlamaForCausalLM"
  ],
  "attention_bias": false,
  "attention_dropout": 0.0,
  "bos_token_id": 1,
  "enable_auto_parallel": false,
  "eos_token_id": 2,
  "head_dim": 128,
  "hidden_act": "silu",
  "hidden_size": 7168,
  "initializer_range": 0.006818968095896705,
  "intermediate_size": 19456,
  "is_lora": false,
  "max_position_embeddings": 4096,
  "max_sequence_length": 4096,
  "mlp_bias": false,
  "model_type": "llama",
  "moe_group_origin": "dummy",
  "moe_rank": 0,
  "moe_router_bias_update_rate": 0.0,
  "moe_world_size": 1,
  "num_attention_heads": 56,
  "num_hidden_layers": 80,
  "num_key_value_heads": 56,
  "pad_token_id": 0,
  "paddleformers_version": "1.1.0.post20260417",
  "pipeline_model_parallel_size": 2,
  "pp_seg_method": "layer:DecoderLayer|EmptyLayer",
  "pretraining_tp": 2,
  "recompute_granularity": "full",
  "recompute_method": "uniform",
  "recompute_num_layers": 1,
  "rms_norm_eps": 1e-05,
  "rope_parameters": {
    "rope_theta": 10000.0,
    "rope_type": "default"
  },
  "rope_scaling": null,
  "rope_theta": 10000.0,
  "seq_length": 4096,
  "tensor_model_parallel_size": 8,
  "tie_word_embeddings": false,
  "torch_dtype": "float32",
  "use_cache": true,
  "use_fast_layer_norm": false,
  "vocab_size": 32000
}
, layer_idx=1)
[2026-04-17 13:39:03,580] [    INFO] pp_layers.py:878 - segment with method: layer:DecoderLayer|EmptyLayer; result: 0, 41, 83
[2026-04-17 13:39:03,583] [    INFO] pp_layers.py:900 - 3: DecoderLayerPipe(config=LlamaConfig {
  "_name_or_path": "./models/Llama-2-52B",
  "architectures": [
    "LlamaForCausalLM"
  ],
  "attention_bias": false,
  "attention_dropout": 0.0,
  "bos_token_id": 1,
  "enable_auto_parallel": false,
  "eos_token_id": 2,
  "head_dim": 128,
  "hidden_act": "silu",
  "hidden_size": 7168,
  "initializer_range": 0.006818968095896705,
  "intermediate_size": 19456,
  "is_lora": false,
  "max_position_embeddings": 4096,
  "max_sequence_length": 4096,
  "mlp_bias": false,
  "model_type": "llama",
  "moe_group_origin": "dummy",
  "moe_rank": 0,
  "moe_router_bias_update_rate": 0.0,
  "moe_world_size": 1,
  "num_attention_heads": 56,
  "num_hidden_layers": 80,
  "num_key_value_heads": 56,
  "pad_token_id": 0,
  "paddleformers_version": "1.1.0.post20260417",
  "pipeline_model_parallel_size": 2,
  "pp_seg_method": "layer:DecoderLayer|EmptyLayer",
  "pretraining_tp": 2,
  "recompute_granularity": "full",
  "recompute_method": "uniform",
  "recompute_num_layers": 1,
  "rms_norm_eps": 1e-05,
  "rope_parameters": {
    "rope_theta": 10000.0,
    "rope_type": "default"
  },
  "rope_scaling": null,
  "rope_theta": 10000.0,
  "seq_length": 4096,
  "tensor_model_parallel_size": 8,
  "tie_word_embeddings": false,
  "torch_dtype": "float32",
  "use_cache": true,
  "use_fast_layer_norm": false,
  "vocab_size": 32000
}
, layer_idx=2)
[2026-04-17 13:39:03,585] [    INFO] pp_layers.py:895 - stage=0, global_rank=0 ,layer_number=41
[2026-04-17 13:39:03,588] [    INFO] pp_layers.py:900 - 4: DecoderLayerPipe(config=LlamaConfig {
  "_name_or_path": "./models/Llama-2-52B",
  "architectures": [
    "LlamaForCausalLM"
  ],
  "attention_bias": false,
  "attention_dropout": 0.0,
  "bos_token_id": 1,
  "enable_auto_parallel": false,
  "eos_token_id": 2,
  "head_dim": 128,
  "hidden_act": "silu",
  "hidden_size": 7168,
  "initializer_range": 0.006818968095896705,
  "intermediate_size": 19456,
  "is_lora": false,
  "max_position_embeddings": 4096,
  "max_sequence_length": 4096,
  "mlp_bias": false,
  "model_type": "llama",
  "moe_group_origin": "dummy",
  "moe_rank": 0,
  "moe_router_bias_update_rate": 0.0,
  "moe_world_size": 1,
  "num_attention_heads": 56,
  "num_hidden_layers": 80,
  "num_key_value_heads": 56,
  "pad_token_id": 0,
  "paddleformers_version": "1.1.0.post20260417",
  "pipeline_model_parallel_size": 2,
  "pp_seg_method": "layer:DecoderLayer|EmptyLayer",
  "pretraining_tp": 2,
  "recompute_granularity": "full",
  "recompute_method": "uniform",
  "recompute_num_layers": 1,
  "rms_norm_eps": 1e-05,
  "rope_parameters": {
    "rope_theta": 10000.0,
    "rope_type": "default"
  },
  "rope_scaling": null,
  "rope_theta": 10000.0,
  "seq_length": 4096,
  "tensor_model_parallel_size": 8,
  "tie_word_embeddings": false,
  "torch_dtype": "float32",
  "use_cache": true,
  "use_fast_layer_norm": false,
  "vocab_size": 32000
}
, layer_idx=3)
[2026-04-17 13:39:03,591] [    INFO] pp_layers.py:900 - 0: EmbeddingPipe(config=LlamaConfig {
  "_name_or_path": "./models/Llama-2-52B",
  "architectures": [
    "LlamaForCausalLM"
  ],
  "attention_bias": false,
  "attention_dropout": 0.0,
  "bos_token_id": 1,
  "enable_auto_parallel": false,
  "eos_token_id": 2,
  "head_dim": 128,
  "hidden_act": "silu",
  "hidden_size": 7168,
  "initializer_range": 0.006818968095896705,
  "intermediate_size": 19456,
  "is_lora": false,
  "max_position_embeddings": 4096,
  "max_sequence_length": 4096,
  "mlp_bias": false,
  "model_type": "llama",
  "moe_group_origin": "dummy",
  "moe_rank": 0,
  "moe_router_bias_update_rate": 0.0,
  "moe_world_size": 1,
  "num_attention_heads": 56,
  "num_hidden_layers": 80,
  "num_key_value_heads": 56,
  "pad_token_id": 0,
  "paddleformers_version": "1.1.0.post20260417",
  "pipeline_model_parallel_size": 2,
  "pp_seg_method": "layer:DecoderLayer|EmptyLayer",
  "pretraining_tp": 2,
  "recompute_granularity": "full",
  "recompute_method": "uniform",
  "recompute_num_layers": 1,
  "rms_norm_eps": 1e-05,
  "rope_parameters": {
    "rope_theta": 10000.0,
    "rope_type": "default"
  },
  "rope_scaling": null,
  "rope_theta": 10000.0,
  "seq_length": 4096,
  "tensor_model_parallel_size": 8,
  "tie_word_embeddings": false,
  "torch_dtype": "float32",
  "use_cache": true,
  "use_fast_layer_norm": false,
  "vocab_size": 32000
}
, embed_cls=None, rotary_emb_cls=None)
[2026-04-17 13:39:03,593] [    INFO] pp_layers.py:900 - 5: DecoderLayerPipe(config=LlamaConfig {
  "_name_or_path": "./models/Llama-2-52B",
  "architectures": [
    "LlamaForCausalLM"
  ],
  "attention_bias": false,
  "attention_dropout": 0.0,
  "bos_token_id": 1,
  "enable_auto_parallel": false,
  "eos_token_id": 2,
  "head_dim": 128,
  "hidden_act": "silu",
  "hidden_size": 7168,
  "initializer_range": 0.006818968095896705,
  "intermediate_size": 19456,
  "is_lora": false,
  "max_position_embeddings": 4096,
  "max_sequence_length": 4096,
  "mlp_bias": false,
  "model_type": "llama",
  "moe_group_origin": "dummy",
  "moe_rank": 0,
  "moe_router_bias_update_rate": 0.0,
  "moe_world_size": 1,
  "num_attention_heads": 56,
  "num_hidden_layers": 80,
  "num_key_value_heads": 56,
  "pad_token_id": 0,
  "paddleformers_version": "1.1.0.post20260417",
  "pipeline_model_parallel_size": 2,
  "pp_seg_method": "layer:DecoderLayer|EmptyLayer",
  "pretraining_tp": 2,
  "recompute_granularity": "full",
  "recompute_method": "uniform",
  "recompute_num_layers": 1,
  "rms_norm_eps": 1e-05,
  "rope_parameters": {
    "rope_theta": 10000.0,
    "rope_type": "default"
  },
  "rope_scaling": null,
  "rope_theta": 10000.0,
  "seq_length": 4096,
  "tensor_model_parallel_size": 8,
  "tie_word_embeddings": false,
  "torch_dtype": "float32",
  "use_cache": true,
  "use_fast_layer_norm": false,
  "vocab_size": 32000
}
, layer_idx=4)
[2026-04-17 13:39:03,596] [    INFO] pp_layers.py:900 - 1: DecoderLayerPipe(config=LlamaConfig {
  "_name_or_path": "./models/Llama-2-52B",
  "architectures": [
    "LlamaForCausalLM"
  ],
  "attention_bias": false,
  "attention_dropout": 0.0,
  "bos_token_id": 1,
  "enable_auto_parallel": false,
  "eos_token_id": 2,
  "head_dim": 128,
  "hidden_act": "silu",
  "hidden_size": 7168,
  "initializer_range": 0.006818968095896705,
  "intermediate_size": 19456,
  "is_lora": false,
  "max_position_embeddings": 4096,
  "max_sequence_length": 4096,
  "mlp_bias": false,
  "model_type": "llama",
  "moe_group_origin": "dummy",
  "moe_rank": 0,
  "moe_router_bias_update_rate": 0.0,
  "moe_world_size": 1,
  "num_attention_heads": 56,
  "num_hidden_layers": 80,
  "num_key_value_heads": 56,
  "pad_token_id": 0,
  "paddleformers_version": "1.1.0.post20260417",
  "pipeline_model_parallel_size": 2,
  "pp_seg_method": "layer:DecoderLayer|EmptyLayer",
  "pretraining_tp": 2,
  "recompute_granularity": "full",
  "recompute_method": "uniform",
  "recompute_num_layers": 1,
  "rms_norm_eps": 1e-05,
  "rope_parameters": {
    "rope_theta": 10000.0,
    "rope_type": "default"
  },
  "rope_scaling": null,
  "rope_theta": 10000.0,
  "seq_length": 4096,
  "tensor_model_parallel_size": 8,
  "tie_word_embeddings": false,
  "torch_dtype": "float32",
  "use_cache": true,
  "use_fast_layer_norm": false,
  "vocab_size": 32000
}
, layer_idx=0)
[2026-04-17 13:39:03,598] [    INFO] pp_layers.py:900 - 6: DecoderLayerPipe(config=LlamaConfig {
  "_name_or_path": "./models/Llama-2-52B",
  "architectures": [
    "LlamaForCausalLM"
  ],
  "attention_bias": false,
  "attention_dropout": 0.0,
  "bos_token_id": 1,
  "enable_auto_parallel": false,
  "eos_token_id": 2,
  "head_dim": 128,
  "hidden_act": "silu",
  "hidden_size": 7168,
  "initializer_range": 0.006818968095896705,
  "intermediate_size": 19456,
  "is_lora": false,
  "max_position_embeddings": 4096,
  "max_sequence_length": 4096,
  "mlp_bias": false,
  "model_type": "llama",
  "moe_group_origin": "dummy",
  "moe_rank": 0,
  "moe_router_bias_update_rate": 0.0,
  "moe_world_size": 1,
  "num_attention_heads": 56,
  "num_hidden_layers": 80,
  "num_key_value_heads": 56,
  "pad_token_id": 0,
  "paddleformers_version": "1.1.0.post20260417",
  "pipeline_model_parallel_size": 2,
  "pp_seg_method": "layer:DecoderLayer|EmptyLayer",
  "pretraining_tp": 2,
  "recompute_granularity": "full",
  "recompute_method": "uniform",
  "recompute_num_layers": 1,
  "rms_norm_eps": 1e-05,
  "rope_parameters": {
    "rope_theta": 10000.0,
    "rope_type": "default"
  },
  "rope_scaling": null,
  "rope_theta": 10000.0,
  "seq_length": 4096,
  "tensor_model_parallel_size": 8,
  "tie_word_embeddings": false,
  "torch_dtype": "float32",
  "use_cache": true,
  "use_fast_layer_norm": false,
  "vocab_size": 32000
}
, layer_idx=5)
[2026-04-17 13:39:03,632] [    INFO] pp_layers.py:900 - 2: DecoderLayerPipe(config=LlamaConfig {
  "_name_or_path": "./models/Llama-2-52B",
  "architectures": [
    "LlamaForCausalLM"
  ],
  "attention_bias": false,
  "attention_dropout": 0.0,
  "bos_token_id": 1,
  "enable_auto_parallel": false,
  "eos_token_id": 2,
  "head_dim": 128,
  "hidden_act": "silu",
  "hidden_size": 7168,
  "initializer_range": 0.006818968095896705,
  "intermediate_size": 19456,
  "is_lora": false,
  "max_position_embeddings": 4096,
  "max_sequence_length": 4096,
  "mlp_bias": false,
  "model_type": "llama",
  "moe_group_origin": "dummy",
  "moe_rank": 0,
  "moe_router_bias_update_rate": 0.0,
  "moe_world_size": 1,
  "num_attention_heads": 56,
  "num_hidden_layers": 80,
  "num_key_value_heads": 56,
  "pad_token_id": 0,
  "paddleformers_version": "1.1.0.post20260417",
  "pipeline_model_parallel_size": 2,
  "pp_seg_method": "layer:DecoderLayer|EmptyLayer",
  "pretraining_tp": 2,
  "recompute_granularity": "full",
  "recompute_method": "uniform",
  "recompute_num_layers": 1,
  "rms_norm_eps": 1e-05,
  "rope_parameters": {
    "rope_theta": 10000.0,
    "rope_type": "default"
  },
  "rope_scaling": null,
  "rope_theta": 10000.0,
  "seq_length": 4096,
  "tensor_model_parallel_size": 8,
  "tie_word_embeddings": false,
  "torch_dtype": "float32",
  "use_cache": true,
  "use_fast_layer_norm": false,
  "vocab_size": 32000
}
, layer_idx=1)
[2026-04-17 13:39:03,637] [    INFO] pp_layers.py:900 - 7: DecoderLayerPipe(config=LlamaConfig {
  "_name_or_path": "./models/Llama-2-52B",
  "architectures": [
    "LlamaForCausalLM"
  ],
  "attention_bias": false,
  "attention_dropout": 0.0,
  "bos_token_id": 1,
  "enable_auto_parallel": false,
  "eos_token_id": 2,
  "head_dim": 128,
  "hidden_act": "silu",
  "hidden_size": 7168,
  "initializer_range": 0.006818968095896705,
  "intermediate_size": 19456,
  "is_lora": false,
  "max_position_embeddings": 4096,
  "max_sequence_length": 4096,
  "mlp_bias": false,
  "model_type": "llama",
  "moe_group_origin": "dummy",
  "moe_rank": 0,
  "moe_router_bias_update_rate": 0.0,
  "moe_world_size": 1,
  "num_attention_heads": 56,
  "num_hidden_layers": 80,
  "num_key_value_heads": 56,
  "pad_token_id": 0,
  "paddleformers_version": "1.1.0.post20260417",
  "pipeline_model_parallel_size": 2,
  "pp_seg_method": "layer:DecoderLayer|EmptyLayer",
  "pretraining_tp": 2,
  "recompute_granularity": "full",
  "recompute_method": "uniform",
  "recompute_num_layers": 1,
  "rms_norm_eps": 1e-05,
  "rope_parameters": {
    "rope_theta": 10000.0,
    "rope_type": "default"
  },
  "rope_scaling": null,
  "rope_theta": 10000.0,
  "seq_length": 4096,
  "tensor_model_parallel_size": 8,
  "tie_word_embeddings": false,
  "torch_dtype": "float32",
  "use_cache": true,
  "use_fast_layer_norm": false,
  "vocab_size": 32000
}
, layer_idx=6)
[2026-04-17 13:39:03,640] [    INFO] pp_layers.py:900 - 3: DecoderLayerPipe(config=LlamaConfig {
  "_name_or_path": "./models/Llama-2-52B",
  "architectures": [
    "LlamaForCausalLM"
  ],
  "attention_bias": false,
  "attention_dropout": 0.0,
  "bos_token_id": 1,
  "enable_auto_parallel": false,
  "eos_token_id": 2,
  "head_dim": 128,
  "hidden_act": "silu",
  "hidden_size": 7168,
  "initializer_range": 0.006818968095896705,
  "intermediate_size": 19456,
  "is_lora": false,
  "max_position_embeddings": 4096,
  "max_sequence_length": 4096,
  "mlp_bias": false,
  "model_type": "llama",
  "moe_group_origin": "dummy",
  "moe_rank": 0,
  "moe_router_bias_update_rate": 0.0,
  "moe_world_size": 1,
  "num_attention_heads": 56,
  "num_hidden_layers": 80,
  "num_key_value_heads": 56,
  "pad_token_id": 0,
  "paddleformers_version": "1.1.0.post20260417",
  "pipeline_model_parallel_size": 2,
  "pp_seg_method": "layer:DecoderLayer|EmptyLayer",
  "pretraining_tp": 2,
  "recompute_granularity": "full",
  "recompute_method": "uniform",
  "recompute_num_layers": 1,
  "rms_norm_eps": 1e-05,
  "rope_parameters": {
    "rope_theta": 10000.0,
    "rope_type": "default"
  },
  "rope_scaling": null,
  "rope_theta": 10000.0,
  "seq_length": 4096,
  "tensor_model_parallel_size": 8,
  "tie_word_embeddings": false,
  "torch_dtype": "float32",
  "use_cache": true,
  "use_fast_layer_norm": false,
  "vocab_size": 32000
}
, layer_idx=2)
[2026-04-17 13:39:03,642] [    INFO] pp_layers.py:900 - 8: DecoderLayerPipe(config=LlamaConfig {
  "_name_or_path": "./models/Llama-2-52B",
  "architectures": [
    "LlamaForCausalLM"
  ],
  "attention_bias": false,
  "attention_dropout": 0.0,
  "bos_token_id": 1,
  "enable_auto_parallel": false,
  "eos_token_id": 2,
  "head_dim": 128,
  "hidden_act": "silu",
  "hidden_size": 7168,
  "initializer_range": 0.006818968095896705,
  "intermediate_size": 19456,
  "is_lora": false,
  "max_position_embeddings": 4096,
  "max_sequence_length": 4096,
  "mlp_bias": false,
  "model_type": "llama",
  "moe_group_origin": "dummy",
  "moe_rank": 0,
  "moe_router_bias_update_rate": 0.0,
  "moe_world_size": 1,
  "num_attention_heads": 56,
  "num_hidden_layers": 80,
  "num_key_value_heads": 56,
  "pad_token_id": 0,
  "paddleformers_version": "1.1.0.post20260417",
  "pipeline_model_parallel_size": 2,
  "pp_seg_method": "layer:DecoderLayer|EmptyLayer",
  "pretraining_tp": 2,
  "recompute_granularity": "full",
  "recompute_method": "uniform",
  "recompute_num_layers": 1,
  "rms_norm_eps": 1e-05,
  "rope_parameters": {
    "rope_theta": 10000.0,
    "rope_type": "default"
  },
  "rope_scaling": null,
  "rope_theta": 10000.0,
  "seq_length": 4096,
  "tensor_model_parallel_size": 8,
  "tie_word_embeddings": false,
  "torch_dtype": "float32",
  "use_cache": true,
  "use_fast_layer_norm": false,
  "vocab_size": 32000
}
, layer_idx=7)
[2026-04-17 13:39:03,646] [    INFO] pp_layers.py:900 - 4: DecoderLayerPipe(config=LlamaConfig {
  "_name_or_path": "./models/Llama-2-52B",
  "architectures": [
    "LlamaForCausalLM"
  ],
  "attention_bias": false,
  "attention_dropout": 0.0,
  "bos_token_id": 1,
  "enable_auto_parallel": false,
  "eos_token_id": 2,
  "head_dim": 128,
  "hidden_act": "silu",
  "hidden_size": 7168,
  "initializer_range": 0.006818968095896705,
  "intermediate_size": 19456,
  "is_lora": false,
  "max_position_embeddings": 4096,
  "max_sequence_length": 4096,
  "mlp_bias": false,
  "model_type": "llama",
  "moe_group_origin": "dummy",
  "moe_rank": 0,
  "moe_router_bias_update_rate": 0.0,
  "moe_world_size": 1,
  "num_attention_heads": 56,
  "num_hidden_layers": 80,
  "num_key_value_heads": 56,
  "pad_token_id": 0,
  "paddleformers_version": "1.1.0.post20260417",
  "pipeline_model_parallel_size": 2,
  "pp_seg_method": "layer:DecoderLayer|EmptyLayer",
  "pretraining_tp": 2,
  "recompute_granularity": "full",
  "recompute_method": "uniform",
  "recompute_num_layers": 1,
  "rms_norm_eps": 1e-05,
  "rope_parameters": {
    "rope_theta": 10000.0,
    "rope_type": "default"
  },
  "rope_scaling": null,
  "rope_theta": 10000.0,
  "seq_length": 4096,
  "tensor_model_parallel_size": 8,
  "tie_word_embeddings": false,
  "torch_dtype": "float32",
  "use_cache": true,
  "use_fast_layer_norm": false,
  "vocab_size": 32000
}
, layer_idx=3)
[2026-04-17 13:39:03,680] [    INFO] pp_layers.py:900 - 9: DecoderLayerPipe(config=LlamaConfig {
  "_name_or_path": "./models/Llama-2-52B",
  "architectures": [
    "LlamaForCausalLM"
  ],
  "attention_bias": false,
  "attention_dropout": 0.0,
  "bos_token_id": 1,
  "enable_auto_parallel": false,
  "eos_token_id": 2,
  "head_dim": 128,
  "hidden_act": "silu",
  "hidden_size": 7168,
  "initializer_range": 0.006818968095896705,
  "intermediate_size": 19456,
  "is_lora": false,
  "max_position_embeddings": 4096,
  "max_sequence_length": 4096,
  "mlp_bias": false,
  "model_type": "llama",
  "moe_group_origin": "dummy",
  "moe_rank": 0,
  "moe_router_bias_update_rate": 0.0,
  "moe_world_size": 1,
  "num_attention_heads": 56,
  "num_hidden_layers": 80,
  "num_key_value_heads": 56,
  "pad_token_id": 0,
  "paddleformers_version": "1.1.0.post20260417",
  "pipeline_model_parallel_size": 2,
  "pp_seg_method": "layer:DecoderLayer|EmptyLayer",
  "pretraining_tp": 2,
  "recompute_granularity": "full",
  "recompute_method": "uniform",
  "recompute_num_layers": 1,
  "rms_norm_eps": 1e-05,
  "rope_parameters": {
    "rope_theta": 10000.0,
    "rope_type": "default"
  },
  "rope_scaling": null,
  "rope_theta": 10000.0,
  "seq_length": 4096,
  "tensor_model_parallel_size": 8,
  "tie_word_embeddings": false,
  "torch_dtype": "float32",
  "use_cache": true,
  "use_fast_layer_norm": false,
  "vocab_size": 32000
}
, layer_idx=8)
[2026-04-17 13:39:03,683] [    INFO] pp_layers.py:900 - 5: DecoderLayerPipe(config=LlamaConfig {
  "_name_or_path": "./models/Llama-2-52B",
  "architectures": [
    "LlamaForCausalLM"
  ],
  "attention_bias": false,
  "attention_dropout": 0.0,
  "bos_token_id": 1,
  "enable_auto_parallel": false,
  "eos_token_id": 2,
  "head_dim": 128,
  "hidden_act": "silu",
  "hidden_size": 7168,
  "initializer_range": 0.006818968095896705,
  "intermediate_size": 19456,
  "is_lora": false,
  "max_position_embeddings": 4096,
  "max_sequence_length": 4096,
  "mlp_bias": false,
  "model_type": "llama",
  "moe_group_origin": "dummy",
  "moe_rank": 0,
  "moe_router_bias_update_rate": 0.0,
  "moe_world_size": 1,
  "num_attention_heads": 56,
  "num_hidden_layers": 80,
  "num_key_value_heads": 56,
  "pad_token_id": 0,
  "paddleformers_version": "1.1.0.post20260417",
  "pipeline_model_parallel_size": 2,
  "pp_seg_method": "layer:DecoderLayer|EmptyLayer",
  "pretraining_tp": 2,
  "recompute_granularity": "full",
  "recompute_method": "uniform",
  "recompute_num_layers": 1,
  "rms_norm_eps": 1e-05,
  "rope_parameters": {
    "rope_theta": 10000.0,
    "rope_type": "default"
  },
  "rope_scaling": null,
  "rope_theta": 10000.0,
  "seq_length": 4096,
  "tensor_model_parallel_size": 8,
  "tie_word_embeddings": false,
  "torch_dtype": "float32",
  "use_cache": true,
  "use_fast_layer_norm": false,
  "vocab_size": 32000
}
, layer_idx=4)
[2026-04-17 13:39:03,687] [    INFO] pp_layers.py:900 - 10: DecoderLayerPipe(config=LlamaConfig {
  "_name_or_path": "./models/Llama-2-52B",
  "architectures": [
    "LlamaForCausalLM"
  ],
  "attention_bias": false,
  "attention_dropout": 0.0,
  "bos_token_id": 1,
  "enable_auto_parallel": false,
  "eos_token_id": 2,
  "head_dim": 128,
  "hidden_act": "silu",
  "hidden_size": 7168,
  "initializer_range": 0.006818968095896705,
  "intermediate_size": 19456,
  "is_lora": false,
  "max_position_embeddings": 4096,
  "max_sequence_length": 4096,
  "mlp_bias": false,
  "model_type": "llama",
  "moe_group_origin": "dummy",
  "moe_rank": 0,
  "moe_router_bias_update_rate": 0.0,
  "moe_world_size": 1,
  "num_attention_heads": 56,
[35m[2026-04-17 13:39:03,424] [   DEBUG][0m - zcc_pipeline_hooks_capacity_usage: 0.6[0m
[35m[2026-04-17 13:39:03,442] [   DEBUG][0m - zcc_save_ema_coef             : None[0m
[35m[2026-04-17 13:39:03,446] [   DEBUG][0m - zcc_save_ema_coef             : None[0m
[35m[2026-04-17 13:39:03,449] [   DEBUG][0m - zcc_workers_num               : 3[0m
[35m[2026-04-17 13:39:03,454] [   DEBUG][0m - zcc_workers_num               : 3[0m
[35m[2026-04-17 13:39:03,456] [   DEBUG][0m - [0m
[35m[2026-04-17 13:39:03,459] [   DEBUG][0m - [0m
[32m[2026-04-17 13:39:03,464] [    INFO][0m - The global seed is set to 31, local seed is set to 47 and random seed is set to 123.[0m
[33m[2026-04-17 13:39:03,467] [ WARNING][0m - Process rank: 0, device: gpu, world_size: 16, distributed training: True, 16-bits training: True[0m
[32m[2026-04-17 13:39:03,468] [    INFO][0m - The global seed is set to 23, local seed is set to 39 and random seed is set to 23.[0m
[32m[2026-04-17 13:39:03,469] [    INFO][0m - Using download source: huggingface[0m
[33m[2026-04-17 13:39:03,471] [ WARNING][0m - Process rank: 0, device: gpu, world_size: 16, distributed training: True, 16-bits training: True[0m
[32m[2026-04-17 13:39:03,475] [    INFO][0m - Using download source: huggingface[0m
[32m[2026-04-17 13:39:03,479] [    INFO][0m - Using download source: huggingface[0m
[32m[2026-04-17 13:39:03,481] [    INFO][0m - Loading configuration file ./models/Llama-2-52B/config.json[0m
[32m[2026-04-17 13:39:03,485] [    INFO][0m - Using download source: huggingface[0m
[32m[2026-04-17 13:39:03,491] [    INFO][0m - Loading configuration file ./models/Llama-2-52B/config.json[0m
[32m[2026-04-17 13:39:03,490] [    INFO][0m - Final model config: LlamaConfig {
  "_name_or_path": "./models/Llama-2-52B",
  "architectures": [
    "LlamaForCausalLM"
  ],
  "attention_bias": false,
  "attention_dropout": 0.0,
  "bos_token_id": 1,
  "enable_auto_parallel": false,
  "eos_token_id": 2,
  "head_dim": 128,
  "hidden_act": "silu",
  "hidden_size": 7168,
  "initializer_range": 0.02,
  "intermediate_size": 19456,
  "is_lora": false,
  "max_position_embeddings": 4096,
  "max_sequence_length": 4096,
  "mlp_bias": false,
  "model_type": "llama",
  "moe_router_bias_update_rate": 0.0,
  "num_attention_heads": 56,
  "num_hidden_layers": 80,
  "num_key_value_heads": 56,
  "pad_token_id": 0,
  "paddleformers_version": "1.1.0.post20260417",
  "pipeline_model_parallel_size": 2,
  "pp_seg_method": "layer:DecoderLayer|EmptyLayer",
  "pretraining_tp": 2,
  "recompute_granularity": "full",
  "recompute_method": "uniform",
  "recompute_num_layers": 1,
  "rms_norm_eps": 1e-05,
  "rope_parameters": {
    "rope_theta": 10000.0,
    "rope_type": "default"
  },
  "rope_scaling": null,
  "rope_theta": 10000.0,
  "seq_length": 4096,
  "tensor_model_parallel_size": 8,
  "tie_word_embeddings": false,
  "torch_dtype": "float32",
  "use_cache": true,
  "use_fast_layer_norm": false,
  "vocab_size": 32000
}
[0m
[32m[2026-04-17 13:39:03,495] [    INFO][0m - Creating model[0m
[32m[2026-04-17 13:39:03,496] [    INFO][0m - Loading model weights from ./models/Llama-2-52B[0m
[32m[2026-04-17 13:39:03,495] [    INFO][0m - Final model config: LlamaConfig {
  "_name_or_path": "./models/Llama-2-52B",
  "architectures": [
    "LlamaForCausalLM"
  ],
  "attention_bias": false,
  "attention_dropout": 0.0,
  "bos_token_id": 1,
  "enable_auto_parallel": false,
  "eos_token_id": 2,
  "head_dim": 128,
  "hidden_act": "silu",
  "hidden_size": 7168,
  "initializer_range": 0.02,
  "intermediate_size": 19456,
  "is_lora": false,
  "max_position_embeddings": 4096,
  "max_sequence_length": 4096,
  "mlp_bias": false,
  "model_type": "llama",
  "moe_router_bias_update_rate": 0.0,
  "num_attention_heads": 56,
  "num_hidden_layers": 80,
  "num_key_value_heads": 56,
  "pad_token_id": 0,
  "paddleformers_version": "1.1.0.post20260417",
  "pipeline_model_parallel_size": 2,
  "pp_seg_method": "layer:DecoderLayer|EmptyLayer",
  "pretraining_tp": 2,
  "recompute_granularity": "full",
  "recompute_method": "uniform",
  "recompute_num_layers": 1,
  "rms_norm_eps": 1e-05,
  "rope_parameters": {
    "rope_theta": 10000.0,
    "rope_type": "default"
  },
  "rope_scaling": null,
  "rope_theta": 10000.0,
  "seq_length": 4096,
  "tensor_model_parallel_size": 8,
  "tie_word_embeddings": false,
  "torch_dtype": "float32",
  "use_cache": true,
  "use_fast_layer_norm": false,
  "vocab_size": 32000
}
[0m
[32m[2026-04-17 13:39:03,502] [    INFO][0m - Creating model[0m
[32m[2026-04-17 13:39:03,503] [    INFO][0m - Loading model weights from ./models/Llama-2-52B[0m
[32m[2026-04-17 13:39:03,504] [    INFO][0m - change initializer-range from 0.02 to 0.006818968095896705[0m
[32m[2026-04-17 13:39:03,507] [    INFO][0m - using moe-group: dummy[0m
[32m[2026-04-17 13:39:03,508] [    INFO][0m - use no_recompute_layers: {0, 1, 2, 3, 4, 5, 6, 7, 8, 9, 10, 11, 12, 13, 14, 15, 16, 17, 18, 19, 20, 21, 22, 23, 24, 25, 26, 27, 28, 29, 30, 31, 32, 33, 34, 35, 36, 37, 38, 39, 40, 41, 42, 43, 44, 45, 46, 47, 48, 49, 50, 51, 52, 53, 54, 55, 56, 57, 58, 59, 60, 61, 62, 63, 64, 65, 66, 67, 68, 69, 70, 71, 72, 73, 74, 75, 76, 77, 78, 79}[0m
[32m[2026-04-17 13:39:03,510] [    INFO][0m - using recompute_interval=0, seg_method=layer:DecoderLayer|EmptyLayer[0m
[32m[2026-04-17 13:39:03,511] [    INFO][0m - loss_subbatch_sequence_length: -1 , use_fused_head_and_loss_fn: False, use_filtered_label_loss: False[0m
[32m[2026-04-17 13:39:03,511] [    INFO][0m - change initializer-range from 0.02 to 0.006818968095896705[0m
[32m[2026-04-17 13:39:03,512] [    INFO][0m - using parallel cross entroy, take care[0m
[32m[2026-04-17 13:39:03,516] [    INFO][0m - using moe-group: dummy[0m
[2026-04-17 13:39:03,519] [    INFO] pp_layers.py:872 - start segment network..
[32m[2026-04-17 13:39:03,522] [    INFO][0m - use no_recompute_layers: {0, 1, 2, 3, 4, 5, 6, 7, 8, 9, 10, 11, 12, 13, 14, 15, 16, 17, 18, 19, 20, 21, 22, 23, 24, 25, 26, 27, 28, 29, 30, 31, 32, 33, 34, 35, 36, 37, 38, 39, 40, 41, 42, 43, 44, 45, 46, 47, 48, 49, 50, 51, 52, 53, 54, 55, 56, 57, 58, 59, 60, 61, 62, 63, 64, 65, 66, 67, 68, 69, 70, 71, 72, 73, 74, 75, 76, 77, 78, 79}[0m
[2026-04-17 13:39:03,525] [    INFO] pp_layers.py:878 - segment with method: layer:DecoderLayer|EmptyLayer; result: 0, 41, 83
[32m[2026-04-17 13:39:03,529] [    INFO][0m - using recompute_interval=0, seg_method=layer:DecoderLayer|EmptyLayer[0m
[2026-04-17 13:39:03,532] [    INFO] pp_layers.py:895 - stage=0, global_rank=8 ,layer_number=41
[32m[2026-04-17 13:39:03,535] [    INFO][0m - loss_subbatch_sequence_length: -1 , use_fused_head_and_loss_fn: False, use_filtered_label_loss: False[0m
[2026-04-17 13:39:03,538] [    INFO] pp_layers.py:900 - 0: EmbeddingPipe(config=LlamaConfig {
  "_name_or_path": "./models/Llama-2-52B",
  "architectures": [
    "LlamaForCausalLM"
  ],
  "attention_bias": false,
  "attention_dropout": 0.0,
  "bos_token_id": 1,
  "enable_auto_parallel": false,
  "eos_token_id": 2,
  "head_dim": 128,
  "hidden_act": "silu",
  "hidden_size": 7168,
  "initializer_range": 0.006818968095896705,
  "intermediate_size": 19456,
  "is_lora": false,
  "max_position_embeddings": 4096,
  "max_sequence_length": 4096,
  "mlp_bias": false,
  "model_type": "llama",
  "moe_group_origin": "dummy",
  "moe_rank": 0,
  "moe_router_bias_update_rate": 0.0,
  "moe_world_size": 1,
  "num_attention_heads": 56,
  "num_hidden_layers": 80,
  "num_key_value_heads": 56,
  "pad_token_id": 0,
  "paddleformers_version": "1.1.0.post20260417",
  "pipeline_model_parallel_size": 2,
  "pp_seg_method": "layer:DecoderLayer|EmptyLayer",
  "pretraining_tp": 2,
  "recompute_granularity": "full",
  "recompute_method": "uniform",
  "recompute_num_layers": 1,
  "rms_norm_eps": 1e-05,
  "rope_parameters": {
    "rope_theta": 10000.0,
    "rope_type": "default"
  },
  "rope_scaling": null,
  "rope_theta": 10000.0,
  "seq_length": 4096,
  "tensor_model_parallel_size": 8,
  "tie_word_embeddings": false,
  "torch_dtype": "float32",
  "use_cache": true,
  "use_fast_layer_norm": false,
  "vocab_size": 32000
}
, embed_cls=None, rotary_emb_cls=None)
[32m[2026-04-17 13:39:03,541] [    INFO][0m - using parallel cross entroy, take care[0m
[2026-04-17 13:39:03,545] [    INFO] pp_layers.py:900 - 1: DecoderLayerPipe(config=LlamaConfig {
  "_name_or_path": "./models/Llama-2-52B",
  "architectures": [
    "LlamaForCausalLM"
  ],
  "attention_bias": false,
  "attention_dropout": 0.0,
  "bos_token_id": 1,
  "enable_auto_parallel": false,
  "eos_token_id": 2,
  "head_dim": 128,
  "hidden_act": "silu",
  "hidden_size": 7168,
  "initializer_range": 0.006818968095896705,
  "intermediate_size": 19456,
  "is_lora": false,
  "max_position_embeddings": 4096,
  "max_sequence_length": 4096,
  "mlp_bias": false,
  "model_type": "llama",
  "moe_group_origin": "dummy",
  "moe_rank": 0,
  "moe_router_bias_update_rate": 0.0,
  "moe_world_size": 1,
  "num_attention_heads": 56,
  "num_hidden_layers": 80,
  "num_key_value_heads": 56,
  "pad_token_id": 0,
  "paddleformers_version": "1.1.0.post20260417",
  "pipeline_model_parallel_size": 2,
  "pp_seg_method": "layer:DecoderLayer|EmptyLayer",
  "pretraining_tp": 2,
  "recompute_granularity": "full",
  "recompute_method": "uniform",
  "recompute_num_layers": 1,
  "rms_norm_eps": 1e-05,
  "rope_parameters": {
    "rope_theta": 10000.0,
    "rope_type": "default"
  },
  "rope_scaling": null,
  "rope_theta": 10000.0,
  "seq_length": 4096,
  "tensor_model_parallel_size": 8,
  "tie_word_embeddings": false,
  "torch_dtype": "float32",
  "use_cache": true,
  "use_fast_layer_norm": false,
  "vocab_size": 32000
}
, layer_idx=0)
[2026-04-17 13:39:03,548] [    INFO] pp_layers.py:872 - start segment network..
[2026-04-17 13:39:03,576] [    INFO] pp_layers.py:900 - 2: DecoderLayerPipe(config=LlamaConfig {
  "_name_or_path": "./models/Llama-2-52B",
  "architectures": [
    "LlamaForCausalLM"
  ],
  "attention_bias": false,
  "attention_dropout": 0.0,
  "bos_token_id": 1,
  "enable_auto_parallel": false,
  "eos_token_id": 2,
  "head_dim": 128,
  "hidden_act": "silu",
  "hidden_size": 7168,
  "initializer_range": 0.006818968095896705,
  "intermediate_size": 19456,
  "is_lora": false,
  "max_position_embeddings": 4096,
  "max_sequence_length": 4096,
  "mlp_bias": false,
  "model_type": "llama",
  "moe_group_origin": "dummy",
  "moe_rank": 0,
  "moe_router_bias_update_rate": 0.0,
  "moe_world_size": 1,
  "num_attention_heads": 56,
  "num_hidden_layers": 80,
  "num_key_value_heads": 56,
  "pad_token_id": 0,
  "paddleformers_version": "1.1.0.post20260417",
  "pipeline_model_parallel_size": 2,
  "pp_seg_method": "layer:DecoderLayer|EmptyLayer",
  "pretraining_tp": 2,
  "recompute_granularity": "full",
  "recompute_method": "uniform",
  "recompute_num_layers": 1,
  "rms_norm_eps": 1e-05,
  "rope_parameters": {
    "rope_theta": 10000.0,
    "rope_type": "default"
  },
  "rope_scaling": null,
  "rope_theta": 10000.0,
  "seq_length": 4096,
  "tensor_model_parallel_size": 8,
  "tie_word_embeddings": false,
  "torch_dtype": "float32",
  "use_cache": true,
  "use_fast_layer_norm": false,
  "vocab_size": 32000
}
, layer_idx=1)
[2026-04-17 13:39:03,580] [    INFO] pp_layers.py:878 - segment with method: layer:DecoderLayer|EmptyLayer; result: 0, 41, 83
[2026-04-17 13:39:03,583] [    INFO] pp_layers.py:900 - 3: DecoderLayerPipe(config=LlamaConfig {
  "_name_or_path": "./models/Llama-2-52B",
  "architectures": [
    "LlamaForCausalLM"
  ],
  "attention_bias": false,
  "attention_dropout": 0.0,
  "bos_token_id": 1,
  "enable_auto_parallel": false,
  "eos_token_id": 2,
  "head_dim": 128,
  "hidden_act": "silu",
  "hidden_size": 7168,
  "initializer_range": 0.006818968095896705,
  "intermediate_size": 19456,
  "is_lora": false,
  "max_position_embeddings": 4096,
  "max_sequence_length": 4096,
  "mlp_bias": false,
  "model_type": "llama",
  "moe_group_origin": "dummy",
  "moe_rank": 0,
  "moe_router_bias_update_rate": 0.0,
  "moe_world_size": 1,
  "num_attention_heads": 56,
  "num_hidden_layers": 80,
  "num_key_value_heads": 56,
  "pad_token_id": 0,
  "paddleformers_version": "1.1.0.post20260417",
  "pipeline_model_parallel_size": 2,
  "pp_seg_method": "layer:DecoderLayer|EmptyLayer",
  "pretraining_tp": 2,
  "recompute_granularity": "full",
  "recompute_method": "uniform",
  "recompute_num_layers": 1,
  "rms_norm_eps": 1e-05,
  "rope_parameters": {
    "rope_theta": 10000.0,
    "rope_type": "default"
  },
  "rope_scaling": null,
  "rope_theta": 10000.0,
  "seq_length": 4096,
  "tensor_model_parallel_size": 8,
  "tie_word_embeddings": false,
  "torch_dtype": "float32",
  "use_cache": true,
  "use_fast_layer_norm": false,
  "vocab_size": 32000
}
, layer_idx=2)
[2026-04-17 13:39:03,585] [    INFO] pp_layers.py:895 - stage=0, global_rank=0 ,layer_number=41
[2026-04-17 13:39:03,588] [    INFO] pp_layers.py:900 - 4: DecoderLayerPipe(config=LlamaConfig {
  "_name_or_path": "./models/Llama-2-52B",
  "architectures": [
    "LlamaForCausalLM"
  ],
  "attention_bias": false,
  "attention_dropout": 0.0,
  "bos_token_id": 1,
  "enable_auto_parallel": false,
  "eos_token_id": 2,
  "head_dim": 128,
  "hidden_act": "silu",
  "hidden_size": 7168,
  "initializer_range": 0.006818968095896705,
  "intermediate_size": 19456,
  "is_lora": false,
  "max_position_embeddings": 4096,
  "max_sequence_length": 4096,
  "mlp_bias": false,
  "model_type": "llama",
  "moe_group_origin": "dummy",
  "moe_rank": 0,
  "moe_router_bias_update_rate": 0.0,
  "moe_world_size": 1,
  "num_attention_heads": 56,
  "num_hidden_layers": 80,
  "num_key_value_heads": 56,
  "pad_token_id": 0,
  "paddleformers_version": "1.1.0.post20260417",
  "pipeline_model_parallel_size": 2,
  "pp_seg_method": "layer:DecoderLayer|EmptyLayer",
  "pretraining_tp": 2,
  "recompute_granularity": "full",
  "recompute_method": "uniform",
  "recompute_num_layers": 1,
  "rms_norm_eps": 1e-05,
  "rope_parameters": {
    "rope_theta": 10000.0,
    "rope_type": "default"
  },
  "rope_scaling": null,
  "rope_theta": 10000.0,
  "seq_length": 4096,
  "tensor_model_parallel_size": 8,
  "tie_word_embeddings": false,
  "torch_dtype": "float32",
  "use_cache": true,
  "use_fast_layer_norm": false,
  "vocab_size": 32000
}
, layer_idx=3)
[2026-04-17 13:39:03,591] [    INFO] pp_layers.py:900 - 0: EmbeddingPipe(config=LlamaConfig {
  "_name_or_path": "./models/Llama-2-52B",
  "architectures": [
    "LlamaForCausalLM"
  ],
  "attention_bias": false,
  "attention_dropout": 0.0,
  "bos_token_id": 1,
  "enable_auto_parallel": false,
  "eos_token_id": 2,
  "head_dim": 128,
  "hidden_act": "silu",
  "hidden_size": 7168,
  "initializer_range": 0.006818968095896705,
  "intermediate_size": 19456,
  "is_lora": false,
  "max_position_embeddings": 4096,
  "max_sequence_length": 4096,
  "mlp_bias": false,
  "model_type": "llama",
  "moe_group_origin": "dummy",
  "moe_rank": 0,
  "moe_router_bias_update_rate": 0.0,
  "moe_world_size": 1,
  "num_attention_heads": 56,
  "num_hidden_layers": 80,
  "num_key_value_heads": 56,
  "pad_token_id": 0,
  "paddleformers_version": "1.1.0.post20260417",
  "pipeline_model_parallel_size": 2,
  "pp_seg_method": "layer:DecoderLayer|EmptyLayer",
  "pretraining_tp": 2,
  "recompute_granularity": "full",
  "recompute_method": "uniform",
  "recompute_num_layers": 1,
  "rms_norm_eps": 1e-05,
  "rope_parameters": {
    "rope_theta": 10000.0,
    "rope_type": "default"
  },
  "rope_scaling": null,
  "rope_theta": 10000.0,
  "seq_length": 4096,
  "tensor_model_parallel_size": 8,
  "tie_word_embeddings": false,
  "torch_dtype": "float32",
  "use_cache": true,
  "use_fast_layer_norm": false,
  "vocab_size": 32000
}
, embed_cls=None, rotary_emb_cls=None)
[2026-04-17 13:39:03,593] [    INFO] pp_layers.py:900 - 5: DecoderLayerPipe(config=LlamaConfig {
  "_name_or_path": "./models/Llama-2-52B",
  "architectures": [
    "LlamaForCausalLM"
  ],
  "attention_bias": false,
  "attention_dropout": 0.0,
  "bos_token_id": 1,
  "enable_auto_parallel": false,
  "eos_token_id": 2,
  "head_dim": 128,
  "hidden_act": "silu",
  "hidden_size": 7168,
  "initializer_range": 0.006818968095896705,
  "intermediate_size": 19456,
  "is_lora": false,
  "max_position_embeddings": 4096,
  "max_sequence_length": 4096,
  "mlp_bias": false,
  "model_type": "llama",
  "moe_group_origin": "dummy",
  "moe_rank": 0,
  "moe_router_bias_update_rate": 0.0,
  "moe_world_size": 1,
  "num_attention_heads": 56,
  "num_hidden_layers": 80,
  "num_key_value_heads": 56,
  "pad_token_id": 0,
  "paddleformers_version": "1.1.0.post20260417",
  "pipeline_model_parallel_size": 2,
  "pp_seg_method": "layer:DecoderLayer|EmptyLayer",
  "pretraining_tp": 2,
  "recompute_granularity": "full",
  "recompute_method": "uniform",
  "recompute_num_layers": 1,
  "rms_norm_eps": 1e-05,
  "rope_parameters": {
    "rope_theta": 10000.0,
    "rope_type": "default"
  },
  "rope_scaling": null,
  "rope_theta": 10000.0,
  "seq_length": 4096,
  "tensor_model_parallel_size": 8,
  "tie_word_embeddings": false,
  "torch_dtype": "float32",
  "use_cache": true,
  "use_fast_layer_norm": false,
  "vocab_size": 32000
}
, layer_idx=4)
[2026-04-17 13:39:03,596] [    INFO] pp_layers.py:900 - 1: DecoderLayerPipe(config=LlamaConfig {
  "_name_or_path": "./models/Llama-2-52B",
  "architectures": [
    "LlamaForCausalLM"
  ],
  "attention_bias": false,
  "attention_dropout": 0.0,
  "bos_token_id": 1,
  "enable_auto_parallel": false,
  "eos_token_id": 2,
  "head_dim": 128,
  "hidden_act": "silu",
  "hidden_size": 7168,
  "initializer_range": 0.006818968095896705,
  "intermediate_size": 19456,
  "is_lora": false,
  "max_position_embeddings": 4096,
  "max_sequence_length": 4096,
  "mlp_bias": false,
  "model_type": "llama",
  "moe_group_origin": "dummy",
  "moe_rank": 0,
  "moe_router_bias_update_rate": 0.0,
  "moe_world_size": 1,
  "num_attention_heads": 56,
  "num_hidden_layers": 80,
  "num_key_value_heads": 56,
  "pad_token_id": 0,
  "paddleformers_version": "1.1.0.post20260417",
  "pipeline_model_parallel_size": 2,
  "pp_seg_method": "layer:DecoderLayer|EmptyLayer",
  "pretraining_tp": 2,
  "recompute_granularity": "full",
  "recompute_method": "uniform",
  "recompute_num_layers": 1,
  "rms_norm_eps": 1e-05,
  "rope_parameters": {
    "rope_theta": 10000.0,
    "rope_type": "default"
  },
  "rope_scaling": null,
  "rope_theta": 10000.0,
  "seq_length": 4096,
  "tensor_model_parallel_size": 8,
  "tie_word_embeddings": false,
  "torch_dtype": "float32",
  "use_cache": true,
  "use_fast_layer_norm": false,
  "vocab_size": 32000
}
, layer_idx=0)
[2026-04-17 13:39:03,598] [    INFO] pp_layers.py:900 - 6: DecoderLayerPipe(config=LlamaConfig {
  "_name_or_path": "./models/Llama-2-52B",
  "architectures": [
    "LlamaForCausalLM"
  ],
  "attention_bias": false,
  "attention_dropout": 0.0,
  "bos_token_id": 1,
  "enable_auto_parallel": false,
  "eos_token_id": 2,
  "head_dim": 128,
  "hidden_act": "silu",
  "hidden_size": 7168,
  "initializer_range": 0.006818968095896705,
  "intermediate_size": 19456,
  "is_lora": false,
  "max_position_embeddings": 4096,
  "max_sequence_length": 4096,
  "mlp_bias": false,
  "model_type": "llama",
  "moe_group_origin": "dummy",
  "moe_rank": 0,
  "moe_router_bias_update_rate": 0.0,
  "moe_world_size": 1,
  "num_attention_heads": 56,
  "num_hidden_layers": 80,
  "num_key_value_heads": 56,
  "pad_token_id": 0,
  "paddleformers_version": "1.1.0.post20260417",
  "pipeline_model_parallel_size": 2,
  "pp_seg_method": "layer:DecoderLayer|EmptyLayer",
  "pretraining_tp": 2,
  "recompute_granularity": "full",
  "recompute_method": "uniform",
  "recompute_num_layers": 1,
  "rms_norm_eps": 1e-05,
  "rope_parameters": {
    "rope_theta": 10000.0,
    "rope_type": "default"
  },
  "rope_scaling": null,
  "rope_theta": 10000.0,
  "seq_length": 4096,
  "tensor_model_parallel_size": 8,
  "tie_word_embeddings": false,
  "torch_dtype": "float32",
  "use_cache": true,
  "use_fast_layer_norm": false,
  "vocab_size": 32000
}
, layer_idx=5)
[2026-04-17 13:39:03,632] [    INFO] pp_layers.py:900 - 2: DecoderLayerPipe(config=LlamaConfig {
  "_name_or_path": "./models/Llama-2-52B",
  "architectures": [
    "LlamaForCausalLM"
  ],
  "attention_bias": false,
  "attention_dropout": 0.0,
  "bos_token_id": 1,
  "enable_auto_parallel": false,
  "eos_token_id": 2,
  "head_dim": 128,
  "hidden_act": "silu",
  "hidden_size": 7168,
  "initializer_range": 0.006818968095896705,
  "intermediate_size": 19456,
  "is_lora": false,
  "max_position_embeddings": 4096,
  "max_sequence_length": 4096,
  "mlp_bias": false,
  "model_type": "llama",
  "moe_group_origin": "dummy",
  "moe_rank": 0,
  "moe_router_bias_update_rate": 0.0,
  "moe_world_size": 1,
  "num_attention_heads": 56,
  "num_hidden_layers": 80,
  "num_key_value_heads": 56,
  "pad_token_id": 0,
  "paddleformers_version": "1.1.0.post20260417",
  "pipeline_model_parallel_size": 2,
  "pp_seg_method": "layer:DecoderLayer|EmptyLayer",
  "pretraining_tp": 2,
  "recompute_granularity": "full",
  "recompute_method": "uniform",
  "recompute_num_layers": 1,
  "rms_norm_eps": 1e-05,
  "rope_parameters": {
    "rope_theta": 10000.0,
    "rope_type": "default"
  },
  "rope_scaling": null,
  "rope_theta": 10000.0,
  "seq_length": 4096,
  "tensor_model_parallel_size": 8,
  "tie_word_embeddings": false,
  "torch_dtype": "float32",
  "use_cache": true,
  "use_fast_layer_norm": false,
  "vocab_size": 32000
}
, layer_idx=1)
[2026-04-17 13:39:03,637] [    INFO] pp_layers.py:900 - 7: DecoderLayerPipe(config=LlamaConfig {
  "_name_or_path": "./models/Llama-2-52B",
  "architectures": [
    "LlamaForCausalLM"
  ],
  "attention_bias": false,
  "attention_dropout": 0.0,
  "bos_token_id": 1,
  "enable_auto_parallel": false,
  "eos_token_id": 2,
  "head_dim": 128,
  "hidden_act": "silu",
  "hidden_size": 7168,
  "initializer_range": 0.006818968095896705,
  "intermediate_size": 19456,
  "is_lora": false,
  "max_position_embeddings": 4096,
  "max_sequence_length": 4096,
  "mlp_bias": false,
  "model_type": "llama",
  "moe_group_origin": "dummy",
  "moe_rank": 0,
  "moe_router_bias_update_rate": 0.0,
  "moe_world_size": 1,
  "num_attention_heads": 56,
  "num_hidden_layers": 80,
  "num_key_value_heads": 56,
  "pad_token_id": 0,
  "paddleformers_version": "1.1.0.post20260417",
  "pipeline_model_parallel_size": 2,
  "pp_seg_method": "layer:DecoderLayer|EmptyLayer",
  "pretraining_tp": 2,
  "recompute_granularity": "full",
  "recompute_method": "uniform",
  "recompute_num_layers": 1,
  "rms_norm_eps": 1e-05,
  "rope_parameters": {
    "rope_theta": 10000.0,
    "rope_type": "default"
  },
  "rope_scaling": null,
  "rope_theta": 10000.0,
  "seq_length": 4096,
  "tensor_model_parallel_size": 8,
  "tie_word_embeddings": false,
  "torch_dtype": "float32",
  "use_cache": true,
  "use_fast_layer_norm": false,
  "vocab_size": 32000
}
, layer_idx=6)
[2026-04-17 13:39:03,640] [    INFO] pp_layers.py:900 - 3: DecoderLayerPipe(config=LlamaConfig {
  "_name_or_path": "./models/Llama-2-52B",
  "architectures": [
    "LlamaForCausalLM"
  ],
  "attention_bias": false,
  "attention_dropout": 0.0,
  "bos_token_id": 1,
  "enable_auto_parallel": false,
  "eos_token_id": 2,
  "head_dim": 128,
  "hidden_act": "silu",
  "hidden_size": 7168,
  "initializer_range": 0.006818968095896705,
  "intermediate_size": 19456,
  "is_lora": false,
  "max_position_embeddings": 4096,
  "max_sequence_length": 4096,
  "mlp_bias": false,
  "model_type": "llama",
  "moe_group_origin": "dummy",
  "moe_rank": 0,
  "moe_router_bias_update_rate": 0.0,
  "moe_world_size": 1,
  "num_attention_heads": 56,
  "num_hidden_layers": 80,
  "num_key_value_heads": 56,
  "pad_token_id": 0,
  "paddleformers_version": "1.1.0.post20260417",
  "pipeline_model_parallel_size": 2,
  "pp_seg_method": "layer:DecoderLayer|EmptyLayer",
  "pretraining_tp": 2,
  "recompute_granularity": "full",
  "recompute_method": "uniform",
  "recompute_num_layers": 1,
  "rms_norm_eps": 1e-05,
  "rope_parameters": {
    "rope_theta": 10000.0,
    "rope_type": "default"
  },
  "rope_scaling": null,
  "rope_theta": 10000.0,
  "seq_length": 4096,
  "tensor_model_parallel_size": 8,
  "tie_word_embeddings": false,
  "torch_dtype": "float32",
  "use_cache": true,
  "use_fast_layer_norm": false,
  "vocab_size": 32000
}
, layer_idx=2)
[2026-04-17 13:39:03,642] [    INFO] pp_layers.py:900 - 8: DecoderLayerPipe(config=LlamaConfig {
  "_name_or_path": "./models/Llama-2-52B",
  "architectures": [
    "LlamaForCausalLM"
  ],
  "attention_bias": false,
  "attention_dropout": 0.0,
  "bos_token_id": 1,
  "enable_auto_parallel": false,
  "eos_token_id": 2,
  "head_dim": 128,
  "hidden_act": "silu",
  "hidden_size": 7168,
  "initializer_range": 0.006818968095896705,
  "intermediate_size": 19456,
  "is_lora": false,
  "max_position_embeddings": 4096,
  "max_sequence_length": 4096,
  "mlp_bias": false,
  "model_type": "llama",
  "moe_group_origin": "dummy",
  "moe_rank": 0,
  "moe_router_bias_update_rate": 0.0,
  "moe_world_size": 1,
  "num_attention_heads": 56,
  "num_hidden_layers": 80,
  "num_key_value_heads": 56,
  "pad_token_id": 0,
  "paddleformers_version": "1.1.0.post20260417",
  "pipeline_model_parallel_size": 2,
  "pp_seg_method": "layer:DecoderLayer|EmptyLayer",
  "pretraining_tp": 2,
  "recompute_granularity": "full",
  "recompute_method": "uniform",
  "recompute_num_layers": 1,
  "rms_norm_eps": 1e-05,
  "rope_parameters": {
    "rope_theta": 10000.0,
    "rope_type": "default"
  },
  "rope_scaling": null,
  "rope_theta": 10000.0,
  "seq_length": 4096,
  "tensor_model_parallel_size": 8,
  "tie_word_embeddings": false,
  "torch_dtype": "float32",
  "use_cache": true,
  "use_fast_layer_norm": false,
  "vocab_size": 32000
}
, layer_idx=7)
[2026-04-17 13:39:03,646] [    INFO] pp_layers.py:900 - 4: DecoderLayerPipe(config=LlamaConfig {
  "_name_or_path": "./models/Llama-2-52B",
  "architectures": [
    "LlamaForCausalLM"
  ],
  "attention_bias": false,
  "attention_dropout": 0.0,
  "bos_token_id": 1,
  "enable_auto_parallel": false,
  "eos_token_id": 2,
  "head_dim": 128,
  "hidden_act": "silu",
  "hidden_size": 7168,
  "initializer_range": 0.006818968095896705,
  "intermediate_size": 19456,
  "is_lora": false,
  "max_position_embeddings": 4096,
  "max_sequence_length": 4096,
  "mlp_bias": false,
  "model_type": "llama",
  "moe_group_origin": "dummy",
  "moe_rank": 0,
  "moe_router_bias_update_rate": 0.0,
  "moe_world_size": 1,
  "num_attention_heads": 56,
  "num_hidden_layers": 80,
  "num_key_value_heads": 56,
  "pad_token_id": 0,
  "paddleformers_version": "1.1.0.post20260417",
  "pipeline_model_parallel_size": 2,
  "pp_seg_method": "layer:DecoderLayer|EmptyLayer",
  "pretraining_tp": 2,
  "recompute_granularity": "full",
  "recompute_method": "uniform",
  "recompute_num_layers": 1,
  "rms_norm_eps": 1e-05,
  "rope_parameters": {
    "rope_theta": 10000.0,
    "rope_type": "default"
  },
  "rope_scaling": null,
  "rope_theta": 10000.0,
  "seq_length": 4096,
  "tensor_model_parallel_size": 8,
  "tie_word_embeddings": false,
  "torch_dtype": "float32",
  "use_cache": true,
  "use_fast_layer_norm": false,
  "vocab_size": 32000
}
, layer_idx=3)
[2026-04-17 13:39:03,680] [    INFO] pp_layers.py:900 - 9: DecoderLayerPipe(config=LlamaConfig {
  "_name_or_path": "./models/Llama-2-52B",
  "architectures": [
    "LlamaForCausalLM"
  ],
  "attention_bias": false,
  "attention_dropout": 0.0,
  "bos_token_id": 1,
  "enable_auto_parallel": false,
  "eos_token_id": 2,
  "head_dim": 128,
  "hidden_act": "silu",
  "hidden_size": 7168,
  "initializer_range": 0.006818968095896705,
  "intermediate_size": 19456,
  "is_lora": false,
  "max_position_embeddings": 4096,
  "max_sequence_length": 4096,
  "mlp_bias": false,
  "model_type": "llama",
  "moe_group_origin": "dummy",
  "moe_rank": 0,
  "moe_router_bias_update_rate": 0.0,
  "moe_world_size": 1,
  "num_attention_heads": 56,
  "num_hidden_layers": 80,
  "num_key_value_heads": 56,
  "pad_token_id": 0,
  "paddleformers_version": "1.1.0.post20260417",
  "pipeline_model_parallel_size": 2,
  "pp_seg_method": "layer:DecoderLayer|EmptyLayer",
  "pretraining_tp": 2,
  "recompute_granularity": "full",
  "recompute_method": "uniform",
  "recompute_num_layers": 1,
  "rms_norm_eps": 1e-05,
  "rope_parameters": {
    "rope_theta": 10000.0,
    "rope_type": "default"
  },
  "rope_scaling": null,
  "rope_theta": 10000.0,
  "seq_length": 4096,
  "tensor_model_parallel_size": 8,
  "tie_word_embeddings": false,
  "torch_dtype": "float32",
  "use_cache": true,
  "use_fast_layer_norm": false,
  "vocab_size": 32000
}
, layer_idx=8)
[2026-04-17 13:39:03,683] [    INFO] pp_layers.py:900 - 5: DecoderLayerPipe(config=LlamaConfig {
  "_name_or_path": "./models/Llama-2-52B",
  "architectures": [
    "LlamaForCausalLM"
  ],
  "attention_bias": false,
  "attention_dropout": 0.0,
  "bos_token_id": 1,
  "enable_auto_parallel": false,
  "eos_token_id": 2,
  "head_dim": 128,
  "hidden_act": "silu",
  "hidden_size": 7168,
  "initializer_range": 0.006818968095896705,
  "intermediate_size": 19456,
  "is_lora": false,
  "max_position_embeddings": 4096,
  "max_sequence_length": 4096,
  "mlp_bias": false,
  "model_type": "llama",
  "moe_group_origin": "dummy",
  "moe_rank": 0,
  "moe_router_bias_update_rate": 0.0,
  "moe_world_size": 1,
  "num_attention_heads": 56,
  "num_hidden_layers": 80,
  "num_key_value_heads": 56,
  "pad_token_id": 0,
  "paddleformers_version": "1.1.0.post20260417",
  "pipeline_model_parallel_size": 2,
  "pp_seg_method": "layer:DecoderLayer|EmptyLayer",
  "pretraining_tp": 2,
  "recompute_granularity": "full",
  "recompute_method": "uniform",
  "recompute_num_layers": 1,
  "rms_norm_eps": 1e-05,
  "rope_parameters": {
    "rope_theta": 10000.0,
    "rope_type": "default"
  },
  "rope_scaling": null,
  "rope_theta": 10000.0,
  "seq_length": 4096,
  "tensor_model_parallel_size": 8,
  "tie_word_embeddings": false,
  "torch_dtype": "float32",
  "use_cache": true,
  "use_fast_layer_norm": false,
  "vocab_size": 32000
}
, layer_idx=4)
[2026-04-17 13:39:03,687] [    INFO] pp_layers.py:900 - 10: DecoderLayerPipe(config=LlamaConfig {
  "_name_or_path": "./models/Llama-2-52B",
  "architectures": [
    "LlamaForCausalLM"
  ],
  "attention_bias": false,
  "attention_dropout": 0.0,
  "bos_token_id": 1,
  "enable_auto_parallel": false,
  "eos_token_id": 2,
  "head_dim": 128,
  "hidden_act": "silu",
  "hidden_size": 7168,
  "initializer_range": 0.006818968095896705,
  "intermediate_size": 19456,
  "is_lora": false,
  "max_position_embeddings": 4096,
  "max_sequence_length": 4096,
  "mlp_bias": false,
  "model_type": "llama",
  "moe_group_origin": "dummy",
  "moe_rank": 0,
  "moe_router_bias_update_rate": 0.0,
  "moe_world_size": 1,
  "num_attention_heads": 56,
  "num_hidden_layers": 80,
  "num_key_value_heads": 56,
  "pad_token_id": 0,
  "paddleformers_version": "1.1.0.post20260417",
  "pipeline_model_parallel_size": 2,
  "pp_seg_method": "layer:DecoderLayer|EmptyLayer",
  "pretraining_tp": 2,
  "recompute_granularity": "full",
  "recompute_method": "uniform",
  "recompute_num_layers": 1,
  "rms_norm_eps": 1e-05,
  "rope_parameters": {
    "rope_theta": 10000.0,
    "rope_type": "default"
  },
  "rope_scaling": null,
  "rope_theta": 10000.0,
  "seq_length": 4096,
  "tensor_model_parallel_size": 8,
  "tie_word_embeddings": false,
  "torch_dtype": "float32",
  "use_cache": true,
  "use_fast_layer_norm": false,
  "vocab_size": 32000
  "num_hidden_layers": 80,
  "num_key_value_heads": 56,
  "pad_token_id": 0,
  "paddleformers_version": "1.1.0.post20260417",
  "pipeline_model_parallel_size": 2,
  "pp_seg_method": "layer:DecoderLayer|EmptyLayer",
  "pretraining_tp": 2,
  "recompute_granularity": "full",
  "recompute_method": "uniform",
  "recompute_num_layers": 1,
  "rms_norm_eps": 1e-05,
  "rope_parameters": {
    "rope_theta": 10000.0,
    "rope_type": "default"
  },
  "rope_scaling": null,
  "rope_theta": 10000.0,
  "seq_length": 4096,
  "tensor_model_parallel_size": 8,
  "tie_word_embeddings": false,
  "torch_dtype": "float32",
  "use_cache": true,
  "use_fast_layer_norm": false,
  "vocab_size": 32000
}
, layer_idx=9)
[2026-04-17 13:39:03,691] [    INFO] pp_layers.py:900 - 6: DecoderLayerPipe(config=LlamaConfig {
  "_name_or_path": "./models/Llama-2-52B",
  "architectures": [
    "LlamaForCausalLM"
  ],
  "attention_bias": false,
  "attention_dropout": 0.0,
  "bos_token_id": 1,
  "enable_auto_parallel": false,
  "eos_token_id": 2,
  "head_dim": 128,
  "hidden_act": "silu",
  "hidden_size": 7168,
  "initializer_range": 0.006818968095896705,
  "intermediate_size": 19456,
  "is_lora": false,
  "max_position_embeddings": 4096,
  "max_sequence_length": 4096,
  "mlp_bias": false,
  "model_type": "llama",
  "moe_group_origin": "dummy",
  "moe_rank": 0,
  "moe_router_bias_update_rate": 0.0,
  "moe_world_size": 1,
  "num_attention_heads": 56,
  "num_hidden_layers": 80,
  "num_key_value_heads": 56,
  "pad_token_id": 0,
  "paddleformers_version": "1.1.0.post20260417",
  "pipeline_model_parallel_size": 2,
  "pp_seg_method": "layer:DecoderLayer|EmptyLayer",
  "pretraining_tp": 2,
  "recompute_granularity": "full",
  "recompute_method": "uniform",
  "recompute_num_layers": 1,
  "rms_norm_eps": 1e-05,
  "rope_parameters": {
    "rope_theta": 10000.0,
    "rope_type": "default"
  },
  "rope_scaling": null,
  "rope_theta": 10000.0,
  "seq_length": 4096,
  "tensor_model_parallel_size": 8,
  "tie_word_embeddings": false,
  "torch_dtype": "float32",
  "use_cache": true,
  "use_fast_layer_norm": false,
  "vocab_size": 32000
}
, layer_idx=5)
[2026-04-17 13:39:03,692] [    INFO] pp_layers.py:900 - 11: DecoderLayerPipe(config=LlamaConfig {
  "_name_or_path": "./models/Llama-2-52B",
  "architectures": [
    "LlamaForCausalLM"
  ],
  "attention_bias": false,
  "attention_dropout": 0.0,
  "bos_token_id": 1,
  "enable_auto_parallel": false,
  "eos_token_id": 2,
  "head_dim": 128,
  "hidden_act": "silu",
  "hidden_size": 7168,
  "initializer_range": 0.006818968095896705,
  "intermediate_size": 19456,
  "is_lora": false,
  "max_position_embeddings": 4096,
  "max_sequence_length": 4096,
  "mlp_bias": false,
  "model_type": "llama",
  "moe_group_origin": "dummy",
  "moe_rank": 0,
  "moe_router_bias_update_rate": 0.0,
  "moe_world_size": 1,
  "num_attention_heads": 56,
  "num_hidden_layers": 80,
  "num_key_value_heads": 56,
  "pad_token_id": 0,
  "paddleformers_version": "1.1.0.post20260417",
  "pipeline_model_parallel_size": 2,
  "pp_seg_method": "layer:DecoderLayer|EmptyLayer",
  "pretraining_tp": 2,
  "recompute_granularity": "full",
  "recompute_method": "uniform",
  "recompute_num_layers": 1,
  "rms_norm_eps": 1e-05,
  "rope_parameters": {
    "rope_theta": 10000.0,
    "rope_type": "default"
  },
  "rope_scaling": null,
  "rope_theta": 10000.0,
  "seq_length": 4096,
  "tensor_model_parallel_size": 8,
  "tie_word_embeddings": false,
  "torch_dtype": "float32",
  "use_cache": true,
  "use_fast_layer_norm": false,
  "vocab_size": 32000
}
, layer_idx=10)
[2026-04-17 13:39:03,697] [    INFO] pp_layers.py:900 - 7: DecoderLayerPipe(config=LlamaConfig {
  "_name_or_path": "./models/Llama-2-52B",
  "architectures": [
    "LlamaForCausalLM"
  ],
  "attention_bias": false,
  "attention_dropout": 0.0,
  "bos_token_id": 1,
  "enable_auto_parallel": false,
  "eos_token_id": 2,
  "head_dim": 128,
  "hidden_act": "silu",
  "hidden_size": 7168,
  "initializer_range": 0.006818968095896705,
  "intermediate_size": 19456,
  "is_lora": false,
  "max_position_embeddings": 4096,
  "max_sequence_length": 4096,
  "mlp_bias": false,
  "model_type": "llama",
  "moe_group_origin": "dummy",
  "moe_rank": 0,
  "moe_router_bias_update_rate": 0.0,
  "moe_world_size": 1,
  "num_attention_heads": 56,
  "num_hidden_layers": 80,
  "num_key_value_heads": 56,
  "pad_token_id": 0,
  "paddleformers_version": "1.1.0.post20260417",
  "pipeline_model_parallel_size": 2,
  "pp_seg_method": "layer:DecoderLayer|EmptyLayer",
  "pretraining_tp": 2,
  "recompute_granularity": "full",
  "recompute_method": "uniform",
  "recompute_num_layers": 1,
  "rms_norm_eps": 1e-05,
  "rope_parameters": {
    "rope_theta": 10000.0,
    "rope_type": "default"
  },
  "rope_scaling": null,
  "rope_theta": 10000.0,
  "seq_length": 4096,
  "tensor_model_parallel_size": 8,
  "tie_word_embeddings": false,
  "torch_dtype": "float32",
  "use_cache": true,
  "use_fast_layer_norm": false,
  "vocab_size": 32000
}
, layer_idx=6)
[2026-04-17 13:39:03,699] [    INFO] pp_layers.py:900 - 12: DecoderLayerPipe(config=LlamaConfig {
  "_name_or_path": "./models/Llama-2-52B",
  "architectures": [
    "LlamaForCausalLM"
  ],
  "attention_bias": false,
  "attention_dropout": 0.0,
  "bos_token_id": 1,
  "enable_auto_parallel": false,
  "eos_token_id": 2,
  "head_dim": 128,
  "hidden_act": "silu",
  "hidden_size": 7168,
  "initializer_range": 0.006818968095896705,
  "intermediate_size": 19456,
  "is_lora": false,
  "max_position_embeddings": 4096,
  "max_sequence_length": 4096,
  "mlp_bias": false,
  "model_type": "llama",
  "moe_group_origin": "dummy",
  "moe_rank": 0,
  "moe_router_bias_update_rate": 0.0,
  "moe_world_size": 1,
  "num_attention_heads": 56,
  "num_hidden_layers": 80,
  "num_key_value_heads": 56,
  "pad_token_id": 0,
  "paddleformers_version": "1.1.0.post20260417",
  "pipeline_model_parallel_size": 2,
  "pp_seg_method": "layer:DecoderLayer|EmptyLayer",
  "pretraining_tp": 2,
  "recompute_granularity": "full",
  "recompute_method": "uniform",
  "recompute_num_layers": 1,
  "rms_norm_eps": 1e-05,
  "rope_parameters": {
    "rope_theta": 10000.0,
    "rope_type": "default"
  },
  "rope_scaling": null,
  "rope_theta": 10000.0,
  "seq_length": 4096,
  "tensor_model_parallel_size": 8,
  "tie_word_embeddings": false,
  "torch_dtype": "float32",
  "use_cache": true,
  "use_fast_layer_norm": false,
  "vocab_size": 32000
}
, layer_idx=11)
[2026-04-17 13:39:03,704] [    INFO] pp_layers.py:900 - 8: DecoderLayerPipe(config=LlamaConfig {
  "_name_or_path": "./models/Llama-2-52B",
  "architectures": [
    "LlamaForCausalLM"
  ],
  "attention_bias": false,
  "attention_dropout": 0.0,
  "bos_token_id": 1,
  "enable_auto_parallel": false,
  "eos_token_id": 2,
  "head_dim": 128,
  "hidden_act": "silu",
  "hidden_size": 7168,
  "initializer_range": 0.006818968095896705,
  "intermediate_size": 19456,
  "is_lora": false,
  "max_position_embeddings": 4096,
  "max_sequence_length": 4096,
  "mlp_bias": false,
  "model_type": "llama",
  "moe_group_origin": "dummy",
  "moe_rank": 0,
  "moe_router_bias_update_rate": 0.0,
  "moe_world_size": 1,
  "num_attention_heads": 56,
  "num_hidden_layers": 80,
  "num_key_value_heads": 56,
  "pad_token_id": 0,
  "paddleformers_version": "1.1.0.post20260417",
  "pipeline_model_parallel_size": 2,
  "pp_seg_method": "layer:DecoderLayer|EmptyLayer",
  "pretraining_tp": 2,
  "recompute_granularity": "full",
  "recompute_method": "uniform",
  "recompute_num_layers": 1,
  "rms_norm_eps": 1e-05,
  "rope_parameters": {
    "rope_theta": 10000.0,
    "rope_type": "default"
  },
  "rope_scaling": null,
  "rope_theta": 10000.0,
  "seq_length": 4096,
  "tensor_model_parallel_size": 8,
  "tie_word_embeddings": false,
  "torch_dtype": "float32",
  "use_cache": true,
  "use_fast_layer_norm": false,
  "vocab_size": 32000
}
, layer_idx=7)
[2026-04-17 13:39:03,707] [    INFO] pp_layers.py:900 - 13: DecoderLayerPipe(config=LlamaConfig {
  "_name_or_path": "./models/Llama-2-52B",
  "architectures": [
    "LlamaForCausalLM"
  ],
  "attention_bias": false,
  "attention_dropout": 0.0,
  "bos_token_id": 1,
  "enable_auto_parallel": false,
  "eos_token_id": 2,
  "head_dim": 128,
  "hidden_act": "silu",
  "hidden_size": 7168,
  "initializer_range": 0.006818968095896705,
  "intermediate_size": 19456,
  "is_lora": false,
  "max_position_embeddings": 4096,
  "max_sequence_length": 4096,
  "mlp_bias": false,
  "model_type": "llama",
  "moe_group_origin": "dummy",
  "moe_rank": 0,
  "moe_router_bias_update_rate": 0.0,
  "moe_world_size": 1,
  "num_attention_heads": 56,
  "num_hidden_layers": 80,
  "num_key_value_heads": 56,
  "pad_token_id": 0,
  "paddleformers_version": "1.1.0.post20260417",
  "pipeline_model_parallel_size": 2,
  "pp_seg_method": "layer:DecoderLayer|EmptyLayer",
  "pretraining_tp": 2,
  "recompute_granularity": "full",
  "recompute_method": "uniform",
  "recompute_num_layers": 1,
  "rms_norm_eps": 1e-05,
  "rope_parameters": {
    "rope_theta": 10000.0,
    "rope_type": "default"
  },
  "rope_scaling": null,
  "rope_theta": 10000.0,
  "seq_length": 4096,
  "tensor_model_parallel_size": 8,
  "tie_word_embeddings": false,
  "torch_dtype": "float32",
  "use_cache": true,
  "use_fast_layer_norm": false,
  "vocab_size": 32000
}
, layer_idx=12)
[2026-04-17 13:39:03,709] [    INFO] pp_layers.py:900 - 9: DecoderLayerPipe(config=LlamaConfig {
  "_name_or_path": "./models/Llama-2-52B",
  "architectures": [
    "LlamaForCausalLM"
  ],
  "attention_bias": false,
  "attention_dropout": 0.0,
  "bos_token_id": 1,
  "enable_auto_parallel": false,
  "eos_token_id": 2,
  "head_dim": 128,
  "hidden_act": "silu",
  "hidden_size": 7168,
  "initializer_range": 0.006818968095896705,
  "intermediate_size": 19456,
  "is_lora": false,
  "max_position_embeddings": 4096,
  "max_sequence_length": 4096,
  "mlp_bias": false,
  "model_type": "llama",
  "moe_group_origin": "dummy",
  "moe_rank": 0,
  "moe_router_bias_update_rate": 0.0,
  "moe_world_size": 1,
  "num_attention_heads": 56,
  "num_hidden_layers": 80,
  "num_key_value_heads": 56,
  "pad_token_id": 0,
  "paddleformers_version": "1.1.0.post20260417",
  "pipeline_model_parallel_size": 2,
  "pp_seg_method": "layer:DecoderLayer|EmptyLayer",
  "pretraining_tp": 2,
  "recompute_granularity": "full",
  "recompute_method": "uniform",
  "recompute_num_layers": 1,
  "rms_norm_eps": 1e-05,
  "rope_parameters": {
    "rope_theta": 10000.0,
    "rope_type": "default"
  },
  "rope_scaling": null,
  "rope_theta": 10000.0,
  "seq_length": 4096,
  "tensor_model_parallel_size": 8,
  "tie_word_embeddings": false,
  "torch_dtype": "float32",
  "use_cache": true,
  "use_fast_layer_norm": false,
  "vocab_size": 32000
}
, layer_idx=8)
[2026-04-17 13:39:03,713] [    INFO] pp_layers.py:900 - 14: DecoderLayerPipe(config=LlamaConfig {
  "_name_or_path": "./models/Llama-2-52B",
  "architectures": [
    "LlamaForCausalLM"
  ],
  "attention_bias": false,
  "attention_dropout": 0.0,
  "bos_token_id": 1,
  "enable_auto_parallel": false,
  "eos_token_id": 2,
  "head_dim": 128,
  "hidden_act": "silu",
  "hidden_size": 7168,
  "initializer_range": 0.006818968095896705,
  "intermediate_size": 19456,
  "is_lora": false,
  "max_position_embeddings": 4096,
  "max_sequence_length": 4096,
  "mlp_bias": false,
  "model_type": "llama",
  "moe_group_origin": "dummy",
  "moe_rank": 0,
  "moe_router_bias_update_rate": 0.0,
  "moe_world_size": 1,
  "num_attention_heads": 56,
  "num_hidden_layers": 80,
  "num_key_value_heads": 56,
  "pad_token_id": 0,
  "paddleformers_version": "1.1.0.post20260417",
  "pipeline_model_parallel_size": 2,
  "pp_seg_method": "layer:DecoderLayer|EmptyLayer",
  "pretraining_tp": 2,
  "recompute_granularity": "full",
  "recompute_method": "uniform",
  "recompute_num_layers": 1,
  "rms_norm_eps": 1e-05,
  "rope_parameters": {
    "rope_theta": 10000.0,
    "rope_type": "default"
  },
  "rope_scaling": null,
  "rope_theta": 10000.0,
  "seq_length": 4096,
  "tensor_model_parallel_size": 8,
  "tie_word_embeddings": false,
  "torch_dtype": "float32",
  "use_cache": true,
  "use_fast_layer_norm": false,
  "vocab_size": 32000
}
, layer_idx=13)
[2026-04-17 13:39:03,717] [    INFO] pp_layers.py:900 - 10: DecoderLayerPipe(config=LlamaConfig {
  "_name_or_path": "./models/Llama-2-52B",
  "architectures": [
    "LlamaForCausalLM"
  ],
  "attention_bias": false,
  "attention_dropout": 0.0,
  "bos_token_id": 1,
  "enable_auto_parallel": false,
  "eos_token_id": 2,
  "head_dim": 128,
  "hidden_act": "silu",
  "hidden_size": 7168,
  "initializer_range": 0.006818968095896705,
  "intermediate_size": 19456,
  "is_lora": false,
  "max_position_embeddings": 4096,
  "max_sequence_length": 4096,
  "mlp_bias": false,
  "model_type": "llama",
  "moe_group_origin": "dummy",
  "moe_rank": 0,
  "moe_router_bias_update_rate": 0.0,
  "moe_world_size": 1,
  "num_attention_heads": 56,
  "num_hidden_layers": 80,
  "num_key_value_heads": 56,
  "pad_token_id": 0,
  "paddleformers_version": "1.1.0.post20260417",
  "pipeline_model_parallel_size": 2,
  "pp_seg_method": "layer:DecoderLayer|EmptyLayer",
  "pretraining_tp": 2,
  "recompute_granularity": "full",
  "recompute_method": "uniform",
  "recompute_num_layers": 1,
  "rms_norm_eps": 1e-05,
  "rope_parameters": {
    "rope_theta": 10000.0,
    "rope_type": "default"
  },
  "rope_scaling": null,
  "rope_theta": 10000.0,
  "seq_length": 4096,
  "tensor_model_parallel_size": 8,
  "tie_word_embeddings": false,
  "torch_dtype": "float32",
  "use_cache": true,
  "use_fast_layer_norm": false,
  "vocab_size": 32000
}
, layer_idx=9)
[2026-04-17 13:39:03,718] [    INFO] pp_layers.py:900 - 15: DecoderLayerPipe(config=LlamaConfig {
  "_name_or_path": "./models/Llama-2-52B",
  "architectures": [
    "LlamaForCausalLM"
  ],
  "attention_bias": false,
  "attention_dropout": 0.0,
  "bos_token_id": 1,
  "enable_auto_parallel": false,
  "eos_token_id": 2,
  "head_dim": 128,
  "hidden_act": "silu",
  "hidden_size": 7168,
  "initializer_range": 0.006818968095896705,
  "intermediate_size": 19456,
  "is_lora": false,
  "max_position_embeddings": 4096,
  "max_sequence_length": 4096,
  "mlp_bias": false,
  "model_type": "llama",
  "moe_group_origin": "dummy",
  "moe_rank": 0,
  "moe_router_bias_update_rate": 0.0,
  "moe_world_size": 1,
  "num_attention_heads": 56,
  "num_hidden_layers": 80,
  "num_key_value_heads": 56,
  "pad_token_id": 0,
  "paddleformers_version": "1.1.0.post20260417",
  "pipeline_model_parallel_size": 2,
  "pp_seg_method": "layer:DecoderLayer|EmptyLayer",
  "pretraining_tp": 2,
  "recompute_granularity": "full",
  "recompute_method": "uniform",
  "recompute_num_layers": 1,
  "rms_norm_eps": 1e-05,
  "rope_parameters": {
    "rope_theta": 10000.0,
    "rope_type": "default"
  },
  "rope_scaling": null,
  "rope_theta": 10000.0,
  "seq_length": 4096,
  "tensor_model_parallel_size": 8,
  "tie_word_embeddings": false,
  "torch_dtype": "float32",
  "use_cache": true,
  "use_fast_layer_norm": false,
  "vocab_size": 32000
}
, layer_idx=14)
[2026-04-17 13:39:03,724] [    INFO] pp_layers.py:900 - 11: DecoderLayerPipe(config=LlamaConfig {
  "_name_or_path": "./models/Llama-2-52B",
  "architectures": [
    "LlamaForCausalLM"
  ],
  "attention_bias": false,
  "attention_dropout": 0.0,
  "bos_token_id": 1,
  "enable_auto_parallel": false,
  "eos_token_id": 2,
  "head_dim": 128,
  "hidden_act": "silu",
  "hidden_size": 7168,
  "initializer_range": 0.006818968095896705,
  "intermediate_size": 19456,
  "is_lora": false,
  "max_position_embeddings": 4096,
  "max_sequence_length": 4096,
  "mlp_bias": false,
  "model_type": "llama",
  "moe_group_origin": "dummy",
  "moe_rank": 0,
  "moe_router_bias_update_rate": 0.0,
  "moe_world_size": 1,
  "num_attention_heads": 56,
  "num_hidden_layers": 80,
  "num_key_value_heads": 56,
  "pad_token_id": 0,
  "paddleformers_version": "1.1.0.post20260417",
  "pipeline_model_parallel_size": 2,
  "pp_seg_method": "layer:DecoderLayer|EmptyLayer",
  "pretraining_tp": 2,
  "recompute_granularity": "full",
  "recompute_method": "uniform",
  "recompute_num_layers": 1,
  "rms_norm_eps": 1e-05,
  "rope_parameters": {
    "rope_theta": 10000.0,
    "rope_type": "default"
  },
  "rope_scaling": null,
  "rope_theta": 10000.0,
  "seq_length": 4096,
  "tensor_model_parallel_size": 8,
  "tie_word_embeddings": false,
  "torch_dtype": "float32",
  "use_cache": true,
  "use_fast_layer_norm": false,
  "vocab_size": 32000
}
, layer_idx=10)
[2026-04-17 13:39:03,725] [    INFO] pp_layers.py:900 - 16: DecoderLayerPipe(config=LlamaConfig {
  "_name_or_path": "./models/Llama-2-52B",
  "architectures": [
    "LlamaForCausalLM"
  ],
  "attention_bias": false,
  "attention_dropout": 0.0,
  "bos_token_id": 1,
  "enable_auto_parallel": false,
  "eos_token_id": 2,
  "head_dim": 128,
  "hidden_act": "silu",
  "hidden_size": 7168,
  "initializer_range": 0.006818968095896705,
  "intermediate_size": 19456,
  "is_lora": false,
  "max_position_embeddings": 4096,
  "max_sequence_length": 4096,
  "mlp_bias": false,
  "model_type": "llama",
  "moe_group_origin": "dummy",
  "moe_rank": 0,
  "moe_router_bias_update_rate": 0.0,
  "moe_world_size": 1,
  "num_attention_heads": 56,
  "num_hidden_layers": 80,
  "num_key_value_heads": 56,
  "pad_token_id": 0,
  "paddleformers_version": "1.1.0.post20260417",
  "pipeline_model_parallel_size": 2,
  "pp_seg_method": "layer:DecoderLayer|EmptyLayer",
  "pretraining_tp": 2,
  "recompute_granularity": "full",
  "recompute_method": "uniform",
  "recompute_num_layers": 1,
  "rms_norm_eps": 1e-05,
  "rope_parameters": {
    "rope_theta": 10000.0,
    "rope_type": "default"
  },
  "rope_scaling": null,
  "rope_theta": 10000.0,
  "seq_length": 4096,
  "tensor_model_parallel_size": 8,
  "tie_word_embeddings": false,
  "torch_dtype": "float32",
  "use_cache": true,
  "use_fast_layer_norm": false,
  "vocab_size": 32000
}
, layer_idx=15)
[2026-04-17 13:39:03,729] [    INFO] pp_layers.py:900 - 12: DecoderLayerPipe(config=LlamaConfig {
  "_name_or_path": "./models/Llama-2-52B",
  "architectures": [
    "LlamaForCausalLM"
  ],
  "attention_bias": false,
  "attention_dropout": 0.0,
  "bos_token_id": 1,
  "enable_auto_parallel": false,
  "eos_token_id": 2,
  "head_dim": 128,
  "hidden_act": "silu",
  "hidden_size": 7168,
  "initializer_range": 0.006818968095896705,
  "intermediate_size": 19456,
  "is_lora": false,
  "max_position_embeddings": 4096,
  "max_sequence_length": 4096,
  "mlp_bias": false,
  "model_type": "llama",
  "moe_group_origin": "dummy",
  "moe_rank": 0,
  "moe_router_bias_update_rate": 0.0,
  "moe_world_size": 1,
  "num_attention_heads": 56,
  "num_hidden_layers": 80,
  "num_key_value_heads": 56,
  "pad_token_id": 0,
  "paddleformers_version": "1.1.0.post20260417",
  "pipeline_model_parallel_size": 2,
  "pp_seg_method": "layer:DecoderLayer|EmptyLayer",
  "pretraining_tp": 2,
  "recompute_granularity": "full",
  "recompute_method": "uniform",
  "recompute_num_layers": 1,
  "rms_norm_eps": 1e-05,
  "rope_parameters": {
    "rope_theta": 10000.0,
    "rope_type": "default"
  },
  "rope_scaling": null,
  "rope_theta": 10000.0,
  "seq_length": 4096,
  "tensor_model_parallel_size": 8,
  "tie_word_embeddings": false,
  "torch_dtype": "float32",
  "use_cache": true,
  "use_fast_layer_norm": false,
  "vocab_size": 32000
}
, layer_idx=11)
[2026-04-17 13:39:03,732] [    INFO] pp_layers.py:900 - 17: DecoderLayerPipe(config=LlamaConfig {
  "_name_or_path": "./models/Llama-2-52B",
  "architectures": [
    "LlamaForCausalLM"
  ],
  "attention_bias": false,
  "attention_dropout": 0.0,
  "bos_token_id": 1,
  "enable_auto_parallel": false,
  "eos_token_id": 2,
  "head_dim": 128,
  "hidden_act": "silu",
  "hidden_size": 7168,
  "initializer_range": 0.006818968095896705,
  "intermediate_size": 19456,
  "is_lora": false,
  "max_position_embeddings": 4096,
  "max_sequence_length": 4096,
  "mlp_bias": false,
  "model_type": "llama",
  "moe_group_origin": "dummy",
  "moe_rank": 0,
  "moe_router_bias_update_rate": 0.0,
  "moe_world_size": 1,
  "num_attention_heads": 56,
  "num_hidden_layers": 80,
  "num_key_value_heads": 56,
  "pad_token_id": 0,
  "paddleformers_version": "1.1.0.post20260417",
  "pipeline_model_parallel_size": 2,
  "pp_seg_method": "layer:DecoderLayer|EmptyLayer",
  "pretraining_tp": 2,
  "recompute_granularity": "full",
  "recompute_method": "uniform",
  "recompute_num_layers": 1,
  "rms_norm_eps": 1e-05,
  "rope_parameters": {
    "rope_theta": 10000.0,
    "rope_type": "default"
  },
  "rope_scaling": null,
  "rope_theta": 10000.0,
  "seq_length": 4096,
  "tensor_model_parallel_size": 8,
  "tie_word_embeddings": false,
  "torch_dtype": "float32",
  "use_cache": true,
  "use_fast_layer_norm": false,
  "vocab_size": 32000
}
, layer_idx=16)
[2026-04-17 13:39:03,735] [    INFO] pp_layers.py:900 - 13: DecoderLayerPipe(config=LlamaConfig {
  "_name_or_path": "./models/Llama-2-52B",
  "architectures": [
    "LlamaForCausalLM"
  ],
  "attention_bias": false,
  "attention_dropout": 0.0,
  "bos_token_id": 1,
  "enable_auto_parallel": false,
  "eos_token_id": 2,
  "head_dim": 128,
  "hidden_act": "silu",
  "hidden_size": 7168,
  "initializer_range": 0.006818968095896705,
  "intermediate_size": 19456,
  "is_lora": false,
  "max_position_embeddings": 4096,
  "max_sequence_length": 4096,
  "mlp_bias": false,
  "model_type": "llama",
  "moe_group_origin": "dummy",
  "moe_rank": 0,
  "moe_router_bias_update_rate": 0.0,
  "moe_world_size": 1,
  "num_attention_heads": 56,
  "num_hidden_layers": 80,
  "num_key_value_heads": 56,
  "pad_token_id": 0,
  "paddleformers_version": "1.1.0.post20260417",
  "pipeline_model_parallel_size": 2,
  "pp_seg_method": "layer:DecoderLayer|EmptyLayer",
  "pretraining_tp": 2,
  "recompute_granularity": "full",
  "recompute_method": "uniform",
  "recompute_num_layers": 1,
  "rms_norm_eps": 1e-05,
  "rope_parameters": {
    "rope_theta": 10000.0,
    "rope_type": "default"
  },
  "rope_scaling": null,
  "rope_theta": 10000.0,
  "seq_length": 4096,
  "tensor_model_parallel_size": 8,
  "tie_word_embeddings": false,
  "torch_dtype": "float32",
  "use_cache": true,
  "use_fast_layer_norm": false,
  "vocab_size": 32000
}
, layer_idx=12)
[2026-04-17 13:39:03,737] [    INFO] pp_layers.py:900 - 18: DecoderLayerPipe(config=LlamaConfig {
  "_name_or_path": "./models/Llama-2-52B",
  "architectures": [
    "LlamaForCausalLM"
  ],
  "attention_bias": false,
  "attention_dropout": 0.0,
  "bos_token_id": 1,
  "enable_auto_parallel": false,
  "eos_token_id": 2,
  "head_dim": 128,
  "hidden_act": "silu",
  "hidden_size": 7168,
  "initializer_range": 0.006818968095896705,
  "intermediate_size": 19456,
  "is_lora": false,
  "max_position_embeddings": 4096,
  "max_sequence_length": 4096,
  "mlp_bias": false,
  "model_type": "llama",
  "moe_group_origin": "dummy",
  "moe_rank": 0,
  "moe_router_bias_update_rate": 0.0,
  "moe_world_size": 1,
  "num_attention_heads": 56,
  "num_hidden_layers": 80,
  "num_key_value_heads": 56,
  "pad_token_id": 0,
  "paddleformers_version": "1.1.0.post20260417",
  "pipeline_model_parallel_size": 2,
  "pp_seg_method": "layer:DecoderLayer|EmptyLayer",
  "pretraining_tp": 2,
  "recompute_granularity": "full",
  "recompute_method": "uniform",
  "recompute_num_layers": 1,
  "rms_norm_eps": 1e-05,
  "rope_parameters": {
    "rope_theta": 10000.0,
    "rope_type": "default"
  },
  "rope_scaling": null,
  "rope_theta": 10000.0,
  "seq_length": 4096,
  "tensor_model_parallel_size": 8,
  "tie_word_embeddings": false,
  "torch_dtype": "float32",
  "use_cache": true,
  "use_fast_layer_norm": false,
  "vocab_size": 32000
}
, layer_idx=17)
[2026-04-17 13:39:03,741] [    INFO] pp_layers.py:900 - 14: DecoderLayerPipe(config=LlamaConfig {
  "_name_or_path": "./models/Llama-2-52B",
  "architectures": [
    "LlamaForCausalLM"
  ],
  "attention_bias": false,
  "attention_dropout": 0.0,
  "bos_token_id": 1,
  "enable_auto_parallel": false,
  "eos_token_id": 2,
  "head_dim": 128,
  "hidden_act": "silu",
  "hidden_size": 7168,
  "initializer_range": 0.006818968095896705,
  "intermediate_size": 19456,
  "is_lora": false,
  "max_position_embeddings": 4096,
  "max_sequence_length": 4096,
  "mlp_bias": false,
  "model_type": "llama",
  "moe_group_origin": "dummy",
  "moe_rank": 0,
  "moe_router_bias_update_rate": 0.0,
  "moe_world_size": 1,
  "num_attention_heads": 56,
  "num_hidden_layers": 80,
  "num_key_value_heads": 56,
  "pad_token_id": 0,
  "paddleformers_version": "1.1.0.post20260417",
  "pipeline_model_parallel_size": 2,
  "pp_seg_method": "layer:DecoderLayer|EmptyLayer",
  "pretraining_tp": 2,
  "recompute_granularity": "full",
  "recompute_method": "uniform",
  "recompute_num_layers": 1,
  "rms_norm_eps": 1e-05,
  "rope_parameters": {
    "rope_theta": 10000.0,
    "rope_type": "default"
  },
  "rope_scaling": null,
  "rope_theta": 10000.0,
  "seq_length": 4096,
  "tensor_model_parallel_size": 8,
  "tie_word_embeddings": false,
  "torch_dtype": "float32",
  "use_cache": true,
  "use_fast_layer_norm": false,
  "vocab_size": 32000
}
, layer_idx=13)
[2026-04-17 13:39:03,743] [    INFO] pp_layers.py:900 - 19: DecoderLayerPipe(config=LlamaConfig {
  "_name_or_path": "./models/Llama-2-52B",
  "architectures": [
    "LlamaForCausalLM"
  ],
  "attention_bias": false,
  "attention_dropout": 0.0,
  "bos_token_id": 1,
  "enable_auto_parallel": false,
  "eos_token_id": 2,
  "head_dim": 128,
  "hidden_act": "silu",
  "hidden_size": 7168,
  "initializer_range": 0.006818968095896705,
  "intermediate_size": 19456,
  "is_lora": false,
  "max_position_embeddings": 4096,
  "max_sequence_length": 4096,
  "mlp_bias": false,
  "model_type": "llama",
  "moe_group_origin": "dummy",
  "moe_rank": 0,
  "moe_router_bias_update_rate": 0.0,
  "moe_world_size": 1,
  "num_attention_heads": 56,
  "num_hidden_layers": 80,
  "num_key_value_heads": 56,
  "pad_token_id": 0,
  "paddleformers_version": "1.1.0.post20260417",
  "pipeline_model_parallel_size": 2,
  "pp_seg_method": "layer:DecoderLayer|EmptyLayer",
  "pretraining_tp": 2,
  "recompute_granularity": "full",
  "recompute_method": "uniform",
  "recompute_num_layers": 1,
  "rms_norm_eps": 1e-05,
  "rope_parameters": {
    "rope_theta": 10000.0,
    "rope_type": "default"
  },
  "rope_scaling": null,
  "rope_theta": 10000.0,
  "seq_length": 4096,
  "tensor_model_parallel_size": 8,
  "tie_word_embeddings": false,
  "torch_dtype": "float32",
  "use_cache": true,
  "use_fast_layer_norm": false,
  "vocab_size": 32000
}
, layer_idx=18)
[2026-04-17 13:39:03,746] [    INFO] pp_layers.py:900 - 15: DecoderLayerPipe(config=LlamaConfig {
  "_name_or_path": "./models/Llama-2-52B",
  "architectures": [
    "LlamaForCausalLM"
  ],
  "attention_bias": false,
  "attention_dropout": 0.0,
  "bos_token_id": 1,
  "enable_auto_parallel": false,
  "eos_token_id": 2,
  "head_dim": 128,
  "hidden_act": "silu",
  "hidden_size": 7168,
  "initializer_range": 0.006818968095896705,
  "intermediate_size": 19456,
  "is_lora": false,
  "max_position_embeddings": 4096,
  "max_sequence_length": 4096,
  "mlp_bias": false,
  "model_type": "llama",
  "moe_group_origin": "dummy",
  "moe_rank": 0,
  "moe_router_bias_update_rate": 0.0,
  "moe_world_size": 1,
  "num_attention_heads": 56,
  "num_hidden_layers": 80,
  "num_key_value_heads": 56,
  "pad_token_id": 0,
  "paddleformers_version": "1.1.0.post20260417",
  "pipeline_model_parallel_size": 2,
  "pp_seg_method": "layer:DecoderLayer|EmptyLayer",
  "pretraining_tp": 2,
  "recompute_granularity": "full",
  "recompute_method": "uniform",
  "recompute_num_layers": 1,
  "rms_norm_eps": 1e-05,
  "rope_parameters": {
    "rope_theta": 10000.0,
    "rope_type": "default"
  },
  "rope_scaling": null,
  "rope_theta": 10000.0,
  "seq_length": 4096,
  "tensor_model_parallel_size": 8,
  "tie_word_embeddings": false,
  "torch_dtype": "float32",
  "use_cache": true,
  "use_fast_layer_norm": false,
  "vocab_size": 32000
}
, layer_idx=14)
[2026-04-17 13:39:03,749] [    INFO] pp_layers.py:900 - 20: DecoderLayerPipe(config=LlamaConfig {
  "_name_or_path": "./models/Llama-2-52B",
  "architectures": [
    "LlamaForCausalLM"
  ],
}
, layer_idx=9)
[2026-04-17 13:39:03,691] [    INFO] pp_layers.py:900 - 6: DecoderLayerPipe(config=LlamaConfig {
  "_name_or_path": "./models/Llama-2-52B",
  "architectures": [
    "LlamaForCausalLM"
  ],
  "attention_bias": false,
  "attention_dropout": 0.0,
  "bos_token_id": 1,
  "enable_auto_parallel": false,
  "eos_token_id": 2,
  "head_dim": 128,
  "hidden_act": "silu",
  "hidden_size": 7168,
  "initializer_range": 0.006818968095896705,
  "intermediate_size": 19456,
  "is_lora": false,
  "max_position_embeddings": 4096,
  "max_sequence_length": 4096,
  "mlp_bias": false,
  "model_type": "llama",
  "moe_group_origin": "dummy",
  "moe_rank": 0,
  "moe_router_bias_update_rate": 0.0,
  "moe_world_size": 1,
  "num_attention_heads": 56,
  "num_hidden_layers": 80,
  "num_key_value_heads": 56,
  "pad_token_id": 0,
  "paddleformers_version": "1.1.0.post20260417",
  "pipeline_model_parallel_size": 2,
  "pp_seg_method": "layer:DecoderLayer|EmptyLayer",
  "pretraining_tp": 2,
  "recompute_granularity": "full",
  "recompute_method": "uniform",
  "recompute_num_layers": 1,
  "rms_norm_eps": 1e-05,
  "rope_parameters": {
    "rope_theta": 10000.0,
    "rope_type": "default"
  },
  "rope_scaling": null,
  "rope_theta": 10000.0,
  "seq_length": 4096,
  "tensor_model_parallel_size": 8,
  "tie_word_embeddings": false,
  "torch_dtype": "float32",
  "use_cache": true,
  "use_fast_layer_norm": false,
  "vocab_size": 32000
}
, layer_idx=5)
[2026-04-17 13:39:03,692] [    INFO] pp_layers.py:900 - 11: DecoderLayerPipe(config=LlamaConfig {
  "_name_or_path": "./models/Llama-2-52B",
  "architectures": [
    "LlamaForCausalLM"
  ],
  "attention_bias": false,
  "attention_dropout": 0.0,
  "bos_token_id": 1,
  "enable_auto_parallel": false,
  "eos_token_id": 2,
  "head_dim": 128,
  "hidden_act": "silu",
  "hidden_size": 7168,
  "initializer_range": 0.006818968095896705,
  "intermediate_size": 19456,
  "is_lora": false,
  "max_position_embeddings": 4096,
  "max_sequence_length": 4096,
  "mlp_bias": false,
  "model_type": "llama",
  "moe_group_origin": "dummy",
  "moe_rank": 0,
  "moe_router_bias_update_rate": 0.0,
  "moe_world_size": 1,
  "num_attention_heads": 56,
  "num_hidden_layers": 80,
  "num_key_value_heads": 56,
  "pad_token_id": 0,
  "paddleformers_version": "1.1.0.post20260417",
  "pipeline_model_parallel_size": 2,
  "pp_seg_method": "layer:DecoderLayer|EmptyLayer",
  "pretraining_tp": 2,
  "recompute_granularity": "full",
  "recompute_method": "uniform",
  "recompute_num_layers": 1,
  "rms_norm_eps": 1e-05,
  "rope_parameters": {
    "rope_theta": 10000.0,
    "rope_type": "default"
  },
  "rope_scaling": null,
  "rope_theta": 10000.0,
  "seq_length": 4096,
  "tensor_model_parallel_size": 8,
  "tie_word_embeddings": false,
  "torch_dtype": "float32",
  "use_cache": true,
  "use_fast_layer_norm": false,
  "vocab_size": 32000
}
, layer_idx=10)
[2026-04-17 13:39:03,697] [    INFO] pp_layers.py:900 - 7: DecoderLayerPipe(config=LlamaConfig {
  "_name_or_path": "./models/Llama-2-52B",
  "architectures": [
    "LlamaForCausalLM"
  ],
  "attention_bias": false,
  "attention_dropout": 0.0,
  "bos_token_id": 1,
  "enable_auto_parallel": false,
  "eos_token_id": 2,
  "head_dim": 128,
  "hidden_act": "silu",
  "hidden_size": 7168,
  "initializer_range": 0.006818968095896705,
  "intermediate_size": 19456,
  "is_lora": false,
  "max_position_embeddings": 4096,
  "max_sequence_length": 4096,
  "mlp_bias": false,
  "model_type": "llama",
  "moe_group_origin": "dummy",
  "moe_rank": 0,
  "moe_router_bias_update_rate": 0.0,
  "moe_world_size": 1,
  "num_attention_heads": 56,
  "num_hidden_layers": 80,
  "num_key_value_heads": 56,
  "pad_token_id": 0,
  "paddleformers_version": "1.1.0.post20260417",
  "pipeline_model_parallel_size": 2,
  "pp_seg_method": "layer:DecoderLayer|EmptyLayer",
  "pretraining_tp": 2,
  "recompute_granularity": "full",
  "recompute_method": "uniform",
  "recompute_num_layers": 1,
  "rms_norm_eps": 1e-05,
  "rope_parameters": {
    "rope_theta": 10000.0,
    "rope_type": "default"
  },
  "rope_scaling": null,
  "rope_theta": 10000.0,
  "seq_length": 4096,
  "tensor_model_parallel_size": 8,
  "tie_word_embeddings": false,
  "torch_dtype": "float32",
  "use_cache": true,
  "use_fast_layer_norm": false,
  "vocab_size": 32000
}
, layer_idx=6)
[2026-04-17 13:39:03,699] [    INFO] pp_layers.py:900 - 12: DecoderLayerPipe(config=LlamaConfig {
  "_name_or_path": "./models/Llama-2-52B",
  "architectures": [
    "LlamaForCausalLM"
  ],
  "attention_bias": false,
  "attention_dropout": 0.0,
  "bos_token_id": 1,
  "enable_auto_parallel": false,
  "eos_token_id": 2,
  "head_dim": 128,
  "hidden_act": "silu",
  "hidden_size": 7168,
  "initializer_range": 0.006818968095896705,
  "intermediate_size": 19456,
  "is_lora": false,
  "max_position_embeddings": 4096,
  "max_sequence_length": 4096,
  "mlp_bias": false,
  "model_type": "llama",
  "moe_group_origin": "dummy",
  "moe_rank": 0,
  "moe_router_bias_update_rate": 0.0,
  "moe_world_size": 1,
  "num_attention_heads": 56,
  "num_hidden_layers": 80,
  "num_key_value_heads": 56,
  "pad_token_id": 0,
  "paddleformers_version": "1.1.0.post20260417",
  "pipeline_model_parallel_size": 2,
  "pp_seg_method": "layer:DecoderLayer|EmptyLayer",
  "pretraining_tp": 2,
  "recompute_granularity": "full",
  "recompute_method": "uniform",
  "recompute_num_layers": 1,
  "rms_norm_eps": 1e-05,
  "rope_parameters": {
    "rope_theta": 10000.0,
    "rope_type": "default"
  },
  "rope_scaling": null,
  "rope_theta": 10000.0,
  "seq_length": 4096,
  "tensor_model_parallel_size": 8,
  "tie_word_embeddings": false,
  "torch_dtype": "float32",
  "use_cache": true,
  "use_fast_layer_norm": false,
  "vocab_size": 32000
}
, layer_idx=11)
[2026-04-17 13:39:03,704] [    INFO] pp_layers.py:900 - 8: DecoderLayerPipe(config=LlamaConfig {
  "_name_or_path": "./models/Llama-2-52B",
  "architectures": [
    "LlamaForCausalLM"
  ],
  "attention_bias": false,
  "attention_dropout": 0.0,
  "bos_token_id": 1,
  "enable_auto_parallel": false,
  "eos_token_id": 2,
  "head_dim": 128,
  "hidden_act": "silu",
  "hidden_size": 7168,
  "initializer_range": 0.006818968095896705,
  "intermediate_size": 19456,
  "is_lora": false,
  "max_position_embeddings": 4096,
  "max_sequence_length": 4096,
  "mlp_bias": false,
  "model_type": "llama",
  "moe_group_origin": "dummy",
  "moe_rank": 0,
  "moe_router_bias_update_rate": 0.0,
  "moe_world_size": 1,
  "num_attention_heads": 56,
  "num_hidden_layers": 80,
  "num_key_value_heads": 56,
  "pad_token_id": 0,
  "paddleformers_version": "1.1.0.post20260417",
  "pipeline_model_parallel_size": 2,
  "pp_seg_method": "layer:DecoderLayer|EmptyLayer",
  "pretraining_tp": 2,
  "recompute_granularity": "full",
  "recompute_method": "uniform",
  "recompute_num_layers": 1,
  "rms_norm_eps": 1e-05,
  "rope_parameters": {
    "rope_theta": 10000.0,
    "rope_type": "default"
  },
  "rope_scaling": null,
  "rope_theta": 10000.0,
  "seq_length": 4096,
  "tensor_model_parallel_size": 8,
  "tie_word_embeddings": false,
  "torch_dtype": "float32",
  "use_cache": true,
  "use_fast_layer_norm": false,
  "vocab_size": 32000
}
, layer_idx=7)
[2026-04-17 13:39:03,707] [    INFO] pp_layers.py:900 - 13: DecoderLayerPipe(config=LlamaConfig {
  "_name_or_path": "./models/Llama-2-52B",
  "architectures": [
    "LlamaForCausalLM"
  ],
  "attention_bias": false,
  "attention_dropout": 0.0,
  "bos_token_id": 1,
  "enable_auto_parallel": false,
  "eos_token_id": 2,
  "head_dim": 128,
  "hidden_act": "silu",
  "hidden_size": 7168,
  "initializer_range": 0.006818968095896705,
  "intermediate_size": 19456,
  "is_lora": false,
  "max_position_embeddings": 4096,
  "max_sequence_length": 4096,
  "mlp_bias": false,
  "model_type": "llama",
  "moe_group_origin": "dummy",
  "moe_rank": 0,
  "moe_router_bias_update_rate": 0.0,
  "moe_world_size": 1,
  "num_attention_heads": 56,
  "num_hidden_layers": 80,
  "num_key_value_heads": 56,
  "pad_token_id": 0,
  "paddleformers_version": "1.1.0.post20260417",
  "pipeline_model_parallel_size": 2,
  "pp_seg_method": "layer:DecoderLayer|EmptyLayer",
  "pretraining_tp": 2,
  "recompute_granularity": "full",
  "recompute_method": "uniform",
  "recompute_num_layers": 1,
  "rms_norm_eps": 1e-05,
  "rope_parameters": {
    "rope_theta": 10000.0,
    "rope_type": "default"
  },
  "rope_scaling": null,
  "rope_theta": 10000.0,
  "seq_length": 4096,
  "tensor_model_parallel_size": 8,
  "tie_word_embeddings": false,
  "torch_dtype": "float32",
  "use_cache": true,
  "use_fast_layer_norm": false,
  "vocab_size": 32000
}
, layer_idx=12)
[2026-04-17 13:39:03,709] [    INFO] pp_layers.py:900 - 9: DecoderLayerPipe(config=LlamaConfig {
  "_name_or_path": "./models/Llama-2-52B",
  "architectures": [
    "LlamaForCausalLM"
  ],
  "attention_bias": false,
  "attention_dropout": 0.0,
  "bos_token_id": 1,
  "enable_auto_parallel": false,
  "eos_token_id": 2,
  "head_dim": 128,
  "hidden_act": "silu",
  "hidden_size": 7168,
  "initializer_range": 0.006818968095896705,
  "intermediate_size": 19456,
  "is_lora": false,
  "max_position_embeddings": 4096,
  "max_sequence_length": 4096,
  "mlp_bias": false,
  "model_type": "llama",
  "moe_group_origin": "dummy",
  "moe_rank": 0,
  "moe_router_bias_update_rate": 0.0,
  "moe_world_size": 1,
  "num_attention_heads": 56,
  "num_hidden_layers": 80,
  "num_key_value_heads": 56,
  "pad_token_id": 0,
  "paddleformers_version": "1.1.0.post20260417",
  "pipeline_model_parallel_size": 2,
  "pp_seg_method": "layer:DecoderLayer|EmptyLayer",
  "pretraining_tp": 2,
  "recompute_granularity": "full",
  "recompute_method": "uniform",
  "recompute_num_layers": 1,
  "rms_norm_eps": 1e-05,
  "rope_parameters": {
    "rope_theta": 10000.0,
    "rope_type": "default"
  },
  "rope_scaling": null,
  "rope_theta": 10000.0,
  "seq_length": 4096,
  "tensor_model_parallel_size": 8,
  "tie_word_embeddings": false,
  "torch_dtype": "float32",
  "use_cache": true,
  "use_fast_layer_norm": false,
  "vocab_size": 32000
}
, layer_idx=8)
[2026-04-17 13:39:03,713] [    INFO] pp_layers.py:900 - 14: DecoderLayerPipe(config=LlamaConfig {
  "_name_or_path": "./models/Llama-2-52B",
  "architectures": [
    "LlamaForCausalLM"
  ],
  "attention_bias": false,
  "attention_dropout": 0.0,
  "bos_token_id": 1,
  "enable_auto_parallel": false,
  "eos_token_id": 2,
  "head_dim": 128,
  "hidden_act": "silu",
  "hidden_size": 7168,
  "initializer_range": 0.006818968095896705,
  "intermediate_size": 19456,
  "is_lora": false,
  "max_position_embeddings": 4096,
  "max_sequence_length": 4096,
  "mlp_bias": false,
  "model_type": "llama",
  "moe_group_origin": "dummy",
  "moe_rank": 0,
  "moe_router_bias_update_rate": 0.0,
  "moe_world_size": 1,
  "num_attention_heads": 56,
  "num_hidden_layers": 80,
  "num_key_value_heads": 56,
  "pad_token_id": 0,
  "paddleformers_version": "1.1.0.post20260417",
  "pipeline_model_parallel_size": 2,
  "pp_seg_method": "layer:DecoderLayer|EmptyLayer",
  "pretraining_tp": 2,
  "recompute_granularity": "full",
  "recompute_method": "uniform",
  "recompute_num_layers": 1,
  "rms_norm_eps": 1e-05,
  "rope_parameters": {
    "rope_theta": 10000.0,
    "rope_type": "default"
  },
  "rope_scaling": null,
  "rope_theta": 10000.0,
  "seq_length": 4096,
  "tensor_model_parallel_size": 8,
  "tie_word_embeddings": false,
  "torch_dtype": "float32",
  "use_cache": true,
  "use_fast_layer_norm": false,
  "vocab_size": 32000
}
, layer_idx=13)
[2026-04-17 13:39:03,717] [    INFO] pp_layers.py:900 - 10: DecoderLayerPipe(config=LlamaConfig {
  "_name_or_path": "./models/Llama-2-52B",
  "architectures": [
    "LlamaForCausalLM"
  ],
  "attention_bias": false,
  "attention_dropout": 0.0,
  "bos_token_id": 1,
  "enable_auto_parallel": false,
  "eos_token_id": 2,
  "head_dim": 128,
  "hidden_act": "silu",
  "hidden_size": 7168,
  "initializer_range": 0.006818968095896705,
  "intermediate_size": 19456,
  "is_lora": false,
  "max_position_embeddings": 4096,
  "max_sequence_length": 4096,
  "mlp_bias": false,
  "model_type": "llama",
  "moe_group_origin": "dummy",
  "moe_rank": 0,
  "moe_router_bias_update_rate": 0.0,
  "moe_world_size": 1,
  "num_attention_heads": 56,
  "num_hidden_layers": 80,
  "num_key_value_heads": 56,
  "pad_token_id": 0,
  "paddleformers_version": "1.1.0.post20260417",
  "pipeline_model_parallel_size": 2,
  "pp_seg_method": "layer:DecoderLayer|EmptyLayer",
  "pretraining_tp": 2,
  "recompute_granularity": "full",
  "recompute_method": "uniform",
  "recompute_num_layers": 1,
  "rms_norm_eps": 1e-05,
  "rope_parameters": {
    "rope_theta": 10000.0,
    "rope_type": "default"
  },
  "rope_scaling": null,
  "rope_theta": 10000.0,
  "seq_length": 4096,
  "tensor_model_parallel_size": 8,
  "tie_word_embeddings": false,
  "torch_dtype": "float32",
  "use_cache": true,
  "use_fast_layer_norm": false,
  "vocab_size": 32000
}
, layer_idx=9)
[2026-04-17 13:39:03,718] [    INFO] pp_layers.py:900 - 15: DecoderLayerPipe(config=LlamaConfig {
  "_name_or_path": "./models/Llama-2-52B",
  "architectures": [
    "LlamaForCausalLM"
  ],
  "attention_bias": false,
  "attention_dropout": 0.0,
  "bos_token_id": 1,
  "enable_auto_parallel": false,
  "eos_token_id": 2,
  "head_dim": 128,
  "hidden_act": "silu",
  "hidden_size": 7168,
  "initializer_range": 0.006818968095896705,
  "intermediate_size": 19456,
  "is_lora": false,
  "max_position_embeddings": 4096,
  "max_sequence_length": 4096,
  "mlp_bias": false,
  "model_type": "llama",
  "moe_group_origin": "dummy",
  "moe_rank": 0,
  "moe_router_bias_update_rate": 0.0,
  "moe_world_size": 1,
  "num_attention_heads": 56,
  "num_hidden_layers": 80,
  "num_key_value_heads": 56,
  "pad_token_id": 0,
  "paddleformers_version": "1.1.0.post20260417",
  "pipeline_model_parallel_size": 2,
  "pp_seg_method": "layer:DecoderLayer|EmptyLayer",
  "pretraining_tp": 2,
  "recompute_granularity": "full",
  "recompute_method": "uniform",
  "recompute_num_layers": 1,
  "rms_norm_eps": 1e-05,
  "rope_parameters": {
    "rope_theta": 10000.0,
    "rope_type": "default"
  },
  "rope_scaling": null,
  "rope_theta": 10000.0,
  "seq_length": 4096,
  "tensor_model_parallel_size": 8,
  "tie_word_embeddings": false,
  "torch_dtype": "float32",
  "use_cache": true,
  "use_fast_layer_norm": false,
  "vocab_size": 32000
}
, layer_idx=14)
[2026-04-17 13:39:03,724] [    INFO] pp_layers.py:900 - 11: DecoderLayerPipe(config=LlamaConfig {
  "_name_or_path": "./models/Llama-2-52B",
  "architectures": [
    "LlamaForCausalLM"
  ],
  "attention_bias": false,
  "attention_dropout": 0.0,
  "bos_token_id": 1,
  "enable_auto_parallel": false,
  "eos_token_id": 2,
  "head_dim": 128,
  "hidden_act": "silu",
  "hidden_size": 7168,
  "initializer_range": 0.006818968095896705,
  "intermediate_size": 19456,
  "is_lora": false,
  "max_position_embeddings": 4096,
  "max_sequence_length": 4096,
  "mlp_bias": false,
  "model_type": "llama",
  "moe_group_origin": "dummy",
  "moe_rank": 0,
  "moe_router_bias_update_rate": 0.0,
  "moe_world_size": 1,
  "num_attention_heads": 56,
  "num_hidden_layers": 80,
  "num_key_value_heads": 56,
  "pad_token_id": 0,
  "paddleformers_version": "1.1.0.post20260417",
  "pipeline_model_parallel_size": 2,
  "pp_seg_method": "layer:DecoderLayer|EmptyLayer",
  "pretraining_tp": 2,
  "recompute_granularity": "full",
  "recompute_method": "uniform",
  "recompute_num_layers": 1,
  "rms_norm_eps": 1e-05,
  "rope_parameters": {
    "rope_theta": 10000.0,
    "rope_type": "default"
  },
  "rope_scaling": null,
  "rope_theta": 10000.0,
  "seq_length": 4096,
  "tensor_model_parallel_size": 8,
  "tie_word_embeddings": false,
  "torch_dtype": "float32",
  "use_cache": true,
  "use_fast_layer_norm": false,
  "vocab_size": 32000
}
, layer_idx=10)
[2026-04-17 13:39:03,725] [    INFO] pp_layers.py:900 - 16: DecoderLayerPipe(config=LlamaConfig {
  "_name_or_path": "./models/Llama-2-52B",
  "architectures": [
    "LlamaForCausalLM"
  ],
  "attention_bias": false,
  "attention_dropout": 0.0,
  "bos_token_id": 1,
  "enable_auto_parallel": false,
  "eos_token_id": 2,
  "head_dim": 128,
  "hidden_act": "silu",
  "hidden_size": 7168,
  "initializer_range": 0.006818968095896705,
  "intermediate_size": 19456,
  "is_lora": false,
  "max_position_embeddings": 4096,
  "max_sequence_length": 4096,
  "mlp_bias": false,
  "model_type": "llama",
  "moe_group_origin": "dummy",
  "moe_rank": 0,
  "moe_router_bias_update_rate": 0.0,
  "moe_world_size": 1,
  "num_attention_heads": 56,
  "num_hidden_layers": 80,
  "num_key_value_heads": 56,
  "pad_token_id": 0,
  "paddleformers_version": "1.1.0.post20260417",
  "pipeline_model_parallel_size": 2,
  "pp_seg_method": "layer:DecoderLayer|EmptyLayer",
  "pretraining_tp": 2,
  "recompute_granularity": "full",
  "recompute_method": "uniform",
  "recompute_num_layers": 1,
  "rms_norm_eps": 1e-05,
  "rope_parameters": {
    "rope_theta": 10000.0,
    "rope_type": "default"
  },
  "rope_scaling": null,
  "rope_theta": 10000.0,
  "seq_length": 4096,
  "tensor_model_parallel_size": 8,
  "tie_word_embeddings": false,
  "torch_dtype": "float32",
  "use_cache": true,
  "use_fast_layer_norm": false,
  "vocab_size": 32000
}
, layer_idx=15)
[2026-04-17 13:39:03,729] [    INFO] pp_layers.py:900 - 12: DecoderLayerPipe(config=LlamaConfig {
  "_name_or_path": "./models/Llama-2-52B",
  "architectures": [
    "LlamaForCausalLM"
  ],
  "attention_bias": false,
  "attention_dropout": 0.0,
  "bos_token_id": 1,
  "enable_auto_parallel": false,
  "eos_token_id": 2,
  "head_dim": 128,
  "hidden_act": "silu",
  "hidden_size": 7168,
  "initializer_range": 0.006818968095896705,
  "intermediate_size": 19456,
  "is_lora": false,
  "max_position_embeddings": 4096,
  "max_sequence_length": 4096,
  "mlp_bias": false,
  "model_type": "llama",
  "moe_group_origin": "dummy",
  "moe_rank": 0,
  "moe_router_bias_update_rate": 0.0,
  "moe_world_size": 1,
  "num_attention_heads": 56,
  "num_hidden_layers": 80,
  "num_key_value_heads": 56,
  "pad_token_id": 0,
  "paddleformers_version": "1.1.0.post20260417",
  "pipeline_model_parallel_size": 2,
  "pp_seg_method": "layer:DecoderLayer|EmptyLayer",
  "pretraining_tp": 2,
  "recompute_granularity": "full",
  "recompute_method": "uniform",
  "recompute_num_layers": 1,
  "rms_norm_eps": 1e-05,
  "rope_parameters": {
    "rope_theta": 10000.0,
    "rope_type": "default"
  },
  "rope_scaling": null,
  "rope_theta": 10000.0,
  "seq_length": 4096,
  "tensor_model_parallel_size": 8,
  "tie_word_embeddings": false,
  "torch_dtype": "float32",
  "use_cache": true,
  "use_fast_layer_norm": false,
  "vocab_size": 32000
}
, layer_idx=11)
[2026-04-17 13:39:03,732] [    INFO] pp_layers.py:900 - 17: DecoderLayerPipe(config=LlamaConfig {
  "_name_or_path": "./models/Llama-2-52B",
  "architectures": [
    "LlamaForCausalLM"
  ],
  "attention_bias": false,
  "attention_dropout": 0.0,
  "bos_token_id": 1,
  "enable_auto_parallel": false,
  "eos_token_id": 2,
  "head_dim": 128,
  "hidden_act": "silu",
  "hidden_size": 7168,
  "initializer_range": 0.006818968095896705,
  "intermediate_size": 19456,
  "is_lora": false,
  "max_position_embeddings": 4096,
  "max_sequence_length": 4096,
  "mlp_bias": false,
  "model_type": "llama",
  "moe_group_origin": "dummy",
  "moe_rank": 0,
  "moe_router_bias_update_rate": 0.0,
  "moe_world_size": 1,
  "num_attention_heads": 56,
  "num_hidden_layers": 80,
  "num_key_value_heads": 56,
  "pad_token_id": 0,
  "paddleformers_version": "1.1.0.post20260417",
  "pipeline_model_parallel_size": 2,
  "pp_seg_method": "layer:DecoderLayer|EmptyLayer",
  "pretraining_tp": 2,
  "recompute_granularity": "full",
  "recompute_method": "uniform",
  "recompute_num_layers": 1,
  "rms_norm_eps": 1e-05,
  "rope_parameters": {
    "rope_theta": 10000.0,
    "rope_type": "default"
  },
  "rope_scaling": null,
  "rope_theta": 10000.0,
  "seq_length": 4096,
  "tensor_model_parallel_size": 8,
  "tie_word_embeddings": false,
  "torch_dtype": "float32",
  "use_cache": true,
  "use_fast_layer_norm": false,
  "vocab_size": 32000
}
, layer_idx=16)
[2026-04-17 13:39:03,735] [    INFO] pp_layers.py:900 - 13: DecoderLayerPipe(config=LlamaConfig {
  "_name_or_path": "./models/Llama-2-52B",
  "architectures": [
    "LlamaForCausalLM"
  ],
  "attention_bias": false,
  "attention_dropout": 0.0,
  "bos_token_id": 1,
  "enable_auto_parallel": false,
  "eos_token_id": 2,
  "head_dim": 128,
  "hidden_act": "silu",
  "hidden_size": 7168,
  "initializer_range": 0.006818968095896705,
  "intermediate_size": 19456,
  "is_lora": false,
  "max_position_embeddings": 4096,
  "max_sequence_length": 4096,
  "mlp_bias": false,
  "model_type": "llama",
  "moe_group_origin": "dummy",
  "moe_rank": 0,
  "moe_router_bias_update_rate": 0.0,
  "moe_world_size": 1,
  "num_attention_heads": 56,
  "num_hidden_layers": 80,
  "num_key_value_heads": 56,
  "pad_token_id": 0,
  "paddleformers_version": "1.1.0.post20260417",
  "pipeline_model_parallel_size": 2,
  "pp_seg_method": "layer:DecoderLayer|EmptyLayer",
  "pretraining_tp": 2,
  "recompute_granularity": "full",
  "recompute_method": "uniform",
  "recompute_num_layers": 1,
  "rms_norm_eps": 1e-05,
  "rope_parameters": {
    "rope_theta": 10000.0,
    "rope_type": "default"
  },
  "rope_scaling": null,
  "rope_theta": 10000.0,
  "seq_length": 4096,
  "tensor_model_parallel_size": 8,
  "tie_word_embeddings": false,
  "torch_dtype": "float32",
  "use_cache": true,
  "use_fast_layer_norm": false,
  "vocab_size": 32000
}
, layer_idx=12)
[2026-04-17 13:39:03,737] [    INFO] pp_layers.py:900 - 18: DecoderLayerPipe(config=LlamaConfig {
  "_name_or_path": "./models/Llama-2-52B",
  "architectures": [
    "LlamaForCausalLM"
  ],
  "attention_bias": false,
  "attention_dropout": 0.0,
  "bos_token_id": 1,
  "enable_auto_parallel": false,
  "eos_token_id": 2,
  "head_dim": 128,
  "hidden_act": "silu",
  "hidden_size": 7168,
  "initializer_range": 0.006818968095896705,
  "intermediate_size": 19456,
  "is_lora": false,
  "max_position_embeddings": 4096,
  "max_sequence_length": 4096,
  "mlp_bias": false,
  "model_type": "llama",
  "moe_group_origin": "dummy",
  "moe_rank": 0,
  "moe_router_bias_update_rate": 0.0,
  "moe_world_size": 1,
  "num_attention_heads": 56,
  "num_hidden_layers": 80,
  "num_key_value_heads": 56,
  "pad_token_id": 0,
  "paddleformers_version": "1.1.0.post20260417",
  "pipeline_model_parallel_size": 2,
  "pp_seg_method": "layer:DecoderLayer|EmptyLayer",
  "pretraining_tp": 2,
  "recompute_granularity": "full",
  "recompute_method": "uniform",
  "recompute_num_layers": 1,
  "rms_norm_eps": 1e-05,
  "rope_parameters": {
    "rope_theta": 10000.0,
    "rope_type": "default"
  },
  "rope_scaling": null,
  "rope_theta": 10000.0,
  "seq_length": 4096,
  "tensor_model_parallel_size": 8,
  "tie_word_embeddings": false,
  "torch_dtype": "float32",
  "use_cache": true,
  "use_fast_layer_norm": false,
  "vocab_size": 32000
}
, layer_idx=17)
[2026-04-17 13:39:03,741] [    INFO] pp_layers.py:900 - 14: DecoderLayerPipe(config=LlamaConfig {
  "_name_or_path": "./models/Llama-2-52B",
  "architectures": [
    "LlamaForCausalLM"
  ],
  "attention_bias": false,
  "attention_dropout": 0.0,
  "bos_token_id": 1,
  "enable_auto_parallel": false,
  "eos_token_id": 2,
  "head_dim": 128,
  "hidden_act": "silu",
  "hidden_size": 7168,
  "initializer_range": 0.006818968095896705,
  "intermediate_size": 19456,
  "is_lora": false,
  "max_position_embeddings": 4096,
  "max_sequence_length": 4096,
  "mlp_bias": false,
  "model_type": "llama",
  "moe_group_origin": "dummy",
  "moe_rank": 0,
  "moe_router_bias_update_rate": 0.0,
  "moe_world_size": 1,
  "num_attention_heads": 56,
  "num_hidden_layers": 80,
  "num_key_value_heads": 56,
  "pad_token_id": 0,
  "paddleformers_version": "1.1.0.post20260417",
  "pipeline_model_parallel_size": 2,
  "pp_seg_method": "layer:DecoderLayer|EmptyLayer",
  "pretraining_tp": 2,
  "recompute_granularity": "full",
  "recompute_method": "uniform",
  "recompute_num_layers": 1,
  "rms_norm_eps": 1e-05,
  "rope_parameters": {
    "rope_theta": 10000.0,
    "rope_type": "default"
  },
  "rope_scaling": null,
  "rope_theta": 10000.0,
  "seq_length": 4096,
  "tensor_model_parallel_size": 8,
  "tie_word_embeddings": false,
  "torch_dtype": "float32",
  "use_cache": true,
  "use_fast_layer_norm": false,
  "vocab_size": 32000
}
, layer_idx=13)
[2026-04-17 13:39:03,743] [    INFO] pp_layers.py:900 - 19: DecoderLayerPipe(config=LlamaConfig {
  "_name_or_path": "./models/Llama-2-52B",
  "architectures": [
    "LlamaForCausalLM"
  ],
  "attention_bias": false,
  "attention_dropout": 0.0,
  "bos_token_id": 1,
  "enable_auto_parallel": false,
  "eos_token_id": 2,
  "head_dim": 128,
  "hidden_act": "silu",
  "hidden_size": 7168,
  "initializer_range": 0.006818968095896705,
  "intermediate_size": 19456,
  "is_lora": false,
  "max_position_embeddings": 4096,
  "max_sequence_length": 4096,
  "mlp_bias": false,
  "model_type": "llama",
  "moe_group_origin": "dummy",
  "moe_rank": 0,
  "moe_router_bias_update_rate": 0.0,
  "moe_world_size": 1,
  "num_attention_heads": 56,
  "num_hidden_layers": 80,
  "num_key_value_heads": 56,
  "pad_token_id": 0,
  "paddleformers_version": "1.1.0.post20260417",
  "pipeline_model_parallel_size": 2,
  "pp_seg_method": "layer:DecoderLayer|EmptyLayer",
  "pretraining_tp": 2,
  "recompute_granularity": "full",
  "recompute_method": "uniform",
  "recompute_num_layers": 1,
  "rms_norm_eps": 1e-05,
  "rope_parameters": {
    "rope_theta": 10000.0,
    "rope_type": "default"
  },
  "rope_scaling": null,
  "rope_theta": 10000.0,
  "seq_length": 4096,
  "tensor_model_parallel_size": 8,
  "tie_word_embeddings": false,
  "torch_dtype": "float32",
  "use_cache": true,
  "use_fast_layer_norm": false,
  "vocab_size": 32000
}
, layer_idx=18)
[2026-04-17 13:39:03,746] [    INFO] pp_layers.py:900 - 15: DecoderLayerPipe(config=LlamaConfig {
  "_name_or_path": "./models/Llama-2-52B",
  "architectures": [
    "LlamaForCausalLM"
  ],
  "attention_bias": false,
  "attention_dropout": 0.0,
  "bos_token_id": 1,
  "enable_auto_parallel": false,
  "eos_token_id": 2,
  "head_dim": 128,
  "hidden_act": "silu",
  "hidden_size": 7168,
  "initializer_range": 0.006818968095896705,
  "intermediate_size": 19456,
  "is_lora": false,
  "max_position_embeddings": 4096,
  "max_sequence_length": 4096,
  "mlp_bias": false,
  "model_type": "llama",
  "moe_group_origin": "dummy",
  "moe_rank": 0,
  "moe_router_bias_update_rate": 0.0,
  "moe_world_size": 1,
  "num_attention_heads": 56,
  "num_hidden_layers": 80,
  "num_key_value_heads": 56,
  "pad_token_id": 0,
  "paddleformers_version": "1.1.0.post20260417",
  "pipeline_model_parallel_size": 2,
  "pp_seg_method": "layer:DecoderLayer|EmptyLayer",
  "pretraining_tp": 2,
  "recompute_granularity": "full",
  "recompute_method": "uniform",
  "recompute_num_layers": 1,
  "rms_norm_eps": 1e-05,
  "rope_parameters": {
    "rope_theta": 10000.0,
    "rope_type": "default"
  },
  "rope_scaling": null,
  "rope_theta": 10000.0,
  "seq_length": 4096,
  "tensor_model_parallel_size": 8,
  "tie_word_embeddings": false,
  "torch_dtype": "float32",
  "use_cache": true,
  "use_fast_layer_norm": false,
  "vocab_size": 32000
}
, layer_idx=14)
[2026-04-17 13:39:03,749] [    INFO] pp_layers.py:900 - 20: DecoderLayerPipe(config=LlamaConfig {
  "_name_or_path": "./models/Llama-2-52B",
  "architectures": [
    "LlamaForCausalLM"
  ],
  "attention_bias": false,
  "attention_dropout": 0.0,
  "bos_token_id": 1,
  "enable_auto_parallel": false,
  "eos_token_id": 2,
  "head_dim": 128,
  "hidden_act": "silu",
  "hidden_size": 7168,
  "initializer_range": 0.006818968095896705,
  "intermediate_size": 19456,
  "is_lora": false,
  "max_position_embeddings": 4096,
  "max_sequence_length": 4096,
  "mlp_bias": false,
  "model_type": "llama",
  "moe_group_origin": "dummy",
  "moe_rank": 0,
  "moe_router_bias_update_rate": 0.0,
  "moe_world_size": 1,
  "num_attention_heads": 56,
  "num_hidden_layers": 80,
  "num_key_value_heads": 56,
  "pad_token_id": 0,
  "paddleformers_version": "1.1.0.post20260417",
  "attention_bias": false,
  "attention_dropout": 0.0,
  "bos_token_id": 1,
  "enable_auto_parallel": false,
  "eos_token_id": 2,
  "head_dim": 128,
  "hidden_act": "silu",
  "hidden_size": 7168,
  "initializer_range": 0.006818968095896705,
  "intermediate_size": 19456,
  "is_lora": false,
  "max_position_embeddings": 4096,
  "max_sequence_length": 4096,
  "mlp_bias": false,
  "model_type": "llama",
  "moe_group_origin": "dummy",
  "moe_rank": 0,
  "moe_router_bias_update_rate": 0.0,
  "moe_world_size": 1,
  "num_attention_heads": 56,
  "num_hidden_layers": 80,
  "num_key_value_heads": 56,
  "pad_token_id": 0,
  "paddleformers_version": "1.1.0.post20260417",
  "pipeline_model_parallel_size": 2,
  "pp_seg_method": "layer:DecoderLayer|EmptyLayer",
  "pretraining_tp": 2,
  "recompute_granularity": "full",
  "recompute_method": "uniform",
  "recompute_num_layers": 1,
  "rms_norm_eps": 1e-05,
  "rope_parameters": {
    "rope_theta": 10000.0,
    "rope_type": "default"
  },
  "rope_scaling": null,
  "rope_theta": 10000.0,
  "seq_length": 4096,
  "tensor_model_parallel_size": 8,
  "tie_word_embeddings": false,
  "torch_dtype": "float32",
  "use_cache": true,
  "use_fast_layer_norm": false,
  "vocab_size": 32000
}
, layer_idx=19)
[2026-04-17 13:39:03,752] [    INFO] pp_layers.py:900 - 16: DecoderLayerPipe(config=LlamaConfig {
  "_name_or_path": "./models/Llama-2-52B",
  "architectures": [
    "LlamaForCausalLM"
  ],
  "attention_bias": false,
  "attention_dropout": 0.0,
  "bos_token_id": 1,
  "enable_auto_parallel": false,
  "eos_token_id": 2,
  "head_dim": 128,
  "hidden_act": "silu",
  "hidden_size": 7168,
  "initializer_range": 0.006818968095896705,
  "intermediate_size": 19456,
  "is_lora": false,
  "max_position_embeddings": 4096,
  "max_sequence_length": 4096,
  "mlp_bias": false,
  "model_type": "llama",
  "moe_group_origin": "dummy",
  "moe_rank": 0,
  "moe_router_bias_update_rate": 0.0,
  "moe_world_size": 1,
  "num_attention_heads": 56,
  "num_hidden_layers": 80,
  "num_key_value_heads": 56,
  "pad_token_id": 0,
  "paddleformers_version": "1.1.0.post20260417",
  "pipeline_model_parallel_size": 2,
  "pp_seg_method": "layer:DecoderLayer|EmptyLayer",
  "pretraining_tp": 2,
  "recompute_granularity": "full",
  "recompute_method": "uniform",
  "recompute_num_layers": 1,
  "rms_norm_eps": 1e-05,
  "rope_parameters": {
    "rope_theta": 10000.0,
    "rope_type": "default"
  },
  "rope_scaling": null,
  "rope_theta": 10000.0,
  "seq_length": 4096,
  "tensor_model_parallel_size": 8,
  "tie_word_embeddings": false,
  "torch_dtype": "float32",
  "use_cache": true,
  "use_fast_layer_norm": false,
  "vocab_size": 32000
}
, layer_idx=15)
[2026-04-17 13:39:03,754] [    INFO] pp_layers.py:900 - 21: DecoderLayerPipe(config=LlamaConfig {
  "_name_or_path": "./models/Llama-2-52B",
  "architectures": [
    "LlamaForCausalLM"
  ],
  "attention_bias": false,
  "attention_dropout": 0.0,
  "bos_token_id": 1,
  "enable_auto_parallel": false,
  "eos_token_id": 2,
  "head_dim": 128,
  "hidden_act": "silu",
  "hidden_size": 7168,
  "initializer_range": 0.006818968095896705,
  "intermediate_size": 19456,
  "is_lora": false,
  "max_position_embeddings": 4096,
  "max_sequence_length": 4096,
  "mlp_bias": false,
  "model_type": "llama",
  "moe_group_origin": "dummy",
  "moe_rank": 0,
  "moe_router_bias_update_rate": 0.0,
  "moe_world_size": 1,
  "num_attention_heads": 56,
  "num_hidden_layers": 80,
  "num_key_value_heads": 56,
  "pad_token_id": 0,
  "paddleformers_version": "1.1.0.post20260417",
  "pipeline_model_parallel_size": 2,
  "pp_seg_method": "layer:DecoderLayer|EmptyLayer",
  "pretraining_tp": 2,
  "recompute_granularity": "full",
  "recompute_method": "uniform",
  "recompute_num_layers": 1,
  "rms_norm_eps": 1e-05,
  "rope_parameters": {
    "rope_theta": 10000.0,
    "rope_type": "default"
  },
  "rope_scaling": null,
  "rope_theta": 10000.0,
  "seq_length": 4096,
  "tensor_model_parallel_size": 8,
  "tie_word_embeddings": false,
  "torch_dtype": "float32",
  "use_cache": true,
  "use_fast_layer_norm": false,
  "vocab_size": 32000
}
, layer_idx=20)
[2026-04-17 13:39:03,790] [    INFO] pp_layers.py:900 - 17: DecoderLayerPipe(config=LlamaConfig {
  "_name_or_path": "./models/Llama-2-52B",
  "architectures": [
    "LlamaForCausalLM"
  ],
  "attention_bias": false,
  "attention_dropout": 0.0,
  "bos_token_id": 1,
  "enable_auto_parallel": false,
  "eos_token_id": 2,
  "head_dim": 128,
  "hidden_act": "silu",
  "hidden_size": 7168,
  "initializer_range": 0.006818968095896705,
  "intermediate_size": 19456,
  "is_lora": false,
  "max_position_embeddings": 4096,
  "max_sequence_length": 4096,
  "mlp_bias": false,
  "model_type": "llama",
  "moe_group_origin": "dummy",
  "moe_rank": 0,
  "moe_router_bias_update_rate": 0.0,
  "moe_world_size": 1,
  "num_attention_heads": 56,
  "num_hidden_layers": 80,
  "num_key_value_heads": 56,
  "pad_token_id": 0,
  "paddleformers_version": "1.1.0.post20260417",
  "pipeline_model_parallel_size": 2,
  "pp_seg_method": "layer:DecoderLayer|EmptyLayer",
  "pretraining_tp": 2,
  "recompute_granularity": "full",
  "recompute_method": "uniform",
  "recompute_num_layers": 1,
  "rms_norm_eps": 1e-05,
  "rope_parameters": {
    "rope_theta": 10000.0,
    "rope_type": "default"
  },
  "rope_scaling": null,
  "rope_theta": 10000.0,
  "seq_length": 4096,
  "tensor_model_parallel_size": 8,
  "tie_word_embeddings": false,
  "torch_dtype": "float32",
  "use_cache": true,
  "use_fast_layer_norm": false,
  "vocab_size": 32000
}
, layer_idx=16)
[2026-04-17 13:39:03,802] [    INFO] pp_layers.py:900 - 22: DecoderLayerPipe(config=LlamaConfig {
  "_name_or_path": "./models/Llama-2-52B",
  "architectures": [
    "LlamaForCausalLM"
  ],
  "attention_bias": false,
  "attention_dropout": 0.0,
  "bos_token_id": 1,
  "enable_auto_parallel": false,
  "eos_token_id": 2,
  "head_dim": 128,
  "hidden_act": "silu",
  "hidden_size": 7168,
  "initializer_range": 0.006818968095896705,
  "intermediate_size": 19456,
  "is_lora": false,
  "max_position_embeddings": 4096,
  "max_sequence_length": 4096,
  "mlp_bias": false,
  "model_type": "llama",
  "moe_group_origin": "dummy",
  "moe_rank": 0,
  "moe_router_bias_update_rate": 0.0,
  "moe_world_size": 1,
  "num_attention_heads": 56,
  "num_hidden_layers": 80,
  "num_key_value_heads": 56,
  "pad_token_id": 0,
  "paddleformers_version": "1.1.0.post20260417",
  "pipeline_model_parallel_size": 2,
  "pp_seg_method": "layer:DecoderLayer|EmptyLayer",
  "pretraining_tp": 2,
  "recompute_granularity": "full",
  "recompute_method": "uniform",
  "recompute_num_layers": 1,
  "rms_norm_eps": 1e-05,
  "rope_parameters": {
    "rope_theta": 10000.0,
    "rope_type": "default"
  },
  "rope_scaling": null,
  "rope_theta": 10000.0,
  "seq_length": 4096,
  "tensor_model_parallel_size": 8,
  "tie_word_embeddings": false,
  "torch_dtype": "float32",
  "use_cache": true,
  "use_fast_layer_norm": false,
  "vocab_size": 32000
}
, layer_idx=21)
[2026-04-17 13:39:03,806] [    INFO] pp_layers.py:900 - 18: DecoderLayerPipe(config=LlamaConfig {
  "_name_or_path": "./models/Llama-2-52B",
  "architectures": [
    "LlamaForCausalLM"
  ],
  "attention_bias": false,
  "attention_dropout": 0.0,
  "bos_token_id": 1,
  "enable_auto_parallel": false,
  "eos_token_id": 2,
  "head_dim": 128,
  "hidden_act": "silu",
  "hidden_size": 7168,
  "initializer_range": 0.006818968095896705,
  "intermediate_size": 19456,
  "is_lora": false,
  "max_position_embeddings": 4096,
  "max_sequence_length": 4096,
  "mlp_bias": false,
  "model_type": "llama",
  "moe_group_origin": "dummy",
  "moe_rank": 0,
  "moe_router_bias_update_rate": 0.0,
  "moe_world_size": 1,
  "num_attention_heads": 56,
  "num_hidden_layers": 80,
  "num_key_value_heads": 56,
  "pad_token_id": 0,
  "paddleformers_version": "1.1.0.post20260417",
  "pipeline_model_parallel_size": 2,
  "pp_seg_method": "layer:DecoderLayer|EmptyLayer",
  "pretraining_tp": 2,
  "recompute_granularity": "full",
  "recompute_method": "uniform",
  "recompute_num_layers": 1,
  "rms_norm_eps": 1e-05,
  "rope_parameters": {
    "rope_theta": 10000.0,
    "rope_type": "default"
  },
  "rope_scaling": null,
  "rope_theta": 10000.0,
  "seq_length": 4096,
  "tensor_model_parallel_size": 8,
  "tie_word_embeddings": false,
  "torch_dtype": "float32",
  "use_cache": true,
  "use_fast_layer_norm": false,
  "vocab_size": 32000
}
, layer_idx=17)
[2026-04-17 13:39:03,808] [    INFO] pp_layers.py:900 - 23: DecoderLayerPipe(config=LlamaConfig {
  "_name_or_path": "./models/Llama-2-52B",
  "architectures": [
    "LlamaForCausalLM"
  ],
  "attention_bias": false,
  "attention_dropout": 0.0,
  "bos_token_id": 1,
  "enable_auto_parallel": false,
  "eos_token_id": 2,
  "head_dim": 128,
  "hidden_act": "silu",
  "hidden_size": 7168,
  "initializer_range": 0.006818968095896705,
  "intermediate_size": 19456,
  "is_lora": false,
  "max_position_embeddings": 4096,
  "max_sequence_length": 4096,
  "mlp_bias": false,
  "model_type": "llama",
  "moe_group_origin": "dummy",
  "moe_rank": 0,
  "moe_router_bias_update_rate": 0.0,
  "moe_world_size": 1,
  "num_attention_heads": 56,
  "num_hidden_layers": 80,
  "num_key_value_heads": 56,
  "pad_token_id": 0,
  "paddleformers_version": "1.1.0.post20260417",
  "pipeline_model_parallel_size": 2,
  "pp_seg_method": "layer:DecoderLayer|EmptyLayer",
  "pretraining_tp": 2,
  "recompute_granularity": "full",
  "recompute_method": "uniform",
  "recompute_num_layers": 1,
  "rms_norm_eps": 1e-05,
  "rope_parameters": {
    "rope_theta": 10000.0,
    "rope_type": "default"
  },
  "rope_scaling": null,
  "rope_theta": 10000.0,
  "seq_length": 4096,
  "tensor_model_parallel_size": 8,
  "tie_word_embeddings": false,
  "torch_dtype": "float32",
  "use_cache": true,
  "use_fast_layer_norm": false,
  "vocab_size": 32000
}
, layer_idx=22)
[2026-04-17 13:39:03,811] [    INFO] pp_layers.py:900 - 19: DecoderLayerPipe(config=LlamaConfig {
  "_name_or_path": "./models/Llama-2-52B",
  "architectures": [
    "LlamaForCausalLM"
  ],
  "attention_bias": false,
  "attention_dropout": 0.0,
  "bos_token_id": 1,
  "enable_auto_parallel": false,
  "eos_token_id": 2,
  "head_dim": 128,
  "hidden_act": "silu",
  "hidden_size": 7168,
  "initializer_range": 0.006818968095896705,
  "intermediate_size": 19456,
  "is_lora": false,
  "max_position_embeddings": 4096,
  "max_sequence_length": 4096,
  "mlp_bias": false,
  "model_type": "llama",
  "moe_group_origin": "dummy",
  "moe_rank": 0,
  "moe_router_bias_update_rate": 0.0,
  "moe_world_size": 1,
  "num_attention_heads": 56,
  "num_hidden_layers": 80,
  "num_key_value_heads": 56,
  "pad_token_id": 0,
  "paddleformers_version": "1.1.0.post20260417",
  "pipeline_model_parallel_size": 2,
  "pp_seg_method": "layer:DecoderLayer|EmptyLayer",
  "pretraining_tp": 2,
  "recompute_granularity": "full",
  "recompute_method": "uniform",
  "recompute_num_layers": 1,
  "rms_norm_eps": 1e-05,
  "rope_parameters": {
    "rope_theta": 10000.0,
    "rope_type": "default"
  },
  "rope_scaling": null,
  "rope_theta": 10000.0,
  "seq_length": 4096,
  "tensor_model_parallel_size": 8,
  "tie_word_embeddings": false,
  "torch_dtype": "float32",
  "use_cache": true,
  "use_fast_layer_norm": false,
  "vocab_size": 32000
}
, layer_idx=18)
[2026-04-17 13:39:03,813] [    INFO] pp_layers.py:900 - 24: DecoderLayerPipe(config=LlamaConfig {
  "_name_or_path": "./models/Llama-2-52B",
  "architectures": [
    "LlamaForCausalLM"
  ],
  "attention_bias": false,
  "attention_dropout": 0.0,
  "bos_token_id": 1,
  "enable_auto_parallel": false,
  "eos_token_id": 2,
  "head_dim": 128,
  "hidden_act": "silu",
  "hidden_size": 7168,
  "initializer_range": 0.006818968095896705,
  "intermediate_size": 19456,
  "is_lora": false,
  "max_position_embeddings": 4096,
  "max_sequence_length": 4096,
  "mlp_bias": false,
  "model_type": "llama",
  "moe_group_origin": "dummy",
  "moe_rank": 0,
  "moe_router_bias_update_rate": 0.0,
  "moe_world_size": 1,
  "num_attention_heads": 56,
  "num_hidden_layers": 80,
  "num_key_value_heads": 56,
  "pad_token_id": 0,
  "paddleformers_version": "1.1.0.post20260417",
  "pipeline_model_parallel_size": 2,
  "pp_seg_method": "layer:DecoderLayer|EmptyLayer",
  "pretraining_tp": 2,
  "recompute_granularity": "full",
  "recompute_method": "uniform",
  "recompute_num_layers": 1,
  "rms_norm_eps": 1e-05,
  "rope_parameters": {
    "rope_theta": 10000.0,
    "rope_type": "default"
  },
  "rope_scaling": null,
  "rope_theta": 10000.0,
  "seq_length": 4096,
  "tensor_model_parallel_size": 8,
  "tie_word_embeddings": false,
  "torch_dtype": "float32",
  "use_cache": true,
  "use_fast_layer_norm": false,
  "vocab_size": 32000
}
, layer_idx=23)
[2026-04-17 13:39:03,817] [    INFO] pp_layers.py:900 - 20: DecoderLayerPipe(config=LlamaConfig {
  "_name_or_path": "./models/Llama-2-52B",
  "architectures": [
    "LlamaForCausalLM"
  ],
  "attention_bias": false,
  "attention_dropout": 0.0,
  "bos_token_id": 1,
  "enable_auto_parallel": false,
  "eos_token_id": 2,
  "head_dim": 128,
  "hidden_act": "silu",
  "hidden_size": 7168,
  "initializer_range": 0.006818968095896705,
  "intermediate_size": 19456,
  "is_lora": false,
  "max_position_embeddings": 4096,
  "max_sequence_length": 4096,
  "mlp_bias": false,
  "model_type": "llama",
  "moe_group_origin": "dummy",
  "moe_rank": 0,
  "moe_router_bias_update_rate": 0.0,
  "moe_world_size": 1,
  "num_attention_heads": 56,
  "num_hidden_layers": 80,
  "num_key_value_heads": 56,
  "pad_token_id": 0,
  "paddleformers_version": "1.1.0.post20260417",
  "pipeline_model_parallel_size": 2,
  "pp_seg_method": "layer:DecoderLayer|EmptyLayer",
  "pretraining_tp": 2,
  "recompute_granularity": "full",
  "recompute_method": "uniform",
  "recompute_num_layers": 1,
  "rms_norm_eps": 1e-05,
  "rope_parameters": {
    "rope_theta": 10000.0,
    "rope_type": "default"
  },
  "rope_scaling": null,
  "rope_theta": 10000.0,
  "seq_length": 4096,
  "tensor_model_parallel_size": 8,
  "tie_word_embeddings": false,
  "torch_dtype": "float32",
  "use_cache": true,
  "use_fast_layer_norm": false,
  "vocab_size": 32000
}
, layer_idx=19)
[2026-04-17 13:39:03,819] [    INFO] pp_layers.py:900 - 25: DecoderLayerPipe(config=LlamaConfig {
  "_name_or_path": "./models/Llama-2-52B",
  "architectures": [
    "LlamaForCausalLM"
  ],
  "attention_bias": false,
  "attention_dropout": 0.0,
  "bos_token_id": 1,
  "enable_auto_parallel": false,
  "eos_token_id": 2,
  "head_dim": 128,
  "hidden_act": "silu",
  "hidden_size": 7168,
  "initializer_range": 0.006818968095896705,
  "intermediate_size": 19456,
  "is_lora": false,
  "max_position_embeddings": 4096,
  "max_sequence_length": 4096,
  "mlp_bias": false,
  "model_type": "llama",
  "moe_group_origin": "dummy",
  "moe_rank": 0,
  "moe_router_bias_update_rate": 0.0,
  "moe_world_size": 1,
  "num_attention_heads": 56,
  "num_hidden_layers": 80,
  "num_key_value_heads": 56,
  "pad_token_id": 0,
  "paddleformers_version": "1.1.0.post20260417",
  "pipeline_model_parallel_size": 2,
  "pp_seg_method": "layer:DecoderLayer|EmptyLayer",
  "pretraining_tp": 2,
  "recompute_granularity": "full",
  "recompute_method": "uniform",
  "recompute_num_layers": 1,
  "rms_norm_eps": 1e-05,
  "rope_parameters": {
    "rope_theta": 10000.0,
    "rope_type": "default"
  },
  "rope_scaling": null,
  "rope_theta": 10000.0,
  "seq_length": 4096,
  "tensor_model_parallel_size": 8,
  "tie_word_embeddings": false,
  "torch_dtype": "float32",
  "use_cache": true,
  "use_fast_layer_norm": false,
  "vocab_size": 32000
}
, layer_idx=24)
[2026-04-17 13:39:03,822] [    INFO] pp_layers.py:900 - 21: DecoderLayerPipe(config=LlamaConfig {
  "_name_or_path": "./models/Llama-2-52B",
  "architectures": [
    "LlamaForCausalLM"
  ],
  "attention_bias": false,
  "attention_dropout": 0.0,
  "bos_token_id": 1,
  "enable_auto_parallel": false,
  "eos_token_id": 2,
  "head_dim": 128,
  "hidden_act": "silu",
  "hidden_size": 7168,
  "initializer_range": 0.006818968095896705,
  "intermediate_size": 19456,
  "is_lora": false,
  "max_position_embeddings": 4096,
  "max_sequence_length": 4096,
  "mlp_bias": false,
  "model_type": "llama",
  "moe_group_origin": "dummy",
  "moe_rank": 0,
  "moe_router_bias_update_rate": 0.0,
  "moe_world_size": 1,
  "num_attention_heads": 56,
  "num_hidden_layers": 80,
  "num_key_value_heads": 56,
  "pad_token_id": 0,
  "paddleformers_version": "1.1.0.post20260417",
  "pipeline_model_parallel_size": 2,
  "pp_seg_method": "layer:DecoderLayer|EmptyLayer",
  "pretraining_tp": 2,
  "recompute_granularity": "full",
  "recompute_method": "uniform",
  "recompute_num_layers": 1,
  "rms_norm_eps": 1e-05,
  "rope_parameters": {
    "rope_theta": 10000.0,
    "rope_type": "default"
  },
  "rope_scaling": null,
  "rope_theta": 10000.0,
  "seq_length": 4096,
  "tensor_model_parallel_size": 8,
  "tie_word_embeddings": false,
  "torch_dtype": "float32",
  "use_cache": true,
  "use_fast_layer_norm": false,
  "vocab_size": 32000
}
, layer_idx=20)
[2026-04-17 13:39:03,825] [    INFO] pp_layers.py:900 - 26: DecoderLayerPipe(config=LlamaConfig {
  "_name_or_path": "./models/Llama-2-52B",
  "architectures": [
    "LlamaForCausalLM"
  ],
  "attention_bias": false,
  "attention_dropout": 0.0,
  "bos_token_id": 1,
  "enable_auto_parallel": false,
  "eos_token_id": 2,
  "head_dim": 128,
  "hidden_act": "silu",
  "hidden_size": 7168,
  "initializer_range": 0.006818968095896705,
  "intermediate_size": 19456,
  "is_lora": false,
  "max_position_embeddings": 4096,
  "max_sequence_length": 4096,
  "mlp_bias": false,
  "model_type": "llama",
  "moe_group_origin": "dummy",
  "moe_rank": 0,
  "moe_router_bias_update_rate": 0.0,
  "moe_world_size": 1,
  "num_attention_heads": 56,
  "num_hidden_layers": 80,
  "num_key_value_heads": 56,
  "pad_token_id": 0,
  "paddleformers_version": "1.1.0.post20260417",
  "pipeline_model_parallel_size": 2,
  "pp_seg_method": "layer:DecoderLayer|EmptyLayer",
  "pretraining_tp": 2,
  "recompute_granularity": "full",
  "recompute_method": "uniform",
  "recompute_num_layers": 1,
  "rms_norm_eps": 1e-05,
  "rope_parameters": {
    "rope_theta": 10000.0,
    "rope_type": "default"
  },
  "rope_scaling": null,
  "rope_theta": 10000.0,
  "seq_length": 4096,
  "tensor_model_parallel_size": 8,
  "tie_word_embeddings": false,
  "torch_dtype": "float32",
  "use_cache": true,
  "use_fast_layer_norm": false,
  "vocab_size": 32000
}
, layer_idx=25)
[2026-04-17 13:39:03,827] [    INFO] pp_layers.py:900 - 22: DecoderLayerPipe(config=LlamaConfig {
  "_name_or_path": "./models/Llama-2-52B",
  "architectures": [
    "LlamaForCausalLM"
  ],
  "attention_bias": false,
  "attention_dropout": 0.0,
  "bos_token_id": 1,
  "enable_auto_parallel": false,
  "eos_token_id": 2,
  "head_dim": 128,
  "hidden_act": "silu",
  "hidden_size": 7168,
  "initializer_range": 0.006818968095896705,
  "intermediate_size": 19456,
  "is_lora": false,
  "max_position_embeddings": 4096,
  "max_sequence_length": 4096,
  "mlp_bias": false,
  "model_type": "llama",
  "moe_group_origin": "dummy",
  "moe_rank": 0,
  "moe_router_bias_update_rate": 0.0,
  "moe_world_size": 1,
  "num_attention_heads": 56,
  "num_hidden_layers": 80,
  "num_key_value_heads": 56,
  "pad_token_id": 0,
  "paddleformers_version": "1.1.0.post20260417",
  "pipeline_model_parallel_size": 2,
  "pp_seg_method": "layer:DecoderLayer|EmptyLayer",
  "pretraining_tp": 2,
  "recompute_granularity": "full",
  "recompute_method": "uniform",
  "recompute_num_layers": 1,
  "rms_norm_eps": 1e-05,
  "rope_parameters": {
    "rope_theta": 10000.0,
    "rope_type": "default"
  },
  "rope_scaling": null,
  "rope_theta": 10000.0,
  "seq_length": 4096,
  "tensor_model_parallel_size": 8,
  "tie_word_embeddings": false,
  "torch_dtype": "float32",
  "use_cache": true,
  "use_fast_layer_norm": false,
  "vocab_size": 32000
}
, layer_idx=21)
[2026-04-17 13:39:03,830] [    INFO] pp_layers.py:900 - 27: DecoderLayerPipe(config=LlamaConfig {
  "_name_or_path": "./models/Llama-2-52B",
  "architectures": [
    "LlamaForCausalLM"
  ],
  "attention_bias": false,
  "attention_dropout": 0.0,
  "bos_token_id": 1,
  "enable_auto_parallel": false,
  "eos_token_id": 2,
  "head_dim": 128,
  "hidden_act": "silu",
  "hidden_size": 7168,
  "initializer_range": 0.006818968095896705,
  "intermediate_size": 19456,
  "is_lora": false,
  "max_position_embeddings": 4096,
  "max_sequence_length": 4096,
  "mlp_bias": false,
  "model_type": "llama",
  "moe_group_origin": "dummy",
  "moe_rank": 0,
  "moe_router_bias_update_rate": 0.0,
  "moe_world_size": 1,
  "num_attention_heads": 56,
  "num_hidden_layers": 80,
  "num_key_value_heads": 56,
  "pad_token_id": 0,
  "paddleformers_version": "1.1.0.post20260417",
  "pipeline_model_parallel_size": 2,
  "pp_seg_method": "layer:DecoderLayer|EmptyLayer",
  "pretraining_tp": 2,
  "recompute_granularity": "full",
  "recompute_method": "uniform",
  "recompute_num_layers": 1,
  "rms_norm_eps": 1e-05,
  "rope_parameters": {
    "rope_theta": 10000.0,
    "rope_type": "default"
  },
  "rope_scaling": null,
  "rope_theta": 10000.0,
  "seq_length": 4096,
  "tensor_model_parallel_size": 8,
  "tie_word_embeddings": false,
  "torch_dtype": "float32",
  "use_cache": true,
  "use_fast_layer_norm": false,
  "vocab_size": 32000
}
, layer_idx=26)
[2026-04-17 13:39:03,834] [    INFO] pp_layers.py:900 - 23: DecoderLayerPipe(config=LlamaConfig {
  "_name_or_path": "./models/Llama-2-52B",
  "architectures": [
    "LlamaForCausalLM"
  ],
  "attention_bias": false,
  "attention_dropout": 0.0,
  "bos_token_id": 1,
  "enable_auto_parallel": false,
  "eos_token_id": 2,
  "head_dim": 128,
  "hidden_act": "silu",
  "hidden_size": 7168,
  "initializer_range": 0.006818968095896705,
  "intermediate_size": 19456,
  "is_lora": false,
  "max_position_embeddings": 4096,
  "max_sequence_length": 4096,
  "mlp_bias": false,
  "model_type": "llama",
  "moe_group_origin": "dummy",
  "moe_rank": 0,
  "moe_router_bias_update_rate": 0.0,
  "moe_world_size": 1,
  "num_attention_heads": 56,
  "num_hidden_layers": 80,
  "num_key_value_heads": 56,
  "pad_token_id": 0,
  "paddleformers_version": "1.1.0.post20260417",
  "pipeline_model_parallel_size": 2,
  "pp_seg_method": "layer:DecoderLayer|EmptyLayer",
  "pretraining_tp": 2,
  "recompute_granularity": "full",
  "recompute_method": "uniform",
  "recompute_num_layers": 1,
  "rms_norm_eps": 1e-05,
  "rope_parameters": {
    "rope_theta": 10000.0,
    "rope_type": "default"
  },
  "rope_scaling": null,
  "rope_theta": 10000.0,
  "seq_length": 4096,
  "tensor_model_parallel_size": 8,
  "tie_word_embeddings": false,
  "torch_dtype": "float32",
  "use_cache": true,
  "use_fast_layer_norm": false,
  "vocab_size": 32000
}
, layer_idx=22)
[2026-04-17 13:39:03,835] [    INFO] pp_layers.py:900 - 28: DecoderLayerPipe(config=LlamaConfig {
  "_name_or_path": "./models/Llama-2-52B",
  "architectures": [
    "LlamaForCausalLM"
  ],
  "attention_bias": false,
  "attention_dropout": 0.0,
  "bos_token_id": 1,
  "enable_auto_parallel": false,
  "eos_token_id": 2,
  "head_dim": 128,
  "hidden_act": "silu",
  "hidden_size": 7168,
  "initializer_range": 0.006818968095896705,
  "intermediate_size": 19456,
  "is_lora": false,
  "max_position_embeddings": 4096,
  "max_sequence_length": 4096,
  "mlp_bias": false,
  "model_type": "llama",
  "moe_group_origin": "dummy",
  "moe_rank": 0,
  "moe_router_bias_update_rate": 0.0,
  "moe_world_size": 1,
  "num_attention_heads": 56,
  "num_hidden_layers": 80,
  "num_key_value_heads": 56,
  "pad_token_id": 0,
  "paddleformers_version": "1.1.0.post20260417",
  "pipeline_model_parallel_size": 2,
  "pp_seg_method": "layer:DecoderLayer|EmptyLayer",
  "pretraining_tp": 2,
  "recompute_granularity": "full",
  "recompute_method": "uniform",
  "recompute_num_layers": 1,
  "rms_norm_eps": 1e-05,
  "rope_parameters": {
    "rope_theta": 10000.0,
    "rope_type": "default"
  },
  "rope_scaling": null,
  "rope_theta": 10000.0,
  "seq_length": 4096,
  "tensor_model_parallel_size": 8,
  "tie_word_embeddings": false,
  "torch_dtype": "float32",
  "use_cache": true,
  "use_fast_layer_norm": false,
  "vocab_size": 32000
}
, layer_idx=27)
[2026-04-17 13:39:03,840] [    INFO] pp_layers.py:900 - 24: DecoderLayerPipe(config=LlamaConfig {
  "_name_or_path": "./models/Llama-2-52B",
  "architectures": [
    "LlamaForCausalLM"
  ],
  "attention_bias": false,
  "attention_dropout": 0.0,
  "bos_token_id": 1,
  "enable_auto_parallel": false,
  "eos_token_id": 2,
  "head_dim": 128,
  "hidden_act": "silu",
  "hidden_size": 7168,
  "initializer_range": 0.006818968095896705,
  "intermediate_size": 19456,
  "is_lora": false,
  "max_position_embeddings": 4096,
  "max_sequence_length": 4096,
  "mlp_bias": false,
  "model_type": "llama",
  "moe_group_origin": "dummy",
  "moe_rank": 0,
  "moe_router_bias_update_rate": 0.0,
  "moe_world_size": 1,
  "num_attention_heads": 56,
  "num_hidden_layers": 80,
  "num_key_value_heads": 56,
  "pad_token_id": 0,
  "paddleformers_version": "1.1.0.post20260417",
  "pipeline_model_parallel_size": 2,
  "pp_seg_method": "layer:DecoderLayer|EmptyLayer",
  "pretraining_tp": 2,
  "recompute_granularity": "full",
  "recompute_method": "uniform",
  "recompute_num_layers": 1,
  "rms_norm_eps": 1e-05,
  "rope_parameters": {
    "rope_theta": 10000.0,
    "rope_type": "default"
  },
  "rope_scaling": null,
  "rope_theta": 10000.0,
  "seq_length": 4096,
  "tensor_model_parallel_size": 8,
  "tie_word_embeddings": false,
  "torch_dtype": "float32",
  "use_cache": true,
  "use_fast_layer_norm": false,
  "vocab_size": 32000
}
, layer_idx=23)
[2026-04-17 13:39:03,842] [    INFO] pp_layers.py:900 - 29: DecoderLayerPipe(config=LlamaConfig {
  "_name_or_path": "./models/Llama-2-52B",
  "architectures": [
    "LlamaForCausalLM"
  ],
  "attention_bias": false,
  "attention_dropout": 0.0,
  "bos_token_id": 1,
  "enable_auto_parallel": false,
  "eos_token_id": 2,
  "head_dim": 128,
  "hidden_act": "silu",
  "hidden_size": 7168,
  "initializer_range": 0.006818968095896705,
  "intermediate_size": 19456,
  "is_lora": false,
  "max_position_embeddings": 4096,
  "max_sequence_length": 4096,
  "mlp_bias": false,
  "model_type": "llama",
  "moe_group_origin": "dummy",
  "moe_rank": 0,
  "moe_router_bias_update_rate": 0.0,
  "moe_world_size": 1,
  "num_attention_heads": 56,
  "num_hidden_layers": 80,
  "num_key_value_heads": 56,
  "pad_token_id": 0,
  "paddleformers_version": "1.1.0.post20260417",
  "pipeline_model_parallel_size": 2,
  "pp_seg_method": "layer:DecoderLayer|EmptyLayer",
  "pretraining_tp": 2,
  "recompute_granularity": "full",
  "recompute_method": "uniform",
  "recompute_num_layers": 1,
  "rms_norm_eps": 1e-05,
  "rope_parameters": {
    "rope_theta": 10000.0,
    "rope_type": "default"
  },
  "rope_scaling": null,
  "rope_theta": 10000.0,
  "seq_length": 4096,
  "tensor_model_parallel_size": 8,
  "tie_word_embeddings": false,
  "torch_dtype": "float32",
  "use_cache": true,
  "use_fast_layer_norm": false,
  "vocab_size": 32000
}
, layer_idx=28)
[2026-04-17 13:39:03,844] [    INFO] pp_layers.py:900 - 25: DecoderLayerPipe(config=LlamaConfig {
  "_name_or_path": "./models/Llama-2-52B",
  "architectures": [
    "LlamaForCausalLM"
  ],
  "attention_bias": false,
  "attention_dropout": 0.0,
  "bos_token_id": 1,
  "enable_auto_parallel": false,
  "eos_token_id": 2,
  "head_dim": 128,
  "hidden_act": "silu",
  "hidden_size": 7168,
  "initializer_range": 0.006818968095896705,
  "intermediate_size": 19456,
  "is_lora": false,
  "max_position_embeddings": 4096,
  "max_sequence_length": 4096,
  "mlp_bias": false,
  "model_type": "llama",
  "moe_group_origin": "dummy",
  "moe_rank": 0,
  "moe_router_bias_update_rate": 0.0,
  "moe_world_size": 1,
  "num_attention_heads": 56,
  "num_hidden_layers": 80,
  "num_key_value_heads": 56,
  "pad_token_id": 0,
  "paddleformers_version": "1.1.0.post20260417",
  "pipeline_model_parallel_size": 2,
  "pp_seg_method": "layer:DecoderLayer|EmptyLayer",
  "pretraining_tp": 2,
  "recompute_granularity": "full",
  "recompute_method": "uniform",
  "recompute_num_layers": 1,
  "rms_norm_eps": 1e-05,
  "pipeline_model_parallel_size": 2,
  "pp_seg_method": "layer:DecoderLayer|EmptyLayer",
  "pretraining_tp": 2,
  "recompute_granularity": "full",
  "recompute_method": "uniform",
  "recompute_num_layers": 1,
  "rms_norm_eps": 1e-05,
  "rope_parameters": {
    "rope_theta": 10000.0,
    "rope_type": "default"
  },
  "rope_scaling": null,
  "rope_theta": 10000.0,
  "seq_length": 4096,
  "tensor_model_parallel_size": 8,
  "tie_word_embeddings": false,
  "torch_dtype": "float32",
  "use_cache": true,
  "use_fast_layer_norm": false,
  "vocab_size": 32000
}
, layer_idx=19)
[2026-04-17 13:39:03,752] [    INFO] pp_layers.py:900 - 16: DecoderLayerPipe(config=LlamaConfig {
  "_name_or_path": "./models/Llama-2-52B",
  "architectures": [
    "LlamaForCausalLM"
  ],
  "attention_bias": false,
  "attention_dropout": 0.0,
  "bos_token_id": 1,
  "enable_auto_parallel": false,
  "eos_token_id": 2,
  "head_dim": 128,
  "hidden_act": "silu",
  "hidden_size": 7168,
  "initializer_range": 0.006818968095896705,
  "intermediate_size": 19456,
  "is_lora": false,
  "max_position_embeddings": 4096,
  "max_sequence_length": 4096,
  "mlp_bias": false,
  "model_type": "llama",
  "moe_group_origin": "dummy",
  "moe_rank": 0,
  "moe_router_bias_update_rate": 0.0,
  "moe_world_size": 1,
  "num_attention_heads": 56,
  "num_hidden_layers": 80,
  "num_key_value_heads": 56,
  "pad_token_id": 0,
  "paddleformers_version": "1.1.0.post20260417",
  "pipeline_model_parallel_size": 2,
  "pp_seg_method": "layer:DecoderLayer|EmptyLayer",
  "pretraining_tp": 2,
  "recompute_granularity": "full",
  "recompute_method": "uniform",
  "recompute_num_layers": 1,
  "rms_norm_eps": 1e-05,
  "rope_parameters": {
    "rope_theta": 10000.0,
    "rope_type": "default"
  },
  "rope_scaling": null,
  "rope_theta": 10000.0,
  "seq_length": 4096,
  "tensor_model_parallel_size": 8,
  "tie_word_embeddings": false,
  "torch_dtype": "float32",
  "use_cache": true,
  "use_fast_layer_norm": false,
  "vocab_size": 32000
}
, layer_idx=15)
[2026-04-17 13:39:03,754] [    INFO] pp_layers.py:900 - 21: DecoderLayerPipe(config=LlamaConfig {
  "_name_or_path": "./models/Llama-2-52B",
  "architectures": [
    "LlamaForCausalLM"
  ],
  "attention_bias": false,
  "attention_dropout": 0.0,
  "bos_token_id": 1,
  "enable_auto_parallel": false,
  "eos_token_id": 2,
  "head_dim": 128,
  "hidden_act": "silu",
  "hidden_size": 7168,
  "initializer_range": 0.006818968095896705,
  "intermediate_size": 19456,
  "is_lora": false,
  "max_position_embeddings": 4096,
  "max_sequence_length": 4096,
  "mlp_bias": false,
  "model_type": "llama",
  "moe_group_origin": "dummy",
  "moe_rank": 0,
  "moe_router_bias_update_rate": 0.0,
  "moe_world_size": 1,
  "num_attention_heads": 56,
  "num_hidden_layers": 80,
  "num_key_value_heads": 56,
  "pad_token_id": 0,
  "paddleformers_version": "1.1.0.post20260417",
  "pipeline_model_parallel_size": 2,
  "pp_seg_method": "layer:DecoderLayer|EmptyLayer",
  "pretraining_tp": 2,
  "recompute_granularity": "full",
  "recompute_method": "uniform",
  "recompute_num_layers": 1,
  "rms_norm_eps": 1e-05,
  "rope_parameters": {
    "rope_theta": 10000.0,
    "rope_type": "default"
  },
  "rope_scaling": null,
  "rope_theta": 10000.0,
  "seq_length": 4096,
  "tensor_model_parallel_size": 8,
  "tie_word_embeddings": false,
  "torch_dtype": "float32",
  "use_cache": true,
  "use_fast_layer_norm": false,
  "vocab_size": 32000
}
, layer_idx=20)
[2026-04-17 13:39:03,790] [    INFO] pp_layers.py:900 - 17: DecoderLayerPipe(config=LlamaConfig {
  "_name_or_path": "./models/Llama-2-52B",
  "architectures": [
    "LlamaForCausalLM"
  ],
  "attention_bias": false,
  "attention_dropout": 0.0,
  "bos_token_id": 1,
  "enable_auto_parallel": false,
  "eos_token_id": 2,
  "head_dim": 128,
  "hidden_act": "silu",
  "hidden_size": 7168,
  "initializer_range": 0.006818968095896705,
  "intermediate_size": 19456,
  "is_lora": false,
  "max_position_embeddings": 4096,
  "max_sequence_length": 4096,
  "mlp_bias": false,
  "model_type": "llama",
  "moe_group_origin": "dummy",
  "moe_rank": 0,
  "moe_router_bias_update_rate": 0.0,
  "moe_world_size": 1,
  "num_attention_heads": 56,
  "num_hidden_layers": 80,
  "num_key_value_heads": 56,
  "pad_token_id": 0,
  "paddleformers_version": "1.1.0.post20260417",
  "pipeline_model_parallel_size": 2,
  "pp_seg_method": "layer:DecoderLayer|EmptyLayer",
  "pretraining_tp": 2,
  "recompute_granularity": "full",
  "recompute_method": "uniform",
  "recompute_num_layers": 1,
  "rms_norm_eps": 1e-05,
  "rope_parameters": {
    "rope_theta": 10000.0,
    "rope_type": "default"
  },
  "rope_scaling": null,
  "rope_theta": 10000.0,
  "seq_length": 4096,
  "tensor_model_parallel_size": 8,
  "tie_word_embeddings": false,
  "torch_dtype": "float32",
  "use_cache": true,
  "use_fast_layer_norm": false,
  "vocab_size": 32000
}
, layer_idx=16)
[2026-04-17 13:39:03,802] [    INFO] pp_layers.py:900 - 22: DecoderLayerPipe(config=LlamaConfig {
  "_name_or_path": "./models/Llama-2-52B",
  "architectures": [
    "LlamaForCausalLM"
  ],
  "attention_bias": false,
  "attention_dropout": 0.0,
  "bos_token_id": 1,
  "enable_auto_parallel": false,
  "eos_token_id": 2,
  "head_dim": 128,
  "hidden_act": "silu",
  "hidden_size": 7168,
  "initializer_range": 0.006818968095896705,
  "intermediate_size": 19456,
  "is_lora": false,
  "max_position_embeddings": 4096,
  "max_sequence_length": 4096,
  "mlp_bias": false,
  "model_type": "llama",
  "moe_group_origin": "dummy",
  "moe_rank": 0,
  "moe_router_bias_update_rate": 0.0,
  "moe_world_size": 1,
  "num_attention_heads": 56,
  "num_hidden_layers": 80,
  "num_key_value_heads": 56,
  "pad_token_id": 0,
  "paddleformers_version": "1.1.0.post20260417",
  "pipeline_model_parallel_size": 2,
  "pp_seg_method": "layer:DecoderLayer|EmptyLayer",
  "pretraining_tp": 2,
  "recompute_granularity": "full",
  "recompute_method": "uniform",
  "recompute_num_layers": 1,
  "rms_norm_eps": 1e-05,
  "rope_parameters": {
    "rope_theta": 10000.0,
    "rope_type": "default"
  },
  "rope_scaling": null,
  "rope_theta": 10000.0,
  "seq_length": 4096,
  "tensor_model_parallel_size": 8,
  "tie_word_embeddings": false,
  "torch_dtype": "float32",
  "use_cache": true,
  "use_fast_layer_norm": false,
  "vocab_size": 32000
}
, layer_idx=21)
[2026-04-17 13:39:03,806] [    INFO] pp_layers.py:900 - 18: DecoderLayerPipe(config=LlamaConfig {
  "_name_or_path": "./models/Llama-2-52B",
  "architectures": [
    "LlamaForCausalLM"
  ],
  "attention_bias": false,
  "attention_dropout": 0.0,
  "bos_token_id": 1,
  "enable_auto_parallel": false,
  "eos_token_id": 2,
  "head_dim": 128,
  "hidden_act": "silu",
  "hidden_size": 7168,
  "initializer_range": 0.006818968095896705,
  "intermediate_size": 19456,
  "is_lora": false,
  "max_position_embeddings": 4096,
  "max_sequence_length": 4096,
  "mlp_bias": false,
  "model_type": "llama",
  "moe_group_origin": "dummy",
  "moe_rank": 0,
  "moe_router_bias_update_rate": 0.0,
  "moe_world_size": 1,
  "num_attention_heads": 56,
  "num_hidden_layers": 80,
  "num_key_value_heads": 56,
  "pad_token_id": 0,
  "paddleformers_version": "1.1.0.post20260417",
  "pipeline_model_parallel_size": 2,
  "pp_seg_method": "layer:DecoderLayer|EmptyLayer",
  "pretraining_tp": 2,
  "recompute_granularity": "full",
  "recompute_method": "uniform",
  "recompute_num_layers": 1,
  "rms_norm_eps": 1e-05,
  "rope_parameters": {
    "rope_theta": 10000.0,
    "rope_type": "default"
  },
  "rope_scaling": null,
  "rope_theta": 10000.0,
  "seq_length": 4096,
  "tensor_model_parallel_size": 8,
  "tie_word_embeddings": false,
  "torch_dtype": "float32",
  "use_cache": true,
  "use_fast_layer_norm": false,
  "vocab_size": 32000
}
, layer_idx=17)
[2026-04-17 13:39:03,808] [    INFO] pp_layers.py:900 - 23: DecoderLayerPipe(config=LlamaConfig {
  "_name_or_path": "./models/Llama-2-52B",
  "architectures": [
    "LlamaForCausalLM"
  ],
  "attention_bias": false,
  "attention_dropout": 0.0,
  "bos_token_id": 1,
  "enable_auto_parallel": false,
  "eos_token_id": 2,
  "head_dim": 128,
  "hidden_act": "silu",
  "hidden_size": 7168,
  "initializer_range": 0.006818968095896705,
  "intermediate_size": 19456,
  "is_lora": false,
  "max_position_embeddings": 4096,
  "max_sequence_length": 4096,
  "mlp_bias": false,
  "model_type": "llama",
  "moe_group_origin": "dummy",
  "moe_rank": 0,
  "moe_router_bias_update_rate": 0.0,
  "moe_world_size": 1,
  "num_attention_heads": 56,
  "num_hidden_layers": 80,
  "num_key_value_heads": 56,
  "pad_token_id": 0,
  "paddleformers_version": "1.1.0.post20260417",
  "pipeline_model_parallel_size": 2,
  "pp_seg_method": "layer:DecoderLayer|EmptyLayer",
  "pretraining_tp": 2,
  "recompute_granularity": "full",
  "recompute_method": "uniform",
  "recompute_num_layers": 1,
  "rms_norm_eps": 1e-05,
  "rope_parameters": {
    "rope_theta": 10000.0,
    "rope_type": "default"
  },
  "rope_scaling": null,
  "rope_theta": 10000.0,
  "seq_length": 4096,
  "tensor_model_parallel_size": 8,
  "tie_word_embeddings": false,
  "torch_dtype": "float32",
  "use_cache": true,
  "use_fast_layer_norm": false,
  "vocab_size": 32000
}
, layer_idx=22)
[2026-04-17 13:39:03,811] [    INFO] pp_layers.py:900 - 19: DecoderLayerPipe(config=LlamaConfig {
  "_name_or_path": "./models/Llama-2-52B",
  "architectures": [
    "LlamaForCausalLM"
  ],
  "attention_bias": false,
  "attention_dropout": 0.0,
  "bos_token_id": 1,
  "enable_auto_parallel": false,
  "eos_token_id": 2,
  "head_dim": 128,
  "hidden_act": "silu",
  "hidden_size": 7168,
  "initializer_range": 0.006818968095896705,
  "intermediate_size": 19456,
  "is_lora": false,
  "max_position_embeddings": 4096,
  "max_sequence_length": 4096,
  "mlp_bias": false,
  "model_type": "llama",
  "moe_group_origin": "dummy",
  "moe_rank": 0,
  "moe_router_bias_update_rate": 0.0,
  "moe_world_size": 1,
  "num_attention_heads": 56,
  "num_hidden_layers": 80,
  "num_key_value_heads": 56,
  "pad_token_id": 0,
  "paddleformers_version": "1.1.0.post20260417",
  "pipeline_model_parallel_size": 2,
  "pp_seg_method": "layer:DecoderLayer|EmptyLayer",
  "pretraining_tp": 2,
  "recompute_granularity": "full",
  "recompute_method": "uniform",
  "recompute_num_layers": 1,
  "rms_norm_eps": 1e-05,
  "rope_parameters": {
    "rope_theta": 10000.0,
    "rope_type": "default"
  },
  "rope_scaling": null,
  "rope_theta": 10000.0,
  "seq_length": 4096,
  "tensor_model_parallel_size": 8,
  "tie_word_embeddings": false,
  "torch_dtype": "float32",
  "use_cache": true,
  "use_fast_layer_norm": false,
  "vocab_size": 32000
}
, layer_idx=18)
[2026-04-17 13:39:03,813] [    INFO] pp_layers.py:900 - 24: DecoderLayerPipe(config=LlamaConfig {
  "_name_or_path": "./models/Llama-2-52B",
  "architectures": [
    "LlamaForCausalLM"
  ],
  "attention_bias": false,
  "attention_dropout": 0.0,
  "bos_token_id": 1,
  "enable_auto_parallel": false,
  "eos_token_id": 2,
  "head_dim": 128,
  "hidden_act": "silu",
  "hidden_size": 7168,
  "initializer_range": 0.006818968095896705,
  "intermediate_size": 19456,
  "is_lora": false,
  "max_position_embeddings": 4096,
  "max_sequence_length": 4096,
  "mlp_bias": false,
  "model_type": "llama",
  "moe_group_origin": "dummy",
  "moe_rank": 0,
  "moe_router_bias_update_rate": 0.0,
  "moe_world_size": 1,
  "num_attention_heads": 56,
  "num_hidden_layers": 80,
  "num_key_value_heads": 56,
  "pad_token_id": 0,
  "paddleformers_version": "1.1.0.post20260417",
  "pipeline_model_parallel_size": 2,
  "pp_seg_method": "layer:DecoderLayer|EmptyLayer",
  "pretraining_tp": 2,
  "recompute_granularity": "full",
  "recompute_method": "uniform",
  "recompute_num_layers": 1,
  "rms_norm_eps": 1e-05,
  "rope_parameters": {
    "rope_theta": 10000.0,
    "rope_type": "default"
  },
  "rope_scaling": null,
  "rope_theta": 10000.0,
  "seq_length": 4096,
  "tensor_model_parallel_size": 8,
  "tie_word_embeddings": false,
  "torch_dtype": "float32",
  "use_cache": true,
  "use_fast_layer_norm": false,
  "vocab_size": 32000
}
, layer_idx=23)
[2026-04-17 13:39:03,817] [    INFO] pp_layers.py:900 - 20: DecoderLayerPipe(config=LlamaConfig {
  "_name_or_path": "./models/Llama-2-52B",
  "architectures": [
    "LlamaForCausalLM"
  ],
  "attention_bias": false,
  "attention_dropout": 0.0,
  "bos_token_id": 1,
  "enable_auto_parallel": false,
  "eos_token_id": 2,
  "head_dim": 128,
  "hidden_act": "silu",
  "hidden_size": 7168,
  "initializer_range": 0.006818968095896705,
  "intermediate_size": 19456,
  "is_lora": false,
  "max_position_embeddings": 4096,
  "max_sequence_length": 4096,
  "mlp_bias": false,
  "model_type": "llama",
  "moe_group_origin": "dummy",
  "moe_rank": 0,
  "moe_router_bias_update_rate": 0.0,
  "moe_world_size": 1,
  "num_attention_heads": 56,
  "num_hidden_layers": 80,
  "num_key_value_heads": 56,
  "pad_token_id": 0,
  "paddleformers_version": "1.1.0.post20260417",
  "pipeline_model_parallel_size": 2,
  "pp_seg_method": "layer:DecoderLayer|EmptyLayer",
  "pretraining_tp": 2,
  "recompute_granularity": "full",
  "recompute_method": "uniform",
  "recompute_num_layers": 1,
  "rms_norm_eps": 1e-05,
  "rope_parameters": {
    "rope_theta": 10000.0,
    "rope_type": "default"
  },
  "rope_scaling": null,
  "rope_theta": 10000.0,
  "seq_length": 4096,
  "tensor_model_parallel_size": 8,
  "tie_word_embeddings": false,
  "torch_dtype": "float32",
  "use_cache": true,
  "use_fast_layer_norm": false,
  "vocab_size": 32000
}
, layer_idx=19)
[2026-04-17 13:39:03,819] [    INFO] pp_layers.py:900 - 25: DecoderLayerPipe(config=LlamaConfig {
  "_name_or_path": "./models/Llama-2-52B",
  "architectures": [
    "LlamaForCausalLM"
  ],
  "attention_bias": false,
  "attention_dropout": 0.0,
  "bos_token_id": 1,
  "enable_auto_parallel": false,
  "eos_token_id": 2,
  "head_dim": 128,
  "hidden_act": "silu",
  "hidden_size": 7168,
  "initializer_range": 0.006818968095896705,
  "intermediate_size": 19456,
  "is_lora": false,
  "max_position_embeddings": 4096,
  "max_sequence_length": 4096,
  "mlp_bias": false,
  "model_type": "llama",
  "moe_group_origin": "dummy",
  "moe_rank": 0,
  "moe_router_bias_update_rate": 0.0,
  "moe_world_size": 1,
  "num_attention_heads": 56,
  "num_hidden_layers": 80,
  "num_key_value_heads": 56,
  "pad_token_id": 0,
  "paddleformers_version": "1.1.0.post20260417",
  "pipeline_model_parallel_size": 2,
  "pp_seg_method": "layer:DecoderLayer|EmptyLayer",
  "pretraining_tp": 2,
  "recompute_granularity": "full",
  "recompute_method": "uniform",
  "recompute_num_layers": 1,
  "rms_norm_eps": 1e-05,
  "rope_parameters": {
    "rope_theta": 10000.0,
    "rope_type": "default"
  },
  "rope_scaling": null,
  "rope_theta": 10000.0,
  "seq_length": 4096,
  "tensor_model_parallel_size": 8,
  "tie_word_embeddings": false,
  "torch_dtype": "float32",
  "use_cache": true,
  "use_fast_layer_norm": false,
  "vocab_size": 32000
}
, layer_idx=24)
[2026-04-17 13:39:03,822] [    INFO] pp_layers.py:900 - 21: DecoderLayerPipe(config=LlamaConfig {
  "_name_or_path": "./models/Llama-2-52B",
  "architectures": [
    "LlamaForCausalLM"
  ],
  "attention_bias": false,
  "attention_dropout": 0.0,
  "bos_token_id": 1,
  "enable_auto_parallel": false,
  "eos_token_id": 2,
  "head_dim": 128,
  "hidden_act": "silu",
  "hidden_size": 7168,
  "initializer_range": 0.006818968095896705,
  "intermediate_size": 19456,
  "is_lora": false,
  "max_position_embeddings": 4096,
  "max_sequence_length": 4096,
  "mlp_bias": false,
  "model_type": "llama",
  "moe_group_origin": "dummy",
  "moe_rank": 0,
  "moe_router_bias_update_rate": 0.0,
  "moe_world_size": 1,
  "num_attention_heads": 56,
  "num_hidden_layers": 80,
  "num_key_value_heads": 56,
  "pad_token_id": 0,
  "paddleformers_version": "1.1.0.post20260417",
  "pipeline_model_parallel_size": 2,
  "pp_seg_method": "layer:DecoderLayer|EmptyLayer",
  "pretraining_tp": 2,
  "recompute_granularity": "full",
  "recompute_method": "uniform",
  "recompute_num_layers": 1,
  "rms_norm_eps": 1e-05,
  "rope_parameters": {
    "rope_theta": 10000.0,
    "rope_type": "default"
  },
  "rope_scaling": null,
  "rope_theta": 10000.0,
  "seq_length": 4096,
  "tensor_model_parallel_size": 8,
  "tie_word_embeddings": false,
  "torch_dtype": "float32",
  "use_cache": true,
  "use_fast_layer_norm": false,
  "vocab_size": 32000
}
, layer_idx=20)
[2026-04-17 13:39:03,825] [    INFO] pp_layers.py:900 - 26: DecoderLayerPipe(config=LlamaConfig {
  "_name_or_path": "./models/Llama-2-52B",
  "architectures": [
    "LlamaForCausalLM"
  ],
  "attention_bias": false,
  "attention_dropout": 0.0,
  "bos_token_id": 1,
  "enable_auto_parallel": false,
  "eos_token_id": 2,
  "head_dim": 128,
  "hidden_act": "silu",
  "hidden_size": 7168,
  "initializer_range": 0.006818968095896705,
  "intermediate_size": 19456,
  "is_lora": false,
  "max_position_embeddings": 4096,
  "max_sequence_length": 4096,
  "mlp_bias": false,
  "model_type": "llama",
  "moe_group_origin": "dummy",
  "moe_rank": 0,
  "moe_router_bias_update_rate": 0.0,
  "moe_world_size": 1,
  "num_attention_heads": 56,
  "num_hidden_layers": 80,
  "num_key_value_heads": 56,
  "pad_token_id": 0,
  "paddleformers_version": "1.1.0.post20260417",
  "pipeline_model_parallel_size": 2,
  "pp_seg_method": "layer:DecoderLayer|EmptyLayer",
  "pretraining_tp": 2,
  "recompute_granularity": "full",
  "recompute_method": "uniform",
  "recompute_num_layers": 1,
  "rms_norm_eps": 1e-05,
  "rope_parameters": {
    "rope_theta": 10000.0,
    "rope_type": "default"
  },
  "rope_scaling": null,
  "rope_theta": 10000.0,
  "seq_length": 4096,
  "tensor_model_parallel_size": 8,
  "tie_word_embeddings": false,
  "torch_dtype": "float32",
  "use_cache": true,
  "use_fast_layer_norm": false,
  "vocab_size": 32000
}
, layer_idx=25)
[2026-04-17 13:39:03,827] [    INFO] pp_layers.py:900 - 22: DecoderLayerPipe(config=LlamaConfig {
  "_name_or_path": "./models/Llama-2-52B",
  "architectures": [
    "LlamaForCausalLM"
  ],
  "attention_bias": false,
  "attention_dropout": 0.0,
  "bos_token_id": 1,
  "enable_auto_parallel": false,
  "eos_token_id": 2,
  "head_dim": 128,
  "hidden_act": "silu",
  "hidden_size": 7168,
  "initializer_range": 0.006818968095896705,
  "intermediate_size": 19456,
  "is_lora": false,
  "max_position_embeddings": 4096,
  "max_sequence_length": 4096,
  "mlp_bias": false,
  "model_type": "llama",
  "moe_group_origin": "dummy",
  "moe_rank": 0,
  "moe_router_bias_update_rate": 0.0,
  "moe_world_size": 1,
  "num_attention_heads": 56,
  "num_hidden_layers": 80,
  "num_key_value_heads": 56,
  "pad_token_id": 0,
  "paddleformers_version": "1.1.0.post20260417",
  "pipeline_model_parallel_size": 2,
  "pp_seg_method": "layer:DecoderLayer|EmptyLayer",
  "pretraining_tp": 2,
  "recompute_granularity": "full",
  "recompute_method": "uniform",
  "recompute_num_layers": 1,
  "rms_norm_eps": 1e-05,
  "rope_parameters": {
    "rope_theta": 10000.0,
    "rope_type": "default"
  },
  "rope_scaling": null,
  "rope_theta": 10000.0,
  "seq_length": 4096,
  "tensor_model_parallel_size": 8,
  "tie_word_embeddings": false,
  "torch_dtype": "float32",
  "use_cache": true,
  "use_fast_layer_norm": false,
  "vocab_size": 32000
}
, layer_idx=21)
[2026-04-17 13:39:03,830] [    INFO] pp_layers.py:900 - 27: DecoderLayerPipe(config=LlamaConfig {
  "_name_or_path": "./models/Llama-2-52B",
  "architectures": [
    "LlamaForCausalLM"
  ],
  "attention_bias": false,
  "attention_dropout": 0.0,
  "bos_token_id": 1,
  "enable_auto_parallel": false,
  "eos_token_id": 2,
  "head_dim": 128,
  "hidden_act": "silu",
  "hidden_size": 7168,
  "initializer_range": 0.006818968095896705,
  "intermediate_size": 19456,
  "is_lora": false,
  "max_position_embeddings": 4096,
  "max_sequence_length": 4096,
  "mlp_bias": false,
  "model_type": "llama",
  "moe_group_origin": "dummy",
  "moe_rank": 0,
  "moe_router_bias_update_rate": 0.0,
  "moe_world_size": 1,
  "num_attention_heads": 56,
  "num_hidden_layers": 80,
  "num_key_value_heads": 56,
  "pad_token_id": 0,
  "paddleformers_version": "1.1.0.post20260417",
  "pipeline_model_parallel_size": 2,
  "pp_seg_method": "layer:DecoderLayer|EmptyLayer",
  "pretraining_tp": 2,
  "recompute_granularity": "full",
  "recompute_method": "uniform",
  "recompute_num_layers": 1,
  "rms_norm_eps": 1e-05,
  "rope_parameters": {
    "rope_theta": 10000.0,
    "rope_type": "default"
  },
  "rope_scaling": null,
  "rope_theta": 10000.0,
  "seq_length": 4096,
  "tensor_model_parallel_size": 8,
  "tie_word_embeddings": false,
  "torch_dtype": "float32",
  "use_cache": true,
  "use_fast_layer_norm": false,
  "vocab_size": 32000
}
, layer_idx=26)
[2026-04-17 13:39:03,834] [    INFO] pp_layers.py:900 - 23: DecoderLayerPipe(config=LlamaConfig {
  "_name_or_path": "./models/Llama-2-52B",
  "architectures": [
    "LlamaForCausalLM"
  ],
  "attention_bias": false,
  "attention_dropout": 0.0,
  "bos_token_id": 1,
  "enable_auto_parallel": false,
  "eos_token_id": 2,
  "head_dim": 128,
  "hidden_act": "silu",
  "hidden_size": 7168,
  "initializer_range": 0.006818968095896705,
  "intermediate_size": 19456,
  "is_lora": false,
  "max_position_embeddings": 4096,
  "max_sequence_length": 4096,
  "mlp_bias": false,
  "model_type": "llama",
  "moe_group_origin": "dummy",
  "moe_rank": 0,
  "moe_router_bias_update_rate": 0.0,
  "moe_world_size": 1,
  "num_attention_heads": 56,
  "num_hidden_layers": 80,
  "num_key_value_heads": 56,
  "pad_token_id": 0,
  "paddleformers_version": "1.1.0.post20260417",
  "pipeline_model_parallel_size": 2,
  "pp_seg_method": "layer:DecoderLayer|EmptyLayer",
  "pretraining_tp": 2,
  "recompute_granularity": "full",
  "recompute_method": "uniform",
  "recompute_num_layers": 1,
  "rms_norm_eps": 1e-05,
  "rope_parameters": {
    "rope_theta": 10000.0,
    "rope_type": "default"
  },
  "rope_scaling": null,
  "rope_theta": 10000.0,
  "seq_length": 4096,
  "tensor_model_parallel_size": 8,
  "tie_word_embeddings": false,
  "torch_dtype": "float32",
  "use_cache": true,
  "use_fast_layer_norm": false,
  "vocab_size": 32000
}
, layer_idx=22)
[2026-04-17 13:39:03,835] [    INFO] pp_layers.py:900 - 28: DecoderLayerPipe(config=LlamaConfig {
  "_name_or_path": "./models/Llama-2-52B",
  "architectures": [
    "LlamaForCausalLM"
  ],
  "attention_bias": false,
  "attention_dropout": 0.0,
  "bos_token_id": 1,
  "enable_auto_parallel": false,
  "eos_token_id": 2,
  "head_dim": 128,
  "hidden_act": "silu",
  "hidden_size": 7168,
  "initializer_range": 0.006818968095896705,
  "intermediate_size": 19456,
  "is_lora": false,
  "max_position_embeddings": 4096,
  "max_sequence_length": 4096,
  "mlp_bias": false,
  "model_type": "llama",
  "moe_group_origin": "dummy",
  "moe_rank": 0,
  "moe_router_bias_update_rate": 0.0,
  "moe_world_size": 1,
  "num_attention_heads": 56,
  "num_hidden_layers": 80,
  "num_key_value_heads": 56,
  "pad_token_id": 0,
  "paddleformers_version": "1.1.0.post20260417",
  "pipeline_model_parallel_size": 2,
  "pp_seg_method": "layer:DecoderLayer|EmptyLayer",
  "pretraining_tp": 2,
  "recompute_granularity": "full",
  "recompute_method": "uniform",
  "recompute_num_layers": 1,
  "rms_norm_eps": 1e-05,
  "rope_parameters": {
    "rope_theta": 10000.0,
    "rope_type": "default"
  },
  "rope_scaling": null,
  "rope_theta": 10000.0,
  "seq_length": 4096,
  "tensor_model_parallel_size": 8,
  "tie_word_embeddings": false,
  "torch_dtype": "float32",
  "use_cache": true,
  "use_fast_layer_norm": false,
  "vocab_size": 32000
}
, layer_idx=27)
[2026-04-17 13:39:03,840] [    INFO] pp_layers.py:900 - 24: DecoderLayerPipe(config=LlamaConfig {
  "_name_or_path": "./models/Llama-2-52B",
  "architectures": [
    "LlamaForCausalLM"
  ],
  "attention_bias": false,
  "attention_dropout": 0.0,
  "bos_token_id": 1,
  "enable_auto_parallel": false,
  "eos_token_id": 2,
  "head_dim": 128,
  "hidden_act": "silu",
  "hidden_size": 7168,
  "initializer_range": 0.006818968095896705,
  "intermediate_size": 19456,
  "is_lora": false,
  "max_position_embeddings": 4096,
  "max_sequence_length": 4096,
  "mlp_bias": false,
  "model_type": "llama",
  "moe_group_origin": "dummy",
  "moe_rank": 0,
  "moe_router_bias_update_rate": 0.0,
  "moe_world_size": 1,
  "num_attention_heads": 56,
  "num_hidden_layers": 80,
  "num_key_value_heads": 56,
  "pad_token_id": 0,
  "paddleformers_version": "1.1.0.post20260417",
  "pipeline_model_parallel_size": 2,
  "pp_seg_method": "layer:DecoderLayer|EmptyLayer",
  "pretraining_tp": 2,
  "recompute_granularity": "full",
  "recompute_method": "uniform",
  "recompute_num_layers": 1,
  "rms_norm_eps": 1e-05,
  "rope_parameters": {
    "rope_theta": 10000.0,
    "rope_type": "default"
  },
  "rope_scaling": null,
  "rope_theta": 10000.0,
  "seq_length": 4096,
  "tensor_model_parallel_size": 8,
  "tie_word_embeddings": false,
  "torch_dtype": "float32",
  "use_cache": true,
  "use_fast_layer_norm": false,
  "vocab_size": 32000
}
, layer_idx=23)
[2026-04-17 13:39:03,842] [    INFO] pp_layers.py:900 - 29: DecoderLayerPipe(config=LlamaConfig {
  "_name_or_path": "./models/Llama-2-52B",
  "architectures": [
    "LlamaForCausalLM"
  ],
  "attention_bias": false,
  "attention_dropout": 0.0,
  "bos_token_id": 1,
  "enable_auto_parallel": false,
  "eos_token_id": 2,
  "head_dim": 128,
  "hidden_act": "silu",
  "hidden_size": 7168,
  "initializer_range": 0.006818968095896705,
  "intermediate_size": 19456,
  "is_lora": false,
  "max_position_embeddings": 4096,
  "max_sequence_length": 4096,
  "mlp_bias": false,
  "model_type": "llama",
  "moe_group_origin": "dummy",
  "moe_rank": 0,
  "moe_router_bias_update_rate": 0.0,
  "moe_world_size": 1,
  "num_attention_heads": 56,
  "num_hidden_layers": 80,
  "num_key_value_heads": 56,
  "pad_token_id": 0,
  "paddleformers_version": "1.1.0.post20260417",
  "pipeline_model_parallel_size": 2,
  "pp_seg_method": "layer:DecoderLayer|EmptyLayer",
  "pretraining_tp": 2,
  "recompute_granularity": "full",
  "recompute_method": "uniform",
  "recompute_num_layers": 1,
  "rms_norm_eps": 1e-05,
  "rope_parameters": {
    "rope_theta": 10000.0,
    "rope_type": "default"
  },
  "rope_scaling": null,
  "rope_theta": 10000.0,
  "seq_length": 4096,
  "tensor_model_parallel_size": 8,
  "tie_word_embeddings": false,
  "torch_dtype": "float32",
  "use_cache": true,
  "use_fast_layer_norm": false,
  "vocab_size": 32000
}
, layer_idx=28)
[2026-04-17 13:39:03,844] [    INFO] pp_layers.py:900 - 25: DecoderLayerPipe(config=LlamaConfig {
  "_name_or_path": "./models/Llama-2-52B",
  "architectures": [
    "LlamaForCausalLM"
  ],
  "attention_bias": false,
  "attention_dropout": 0.0,
  "bos_token_id": 1,
  "enable_auto_parallel": false,
  "eos_token_id": 2,
  "head_dim": 128,
  "hidden_act": "silu",
  "hidden_size": 7168,
  "initializer_range": 0.006818968095896705,
  "intermediate_size": 19456,
  "is_lora": false,
  "max_position_embeddings": 4096,
  "max_sequence_length": 4096,
  "mlp_bias": false,
  "model_type": "llama",
  "moe_group_origin": "dummy",
  "moe_rank": 0,
  "moe_router_bias_update_rate": 0.0,
  "moe_world_size": 1,
  "num_attention_heads": 56,
  "num_hidden_layers": 80,
  "num_key_value_heads": 56,
  "pad_token_id": 0,
  "paddleformers_version": "1.1.0.post20260417",
  "pipeline_model_parallel_size": 2,
  "pp_seg_method": "layer:DecoderLayer|EmptyLayer",
  "pretraining_tp": 2,
  "recompute_granularity": "full",
  "recompute_method": "uniform",
  "recompute_num_layers": 1,
  "rms_norm_eps": 1e-05,
  "rope_parameters": {
    "rope_theta": 10000.0,
    "rope_type": "default"
  },
  "rope_scaling": null,
  "rope_theta": 10000.0,
  "seq_length": 4096,
  "tensor_model_parallel_size": 8,
  "tie_word_embeddings": false,
  "torch_dtype": "float32",
  "use_cache": true,
  "use_fast_layer_norm": false,
  "vocab_size": 32000
}
, layer_idx=24)
[2026-04-17 13:39:03,847] [    INFO] pp_layers.py:900 - 30: DecoderLayerPipe(config=LlamaConfig {
  "_name_or_path": "./models/Llama-2-52B",
  "architectures": [
    "LlamaForCausalLM"
  ],
  "attention_bias": false,
  "attention_dropout": 0.0,
  "bos_token_id": 1,
  "enable_auto_parallel": false,
  "rope_parameters": {
    "rope_theta": 10000.0,
    "rope_type": "default"
  },
  "rope_scaling": null,
  "rope_theta": 10000.0,
  "seq_length": 4096,
  "tensor_model_parallel_size": 8,
  "tie_word_embeddings": false,
  "torch_dtype": "float32",
  "use_cache": true,
  "use_fast_layer_norm": false,
  "vocab_size": 32000
}
, layer_idx=24)
[2026-04-17 13:39:03,847] [    INFO] pp_layers.py:900 - 30: DecoderLayerPipe(config=LlamaConfig {
  "_name_or_path": "./models/Llama-2-52B",
  "architectures": [
    "LlamaForCausalLM"
  ],
  "attention_bias": false,
  "attention_dropout": 0.0,
  "bos_token_id": 1,
  "enable_auto_parallel": false,
  "eos_token_id": 2,
  "head_dim": 128,
  "hidden_act": "silu",
  "hidden_size": 7168,
  "initializer_range": 0.006818968095896705,
  "intermediate_size": 19456,
  "is_lora": false,
  "max_position_embeddings": 4096,
  "max_sequence_length": 4096,
  "mlp_bias": false,
  "model_type": "llama",
  "moe_group_origin": "dummy",
  "moe_rank": 0,
  "moe_router_bias_update_rate": 0.0,
  "moe_world_size": 1,
  "num_attention_heads": 56,
  "num_hidden_layers": 80,
  "num_key_value_heads": 56,
  "pad_token_id": 0,
  "paddleformers_version": "1.1.0.post20260417",
  "pipeline_model_parallel_size": 2,
  "pp_seg_method": "layer:DecoderLayer|EmptyLayer",
  "pretraining_tp": 2,
  "recompute_granularity": "full",
  "recompute_method": "uniform",
  "recompute_num_layers": 1,
  "rms_norm_eps": 1e-05,
  "rope_parameters": {
    "rope_theta": 10000.0,
    "rope_type": "default"
  },
  "rope_scaling": null,
  "rope_theta": 10000.0,
  "seq_length": 4096,
  "tensor_model_parallel_size": 8,
  "tie_word_embeddings": false,
  "torch_dtype": "float32",
  "use_cache": true,
  "use_fast_layer_norm": false,
  "vocab_size": 32000
}
, layer_idx=29)
[2026-04-17 13:39:03,849] [    INFO] pp_layers.py:900 - 26: DecoderLayerPipe(config=LlamaConfig {
  "_name_or_path": "./models/Llama-2-52B",
  "architectures": [
    "LlamaForCausalLM"
  ],
  "attention_bias": false,
  "attention_dropout": 0.0,
  "bos_token_id": 1,
  "enable_auto_parallel": false,
  "eos_token_id": 2,
  "head_dim": 128,
  "hidden_act": "silu",
  "hidden_size": 7168,
  "initializer_range": 0.006818968095896705,
  "intermediate_size": 19456,
  "is_lora": false,
  "max_position_embeddings": 4096,
  "max_sequence_length": 4096,
  "mlp_bias": false,
  "model_type": "llama",
  "moe_group_origin": "dummy",
  "moe_rank": 0,
  "moe_router_bias_update_rate": 0.0,
  "moe_world_size": 1,
  "num_attention_heads": 56,
  "num_hidden_layers": 80,
  "num_key_value_heads": 56,
  "pad_token_id": 0,
  "paddleformers_version": "1.1.0.post20260417",
  "pipeline_model_parallel_size": 2,
  "pp_seg_method": "layer:DecoderLayer|EmptyLayer",
  "pretraining_tp": 2,
  "recompute_granularity": "full",
  "recompute_method": "uniform",
  "recompute_num_layers": 1,
  "rms_norm_eps": 1e-05,
  "rope_parameters": {
    "rope_theta": 10000.0,
    "rope_type": "default"
  },
  "rope_scaling": null,
  "rope_theta": 10000.0,
  "seq_length": 4096,
  "tensor_model_parallel_size": 8,
  "tie_word_embeddings": false,
  "torch_dtype": "float32",
  "use_cache": true,
  "use_fast_layer_norm": false,
  "vocab_size": 32000
}
, layer_idx=25)
[2026-04-17 13:39:03,852] [    INFO] pp_layers.py:900 - 31: DecoderLayerPipe(config=LlamaConfig {
  "_name_or_path": "./models/Llama-2-52B",
  "architectures": [
    "LlamaForCausalLM"
  ],
  "attention_bias": false,
  "attention_dropout": 0.0,
  "bos_token_id": 1,
  "enable_auto_parallel": false,
  "eos_token_id": 2,
  "head_dim": 128,
  "hidden_act": "silu",
  "hidden_size": 7168,
  "initializer_range": 0.006818968095896705,
  "intermediate_size": 19456,
  "is_lora": false,
  "max_position_embeddings": 4096,
  "max_sequence_length": 4096,
  "mlp_bias": false,
  "model_type": "llama",
  "moe_group_origin": "dummy",
  "moe_rank": 0,
  "moe_router_bias_update_rate": 0.0,
  "moe_world_size": 1,
  "num_attention_heads": 56,
  "num_hidden_layers": 80,
  "num_key_value_heads": 56,
  "pad_token_id": 0,
  "paddleformers_version": "1.1.0.post20260417",
  "pipeline_model_parallel_size": 2,
  "pp_seg_method": "layer:DecoderLayer|EmptyLayer",
  "pretraining_tp": 2,
  "recompute_granularity": "full",
  "recompute_method": "uniform",
  "recompute_num_layers": 1,
  "rms_norm_eps": 1e-05,
  "rope_parameters": {
    "rope_theta": 10000.0,
    "rope_type": "default"
  },
  "rope_scaling": null,
  "rope_theta": 10000.0,
  "seq_length": 4096,
  "tensor_model_parallel_size": 8,
  "tie_word_embeddings": false,
  "torch_dtype": "float32",
  "use_cache": true,
  "use_fast_layer_norm": false,
  "vocab_size": 32000
}
, layer_idx=30)
[2026-04-17 13:39:03,856] [    INFO] pp_layers.py:900 - 27: DecoderLayerPipe(config=LlamaConfig {
  "_name_or_path": "./models/Llama-2-52B",
  "architectures": [
    "LlamaForCausalLM"
  ],
  "attention_bias": false,
  "attention_dropout": 0.0,
  "bos_token_id": 1,
  "enable_auto_parallel": false,
  "eos_token_id": 2,
  "head_dim": 128,
  "hidden_act": "silu",
  "hidden_size": 7168,
  "initializer_range": 0.006818968095896705,
  "intermediate_size": 19456,
  "is_lora": false,
  "max_position_embeddings": 4096,
  "max_sequence_length": 4096,
  "mlp_bias": false,
  "model_type": "llama",
  "moe_group_origin": "dummy",
  "moe_rank": 0,
  "moe_router_bias_update_rate": 0.0,
  "moe_world_size": 1,
  "num_attention_heads": 56,
  "num_hidden_layers": 80,
  "num_key_value_heads": 56,
  "pad_token_id": 0,
  "paddleformers_version": "1.1.0.post20260417",
  "pipeline_model_parallel_size": 2,
  "pp_seg_method": "layer:DecoderLayer|EmptyLayer",
  "pretraining_tp": 2,
  "recompute_granularity": "full",
  "recompute_method": "uniform",
  "recompute_num_layers": 1,
  "rms_norm_eps": 1e-05,
  "rope_parameters": {
    "rope_theta": 10000.0,
    "rope_type": "default"
  },
  "rope_scaling": null,
  "rope_theta": 10000.0,
  "seq_length": 4096,
  "tensor_model_parallel_size": 8,
  "tie_word_embeddings": false,
  "torch_dtype": "float32",
  "use_cache": true,
  "use_fast_layer_norm": false,
  "vocab_size": 32000
}
, layer_idx=26)
[2026-04-17 13:39:03,858] [    INFO] pp_layers.py:900 - 32: DecoderLayerPipe(config=LlamaConfig {
  "_name_or_path": "./models/Llama-2-52B",
  "architectures": [
    "LlamaForCausalLM"
  ],
  "attention_bias": false,
  "attention_dropout": 0.0,
  "bos_token_id": 1,
  "enable_auto_parallel": false,
  "eos_token_id": 2,
  "head_dim": 128,
  "hidden_act": "silu",
  "hidden_size": 7168,
  "initializer_range": 0.006818968095896705,
  "intermediate_size": 19456,
  "is_lora": false,
  "max_position_embeddings": 4096,
  "max_sequence_length": 4096,
  "mlp_bias": false,
  "model_type": "llama",
  "moe_group_origin": "dummy",
  "moe_rank": 0,
  "moe_router_bias_update_rate": 0.0,
  "moe_world_size": 1,
  "num_attention_heads": 56,
  "num_hidden_layers": 80,
  "num_key_value_heads": 56,
  "pad_token_id": 0,
  "paddleformers_version": "1.1.0.post20260417",
  "pipeline_model_parallel_size": 2,
  "pp_seg_method": "layer:DecoderLayer|EmptyLayer",
  "pretraining_tp": 2,
  "recompute_granularity": "full",
  "recompute_method": "uniform",
  "recompute_num_layers": 1,
  "rms_norm_eps": 1e-05,
  "rope_parameters": {
    "rope_theta": 10000.0,
    "rope_type": "default"
  },
  "rope_scaling": null,
  "rope_theta": 10000.0,
  "seq_length": 4096,
  "tensor_model_parallel_size": 8,
  "tie_word_embeddings": false,
  "torch_dtype": "float32",
  "use_cache": true,
  "use_fast_layer_norm": false,
  "vocab_size": 32000
}
, layer_idx=31)
[2026-04-17 13:39:03,861] [    INFO] pp_layers.py:900 - 28: DecoderLayerPipe(config=LlamaConfig {
  "_name_or_path": "./models/Llama-2-52B",
  "architectures": [
    "LlamaForCausalLM"
  ],
  "attention_bias": false,
  "attention_dropout": 0.0,
  "bos_token_id": 1,
  "enable_auto_parallel": false,
  "eos_token_id": 2,
  "head_dim": 128,
  "hidden_act": "silu",
  "hidden_size": 7168,
  "initializer_range": 0.006818968095896705,
  "intermediate_size": 19456,
  "is_lora": false,
  "max_position_embeddings": 4096,
  "max_sequence_length": 4096,
  "mlp_bias": false,
  "model_type": "llama",
  "moe_group_origin": "dummy",
  "moe_rank": 0,
  "moe_router_bias_update_rate": 0.0,
  "moe_world_size": 1,
  "num_attention_heads": 56,
  "num_hidden_layers": 80,
  "num_key_value_heads": 56,
  "pad_token_id": 0,
  "paddleformers_version": "1.1.0.post20260417",
  "pipeline_model_parallel_size": 2,
  "pp_seg_method": "layer:DecoderLayer|EmptyLayer",
  "pretraining_tp": 2,
  "recompute_granularity": "full",
  "recompute_method": "uniform",
  "recompute_num_layers": 1,
  "rms_norm_eps": 1e-05,
  "rope_parameters": {
    "rope_theta": 10000.0,
    "rope_type": "default"
  },
  "rope_scaling": null,
  "rope_theta": 10000.0,
  "seq_length": 4096,
  "tensor_model_parallel_size": 8,
  "tie_word_embeddings": false,
  "torch_dtype": "float32",
  "use_cache": true,
  "use_fast_layer_norm": false,
  "vocab_size": 32000
}
, layer_idx=27)
[2026-04-17 13:39:03,864] [    INFO] pp_layers.py:900 - 33: DecoderLayerPipe(config=LlamaConfig {
  "_name_or_path": "./models/Llama-2-52B",
  "architectures": [
    "LlamaForCausalLM"
  ],
  "attention_bias": false,
  "attention_dropout": 0.0,
  "bos_token_id": 1,
  "enable_auto_parallel": false,
  "eos_token_id": 2,
  "head_dim": 128,
  "hidden_act": "silu",
  "hidden_size": 7168,
  "initializer_range": 0.006818968095896705,
  "intermediate_size": 19456,
  "is_lora": false,
  "max_position_embeddings": 4096,
  "max_sequence_length": 4096,
  "mlp_bias": false,
  "model_type": "llama",
  "moe_group_origin": "dummy",
  "moe_rank": 0,
  "moe_router_bias_update_rate": 0.0,
  "moe_world_size": 1,
  "num_attention_heads": 56,
  "num_hidden_layers": 80,
  "num_key_value_heads": 56,
  "pad_token_id": 0,
  "paddleformers_version": "1.1.0.post20260417",
  "pipeline_model_parallel_size": 2,
  "pp_seg_method": "layer:DecoderLayer|EmptyLayer",
  "pretraining_tp": 2,
  "recompute_granularity": "full",
  "recompute_method": "uniform",
  "recompute_num_layers": 1,
  "rms_norm_eps": 1e-05,
  "rope_parameters": {
    "rope_theta": 10000.0,
    "rope_type": "default"
  },
  "rope_scaling": null,
  "rope_theta": 10000.0,
  "seq_length": 4096,
  "tensor_model_parallel_size": 8,
  "tie_word_embeddings": false,
  "torch_dtype": "float32",
  "use_cache": true,
  "use_fast_layer_norm": false,
  "vocab_size": 32000
}
, layer_idx=32)
[2026-04-17 13:39:03,867] [    INFO] pp_layers.py:900 - 29: DecoderLayerPipe(config=LlamaConfig {
  "_name_or_path": "./models/Llama-2-52B",
  "architectures": [
    "LlamaForCausalLM"
  ],
  "attention_bias": false,
  "attention_dropout": 0.0,
  "bos_token_id": 1,
  "enable_auto_parallel": false,
  "eos_token_id": 2,
  "head_dim": 128,
  "hidden_act": "silu",
  "hidden_size": 7168,
  "initializer_range": 0.006818968095896705,
  "intermediate_size": 19456,
  "is_lora": false,
  "max_position_embeddings": 4096,
  "max_sequence_length": 4096,
  "mlp_bias": false,
  "model_type": "llama",
  "moe_group_origin": "dummy",
  "moe_rank": 0,
  "moe_router_bias_update_rate": 0.0,
  "moe_world_size": 1,
  "num_attention_heads": 56,
  "num_hidden_layers": 80,
  "num_key_value_heads": 56,
  "pad_token_id": 0,
  "paddleformers_version": "1.1.0.post20260417",
  "pipeline_model_parallel_size": 2,
  "pp_seg_method": "layer:DecoderLayer|EmptyLayer",
  "pretraining_tp": 2,
  "recompute_granularity": "full",
  "recompute_method": "uniform",
  "recompute_num_layers": 1,
  "rms_norm_eps": 1e-05,
  "rope_parameters": {
    "rope_theta": 10000.0,
    "rope_type": "default"
  },
  "rope_scaling": null,
  "rope_theta": 10000.0,
  "seq_length": 4096,
  "tensor_model_parallel_size": 8,
  "tie_word_embeddings": false,
  "torch_dtype": "float32",
  "use_cache": true,
  "use_fast_layer_norm": false,
  "vocab_size": 32000
}
, layer_idx=28)
[2026-04-17 13:39:03,870] [    INFO] pp_layers.py:900 - 34: DecoderLayerPipe(config=LlamaConfig {
  "_name_or_path": "./models/Llama-2-52B",
  "architectures": [
    "LlamaForCausalLM"
  ],
  "attention_bias": false,
  "attention_dropout": 0.0,
  "bos_token_id": 1,
  "enable_auto_parallel": false,
  "eos_token_id": 2,
  "head_dim": 128,
  "hidden_act": "silu",
  "hidden_size": 7168,
  "initializer_range": 0.006818968095896705,
  "intermediate_size": 19456,
  "is_lora": false,
  "max_position_embeddings": 4096,
  "max_sequence_length": 4096,
  "mlp_bias": false,
  "model_type": "llama",
  "moe_group_origin": "dummy",
  "moe_rank": 0,
  "moe_router_bias_update_rate": 0.0,
  "moe_world_size": 1,
  "num_attention_heads": 56,
  "num_hidden_layers": 80,
  "num_key_value_heads": 56,
  "pad_token_id": 0,
  "paddleformers_version": "1.1.0.post20260417",
  "pipeline_model_parallel_size": 2,
  "pp_seg_method": "layer:DecoderLayer|EmptyLayer",
  "pretraining_tp": 2,
  "recompute_granularity": "full",
  "recompute_method": "uniform",
  "recompute_num_layers": 1,
  "rms_norm_eps": 1e-05,
  "rope_parameters": {
    "rope_theta": 10000.0,
    "rope_type": "default"
  },
  "rope_scaling": null,
  "rope_theta": 10000.0,
  "seq_length": 4096,
  "tensor_model_parallel_size": 8,
  "tie_word_embeddings": false,
  "torch_dtype": "float32",
  "use_cache": true,
  "use_fast_layer_norm": false,
  "vocab_size": 32000
}
, layer_idx=33)
[2026-04-17 13:39:03,875] [    INFO] pp_layers.py:900 - 30: DecoderLayerPipe(config=LlamaConfig {
  "_name_or_path": "./models/Llama-2-52B",
  "architectures": [
    "LlamaForCausalLM"
  ],
  "attention_bias": false,
  "attention_dropout": 0.0,
  "bos_token_id": 1,
  "enable_auto_parallel": false,
  "eos_token_id": 2,
  "head_dim": 128,
  "hidden_act": "silu",
  "hidden_size": 7168,
  "initializer_range": 0.006818968095896705,
  "intermediate_size": 19456,
  "is_lora": false,
  "max_position_embeddings": 4096,
  "max_sequence_length": 4096,
  "mlp_bias": false,
  "model_type": "llama",
  "moe_group_origin": "dummy",
  "moe_rank": 0,
  "moe_router_bias_update_rate": 0.0,
  "moe_world_size": 1,
  "num_attention_heads": 56,
  "num_hidden_layers": 80,
  "num_key_value_heads": 56,
  "pad_token_id": 0,
  "paddleformers_version": "1.1.0.post20260417",
  "pipeline_model_parallel_size": 2,
  "pp_seg_method": "layer:DecoderLayer|EmptyLayer",
  "pretraining_tp": 2,
  "recompute_granularity": "full",
  "recompute_method": "uniform",
  "recompute_num_layers": 1,
  "rms_norm_eps": 1e-05,
  "rope_parameters": {
    "rope_theta": 10000.0,
    "rope_type": "default"
  },
  "rope_scaling": null,
  "rope_theta": 10000.0,
  "seq_length": 4096,
  "tensor_model_parallel_size": 8,
  "tie_word_embeddings": false,
  "torch_dtype": "float32",
  "use_cache": true,
  "use_fast_layer_norm": false,
  "vocab_size": 32000
}
, layer_idx=29)
[2026-04-17 13:39:03,886] [    INFO] pp_layers.py:900 - 35: DecoderLayerPipe(config=LlamaConfig {
  "_name_or_path": "./models/Llama-2-52B",
  "architectures": [
    "LlamaForCausalLM"
  ],
  "attention_bias": false,
  "attention_dropout": 0.0,
  "bos_token_id": 1,
  "enable_auto_parallel": false,
  "eos_token_id": 2,
  "head_dim": 128,
  "hidden_act": "silu",
  "hidden_size": 7168,
  "initializer_range": 0.006818968095896705,
  "intermediate_size": 19456,
  "is_lora": false,
  "max_position_embeddings": 4096,
  "max_sequence_length": 4096,
  "mlp_bias": false,
  "model_type": "llama",
  "moe_group_origin": "dummy",
  "moe_rank": 0,
  "moe_router_bias_update_rate": 0.0,
  "moe_world_size": 1,
  "num_attention_heads": 56,
  "num_hidden_layers": 80,
  "num_key_value_heads": 56,
  "pad_token_id": 0,
  "paddleformers_version": "1.1.0.post20260417",
  "pipeline_model_parallel_size": 2,
  "pp_seg_method": "layer:DecoderLayer|EmptyLayer",
  "pretraining_tp": 2,
  "recompute_granularity": "full",
  "recompute_method": "uniform",
  "recompute_num_layers": 1,
  "rms_norm_eps": 1e-05,
  "rope_parameters": {
    "rope_theta": 10000.0,
    "rope_type": "default"
  },
  "rope_scaling": null,
  "rope_theta": 10000.0,
  "seq_length": 4096,
  "tensor_model_parallel_size": 8,
  "tie_word_embeddings": false,
  "torch_dtype": "float32",
  "use_cache": true,
  "use_fast_layer_norm": false,
  "vocab_size": 32000
}
, layer_idx=34)
[2026-04-17 13:39:03,890] [    INFO] pp_layers.py:900 - 31: DecoderLayerPipe(config=LlamaConfig {
  "_name_or_path": "./models/Llama-2-52B",
  "architectures": [
    "LlamaForCausalLM"
  ],
  "attention_bias": false,
  "attention_dropout": 0.0,
  "bos_token_id": 1,
  "enable_auto_parallel": false,
  "eos_token_id": 2,
  "head_dim": 128,
  "hidden_act": "silu",
  "hidden_size": 7168,
  "initializer_range": 0.006818968095896705,
  "intermediate_size": 19456,
  "is_lora": false,
  "max_position_embeddings": 4096,
  "max_sequence_length": 4096,
  "mlp_bias": false,
  "model_type": "llama",
  "moe_group_origin": "dummy",
  "moe_rank": 0,
  "moe_router_bias_update_rate": 0.0,
  "moe_world_size": 1,
  "num_attention_heads": 56,
  "num_hidden_layers": 80,
  "num_key_value_heads": 56,
  "pad_token_id": 0,
  "paddleformers_version": "1.1.0.post20260417",
  "pipeline_model_parallel_size": 2,
  "pp_seg_method": "layer:DecoderLayer|EmptyLayer",
  "pretraining_tp": 2,
  "recompute_granularity": "full",
  "recompute_method": "uniform",
  "recompute_num_layers": 1,
  "rms_norm_eps": 1e-05,
  "rope_parameters": {
    "rope_theta": 10000.0,
    "rope_type": "default"
  },
  "rope_scaling": null,
  "rope_theta": 10000.0,
  "seq_length": 4096,
  "tensor_model_parallel_size": 8,
  "tie_word_embeddings": false,
  "torch_dtype": "float32",
  "use_cache": true,
  "use_fast_layer_norm": false,
  "vocab_size": 32000
}
, layer_idx=30)
[2026-04-17 13:39:03,892] [    INFO] pp_layers.py:900 - 36: DecoderLayerPipe(config=LlamaConfig {
  "_name_or_path": "./models/Llama-2-52B",
  "architectures": [
    "LlamaForCausalLM"
  ],
  "attention_bias": false,
  "attention_dropout": 0.0,
  "bos_token_id": 1,
  "enable_auto_parallel": false,
  "eos_token_id": 2,
  "head_dim": 128,
  "hidden_act": "silu",
  "hidden_size": 7168,
  "initializer_range": 0.006818968095896705,
  "intermediate_size": 19456,
  "is_lora": false,
  "max_position_embeddings": 4096,
  "max_sequence_length": 4096,
  "mlp_bias": false,
  "model_type": "llama",
  "moe_group_origin": "dummy",
  "moe_rank": 0,
  "moe_router_bias_update_rate": 0.0,
  "moe_world_size": 1,
  "num_attention_heads": 56,
  "num_hidden_layers": 80,
  "num_key_value_heads": 56,
  "pad_token_id": 0,
  "paddleformers_version": "1.1.0.post20260417",
  "pipeline_model_parallel_size": 2,
  "pp_seg_method": "layer:DecoderLayer|EmptyLayer",
  "pretraining_tp": 2,
  "recompute_granularity": "full",
  "recompute_method": "uniform",
  "recompute_num_layers": 1,
  "rms_norm_eps": 1e-05,
  "rope_parameters": {
    "rope_theta": 10000.0,
    "rope_type": "default"
  },
  "rope_scaling": null,
  "rope_theta": 10000.0,
  "seq_length": 4096,
  "tensor_model_parallel_size": 8,
  "tie_word_embeddings": false,
  "torch_dtype": "float32",
  "use_cache": true,
  "use_fast_layer_norm": false,
  "vocab_size": 32000
}
, layer_idx=35)
[2026-04-17 13:39:03,895] [    INFO] pp_layers.py:900 - 32: DecoderLayerPipe(config=LlamaConfig {
  "_name_or_path": "./models/Llama-2-52B",
  "architectures": [
    "LlamaForCausalLM"
  ],
  "attention_bias": false,
  "attention_dropout": 0.0,
  "bos_token_id": 1,
  "enable_auto_parallel": false,
  "eos_token_id": 2,
  "head_dim": 128,
  "hidden_act": "silu",
  "hidden_size": 7168,
  "initializer_range": 0.006818968095896705,
  "intermediate_size": 19456,
  "is_lora": false,
  "max_position_embeddings": 4096,
  "max_sequence_length": 4096,
  "mlp_bias": false,
  "model_type": "llama",
  "moe_group_origin": "dummy",
  "moe_rank": 0,
  "moe_router_bias_update_rate": 0.0,
  "moe_world_size": 1,
  "num_attention_heads": 56,
  "num_hidden_layers": 80,
  "num_key_value_heads": 56,
  "pad_token_id": 0,
  "paddleformers_version": "1.1.0.post20260417",
  "pipeline_model_parallel_size": 2,
  "pp_seg_method": "layer:DecoderLayer|EmptyLayer",
  "pretraining_tp": 2,
  "recompute_granularity": "full",
  "recompute_method": "uniform",
  "recompute_num_layers": 1,
  "rms_norm_eps": 1e-05,
  "rope_parameters": {
    "rope_theta": 10000.0,
    "rope_type": "default"
  },
  "rope_scaling": null,
  "rope_theta": 10000.0,
  "seq_length": 4096,
  "tensor_model_parallel_size": 8,
  "tie_word_embeddings": false,
  "torch_dtype": "float32",
  "use_cache": true,
  "use_fast_layer_norm": false,
  "vocab_size": 32000
}
, layer_idx=31)
[2026-04-17 13:39:03,898] [    INFO] pp_layers.py:900 - 37: DecoderLayerPipe(config=LlamaConfig {
  "_name_or_path": "./models/Llama-2-52B",
  "architectures": [
    "LlamaForCausalLM"
  ],
  "attention_bias": false,
  "attention_dropout": 0.0,
  "bos_token_id": 1,
  "enable_auto_parallel": false,
  "eos_token_id": 2,
  "head_dim": 128,
  "hidden_act": "silu",
  "hidden_size": 7168,
  "initializer_range": 0.006818968095896705,
  "intermediate_size": 19456,
  "is_lora": false,
  "max_position_embeddings": 4096,
  "max_sequence_length": 4096,
  "mlp_bias": false,
  "model_type": "llama",
  "moe_group_origin": "dummy",
  "moe_rank": 0,
  "moe_router_bias_update_rate": 0.0,
  "moe_world_size": 1,
  "num_attention_heads": 56,
  "num_hidden_layers": 80,
  "num_key_value_heads": 56,
  "pad_token_id": 0,
  "paddleformers_version": "1.1.0.post20260417",
  "pipeline_model_parallel_size": 2,
  "pp_seg_method": "layer:DecoderLayer|EmptyLayer",
  "pretraining_tp": 2,
  "recompute_granularity": "full",
  "recompute_method": "uniform",
  "recompute_num_layers": 1,
  "rms_norm_eps": 1e-05,
  "rope_parameters": {
    "rope_theta": 10000.0,
    "rope_type": "default"
  },
  "rope_scaling": null,
  "rope_theta": 10000.0,
  "seq_length": 4096,
  "tensor_model_parallel_size": 8,
  "tie_word_embeddings": false,
  "torch_dtype": "float32",
  "use_cache": true,
  "use_fast_layer_norm": false,
  "vocab_size": 32000
}
, layer_idx=36)
[2026-04-17 13:39:03,901] [    INFO] pp_layers.py:900 - 33: DecoderLayerPipe(config=LlamaConfig {
  "_name_or_path": "./models/Llama-2-52B",
  "architectures": [
    "LlamaForCausalLM"
  ],
  "attention_bias": false,
  "attention_dropout": 0.0,
  "bos_token_id": 1,
  "enable_auto_parallel": false,
  "eos_token_id": 2,
  "head_dim": 128,
  "hidden_act": "silu",
  "hidden_size": 7168,
  "initializer_range": 0.006818968095896705,
  "intermediate_size": 19456,
  "is_lora": false,
  "max_position_embeddings": 4096,
  "max_sequence_length": 4096,
  "mlp_bias": false,
  "model_type": "llama",
  "moe_group_origin": "dummy",
  "moe_rank": 0,
  "moe_router_bias_update_rate": 0.0,
  "moe_world_size": 1,
  "num_attention_heads": 56,
  "num_hidden_layers": 80,
  "num_key_value_heads": 56,
  "pad_token_id": 0,
  "paddleformers_version": "1.1.0.post20260417",
  "pipeline_model_parallel_size": 2,
  "pp_seg_method": "layer:DecoderLayer|EmptyLayer",
  "pretraining_tp": 2,
  "recompute_granularity": "full",
  "recompute_method": "uniform",
  "recompute_num_layers": 1,
  "rms_norm_eps": 1e-05,
  "rope_parameters": {
    "rope_theta": 10000.0,
    "rope_type": "default"
  },
  "rope_scaling": null,
  "rope_theta": 10000.0,
  "seq_length": 4096,
  "tensor_model_parallel_size": 8,
  "tie_word_embeddings": false,
  "torch_dtype": "float32",
  "use_cache": true,
  "use_fast_layer_norm": false,
  "vocab_size": 32000
}
, layer_idx=32)
[2026-04-17 13:39:03,902] [    INFO] pp_layers.py:900 - 38: DecoderLayerPipe(config=LlamaConfig {
  "_name_or_path": "./models/Llama-2-52B",
  "architectures": [
    "LlamaForCausalLM"
  ],
  "attention_bias": false,
  "attention_dropout": 0.0,
  "bos_token_id": 1,
  "enable_auto_parallel": false,
  "eos_token_id": 2,
  "head_dim": 128,
  "hidden_act": "silu",
  "hidden_size": 7168,
  "initializer_range": 0.006818968095896705,
  "intermediate_size": 19456,
  "is_lora": false,
  "max_position_embeddings": 4096,
  "max_sequence_length": 4096,
  "mlp_bias": false,
  "model_type": "llama",
  "moe_group_origin": "dummy",
  "moe_rank": 0,
  "moe_router_bias_update_rate": 0.0,
  "moe_world_size": 1,
  "num_attention_heads": 56,
  "num_hidden_layers": 80,
  "num_key_value_heads": 56,
  "pad_token_id": 0,
  "paddleformers_version": "1.1.0.post20260417",
  "pipeline_model_parallel_size": 2,
  "pp_seg_method": "layer:DecoderLayer|EmptyLayer",
  "pretraining_tp": 2,
  "recompute_granularity": "full",
  "recompute_method": "uniform",
  "recompute_num_layers": 1,
  "rms_norm_eps": 1e-05,
  "rope_parameters": {
    "rope_theta": 10000.0,
    "rope_type": "default"
  },
  "rope_scaling": null,
  "rope_theta": 10000.0,
  "seq_length": 4096,
  "tensor_model_parallel_size": 8,
  "tie_word_embeddings": false,
  "torch_dtype": "float32",
  "use_cache": true,
  "use_fast_layer_norm": false,
  "vocab_size": 32000
}
, layer_idx=37)
[2026-04-17 13:39:03,906] [    INFO] pp_layers.py:900 - 34: DecoderLayerPipe(config=LlamaConfig {
  "_name_or_path": "./models/Llama-2-52B",
  "architectures": [
    "LlamaForCausalLM"
  ],
  "attention_bias": false,
  "attention_dropout": 0.0,
  "bos_token_id": 1,
  "enable_auto_parallel": false,
  "eos_token_id": 2,
  "head_dim": 128,
  "hidden_act": "silu",
  "hidden_size": 7168,
  "initializer_range": 0.006818968095896705,
  "intermediate_size": 19456,
  "is_lora": false,
  "max_position_embeddings": 4096,
  "max_sequence_length": 4096,
  "mlp_bias": false,
  "model_type": "llama",
  "moe_group_origin": "dummy",
  "moe_rank": 0,
  "moe_router_bias_update_rate": 0.0,
  "moe_world_size": 1,
  "num_attention_heads": 56,
  "num_hidden_layers": 80,
  "num_key_value_heads": 56,
  "pad_token_id": 0,
  "paddleformers_version": "1.1.0.post20260417",
  "pipeline_model_parallel_size": 2,
  "pp_seg_method": "layer:DecoderLayer|EmptyLayer",
  "pretraining_tp": 2,
  "recompute_granularity": "full",
  "recompute_method": "uniform",
  "recompute_num_layers": 1,
  "rms_norm_eps": 1e-05,
  "rope_parameters": {
    "rope_theta": 10000.0,
    "rope_type": "default"
  },
  "rope_scaling": null,
  "rope_theta": 10000.0,
  "seq_length": 4096,
  "tensor_model_parallel_size": 8,
  "tie_word_embeddings": false,
  "torch_dtype": "float32",
  "use_cache": true,
  "use_fast_layer_norm": false,
  "vocab_size": 32000
}
, layer_idx=33)
[2026-04-17 13:39:03,908] [    INFO] pp_layers.py:900 - 39: DecoderLayerPipe(config=LlamaConfig {
  "_name_or_path": "./models/Llama-2-52B",
  "architectures": [
    "LlamaForCausalLM"
  ],
  "attention_bias": false,
  "attention_dropout": 0.0,
  "bos_token_id": 1,
  "enable_auto_parallel": false,
  "eos_token_id": 2,
  "head_dim": 128,
  "hidden_act": "silu",
  "hidden_size": 7168,
  "initializer_range": 0.006818968095896705,
  "intermediate_size": 19456,
  "is_lora": false,
  "max_position_embeddings": 4096,
  "max_sequence_length": 4096,
  "mlp_bias": false,
  "model_type": "llama",
  "moe_group_origin": "dummy",
  "moe_rank": 0,
  "moe_router_bias_update_rate": 0.0,
  "moe_world_size": 1,
  "num_attention_heads": 56,
  "num_hidden_layers": 80,
  "num_key_value_heads": 56,
  "pad_token_id": 0,
  "paddleformers_version": "1.1.0.post20260417",
  "pipeline_model_parallel_size": 2,
  "pp_seg_method": "layer:DecoderLayer|EmptyLayer",
  "pretraining_tp": 2,
  "recompute_granularity": "full",
  "recompute_method": "uniform",
  "recompute_num_layers": 1,
  "rms_norm_eps": 1e-05,
  "rope_parameters": {
    "rope_theta": 10000.0,
    "rope_type": "default"
  },
  "rope_scaling": null,
  "rope_theta": 10000.0,
  "seq_length": 4096,
  "tensor_model_parallel_size": 8,
  "tie_word_embeddings": false,
  "torch_dtype": "float32",
  "use_cache": true,
  "use_fast_layer_norm": false,
  "vocab_size": 32000
}
, layer_idx=38)
[2026-04-17 13:39:03,911] [    INFO] pp_layers.py:900 - 35: DecoderLayerPipe(config=LlamaConfig {
  "_name_or_path": "./models/Llama-2-52B",
  "architectures": [
    "LlamaForCausalLM"
  ],
  "attention_bias": false,
  "attention_dropout": 0.0,
  "bos_token_id": 1,
  "enable_auto_parallel": false,
  "eos_token_id": 2,
  "head_dim": 128,
  "hidden_act": "silu",
  "hidden_size": 7168,
  "initializer_range": 0.006818968095896705,
  "intermediate_size": 19456,
  "is_lora": false,
  "eos_token_id": 2,
  "head_dim": 128,
  "hidden_act": "silu",
  "hidden_size": 7168,
  "initializer_range": 0.006818968095896705,
  "intermediate_size": 19456,
  "is_lora": false,
  "max_position_embeddings": 4096,
  "max_sequence_length": 4096,
  "mlp_bias": false,
  "model_type": "llama",
  "moe_group_origin": "dummy",
  "moe_rank": 0,
  "moe_router_bias_update_rate": 0.0,
  "moe_world_size": 1,
  "num_attention_heads": 56,
  "num_hidden_layers": 80,
  "num_key_value_heads": 56,
  "pad_token_id": 0,
  "paddleformers_version": "1.1.0.post20260417",
  "pipeline_model_parallel_size": 2,
  "pp_seg_method": "layer:DecoderLayer|EmptyLayer",
  "pretraining_tp": 2,
  "recompute_granularity": "full",
  "recompute_method": "uniform",
  "recompute_num_layers": 1,
  "rms_norm_eps": 1e-05,
  "rope_parameters": {
    "rope_theta": 10000.0,
    "rope_type": "default"
  },
  "rope_scaling": null,
  "rope_theta": 10000.0,
  "seq_length": 4096,
  "tensor_model_parallel_size": 8,
  "tie_word_embeddings": false,
  "torch_dtype": "float32",
  "use_cache": true,
  "use_fast_layer_norm": false,
  "vocab_size": 32000
}
, layer_idx=29)
[2026-04-17 13:39:03,849] [    INFO] pp_layers.py:900 - 26: DecoderLayerPipe(config=LlamaConfig {
  "_name_or_path": "./models/Llama-2-52B",
  "architectures": [
    "LlamaForCausalLM"
  ],
  "attention_bias": false,
  "attention_dropout": 0.0,
  "bos_token_id": 1,
  "enable_auto_parallel": false,
  "eos_token_id": 2,
  "head_dim": 128,
  "hidden_act": "silu",
  "hidden_size": 7168,
  "initializer_range": 0.006818968095896705,
  "intermediate_size": 19456,
  "is_lora": false,
  "max_position_embeddings": 4096,
  "max_sequence_length": 4096,
  "mlp_bias": false,
  "model_type": "llama",
  "moe_group_origin": "dummy",
  "moe_rank": 0,
  "moe_router_bias_update_rate": 0.0,
  "moe_world_size": 1,
  "num_attention_heads": 56,
  "num_hidden_layers": 80,
  "num_key_value_heads": 56,
  "pad_token_id": 0,
  "paddleformers_version": "1.1.0.post20260417",
  "pipeline_model_parallel_size": 2,
  "pp_seg_method": "layer:DecoderLayer|EmptyLayer",
  "pretraining_tp": 2,
  "recompute_granularity": "full",
  "recompute_method": "uniform",
  "recompute_num_layers": 1,
  "rms_norm_eps": 1e-05,
  "rope_parameters": {
    "rope_theta": 10000.0,
    "rope_type": "default"
  },
  "rope_scaling": null,
  "rope_theta": 10000.0,
  "seq_length": 4096,
  "tensor_model_parallel_size": 8,
  "tie_word_embeddings": false,
  "torch_dtype": "float32",
  "use_cache": true,
  "use_fast_layer_norm": false,
  "vocab_size": 32000
}
, layer_idx=25)
[2026-04-17 13:39:03,852] [    INFO] pp_layers.py:900 - 31: DecoderLayerPipe(config=LlamaConfig {
  "_name_or_path": "./models/Llama-2-52B",
  "architectures": [
    "LlamaForCausalLM"
  ],
  "attention_bias": false,
  "attention_dropout": 0.0,
  "bos_token_id": 1,
  "enable_auto_parallel": false,
  "eos_token_id": 2,
  "head_dim": 128,
  "hidden_act": "silu",
  "hidden_size": 7168,
  "initializer_range": 0.006818968095896705,
  "intermediate_size": 19456,
  "is_lora": false,
  "max_position_embeddings": 4096,
  "max_sequence_length": 4096,
  "mlp_bias": false,
  "model_type": "llama",
  "moe_group_origin": "dummy",
  "moe_rank": 0,
  "moe_router_bias_update_rate": 0.0,
  "moe_world_size": 1,
  "num_attention_heads": 56,
  "num_hidden_layers": 80,
  "num_key_value_heads": 56,
  "pad_token_id": 0,
  "paddleformers_version": "1.1.0.post20260417",
  "pipeline_model_parallel_size": 2,
  "pp_seg_method": "layer:DecoderLayer|EmptyLayer",
  "pretraining_tp": 2,
  "recompute_granularity": "full",
  "recompute_method": "uniform",
  "recompute_num_layers": 1,
  "rms_norm_eps": 1e-05,
  "rope_parameters": {
    "rope_theta": 10000.0,
    "rope_type": "default"
  },
  "rope_scaling": null,
  "rope_theta": 10000.0,
  "seq_length": 4096,
  "tensor_model_parallel_size": 8,
  "tie_word_embeddings": false,
  "torch_dtype": "float32",
  "use_cache": true,
  "use_fast_layer_norm": false,
  "vocab_size": 32000
}
, layer_idx=30)
[2026-04-17 13:39:03,856] [    INFO] pp_layers.py:900 - 27: DecoderLayerPipe(config=LlamaConfig {
  "_name_or_path": "./models/Llama-2-52B",
  "architectures": [
    "LlamaForCausalLM"
  ],
  "attention_bias": false,
  "attention_dropout": 0.0,
  "bos_token_id": 1,
  "enable_auto_parallel": false,
  "eos_token_id": 2,
  "head_dim": 128,
  "hidden_act": "silu",
  "hidden_size": 7168,
  "initializer_range": 0.006818968095896705,
  "intermediate_size": 19456,
  "is_lora": false,
  "max_position_embeddings": 4096,
  "max_sequence_length": 4096,
  "mlp_bias": false,
  "model_type": "llama",
  "moe_group_origin": "dummy",
  "moe_rank": 0,
  "moe_router_bias_update_rate": 0.0,
  "moe_world_size": 1,
  "num_attention_heads": 56,
  "num_hidden_layers": 80,
  "num_key_value_heads": 56,
  "pad_token_id": 0,
  "paddleformers_version": "1.1.0.post20260417",
  "pipeline_model_parallel_size": 2,
  "pp_seg_method": "layer:DecoderLayer|EmptyLayer",
  "pretraining_tp": 2,
  "recompute_granularity": "full",
  "recompute_method": "uniform",
  "recompute_num_layers": 1,
  "rms_norm_eps": 1e-05,
  "rope_parameters": {
    "rope_theta": 10000.0,
    "rope_type": "default"
  },
  "rope_scaling": null,
  "rope_theta": 10000.0,
  "seq_length": 4096,
  "tensor_model_parallel_size": 8,
  "tie_word_embeddings": false,
  "torch_dtype": "float32",
  "use_cache": true,
  "use_fast_layer_norm": false,
  "vocab_size": 32000
}
, layer_idx=26)
[2026-04-17 13:39:03,858] [    INFO] pp_layers.py:900 - 32: DecoderLayerPipe(config=LlamaConfig {
  "_name_or_path": "./models/Llama-2-52B",
  "architectures": [
    "LlamaForCausalLM"
  ],
  "attention_bias": false,
  "attention_dropout": 0.0,
  "bos_token_id": 1,
  "enable_auto_parallel": false,
  "eos_token_id": 2,
  "head_dim": 128,
  "hidden_act": "silu",
  "hidden_size": 7168,
  "initializer_range": 0.006818968095896705,
  "intermediate_size": 19456,
  "is_lora": false,
  "max_position_embeddings": 4096,
  "max_sequence_length": 4096,
  "mlp_bias": false,
  "model_type": "llama",
  "moe_group_origin": "dummy",
  "moe_rank": 0,
  "moe_router_bias_update_rate": 0.0,
  "moe_world_size": 1,
  "num_attention_heads": 56,
  "num_hidden_layers": 80,
  "num_key_value_heads": 56,
  "pad_token_id": 0,
  "paddleformers_version": "1.1.0.post20260417",
  "pipeline_model_parallel_size": 2,
  "pp_seg_method": "layer:DecoderLayer|EmptyLayer",
  "pretraining_tp": 2,
  "recompute_granularity": "full",
  "recompute_method": "uniform",
  "recompute_num_layers": 1,
  "rms_norm_eps": 1e-05,
  "rope_parameters": {
    "rope_theta": 10000.0,
    "rope_type": "default"
  },
  "rope_scaling": null,
  "rope_theta": 10000.0,
  "seq_length": 4096,
  "tensor_model_parallel_size": 8,
  "tie_word_embeddings": false,
  "torch_dtype": "float32",
  "use_cache": true,
  "use_fast_layer_norm": false,
  "vocab_size": 32000
}
, layer_idx=31)
[2026-04-17 13:39:03,861] [    INFO] pp_layers.py:900 - 28: DecoderLayerPipe(config=LlamaConfig {
  "_name_or_path": "./models/Llama-2-52B",
  "architectures": [
    "LlamaForCausalLM"
  ],
  "attention_bias": false,
  "attention_dropout": 0.0,
  "bos_token_id": 1,
  "enable_auto_parallel": false,
  "eos_token_id": 2,
  "head_dim": 128,
  "hidden_act": "silu",
  "hidden_size": 7168,
  "initializer_range": 0.006818968095896705,
  "intermediate_size": 19456,
  "is_lora": false,
  "max_position_embeddings": 4096,
  "max_sequence_length": 4096,
  "mlp_bias": false,
  "model_type": "llama",
  "moe_group_origin": "dummy",
  "moe_rank": 0,
  "moe_router_bias_update_rate": 0.0,
  "moe_world_size": 1,
  "num_attention_heads": 56,
  "num_hidden_layers": 80,
  "num_key_value_heads": 56,
  "pad_token_id": 0,
  "paddleformers_version": "1.1.0.post20260417",
  "pipeline_model_parallel_size": 2,
  "pp_seg_method": "layer:DecoderLayer|EmptyLayer",
  "pretraining_tp": 2,
  "recompute_granularity": "full",
  "recompute_method": "uniform",
  "recompute_num_layers": 1,
  "rms_norm_eps": 1e-05,
  "rope_parameters": {
    "rope_theta": 10000.0,
    "rope_type": "default"
  },
  "rope_scaling": null,
  "rope_theta": 10000.0,
  "seq_length": 4096,
  "tensor_model_parallel_size": 8,
  "tie_word_embeddings": false,
  "torch_dtype": "float32",
  "use_cache": true,
  "use_fast_layer_norm": false,
  "vocab_size": 32000
}
, layer_idx=27)
[2026-04-17 13:39:03,864] [    INFO] pp_layers.py:900 - 33: DecoderLayerPipe(config=LlamaConfig {
  "_name_or_path": "./models/Llama-2-52B",
  "architectures": [
    "LlamaForCausalLM"
  ],
  "attention_bias": false,
  "attention_dropout": 0.0,
  "bos_token_id": 1,
  "enable_auto_parallel": false,
  "eos_token_id": 2,
  "head_dim": 128,
  "hidden_act": "silu",
  "hidden_size": 7168,
  "initializer_range": 0.006818968095896705,
  "intermediate_size": 19456,
  "is_lora": false,
  "max_position_embeddings": 4096,
  "max_sequence_length": 4096,
  "mlp_bias": false,
  "model_type": "llama",
  "moe_group_origin": "dummy",
  "moe_rank": 0,
  "moe_router_bias_update_rate": 0.0,
  "moe_world_size": 1,
  "num_attention_heads": 56,
  "num_hidden_layers": 80,
  "num_key_value_heads": 56,
  "pad_token_id": 0,
  "paddleformers_version": "1.1.0.post20260417",
  "pipeline_model_parallel_size": 2,
  "pp_seg_method": "layer:DecoderLayer|EmptyLayer",
  "pretraining_tp": 2,
  "recompute_granularity": "full",
  "recompute_method": "uniform",
  "recompute_num_layers": 1,
  "rms_norm_eps": 1e-05,
  "rope_parameters": {
    "rope_theta": 10000.0,
    "rope_type": "default"
  },
  "rope_scaling": null,
  "rope_theta": 10000.0,
  "seq_length": 4096,
  "tensor_model_parallel_size": 8,
  "tie_word_embeddings": false,
  "torch_dtype": "float32",
  "use_cache": true,
  "use_fast_layer_norm": false,
  "vocab_size": 32000
}
, layer_idx=32)
[2026-04-17 13:39:03,867] [    INFO] pp_layers.py:900 - 29: DecoderLayerPipe(config=LlamaConfig {
  "_name_or_path": "./models/Llama-2-52B",
  "architectures": [
    "LlamaForCausalLM"
  ],
  "attention_bias": false,
  "attention_dropout": 0.0,
  "bos_token_id": 1,
  "enable_auto_parallel": false,
  "eos_token_id": 2,
  "head_dim": 128,
  "hidden_act": "silu",
  "hidden_size": 7168,
  "initializer_range": 0.006818968095896705,
  "intermediate_size": 19456,
  "is_lora": false,
  "max_position_embeddings": 4096,
  "max_sequence_length": 4096,
  "mlp_bias": false,
  "model_type": "llama",
  "moe_group_origin": "dummy",
  "moe_rank": 0,
  "moe_router_bias_update_rate": 0.0,
  "moe_world_size": 1,
  "num_attention_heads": 56,
  "num_hidden_layers": 80,
  "num_key_value_heads": 56,
  "pad_token_id": 0,
  "paddleformers_version": "1.1.0.post20260417",
  "pipeline_model_parallel_size": 2,
  "pp_seg_method": "layer:DecoderLayer|EmptyLayer",
  "pretraining_tp": 2,
  "recompute_granularity": "full",
  "recompute_method": "uniform",
  "recompute_num_layers": 1,
  "rms_norm_eps": 1e-05,
  "rope_parameters": {
    "rope_theta": 10000.0,
    "rope_type": "default"
  },
  "rope_scaling": null,
  "rope_theta": 10000.0,
  "seq_length": 4096,
  "tensor_model_parallel_size": 8,
  "tie_word_embeddings": false,
  "torch_dtype": "float32",
  "use_cache": true,
  "use_fast_layer_norm": false,
  "vocab_size": 32000
}
, layer_idx=28)
[2026-04-17 13:39:03,870] [    INFO] pp_layers.py:900 - 34: DecoderLayerPipe(config=LlamaConfig {
  "_name_or_path": "./models/Llama-2-52B",
  "architectures": [
    "LlamaForCausalLM"
  ],
  "attention_bias": false,
  "attention_dropout": 0.0,
  "bos_token_id": 1,
  "enable_auto_parallel": false,
  "eos_token_id": 2,
  "head_dim": 128,
  "hidden_act": "silu",
  "hidden_size": 7168,
  "initializer_range": 0.006818968095896705,
  "intermediate_size": 19456,
  "is_lora": false,
  "max_position_embeddings": 4096,
  "max_sequence_length": 4096,
  "mlp_bias": false,
  "model_type": "llama",
  "moe_group_origin": "dummy",
  "moe_rank": 0,
  "moe_router_bias_update_rate": 0.0,
  "moe_world_size": 1,
  "num_attention_heads": 56,
  "num_hidden_layers": 80,
  "num_key_value_heads": 56,
  "pad_token_id": 0,
  "paddleformers_version": "1.1.0.post20260417",
  "pipeline_model_parallel_size": 2,
  "pp_seg_method": "layer:DecoderLayer|EmptyLayer",
  "pretraining_tp": 2,
  "recompute_granularity": "full",
  "recompute_method": "uniform",
  "recompute_num_layers": 1,
  "rms_norm_eps": 1e-05,
  "rope_parameters": {
    "rope_theta": 10000.0,
    "rope_type": "default"
  },
  "rope_scaling": null,
  "rope_theta": 10000.0,
  "seq_length": 4096,
  "tensor_model_parallel_size": 8,
  "tie_word_embeddings": false,
  "torch_dtype": "float32",
  "use_cache": true,
  "use_fast_layer_norm": false,
  "vocab_size": 32000
}
, layer_idx=33)
[2026-04-17 13:39:03,875] [    INFO] pp_layers.py:900 - 30: DecoderLayerPipe(config=LlamaConfig {
  "_name_or_path": "./models/Llama-2-52B",
  "architectures": [
    "LlamaForCausalLM"
  ],
  "attention_bias": false,
  "attention_dropout": 0.0,
  "bos_token_id": 1,
  "enable_auto_parallel": false,
  "eos_token_id": 2,
  "head_dim": 128,
  "hidden_act": "silu",
  "hidden_size": 7168,
  "initializer_range": 0.006818968095896705,
  "intermediate_size": 19456,
  "is_lora": false,
  "max_position_embeddings": 4096,
  "max_sequence_length": 4096,
  "mlp_bias": false,
  "model_type": "llama",
  "moe_group_origin": "dummy",
  "moe_rank": 0,
  "moe_router_bias_update_rate": 0.0,
  "moe_world_size": 1,
  "num_attention_heads": 56,
  "num_hidden_layers": 80,
  "num_key_value_heads": 56,
  "pad_token_id": 0,
  "paddleformers_version": "1.1.0.post20260417",
  "pipeline_model_parallel_size": 2,
  "pp_seg_method": "layer:DecoderLayer|EmptyLayer",
  "pretraining_tp": 2,
  "recompute_granularity": "full",
  "recompute_method": "uniform",
  "recompute_num_layers": 1,
  "rms_norm_eps": 1e-05,
  "rope_parameters": {
    "rope_theta": 10000.0,
    "rope_type": "default"
  },
  "rope_scaling": null,
  "rope_theta": 10000.0,
  "seq_length": 4096,
  "tensor_model_parallel_size": 8,
  "tie_word_embeddings": false,
  "torch_dtype": "float32",
  "use_cache": true,
  "use_fast_layer_norm": false,
  "vocab_size": 32000
}
, layer_idx=29)
[2026-04-17 13:39:03,886] [    INFO] pp_layers.py:900 - 35: DecoderLayerPipe(config=LlamaConfig {
  "_name_or_path": "./models/Llama-2-52B",
  "architectures": [
    "LlamaForCausalLM"
  ],
  "attention_bias": false,
  "attention_dropout": 0.0,
  "bos_token_id": 1,
  "enable_auto_parallel": false,
  "eos_token_id": 2,
  "head_dim": 128,
  "hidden_act": "silu",
  "hidden_size": 7168,
  "initializer_range": 0.006818968095896705,
  "intermediate_size": 19456,
  "is_lora": false,
  "max_position_embeddings": 4096,
  "max_sequence_length": 4096,
  "mlp_bias": false,
  "model_type": "llama",
  "moe_group_origin": "dummy",
  "moe_rank": 0,
  "moe_router_bias_update_rate": 0.0,
  "moe_world_size": 1,
  "num_attention_heads": 56,
  "num_hidden_layers": 80,
  "num_key_value_heads": 56,
  "pad_token_id": 0,
  "paddleformers_version": "1.1.0.post20260417",
  "pipeline_model_parallel_size": 2,
  "pp_seg_method": "layer:DecoderLayer|EmptyLayer",
  "pretraining_tp": 2,
  "recompute_granularity": "full",
  "recompute_method": "uniform",
  "recompute_num_layers": 1,
  "rms_norm_eps": 1e-05,
  "rope_parameters": {
    "rope_theta": 10000.0,
    "rope_type": "default"
  },
  "rope_scaling": null,
  "rope_theta": 10000.0,
  "seq_length": 4096,
  "tensor_model_parallel_size": 8,
  "tie_word_embeddings": false,
  "torch_dtype": "float32",
  "use_cache": true,
  "use_fast_layer_norm": false,
  "vocab_size": 32000
}
, layer_idx=34)
[2026-04-17 13:39:03,890] [    INFO] pp_layers.py:900 - 31: DecoderLayerPipe(config=LlamaConfig {
  "_name_or_path": "./models/Llama-2-52B",
  "architectures": [
    "LlamaForCausalLM"
  ],
  "attention_bias": false,
  "attention_dropout": 0.0,
  "bos_token_id": 1,
  "enable_auto_parallel": false,
  "eos_token_id": 2,
  "head_dim": 128,
  "hidden_act": "silu",
  "hidden_size": 7168,
  "initializer_range": 0.006818968095896705,
  "intermediate_size": 19456,
  "is_lora": false,
  "max_position_embeddings": 4096,
  "max_sequence_length": 4096,
  "mlp_bias": false,
  "model_type": "llama",
  "moe_group_origin": "dummy",
  "moe_rank": 0,
  "moe_router_bias_update_rate": 0.0,
  "moe_world_size": 1,
  "num_attention_heads": 56,
  "num_hidden_layers": 80,
  "num_key_value_heads": 56,
  "pad_token_id": 0,
  "paddleformers_version": "1.1.0.post20260417",
  "pipeline_model_parallel_size": 2,
  "pp_seg_method": "layer:DecoderLayer|EmptyLayer",
  "pretraining_tp": 2,
  "recompute_granularity": "full",
  "recompute_method": "uniform",
  "recompute_num_layers": 1,
  "rms_norm_eps": 1e-05,
  "rope_parameters": {
    "rope_theta": 10000.0,
    "rope_type": "default"
  },
  "rope_scaling": null,
  "rope_theta": 10000.0,
  "seq_length": 4096,
  "tensor_model_parallel_size": 8,
  "tie_word_embeddings": false,
  "torch_dtype": "float32",
  "use_cache": true,
  "use_fast_layer_norm": false,
  "vocab_size": 32000
}
, layer_idx=30)
[2026-04-17 13:39:03,892] [    INFO] pp_layers.py:900 - 36: DecoderLayerPipe(config=LlamaConfig {
  "_name_or_path": "./models/Llama-2-52B",
  "architectures": [
    "LlamaForCausalLM"
  ],
  "attention_bias": false,
  "attention_dropout": 0.0,
  "bos_token_id": 1,
  "enable_auto_parallel": false,
  "eos_token_id": 2,
  "head_dim": 128,
  "hidden_act": "silu",
  "hidden_size": 7168,
  "initializer_range": 0.006818968095896705,
  "intermediate_size": 19456,
  "is_lora": false,
  "max_position_embeddings": 4096,
  "max_sequence_length": 4096,
  "mlp_bias": false,
  "model_type": "llama",
  "moe_group_origin": "dummy",
  "moe_rank": 0,
  "moe_router_bias_update_rate": 0.0,
  "moe_world_size": 1,
  "num_attention_heads": 56,
  "num_hidden_layers": 80,
  "num_key_value_heads": 56,
  "pad_token_id": 0,
  "paddleformers_version": "1.1.0.post20260417",
  "pipeline_model_parallel_size": 2,
  "pp_seg_method": "layer:DecoderLayer|EmptyLayer",
  "pretraining_tp": 2,
  "recompute_granularity": "full",
  "recompute_method": "uniform",
  "recompute_num_layers": 1,
  "rms_norm_eps": 1e-05,
  "rope_parameters": {
    "rope_theta": 10000.0,
    "rope_type": "default"
  },
  "rope_scaling": null,
  "rope_theta": 10000.0,
  "seq_length": 4096,
  "tensor_model_parallel_size": 8,
  "tie_word_embeddings": false,
  "torch_dtype": "float32",
  "use_cache": true,
  "use_fast_layer_norm": false,
  "vocab_size": 32000
}
, layer_idx=35)
[2026-04-17 13:39:03,895] [    INFO] pp_layers.py:900 - 32: DecoderLayerPipe(config=LlamaConfig {
  "_name_or_path": "./models/Llama-2-52B",
  "architectures": [
    "LlamaForCausalLM"
  ],
  "attention_bias": false,
  "attention_dropout": 0.0,
  "bos_token_id": 1,
  "enable_auto_parallel": false,
  "eos_token_id": 2,
  "head_dim": 128,
  "hidden_act": "silu",
  "hidden_size": 7168,
  "initializer_range": 0.006818968095896705,
  "intermediate_size": 19456,
  "is_lora": false,
  "max_position_embeddings": 4096,
  "max_sequence_length": 4096,
  "mlp_bias": false,
  "model_type": "llama",
  "moe_group_origin": "dummy",
  "moe_rank": 0,
  "moe_router_bias_update_rate": 0.0,
  "moe_world_size": 1,
  "num_attention_heads": 56,
  "num_hidden_layers": 80,
  "num_key_value_heads": 56,
  "pad_token_id": 0,
  "paddleformers_version": "1.1.0.post20260417",
  "pipeline_model_parallel_size": 2,
  "pp_seg_method": "layer:DecoderLayer|EmptyLayer",
  "pretraining_tp": 2,
  "recompute_granularity": "full",
  "recompute_method": "uniform",
  "recompute_num_layers": 1,
  "rms_norm_eps": 1e-05,
  "rope_parameters": {
    "rope_theta": 10000.0,
    "rope_type": "default"
  },
  "rope_scaling": null,
  "rope_theta": 10000.0,
  "seq_length": 4096,
  "tensor_model_parallel_size": 8,
  "tie_word_embeddings": false,
  "torch_dtype": "float32",
  "use_cache": true,
  "use_fast_layer_norm": false,
  "vocab_size": 32000
}
, layer_idx=31)
[2026-04-17 13:39:03,898] [    INFO] pp_layers.py:900 - 37: DecoderLayerPipe(config=LlamaConfig {
  "_name_or_path": "./models/Llama-2-52B",
  "architectures": [
    "LlamaForCausalLM"
  ],
  "attention_bias": false,
  "attention_dropout": 0.0,
  "bos_token_id": 1,
  "enable_auto_parallel": false,
  "eos_token_id": 2,
  "head_dim": 128,
  "hidden_act": "silu",
  "hidden_size": 7168,
  "initializer_range": 0.006818968095896705,
  "intermediate_size": 19456,
  "is_lora": false,
  "max_position_embeddings": 4096,
  "max_sequence_length": 4096,
  "mlp_bias": false,
  "model_type": "llama",
  "moe_group_origin": "dummy",
  "moe_rank": 0,
  "moe_router_bias_update_rate": 0.0,
  "moe_world_size": 1,
  "num_attention_heads": 56,
  "num_hidden_layers": 80,
  "num_key_value_heads": 56,
  "pad_token_id": 0,
  "paddleformers_version": "1.1.0.post20260417",
  "pipeline_model_parallel_size": 2,
  "pp_seg_method": "layer:DecoderLayer|EmptyLayer",
  "pretraining_tp": 2,
  "recompute_granularity": "full",
  "recompute_method": "uniform",
  "recompute_num_layers": 1,
  "rms_norm_eps": 1e-05,
  "rope_parameters": {
    "rope_theta": 10000.0,
    "rope_type": "default"
  },
  "rope_scaling": null,
  "rope_theta": 10000.0,
  "seq_length": 4096,
  "tensor_model_parallel_size": 8,
  "tie_word_embeddings": false,
  "torch_dtype": "float32",
  "use_cache": true,
  "use_fast_layer_norm": false,
  "vocab_size": 32000
}
, layer_idx=36)
[2026-04-17 13:39:03,901] [    INFO] pp_layers.py:900 - 33: DecoderLayerPipe(config=LlamaConfig {
  "_name_or_path": "./models/Llama-2-52B",
  "architectures": [
    "LlamaForCausalLM"
  ],
  "attention_bias": false,
  "attention_dropout": 0.0,
  "bos_token_id": 1,
  "enable_auto_parallel": false,
  "eos_token_id": 2,
  "head_dim": 128,
  "hidden_act": "silu",
  "hidden_size": 7168,
  "initializer_range": 0.006818968095896705,
  "intermediate_size": 19456,
  "is_lora": false,
  "max_position_embeddings": 4096,
  "max_sequence_length": 4096,
  "mlp_bias": false,
  "model_type": "llama",
  "moe_group_origin": "dummy",
  "moe_rank": 0,
  "moe_router_bias_update_rate": 0.0,
  "moe_world_size": 1,
  "num_attention_heads": 56,
  "num_hidden_layers": 80,
  "num_key_value_heads": 56,
  "pad_token_id": 0,
  "paddleformers_version": "1.1.0.post20260417",
  "pipeline_model_parallel_size": 2,
  "pp_seg_method": "layer:DecoderLayer|EmptyLayer",
  "pretraining_tp": 2,
  "recompute_granularity": "full",
  "recompute_method": "uniform",
  "recompute_num_layers": 1,
  "rms_norm_eps": 1e-05,
  "rope_parameters": {
    "rope_theta": 10000.0,
    "rope_type": "default"
  },
  "rope_scaling": null,
  "rope_theta": 10000.0,
  "seq_length": 4096,
  "tensor_model_parallel_size": 8,
  "tie_word_embeddings": false,
  "torch_dtype": "float32",
  "use_cache": true,
  "use_fast_layer_norm": false,
  "vocab_size": 32000
}
, layer_idx=32)
[2026-04-17 13:39:03,902] [    INFO] pp_layers.py:900 - 38: DecoderLayerPipe(config=LlamaConfig {
  "_name_or_path": "./models/Llama-2-52B",
  "architectures": [
    "LlamaForCausalLM"
  ],
  "attention_bias": false,
  "attention_dropout": 0.0,
  "bos_token_id": 1,
  "enable_auto_parallel": false,
  "eos_token_id": 2,
  "head_dim": 128,
  "hidden_act": "silu",
  "hidden_size": 7168,
  "initializer_range": 0.006818968095896705,
  "intermediate_size": 19456,
  "is_lora": false,
  "max_position_embeddings": 4096,
  "max_sequence_length": 4096,
  "mlp_bias": false,
  "model_type": "llama",
  "moe_group_origin": "dummy",
  "moe_rank": 0,
  "moe_router_bias_update_rate": 0.0,
  "moe_world_size": 1,
  "num_attention_heads": 56,
  "num_hidden_layers": 80,
  "num_key_value_heads": 56,
  "pad_token_id": 0,
  "paddleformers_version": "1.1.0.post20260417",
  "pipeline_model_parallel_size": 2,
  "pp_seg_method": "layer:DecoderLayer|EmptyLayer",
  "pretraining_tp": 2,
  "recompute_granularity": "full",
  "recompute_method": "uniform",
  "recompute_num_layers": 1,
  "rms_norm_eps": 1e-05,
  "rope_parameters": {
    "rope_theta": 10000.0,
    "rope_type": "default"
  },
  "rope_scaling": null,
  "rope_theta": 10000.0,
  "seq_length": 4096,
  "tensor_model_parallel_size": 8,
  "tie_word_embeddings": false,
  "torch_dtype": "float32",
  "use_cache": true,
  "use_fast_layer_norm": false,
  "vocab_size": 32000
}
, layer_idx=37)
[2026-04-17 13:39:03,906] [    INFO] pp_layers.py:900 - 34: DecoderLayerPipe(config=LlamaConfig {
  "_name_or_path": "./models/Llama-2-52B",
  "architectures": [
    "LlamaForCausalLM"
  ],
  "attention_bias": false,
  "attention_dropout": 0.0,
  "bos_token_id": 1,
  "enable_auto_parallel": false,
  "eos_token_id": 2,
  "head_dim": 128,
  "hidden_act": "silu",
  "hidden_size": 7168,
  "initializer_range": 0.006818968095896705,
  "intermediate_size": 19456,
  "is_lora": false,
  "max_position_embeddings": 4096,
  "max_sequence_length": 4096,
  "mlp_bias": false,
  "model_type": "llama",
  "moe_group_origin": "dummy",
  "moe_rank": 0,
  "moe_router_bias_update_rate": 0.0,
  "moe_world_size": 1,
  "num_attention_heads": 56,
  "num_hidden_layers": 80,
  "num_key_value_heads": 56,
  "pad_token_id": 0,
  "paddleformers_version": "1.1.0.post20260417",
  "pipeline_model_parallel_size": 2,
  "pp_seg_method": "layer:DecoderLayer|EmptyLayer",
  "pretraining_tp": 2,
  "recompute_granularity": "full",
  "recompute_method": "uniform",
  "recompute_num_layers": 1,
  "rms_norm_eps": 1e-05,
  "rope_parameters": {
    "rope_theta": 10000.0,
    "rope_type": "default"
  },
  "rope_scaling": null,
  "rope_theta": 10000.0,
  "seq_length": 4096,
  "tensor_model_parallel_size": 8,
  "tie_word_embeddings": false,
  "torch_dtype": "float32",
  "use_cache": true,
  "use_fast_layer_norm": false,
  "vocab_size": 32000
}
, layer_idx=33)
[2026-04-17 13:39:03,908] [    INFO] pp_layers.py:900 - 39: DecoderLayerPipe(config=LlamaConfig {
  "_name_or_path": "./models/Llama-2-52B",
  "architectures": [
    "LlamaForCausalLM"
  ],
  "attention_bias": false,
  "attention_dropout": 0.0,
  "bos_token_id": 1,
  "enable_auto_parallel": false,
  "eos_token_id": 2,
  "head_dim": 128,
  "hidden_act": "silu",
  "hidden_size": 7168,
  "initializer_range": 0.006818968095896705,
  "intermediate_size": 19456,
  "is_lora": false,
  "max_position_embeddings": 4096,
  "max_sequence_length": 4096,
  "mlp_bias": false,
  "model_type": "llama",
  "moe_group_origin": "dummy",
  "moe_rank": 0,
  "moe_router_bias_update_rate": 0.0,
  "moe_world_size": 1,
  "num_attention_heads": 56,
  "num_hidden_layers": 80,
  "num_key_value_heads": 56,
  "pad_token_id": 0,
  "paddleformers_version": "1.1.0.post20260417",
  "pipeline_model_parallel_size": 2,
  "pp_seg_method": "layer:DecoderLayer|EmptyLayer",
  "pretraining_tp": 2,
  "recompute_granularity": "full",
  "recompute_method": "uniform",
  "recompute_num_layers": 1,
  "rms_norm_eps": 1e-05,
  "rope_parameters": {
    "rope_theta": 10000.0,
    "rope_type": "default"
  },
  "rope_scaling": null,
  "rope_theta": 10000.0,
  "seq_length": 4096,
  "tensor_model_parallel_size": 8,
  "tie_word_embeddings": false,
  "torch_dtype": "float32",
  "use_cache": true,
  "use_fast_layer_norm": false,
  "vocab_size": 32000
}
, layer_idx=38)
[2026-04-17 13:39:03,911] [    INFO] pp_layers.py:900 - 35: DecoderLayerPipe(config=LlamaConfig {
  "_name_or_path": "./models/Llama-2-52B",
  "architectures": [
    "LlamaForCausalLM"
  ],
  "attention_bias": false,
  "attention_dropout": 0.0,
  "bos_token_id": 1,
  "enable_auto_parallel": false,
  "eos_token_id": 2,
  "head_dim": 128,
  "hidden_act": "silu",
  "hidden_size": 7168,
  "initializer_range": 0.006818968095896705,
  "intermediate_size": 19456,
  "is_lora": false,
  "max_position_embeddings": 4096,
  "max_sequence_length": 4096,
  "mlp_bias": false,
  "model_type": "llama",
  "moe_group_origin": "dummy",
  "moe_rank": 0,
  "moe_router_bias_update_rate": 0.0,
  "moe_world_size": 1,
  "num_attention_heads": 56,
  "num_hidden_layers": 80,
  "num_key_value_heads": 56,
  "pad_token_id": 0,
  "paddleformers_version": "1.1.0.post20260417",
  "pipeline_model_parallel_size": 2,
  "pp_seg_method": "layer:DecoderLayer|EmptyLayer",
  "pretraining_tp": 2,
  "recompute_granularity": "full",
  "recompute_method": "uniform",
  "recompute_num_layers": 1,
  "rms_norm_eps": 1e-05,
  "rope_parameters": {
    "rope_theta": 10000.0,
    "rope_type": "default"
  },
  "max_position_embeddings": 4096,
  "max_sequence_length": 4096,
  "mlp_bias": false,
  "model_type": "llama",
  "moe_group_origin": "dummy",
  "moe_rank": 0,
  "moe_router_bias_update_rate": 0.0,
  "moe_world_size": 1,
  "num_attention_heads": 56,
  "num_hidden_layers": 80,
  "num_key_value_heads": 56,
  "pad_token_id": 0,
  "paddleformers_version": "1.1.0.post20260417",
  "pipeline_model_parallel_size": 2,
  "pp_seg_method": "layer:DecoderLayer|EmptyLayer",
  "pretraining_tp": 2,
  "recompute_granularity": "full",
  "recompute_method": "uniform",
  "recompute_num_layers": 1,
  "rms_norm_eps": 1e-05,
  "rope_parameters": {
    "rope_theta": 10000.0,
    "rope_type": "default"
  },
  "rope_scaling": null,
  "rope_theta": 10000.0,
  "seq_length": 4096,
  "tensor_model_parallel_size": 8,
  "tie_word_embeddings": false,
  "torch_dtype": "float32",
  "use_cache": true,
  "use_fast_layer_norm": false,
  "vocab_size": 32000
}
, layer_idx=34)
[2026-04-17 13:39:03,914] [    INFO] pp_layers.py:900 - 40: DecoderLayerPipe(config=LlamaConfig {
  "_name_or_path": "./models/Llama-2-52B",
  "architectures": [
    "LlamaForCausalLM"
  ],
  "attention_bias": false,
  "attention_dropout": 0.0,
  "bos_token_id": 1,
  "enable_auto_parallel": false,
  "eos_token_id": 2,
  "head_dim": 128,
  "hidden_act": "silu",
  "hidden_size": 7168,
  "initializer_range": 0.006818968095896705,
  "intermediate_size": 19456,
  "is_lora": false,
  "max_position_embeddings": 4096,
  "max_sequence_length": 4096,
  "mlp_bias": false,
  "model_type": "llama",
  "moe_group_origin": "dummy",
  "moe_rank": 0,
  "moe_router_bias_update_rate": 0.0,
  "moe_world_size": 1,
  "num_attention_heads": 56,
  "num_hidden_layers": 80,
  "num_key_value_heads": 56,
  "pad_token_id": 0,
  "paddleformers_version": "1.1.0.post20260417",
  "pipeline_model_parallel_size": 2,
  "pp_seg_method": "layer:DecoderLayer|EmptyLayer",
  "pretraining_tp": 2,
  "recompute_granularity": "full",
  "recompute_method": "uniform",
  "recompute_num_layers": 1,
  "rms_norm_eps": 1e-05,
  "rope_parameters": {
    "rope_theta": 10000.0,
    "rope_type": "default"
  },
  "rope_scaling": null,
  "rope_theta": 10000.0,
  "seq_length": 4096,
  "tensor_model_parallel_size": 8,
  "tie_word_embeddings": false,
  "torch_dtype": "float32",
  "use_cache": true,
  "use_fast_layer_norm": false,
  "vocab_size": 32000
}
, layer_idx=39)
[2026-04-17 13:39:03,920] [    INFO] pp_layers.py:895 - stage=1, global_rank=8 ,layer_number=42
[2026-04-17 13:39:03,916] [    INFO] pp_layers.py:900 - 36: DecoderLayerPipe(config=LlamaConfig {
  "_name_or_path": "./models/Llama-2-52B",
  "architectures": [
    "LlamaForCausalLM"
  ],
  "attention_bias": false,
  "attention_dropout": 0.0,
  "bos_token_id": 1,
  "enable_auto_parallel": false,
  "eos_token_id": 2,
  "head_dim": 128,
  "hidden_act": "silu",
  "hidden_size": 7168,
  "initializer_range": 0.006818968095896705,
  "intermediate_size": 19456,
  "is_lora": false,
  "max_position_embeddings": 4096,
  "max_sequence_length": 4096,
  "mlp_bias": false,
  "model_type": "llama",
  "moe_group_origin": "dummy",
  "moe_rank": 0,
  "moe_router_bias_update_rate": 0.0,
  "moe_world_size": 1,
  "num_attention_heads": 56,
  "num_hidden_layers": 80,
  "num_key_value_heads": 56,
  "pad_token_id": 0,
  "paddleformers_version": "1.1.0.post20260417",
  "pipeline_model_parallel_size": 2,
  "pp_seg_method": "layer:DecoderLayer|EmptyLayer",
  "pretraining_tp": 2,
  "recompute_granularity": "full",
  "recompute_method": "uniform",
  "recompute_num_layers": 1,
  "rms_norm_eps": 1e-05,
  "rope_parameters": {
    "rope_theta": 10000.0,
    "rope_type": "default"
  },
  "rope_scaling": null,
  "rope_theta": 10000.0,
  "seq_length": 4096,
  "tensor_model_parallel_size": 8,
  "tie_word_embeddings": false,
  "torch_dtype": "float32",
  "use_cache": true,
  "use_fast_layer_norm": false,
  "vocab_size": 32000
}
, layer_idx=35)
[2026-04-17 13:39:03,923] [    INFO] pp_layers.py:900 - 41: DecoderLayerPipe(config=LlamaConfig {
  "_name_or_path": "./models/Llama-2-52B",
  "architectures": [
    "LlamaForCausalLM"
  ],
  "attention_bias": false,
  "attention_dropout": 0.0,
  "bos_token_id": 1,
  "enable_auto_parallel": false,
  "eos_token_id": 2,
  "head_dim": 128,
  "hidden_act": "silu",
  "hidden_size": 7168,
  "initializer_range": 0.006818968095896705,
  "intermediate_size": 19456,
  "is_lora": false,
  "max_position_embeddings": 4096,
  "max_sequence_length": 4096,
  "mlp_bias": false,
  "model_type": "llama",
  "moe_group_origin": "dummy",
  "moe_rank": 0,
  "moe_router_bias_update_rate": 0.0,
  "moe_world_size": 1,
  "num_attention_heads": 56,
  "num_hidden_layers": 80,
  "num_key_value_heads": 56,
  "pad_token_id": 0,
  "paddleformers_version": "1.1.0.post20260417",
  "pipeline_model_parallel_size": 2,
  "pp_seg_method": "layer:DecoderLayer|EmptyLayer",
  "pretraining_tp": 2,
  "recompute_granularity": "full",
  "recompute_method": "uniform",
  "recompute_num_layers": 1,
  "rms_norm_eps": 1e-05,
  "rope_parameters": {
    "rope_theta": 10000.0,
    "rope_type": "default"
  },
  "rope_scaling": null,
  "rope_theta": 10000.0,
  "seq_length": 4096,
  "tensor_model_parallel_size": 8,
  "tie_word_embeddings": false,
  "torch_dtype": "float32",
  "use_cache": true,
  "use_fast_layer_norm": false,
  "vocab_size": 32000
}
, layer_idx=40)
[2026-04-17 13:39:03,927] [    INFO] pp_layers.py:900 - 37: DecoderLayerPipe(config=LlamaConfig {
  "_name_or_path": "./models/Llama-2-52B",
  "architectures": [
    "LlamaForCausalLM"
  ],
  "attention_bias": false,
  "attention_dropout": 0.0,
  "bos_token_id": 1,
  "enable_auto_parallel": false,
  "eos_token_id": 2,
  "head_dim": 128,
  "hidden_act": "silu",
  "hidden_size": 7168,
  "initializer_range": 0.006818968095896705,
  "intermediate_size": 19456,
  "is_lora": false,
  "max_position_embeddings": 4096,
  "max_sequence_length": 4096,
  "mlp_bias": false,
  "model_type": "llama",
  "moe_group_origin": "dummy",
  "moe_rank": 0,
  "moe_router_bias_update_rate": 0.0,
  "moe_world_size": 1,
  "num_attention_heads": 56,
  "num_hidden_layers": 80,
  "num_key_value_heads": 56,
  "pad_token_id": 0,
  "paddleformers_version": "1.1.0.post20260417",
  "pipeline_model_parallel_size": 2,
  "pp_seg_method": "layer:DecoderLayer|EmptyLayer",
  "pretraining_tp": 2,
  "recompute_granularity": "full",
  "recompute_method": "uniform",
  "recompute_num_layers": 1,
  "rms_norm_eps": 1e-05,
  "rope_parameters": {
    "rope_theta": 10000.0,
    "rope_type": "default"
  },
  "rope_scaling": null,
  "rope_theta": 10000.0,
  "seq_length": 4096,
  "tensor_model_parallel_size": 8,
  "tie_word_embeddings": false,
  "torch_dtype": "float32",
  "use_cache": true,
  "use_fast_layer_norm": false,
  "vocab_size": 32000
}
, layer_idx=36)
[2026-04-17 13:39:03,929] [    INFO] pp_layers.py:900 - 42: DecoderLayerPipe(config=LlamaConfig {
  "_name_or_path": "./models/Llama-2-52B",
  "architectures": [
    "LlamaForCausalLM"
  ],
  "attention_bias": false,
  "attention_dropout": 0.0,
  "bos_token_id": 1,
  "enable_auto_parallel": false,
  "eos_token_id": 2,
  "head_dim": 128,
  "hidden_act": "silu",
  "hidden_size": 7168,
  "initializer_range": 0.006818968095896705,
  "intermediate_size": 19456,
  "is_lora": false,
  "max_position_embeddings": 4096,
  "max_sequence_length": 4096,
  "mlp_bias": false,
  "model_type": "llama",
  "moe_group_origin": "dummy",
  "moe_rank": 0,
  "moe_router_bias_update_rate": 0.0,
  "moe_world_size": 1,
  "num_attention_heads": 56,
  "num_hidden_layers": 80,
  "num_key_value_heads": 56,
  "pad_token_id": 0,
  "paddleformers_version": "1.1.0.post20260417",
  "pipeline_model_parallel_size": 2,
  "pp_seg_method": "layer:DecoderLayer|EmptyLayer",
  "pretraining_tp": 2,
  "recompute_granularity": "full",
  "recompute_method": "uniform",
  "recompute_num_layers": 1,
  "rms_norm_eps": 1e-05,
  "rope_parameters": {
    "rope_theta": 10000.0,
    "rope_type": "default"
  },
  "rope_scaling": null,
  "rope_theta": 10000.0,
  "seq_length": 4096,
  "tensor_model_parallel_size": 8,
  "tie_word_embeddings": false,
  "torch_dtype": "float32",
  "use_cache": true,
  "use_fast_layer_norm": false,
  "vocab_size": 32000
}
, layer_idx=41)
[2026-04-17 13:39:03,933] [    INFO] pp_layers.py:900 - 38: DecoderLayerPipe(config=LlamaConfig {
  "_name_or_path": "./models/Llama-2-52B",
  "architectures": [
    "LlamaForCausalLM"
  ],
  "attention_bias": false,
  "attention_dropout": 0.0,
  "bos_token_id": 1,
  "enable_auto_parallel": false,
  "eos_token_id": 2,
  "head_dim": 128,
  "hidden_act": "silu",
  "hidden_size": 7168,
  "initializer_range": 0.006818968095896705,
  "intermediate_size": 19456,
  "is_lora": false,
  "max_position_embeddings": 4096,
  "max_sequence_length": 4096,
  "mlp_bias": false,
  "model_type": "llama",
  "moe_group_origin": "dummy",
  "moe_rank": 0,
  "moe_router_bias_update_rate": 0.0,
  "moe_world_size": 1,
  "num_attention_heads": 56,
  "num_hidden_layers": 80,
  "num_key_value_heads": 56,
  "pad_token_id": 0,
  "paddleformers_version": "1.1.0.post20260417",
  "pipeline_model_parallel_size": 2,
  "pp_seg_method": "layer:DecoderLayer|EmptyLayer",
  "pretraining_tp": 2,
  "recompute_granularity": "full",
  "recompute_method": "uniform",
  "recompute_num_layers": 1,
  "rms_norm_eps": 1e-05,
  "rope_parameters": {
    "rope_theta": 10000.0,
    "rope_type": "default"
  },
  "rope_scaling": null,
  "rope_theta": 10000.0,
  "seq_length": 4096,
  "tensor_model_parallel_size": 8,
  "tie_word_embeddings": false,
  "torch_dtype": "float32",
  "use_cache": true,
  "use_fast_layer_norm": false,
  "vocab_size": 32000
}
, layer_idx=37)
[2026-04-17 13:39:03,935] [    INFO] pp_layers.py:900 - 43: DecoderLayerPipe(config=LlamaConfig {
  "_name_or_path": "./models/Llama-2-52B",
  "architectures": [
    "LlamaForCausalLM"
  ],
  "attention_bias": false,
  "attention_dropout": 0.0,
  "bos_token_id": 1,
  "enable_auto_parallel": false,
  "eos_token_id": 2,
  "head_dim": 128,
  "hidden_act": "silu",
  "hidden_size": 7168,
  "initializer_range": 0.006818968095896705,
  "intermediate_size": 19456,
  "is_lora": false,
  "max_position_embeddings": 4096,
  "max_sequence_length": 4096,
  "mlp_bias": false,
  "model_type": "llama",
  "moe_group_origin": "dummy",
  "moe_rank": 0,
  "moe_router_bias_update_rate": 0.0,
  "moe_world_size": 1,
  "num_attention_heads": 56,
  "num_hidden_layers": 80,
  "num_key_value_heads": 56,
  "pad_token_id": 0,
  "paddleformers_version": "1.1.0.post20260417",
  "pipeline_model_parallel_size": 2,
  "pp_seg_method": "layer:DecoderLayer|EmptyLayer",
  "pretraining_tp": 2,
  "recompute_granularity": "full",
  "recompute_method": "uniform",
  "recompute_num_layers": 1,
  "rms_norm_eps": 1e-05,
  "rope_parameters": {
    "rope_theta": 10000.0,
    "rope_type": "default"
  },
  "rope_scaling": null,
  "rope_theta": 10000.0,
  "seq_length": 4096,
  "tensor_model_parallel_size": 8,
  "tie_word_embeddings": false,
  "torch_dtype": "float32",
  "use_cache": true,
  "use_fast_layer_norm": false,
  "vocab_size": 32000
}
, layer_idx=42)
[2026-04-17 13:39:03,938] [    INFO] pp_layers.py:900 - 39: DecoderLayerPipe(config=LlamaConfig {
  "_name_or_path": "./models/Llama-2-52B",
  "architectures": [
    "LlamaForCausalLM"
  ],
  "attention_bias": false,
  "attention_dropout": 0.0,
  "bos_token_id": 1,
  "enable_auto_parallel": false,
  "eos_token_id": 2,
  "head_dim": 128,
  "hidden_act": "silu",
  "hidden_size": 7168,
  "initializer_range": 0.006818968095896705,
  "intermediate_size": 19456,
  "is_lora": false,
  "max_position_embeddings": 4096,
  "max_sequence_length": 4096,
  "mlp_bias": false,
  "model_type": "llama",
  "moe_group_origin": "dummy",
  "moe_rank": 0,
  "moe_router_bias_update_rate": 0.0,
  "moe_world_size": 1,
  "num_attention_heads": 56,
  "num_hidden_layers": 80,
  "num_key_value_heads": 56,
  "pad_token_id": 0,
  "paddleformers_version": "1.1.0.post20260417",
  "pipeline_model_parallel_size": 2,
  "pp_seg_method": "layer:DecoderLayer|EmptyLayer",
  "pretraining_tp": 2,
  "recompute_granularity": "full",
  "recompute_method": "uniform",
  "recompute_num_layers": 1,
  "rms_norm_eps": 1e-05,
  "rope_parameters": {
    "rope_theta": 10000.0,
    "rope_type": "default"
  },
  "rope_scaling": null,
  "rope_theta": 10000.0,
  "seq_length": 4096,
  "tensor_model_parallel_size": 8,
  "tie_word_embeddings": false,
  "torch_dtype": "float32",
  "use_cache": true,
  "use_fast_layer_norm": false,
  "vocab_size": 32000
}
, layer_idx=38)
[2026-04-17 13:39:03,940] [    INFO] pp_layers.py:900 - 44: DecoderLayerPipe(config=LlamaConfig {
  "_name_or_path": "./models/Llama-2-52B",
  "architectures": [
    "LlamaForCausalLM"
  ],
  "attention_bias": false,
  "attention_dropout": 0.0,
  "bos_token_id": 1,
  "enable_auto_parallel": false,
  "eos_token_id": 2,
  "head_dim": 128,
  "hidden_act": "silu",
  "hidden_size": 7168,
  "initializer_range": 0.006818968095896705,
  "intermediate_size": 19456,
  "is_lora": false,
  "max_position_embeddings": 4096,
  "max_sequence_length": 4096,
  "mlp_bias": false,
  "model_type": "llama",
  "moe_group_origin": "dummy",
  "moe_rank": 0,
  "moe_router_bias_update_rate": 0.0,
  "moe_world_size": 1,
  "num_attention_heads": 56,
  "num_hidden_layers": 80,
  "num_key_value_heads": 56,
  "pad_token_id": 0,
  "paddleformers_version": "1.1.0.post20260417",
  "pipeline_model_parallel_size": 2,
  "pp_seg_method": "layer:DecoderLayer|EmptyLayer",
  "pretraining_tp": 2,
  "recompute_granularity": "full",
  "recompute_method": "uniform",
  "recompute_num_layers": 1,
  "rms_norm_eps": 1e-05,
  "rope_parameters": {
    "rope_theta": 10000.0,
    "rope_type": "default"
  },
  "rope_scaling": null,
  "rope_theta": 10000.0,
  "seq_length": 4096,
  "tensor_model_parallel_size": 8,
  "tie_word_embeddings": false,
  "torch_dtype": "float32",
  "use_cache": true,
  "use_fast_layer_norm": false,
  "vocab_size": 32000
}
, layer_idx=43)
[2026-04-17 13:39:03,943] [    INFO] pp_layers.py:900 - 40: DecoderLayerPipe(config=LlamaConfig {
  "_name_or_path": "./models/Llama-2-52B",
  "architectures": [
    "LlamaForCausalLM"
  ],
  "attention_bias": false,
  "attention_dropout": 0.0,
  "bos_token_id": 1,
  "enable_auto_parallel": false,
  "eos_token_id": 2,
  "head_dim": 128,
  "hidden_act": "silu",
  "hidden_size": 7168,
  "initializer_range": 0.006818968095896705,
  "intermediate_size": 19456,
  "is_lora": false,
  "max_position_embeddings": 4096,
  "max_sequence_length": 4096,
  "mlp_bias": false,
  "model_type": "llama",
  "moe_group_origin": "dummy",
  "moe_rank": 0,
  "moe_router_bias_update_rate": 0.0,
  "moe_world_size": 1,
  "num_attention_heads": 56,
  "num_hidden_layers": 80,
  "num_key_value_heads": 56,
  "pad_token_id": 0,
  "paddleformers_version": "1.1.0.post20260417",
  "pipeline_model_parallel_size": 2,
  "pp_seg_method": "layer:DecoderLayer|EmptyLayer",
  "pretraining_tp": 2,
  "recompute_granularity": "full",
  "recompute_method": "uniform",
  "recompute_num_layers": 1,
  "rms_norm_eps": 1e-05,
  "rope_parameters": {
    "rope_theta": 10000.0,
    "rope_type": "default"
  },
  "rope_scaling": null,
  "rope_theta": 10000.0,
  "seq_length": 4096,
  "tensor_model_parallel_size": 8,
  "tie_word_embeddings": false,
  "torch_dtype": "float32",
  "use_cache": true,
  "use_fast_layer_norm": false,
  "vocab_size": 32000
}
, layer_idx=39)
[2026-04-17 13:39:03,945] [    INFO] pp_layers.py:900 - 45: DecoderLayerPipe(config=LlamaConfig {
  "_name_or_path": "./models/Llama-2-52B",
  "architectures": [
    "LlamaForCausalLM"
  ],
  "attention_bias": false,
  "attention_dropout": 0.0,
  "bos_token_id": 1,
  "enable_auto_parallel": false,
  "eos_token_id": 2,
  "head_dim": 128,
  "hidden_act": "silu",
  "hidden_size": 7168,
  "initializer_range": 0.006818968095896705,
  "intermediate_size": 19456,
  "is_lora": false,
  "max_position_embeddings": 4096,
  "max_sequence_length": 4096,
  "mlp_bias": false,
  "model_type": "llama",
  "moe_group_origin": "dummy",
  "moe_rank": 0,
  "moe_router_bias_update_rate": 0.0,
  "moe_world_size": 1,
  "num_attention_heads": 56,
  "num_hidden_layers": 80,
  "num_key_value_heads": 56,
  "pad_token_id": 0,
  "paddleformers_version": "1.1.0.post20260417",
  "pipeline_model_parallel_size": 2,
  "pp_seg_method": "layer:DecoderLayer|EmptyLayer",
  "pretraining_tp": 2,
  "recompute_granularity": "full",
  "recompute_method": "uniform",
  "recompute_num_layers": 1,
  "rms_norm_eps": 1e-05,
  "rope_parameters": {
    "rope_theta": 10000.0,
    "rope_type": "default"
  },
  "rope_scaling": null,
  "rope_theta": 10000.0,
  "seq_length": 4096,
  "tensor_model_parallel_size": 8,
  "tie_word_embeddings": false,
  "torch_dtype": "float32",
  "use_cache": true,
  "use_fast_layer_norm": false,
  "vocab_size": 32000
}
, layer_idx=44)
[2026-04-17 13:39:03,948] [    INFO] pp_layers.py:895 - stage=1, global_rank=0 ,layer_number=42
[2026-04-17 13:39:03,951] [    INFO] pp_layers.py:900 - 46: DecoderLayerPipe(config=LlamaConfig {
  "_name_or_path": "./models/Llama-2-52B",
  "architectures": [
    "LlamaForCausalLM"
  ],
  "attention_bias": false,
  "attention_dropout": 0.0,
  "bos_token_id": 1,
  "enable_auto_parallel": false,
  "eos_token_id": 2,
  "head_dim": 128,
  "hidden_act": "silu",
  "hidden_size": 7168,
  "initializer_range": 0.006818968095896705,
  "intermediate_size": 19456,
  "is_lora": false,
  "max_position_embeddings": 4096,
  "max_sequence_length": 4096,
  "mlp_bias": false,
  "model_type": "llama",
  "moe_group_origin": "dummy",
  "moe_rank": 0,
  "moe_router_bias_update_rate": 0.0,
  "moe_world_size": 1,
  "num_attention_heads": 56,
  "num_hidden_layers": 80,
  "num_key_value_heads": 56,
  "pad_token_id": 0,
  "paddleformers_version": "1.1.0.post20260417",
  "pipeline_model_parallel_size": 2,
  "pp_seg_method": "layer:DecoderLayer|EmptyLayer",
  "pretraining_tp": 2,
  "recompute_granularity": "full",
  "recompute_method": "uniform",
  "recompute_num_layers": 1,
  "rms_norm_eps": 1e-05,
  "rope_parameters": {
    "rope_theta": 10000.0,
    "rope_type": "default"
  },
  "rope_scaling": null,
  "rope_theta": 10000.0,
  "seq_length": 4096,
  "tensor_model_parallel_size": 8,
  "tie_word_embeddings": false,
  "torch_dtype": "float32",
  "use_cache": true,
  "use_fast_layer_norm": false,
  "vocab_size": 32000
}
, layer_idx=45)
[2026-04-17 13:39:03,959] [    INFO] pp_layers.py:900 - 41: DecoderLayerPipe(config=LlamaConfig {
  "_name_or_path": "./models/Llama-2-52B",
  "architectures": [
    "LlamaForCausalLM"
  ],
  "attention_bias": false,
  "attention_dropout": 0.0,
  "bos_token_id": 1,
  "enable_auto_parallel": false,
  "eos_token_id": 2,
  "head_dim": 128,
  "hidden_act": "silu",
  "hidden_size": 7168,
  "initializer_range": 0.006818968095896705,
  "intermediate_size": 19456,
  "is_lora": false,
  "max_position_embeddings": 4096,
  "max_sequence_length": 4096,
  "mlp_bias": false,
  "model_type": "llama",
  "moe_group_origin": "dummy",
  "moe_rank": 0,
  "moe_router_bias_update_rate": 0.0,
  "moe_world_size": 1,
  "num_attention_heads": 56,
  "num_hidden_layers": 80,
  "num_key_value_heads": 56,
  "pad_token_id": 0,
  "paddleformers_version": "1.1.0.post20260417",
  "pipeline_model_parallel_size": 2,
  "pp_seg_method": "layer:DecoderLayer|EmptyLayer",
  "pretraining_tp": 2,
  "recompute_granularity": "full",
  "recompute_method": "uniform",
  "recompute_num_layers": 1,
  "rms_norm_eps": 1e-05,
  "rope_parameters": {
    "rope_theta": 10000.0,
    "rope_type": "default"
  },
  "rope_scaling": null,
  "rope_theta": 10000.0,
  "seq_length": 4096,
  "tensor_model_parallel_size": 8,
  "tie_word_embeddings": false,
  "torch_dtype": "float32",
  "use_cache": true,
  "use_fast_layer_norm": false,
  "vocab_size": 32000
}
, layer_idx=40)
[2026-04-17 13:39:03,962] [    INFO] pp_layers.py:900 - 47: DecoderLayerPipe(config=LlamaConfig {
  "_name_or_path": "./models/Llama-2-52B",
  "architectures": [
    "LlamaForCausalLM"
  ],
  "attention_bias": false,
  "attention_dropout": 0.0,
  "bos_token_id": 1,
  "enable_auto_parallel": false,
  "eos_token_id": 2,
  "head_dim": 128,
  "hidden_act": "silu",
  "hidden_size": 7168,
  "initializer_range": 0.006818968095896705,
  "intermediate_size": 19456,
  "is_lora": false,
  "max_position_embeddings": 4096,
  "max_sequence_length": 4096,
  "mlp_bias": false,
  "model_type": "llama",
  "moe_group_origin": "dummy",
  "moe_rank": 0,
  "moe_router_bias_update_rate": 0.0,
  "moe_world_size": 1,
  "num_attention_heads": 56,
  "num_hidden_layers": 80,
  "num_key_value_heads": 56,
  "pad_token_id": 0,
  "paddleformers_version": "1.1.0.post20260417",
  "pipeline_model_parallel_size": 2,
  "pp_seg_method": "layer:DecoderLayer|EmptyLayer",
  "pretraining_tp": 2,
  "recompute_granularity": "full",
  "recompute_method": "uniform",
  "recompute_num_layers": 1,
  "rms_norm_eps": 1e-05,
  "rope_parameters": {
    "rope_theta": 10000.0,
    "rope_type": "default"
  },
  "rope_scaling": null,
  "rope_theta": 10000.0,
  "seq_length": 4096,
  "tensor_model_parallel_size": 8,
  "tie_word_embeddings": false,
  "torch_dtype": "float32",
  "use_cache": true,
  "use_fast_layer_norm": false,
  "vocab_size": 32000
}
, layer_idx=46)
[2026-04-17 13:39:03,965] [    INFO] pp_layers.py:900 - 42: DecoderLayerPipe(config=LlamaConfig {
  "_name_or_path": "./models/Llama-2-52B",
  "architectures": [
    "LlamaForCausalLM"
  ],
  "attention_bias": false,
  "attention_dropout": 0.0,
  "bos_token_id": 1,
  "enable_auto_parallel": false,
  "eos_token_id": 2,
  "head_dim": 128,
  "hidden_act": "silu",
  "hidden_size": 7168,
  "initializer_range": 0.006818968095896705,
  "intermediate_size": 19456,
  "is_lora": false,
  "max_position_embeddings": 4096,
  "max_sequence_length": 4096,
  "mlp_bias": false,
  "model_type": "llama",
  "moe_group_origin": "dummy",
  "moe_rank": 0,
  "moe_router_bias_update_rate": 0.0,
  "moe_world_size": 1,
  "num_attention_heads": 56,
  "num_hidden_layers": 80,
  "num_key_value_heads": 56,
  "pad_token_id": 0,
  "paddleformers_version": "1.1.0.post20260417",
  "pipeline_model_parallel_size": 2,
  "pp_seg_method": "layer:DecoderLayer|EmptyLayer",
  "pretraining_tp": 2,
  "recompute_granularity": "full",
  "recompute_method": "uniform",
  "recompute_num_layers": 1,
  "rms_norm_eps": 1e-05,
  "rope_parameters": {
    "rope_theta": 10000.0,
    "rope_type": "default"
  },
  "rope_scaling": null,
  "rope_theta": 10000.0,
  "seq_length": 4096,
  "tensor_model_parallel_size": 8,
  "tie_word_embeddings": false,
  "torch_dtype": "float32",
  "use_cache": true,
  "use_fast_layer_norm": false,
  "vocab_size": 32000
}
, layer_idx=41)
[2026-04-17 13:39:03,967] [    INFO] pp_layers.py:900 - 48: DecoderLayerPipe(config=LlamaConfig {
  "_name_or_path": "./models/Llama-2-52B",
  "architectures": [
    "LlamaForCausalLM"
  ],
  "attention_bias": false,
  "attention_dropout": 0.0,
  "bos_token_id": 1,
  "enable_auto_parallel": false,
  "eos_token_id": 2,
  "head_dim": 128,
  "hidden_act": "silu",
  "hidden_size": 7168,
  "initializer_range": 0.006818968095896705,
  "intermediate_size": 19456,
  "is_lora": false,
  "max_position_embeddings": 4096,
  "max_sequence_length": 4096,
  "mlp_bias": false,
  "model_type": "llama",
  "moe_group_origin": "dummy",
  "moe_rank": 0,
  "moe_router_bias_update_rate": 0.0,
  "moe_world_size": 1,
  "num_attention_heads": 56,
  "num_hidden_layers": 80,
  "num_key_value_heads": 56,
  "pad_token_id": 0,
  "paddleformers_version": "1.1.0.post20260417",
  "pipeline_model_parallel_size": 2,
  "pp_seg_method": "layer:DecoderLayer|EmptyLayer",
  "pretraining_tp": 2,
  "recompute_granularity": "full",
  "recompute_method": "uniform",
  "recompute_num_layers": 1,
  "rms_norm_eps": 1e-05,
  "rope_parameters": {
    "rope_theta": 10000.0,
    "rope_type": "default"
  },
  "rope_scaling": null,
  "rope_theta": 10000.0,
  "seq_length": 4096,
  "tensor_model_parallel_size": 8,
  "tie_word_embeddings": false,
  "torch_dtype": "float32",
  "use_cache": true,
  "use_fast_layer_norm": false,
  "vocab_size": 32000
}
, layer_idx=47)
[2026-04-17 13:39:03,970] [    INFO] pp_layers.py:900 - 43: DecoderLayerPipe(config=LlamaConfig {
  "_name_or_path": "./models/Llama-2-52B",
  "architectures": [
    "LlamaForCausalLM"
  ],
  "attention_bias": false,
  "attention_dropout": 0.0,
  "bos_token_id": 1,
  "enable_auto_parallel": false,
  "eos_token_id": 2,
  "head_dim": 128,
  "hidden_act": "silu",
  "hidden_size": 7168,
  "initializer_range": 0.006818968095896705,
  "intermediate_size": 19456,
  "is_lora": false,
  "max_position_embeddings": 4096,
  "max_sequence_length": 4096,
  "mlp_bias": false,
  "model_type": "llama",
  "moe_group_origin": "dummy",
  "moe_rank": 0,
  "moe_router_bias_update_rate": 0.0,
  "moe_world_size": 1,
  "num_attention_heads": 56,
  "num_hidden_layers": 80,
  "num_key_value_heads": 56,
  "pad_token_id": 0,
  "paddleformers_version": "1.1.0.post20260417",
  "pipeline_model_parallel_size": 2,
  "pp_seg_method": "layer:DecoderLayer|EmptyLayer",
  "pretraining_tp": 2,
  "recompute_granularity": "full",
  "recompute_method": "uniform",
  "recompute_num_layers": 1,
  "rms_norm_eps": 1e-05,
  "rope_parameters": {
    "rope_theta": 10000.0,
    "rope_type": "default"
  },
  "rope_scaling": null,
  "rope_theta": 10000.0,
  "seq_length": 4096,
  "tensor_model_parallel_size": 8,
  "tie_word_embeddings": false,
  "torch_dtype": "float32",
  "use_cache": true,
  "use_fast_layer_norm": false,
  "vocab_size": 32000
}
, layer_idx=42)
[2026-04-17 13:39:03,973] [    INFO] pp_layers.py:900 - 49: DecoderLayerPipe(config=LlamaConfig {
  "_name_or_path": "./models/Llama-2-52B",
  "architectures": [
    "LlamaForCausalLM"
  ],
  "attention_bias": false,
  "attention_dropout": 0.0,
  "bos_token_id": 1,
  "enable_auto_parallel": false,
  "eos_token_id": 2,
  "head_dim": 128,
  "hidden_act": "silu",
  "hidden_size": 7168,
  "initializer_range": 0.006818968095896705,
  "intermediate_size": 19456,
  "is_lora": false,
  "max_position_embeddings": 4096,
  "max_sequence_length": 4096,
  "mlp_bias": false,
  "model_type": "llama",
  "moe_group_origin": "dummy",
  "moe_rank": 0,
  "moe_router_bias_update_rate": 0.0,
  "moe_world_size": 1,
  "num_attention_heads": 56,
  "num_hidden_layers": 80,
  "num_key_value_heads": 56,
  "pad_token_id": 0,
  "paddleformers_version": "1.1.0.post20260417",
  "pipeline_model_parallel_size": 2,
  "pp_seg_method": "layer:DecoderLayer|EmptyLayer",
  "pretraining_tp": 2,
  "recompute_granularity": "full",
  "recompute_method": "uniform",
  "recompute_num_layers": 1,
  "rms_norm_eps": 1e-05,
  "rope_parameters": {
    "rope_theta": 10000.0,
    "rope_type": "default"
  },
  "rope_scaling": null,
  "rope_theta": 10000.0,
  "seq_length": 4096,
  "tensor_model_parallel_size": 8,
  "tie_word_embeddings": false,
  "torch_dtype": "float32",
  "use_cache": true,
  "use_fast_layer_norm": false,
  "vocab_size": 32000
}
, layer_idx=48)
[2026-04-17 13:39:03,978] [    INFO] pp_layers.py:900 - 50: DecoderLayerPipe(config=LlamaConfig {
  "_name_or_path": "./models/Llama-2-52B",
  "architectures": [
    "LlamaForCausalLM"
  ],
  "attention_bias": false,
  "attention_dropout": 0.0,
  "bos_token_id": 1,
  "enable_auto_parallel": false,
  "eos_token_id": 2,
  "head_dim": 128,
  "hidden_act": "silu",
  "hidden_size": 7168,
  "initializer_range": 0.006818968095896705,
  "intermediate_size": 19456,
  "is_lora": false,
  "max_position_embeddings": 4096,
  "max_sequence_length": 4096,
  "mlp_bias": false,
  "model_type": "llama",
  "moe_group_origin": "dummy",
  "moe_rank": 0,
  "moe_router_bias_update_rate": 0.0,
  "moe_world_size": 1,
  "num_attention_heads": 56,
  "num_hidden_layers": 80,
  "num_key_value_heads": 56,
  "pad_token_id": 0,
  "paddleformers_version": "1.1.0.post20260417",
  "pipeline_model_parallel_size": 2,
  "pp_seg_method": "layer:DecoderLayer|EmptyLayer",
  "pretraining_tp": 2,
  "recompute_granularity": "full",
  "recompute_method": "uniform",
  "recompute_num_layers": 1,
  "rms_norm_eps": 1e-05,
  "rope_parameters": {
    "rope_theta": 10000.0,
    "rope_type": "default"
  },
  "rope_scaling": null,
  "rope_theta": 10000.0,
  "seq_length": 4096,
  "tensor_model_parallel_size": 8,
  "tie_word_embeddings": false,
  "rope_scaling": null,
  "rope_theta": 10000.0,
  "seq_length": 4096,
  "tensor_model_parallel_size": 8,
  "tie_word_embeddings": false,
  "torch_dtype": "float32",
  "use_cache": true,
  "use_fast_layer_norm": false,
  "vocab_size": 32000
}
, layer_idx=34)
[2026-04-17 13:39:03,914] [    INFO] pp_layers.py:900 - 40: DecoderLayerPipe(config=LlamaConfig {
  "_name_or_path": "./models/Llama-2-52B",
  "architectures": [
    "LlamaForCausalLM"
  ],
  "attention_bias": false,
  "attention_dropout": 0.0,
  "bos_token_id": 1,
  "enable_auto_parallel": false,
  "eos_token_id": 2,
  "head_dim": 128,
  "hidden_act": "silu",
  "hidden_size": 7168,
  "initializer_range": 0.006818968095896705,
  "intermediate_size": 19456,
  "is_lora": false,
  "max_position_embeddings": 4096,
  "max_sequence_length": 4096,
  "mlp_bias": false,
  "model_type": "llama",
  "moe_group_origin": "dummy",
  "moe_rank": 0,
  "moe_router_bias_update_rate": 0.0,
  "moe_world_size": 1,
  "num_attention_heads": 56,
  "num_hidden_layers": 80,
  "num_key_value_heads": 56,
  "pad_token_id": 0,
  "paddleformers_version": "1.1.0.post20260417",
  "pipeline_model_parallel_size": 2,
  "pp_seg_method": "layer:DecoderLayer|EmptyLayer",
  "pretraining_tp": 2,
  "recompute_granularity": "full",
  "recompute_method": "uniform",
  "recompute_num_layers": 1,
  "rms_norm_eps": 1e-05,
  "rope_parameters": {
    "rope_theta": 10000.0,
    "rope_type": "default"
  },
  "rope_scaling": null,
  "rope_theta": 10000.0,
  "seq_length": 4096,
  "tensor_model_parallel_size": 8,
  "tie_word_embeddings": false,
  "torch_dtype": "float32",
  "use_cache": true,
  "use_fast_layer_norm": false,
  "vocab_size": 32000
}
, layer_idx=39)
[2026-04-17 13:39:03,920] [    INFO] pp_layers.py:895 - stage=1, global_rank=8 ,layer_number=42
[2026-04-17 13:39:03,916] [    INFO] pp_layers.py:900 - 36: DecoderLayerPipe(config=LlamaConfig {
  "_name_or_path": "./models/Llama-2-52B",
  "architectures": [
    "LlamaForCausalLM"
  ],
  "attention_bias": false,
  "attention_dropout": 0.0,
  "bos_token_id": 1,
  "enable_auto_parallel": false,
  "eos_token_id": 2,
  "head_dim": 128,
  "hidden_act": "silu",
  "hidden_size": 7168,
  "initializer_range": 0.006818968095896705,
  "intermediate_size": 19456,
  "is_lora": false,
  "max_position_embeddings": 4096,
  "max_sequence_length": 4096,
  "mlp_bias": false,
  "model_type": "llama",
  "moe_group_origin": "dummy",
  "moe_rank": 0,
  "moe_router_bias_update_rate": 0.0,
  "moe_world_size": 1,
  "num_attention_heads": 56,
  "num_hidden_layers": 80,
  "num_key_value_heads": 56,
  "pad_token_id": 0,
  "paddleformers_version": "1.1.0.post20260417",
  "pipeline_model_parallel_size": 2,
  "pp_seg_method": "layer:DecoderLayer|EmptyLayer",
  "pretraining_tp": 2,
  "recompute_granularity": "full",
  "recompute_method": "uniform",
  "recompute_num_layers": 1,
  "rms_norm_eps": 1e-05,
  "rope_parameters": {
    "rope_theta": 10000.0,
    "rope_type": "default"
  },
  "rope_scaling": null,
  "rope_theta": 10000.0,
  "seq_length": 4096,
  "tensor_model_parallel_size": 8,
  "tie_word_embeddings": false,
  "torch_dtype": "float32",
  "use_cache": true,
  "use_fast_layer_norm": false,
  "vocab_size": 32000
}
, layer_idx=35)
[2026-04-17 13:39:03,923] [    INFO] pp_layers.py:900 - 41: DecoderLayerPipe(config=LlamaConfig {
  "_name_or_path": "./models/Llama-2-52B",
  "architectures": [
    "LlamaForCausalLM"
  ],
  "attention_bias": false,
  "attention_dropout": 0.0,
  "bos_token_id": 1,
  "enable_auto_parallel": false,
  "eos_token_id": 2,
  "head_dim": 128,
  "hidden_act": "silu",
  "hidden_size": 7168,
  "initializer_range": 0.006818968095896705,
  "intermediate_size": 19456,
  "is_lora": false,
  "max_position_embeddings": 4096,
  "max_sequence_length": 4096,
  "mlp_bias": false,
  "model_type": "llama",
  "moe_group_origin": "dummy",
  "moe_rank": 0,
  "moe_router_bias_update_rate": 0.0,
  "moe_world_size": 1,
  "num_attention_heads": 56,
  "num_hidden_layers": 80,
  "num_key_value_heads": 56,
  "pad_token_id": 0,
  "paddleformers_version": "1.1.0.post20260417",
  "pipeline_model_parallel_size": 2,
  "pp_seg_method": "layer:DecoderLayer|EmptyLayer",
  "pretraining_tp": 2,
  "recompute_granularity": "full",
  "recompute_method": "uniform",
  "recompute_num_layers": 1,
  "rms_norm_eps": 1e-05,
  "rope_parameters": {
    "rope_theta": 10000.0,
    "rope_type": "default"
  },
  "rope_scaling": null,
  "rope_theta": 10000.0,
  "seq_length": 4096,
  "tensor_model_parallel_size": 8,
  "tie_word_embeddings": false,
  "torch_dtype": "float32",
  "use_cache": true,
  "use_fast_layer_norm": false,
  "vocab_size": 32000
}
, layer_idx=40)
[2026-04-17 13:39:03,927] [    INFO] pp_layers.py:900 - 37: DecoderLayerPipe(config=LlamaConfig {
  "_name_or_path": "./models/Llama-2-52B",
  "architectures": [
    "LlamaForCausalLM"
  ],
  "attention_bias": false,
  "attention_dropout": 0.0,
  "bos_token_id": 1,
  "enable_auto_parallel": false,
  "eos_token_id": 2,
  "head_dim": 128,
  "hidden_act": "silu",
  "hidden_size": 7168,
  "initializer_range": 0.006818968095896705,
  "intermediate_size": 19456,
  "is_lora": false,
  "max_position_embeddings": 4096,
  "max_sequence_length": 4096,
  "mlp_bias": false,
  "model_type": "llama",
  "moe_group_origin": "dummy",
  "moe_rank": 0,
  "moe_router_bias_update_rate": 0.0,
  "moe_world_size": 1,
  "num_attention_heads": 56,
  "num_hidden_layers": 80,
  "num_key_value_heads": 56,
  "pad_token_id": 0,
  "paddleformers_version": "1.1.0.post20260417",
  "pipeline_model_parallel_size": 2,
  "pp_seg_method": "layer:DecoderLayer|EmptyLayer",
  "pretraining_tp": 2,
  "recompute_granularity": "full",
  "recompute_method": "uniform",
  "recompute_num_layers": 1,
  "rms_norm_eps": 1e-05,
  "rope_parameters": {
    "rope_theta": 10000.0,
    "rope_type": "default"
  },
  "rope_scaling": null,
  "rope_theta": 10000.0,
  "seq_length": 4096,
  "tensor_model_parallel_size": 8,
  "tie_word_embeddings": false,
  "torch_dtype": "float32",
  "use_cache": true,
  "use_fast_layer_norm": false,
  "vocab_size": 32000
}
, layer_idx=36)
[2026-04-17 13:39:03,929] [    INFO] pp_layers.py:900 - 42: DecoderLayerPipe(config=LlamaConfig {
  "_name_or_path": "./models/Llama-2-52B",
  "architectures": [
    "LlamaForCausalLM"
  ],
  "attention_bias": false,
  "attention_dropout": 0.0,
  "bos_token_id": 1,
  "enable_auto_parallel": false,
  "eos_token_id": 2,
  "head_dim": 128,
  "hidden_act": "silu",
  "hidden_size": 7168,
  "initializer_range": 0.006818968095896705,
  "intermediate_size": 19456,
  "is_lora": false,
  "max_position_embeddings": 4096,
  "max_sequence_length": 4096,
  "mlp_bias": false,
  "model_type": "llama",
  "moe_group_origin": "dummy",
  "moe_rank": 0,
  "moe_router_bias_update_rate": 0.0,
  "moe_world_size": 1,
  "num_attention_heads": 56,
  "num_hidden_layers": 80,
  "num_key_value_heads": 56,
  "pad_token_id": 0,
  "paddleformers_version": "1.1.0.post20260417",
  "pipeline_model_parallel_size": 2,
  "pp_seg_method": "layer:DecoderLayer|EmptyLayer",
  "pretraining_tp": 2,
  "recompute_granularity": "full",
  "recompute_method": "uniform",
  "recompute_num_layers": 1,
  "rms_norm_eps": 1e-05,
  "rope_parameters": {
    "rope_theta": 10000.0,
    "rope_type": "default"
  },
  "rope_scaling": null,
  "rope_theta": 10000.0,
  "seq_length": 4096,
  "tensor_model_parallel_size": 8,
  "tie_word_embeddings": false,
  "torch_dtype": "float32",
  "use_cache": true,
  "use_fast_layer_norm": false,
  "vocab_size": 32000
}
, layer_idx=41)
[2026-04-17 13:39:03,933] [    INFO] pp_layers.py:900 - 38: DecoderLayerPipe(config=LlamaConfig {
  "_name_or_path": "./models/Llama-2-52B",
  "architectures": [
    "LlamaForCausalLM"
  ],
  "attention_bias": false,
  "attention_dropout": 0.0,
  "bos_token_id": 1,
  "enable_auto_parallel": false,
  "eos_token_id": 2,
  "head_dim": 128,
  "hidden_act": "silu",
  "hidden_size": 7168,
  "initializer_range": 0.006818968095896705,
  "intermediate_size": 19456,
  "is_lora": false,
  "max_position_embeddings": 4096,
  "max_sequence_length": 4096,
  "mlp_bias": false,
  "model_type": "llama",
  "moe_group_origin": "dummy",
  "moe_rank": 0,
  "moe_router_bias_update_rate": 0.0,
  "moe_world_size": 1,
  "num_attention_heads": 56,
  "num_hidden_layers": 80,
  "num_key_value_heads": 56,
  "pad_token_id": 0,
  "paddleformers_version": "1.1.0.post20260417",
  "pipeline_model_parallel_size": 2,
  "pp_seg_method": "layer:DecoderLayer|EmptyLayer",
  "pretraining_tp": 2,
  "recompute_granularity": "full",
  "recompute_method": "uniform",
  "recompute_num_layers": 1,
  "rms_norm_eps": 1e-05,
  "rope_parameters": {
    "rope_theta": 10000.0,
    "rope_type": "default"
  },
  "rope_scaling": null,
  "rope_theta": 10000.0,
  "seq_length": 4096,
  "tensor_model_parallel_size": 8,
  "tie_word_embeddings": false,
  "torch_dtype": "float32",
  "use_cache": true,
  "use_fast_layer_norm": false,
  "vocab_size": 32000
}
, layer_idx=37)
[2026-04-17 13:39:03,935] [    INFO] pp_layers.py:900 - 43: DecoderLayerPipe(config=LlamaConfig {
  "_name_or_path": "./models/Llama-2-52B",
  "architectures": [
    "LlamaForCausalLM"
  ],
  "attention_bias": false,
  "attention_dropout": 0.0,
  "bos_token_id": 1,
  "enable_auto_parallel": false,
  "eos_token_id": 2,
  "head_dim": 128,
  "hidden_act": "silu",
  "hidden_size": 7168,
  "initializer_range": 0.006818968095896705,
  "intermediate_size": 19456,
  "is_lora": false,
  "max_position_embeddings": 4096,
  "max_sequence_length": 4096,
  "mlp_bias": false,
  "model_type": "llama",
  "moe_group_origin": "dummy",
  "moe_rank": 0,
  "moe_router_bias_update_rate": 0.0,
  "moe_world_size": 1,
  "num_attention_heads": 56,
  "num_hidden_layers": 80,
  "num_key_value_heads": 56,
  "pad_token_id": 0,
  "paddleformers_version": "1.1.0.post20260417",
  "pipeline_model_parallel_size": 2,
  "pp_seg_method": "layer:DecoderLayer|EmptyLayer",
  "pretraining_tp": 2,
  "recompute_granularity": "full",
  "recompute_method": "uniform",
  "recompute_num_layers": 1,
  "rms_norm_eps": 1e-05,
  "rope_parameters": {
    "rope_theta": 10000.0,
    "rope_type": "default"
  },
  "rope_scaling": null,
  "rope_theta": 10000.0,
  "seq_length": 4096,
  "tensor_model_parallel_size": 8,
  "tie_word_embeddings": false,
  "torch_dtype": "float32",
  "use_cache": true,
  "use_fast_layer_norm": false,
  "vocab_size": 32000
}
, layer_idx=42)
[2026-04-17 13:39:03,938] [    INFO] pp_layers.py:900 - 39: DecoderLayerPipe(config=LlamaConfig {
  "_name_or_path": "./models/Llama-2-52B",
  "architectures": [
    "LlamaForCausalLM"
  ],
  "attention_bias": false,
  "attention_dropout": 0.0,
  "bos_token_id": 1,
  "enable_auto_parallel": false,
  "eos_token_id": 2,
  "head_dim": 128,
  "hidden_act": "silu",
  "hidden_size": 7168,
  "initializer_range": 0.006818968095896705,
  "intermediate_size": 19456,
  "is_lora": false,
  "max_position_embeddings": 4096,
  "max_sequence_length": 4096,
  "mlp_bias": false,
  "model_type": "llama",
  "moe_group_origin": "dummy",
  "moe_rank": 0,
  "moe_router_bias_update_rate": 0.0,
  "moe_world_size": 1,
  "num_attention_heads": 56,
  "num_hidden_layers": 80,
  "num_key_value_heads": 56,
  "pad_token_id": 0,
  "paddleformers_version": "1.1.0.post20260417",
  "pipeline_model_parallel_size": 2,
  "pp_seg_method": "layer:DecoderLayer|EmptyLayer",
  "pretraining_tp": 2,
  "recompute_granularity": "full",
  "recompute_method": "uniform",
  "recompute_num_layers": 1,
  "rms_norm_eps": 1e-05,
  "rope_parameters": {
    "rope_theta": 10000.0,
    "rope_type": "default"
  },
  "rope_scaling": null,
  "rope_theta": 10000.0,
  "seq_length": 4096,
  "tensor_model_parallel_size": 8,
  "tie_word_embeddings": false,
  "torch_dtype": "float32",
  "use_cache": true,
  "use_fast_layer_norm": false,
  "vocab_size": 32000
}
, layer_idx=38)
[2026-04-17 13:39:03,940] [    INFO] pp_layers.py:900 - 44: DecoderLayerPipe(config=LlamaConfig {
  "_name_or_path": "./models/Llama-2-52B",
  "architectures": [
    "LlamaForCausalLM"
  ],
  "attention_bias": false,
  "attention_dropout": 0.0,
  "bos_token_id": 1,
  "enable_auto_parallel": false,
  "eos_token_id": 2,
  "head_dim": 128,
  "hidden_act": "silu",
  "hidden_size": 7168,
  "initializer_range": 0.006818968095896705,
  "intermediate_size": 19456,
  "is_lora": false,
  "max_position_embeddings": 4096,
  "max_sequence_length": 4096,
  "mlp_bias": false,
  "model_type": "llama",
  "moe_group_origin": "dummy",
  "moe_rank": 0,
  "moe_router_bias_update_rate": 0.0,
  "moe_world_size": 1,
  "num_attention_heads": 56,
  "num_hidden_layers": 80,
  "num_key_value_heads": 56,
  "pad_token_id": 0,
  "paddleformers_version": "1.1.0.post20260417",
  "pipeline_model_parallel_size": 2,
  "pp_seg_method": "layer:DecoderLayer|EmptyLayer",
  "pretraining_tp": 2,
  "recompute_granularity": "full",
  "recompute_method": "uniform",
  "recompute_num_layers": 1,
  "rms_norm_eps": 1e-05,
  "rope_parameters": {
    "rope_theta": 10000.0,
    "rope_type": "default"
  },
  "rope_scaling": null,
  "rope_theta": 10000.0,
  "seq_length": 4096,
  "tensor_model_parallel_size": 8,
  "tie_word_embeddings": false,
  "torch_dtype": "float32",
  "use_cache": true,
  "use_fast_layer_norm": false,
  "vocab_size": 32000
}
, layer_idx=43)
[2026-04-17 13:39:03,943] [    INFO] pp_layers.py:900 - 40: DecoderLayerPipe(config=LlamaConfig {
  "_name_or_path": "./models/Llama-2-52B",
  "architectures": [
    "LlamaForCausalLM"
  ],
  "attention_bias": false,
  "attention_dropout": 0.0,
  "bos_token_id": 1,
  "enable_auto_parallel": false,
  "eos_token_id": 2,
  "head_dim": 128,
  "hidden_act": "silu",
  "hidden_size": 7168,
  "initializer_range": 0.006818968095896705,
  "intermediate_size": 19456,
  "is_lora": false,
  "max_position_embeddings": 4096,
  "max_sequence_length": 4096,
  "mlp_bias": false,
  "model_type": "llama",
  "moe_group_origin": "dummy",
  "moe_rank": 0,
  "moe_router_bias_update_rate": 0.0,
  "moe_world_size": 1,
  "num_attention_heads": 56,
  "num_hidden_layers": 80,
  "num_key_value_heads": 56,
  "pad_token_id": 0,
  "paddleformers_version": "1.1.0.post20260417",
  "pipeline_model_parallel_size": 2,
  "pp_seg_method": "layer:DecoderLayer|EmptyLayer",
  "pretraining_tp": 2,
  "recompute_granularity": "full",
  "recompute_method": "uniform",
  "recompute_num_layers": 1,
  "rms_norm_eps": 1e-05,
  "rope_parameters": {
    "rope_theta": 10000.0,
    "rope_type": "default"
  },
  "rope_scaling": null,
  "rope_theta": 10000.0,
  "seq_length": 4096,
  "tensor_model_parallel_size": 8,
  "tie_word_embeddings": false,
  "torch_dtype": "float32",
  "use_cache": true,
  "use_fast_layer_norm": false,
  "vocab_size": 32000
}
, layer_idx=39)
[2026-04-17 13:39:03,945] [    INFO] pp_layers.py:900 - 45: DecoderLayerPipe(config=LlamaConfig {
  "_name_or_path": "./models/Llama-2-52B",
  "architectures": [
    "LlamaForCausalLM"
  ],
  "attention_bias": false,
  "attention_dropout": 0.0,
  "bos_token_id": 1,
  "enable_auto_parallel": false,
  "eos_token_id": 2,
  "head_dim": 128,
  "hidden_act": "silu",
  "hidden_size": 7168,
  "initializer_range": 0.006818968095896705,
  "intermediate_size": 19456,
  "is_lora": false,
  "max_position_embeddings": 4096,
  "max_sequence_length": 4096,
  "mlp_bias": false,
  "model_type": "llama",
  "moe_group_origin": "dummy",
  "moe_rank": 0,
  "moe_router_bias_update_rate": 0.0,
  "moe_world_size": 1,
  "num_attention_heads": 56,
  "num_hidden_layers": 80,
  "num_key_value_heads": 56,
  "pad_token_id": 0,
  "paddleformers_version": "1.1.0.post20260417",
  "pipeline_model_parallel_size": 2,
  "pp_seg_method": "layer:DecoderLayer|EmptyLayer",
  "pretraining_tp": 2,
  "recompute_granularity": "full",
  "recompute_method": "uniform",
  "recompute_num_layers": 1,
  "rms_norm_eps": 1e-05,
  "rope_parameters": {
    "rope_theta": 10000.0,
    "rope_type": "default"
  },
  "rope_scaling": null,
  "rope_theta": 10000.0,
  "seq_length": 4096,
  "tensor_model_parallel_size": 8,
  "tie_word_embeddings": false,
  "torch_dtype": "float32",
  "use_cache": true,
  "use_fast_layer_norm": false,
  "vocab_size": 32000
}
, layer_idx=44)
[2026-04-17 13:39:03,948] [    INFO] pp_layers.py:895 - stage=1, global_rank=0 ,layer_number=42
[2026-04-17 13:39:03,951] [    INFO] pp_layers.py:900 - 46: DecoderLayerPipe(config=LlamaConfig {
  "_name_or_path": "./models/Llama-2-52B",
  "architectures": [
    "LlamaForCausalLM"
  ],
  "attention_bias": false,
  "attention_dropout": 0.0,
  "bos_token_id": 1,
  "enable_auto_parallel": false,
  "eos_token_id": 2,
  "head_dim": 128,
  "hidden_act": "silu",
  "hidden_size": 7168,
  "initializer_range": 0.006818968095896705,
  "intermediate_size": 19456,
  "is_lora": false,
  "max_position_embeddings": 4096,
  "max_sequence_length": 4096,
  "mlp_bias": false,
  "model_type": "llama",
  "moe_group_origin": "dummy",
  "moe_rank": 0,
  "moe_router_bias_update_rate": 0.0,
  "moe_world_size": 1,
  "num_attention_heads": 56,
  "num_hidden_layers": 80,
  "num_key_value_heads": 56,
  "pad_token_id": 0,
  "paddleformers_version": "1.1.0.post20260417",
  "pipeline_model_parallel_size": 2,
  "pp_seg_method": "layer:DecoderLayer|EmptyLayer",
  "pretraining_tp": 2,
  "recompute_granularity": "full",
  "recompute_method": "uniform",
  "recompute_num_layers": 1,
  "rms_norm_eps": 1e-05,
  "rope_parameters": {
    "rope_theta": 10000.0,
    "rope_type": "default"
  },
  "rope_scaling": null,
  "rope_theta": 10000.0,
  "seq_length": 4096,
  "tensor_model_parallel_size": 8,
  "tie_word_embeddings": false,
  "torch_dtype": "float32",
  "use_cache": true,
  "use_fast_layer_norm": false,
  "vocab_size": 32000
}
, layer_idx=45)
[2026-04-17 13:39:03,959] [    INFO] pp_layers.py:900 - 41: DecoderLayerPipe(config=LlamaConfig {
  "_name_or_path": "./models/Llama-2-52B",
  "architectures": [
    "LlamaForCausalLM"
  ],
  "attention_bias": false,
  "attention_dropout": 0.0,
  "bos_token_id": 1,
  "enable_auto_parallel": false,
  "eos_token_id": 2,
  "head_dim": 128,
  "hidden_act": "silu",
  "hidden_size": 7168,
  "initializer_range": 0.006818968095896705,
  "intermediate_size": 19456,
  "is_lora": false,
  "max_position_embeddings": 4096,
  "max_sequence_length": 4096,
  "mlp_bias": false,
  "model_type": "llama",
  "moe_group_origin": "dummy",
  "moe_rank": 0,
  "moe_router_bias_update_rate": 0.0,
  "moe_world_size": 1,
  "num_attention_heads": 56,
  "num_hidden_layers": 80,
  "num_key_value_heads": 56,
  "pad_token_id": 0,
  "paddleformers_version": "1.1.0.post20260417",
  "pipeline_model_parallel_size": 2,
  "pp_seg_method": "layer:DecoderLayer|EmptyLayer",
  "pretraining_tp": 2,
  "recompute_granularity": "full",
  "recompute_method": "uniform",
  "recompute_num_layers": 1,
  "rms_norm_eps": 1e-05,
  "rope_parameters": {
    "rope_theta": 10000.0,
    "rope_type": "default"
  },
  "rope_scaling": null,
  "rope_theta": 10000.0,
  "seq_length": 4096,
  "tensor_model_parallel_size": 8,
  "tie_word_embeddings": false,
  "torch_dtype": "float32",
  "use_cache": true,
  "use_fast_layer_norm": false,
  "vocab_size": 32000
}
, layer_idx=40)
[2026-04-17 13:39:03,962] [    INFO] pp_layers.py:900 - 47: DecoderLayerPipe(config=LlamaConfig {
  "_name_or_path": "./models/Llama-2-52B",
  "architectures": [
    "LlamaForCausalLM"
  ],
  "attention_bias": false,
  "attention_dropout": 0.0,
  "bos_token_id": 1,
  "enable_auto_parallel": false,
  "eos_token_id": 2,
  "head_dim": 128,
  "hidden_act": "silu",
  "hidden_size": 7168,
  "initializer_range": 0.006818968095896705,
  "intermediate_size": 19456,
  "is_lora": false,
  "max_position_embeddings": 4096,
  "max_sequence_length": 4096,
  "mlp_bias": false,
  "model_type": "llama",
  "moe_group_origin": "dummy",
  "moe_rank": 0,
  "moe_router_bias_update_rate": 0.0,
  "moe_world_size": 1,
  "num_attention_heads": 56,
  "num_hidden_layers": 80,
  "num_key_value_heads": 56,
  "pad_token_id": 0,
  "paddleformers_version": "1.1.0.post20260417",
  "pipeline_model_parallel_size": 2,
  "pp_seg_method": "layer:DecoderLayer|EmptyLayer",
  "pretraining_tp": 2,
  "recompute_granularity": "full",
  "recompute_method": "uniform",
  "recompute_num_layers": 1,
  "rms_norm_eps": 1e-05,
  "rope_parameters": {
    "rope_theta": 10000.0,
    "rope_type": "default"
  },
  "rope_scaling": null,
  "rope_theta": 10000.0,
  "seq_length": 4096,
  "tensor_model_parallel_size": 8,
  "tie_word_embeddings": false,
  "torch_dtype": "float32",
  "use_cache": true,
  "use_fast_layer_norm": false,
  "vocab_size": 32000
}
, layer_idx=46)
[2026-04-17 13:39:03,965] [    INFO] pp_layers.py:900 - 42: DecoderLayerPipe(config=LlamaConfig {
  "_name_or_path": "./models/Llama-2-52B",
  "architectures": [
    "LlamaForCausalLM"
  ],
  "attention_bias": false,
  "attention_dropout": 0.0,
  "bos_token_id": 1,
  "enable_auto_parallel": false,
  "eos_token_id": 2,
  "head_dim": 128,
  "hidden_act": "silu",
  "hidden_size": 7168,
  "initializer_range": 0.006818968095896705,
  "intermediate_size": 19456,
  "is_lora": false,
  "max_position_embeddings": 4096,
  "max_sequence_length": 4096,
  "mlp_bias": false,
  "model_type": "llama",
  "moe_group_origin": "dummy",
  "moe_rank": 0,
  "moe_router_bias_update_rate": 0.0,
  "moe_world_size": 1,
  "num_attention_heads": 56,
  "num_hidden_layers": 80,
  "num_key_value_heads": 56,
  "pad_token_id": 0,
  "paddleformers_version": "1.1.0.post20260417",
  "pipeline_model_parallel_size": 2,
  "pp_seg_method": "layer:DecoderLayer|EmptyLayer",
  "pretraining_tp": 2,
  "recompute_granularity": "full",
  "recompute_method": "uniform",
  "recompute_num_layers": 1,
  "rms_norm_eps": 1e-05,
  "rope_parameters": {
    "rope_theta": 10000.0,
    "rope_type": "default"
  },
  "rope_scaling": null,
  "rope_theta": 10000.0,
  "seq_length": 4096,
  "tensor_model_parallel_size": 8,
  "tie_word_embeddings": false,
  "torch_dtype": "float32",
  "use_cache": true,
  "use_fast_layer_norm": false,
  "vocab_size": 32000
}
, layer_idx=41)
[2026-04-17 13:39:03,967] [    INFO] pp_layers.py:900 - 48: DecoderLayerPipe(config=LlamaConfig {
  "_name_or_path": "./models/Llama-2-52B",
  "architectures": [
    "LlamaForCausalLM"
  ],
  "attention_bias": false,
  "attention_dropout": 0.0,
  "bos_token_id": 1,
  "enable_auto_parallel": false,
  "eos_token_id": 2,
  "head_dim": 128,
  "hidden_act": "silu",
  "hidden_size": 7168,
  "initializer_range": 0.006818968095896705,
  "intermediate_size": 19456,
  "is_lora": false,
  "max_position_embeddings": 4096,
  "max_sequence_length": 4096,
  "mlp_bias": false,
  "model_type": "llama",
  "moe_group_origin": "dummy",
  "moe_rank": 0,
  "moe_router_bias_update_rate": 0.0,
  "moe_world_size": 1,
  "num_attention_heads": 56,
  "num_hidden_layers": 80,
  "num_key_value_heads": 56,
  "pad_token_id": 0,
  "paddleformers_version": "1.1.0.post20260417",
  "pipeline_model_parallel_size": 2,
  "pp_seg_method": "layer:DecoderLayer|EmptyLayer",
  "pretraining_tp": 2,
  "recompute_granularity": "full",
  "recompute_method": "uniform",
  "recompute_num_layers": 1,
  "rms_norm_eps": 1e-05,
  "rope_parameters": {
    "rope_theta": 10000.0,
    "rope_type": "default"
  },
  "rope_scaling": null,
  "rope_theta": 10000.0,
  "seq_length": 4096,
  "tensor_model_parallel_size": 8,
  "tie_word_embeddings": false,
  "torch_dtype": "float32",
  "use_cache": true,
  "use_fast_layer_norm": false,
  "vocab_size": 32000
}
, layer_idx=47)
[2026-04-17 13:39:03,970] [    INFO] pp_layers.py:900 - 43: DecoderLayerPipe(config=LlamaConfig {
  "_name_or_path": "./models/Llama-2-52B",
  "architectures": [
    "LlamaForCausalLM"
  ],
  "attention_bias": false,
  "attention_dropout": 0.0,
  "bos_token_id": 1,
  "enable_auto_parallel": false,
  "eos_token_id": 2,
  "head_dim": 128,
  "hidden_act": "silu",
  "hidden_size": 7168,
  "initializer_range": 0.006818968095896705,
  "intermediate_size": 19456,
  "is_lora": false,
  "max_position_embeddings": 4096,
  "max_sequence_length": 4096,
  "mlp_bias": false,
  "model_type": "llama",
  "moe_group_origin": "dummy",
  "moe_rank": 0,
  "moe_router_bias_update_rate": 0.0,
  "moe_world_size": 1,
  "num_attention_heads": 56,
  "num_hidden_layers": 80,
  "num_key_value_heads": 56,
  "pad_token_id": 0,
  "paddleformers_version": "1.1.0.post20260417",
  "pipeline_model_parallel_size": 2,
  "pp_seg_method": "layer:DecoderLayer|EmptyLayer",
  "pretraining_tp": 2,
  "recompute_granularity": "full",
  "recompute_method": "uniform",
  "recompute_num_layers": 1,
  "rms_norm_eps": 1e-05,
  "rope_parameters": {
    "rope_theta": 10000.0,
    "rope_type": "default"
  },
  "rope_scaling": null,
  "rope_theta": 10000.0,
  "seq_length": 4096,
  "tensor_model_parallel_size": 8,
  "tie_word_embeddings": false,
  "torch_dtype": "float32",
  "use_cache": true,
  "use_fast_layer_norm": false,
  "vocab_size": 32000
}
, layer_idx=42)
[2026-04-17 13:39:03,973] [    INFO] pp_layers.py:900 - 49: DecoderLayerPipe(config=LlamaConfig {
  "_name_or_path": "./models/Llama-2-52B",
  "architectures": [
    "LlamaForCausalLM"
  ],
  "attention_bias": false,
  "attention_dropout": 0.0,
  "bos_token_id": 1,
  "enable_auto_parallel": false,
  "eos_token_id": 2,
  "head_dim": 128,
  "hidden_act": "silu",
  "hidden_size": 7168,
  "initializer_range": 0.006818968095896705,
  "intermediate_size": 19456,
  "is_lora": false,
  "max_position_embeddings": 4096,
  "max_sequence_length": 4096,
  "mlp_bias": false,
  "model_type": "llama",
  "moe_group_origin": "dummy",
  "moe_rank": 0,
  "moe_router_bias_update_rate": 0.0,
  "moe_world_size": 1,
  "num_attention_heads": 56,
  "num_hidden_layers": 80,
  "num_key_value_heads": 56,
  "pad_token_id": 0,
  "paddleformers_version": "1.1.0.post20260417",
  "pipeline_model_parallel_size": 2,
  "pp_seg_method": "layer:DecoderLayer|EmptyLayer",
  "pretraining_tp": 2,
  "recompute_granularity": "full",
  "recompute_method": "uniform",
  "recompute_num_layers": 1,
  "rms_norm_eps": 1e-05,
  "rope_parameters": {
    "rope_theta": 10000.0,
    "rope_type": "default"
  },
  "rope_scaling": null,
  "rope_theta": 10000.0,
  "seq_length": 4096,
  "tensor_model_parallel_size": 8,
  "tie_word_embeddings": false,
  "torch_dtype": "float32",
  "use_cache": true,
  "use_fast_layer_norm": false,
  "vocab_size": 32000
}
, layer_idx=48)
[2026-04-17 13:39:03,978] [    INFO] pp_layers.py:900 - 50: DecoderLayerPipe(config=LlamaConfig {
  "_name_or_path": "./models/Llama-2-52B",
  "architectures": [
    "LlamaForCausalLM"
  ],
  "attention_bias": false,
  "attention_dropout": 0.0,
  "bos_token_id": 1,
  "enable_auto_parallel": false,
  "eos_token_id": 2,
  "head_dim": 128,
  "hidden_act": "silu",
  "hidden_size": 7168,
  "initializer_range": 0.006818968095896705,
  "intermediate_size": 19456,
  "is_lora": false,
  "max_position_embeddings": 4096,
  "max_sequence_length": 4096,
  "mlp_bias": false,
  "model_type": "llama",
  "moe_group_origin": "dummy",
  "moe_rank": 0,
  "moe_router_bias_update_rate": 0.0,
  "moe_world_size": 1,
  "num_attention_heads": 56,
  "num_hidden_layers": 80,
  "num_key_value_heads": 56,
  "pad_token_id": 0,
  "paddleformers_version": "1.1.0.post20260417",
  "pipeline_model_parallel_size": 2,
  "pp_seg_method": "layer:DecoderLayer|EmptyLayer",
  "pretraining_tp": 2,
  "recompute_granularity": "full",
  "recompute_method": "uniform",
  "recompute_num_layers": 1,
  "rms_norm_eps": 1e-05,
  "rope_parameters": {
    "rope_theta": 10000.0,
    "rope_type": "default"
  },
  "rope_scaling": null,
  "rope_theta": 10000.0,
  "seq_length": 4096,
  "tensor_model_parallel_size": 8,
  "tie_word_embeddings": false,
  "torch_dtype": "float32",
  "use_cache": true,
  "use_fast_layer_norm": false,
  "vocab_size": 32000
}
, layer_idx=49)
[2026-04-17 13:39:03,976] [    INFO] pp_layers.py:900 - 44: DecoderLayerPipe(config=LlamaConfig {
  "_name_or_path": "./models/Llama-2-52B",
  "architectures": [
    "LlamaForCausalLM"
  ],
  "attention_bias": false,
  "attention_dropout": 0.0,
  "bos_token_id": 1,
  "enable_auto_parallel": false,
  "eos_token_id": 2,
  "head_dim": 128,
  "hidden_act": "silu",
  "hidden_size": 7168,
  "initializer_range": 0.006818968095896705,
  "intermediate_size": 19456,
  "is_lora": false,
  "max_position_embeddings": 4096,
  "max_sequence_length": 4096,
  "torch_dtype": "float32",
  "use_cache": true,
  "use_fast_layer_norm": false,
  "vocab_size": 32000
}
, layer_idx=49)
[2026-04-17 13:39:03,976] [    INFO] pp_layers.py:900 - 44: DecoderLayerPipe(config=LlamaConfig {
  "_name_or_path": "./models/Llama-2-52B",
  "architectures": [
    "LlamaForCausalLM"
  ],
  "attention_bias": false,
  "attention_dropout": 0.0,
  "bos_token_id": 1,
  "enable_auto_parallel": false,
  "eos_token_id": 2,
  "head_dim": 128,
  "hidden_act": "silu",
  "hidden_size": 7168,
  "initializer_range": 0.006818968095896705,
  "intermediate_size": 19456,
  "is_lora": false,
  "max_position_embeddings": 4096,
  "max_sequence_length": 4096,
  "mlp_bias": false,
  "model_type": "llama",
  "moe_group_origin": "dummy",
  "moe_rank": 0,
  "moe_router_bias_update_rate": 0.0,
  "moe_world_size": 1,
  "num_attention_heads": 56,
  "num_hidden_layers": 80,
  "num_key_value_heads": 56,
  "pad_token_id": 0,
  "paddleformers_version": "1.1.0.post20260417",
  "pipeline_model_parallel_size": 2,
  "pp_seg_method": "layer:DecoderLayer|EmptyLayer",
  "pretraining_tp": 2,
  "recompute_granularity": "full",
  "recompute_method": "uniform",
  "recompute_num_layers": 1,
  "rms_norm_eps": 1e-05,
  "rope_parameters": {
    "rope_theta": 10000.0,
    "rope_type": "default"
  },
  "rope_scaling": null,
  "rope_theta": 10000.0,
  "seq_length": 4096,
  "tensor_model_parallel_size": 8,
  "tie_word_embeddings": false,
  "torch_dtype": "float32",
  "use_cache": true,
  "use_fast_layer_norm": false,
  "vocab_size": 32000
}
, layer_idx=43)
[2026-04-17 13:39:03,982] [    INFO] pp_layers.py:900 - 51: DecoderLayerPipe(config=LlamaConfig {
  "_name_or_path": "./models/Llama-2-52B",
  "architectures": [
    "LlamaForCausalLM"
  ],
  "attention_bias": false,
  "attention_dropout": 0.0,
  "bos_token_id": 1,
  "enable_auto_parallel": false,
  "eos_token_id": 2,
  "head_dim": 128,
  "hidden_act": "silu",
  "hidden_size": 7168,
  "initializer_range": 0.006818968095896705,
  "intermediate_size": 19456,
  "is_lora": false,
  "max_position_embeddings": 4096,
  "max_sequence_length": 4096,
  "mlp_bias": false,
  "model_type": "llama",
  "moe_group_origin": "dummy",
  "moe_rank": 0,
  "moe_router_bias_update_rate": 0.0,
  "moe_world_size": 1,
  "num_attention_heads": 56,
  "num_hidden_layers": 80,
  "num_key_value_heads": 56,
  "pad_token_id": 0,
  "paddleformers_version": "1.1.0.post20260417",
  "pipeline_model_parallel_size": 2,
  "pp_seg_method": "layer:DecoderLayer|EmptyLayer",
  "pretraining_tp": 2,
  "recompute_granularity": "full",
  "recompute_method": "uniform",
  "recompute_num_layers": 1,
  "rms_norm_eps": 1e-05,
  "rope_parameters": {
    "rope_theta": 10000.0,
    "rope_type": "default"
  },
  "rope_scaling": null,
  "rope_theta": 10000.0,
  "seq_length": 4096,
  "tensor_model_parallel_size": 8,
  "tie_word_embeddings": false,
  "torch_dtype": "float32",
  "use_cache": true,
  "use_fast_layer_norm": false,
  "vocab_size": 32000
}
, layer_idx=50)
[2026-04-17 13:39:03,988] [    INFO] pp_layers.py:900 - 45: DecoderLayerPipe(config=LlamaConfig {
  "_name_or_path": "./models/Llama-2-52B",
  "architectures": [
    "LlamaForCausalLM"
  ],
  "attention_bias": false,
  "attention_dropout": 0.0,
  "bos_token_id": 1,
  "enable_auto_parallel": false,
  "eos_token_id": 2,
  "head_dim": 128,
  "hidden_act": "silu",
  "hidden_size": 7168,
  "initializer_range": 0.006818968095896705,
  "intermediate_size": 19456,
  "is_lora": false,
  "max_position_embeddings": 4096,
  "max_sequence_length": 4096,
  "mlp_bias": false,
  "model_type": "llama",
  "moe_group_origin": "dummy",
  "moe_rank": 0,
  "moe_router_bias_update_rate": 0.0,
  "moe_world_size": 1,
  "num_attention_heads": 56,
  "num_hidden_layers": 80,
  "num_key_value_heads": 56,
  "pad_token_id": 0,
  "paddleformers_version": "1.1.0.post20260417",
  "pipeline_model_parallel_size": 2,
  "pp_seg_method": "layer:DecoderLayer|EmptyLayer",
  "pretraining_tp": 2,
  "recompute_granularity": "full",
  "recompute_method": "uniform",
  "recompute_num_layers": 1,
  "rms_norm_eps": 1e-05,
  "rope_parameters": {
    "rope_theta": 10000.0,
    "rope_type": "default"
  },
  "rope_scaling": null,
  "rope_theta": 10000.0,
  "seq_length": 4096,
  "tensor_model_parallel_size": 8,
  "tie_word_embeddings": false,
  "torch_dtype": "float32",
  "use_cache": true,
  "use_fast_layer_norm": false,
  "vocab_size": 32000
}
, layer_idx=44)
[2026-04-17 13:39:03,989] [    INFO] pp_layers.py:900 - 52: DecoderLayerPipe(config=LlamaConfig {
  "_name_or_path": "./models/Llama-2-52B",
  "architectures": [
    "LlamaForCausalLM"
  ],
  "attention_bias": false,
  "attention_dropout": 0.0,
  "bos_token_id": 1,
  "enable_auto_parallel": false,
  "eos_token_id": 2,
  "head_dim": 128,
  "hidden_act": "silu",
  "hidden_size": 7168,
  "initializer_range": 0.006818968095896705,
  "intermediate_size": 19456,
  "is_lora": false,
  "max_position_embeddings": 4096,
  "max_sequence_length": 4096,
  "mlp_bias": false,
  "model_type": "llama",
  "moe_group_origin": "dummy",
  "moe_rank": 0,
  "moe_router_bias_update_rate": 0.0,
  "moe_world_size": 1,
  "num_attention_heads": 56,
  "num_hidden_layers": 80,
  "num_key_value_heads": 56,
  "pad_token_id": 0,
  "paddleformers_version": "1.1.0.post20260417",
  "pipeline_model_parallel_size": 2,
  "pp_seg_method": "layer:DecoderLayer|EmptyLayer",
  "pretraining_tp": 2,
  "recompute_granularity": "full",
  "recompute_method": "uniform",
  "recompute_num_layers": 1,
  "rms_norm_eps": 1e-05,
  "rope_parameters": {
    "rope_theta": 10000.0,
    "rope_type": "default"
  },
  "rope_scaling": null,
  "rope_theta": 10000.0,
  "seq_length": 4096,
  "tensor_model_parallel_size": 8,
  "tie_word_embeddings": false,
  "torch_dtype": "float32",
  "use_cache": true,
  "use_fast_layer_norm": false,
  "vocab_size": 32000
}
, layer_idx=51)
[2026-04-17 13:39:03,993] [    INFO] pp_layers.py:900 - 46: DecoderLayerPipe(config=LlamaConfig {
  "_name_or_path": "./models/Llama-2-52B",
  "architectures": [
    "LlamaForCausalLM"
  ],
  "attention_bias": false,
  "attention_dropout": 0.0,
  "bos_token_id": 1,
  "enable_auto_parallel": false,
  "eos_token_id": 2,
  "head_dim": 128,
  "hidden_act": "silu",
  "hidden_size": 7168,
  "initializer_range": 0.006818968095896705,
  "intermediate_size": 19456,
  "is_lora": false,
  "max_position_embeddings": 4096,
  "max_sequence_length": 4096,
  "mlp_bias": false,
  "model_type": "llama",
  "moe_group_origin": "dummy",
  "moe_rank": 0,
  "moe_router_bias_update_rate": 0.0,
  "moe_world_size": 1,
  "num_attention_heads": 56,
  "num_hidden_layers": 80,
  "num_key_value_heads": 56,
  "pad_token_id": 0,
  "paddleformers_version": "1.1.0.post20260417",
  "pipeline_model_parallel_size": 2,
  "pp_seg_method": "layer:DecoderLayer|EmptyLayer",
  "pretraining_tp": 2,
  "recompute_granularity": "full",
  "recompute_method": "uniform",
  "recompute_num_layers": 1,
  "rms_norm_eps": 1e-05,
  "rope_parameters": {
    "rope_theta": 10000.0,
    "rope_type": "default"
  },
  "rope_scaling": null,
  "rope_theta": 10000.0,
  "seq_length": 4096,
  "tensor_model_parallel_size": 8,
  "tie_word_embeddings": false,
  "torch_dtype": "float32",
  "use_cache": true,
  "use_fast_layer_norm": false,
  "vocab_size": 32000
}
, layer_idx=45)
[2026-04-17 13:39:03,996] [    INFO] pp_layers.py:900 - 53: DecoderLayerPipe(config=LlamaConfig {
  "_name_or_path": "./models/Llama-2-52B",
  "architectures": [
    "LlamaForCausalLM"
  ],
  "attention_bias": false,
  "attention_dropout": 0.0,
  "bos_token_id": 1,
  "enable_auto_parallel": false,
  "eos_token_id": 2,
  "head_dim": 128,
  "hidden_act": "silu",
  "hidden_size": 7168,
  "initializer_range": 0.006818968095896705,
  "intermediate_size": 19456,
  "is_lora": false,
  "max_position_embeddings": 4096,
  "max_sequence_length": 4096,
  "mlp_bias": false,
  "model_type": "llama",
  "moe_group_origin": "dummy",
  "moe_rank": 0,
  "moe_router_bias_update_rate": 0.0,
  "moe_world_size": 1,
  "num_attention_heads": 56,
  "num_hidden_layers": 80,
  "num_key_value_heads": 56,
  "pad_token_id": 0,
  "paddleformers_version": "1.1.0.post20260417",
  "pipeline_model_parallel_size": 2,
  "pp_seg_method": "layer:DecoderLayer|EmptyLayer",
  "pretraining_tp": 2,
  "recompute_granularity": "full",
  "recompute_method": "uniform",
  "recompute_num_layers": 1,
  "rms_norm_eps": 1e-05,
  "rope_parameters": {
    "rope_theta": 10000.0,
    "rope_type": "default"
  },
  "rope_scaling": null,
  "rope_theta": 10000.0,
  "seq_length": 4096,
  "tensor_model_parallel_size": 8,
  "tie_word_embeddings": false,
  "torch_dtype": "float32",
  "use_cache": true,
  "use_fast_layer_norm": false,
  "vocab_size": 32000
}
, layer_idx=52)
[2026-04-17 13:39:03,999] [    INFO] pp_layers.py:900 - 47: DecoderLayerPipe(config=LlamaConfig {
  "_name_or_path": "./models/Llama-2-52B",
  "architectures": [
    "LlamaForCausalLM"
  ],
  "attention_bias": false,
  "attention_dropout": 0.0,
  "bos_token_id": 1,
  "enable_auto_parallel": false,
  "eos_token_id": 2,
  "head_dim": 128,
  "hidden_act": "silu",
  "hidden_size": 7168,
  "initializer_range": 0.006818968095896705,
  "intermediate_size": 19456,
  "is_lora": false,
  "max_position_embeddings": 4096,
  "max_sequence_length": 4096,
  "mlp_bias": false,
  "model_type": "llama",
  "moe_group_origin": "dummy",
  "moe_rank": 0,
  "moe_router_bias_update_rate": 0.0,
  "moe_world_size": 1,
  "num_attention_heads": 56,
  "num_hidden_layers": 80,
  "num_key_value_heads": 56,
  "pad_token_id": 0,
  "paddleformers_version": "1.1.0.post20260417",
  "pipeline_model_parallel_size": 2,
  "pp_seg_method": "layer:DecoderLayer|EmptyLayer",
  "pretraining_tp": 2,
  "recompute_granularity": "full",
  "recompute_method": "uniform",
  "recompute_num_layers": 1,
  "rms_norm_eps": 1e-05,
  "rope_parameters": {
    "rope_theta": 10000.0,
    "rope_type": "default"
  },
  "rope_scaling": null,
  "rope_theta": 10000.0,
  "seq_length": 4096,
  "tensor_model_parallel_size": 8,
  "tie_word_embeddings": false,
  "torch_dtype": "float32",
  "use_cache": true,
  "use_fast_layer_norm": false,
  "vocab_size": 32000
}
, layer_idx=46)
[2026-04-17 13:39:04,002] [    INFO] pp_layers.py:900 - 54: DecoderLayerPipe(config=LlamaConfig {
  "_name_or_path": "./models/Llama-2-52B",
  "architectures": [
    "LlamaForCausalLM"
  ],
  "attention_bias": false,
  "attention_dropout": 0.0,
  "bos_token_id": 1,
  "enable_auto_parallel": false,
  "eos_token_id": 2,
  "head_dim": 128,
  "hidden_act": "silu",
  "hidden_size": 7168,
  "initializer_range": 0.006818968095896705,
  "intermediate_size": 19456,
  "is_lora": false,
  "max_position_embeddings": 4096,
  "max_sequence_length": 4096,
  "mlp_bias": false,
  "model_type": "llama",
  "moe_group_origin": "dummy",
  "moe_rank": 0,
  "moe_router_bias_update_rate": 0.0,
  "moe_world_size": 1,
  "num_attention_heads": 56,
  "num_hidden_layers": 80,
  "num_key_value_heads": 56,
  "pad_token_id": 0,
  "paddleformers_version": "1.1.0.post20260417",
  "pipeline_model_parallel_size": 2,
  "pp_seg_method": "layer:DecoderLayer|EmptyLayer",
  "pretraining_tp": 2,
  "recompute_granularity": "full",
  "recompute_method": "uniform",
  "recompute_num_layers": 1,
  "rms_norm_eps": 1e-05,
  "rope_parameters": {
    "rope_theta": 10000.0,
    "rope_type": "default"
  },
  "rope_scaling": null,
  "rope_theta": 10000.0,
  "seq_length": 4096,
  "tensor_model_parallel_size": 8,
  "tie_word_embeddings": false,
  "torch_dtype": "float32",
  "use_cache": true,
  "use_fast_layer_norm": false,
  "vocab_size": 32000
}
, layer_idx=53)
[2026-04-17 13:39:04,004] [    INFO] pp_layers.py:900 - 48: DecoderLayerPipe(config=LlamaConfig {
  "_name_or_path": "./models/Llama-2-52B",
  "architectures": [
    "LlamaForCausalLM"
  ],
  "attention_bias": false,
  "attention_dropout": 0.0,
  "bos_token_id": 1,
  "enable_auto_parallel": false,
  "eos_token_id": 2,
  "head_dim": 128,
  "hidden_act": "silu",
  "hidden_size": 7168,
  "initializer_range": 0.006818968095896705,
  "intermediate_size": 19456,
  "is_lora": false,
  "max_position_embeddings": 4096,
  "max_sequence_length": 4096,
  "mlp_bias": false,
  "model_type": "llama",
  "moe_group_origin": "dummy",
  "moe_rank": 0,
  "moe_router_bias_update_rate": 0.0,
  "moe_world_size": 1,
  "num_attention_heads": 56,
  "num_hidden_layers": 80,
  "num_key_value_heads": 56,
  "pad_token_id": 0,
  "paddleformers_version": "1.1.0.post20260417",
  "pipeline_model_parallel_size": 2,
  "pp_seg_method": "layer:DecoderLayer|EmptyLayer",
  "pretraining_tp": 2,
  "recompute_granularity": "full",
  "recompute_method": "uniform",
  "recompute_num_layers": 1,
  "rms_norm_eps": 1e-05,
  "rope_parameters": {
    "rope_theta": 10000.0,
    "rope_type": "default"
  },
  "rope_scaling": null,
  "rope_theta": 10000.0,
  "seq_length": 4096,
  "tensor_model_parallel_size": 8,
  "tie_word_embeddings": false,
  "torch_dtype": "float32",
  "use_cache": true,
  "use_fast_layer_norm": false,
  "vocab_size": 32000
}
, layer_idx=47)
[2026-04-17 13:39:04,006] [    INFO] pp_layers.py:900 - 55: DecoderLayerPipe(config=LlamaConfig {
  "_name_or_path": "./models/Llama-2-52B",
  "architectures": [
    "LlamaForCausalLM"
  ],
  "attention_bias": false,
  "attention_dropout": 0.0,
  "bos_token_id": 1,
  "enable_auto_parallel": false,
  "eos_token_id": 2,
  "head_dim": 128,
  "hidden_act": "silu",
  "hidden_size": 7168,
  "initializer_range": 0.006818968095896705,
  "intermediate_size": 19456,
  "is_lora": false,
  "max_position_embeddings": 4096,
  "max_sequence_length": 4096,
  "mlp_bias": false,
  "model_type": "llama",
  "moe_group_origin": "dummy",
  "moe_rank": 0,
  "moe_router_bias_update_rate": 0.0,
  "moe_world_size": 1,
  "num_attention_heads": 56,
  "num_hidden_layers": 80,
  "num_key_value_heads": 56,
  "pad_token_id": 0,
  "paddleformers_version": "1.1.0.post20260417",
  "pipeline_model_parallel_size": 2,
  "pp_seg_method": "layer:DecoderLayer|EmptyLayer",
  "pretraining_tp": 2,
  "recompute_granularity": "full",
  "recompute_method": "uniform",
  "recompute_num_layers": 1,
  "rms_norm_eps": 1e-05,
  "rope_parameters": {
    "rope_theta": 10000.0,
    "rope_type": "default"
  },
  "rope_scaling": null,
  "rope_theta": 10000.0,
  "seq_length": 4096,
  "tensor_model_parallel_size": 8,
  "tie_word_embeddings": false,
  "torch_dtype": "float32",
  "use_cache": true,
  "use_fast_layer_norm": false,
  "vocab_size": 32000
}
, layer_idx=54)
[2026-04-17 13:39:04,009] [    INFO] pp_layers.py:900 - 49: DecoderLayerPipe(config=LlamaConfig {
  "_name_or_path": "./models/Llama-2-52B",
  "architectures": [
    "LlamaForCausalLM"
  ],
  "attention_bias": false,
  "attention_dropout": 0.0,
  "bos_token_id": 1,
  "enable_auto_parallel": false,
  "eos_token_id": 2,
  "head_dim": 128,
  "hidden_act": "silu",
  "hidden_size": 7168,
  "initializer_range": 0.006818968095896705,
  "intermediate_size": 19456,
  "is_lora": false,
  "max_position_embeddings": 4096,
  "max_sequence_length": 4096,
  "mlp_bias": false,
  "model_type": "llama",
  "moe_group_origin": "dummy",
  "moe_rank": 0,
  "moe_router_bias_update_rate": 0.0,
  "moe_world_size": 1,
  "num_attention_heads": 56,
  "num_hidden_layers": 80,
  "num_key_value_heads": 56,
  "pad_token_id": 0,
  "paddleformers_version": "1.1.0.post20260417",
  "pipeline_model_parallel_size": 2,
  "pp_seg_method": "layer:DecoderLayer|EmptyLayer",
  "pretraining_tp": 2,
  "recompute_granularity": "full",
  "recompute_method": "uniform",
  "recompute_num_layers": 1,
  "rms_norm_eps": 1e-05,
  "rope_parameters": {
    "rope_theta": 10000.0,
    "rope_type": "default"
  },
  "rope_scaling": null,
  "rope_theta": 10000.0,
  "seq_length": 4096,
  "tensor_model_parallel_size": 8,
  "tie_word_embeddings": false,
  "torch_dtype": "float32",
  "use_cache": true,
  "use_fast_layer_norm": false,
  "vocab_size": 32000
}
, layer_idx=48)
[2026-04-17 13:39:04,011] [    INFO] pp_layers.py:900 - 56: DecoderLayerPipe(config=LlamaConfig {
  "_name_or_path": "./models/Llama-2-52B",
  "architectures": [
    "LlamaForCausalLM"
  ],
  "attention_bias": false,
  "attention_dropout": 0.0,
  "bos_token_id": 1,
  "enable_auto_parallel": false,
  "eos_token_id": 2,
  "head_dim": 128,
  "hidden_act": "silu",
  "hidden_size": 7168,
  "initializer_range": 0.006818968095896705,
  "intermediate_size": 19456,
  "is_lora": false,
  "max_position_embeddings": 4096,
  "max_sequence_length": 4096,
  "mlp_bias": false,
  "model_type": "llama",
  "moe_group_origin": "dummy",
  "moe_rank": 0,
  "moe_router_bias_update_rate": 0.0,
  "moe_world_size": 1,
  "num_attention_heads": 56,
  "num_hidden_layers": 80,
  "num_key_value_heads": 56,
  "pad_token_id": 0,
  "paddleformers_version": "1.1.0.post20260417",
  "pipeline_model_parallel_size": 2,
  "pp_seg_method": "layer:DecoderLayer|EmptyLayer",
  "pretraining_tp": 2,
  "recompute_granularity": "full",
  "recompute_method": "uniform",
  "recompute_num_layers": 1,
  "rms_norm_eps": 1e-05,
  "rope_parameters": {
    "rope_theta": 10000.0,
    "rope_type": "default"
  },
  "rope_scaling": null,
  "rope_theta": 10000.0,
  "seq_length": 4096,
  "tensor_model_parallel_size": 8,
  "tie_word_embeddings": false,
  "torch_dtype": "float32",
  "use_cache": true,
  "use_fast_layer_norm": false,
  "vocab_size": 32000
}
, layer_idx=55)
[2026-04-17 13:39:04,015] [    INFO] pp_layers.py:900 - 50: DecoderLayerPipe(config=LlamaConfig {
  "_name_or_path": "./models/Llama-2-52B",
  "architectures": [
    "LlamaForCausalLM"
  ],
  "attention_bias": false,
  "attention_dropout": 0.0,
  "bos_token_id": 1,
  "enable_auto_parallel": false,
  "eos_token_id": 2,
  "head_dim": 128,
  "hidden_act": "silu",
  "hidden_size": 7168,
  "initializer_range": 0.006818968095896705,
  "intermediate_size": 19456,
  "is_lora": false,
  "max_position_embeddings": 4096,
  "max_sequence_length": 4096,
  "mlp_bias": false,
  "model_type": "llama",
  "moe_group_origin": "dummy",
  "moe_rank": 0,
  "moe_router_bias_update_rate": 0.0,
  "moe_world_size": 1,
  "num_attention_heads": 56,
  "num_hidden_layers": 80,
  "num_key_value_heads": 56,
  "pad_token_id": 0,
  "paddleformers_version": "1.1.0.post20260417",
  "pipeline_model_parallel_size": 2,
  "pp_seg_method": "layer:DecoderLayer|EmptyLayer",
  "pretraining_tp": 2,
  "recompute_granularity": "full",
  "recompute_method": "uniform",
  "recompute_num_layers": 1,
  "rms_norm_eps": 1e-05,
  "rope_parameters": {
    "rope_theta": 10000.0,
    "rope_type": "default"
  },
  "rope_scaling": null,
  "rope_theta": 10000.0,
  "seq_length": 4096,
  "tensor_model_parallel_size": 8,
  "tie_word_embeddings": false,
  "torch_dtype": "float32",
  "use_cache": true,
  "use_fast_layer_norm": false,
  "vocab_size": 32000
}
, layer_idx=49)
[2026-04-17 13:39:04,018] [    INFO] pp_layers.py:900 - 57: DecoderLayerPipe(config=LlamaConfig {
  "_name_or_path": "./models/Llama-2-52B",
  "architectures": [
    "LlamaForCausalLM"
  ],
  "attention_bias": false,
  "attention_dropout": 0.0,
  "bos_token_id": 1,
  "enable_auto_parallel": false,
  "eos_token_id": 2,
  "head_dim": 128,
  "hidden_act": "silu",
  "hidden_size": 7168,
  "initializer_range": 0.006818968095896705,
  "intermediate_size": 19456,
  "is_lora": false,
  "max_position_embeddings": 4096,
  "max_sequence_length": 4096,
  "mlp_bias": false,
  "model_type": "llama",
  "moe_group_origin": "dummy",
  "moe_rank": 0,
  "moe_router_bias_update_rate": 0.0,
  "moe_world_size": 1,
  "num_attention_heads": 56,
  "num_hidden_layers": 80,
  "num_key_value_heads": 56,
  "pad_token_id": 0,
  "paddleformers_version": "1.1.0.post20260417",
  "pipeline_model_parallel_size": 2,
  "pp_seg_method": "layer:DecoderLayer|EmptyLayer",
  "pretraining_tp": 2,
  "recompute_granularity": "full",
  "recompute_method": "uniform",
  "recompute_num_layers": 1,
  "rms_norm_eps": 1e-05,
  "rope_parameters": {
    "rope_theta": 10000.0,
    "rope_type": "default"
  },
  "rope_scaling": null,
  "rope_theta": 10000.0,
  "seq_length": 4096,
  "tensor_model_parallel_size": 8,
  "tie_word_embeddings": false,
  "torch_dtype": "float32",
  "use_cache": true,
  "use_fast_layer_norm": false,
  "vocab_size": 32000
}
, layer_idx=56)
[2026-04-17 13:39:04,021] [    INFO] pp_layers.py:900 - 51: DecoderLayerPipe(config=LlamaConfig {
  "_name_or_path": "./models/Llama-2-52B",
  "architectures": [
    "LlamaForCausalLM"
  ],
  "attention_bias": false,
  "attention_dropout": 0.0,
  "bos_token_id": 1,
  "enable_auto_parallel": false,
  "eos_token_id": 2,
  "head_dim": 128,
  "hidden_act": "silu",
  "hidden_size": 7168,
  "initializer_range": 0.006818968095896705,
  "intermediate_size": 19456,
  "is_lora": false,
  "max_position_embeddings": 4096,
  "max_sequence_length": 4096,
  "mlp_bias": false,
  "model_type": "llama",
  "moe_group_origin": "dummy",
  "moe_rank": 0,
  "moe_router_bias_update_rate": 0.0,
  "moe_world_size": 1,
  "num_attention_heads": 56,
  "num_hidden_layers": 80,
  "num_key_value_heads": 56,
  "pad_token_id": 0,
  "paddleformers_version": "1.1.0.post20260417",
  "pipeline_model_parallel_size": 2,
  "pp_seg_method": "layer:DecoderLayer|EmptyLayer",
  "pretraining_tp": 2,
  "recompute_granularity": "full",
  "recompute_method": "uniform",
  "recompute_num_layers": 1,
  "rms_norm_eps": 1e-05,
  "rope_parameters": {
    "rope_theta": 10000.0,
    "rope_type": "default"
  },
  "rope_scaling": null,
  "rope_theta": 10000.0,
  "seq_length": 4096,
  "tensor_model_parallel_size": 8,
  "tie_word_embeddings": false,
  "torch_dtype": "float32",
  "use_cache": true,
  "use_fast_layer_norm": false,
  "vocab_size": 32000
}
, layer_idx=50)
[2026-04-17 13:39:04,023] [    INFO] pp_layers.py:900 - 58: DecoderLayerPipe(config=LlamaConfig {
  "_name_or_path": "./models/Llama-2-52B",
  "architectures": [
    "LlamaForCausalLM"
  ],
  "attention_bias": false,
  "attention_dropout": 0.0,
  "bos_token_id": 1,
  "enable_auto_parallel": false,
  "eos_token_id": 2,
  "head_dim": 128,
  "hidden_act": "silu",
  "hidden_size": 7168,
  "initializer_range": 0.006818968095896705,
  "intermediate_size": 19456,
  "is_lora": false,
  "max_position_embeddings": 4096,
  "max_sequence_length": 4096,
  "mlp_bias": false,
  "model_type": "llama",
  "moe_group_origin": "dummy",
  "moe_rank": 0,
  "moe_router_bias_update_rate": 0.0,
  "moe_world_size": 1,
  "num_attention_heads": 56,
  "num_hidden_layers": 80,
  "num_key_value_heads": 56,
  "pad_token_id": 0,
  "paddleformers_version": "1.1.0.post20260417",
  "pipeline_model_parallel_size": 2,
  "pp_seg_method": "layer:DecoderLayer|EmptyLayer",
  "pretraining_tp": 2,
  "recompute_granularity": "full",
  "recompute_method": "uniform",
  "recompute_num_layers": 1,
  "rms_norm_eps": 1e-05,
  "rope_parameters": {
    "rope_theta": 10000.0,
    "rope_type": "default"
  },
  "rope_scaling": null,
  "rope_theta": 10000.0,
  "seq_length": 4096,
  "tensor_model_parallel_size": 8,
  "tie_word_embeddings": false,
  "torch_dtype": "float32",
  "use_cache": true,
  "use_fast_layer_norm": false,
  "vocab_size": 32000
}
, layer_idx=57)
[2026-04-17 13:39:04,026] [    INFO] pp_layers.py:900 - 52: DecoderLayerPipe(config=LlamaConfig {
  "_name_or_path": "./models/Llama-2-52B",
  "architectures": [
    "LlamaForCausalLM"
  ],
  "attention_bias": false,
  "attention_dropout": 0.0,
  "bos_token_id": 1,
  "enable_auto_parallel": false,
  "eos_token_id": 2,
  "head_dim": 128,
  "hidden_act": "silu",
  "hidden_size": 7168,
  "initializer_range": 0.006818968095896705,
  "intermediate_size": 19456,
  "is_lora": false,
  "max_position_embeddings": 4096,
  "max_sequence_length": 4096,
  "mlp_bias": false,
  "model_type": "llama",
  "moe_group_origin": "dummy",
  "moe_rank": 0,
  "moe_router_bias_update_rate": 0.0,
  "moe_world_size": 1,
  "num_attention_heads": 56,
  "num_hidden_layers": 80,
  "num_key_value_heads": 56,
  "pad_token_id": 0,
  "paddleformers_version": "1.1.0.post20260417",
  "pipeline_model_parallel_size": 2,
  "pp_seg_method": "layer:DecoderLayer|EmptyLayer",
  "pretraining_tp": 2,
  "recompute_granularity": "full",
  "recompute_method": "uniform",
  "recompute_num_layers": 1,
  "rms_norm_eps": 1e-05,
  "rope_parameters": {
    "rope_theta": 10000.0,
    "rope_type": "default"
  },
  "rope_scaling": null,
  "rope_theta": 10000.0,
  "seq_length": 4096,
  "tensor_model_parallel_size": 8,
  "tie_word_embeddings": false,
  "torch_dtype": "float32",
  "use_cache": true,
  "use_fast_layer_norm": false,
  "vocab_size": 32000
}
, layer_idx=51)
[2026-04-17 13:39:04,028] [    INFO] pp_layers.py:900 - 59: DecoderLayerPipe(config=LlamaConfig {
  "_name_or_path": "./models/Llama-2-52B",
  "architectures": [
    "LlamaForCausalLM"
  ],
  "attention_bias": false,
  "attention_dropout": 0.0,
  "bos_token_id": 1,
  "enable_auto_parallel": false,
  "eos_token_id": 2,
  "head_dim": 128,
  "hidden_act": "silu",
  "hidden_size": 7168,
  "initializer_range": 0.006818968095896705,
  "intermediate_size": 19456,
  "is_lora": false,
  "max_position_embeddings": 4096,
  "max_sequence_length": 4096,
  "mlp_bias": false,
  "model_type": "llama",
  "moe_group_origin": "dummy",
  "moe_rank": 0,
  "moe_router_bias_update_rate": 0.0,
  "moe_world_size": 1,
  "num_attention_heads": 56,
  "num_hidden_layers": 80,
  "num_key_value_heads": 56,
  "pad_token_id": 0,
  "paddleformers_version": "1.1.0.post20260417",
  "pipeline_model_parallel_size": 2,
  "pp_seg_method": "layer:DecoderLayer|EmptyLayer",
  "pretraining_tp": 2,
  "recompute_granularity": "full",
  "recompute_method": "uniform",
  "recompute_num_layers": 1,
  "rms_norm_eps": 1e-05,
  "rope_parameters": {
    "rope_theta": 10000.0,
    "rope_type": "default"
  },
  "rope_scaling": null,
  "rope_theta": 10000.0,
  "seq_length": 4096,
  "tensor_model_parallel_size": 8,
  "tie_word_embeddings": false,
  "torch_dtype": "float32",
  "use_cache": true,
  "use_fast_layer_norm": false,
  "vocab_size": 32000
}
, layer_idx=58)
[2026-04-17 13:39:04,032] [    INFO] pp_layers.py:900 - 53: DecoderLayerPipe(config=LlamaConfig {
  "_name_or_path": "./models/Llama-2-52B",
  "architectures": [
    "LlamaForCausalLM"
  ],
  "attention_bias": false,
  "attention_dropout": 0.0,
  "bos_token_id": 1,
  "enable_auto_parallel": false,
  "eos_token_id": 2,
  "head_dim": 128,
  "hidden_act": "silu",
  "hidden_size": 7168,
  "initializer_range": 0.006818968095896705,
  "intermediate_size": 19456,
  "is_lora": false,
  "max_position_embeddings": 4096,
  "max_sequence_length": 4096,
  "mlp_bias": false,
  "model_type": "llama",
  "moe_group_origin": "dummy",
  "moe_rank": 0,
  "moe_router_bias_update_rate": 0.0,
  "moe_world_size": 1,
  "num_attention_heads": 56,
  "num_hidden_layers": 80,
  "num_key_value_heads": 56,
  "pad_token_id": 0,
  "paddleformers_version": "1.1.0.post20260417",
  "pipeline_model_parallel_size": 2,
  "pp_seg_method": "layer:DecoderLayer|EmptyLayer",
  "pretraining_tp": 2,
  "recompute_granularity": "full",
  "recompute_method": "uniform",
  "recompute_num_layers": 1,
  "rms_norm_eps": 1e-05,
  "rope_parameters": {
    "rope_theta": 10000.0,
    "rope_type": "default"
  },
  "rope_scaling": null,
  "rope_theta": 10000.0,
  "seq_length": 4096,
  "tensor_model_parallel_size": 8,
  "tie_word_embeddings": false,
  "torch_dtype": "float32",
  "use_cache": true,
  "use_fast_layer_norm": false,
  "vocab_size": 32000
}
, layer_idx=52)
[2026-04-17 13:39:04,033] [    INFO] pp_layers.py:900 - 60: DecoderLayerPipe(config=LlamaConfig {
  "_name_or_path": "./models/Llama-2-52B",
  "architectures": [
    "LlamaForCausalLM"
  ],
  "attention_bias": false,
  "attention_dropout": 0.0,
  "bos_token_id": 1,
  "enable_auto_parallel": false,
  "eos_token_id": 2,
  "head_dim": 128,
  "hidden_act": "silu",
  "hidden_size": 7168,
  "initializer_range": 0.006818968095896705,
  "intermediate_size": 19456,
  "is_lora": false,
  "max_position_embeddings": 4096,
  "max_sequence_length": 4096,
  "mlp_bias": false,
  "model_type": "llama",
  "moe_group_origin": "dummy",
  "mlp_bias": false,
  "model_type": "llama",
  "moe_group_origin": "dummy",
  "moe_rank": 0,
  "moe_router_bias_update_rate": 0.0,
  "moe_world_size": 1,
  "num_attention_heads": 56,
  "num_hidden_layers": 80,
  "num_key_value_heads": 56,
  "pad_token_id": 0,
  "paddleformers_version": "1.1.0.post20260417",
  "pipeline_model_parallel_size": 2,
  "pp_seg_method": "layer:DecoderLayer|EmptyLayer",
  "pretraining_tp": 2,
  "recompute_granularity": "full",
  "recompute_method": "uniform",
  "recompute_num_layers": 1,
  "rms_norm_eps": 1e-05,
  "rope_parameters": {
    "rope_theta": 10000.0,
    "rope_type": "default"
  },
  "rope_scaling": null,
  "rope_theta": 10000.0,
  "seq_length": 4096,
  "tensor_model_parallel_size": 8,
  "tie_word_embeddings": false,
  "torch_dtype": "float32",
  "use_cache": true,
  "use_fast_layer_norm": false,
  "vocab_size": 32000
}
, layer_idx=43)
[2026-04-17 13:39:03,982] [    INFO] pp_layers.py:900 - 51: DecoderLayerPipe(config=LlamaConfig {
  "_name_or_path": "./models/Llama-2-52B",
  "architectures": [
    "LlamaForCausalLM"
  ],
  "attention_bias": false,
  "attention_dropout": 0.0,
  "bos_token_id": 1,
  "enable_auto_parallel": false,
  "eos_token_id": 2,
  "head_dim": 128,
  "hidden_act": "silu",
  "hidden_size": 7168,
  "initializer_range": 0.006818968095896705,
  "intermediate_size": 19456,
  "is_lora": false,
  "max_position_embeddings": 4096,
  "max_sequence_length": 4096,
  "mlp_bias": false,
  "model_type": "llama",
  "moe_group_origin": "dummy",
  "moe_rank": 0,
  "moe_router_bias_update_rate": 0.0,
  "moe_world_size": 1,
  "num_attention_heads": 56,
  "num_hidden_layers": 80,
  "num_key_value_heads": 56,
  "moe_rank": 0,
  "moe_router_bias_update_rate": 0.0,
  "moe_world_size": 1,
  "num_attention_heads": 56,
  "pad_token_id": 0,
  "paddleformers_version": "1.1.0.post20260417",
  "pipeline_model_parallel_size": 2,
  "pp_seg_method": "layer:DecoderLayer|EmptyLayer",
  "pretraining_tp": 2,
  "recompute_granularity": "full",
  "recompute_method": "uniform",
  "recompute_num_layers": 1,
  "rms_norm_eps": 1e-05,
  "rope_parameters": {
    "rope_theta": 10000.0,
    "rope_type": "default"
  },
  "rope_scaling": null,
  "rope_theta": 10000.0,
  "seq_length": 4096,
  "tensor_model_parallel_size": 8,
  "tie_word_embeddings": false,
  "torch_dtype": "float32",
  "use_cache": true,
  "use_fast_layer_norm": false,
  "vocab_size": 32000
}
, layer_idx=50)
[2026-04-17 13:39:03,988] [    INFO] pp_layers.py:900 - 45: DecoderLayerPipe(config=LlamaConfig {
  "_name_or_path": "./models/Llama-2-52B",
  "architectures": [
    "LlamaForCausalLM"
  ],
  "attention_bias": false,
  "attention_dropout": 0.0,
  "bos_token_id": 1,
  "enable_auto_parallel": false,
  "eos_token_id": 2,
  "head_dim": 128,
  "hidden_act": "silu",
  "hidden_size": 7168,
  "initializer_range": 0.006818968095896705,
  "intermediate_size": 19456,
  "is_lora": false,
  "max_position_embeddings": 4096,
  "max_sequence_length": 4096,
  "mlp_bias": false,
  "model_type": "llama",
  "moe_group_origin": "dummy",
  "moe_rank": 0,
  "moe_router_bias_update_rate": 0.0,
  "moe_world_size": 1,
  "num_attention_heads": 56,
  "num_hidden_layers": 80,
  "num_key_value_heads": 56,
  "pad_token_id": 0,
  "paddleformers_version": "1.1.0.post20260417",
  "pipeline_model_parallel_size": 2,
  "pp_seg_method": "layer:DecoderLayer|EmptyLayer",
  "pretraining_tp": 2,
  "recompute_granularity": "full",
  "recompute_method": "uniform",
  "recompute_num_layers": 1,
  "rms_norm_eps": 1e-05,
  "rope_parameters": {
    "rope_theta": 10000.0,
    "rope_type": "default"
  },
  "rope_scaling": null,
  "rope_theta": 10000.0,
  "seq_length": 4096,
  "tensor_model_parallel_size": 8,
  "tie_word_embeddings": false,
  "torch_dtype": "float32",
  "use_cache": true,
  "use_fast_layer_norm": false,
  "vocab_size": 32000
}
, layer_idx=44)
[2026-04-17 13:39:03,989] [    INFO] pp_layers.py:900 - 52: DecoderLayerPipe(config=LlamaConfig {
  "_name_or_path": "./models/Llama-2-52B",
  "architectures": [
    "LlamaForCausalLM"
  ],
  "attention_bias": false,
  "attention_dropout": 0.0,
  "bos_token_id": 1,
  "enable_auto_parallel": false,
  "eos_token_id": 2,
  "head_dim": 128,
  "hidden_act": "silu",
  "hidden_size": 7168,
  "initializer_range": 0.006818968095896705,
  "intermediate_size": 19456,
  "is_lora": false,
  "max_position_embeddings": 4096,
  "max_sequence_length": 4096,
  "mlp_bias": false,
  "model_type": "llama",
  "moe_group_origin": "dummy",
  "moe_rank": 0,
  "moe_router_bias_update_rate": 0.0,
  "moe_world_size": 1,
  "num_attention_heads": 56,
  "num_hidden_layers": 80,
  "num_key_value_heads": 56,
  "pad_token_id": 0,
  "paddleformers_version": "1.1.0.post20260417",
  "pipeline_model_parallel_size": 2,
  "pp_seg_method": "layer:DecoderLayer|EmptyLayer",
  "pretraining_tp": 2,
  "recompute_granularity": "full",
  "recompute_method": "uniform",
  "recompute_num_layers": 1,
  "rms_norm_eps": 1e-05,
  "rope_parameters": {
    "rope_theta": 10000.0,
    "rope_type": "default"
  },
  "rope_scaling": null,
  "rope_theta": 10000.0,
  "seq_length": 4096,
  "tensor_model_parallel_size": 8,
  "tie_word_embeddings": false,
  "torch_dtype": "float32",
  "use_cache": true,
  "use_fast_layer_norm": false,
  "vocab_size": 32000
}
, layer_idx=51)
[2026-04-17 13:39:03,993] [    INFO] pp_layers.py:900 - 46: DecoderLayerPipe(config=LlamaConfig {
  "_name_or_path": "./models/Llama-2-52B",
  "architectures": [
    "LlamaForCausalLM"
  ],
  "attention_bias": false,
  "attention_dropout": 0.0,
  "bos_token_id": 1,
  "enable_auto_parallel": false,
  "eos_token_id": 2,
  "head_dim": 128,
  "hidden_act": "silu",
  "hidden_size": 7168,
  "initializer_range": 0.006818968095896705,
  "intermediate_size": 19456,
  "is_lora": false,
  "max_position_embeddings": 4096,
  "max_sequence_length": 4096,
  "mlp_bias": false,
  "model_type": "llama",
  "moe_group_origin": "dummy",
  "moe_rank": 0,
  "moe_router_bias_update_rate": 0.0,
  "moe_world_size": 1,
  "num_attention_heads": 56,
  "num_hidden_layers": 80,
  "num_key_value_heads": 56,
  "pad_token_id": 0,
  "paddleformers_version": "1.1.0.post20260417",
  "pipeline_model_parallel_size": 2,
  "pp_seg_method": "layer:DecoderLayer|EmptyLayer",
  "pretraining_tp": 2,
  "recompute_granularity": "full",
  "recompute_method": "uniform",
  "recompute_num_layers": 1,
  "rms_norm_eps": 1e-05,
  "rope_parameters": {
    "rope_theta": 10000.0,
    "rope_type": "default"
  },
  "rope_scaling": null,
  "rope_theta": 10000.0,
  "seq_length": 4096,
  "tensor_model_parallel_size": 8,
  "tie_word_embeddings": false,
  "torch_dtype": "float32",
  "use_cache": true,
  "use_fast_layer_norm": false,
  "vocab_size": 32000
}
, layer_idx=45)
[2026-04-17 13:39:03,996] [    INFO] pp_layers.py:900 - 53: DecoderLayerPipe(config=LlamaConfig {
  "_name_or_path": "./models/Llama-2-52B",
  "architectures": [
    "LlamaForCausalLM"
  ],
  "attention_bias": false,
  "attention_dropout": 0.0,
  "bos_token_id": 1,
  "enable_auto_parallel": false,
  "eos_token_id": 2,
  "head_dim": 128,
  "hidden_act": "silu",
  "hidden_size": 7168,
  "initializer_range": 0.006818968095896705,
  "intermediate_size": 19456,
  "is_lora": false,
  "max_position_embeddings": 4096,
  "max_sequence_length": 4096,
  "mlp_bias": false,
  "model_type": "llama",
  "moe_group_origin": "dummy",
  "moe_rank": 0,
  "moe_router_bias_update_rate": 0.0,
  "moe_world_size": 1,
  "num_attention_heads": 56,
  "num_hidden_layers": 80,
  "num_key_value_heads": 56,
  "pad_token_id": 0,
  "paddleformers_version": "1.1.0.post20260417",
  "pipeline_model_parallel_size": 2,
  "pp_seg_method": "layer:DecoderLayer|EmptyLayer",
  "pretraining_tp": 2,
  "recompute_granularity": "full",
  "recompute_method": "uniform",
  "recompute_num_layers": 1,
  "rms_norm_eps": 1e-05,
  "rope_parameters": {
    "rope_theta": 10000.0,
    "rope_type": "default"
  },
  "rope_scaling": null,
  "rope_theta": 10000.0,
  "seq_length": 4096,
  "tensor_model_parallel_size": 8,
  "tie_word_embeddings": false,
  "torch_dtype": "float32",
  "use_cache": true,
  "use_fast_layer_norm": false,
  "vocab_size": 32000
}
, layer_idx=52)
[2026-04-17 13:39:03,999] [    INFO] pp_layers.py:900 - 47: DecoderLayerPipe(config=LlamaConfig {
  "_name_or_path": "./models/Llama-2-52B",
  "architectures": [
    "LlamaForCausalLM"
  ],
  "attention_bias": false,
  "attention_dropout": 0.0,
  "bos_token_id": 1,
  "enable_auto_parallel": false,
  "eos_token_id": 2,
  "head_dim": 128,
  "hidden_act": "silu",
  "hidden_size": 7168,
  "initializer_range": 0.006818968095896705,
  "intermediate_size": 19456,
  "is_lora": false,
  "max_position_embeddings": 4096,
  "max_sequence_length": 4096,
  "mlp_bias": false,
  "model_type": "llama",
  "moe_group_origin": "dummy",
  "moe_rank": 0,
  "moe_router_bias_update_rate": 0.0,
  "moe_world_size": 1,
  "num_attention_heads": 56,
  "num_hidden_layers": 80,
  "num_key_value_heads": 56,
  "pad_token_id": 0,
  "paddleformers_version": "1.1.0.post20260417",
  "pipeline_model_parallel_size": 2,
  "pp_seg_method": "layer:DecoderLayer|EmptyLayer",
  "pretraining_tp": 2,
  "recompute_granularity": "full",
  "recompute_method": "uniform",
  "recompute_num_layers": 1,
  "rms_norm_eps": 1e-05,
  "rope_parameters": {
    "rope_theta": 10000.0,
    "rope_type": "default"
  },
  "rope_scaling": null,
  "rope_theta": 10000.0,
  "seq_length": 4096,
  "tensor_model_parallel_size": 8,
  "tie_word_embeddings": false,
  "torch_dtype": "float32",
  "use_cache": true,
  "use_fast_layer_norm": false,
  "vocab_size": 32000
}
, layer_idx=46)
[2026-04-17 13:39:04,002] [    INFO] pp_layers.py:900 - 54: DecoderLayerPipe(config=LlamaConfig {
  "_name_or_path": "./models/Llama-2-52B",
  "architectures": [
    "LlamaForCausalLM"
  ],
  "attention_bias": false,
  "attention_dropout": 0.0,
  "bos_token_id": 1,
  "enable_auto_parallel": false,
  "eos_token_id": 2,
  "head_dim": 128,
  "hidden_act": "silu",
  "hidden_size": 7168,
  "initializer_range": 0.006818968095896705,
  "intermediate_size": 19456,
  "is_lora": false,
  "max_position_embeddings": 4096,
  "max_sequence_length": 4096,
  "mlp_bias": false,
  "model_type": "llama",
  "moe_group_origin": "dummy",
  "moe_rank": 0,
  "moe_router_bias_update_rate": 0.0,
  "moe_world_size": 1,
  "num_attention_heads": 56,
  "num_hidden_layers": 80,
  "num_key_value_heads": 56,
  "pad_token_id": 0,
  "paddleformers_version": "1.1.0.post20260417",
  "pipeline_model_parallel_size": 2,
  "pp_seg_method": "layer:DecoderLayer|EmptyLayer",
  "pretraining_tp": 2,
  "recompute_granularity": "full",
  "recompute_method": "uniform",
  "recompute_num_layers": 1,
  "rms_norm_eps": 1e-05,
  "rope_parameters": {
    "rope_theta": 10000.0,
    "rope_type": "default"
  },
  "rope_scaling": null,
  "rope_theta": 10000.0,
  "seq_length": 4096,
  "tensor_model_parallel_size": 8,
  "tie_word_embeddings": false,
  "torch_dtype": "float32",
  "use_cache": true,
  "use_fast_layer_norm": false,
  "vocab_size": 32000
}
, layer_idx=53)
[2026-04-17 13:39:04,004] [    INFO] pp_layers.py:900 - 48: DecoderLayerPipe(config=LlamaConfig {
  "_name_or_path": "./models/Llama-2-52B",
  "architectures": [
    "LlamaForCausalLM"
  ],
  "attention_bias": false,
  "attention_dropout": 0.0,
  "bos_token_id": 1,
  "enable_auto_parallel": false,
  "eos_token_id": 2,
  "head_dim": 128,
  "hidden_act": "silu",
  "hidden_size": 7168,
  "initializer_range": 0.006818968095896705,
  "intermediate_size": 19456,
  "is_lora": false,
  "max_position_embeddings": 4096,
  "max_sequence_length": 4096,
  "mlp_bias": false,
  "model_type": "llama",
  "moe_group_origin": "dummy",
  "moe_rank": 0,
  "moe_router_bias_update_rate": 0.0,
  "moe_world_size": 1,
  "num_attention_heads": 56,
  "num_hidden_layers": 80,
  "num_key_value_heads": 56,
  "pad_token_id": 0,
  "paddleformers_version": "1.1.0.post20260417",
  "pipeline_model_parallel_size": 2,
  "pp_seg_method": "layer:DecoderLayer|EmptyLayer",
  "pretraining_tp": 2,
  "recompute_granularity": "full",
  "recompute_method": "uniform",
  "recompute_num_layers": 1,
  "rms_norm_eps": 1e-05,
  "rope_parameters": {
    "rope_theta": 10000.0,
    "rope_type": "default"
  },
  "rope_scaling": null,
  "rope_theta": 10000.0,
  "seq_length": 4096,
  "tensor_model_parallel_size": 8,
  "tie_word_embeddings": false,
  "torch_dtype": "float32",
  "use_cache": true,
  "use_fast_layer_norm": false,
  "vocab_size": 32000
}
, layer_idx=47)
[2026-04-17 13:39:04,006] [    INFO] pp_layers.py:900 - 55: DecoderLayerPipe(config=LlamaConfig {
  "_name_or_path": "./models/Llama-2-52B",
  "architectures": [
    "LlamaForCausalLM"
  ],
  "attention_bias": false,
  "attention_dropout": 0.0,
  "bos_token_id": 1,
  "enable_auto_parallel": false,
  "eos_token_id": 2,
  "head_dim": 128,
  "hidden_act": "silu",
  "hidden_size": 7168,
  "initializer_range": 0.006818968095896705,
  "intermediate_size": 19456,
  "is_lora": false,
  "max_position_embeddings": 4096,
  "max_sequence_length": 4096,
  "mlp_bias": false,
  "model_type": "llama",
  "moe_group_origin": "dummy",
  "moe_rank": 0,
  "moe_router_bias_update_rate": 0.0,
  "moe_world_size": 1,
  "num_attention_heads": 56,
  "num_hidden_layers": 80,
  "num_key_value_heads": 56,
  "pad_token_id": 0,
  "paddleformers_version": "1.1.0.post20260417",
  "pipeline_model_parallel_size": 2,
  "pp_seg_method": "layer:DecoderLayer|EmptyLayer",
  "pretraining_tp": 2,
  "recompute_granularity": "full",
  "recompute_method": "uniform",
  "recompute_num_layers": 1,
  "rms_norm_eps": 1e-05,
  "rope_parameters": {
    "rope_theta": 10000.0,
    "rope_type": "default"
  },
  "rope_scaling": null,
  "rope_theta": 10000.0,
  "seq_length": 4096,
  "tensor_model_parallel_size": 8,
  "tie_word_embeddings": false,
  "torch_dtype": "float32",
  "use_cache": true,
  "use_fast_layer_norm": false,
  "vocab_size": 32000
}
, layer_idx=54)
[2026-04-17 13:39:04,009] [    INFO] pp_layers.py:900 - 49: DecoderLayerPipe(config=LlamaConfig {
  "_name_or_path": "./models/Llama-2-52B",
  "architectures": [
    "LlamaForCausalLM"
  ],
  "attention_bias": false,
  "attention_dropout": 0.0,
  "bos_token_id": 1,
  "enable_auto_parallel": false,
  "eos_token_id": 2,
  "head_dim": 128,
  "hidden_act": "silu",
  "hidden_size": 7168,
  "initializer_range": 0.006818968095896705,
  "intermediate_size": 19456,
  "is_lora": false,
  "max_position_embeddings": 4096,
  "max_sequence_length": 4096,
  "mlp_bias": false,
  "model_type": "llama",
  "moe_group_origin": "dummy",
  "moe_rank": 0,
  "moe_router_bias_update_rate": 0.0,
  "moe_world_size": 1,
  "num_attention_heads": 56,
  "num_hidden_layers": 80,
  "num_key_value_heads": 56,
  "pad_token_id": 0,
  "paddleformers_version": "1.1.0.post20260417",
  "pipeline_model_parallel_size": 2,
  "pp_seg_method": "layer:DecoderLayer|EmptyLayer",
  "pretraining_tp": 2,
  "recompute_granularity": "full",
  "recompute_method": "uniform",
  "recompute_num_layers": 1,
  "rms_norm_eps": 1e-05,
  "rope_parameters": {
    "rope_theta": 10000.0,
    "rope_type": "default"
  },
  "rope_scaling": null,
  "rope_theta": 10000.0,
  "seq_length": 4096,
  "tensor_model_parallel_size": 8,
  "tie_word_embeddings": false,
  "torch_dtype": "float32",
  "use_cache": true,
  "use_fast_layer_norm": false,
  "vocab_size": 32000
}
, layer_idx=48)
[2026-04-17 13:39:04,011] [    INFO] pp_layers.py:900 - 56: DecoderLayerPipe(config=LlamaConfig {
  "_name_or_path": "./models/Llama-2-52B",
  "architectures": [
    "LlamaForCausalLM"
  ],
  "attention_bias": false,
  "attention_dropout": 0.0,
  "bos_token_id": 1,
  "enable_auto_parallel": false,
  "eos_token_id": 2,
  "head_dim": 128,
  "hidden_act": "silu",
  "hidden_size": 7168,
  "initializer_range": 0.006818968095896705,
  "intermediate_size": 19456,
  "is_lora": false,
  "max_position_embeddings": 4096,
  "max_sequence_length": 4096,
  "mlp_bias": false,
  "model_type": "llama",
  "moe_group_origin": "dummy",
  "moe_rank": 0,
  "moe_router_bias_update_rate": 0.0,
  "moe_world_size": 1,
  "num_attention_heads": 56,
  "num_hidden_layers": 80,
  "num_key_value_heads": 56,
  "pad_token_id": 0,
  "paddleformers_version": "1.1.0.post20260417",
  "pipeline_model_parallel_size": 2,
  "pp_seg_method": "layer:DecoderLayer|EmptyLayer",
  "pretraining_tp": 2,
  "recompute_granularity": "full",
  "recompute_method": "uniform",
  "recompute_num_layers": 1,
  "rms_norm_eps": 1e-05,
  "rope_parameters": {
    "rope_theta": 10000.0,
    "rope_type": "default"
  },
  "rope_scaling": null,
  "rope_theta": 10000.0,
  "seq_length": 4096,
  "tensor_model_parallel_size": 8,
  "tie_word_embeddings": false,
  "torch_dtype": "float32",
  "use_cache": true,
  "use_fast_layer_norm": false,
  "vocab_size": 32000
}
, layer_idx=55)
[2026-04-17 13:39:04,015] [    INFO] pp_layers.py:900 - 50: DecoderLayerPipe(config=LlamaConfig {
  "_name_or_path": "./models/Llama-2-52B",
  "architectures": [
    "LlamaForCausalLM"
  ],
  "attention_bias": false,
  "attention_dropout": 0.0,
  "bos_token_id": 1,
  "enable_auto_parallel": false,
  "eos_token_id": 2,
  "head_dim": 128,
  "hidden_act": "silu",
  "hidden_size": 7168,
  "initializer_range": 0.006818968095896705,
  "intermediate_size": 19456,
  "is_lora": false,
  "max_position_embeddings": 4096,
  "max_sequence_length": 4096,
  "mlp_bias": false,
  "model_type": "llama",
  "moe_group_origin": "dummy",
  "moe_rank": 0,
  "moe_router_bias_update_rate": 0.0,
  "moe_world_size": 1,
  "num_attention_heads": 56,
  "num_hidden_layers": 80,
  "num_key_value_heads": 56,
  "pad_token_id": 0,
  "paddleformers_version": "1.1.0.post20260417",
  "pipeline_model_parallel_size": 2,
  "pp_seg_method": "layer:DecoderLayer|EmptyLayer",
  "pretraining_tp": 2,
  "recompute_granularity": "full",
  "recompute_method": "uniform",
  "recompute_num_layers": 1,
  "rms_norm_eps": 1e-05,
  "rope_parameters": {
    "rope_theta": 10000.0,
    "rope_type": "default"
  },
  "rope_scaling": null,
  "rope_theta": 10000.0,
  "seq_length": 4096,
  "tensor_model_parallel_size": 8,
  "tie_word_embeddings": false,
  "torch_dtype": "float32",
  "use_cache": true,
  "use_fast_layer_norm": false,
  "vocab_size": 32000
}
, layer_idx=49)
[2026-04-17 13:39:04,018] [    INFO] pp_layers.py:900 - 57: DecoderLayerPipe(config=LlamaConfig {
  "_name_or_path": "./models/Llama-2-52B",
  "architectures": [
    "LlamaForCausalLM"
  ],
  "attention_bias": false,
  "attention_dropout": 0.0,
  "bos_token_id": 1,
  "enable_auto_parallel": false,
  "eos_token_id": 2,
  "head_dim": 128,
  "hidden_act": "silu",
  "hidden_size": 7168,
  "initializer_range": 0.006818968095896705,
  "intermediate_size": 19456,
  "is_lora": false,
  "max_position_embeddings": 4096,
  "max_sequence_length": 4096,
  "mlp_bias": false,
  "model_type": "llama",
  "moe_group_origin": "dummy",
  "moe_rank": 0,
  "moe_router_bias_update_rate": 0.0,
  "moe_world_size": 1,
  "num_attention_heads": 56,
  "num_hidden_layers": 80,
  "num_key_value_heads": 56,
  "pad_token_id": 0,
  "paddleformers_version": "1.1.0.post20260417",
  "pipeline_model_parallel_size": 2,
  "pp_seg_method": "layer:DecoderLayer|EmptyLayer",
  "pretraining_tp": 2,
  "recompute_granularity": "full",
  "recompute_method": "uniform",
  "recompute_num_layers": 1,
  "rms_norm_eps": 1e-05,
  "rope_parameters": {
    "rope_theta": 10000.0,
    "rope_type": "default"
  },
  "rope_scaling": null,
  "rope_theta": 10000.0,
  "seq_length": 4096,
  "tensor_model_parallel_size": 8,
  "tie_word_embeddings": false,
  "torch_dtype": "float32",
  "use_cache": true,
  "use_fast_layer_norm": false,
  "vocab_size": 32000
}
, layer_idx=56)
[2026-04-17 13:39:04,021] [    INFO] pp_layers.py:900 - 51: DecoderLayerPipe(config=LlamaConfig {
  "_name_or_path": "./models/Llama-2-52B",
  "architectures": [
    "LlamaForCausalLM"
  ],
  "attention_bias": false,
  "attention_dropout": 0.0,
  "bos_token_id": 1,
  "enable_auto_parallel": false,
  "eos_token_id": 2,
  "head_dim": 128,
  "hidden_act": "silu",
  "hidden_size": 7168,
  "initializer_range": 0.006818968095896705,
  "intermediate_size": 19456,
  "is_lora": false,
  "max_position_embeddings": 4096,
  "max_sequence_length": 4096,
  "mlp_bias": false,
  "model_type": "llama",
  "moe_group_origin": "dummy",
  "moe_rank": 0,
  "moe_router_bias_update_rate": 0.0,
  "moe_world_size": 1,
  "num_attention_heads": 56,
  "num_hidden_layers": 80,
  "num_key_value_heads": 56,
  "pad_token_id": 0,
  "paddleformers_version": "1.1.0.post20260417",
  "pipeline_model_parallel_size": 2,
  "pp_seg_method": "layer:DecoderLayer|EmptyLayer",
  "pretraining_tp": 2,
  "recompute_granularity": "full",
  "recompute_method": "uniform",
  "recompute_num_layers": 1,
  "rms_norm_eps": 1e-05,
  "rope_parameters": {
    "rope_theta": 10000.0,
    "rope_type": "default"
  },
  "rope_scaling": null,
  "rope_theta": 10000.0,
  "seq_length": 4096,
  "tensor_model_parallel_size": 8,
  "tie_word_embeddings": false,
  "torch_dtype": "float32",
  "use_cache": true,
  "use_fast_layer_norm": false,
  "vocab_size": 32000
}
, layer_idx=50)
[2026-04-17 13:39:04,023] [    INFO] pp_layers.py:900 - 58: DecoderLayerPipe(config=LlamaConfig {
  "_name_or_path": "./models/Llama-2-52B",
  "architectures": [
    "LlamaForCausalLM"
  ],
  "attention_bias": false,
  "attention_dropout": 0.0,
  "bos_token_id": 1,
  "enable_auto_parallel": false,
  "eos_token_id": 2,
  "head_dim": 128,
  "hidden_act": "silu",
  "hidden_size": 7168,
  "initializer_range": 0.006818968095896705,
  "intermediate_size": 19456,
  "is_lora": false,
  "max_position_embeddings": 4096,
  "max_sequence_length": 4096,
  "mlp_bias": false,
  "model_type": "llama",
  "moe_group_origin": "dummy",
  "moe_rank": 0,
  "moe_router_bias_update_rate": 0.0,
  "moe_world_size": 1,
  "num_attention_heads": 56,
  "num_hidden_layers": 80,
  "num_key_value_heads": 56,
  "pad_token_id": 0,
  "paddleformers_version": "1.1.0.post20260417",
  "pipeline_model_parallel_size": 2,
  "pp_seg_method": "layer:DecoderLayer|EmptyLayer",
  "pretraining_tp": 2,
  "recompute_granularity": "full",
  "recompute_method": "uniform",
  "recompute_num_layers": 1,
  "rms_norm_eps": 1e-05,
  "rope_parameters": {
    "rope_theta": 10000.0,
    "rope_type": "default"
  },
  "rope_scaling": null,
  "rope_theta": 10000.0,
  "seq_length": 4096,
  "tensor_model_parallel_size": 8,
  "tie_word_embeddings": false,
  "torch_dtype": "float32",
  "use_cache": true,
  "use_fast_layer_norm": false,
  "vocab_size": 32000
}
, layer_idx=57)
[2026-04-17 13:39:04,026] [    INFO] pp_layers.py:900 - 52: DecoderLayerPipe(config=LlamaConfig {
  "_name_or_path": "./models/Llama-2-52B",
  "architectures": [
    "LlamaForCausalLM"
  ],
  "attention_bias": false,
  "attention_dropout": 0.0,
  "bos_token_id": 1,
  "enable_auto_parallel": false,
  "eos_token_id": 2,
  "head_dim": 128,
  "hidden_act": "silu",
  "hidden_size": 7168,
  "initializer_range": 0.006818968095896705,
  "intermediate_size": 19456,
  "is_lora": false,
  "max_position_embeddings": 4096,
  "max_sequence_length": 4096,
  "mlp_bias": false,
  "model_type": "llama",
  "moe_group_origin": "dummy",
  "moe_rank": 0,
  "moe_router_bias_update_rate": 0.0,
  "moe_world_size": 1,
  "num_attention_heads": 56,
  "num_hidden_layers": 80,
  "num_key_value_heads": 56,
  "pad_token_id": 0,
  "paddleformers_version": "1.1.0.post20260417",
  "pipeline_model_parallel_size": 2,
  "pp_seg_method": "layer:DecoderLayer|EmptyLayer",
  "pretraining_tp": 2,
  "recompute_granularity": "full",
  "recompute_method": "uniform",
  "recompute_num_layers": 1,
  "rms_norm_eps": 1e-05,
  "rope_parameters": {
    "rope_theta": 10000.0,
    "rope_type": "default"
  },
  "rope_scaling": null,
  "rope_theta": 10000.0,
  "seq_length": 4096,
  "tensor_model_parallel_size": 8,
  "tie_word_embeddings": false,
  "torch_dtype": "float32",
  "use_cache": true,
  "use_fast_layer_norm": false,
  "vocab_size": 32000
}
, layer_idx=51)
[2026-04-17 13:39:04,028] [    INFO] pp_layers.py:900 - 59: DecoderLayerPipe(config=LlamaConfig {
  "_name_or_path": "./models/Llama-2-52B",
  "architectures": [
    "LlamaForCausalLM"
  ],
  "attention_bias": false,
  "attention_dropout": 0.0,
  "bos_token_id": 1,
  "enable_auto_parallel": false,
  "eos_token_id": 2,
  "head_dim": 128,
  "hidden_act": "silu",
  "hidden_size": 7168,
  "initializer_range": 0.006818968095896705,
  "intermediate_size": 19456,
  "is_lora": false,
  "max_position_embeddings": 4096,
  "max_sequence_length": 4096,
  "mlp_bias": false,
  "model_type": "llama",
  "moe_group_origin": "dummy",
  "moe_rank": 0,
  "moe_router_bias_update_rate": 0.0,
  "moe_world_size": 1,
  "num_attention_heads": 56,
  "num_hidden_layers": 80,
  "num_key_value_heads": 56,
  "pad_token_id": 0,
  "paddleformers_version": "1.1.0.post20260417",
  "pipeline_model_parallel_size": 2,
  "pp_seg_method": "layer:DecoderLayer|EmptyLayer",
  "pretraining_tp": 2,
  "recompute_granularity": "full",
  "recompute_method": "uniform",
  "recompute_num_layers": 1,
  "rms_norm_eps": 1e-05,
  "rope_parameters": {
    "rope_theta": 10000.0,
    "rope_type": "default"
  },
  "rope_scaling": null,
  "rope_theta": 10000.0,
  "seq_length": 4096,
  "tensor_model_parallel_size": 8,
  "tie_word_embeddings": false,
  "torch_dtype": "float32",
  "use_cache": true,
  "use_fast_layer_norm": false,
  "vocab_size": 32000
}
, layer_idx=58)
[2026-04-17 13:39:04,032] [    INFO] pp_layers.py:900 - 53: DecoderLayerPipe(config=LlamaConfig {
  "_name_or_path": "./models/Llama-2-52B",
  "architectures": [
    "LlamaForCausalLM"
  ],
  "attention_bias": false,
  "attention_dropout": 0.0,
  "bos_token_id": 1,
  "enable_auto_parallel": false,
  "eos_token_id": 2,
  "head_dim": 128,
  "hidden_act": "silu",
  "hidden_size": 7168,
  "initializer_range": 0.006818968095896705,
  "intermediate_size": 19456,
  "is_lora": false,
  "max_position_embeddings": 4096,
  "max_sequence_length": 4096,
  "mlp_bias": false,
  "model_type": "llama",
  "moe_group_origin": "dummy",
  "moe_rank": 0,
  "moe_router_bias_update_rate": 0.0,
  "moe_world_size": 1,
  "num_attention_heads": 56,
  "num_hidden_layers": 80,
  "num_key_value_heads": 56,
  "pad_token_id": 0,
  "paddleformers_version": "1.1.0.post20260417",
  "pipeline_model_parallel_size": 2,
  "pp_seg_method": "layer:DecoderLayer|EmptyLayer",
  "pretraining_tp": 2,
  "recompute_granularity": "full",
  "recompute_method": "uniform",
  "recompute_num_layers": 1,
  "rms_norm_eps": 1e-05,
  "rope_parameters": {
    "rope_theta": 10000.0,
    "rope_type": "default"
  },
  "rope_scaling": null,
  "rope_theta": 10000.0,
  "seq_length": 4096,
  "tensor_model_parallel_size": 8,
  "tie_word_embeddings": false,
  "torch_dtype": "float32",
  "use_cache": true,
  "use_fast_layer_norm": false,
  "vocab_size": 32000
}
, layer_idx=52)
[2026-04-17 13:39:04,033] [    INFO] pp_layers.py:900 - 60: DecoderLayerPipe(config=LlamaConfig {
  "_name_or_path": "./models/Llama-2-52B",
  "architectures": [
    "LlamaForCausalLM"
  ],
  "attention_bias": false,
  "attention_dropout": 0.0,
  "bos_token_id": 1,
  "enable_auto_parallel": false,
  "eos_token_id": 2,
  "head_dim": 128,
  "hidden_act": "silu",
  "hidden_size": 7168,
  "initializer_range": 0.006818968095896705,
  "intermediate_size": 19456,
  "is_lora": false,
  "max_position_embeddings": 4096,
  "max_sequence_length": 4096,
  "mlp_bias": false,
  "model_type": "llama",
  "moe_group_origin": "dummy",
  "moe_rank": 0,
  "moe_router_bias_update_rate": 0.0,
  "moe_world_size": 1,
  "num_attention_heads": 56,
  "num_hidden_layers": 80,
  "num_key_value_heads": 56,
  "pad_token_id": 0,
  "paddleformers_version": "1.1.0.post20260417",
  "pipeline_model_parallel_size": 2,
  "pp_seg_method": "layer:DecoderLayer|EmptyLayer",
  "pretraining_tp": 2,
  "recompute_granularity": "full",
  "recompute_method": "uniform",
  "recompute_num_layers": 1,
  "rms_norm_eps": 1e-05,
  "rope_parameters": {
    "rope_theta": 10000.0,
    "rope_type": "default"
  },
  "rope_scaling": null,
  "rope_theta": 10000.0,
  "seq_length": 4096,
  "tensor_model_parallel_size": 8,
  "tie_word_embeddings": false,
  "torch_dtype": "float32",
  "use_cache": true,
  "use_fast_layer_norm": false,
  "vocab_size": 32000
  "num_hidden_layers": 80,
  "num_key_value_heads": 56,
  "pad_token_id": 0,
  "paddleformers_version": "1.1.0.post20260417",
  "pipeline_model_parallel_size": 2,
  "pp_seg_method": "layer:DecoderLayer|EmptyLayer",
  "pretraining_tp": 2,
  "recompute_granularity": "full",
  "recompute_method": "uniform",
  "recompute_num_layers": 1,
  "rms_norm_eps": 1e-05,
  "rope_parameters": {
    "rope_theta": 10000.0,
    "rope_type": "default"
  },
  "rope_scaling": null,
  "rope_theta": 10000.0,
  "seq_length": 4096,
  "tensor_model_parallel_size": 8,
  "tie_word_embeddings": false,
  "torch_dtype": "float32",
  "use_cache": true,
  "use_fast_layer_norm": false,
  "vocab_size": 32000
}
, layer_idx=59)
[2026-04-17 13:39:04,037] [    INFO] pp_layers.py:900 - 54: DecoderLayerPipe(config=LlamaConfig {
  "_name_or_path": "./models/Llama-2-52B",
  "architectures": [
    "LlamaForCausalLM"
  ],
  "attention_bias": false,
  "attention_dropout": 0.0,
  "bos_token_id": 1,
  "enable_auto_parallel": false,
  "eos_token_id": 2,
  "head_dim": 128,
  "hidden_act": "silu",
  "hidden_size": 7168,
  "initializer_range": 0.006818968095896705,
  "intermediate_size": 19456,
  "is_lora": false,
  "max_position_embeddings": 4096,
  "max_sequence_length": 4096,
  "mlp_bias": false,
  "model_type": "llama",
  "moe_group_origin": "dummy",
  "moe_rank": 0,
  "moe_router_bias_update_rate": 0.0,
  "moe_world_size": 1,
  "num_attention_heads": 56,
  "num_hidden_layers": 80,
  "num_key_value_heads": 56,
  "pad_token_id": 0,
  "paddleformers_version": "1.1.0.post20260417",
  "pipeline_model_parallel_size": 2,
  "pp_seg_method": "layer:DecoderLayer|EmptyLayer",
  "pretraining_tp": 2,
  "recompute_granularity": "full",
  "recompute_method": "uniform",
  "recompute_num_layers": 1,
  "rms_norm_eps": 1e-05,
  "rope_parameters": {
    "rope_theta": 10000.0,
    "rope_type": "default"
  },
  "rope_scaling": null,
  "rope_theta": 10000.0,
  "seq_length": 4096,
  "tensor_model_parallel_size": 8,
  "tie_word_embeddings": false,
  "torch_dtype": "float32",
  "use_cache": true,
  "use_fast_layer_norm": false,
  "vocab_size": 32000
}
, layer_idx=53)
[2026-04-17 13:39:04,039] [    INFO] pp_layers.py:900 - 61: DecoderLayerPipe(config=LlamaConfig {
  "_name_or_path": "./models/Llama-2-52B",
  "architectures": [
    "LlamaForCausalLM"
  ],
  "attention_bias": false,
  "attention_dropout": 0.0,
  "bos_token_id": 1,
  "enable_auto_parallel": false,
  "eos_token_id": 2,
  "head_dim": 128,
  "hidden_act": "silu",
  "hidden_size": 7168,
  "initializer_range": 0.006818968095896705,
  "intermediate_size": 19456,
  "is_lora": false,
  "max_position_embeddings": 4096,
  "max_sequence_length": 4096,
  "mlp_bias": false,
  "model_type": "llama",
  "moe_group_origin": "dummy",
  "moe_rank": 0,
  "moe_router_bias_update_rate": 0.0,
  "moe_world_size": 1,
  "num_attention_heads": 56,
  "num_hidden_layers": 80,
  "num_key_value_heads": 56,
  "pad_token_id": 0,
  "paddleformers_version": "1.1.0.post20260417",
  "pipeline_model_parallel_size": 2,
  "pp_seg_method": "layer:DecoderLayer|EmptyLayer",
  "pretraining_tp": 2,
  "recompute_granularity": "full",
  "recompute_method": "uniform",
  "recompute_num_layers": 1,
  "rms_norm_eps": 1e-05,
  "rope_parameters": {
    "rope_theta": 10000.0,
    "rope_type": "default"
  },
  "rope_scaling": null,
  "rope_theta": 10000.0,
  "seq_length": 4096,
  "tensor_model_parallel_size": 8,
  "tie_word_embeddings": false,
  "torch_dtype": "float32",
  "use_cache": true,
  "use_fast_layer_norm": false,
  "vocab_size": 32000
}
, layer_idx=60)
[2026-04-17 13:39:04,042] [    INFO] pp_layers.py:900 - 55: DecoderLayerPipe(config=LlamaConfig {
  "_name_or_path": "./models/Llama-2-52B",
  "architectures": [
    "LlamaForCausalLM"
  ],
  "attention_bias": false,
  "attention_dropout": 0.0,
  "bos_token_id": 1,
  "enable_auto_parallel": false,
  "eos_token_id": 2,
  "head_dim": 128,
  "hidden_act": "silu",
  "hidden_size": 7168,
  "initializer_range": 0.006818968095896705,
  "intermediate_size": 19456,
  "is_lora": false,
  "max_position_embeddings": 4096,
  "max_sequence_length": 4096,
  "mlp_bias": false,
  "model_type": "llama",
  "moe_group_origin": "dummy",
  "moe_rank": 0,
  "moe_router_bias_update_rate": 0.0,
  "moe_world_size": 1,
  "num_attention_heads": 56,
  "num_hidden_layers": 80,
  "num_key_value_heads": 56,
  "pad_token_id": 0,
  "paddleformers_version": "1.1.0.post20260417",
  "pipeline_model_parallel_size": 2,
  "pp_seg_method": "layer:DecoderLayer|EmptyLayer",
  "pretraining_tp": 2,
  "recompute_granularity": "full",
  "recompute_method": "uniform",
  "recompute_num_layers": 1,
  "rms_norm_eps": 1e-05,
  "rope_parameters": {
    "rope_theta": 10000.0,
    "rope_type": "default"
  },
  "rope_scaling": null,
  "rope_theta": 10000.0,
  "seq_length": 4096,
  "tensor_model_parallel_size": 8,
  "tie_word_embeddings": false,
  "torch_dtype": "float32",
  "use_cache": true,
  "use_fast_layer_norm": false,
  "vocab_size": 32000
}
, layer_idx=54)
[2026-04-17 13:39:04,043] [    INFO] pp_layers.py:900 - 62: DecoderLayerPipe(config=LlamaConfig {
  "_name_or_path": "./models/Llama-2-52B",
  "architectures": [
    "LlamaForCausalLM"
  ],
  "attention_bias": false,
  "attention_dropout": 0.0,
  "bos_token_id": 1,
  "enable_auto_parallel": false,
  "eos_token_id": 2,
  "head_dim": 128,
  "hidden_act": "silu",
  "hidden_size": 7168,
  "initializer_range": 0.006818968095896705,
  "intermediate_size": 19456,
  "is_lora": false,
  "max_position_embeddings": 4096,
  "max_sequence_length": 4096,
  "mlp_bias": false,
  "model_type": "llama",
  "moe_group_origin": "dummy",
  "moe_rank": 0,
  "moe_router_bias_update_rate": 0.0,
  "moe_world_size": 1,
  "num_attention_heads": 56,
  "num_hidden_layers": 80,
  "num_key_value_heads": 56,
  "pad_token_id": 0,
  "paddleformers_version": "1.1.0.post20260417",
  "pipeline_model_parallel_size": 2,
  "pp_seg_method": "layer:DecoderLayer|EmptyLayer",
  "pretraining_tp": 2,
  "recompute_granularity": "full",
  "recompute_method": "uniform",
  "recompute_num_layers": 1,
  "rms_norm_eps": 1e-05,
  "rope_parameters": {
    "rope_theta": 10000.0,
    "rope_type": "default"
  },
  "rope_scaling": null,
  "rope_theta": 10000.0,
  "seq_length": 4096,
  "tensor_model_parallel_size": 8,
  "tie_word_embeddings": false,
  "torch_dtype": "float32",
  "use_cache": true,
  "use_fast_layer_norm": false,
  "vocab_size": 32000
}
, layer_idx=61)
[2026-04-17 13:39:04,048] [    INFO] pp_layers.py:900 - 56: DecoderLayerPipe(config=LlamaConfig {
  "_name_or_path": "./models/Llama-2-52B",
  "architectures": [
    "LlamaForCausalLM"
  ],
  "attention_bias": false,
  "attention_dropout": 0.0,
  "bos_token_id": 1,
  "enable_auto_parallel": false,
  "eos_token_id": 2,
  "head_dim": 128,
  "hidden_act": "silu",
  "hidden_size": 7168,
  "initializer_range": 0.006818968095896705,
  "intermediate_size": 19456,
  "is_lora": false,
  "max_position_embeddings": 4096,
  "max_sequence_length": 4096,
  "mlp_bias": false,
  "model_type": "llama",
  "moe_group_origin": "dummy",
  "moe_rank": 0,
  "moe_router_bias_update_rate": 0.0,
  "moe_world_size": 1,
  "num_attention_heads": 56,
  "num_hidden_layers": 80,
  "num_key_value_heads": 56,
  "pad_token_id": 0,
  "paddleformers_version": "1.1.0.post20260417",
  "pipeline_model_parallel_size": 2,
  "pp_seg_method": "layer:DecoderLayer|EmptyLayer",
  "pretraining_tp": 2,
  "recompute_granularity": "full",
  "recompute_method": "uniform",
  "recompute_num_layers": 1,
  "rms_norm_eps": 1e-05,
  "rope_parameters": {
    "rope_theta": 10000.0,
    "rope_type": "default"
  },
  "rope_scaling": null,
  "rope_theta": 10000.0,
  "seq_length": 4096,
  "tensor_model_parallel_size": 8,
  "tie_word_embeddings": false,
  "torch_dtype": "float32",
  "use_cache": true,
  "use_fast_layer_norm": false,
  "vocab_size": 32000
}
, layer_idx=55)
[2026-04-17 13:39:04,051] [    INFO] pp_layers.py:900 - 63: DecoderLayerPipe(config=LlamaConfig {
  "_name_or_path": "./models/Llama-2-52B",
  "architectures": [
    "LlamaForCausalLM"
  ],
  "attention_bias": false,
  "attention_dropout": 0.0,
  "bos_token_id": 1,
  "enable_auto_parallel": false,
  "eos_token_id": 2,
  "head_dim": 128,
  "hidden_act": "silu",
  "hidden_size": 7168,
  "initializer_range": 0.006818968095896705,
  "intermediate_size": 19456,
  "is_lora": false,
  "max_position_embeddings": 4096,
  "max_sequence_length": 4096,
  "mlp_bias": false,
  "model_type": "llama",
  "moe_group_origin": "dummy",
  "moe_rank": 0,
  "moe_router_bias_update_rate": 0.0,
  "moe_world_size": 1,
  "num_attention_heads": 56,
  "num_hidden_layers": 80,
  "num_key_value_heads": 56,
  "pad_token_id": 0,
  "paddleformers_version": "1.1.0.post20260417",
  "pipeline_model_parallel_size": 2,
  "pp_seg_method": "layer:DecoderLayer|EmptyLayer",
  "pretraining_tp": 2,
  "recompute_granularity": "full",
  "recompute_method": "uniform",
  "recompute_num_layers": 1,
  "rms_norm_eps": 1e-05,
  "rope_parameters": {
    "rope_theta": 10000.0,
    "rope_type": "default"
  },
  "rope_scaling": null,
  "rope_theta": 10000.0,
  "seq_length": 4096,
  "tensor_model_parallel_size": 8,
  "tie_word_embeddings": false,
  "torch_dtype": "float32",
  "use_cache": true,
  "use_fast_layer_norm": false,
  "vocab_size": 32000
}
, layer_idx=62)
[2026-04-17 13:39:04,054] [    INFO] pp_layers.py:900 - 57: DecoderLayerPipe(config=LlamaConfig {
  "_name_or_path": "./models/Llama-2-52B",
  "architectures": [
    "LlamaForCausalLM"
  ],
  "attention_bias": false,
  "attention_dropout": 0.0,
  "bos_token_id": 1,
  "enable_auto_parallel": false,
  "eos_token_id": 2,
  "head_dim": 128,
  "hidden_act": "silu",
  "hidden_size": 7168,
  "initializer_range": 0.006818968095896705,
  "intermediate_size": 19456,
  "is_lora": false,
  "max_position_embeddings": 4096,
  "max_sequence_length": 4096,
  "mlp_bias": false,
  "model_type": "llama",
  "moe_group_origin": "dummy",
  "moe_rank": 0,
  "moe_router_bias_update_rate": 0.0,
  "moe_world_size": 1,
  "num_attention_heads": 56,
  "num_hidden_layers": 80,
  "num_key_value_heads": 56,
  "pad_token_id": 0,
  "paddleformers_version": "1.1.0.post20260417",
  "pipeline_model_parallel_size": 2,
  "pp_seg_method": "layer:DecoderLayer|EmptyLayer",
  "pretraining_tp": 2,
  "recompute_granularity": "full",
  "recompute_method": "uniform",
  "recompute_num_layers": 1,
  "rms_norm_eps": 1e-05,
  "rope_parameters": {
    "rope_theta": 10000.0,
    "rope_type": "default"
  },
  "rope_scaling": null,
  "rope_theta": 10000.0,
  "seq_length": 4096,
  "tensor_model_parallel_size": 8,
  "tie_word_embeddings": false,
  "torch_dtype": "float32",
  "use_cache": true,
  "use_fast_layer_norm": false,
  "vocab_size": 32000
}
, layer_idx=56)
[2026-04-17 13:39:04,057] [    INFO] pp_layers.py:900 - 64: DecoderLayerPipe(config=LlamaConfig {
  "_name_or_path": "./models/Llama-2-52B",
  "architectures": [
    "LlamaForCausalLM"
  ],
  "attention_bias": false,
  "attention_dropout": 0.0,
  "bos_token_id": 1,
  "enable_auto_parallel": false,
  "eos_token_id": 2,
  "head_dim": 128,
  "hidden_act": "silu",
  "hidden_size": 7168,
  "initializer_range": 0.006818968095896705,
  "intermediate_size": 19456,
  "is_lora": false,
  "max_position_embeddings": 4096,
  "max_sequence_length": 4096,
  "mlp_bias": false,
  "model_type": "llama",
  "moe_group_origin": "dummy",
  "moe_rank": 0,
  "moe_router_bias_update_rate": 0.0,
  "moe_world_size": 1,
  "num_attention_heads": 56,
  "num_hidden_layers": 80,
  "num_key_value_heads": 56,
  "pad_token_id": 0,
  "paddleformers_version": "1.1.0.post20260417",
  "pipeline_model_parallel_size": 2,
  "pp_seg_method": "layer:DecoderLayer|EmptyLayer",
  "pretraining_tp": 2,
  "recompute_granularity": "full",
  "recompute_method": "uniform",
  "recompute_num_layers": 1,
  "rms_norm_eps": 1e-05,
  "rope_parameters": {
    "rope_theta": 10000.0,
    "rope_type": "default"
  },
  "rope_scaling": null,
  "rope_theta": 10000.0,
  "seq_length": 4096,
  "tensor_model_parallel_size": 8,
  "tie_word_embeddings": false,
  "torch_dtype": "float32",
  "use_cache": true,
  "use_fast_layer_norm": false,
  "vocab_size": 32000
}
, layer_idx=63)
[2026-04-17 13:39:04,060] [    INFO] pp_layers.py:900 - 58: DecoderLayerPipe(config=LlamaConfig {
  "_name_or_path": "./models/Llama-2-52B",
  "architectures": [
    "LlamaForCausalLM"
  ],
  "attention_bias": false,
  "attention_dropout": 0.0,
  "bos_token_id": 1,
  "enable_auto_parallel": false,
  "eos_token_id": 2,
  "head_dim": 128,
  "hidden_act": "silu",
  "hidden_size": 7168,
  "initializer_range": 0.006818968095896705,
  "intermediate_size": 19456,
  "is_lora": false,
  "max_position_embeddings": 4096,
  "max_sequence_length": 4096,
  "mlp_bias": false,
  "model_type": "llama",
  "moe_group_origin": "dummy",
  "moe_rank": 0,
  "moe_router_bias_update_rate": 0.0,
  "moe_world_size": 1,
  "num_attention_heads": 56,
  "num_hidden_layers": 80,
  "num_key_value_heads": 56,
  "pad_token_id": 0,
  "paddleformers_version": "1.1.0.post20260417",
  "pipeline_model_parallel_size": 2,
  "pp_seg_method": "layer:DecoderLayer|EmptyLayer",
  "pretraining_tp": 2,
  "recompute_granularity": "full",
  "recompute_method": "uniform",
  "recompute_num_layers": 1,
  "rms_norm_eps": 1e-05,
  "rope_parameters": {
    "rope_theta": 10000.0,
    "rope_type": "default"
  },
  "rope_scaling": null,
  "rope_theta": 10000.0,
  "seq_length": 4096,
  "tensor_model_parallel_size": 8,
  "tie_word_embeddings": false,
  "torch_dtype": "float32",
  "use_cache": true,
  "use_fast_layer_norm": false,
  "vocab_size": 32000
}
, layer_idx=57)
[2026-04-17 13:39:04,064] [    INFO] pp_layers.py:900 - 65: DecoderLayerPipe(config=LlamaConfig {
  "_name_or_path": "./models/Llama-2-52B",
  "architectures": [
    "LlamaForCausalLM"
  ],
  "attention_bias": false,
  "attention_dropout": 0.0,
  "bos_token_id": 1,
  "enable_auto_parallel": false,
  "eos_token_id": 2,
  "head_dim": 128,
  "hidden_act": "silu",
  "hidden_size": 7168,
  "initializer_range": 0.006818968095896705,
  "intermediate_size": 19456,
  "is_lora": false,
  "max_position_embeddings": 4096,
  "max_sequence_length": 4096,
  "mlp_bias": false,
  "model_type": "llama",
  "moe_group_origin": "dummy",
  "moe_rank": 0,
  "moe_router_bias_update_rate": 0.0,
  "moe_world_size": 1,
  "num_attention_heads": 56,
  "num_hidden_layers": 80,
  "num_key_value_heads": 56,
  "pad_token_id": 0,
  "paddleformers_version": "1.1.0.post20260417",
  "pipeline_model_parallel_size": 2,
  "pp_seg_method": "layer:DecoderLayer|EmptyLayer",
  "pretraining_tp": 2,
  "recompute_granularity": "full",
  "recompute_method": "uniform",
  "recompute_num_layers": 1,
  "rms_norm_eps": 1e-05,
  "rope_parameters": {
    "rope_theta": 10000.0,
    "rope_type": "default"
  },
  "rope_scaling": null,
  "rope_theta": 10000.0,
  "seq_length": 4096,
  "tensor_model_parallel_size": 8,
  "tie_word_embeddings": false,
  "torch_dtype": "float32",
  "use_cache": true,
  "use_fast_layer_norm": false,
  "vocab_size": 32000
}
, layer_idx=64)
[2026-04-17 13:39:04,066] [    INFO] pp_layers.py:900 - 59: DecoderLayerPipe(config=LlamaConfig {
  "_name_or_path": "./models/Llama-2-52B",
  "architectures": [
    "LlamaForCausalLM"
  ],
  "attention_bias": false,
  "attention_dropout": 0.0,
  "bos_token_id": 1,
  "enable_auto_parallel": false,
  "eos_token_id": 2,
  "head_dim": 128,
  "hidden_act": "silu",
  "hidden_size": 7168,
  "initializer_range": 0.006818968095896705,
  "intermediate_size": 19456,
  "is_lora": false,
  "max_position_embeddings": 4096,
  "max_sequence_length": 4096,
  "mlp_bias": false,
  "model_type": "llama",
  "moe_group_origin": "dummy",
  "moe_rank": 0,
  "moe_router_bias_update_rate": 0.0,
  "moe_world_size": 1,
  "num_attention_heads": 56,
  "num_hidden_layers": 80,
  "num_key_value_heads": 56,
  "pad_token_id": 0,
  "paddleformers_version": "1.1.0.post20260417",
  "pipeline_model_parallel_size": 2,
  "pp_seg_method": "layer:DecoderLayer|EmptyLayer",
  "pretraining_tp": 2,
  "recompute_granularity": "full",
  "recompute_method": "uniform",
  "recompute_num_layers": 1,
  "rms_norm_eps": 1e-05,
  "rope_parameters": {
    "rope_theta": 10000.0,
    "rope_type": "default"
  },
  "rope_scaling": null,
  "rope_theta": 10000.0,
  "seq_length": 4096,
  "tensor_model_parallel_size": 8,
  "tie_word_embeddings": false,
  "torch_dtype": "float32",
  "use_cache": true,
  "use_fast_layer_norm": false,
  "vocab_size": 32000
}
, layer_idx=58)
[2026-04-17 13:39:04,068] [    INFO] pp_layers.py:900 - 66: DecoderLayerPipe(config=LlamaConfig {
  "_name_or_path": "./models/Llama-2-52B",
  "architectures": [
    "LlamaForCausalLM"
  ],
  "attention_bias": false,
  "attention_dropout": 0.0,
  "bos_token_id": 1,
  "enable_auto_parallel": false,
  "eos_token_id": 2,
  "head_dim": 128,
  "hidden_act": "silu",
  "hidden_size": 7168,
  "initializer_range": 0.006818968095896705,
  "intermediate_size": 19456,
  "is_lora": false,
  "max_position_embeddings": 4096,
  "max_sequence_length": 4096,
  "mlp_bias": false,
  "model_type": "llama",
  "moe_group_origin": "dummy",
  "moe_rank": 0,
  "moe_router_bias_update_rate": 0.0,
  "moe_world_size": 1,
  "num_attention_heads": 56,
  "num_hidden_layers": 80,
  "num_key_value_heads": 56,
  "pad_token_id": 0,
  "paddleformers_version": "1.1.0.post20260417",
  "pipeline_model_parallel_size": 2,
  "pp_seg_method": "layer:DecoderLayer|EmptyLayer",
  "pretraining_tp": 2,
  "recompute_granularity": "full",
  "recompute_method": "uniform",
  "recompute_num_layers": 1,
  "rms_norm_eps": 1e-05,
  "rope_parameters": {
    "rope_theta": 10000.0,
    "rope_type": "default"
  },
  "rope_scaling": null,
  "rope_theta": 10000.0,
  "seq_length": 4096,
  "tensor_model_parallel_size": 8,
  "tie_word_embeddings": false,
  "torch_dtype": "float32",
  "use_cache": true,
  "use_fast_layer_norm": false,
  "vocab_size": 32000
}
, layer_idx=65)
[2026-04-17 13:39:04,071] [    INFO] pp_layers.py:900 - 60: DecoderLayerPipe(config=LlamaConfig {
  "_name_or_path": "./models/Llama-2-52B",
  "architectures": [
    "LlamaForCausalLM"
  ],
  "attention_bias": false,
  "attention_dropout": 0.0,
  "bos_token_id": 1,
  "enable_auto_parallel": false,
  "eos_token_id": 2,
  "head_dim": 128,
  "hidden_act": "silu",
  "hidden_size": 7168,
  "initializer_range": 0.006818968095896705,
  "intermediate_size": 19456,
  "is_lora": false,
  "max_position_embeddings": 4096,
  "max_sequence_length": 4096,
  "mlp_bias": false,
  "model_type": "llama",
  "moe_group_origin": "dummy",
  "moe_rank": 0,
  "moe_router_bias_update_rate": 0.0,
  "moe_world_size": 1,
  "num_attention_heads": 56,
  "num_hidden_layers": 80,
  "num_key_value_heads": 56,
  "pad_token_id": 0,
  "paddleformers_version": "1.1.0.post20260417",
  "pipeline_model_parallel_size": 2,
  "pp_seg_method": "layer:DecoderLayer|EmptyLayer",
  "pretraining_tp": 2,
  "recompute_granularity": "full",
  "recompute_method": "uniform",
  "recompute_num_layers": 1,
  "rms_norm_eps": 1e-05,
  "rope_parameters": {
    "rope_theta": 10000.0,
    "rope_type": "default"
  },
  "rope_scaling": null,
  "rope_theta": 10000.0,
  "seq_length": 4096,
  "tensor_model_parallel_size": 8,
  "tie_word_embeddings": false,
  "torch_dtype": "float32",
  "use_cache": true,
  "use_fast_layer_norm": false,
  "vocab_size": 32000
}
, layer_idx=59)
[2026-04-17 13:39:04,073] [    INFO] pp_layers.py:900 - 67: DecoderLayerPipe(config=LlamaConfig {
  "_name_or_path": "./models/Llama-2-52B",
  "architectures": [
    "LlamaForCausalLM"
  ],
  "attention_bias": false,
  "attention_dropout": 0.0,
  "bos_token_id": 1,
  "enable_auto_parallel": false,
  "eos_token_id": 2,
  "head_dim": 128,
  "hidden_act": "silu",
  "hidden_size": 7168,
  "initializer_range": 0.006818968095896705,
  "intermediate_size": 19456,
  "is_lora": false,
  "max_position_embeddings": 4096,
  "max_sequence_length": 4096,
  "mlp_bias": false,
  "model_type": "llama",
  "moe_group_origin": "dummy",
  "moe_rank": 0,
  "moe_router_bias_update_rate": 0.0,
  "moe_world_size": 1,
  "num_attention_heads": 56,
  "num_hidden_layers": 80,
  "num_key_value_heads": 56,
  "pad_token_id": 0,
  "paddleformers_version": "1.1.0.post20260417",
  "pipeline_model_parallel_size": 2,
  "pp_seg_method": "layer:DecoderLayer|EmptyLayer",
  "pretraining_tp": 2,
  "recompute_granularity": "full",
  "recompute_method": "uniform",
  "recompute_num_layers": 1,
  "rms_norm_eps": 1e-05,
  "rope_parameters": {
    "rope_theta": 10000.0,
    "rope_type": "default"
  },
  "rope_scaling": null,
  "rope_theta": 10000.0,
  "seq_length": 4096,
  "tensor_model_parallel_size": 8,
  "tie_word_embeddings": false,
  "torch_dtype": "float32",
  "use_cache": true,
  "use_fast_layer_norm": false,
  "vocab_size": 32000
}
, layer_idx=66)
[2026-04-17 13:39:04,076] [    INFO] pp_layers.py:900 - 61: DecoderLayerPipe(config=LlamaConfig {
  "_name_or_path": "./models/Llama-2-52B",
  "architectures": [
    "LlamaForCausalLM"
  ],
  "attention_bias": false,
  "attention_dropout": 0.0,
  "bos_token_id": 1,
  "enable_auto_parallel": false,
  "eos_token_id": 2,
  "head_dim": 128,
  "hidden_act": "silu",
  "hidden_size": 7168,
  "initializer_range": 0.006818968095896705,
  "intermediate_size": 19456,
  "is_lora": false,
  "max_position_embeddings": 4096,
  "max_sequence_length": 4096,
  "mlp_bias": false,
  "model_type": "llama",
  "moe_group_origin": "dummy",
  "moe_rank": 0,
  "moe_router_bias_update_rate": 0.0,
  "moe_world_size": 1,
  "num_attention_heads": 56,
  "num_hidden_layers": 80,
  "num_key_value_heads": 56,
  "pad_token_id": 0,
  "paddleformers_version": "1.1.0.post20260417",
  "pipeline_model_parallel_size": 2,
  "pp_seg_method": "layer:DecoderLayer|EmptyLayer",
  "pretraining_tp": 2,
  "recompute_granularity": "full",
  "recompute_method": "uniform",
  "recompute_num_layers": 1,
  "rms_norm_eps": 1e-05,
  "rope_parameters": {
    "rope_theta": 10000.0,
    "rope_type": "default"
  },
  "rope_scaling": null,
  "rope_theta": 10000.0,
  "seq_length": 4096,
  "tensor_model_parallel_size": 8,
  "tie_word_embeddings": false,
  "torch_dtype": "float32",
  "use_cache": true,
  "use_fast_layer_norm": false,
  "vocab_size": 32000
}
, layer_idx=60)
[2026-04-17 13:39:04,079] [    INFO] pp_layers.py:900 - 68: DecoderLayerPipe(config=LlamaConfig {
  "_name_or_path": "./models/Llama-2-52B",
  "architectures": [
    "LlamaForCausalLM"
  ],
  "attention_bias": false,
  "attention_dropout": 0.0,
  "bos_token_id": 1,
  "enable_auto_parallel": false,
  "eos_token_id": 2,
  "head_dim": 128,
  "hidden_act": "silu",
  "hidden_size": 7168,
  "initializer_range": 0.006818968095896705,
  "intermediate_size": 19456,
  "is_lora": false,
  "max_position_embeddings": 4096,
  "max_sequence_length": 4096,
  "mlp_bias": false,
  "model_type": "llama",
  "moe_group_origin": "dummy",
  "moe_rank": 0,
  "moe_router_bias_update_rate": 0.0,
  "moe_world_size": 1,
  "num_attention_heads": 56,
  "num_hidden_layers": 80,
  "num_key_value_heads": 56,
  "pad_token_id": 0,
  "paddleformers_version": "1.1.0.post20260417",
  "pipeline_model_parallel_size": 2,
  "pp_seg_method": "layer:DecoderLayer|EmptyLayer",
  "pretraining_tp": 2,
  "recompute_granularity": "full",
  "recompute_method": "uniform",
  "recompute_num_layers": 1,
  "rms_norm_eps": 1e-05,
  "rope_parameters": {
    "rope_theta": 10000.0,
    "rope_type": "default"
  },
  "rope_scaling": null,
  "rope_theta": 10000.0,
  "seq_length": 4096,
  "tensor_model_parallel_size": 8,
  "tie_word_embeddings": false,
  "torch_dtype": "float32",
  "use_cache": true,
  "use_fast_layer_norm": false,
  "vocab_size": 32000
}
, layer_idx=67)
[2026-04-17 13:39:04,082] [    INFO] pp_layers.py:900 - 62: DecoderLayerPipe(config=LlamaConfig {
  "_name_or_path": "./models/Llama-2-52B",
  "architectures": [
    "LlamaForCausalLM"
  ],
  "attention_bias": false,
  "attention_dropout": 0.0,
  "bos_token_id": 1,
  "enable_auto_parallel": false,
  "eos_token_id": 2,
  "head_dim": 128,
  "hidden_act": "silu",
  "hidden_size": 7168,
  "initializer_range": 0.006818968095896705,
  "intermediate_size": 19456,
  "is_lora": false,
  "max_position_embeddings": 4096,
  "max_sequence_length": 4096,
  "mlp_bias": false,
  "model_type": "llama",
  "moe_group_origin": "dummy",
  "moe_rank": 0,
  "moe_router_bias_update_rate": 0.0,
  "moe_world_size": 1,
  "num_attention_heads": 56,
  "num_hidden_layers": 80,
  "num_key_value_heads": 56,
  "pad_token_id": 0,
  "paddleformers_version": "1.1.0.post20260417",
  "pipeline_model_parallel_size": 2,
  "pp_seg_method": "layer:DecoderLayer|EmptyLayer",
  "pretraining_tp": 2,
  "recompute_granularity": "full",
  "recompute_method": "uniform",
  "recompute_num_layers": 1,
  "rms_norm_eps": 1e-05,
  "rope_parameters": {
    "rope_theta": 10000.0,
    "rope_type": "default"
  },
  "rope_scaling": null,
  "rope_theta": 10000.0,
  "seq_length": 4096,
  "tensor_model_parallel_size": 8,
  "tie_word_embeddings": false,
  "torch_dtype": "float32",
  "use_cache": true,
  "use_fast_layer_norm": false,
  "vocab_size": 32000
}
, layer_idx=61)
[2026-04-17 13:39:04,084] [    INFO] pp_layers.py:900 - 69: DecoderLayerPipe(config=LlamaConfig {
  "_name_or_path": "./models/Llama-2-52B",
  "architectures": [
    "LlamaForCausalLM"
  ],
  "attention_bias": false,
  "attention_dropout": 0.0,
  "bos_token_id": 1,
  "enable_auto_parallel": false,
  "eos_token_id": 2,
  "head_dim": 128,
  "hidden_act": "silu",
  "hidden_size": 7168,
  "initializer_range": 0.006818968095896705,
  "intermediate_size": 19456,
  "is_lora": false,
  "max_position_embeddings": 4096,
  "max_sequence_length": 4096,
  "mlp_bias": false,
  "model_type": "llama",
  "moe_group_origin": "dummy",
  "moe_rank": 0,
  "moe_router_bias_update_rate": 0.0,
  "moe_world_size": 1,
  "num_attention_heads": 56,
  "num_hidden_layers": 80,
  "num_key_value_heads": 56,
  "pad_token_id": 0,
  "paddleformers_version": "1.1.0.post20260417",
  "pipeline_model_parallel_size": 2,
  "pp_seg_method": "layer:DecoderLayer|EmptyLayer",
  "pretraining_tp": 2,
  "recompute_granularity": "full",
  "recompute_method": "uniform",
  "recompute_num_layers": 1,
  "rms_norm_eps": 1e-05,
  "rope_parameters": {
    "rope_theta": 10000.0,
    "rope_type": "default"
  },
  "rope_scaling": null,
  "rope_theta": 10000.0,
  "seq_length": 4096,
  "tensor_model_parallel_size": 8,
  "tie_word_embeddings": false,
  "torch_dtype": "float32",
  "use_cache": true,
  "use_fast_layer_norm": false,
  "vocab_size": 32000
}
, layer_idx=68)
[2026-04-17 13:39:04,092] [    INFO] pp_layers.py:900 - 63: DecoderLayerPipe(config=LlamaConfig {
  "_name_or_path": "./models/Llama-2-52B",
  "architectures": [
    "LlamaForCausalLM"
  ],
  "attention_bias": false,
  "attention_dropout": 0.0,
  "bos_token_id": 1,
  "enable_auto_parallel": false,
  "eos_token_id": 2,
  "head_dim": 128,
  "hidden_act": "silu",
  "hidden_size": 7168,
  "initializer_range": 0.006818968095896705,
  "intermediate_size": 19456,
  "is_lora": false,
  "max_position_embeddings": 4096,
  "max_sequence_length": 4096,
  "mlp_bias": false,
  "model_type": "llama",
  "moe_group_origin": "dummy",
  "moe_rank": 0,
  "moe_router_bias_update_rate": 0.0,
  "moe_world_size": 1,
  "num_attention_heads": 56,
  "num_hidden_layers": 80,
  "num_key_value_heads": 56,
  "pad_token_id": 0,
  "paddleformers_version": "1.1.0.post20260417",
  "pipeline_model_parallel_size": 2,
  "pp_seg_method": "layer:DecoderLayer|EmptyLayer",
  "pretraining_tp": 2,
  "recompute_granularity": "full",
  "recompute_method": "uniform",
  "recompute_num_layers": 1,
  "rms_norm_eps": 1e-05,
  "rope_parameters": {
    "rope_theta": 10000.0,
    "rope_type": "default"
  },
  "rope_scaling": null,
  "rope_theta": 10000.0,
  "seq_length": 4096,
  "tensor_model_parallel_size": 8,
  "tie_word_embeddings": false,
  "torch_dtype": "float32",
  "use_cache": true,
  "use_fast_layer_norm": false,
  "vocab_size": 32000
}
, layer_idx=62)
[2026-04-17 13:39:04,094] [    INFO] pp_layers.py:900 - 70: DecoderLayerPipe(config=LlamaConfig {
  "_name_or_path": "./models/Llama-2-52B",
  "architectures": [
    "LlamaForCausalLM"
  ],
}
, layer_idx=59)
[2026-04-17 13:39:04,037] [    INFO] pp_layers.py:900 - 54: DecoderLayerPipe(config=LlamaConfig {
  "_name_or_path": "./models/Llama-2-52B",
  "architectures": [
    "LlamaForCausalLM"
  ],
  "attention_bias": false,
  "attention_dropout": 0.0,
  "bos_token_id": 1,
  "enable_auto_parallel": false,
  "eos_token_id": 2,
  "head_dim": 128,
  "hidden_act": "silu",
  "hidden_size": 7168,
  "initializer_range": 0.006818968095896705,
  "intermediate_size": 19456,
  "is_lora": false,
  "max_position_embeddings": 4096,
  "max_sequence_length": 4096,
  "mlp_bias": false,
  "model_type": "llama",
  "moe_group_origin": "dummy",
  "moe_rank": 0,
  "moe_router_bias_update_rate": 0.0,
  "moe_world_size": 1,
  "num_attention_heads": 56,
  "num_hidden_layers": 80,
  "num_key_value_heads": 56,
  "pad_token_id": 0,
  "paddleformers_version": "1.1.0.post20260417",
  "pipeline_model_parallel_size": 2,
  "pp_seg_method": "layer:DecoderLayer|EmptyLayer",
  "pretraining_tp": 2,
  "recompute_granularity": "full",
  "recompute_method": "uniform",
  "recompute_num_layers": 1,
  "rms_norm_eps": 1e-05,
  "rope_parameters": {
    "rope_theta": 10000.0,
    "rope_type": "default"
  },
  "rope_scaling": null,
  "rope_theta": 10000.0,
  "seq_length": 4096,
  "tensor_model_parallel_size": 8,
  "tie_word_embeddings": false,
  "torch_dtype": "float32",
  "use_cache": true,
  "use_fast_layer_norm": false,
  "vocab_size": 32000
}
, layer_idx=53)
[2026-04-17 13:39:04,039] [    INFO] pp_layers.py:900 - 61: DecoderLayerPipe(config=LlamaConfig {
  "_name_or_path": "./models/Llama-2-52B",
  "architectures": [
    "LlamaForCausalLM"
  ],
  "attention_bias": false,
  "attention_dropout": 0.0,
  "bos_token_id": 1,
  "enable_auto_parallel": false,
  "eos_token_id": 2,
  "head_dim": 128,
  "hidden_act": "silu",
  "hidden_size": 7168,
  "initializer_range": 0.006818968095896705,
  "intermediate_size": 19456,
  "is_lora": false,
  "max_position_embeddings": 4096,
  "max_sequence_length": 4096,
  "mlp_bias": false,
  "model_type": "llama",
  "moe_group_origin": "dummy",
  "moe_rank": 0,
  "moe_router_bias_update_rate": 0.0,
  "moe_world_size": 1,
  "num_attention_heads": 56,
  "num_hidden_layers": 80,
  "num_key_value_heads": 56,
  "pad_token_id": 0,
  "paddleformers_version": "1.1.0.post20260417",
  "pipeline_model_parallel_size": 2,
  "pp_seg_method": "layer:DecoderLayer|EmptyLayer",
  "pretraining_tp": 2,
  "recompute_granularity": "full",
  "recompute_method": "uniform",
  "recompute_num_layers": 1,
  "rms_norm_eps": 1e-05,
  "rope_parameters": {
    "rope_theta": 10000.0,
    "rope_type": "default"
  },
  "rope_scaling": null,
  "rope_theta": 10000.0,
  "seq_length": 4096,
  "tensor_model_parallel_size": 8,
  "tie_word_embeddings": false,
  "torch_dtype": "float32",
  "use_cache": true,
  "use_fast_layer_norm": false,
  "vocab_size": 32000
}
, layer_idx=60)
[2026-04-17 13:39:04,042] [    INFO] pp_layers.py:900 - 55: DecoderLayerPipe(config=LlamaConfig {
  "_name_or_path": "./models/Llama-2-52B",
  "architectures": [
    "LlamaForCausalLM"
  ],
  "attention_bias": false,
  "attention_dropout": 0.0,
  "bos_token_id": 1,
  "enable_auto_parallel": false,
  "eos_token_id": 2,
  "head_dim": 128,
  "hidden_act": "silu",
  "hidden_size": 7168,
  "initializer_range": 0.006818968095896705,
  "intermediate_size": 19456,
  "is_lora": false,
  "max_position_embeddings": 4096,
  "max_sequence_length": 4096,
  "mlp_bias": false,
  "model_type": "llama",
  "moe_group_origin": "dummy",
  "moe_rank": 0,
  "moe_router_bias_update_rate": 0.0,
  "moe_world_size": 1,
  "num_attention_heads": 56,
  "num_hidden_layers": 80,
  "num_key_value_heads": 56,
  "pad_token_id": 0,
  "paddleformers_version": "1.1.0.post20260417",
  "pipeline_model_parallel_size": 2,
  "pp_seg_method": "layer:DecoderLayer|EmptyLayer",
  "pretraining_tp": 2,
  "recompute_granularity": "full",
  "recompute_method": "uniform",
  "recompute_num_layers": 1,
  "rms_norm_eps": 1e-05,
  "rope_parameters": {
    "rope_theta": 10000.0,
    "rope_type": "default"
  },
  "rope_scaling": null,
  "rope_theta": 10000.0,
  "seq_length": 4096,
  "tensor_model_parallel_size": 8,
  "tie_word_embeddings": false,
  "torch_dtype": "float32",
  "use_cache": true,
  "use_fast_layer_norm": false,
  "vocab_size": 32000
}
, layer_idx=54)
[2026-04-17 13:39:04,043] [    INFO] pp_layers.py:900 - 62: DecoderLayerPipe(config=LlamaConfig {
  "_name_or_path": "./models/Llama-2-52B",
  "architectures": [
    "LlamaForCausalLM"
  ],
  "attention_bias": false,
  "attention_dropout": 0.0,
  "bos_token_id": 1,
  "enable_auto_parallel": false,
  "eos_token_id": 2,
  "head_dim": 128,
  "hidden_act": "silu",
  "hidden_size": 7168,
  "initializer_range": 0.006818968095896705,
  "intermediate_size": 19456,
  "is_lora": false,
  "max_position_embeddings": 4096,
  "max_sequence_length": 4096,
  "mlp_bias": false,
  "model_type": "llama",
  "moe_group_origin": "dummy",
  "moe_rank": 0,
  "moe_router_bias_update_rate": 0.0,
  "moe_world_size": 1,
  "num_attention_heads": 56,
  "num_hidden_layers": 80,
  "num_key_value_heads": 56,
  "pad_token_id": 0,
  "paddleformers_version": "1.1.0.post20260417",
  "pipeline_model_parallel_size": 2,
  "pp_seg_method": "layer:DecoderLayer|EmptyLayer",
  "pretraining_tp": 2,
  "recompute_granularity": "full",
  "recompute_method": "uniform",
  "recompute_num_layers": 1,
  "rms_norm_eps": 1e-05,
  "rope_parameters": {
    "rope_theta": 10000.0,
    "rope_type": "default"
  },
  "rope_scaling": null,
  "rope_theta": 10000.0,
  "seq_length": 4096,
  "tensor_model_parallel_size": 8,
  "tie_word_embeddings": false,
  "torch_dtype": "float32",
  "use_cache": true,
  "use_fast_layer_norm": false,
  "vocab_size": 32000
}
, layer_idx=61)
[2026-04-17 13:39:04,048] [    INFO] pp_layers.py:900 - 56: DecoderLayerPipe(config=LlamaConfig {
  "_name_or_path": "./models/Llama-2-52B",
  "architectures": [
    "LlamaForCausalLM"
  ],
  "attention_bias": false,
  "attention_dropout": 0.0,
  "bos_token_id": 1,
  "enable_auto_parallel": false,
  "eos_token_id": 2,
  "head_dim": 128,
  "hidden_act": "silu",
  "hidden_size": 7168,
  "initializer_range": 0.006818968095896705,
  "intermediate_size": 19456,
  "is_lora": false,
  "max_position_embeddings": 4096,
  "max_sequence_length": 4096,
  "mlp_bias": false,
  "model_type": "llama",
  "moe_group_origin": "dummy",
  "moe_rank": 0,
  "moe_router_bias_update_rate": 0.0,
  "moe_world_size": 1,
  "num_attention_heads": 56,
  "num_hidden_layers": 80,
  "num_key_value_heads": 56,
  "pad_token_id": 0,
  "paddleformers_version": "1.1.0.post20260417",
  "pipeline_model_parallel_size": 2,
  "pp_seg_method": "layer:DecoderLayer|EmptyLayer",
  "pretraining_tp": 2,
  "recompute_granularity": "full",
  "recompute_method": "uniform",
  "recompute_num_layers": 1,
  "rms_norm_eps": 1e-05,
  "rope_parameters": {
    "rope_theta": 10000.0,
    "rope_type": "default"
  },
  "rope_scaling": null,
  "rope_theta": 10000.0,
  "seq_length": 4096,
  "tensor_model_parallel_size": 8,
  "tie_word_embeddings": false,
  "torch_dtype": "float32",
  "use_cache": true,
  "use_fast_layer_norm": false,
  "vocab_size": 32000
}
, layer_idx=55)
[2026-04-17 13:39:04,051] [    INFO] pp_layers.py:900 - 63: DecoderLayerPipe(config=LlamaConfig {
  "_name_or_path": "./models/Llama-2-52B",
  "architectures": [
    "LlamaForCausalLM"
  ],
  "attention_bias": false,
  "attention_dropout": 0.0,
  "bos_token_id": 1,
  "enable_auto_parallel": false,
  "eos_token_id": 2,
  "head_dim": 128,
  "hidden_act": "silu",
  "hidden_size": 7168,
  "initializer_range": 0.006818968095896705,
  "intermediate_size": 19456,
  "is_lora": false,
  "max_position_embeddings": 4096,
  "max_sequence_length": 4096,
  "mlp_bias": false,
  "model_type": "llama",
  "moe_group_origin": "dummy",
  "moe_rank": 0,
  "moe_router_bias_update_rate": 0.0,
  "moe_world_size": 1,
  "num_attention_heads": 56,
  "num_hidden_layers": 80,
  "num_key_value_heads": 56,
  "pad_token_id": 0,
  "paddleformers_version": "1.1.0.post20260417",
  "pipeline_model_parallel_size": 2,
  "pp_seg_method": "layer:DecoderLayer|EmptyLayer",
  "pretraining_tp": 2,
  "recompute_granularity": "full",
  "recompute_method": "uniform",
  "recompute_num_layers": 1,
  "rms_norm_eps": 1e-05,
  "rope_parameters": {
    "rope_theta": 10000.0,
    "rope_type": "default"
  },
  "rope_scaling": null,
  "rope_theta": 10000.0,
  "seq_length": 4096,
  "tensor_model_parallel_size": 8,
  "tie_word_embeddings": false,
  "torch_dtype": "float32",
  "use_cache": true,
  "use_fast_layer_norm": false,
  "vocab_size": 32000
}
, layer_idx=62)
[2026-04-17 13:39:04,054] [    INFO] pp_layers.py:900 - 57: DecoderLayerPipe(config=LlamaConfig {
  "_name_or_path": "./models/Llama-2-52B",
  "architectures": [
    "LlamaForCausalLM"
  ],
  "attention_bias": false,
  "attention_dropout": 0.0,
  "bos_token_id": 1,
  "enable_auto_parallel": false,
  "eos_token_id": 2,
  "head_dim": 128,
  "hidden_act": "silu",
  "hidden_size": 7168,
  "initializer_range": 0.006818968095896705,
  "intermediate_size": 19456,
  "is_lora": false,
  "max_position_embeddings": 4096,
  "max_sequence_length": 4096,
  "mlp_bias": false,
  "model_type": "llama",
  "moe_group_origin": "dummy",
  "moe_rank": 0,
  "moe_router_bias_update_rate": 0.0,
  "moe_world_size": 1,
  "num_attention_heads": 56,
  "num_hidden_layers": 80,
  "num_key_value_heads": 56,
  "pad_token_id": 0,
  "paddleformers_version": "1.1.0.post20260417",
  "pipeline_model_parallel_size": 2,
  "pp_seg_method": "layer:DecoderLayer|EmptyLayer",
  "pretraining_tp": 2,
  "recompute_granularity": "full",
  "recompute_method": "uniform",
  "recompute_num_layers": 1,
  "rms_norm_eps": 1e-05,
  "rope_parameters": {
    "rope_theta": 10000.0,
    "rope_type": "default"
  },
  "rope_scaling": null,
  "rope_theta": 10000.0,
  "seq_length": 4096,
  "tensor_model_parallel_size": 8,
  "tie_word_embeddings": false,
  "torch_dtype": "float32",
  "use_cache": true,
  "use_fast_layer_norm": false,
  "vocab_size": 32000
}
, layer_idx=56)
[2026-04-17 13:39:04,057] [    INFO] pp_layers.py:900 - 64: DecoderLayerPipe(config=LlamaConfig {
  "_name_or_path": "./models/Llama-2-52B",
  "architectures": [
    "LlamaForCausalLM"
  ],
  "attention_bias": false,
  "attention_dropout": 0.0,
  "bos_token_id": 1,
  "enable_auto_parallel": false,
  "eos_token_id": 2,
  "head_dim": 128,
  "hidden_act": "silu",
  "hidden_size": 7168,
  "initializer_range": 0.006818968095896705,
  "intermediate_size": 19456,
  "is_lora": false,
  "max_position_embeddings": 4096,
  "max_sequence_length": 4096,
  "mlp_bias": false,
  "model_type": "llama",
  "moe_group_origin": "dummy",
  "moe_rank": 0,
  "moe_router_bias_update_rate": 0.0,
  "moe_world_size": 1,
  "num_attention_heads": 56,
  "num_hidden_layers": 80,
  "num_key_value_heads": 56,
  "pad_token_id": 0,
  "paddleformers_version": "1.1.0.post20260417",
  "pipeline_model_parallel_size": 2,
  "pp_seg_method": "layer:DecoderLayer|EmptyLayer",
  "pretraining_tp": 2,
  "recompute_granularity": "full",
  "recompute_method": "uniform",
  "recompute_num_layers": 1,
  "rms_norm_eps": 1e-05,
  "rope_parameters": {
    "rope_theta": 10000.0,
    "rope_type": "default"
  },
  "rope_scaling": null,
  "rope_theta": 10000.0,
  "seq_length": 4096,
  "tensor_model_parallel_size": 8,
  "tie_word_embeddings": false,
  "torch_dtype": "float32",
  "use_cache": true,
  "use_fast_layer_norm": false,
  "vocab_size": 32000
}
, layer_idx=63)
[2026-04-17 13:39:04,060] [    INFO] pp_layers.py:900 - 58: DecoderLayerPipe(config=LlamaConfig {
  "_name_or_path": "./models/Llama-2-52B",
  "architectures": [
    "LlamaForCausalLM"
  ],
  "attention_bias": false,
  "attention_dropout": 0.0,
  "bos_token_id": 1,
  "enable_auto_parallel": false,
  "eos_token_id": 2,
  "head_dim": 128,
  "hidden_act": "silu",
  "hidden_size": 7168,
  "initializer_range": 0.006818968095896705,
  "intermediate_size": 19456,
  "is_lora": false,
  "max_position_embeddings": 4096,
  "max_sequence_length": 4096,
  "mlp_bias": false,
  "model_type": "llama",
  "moe_group_origin": "dummy",
  "moe_rank": 0,
  "moe_router_bias_update_rate": 0.0,
  "moe_world_size": 1,
  "num_attention_heads": 56,
  "num_hidden_layers": 80,
  "num_key_value_heads": 56,
  "pad_token_id": 0,
  "paddleformers_version": "1.1.0.post20260417",
  "pipeline_model_parallel_size": 2,
  "pp_seg_method": "layer:DecoderLayer|EmptyLayer",
  "pretraining_tp": 2,
  "recompute_granularity": "full",
  "recompute_method": "uniform",
  "recompute_num_layers": 1,
  "rms_norm_eps": 1e-05,
  "rope_parameters": {
    "rope_theta": 10000.0,
    "rope_type": "default"
  },
  "rope_scaling": null,
  "rope_theta": 10000.0,
  "seq_length": 4096,
  "tensor_model_parallel_size": 8,
  "tie_word_embeddings": false,
  "torch_dtype": "float32",
  "use_cache": true,
  "use_fast_layer_norm": false,
  "vocab_size": 32000
}
, layer_idx=57)
[2026-04-17 13:39:04,064] [    INFO] pp_layers.py:900 - 65: DecoderLayerPipe(config=LlamaConfig {
  "_name_or_path": "./models/Llama-2-52B",
  "architectures": [
    "LlamaForCausalLM"
  ],
  "attention_bias": false,
  "attention_dropout": 0.0,
  "bos_token_id": 1,
  "enable_auto_parallel": false,
  "eos_token_id": 2,
  "head_dim": 128,
  "hidden_act": "silu",
  "hidden_size": 7168,
  "initializer_range": 0.006818968095896705,
  "intermediate_size": 19456,
  "is_lora": false,
  "max_position_embeddings": 4096,
  "max_sequence_length": 4096,
  "mlp_bias": false,
  "model_type": "llama",
  "moe_group_origin": "dummy",
  "moe_rank": 0,
  "moe_router_bias_update_rate": 0.0,
  "moe_world_size": 1,
  "num_attention_heads": 56,
  "num_hidden_layers": 80,
  "num_key_value_heads": 56,
  "pad_token_id": 0,
  "paddleformers_version": "1.1.0.post20260417",
  "pipeline_model_parallel_size": 2,
  "pp_seg_method": "layer:DecoderLayer|EmptyLayer",
  "pretraining_tp": 2,
  "recompute_granularity": "full",
  "recompute_method": "uniform",
  "recompute_num_layers": 1,
  "rms_norm_eps": 1e-05,
  "rope_parameters": {
    "rope_theta": 10000.0,
    "rope_type": "default"
  },
  "rope_scaling": null,
  "rope_theta": 10000.0,
  "seq_length": 4096,
  "tensor_model_parallel_size": 8,
  "tie_word_embeddings": false,
  "torch_dtype": "float32",
  "use_cache": true,
  "use_fast_layer_norm": false,
  "vocab_size": 32000
}
, layer_idx=64)
[2026-04-17 13:39:04,066] [    INFO] pp_layers.py:900 - 59: DecoderLayerPipe(config=LlamaConfig {
  "_name_or_path": "./models/Llama-2-52B",
  "architectures": [
    "LlamaForCausalLM"
  ],
  "attention_bias": false,
  "attention_dropout": 0.0,
  "bos_token_id": 1,
  "enable_auto_parallel": false,
  "eos_token_id": 2,
  "head_dim": 128,
  "hidden_act": "silu",
  "hidden_size": 7168,
  "initializer_range": 0.006818968095896705,
  "intermediate_size": 19456,
  "is_lora": false,
  "max_position_embeddings": 4096,
  "max_sequence_length": 4096,
  "mlp_bias": false,
  "model_type": "llama",
  "moe_group_origin": "dummy",
  "moe_rank": 0,
  "moe_router_bias_update_rate": 0.0,
  "moe_world_size": 1,
  "num_attention_heads": 56,
  "num_hidden_layers": 80,
  "num_key_value_heads": 56,
  "pad_token_id": 0,
  "paddleformers_version": "1.1.0.post20260417",
  "pipeline_model_parallel_size": 2,
  "pp_seg_method": "layer:DecoderLayer|EmptyLayer",
  "pretraining_tp": 2,
  "recompute_granularity": "full",
  "recompute_method": "uniform",
  "recompute_num_layers": 1,
  "rms_norm_eps": 1e-05,
  "rope_parameters": {
    "rope_theta": 10000.0,
    "rope_type": "default"
  },
  "rope_scaling": null,
  "rope_theta": 10000.0,
  "seq_length": 4096,
  "tensor_model_parallel_size": 8,
  "tie_word_embeddings": false,
  "torch_dtype": "float32",
  "use_cache": true,
  "use_fast_layer_norm": false,
  "vocab_size": 32000
}
, layer_idx=58)
[2026-04-17 13:39:04,068] [    INFO] pp_layers.py:900 - 66: DecoderLayerPipe(config=LlamaConfig {
  "_name_or_path": "./models/Llama-2-52B",
  "architectures": [
    "LlamaForCausalLM"
  ],
  "attention_bias": false,
  "attention_dropout": 0.0,
  "bos_token_id": 1,
  "enable_auto_parallel": false,
  "eos_token_id": 2,
  "head_dim": 128,
  "hidden_act": "silu",
  "hidden_size": 7168,
  "initializer_range": 0.006818968095896705,
  "intermediate_size": 19456,
  "is_lora": false,
  "max_position_embeddings": 4096,
  "max_sequence_length": 4096,
  "mlp_bias": false,
  "model_type": "llama",
  "moe_group_origin": "dummy",
  "moe_rank": 0,
  "moe_router_bias_update_rate": 0.0,
  "moe_world_size": 1,
  "num_attention_heads": 56,
  "num_hidden_layers": 80,
  "num_key_value_heads": 56,
  "pad_token_id": 0,
  "paddleformers_version": "1.1.0.post20260417",
  "pipeline_model_parallel_size": 2,
  "pp_seg_method": "layer:DecoderLayer|EmptyLayer",
  "pretraining_tp": 2,
  "recompute_granularity": "full",
  "recompute_method": "uniform",
  "recompute_num_layers": 1,
  "rms_norm_eps": 1e-05,
  "rope_parameters": {
    "rope_theta": 10000.0,
    "rope_type": "default"
  },
  "rope_scaling": null,
  "rope_theta": 10000.0,
  "seq_length": 4096,
  "tensor_model_parallel_size": 8,
  "tie_word_embeddings": false,
  "torch_dtype": "float32",
  "use_cache": true,
  "use_fast_layer_norm": false,
  "vocab_size": 32000
}
, layer_idx=65)
[2026-04-17 13:39:04,071] [    INFO] pp_layers.py:900 - 60: DecoderLayerPipe(config=LlamaConfig {
  "_name_or_path": "./models/Llama-2-52B",
  "architectures": [
    "LlamaForCausalLM"
  ],
  "attention_bias": false,
  "attention_dropout": 0.0,
  "bos_token_id": 1,
  "enable_auto_parallel": false,
  "eos_token_id": 2,
  "head_dim": 128,
  "hidden_act": "silu",
  "hidden_size": 7168,
  "initializer_range": 0.006818968095896705,
  "intermediate_size": 19456,
  "is_lora": false,
  "max_position_embeddings": 4096,
  "max_sequence_length": 4096,
  "mlp_bias": false,
  "model_type": "llama",
  "moe_group_origin": "dummy",
  "moe_rank": 0,
  "moe_router_bias_update_rate": 0.0,
  "moe_world_size": 1,
  "num_attention_heads": 56,
  "num_hidden_layers": 80,
  "num_key_value_heads": 56,
  "pad_token_id": 0,
  "paddleformers_version": "1.1.0.post20260417",
  "pipeline_model_parallel_size": 2,
  "pp_seg_method": "layer:DecoderLayer|EmptyLayer",
  "pretraining_tp": 2,
  "recompute_granularity": "full",
  "recompute_method": "uniform",
  "recompute_num_layers": 1,
  "rms_norm_eps": 1e-05,
  "rope_parameters": {
    "rope_theta": 10000.0,
    "rope_type": "default"
  },
  "rope_scaling": null,
  "rope_theta": 10000.0,
  "seq_length": 4096,
  "tensor_model_parallel_size": 8,
  "tie_word_embeddings": false,
  "torch_dtype": "float32",
  "use_cache": true,
  "use_fast_layer_norm": false,
  "vocab_size": 32000
}
, layer_idx=59)
[2026-04-17 13:39:04,073] [    INFO] pp_layers.py:900 - 67: DecoderLayerPipe(config=LlamaConfig {
  "_name_or_path": "./models/Llama-2-52B",
  "architectures": [
    "LlamaForCausalLM"
  ],
  "attention_bias": false,
  "attention_dropout": 0.0,
  "bos_token_id": 1,
  "enable_auto_parallel": false,
  "eos_token_id": 2,
  "head_dim": 128,
  "hidden_act": "silu",
  "hidden_size": 7168,
  "initializer_range": 0.006818968095896705,
  "intermediate_size": 19456,
  "is_lora": false,
  "max_position_embeddings": 4096,
  "max_sequence_length": 4096,
  "mlp_bias": false,
  "model_type": "llama",
  "moe_group_origin": "dummy",
  "moe_rank": 0,
  "moe_router_bias_update_rate": 0.0,
  "moe_world_size": 1,
  "num_attention_heads": 56,
  "num_hidden_layers": 80,
  "num_key_value_heads": 56,
  "pad_token_id": 0,
  "paddleformers_version": "1.1.0.post20260417",
  "pipeline_model_parallel_size": 2,
  "pp_seg_method": "layer:DecoderLayer|EmptyLayer",
  "pretraining_tp": 2,
  "recompute_granularity": "full",
  "recompute_method": "uniform",
  "recompute_num_layers": 1,
  "rms_norm_eps": 1e-05,
  "rope_parameters": {
    "rope_theta": 10000.0,
    "rope_type": "default"
  },
  "rope_scaling": null,
  "rope_theta": 10000.0,
  "seq_length": 4096,
  "tensor_model_parallel_size": 8,
  "tie_word_embeddings": false,
  "torch_dtype": "float32",
  "use_cache": true,
  "use_fast_layer_norm": false,
  "vocab_size": 32000
}
, layer_idx=66)
[2026-04-17 13:39:04,076] [    INFO] pp_layers.py:900 - 61: DecoderLayerPipe(config=LlamaConfig {
  "_name_or_path": "./models/Llama-2-52B",
  "architectures": [
    "LlamaForCausalLM"
  ],
  "attention_bias": false,
  "attention_dropout": 0.0,
  "bos_token_id": 1,
  "enable_auto_parallel": false,
  "eos_token_id": 2,
  "head_dim": 128,
  "hidden_act": "silu",
  "hidden_size": 7168,
  "initializer_range": 0.006818968095896705,
  "intermediate_size": 19456,
  "is_lora": false,
  "max_position_embeddings": 4096,
  "max_sequence_length": 4096,
  "mlp_bias": false,
  "model_type": "llama",
  "moe_group_origin": "dummy",
  "moe_rank": 0,
  "moe_router_bias_update_rate": 0.0,
  "moe_world_size": 1,
  "num_attention_heads": 56,
  "num_hidden_layers": 80,
  "num_key_value_heads": 56,
  "pad_token_id": 0,
  "paddleformers_version": "1.1.0.post20260417",
  "pipeline_model_parallel_size": 2,
  "pp_seg_method": "layer:DecoderLayer|EmptyLayer",
  "pretraining_tp": 2,
  "recompute_granularity": "full",
  "recompute_method": "uniform",
  "recompute_num_layers": 1,
  "rms_norm_eps": 1e-05,
  "rope_parameters": {
    "rope_theta": 10000.0,
    "rope_type": "default"
  },
  "rope_scaling": null,
  "rope_theta": 10000.0,
  "seq_length": 4096,
  "tensor_model_parallel_size": 8,
  "tie_word_embeddings": false,
  "torch_dtype": "float32",
  "use_cache": true,
  "use_fast_layer_norm": false,
  "vocab_size": 32000
}
, layer_idx=60)
[2026-04-17 13:39:04,079] [    INFO] pp_layers.py:900 - 68: DecoderLayerPipe(config=LlamaConfig {
  "_name_or_path": "./models/Llama-2-52B",
  "architectures": [
    "LlamaForCausalLM"
  ],
  "attention_bias": false,
  "attention_dropout": 0.0,
  "bos_token_id": 1,
  "enable_auto_parallel": false,
  "eos_token_id": 2,
  "head_dim": 128,
  "hidden_act": "silu",
  "hidden_size": 7168,
  "initializer_range": 0.006818968095896705,
  "intermediate_size": 19456,
  "is_lora": false,
  "max_position_embeddings": 4096,
  "max_sequence_length": 4096,
  "mlp_bias": false,
  "model_type": "llama",
  "moe_group_origin": "dummy",
  "moe_rank": 0,
  "moe_router_bias_update_rate": 0.0,
  "moe_world_size": 1,
  "num_attention_heads": 56,
  "num_hidden_layers": 80,
  "num_key_value_heads": 56,
  "pad_token_id": 0,
  "paddleformers_version": "1.1.0.post20260417",
  "pipeline_model_parallel_size": 2,
  "pp_seg_method": "layer:DecoderLayer|EmptyLayer",
  "pretraining_tp": 2,
  "recompute_granularity": "full",
  "recompute_method": "uniform",
  "recompute_num_layers": 1,
  "rms_norm_eps": 1e-05,
  "rope_parameters": {
    "rope_theta": 10000.0,
    "rope_type": "default"
  },
  "rope_scaling": null,
  "rope_theta": 10000.0,
  "seq_length": 4096,
  "tensor_model_parallel_size": 8,
  "tie_word_embeddings": false,
  "torch_dtype": "float32",
  "use_cache": true,
  "use_fast_layer_norm": false,
  "vocab_size": 32000
}
, layer_idx=67)
[2026-04-17 13:39:04,082] [    INFO] pp_layers.py:900 - 62: DecoderLayerPipe(config=LlamaConfig {
  "_name_or_path": "./models/Llama-2-52B",
  "architectures": [
    "LlamaForCausalLM"
  ],
  "attention_bias": false,
  "attention_dropout": 0.0,
  "bos_token_id": 1,
  "enable_auto_parallel": false,
  "eos_token_id": 2,
  "head_dim": 128,
  "hidden_act": "silu",
  "hidden_size": 7168,
  "initializer_range": 0.006818968095896705,
  "intermediate_size": 19456,
  "is_lora": false,
  "max_position_embeddings": 4096,
  "max_sequence_length": 4096,
  "mlp_bias": false,
  "model_type": "llama",
  "moe_group_origin": "dummy",
  "moe_rank": 0,
  "moe_router_bias_update_rate": 0.0,
  "moe_world_size": 1,
  "num_attention_heads": 56,
  "num_hidden_layers": 80,
  "num_key_value_heads": 56,
  "pad_token_id": 0,
  "paddleformers_version": "1.1.0.post20260417",
  "pipeline_model_parallel_size": 2,
  "pp_seg_method": "layer:DecoderLayer|EmptyLayer",
  "pretraining_tp": 2,
  "recompute_granularity": "full",
  "recompute_method": "uniform",
  "recompute_num_layers": 1,
  "rms_norm_eps": 1e-05,
  "rope_parameters": {
    "rope_theta": 10000.0,
    "rope_type": "default"
  },
  "rope_scaling": null,
  "rope_theta": 10000.0,
  "seq_length": 4096,
  "tensor_model_parallel_size": 8,
  "tie_word_embeddings": false,
  "torch_dtype": "float32",
  "use_cache": true,
  "use_fast_layer_norm": false,
  "vocab_size": 32000
}
, layer_idx=61)
[2026-04-17 13:39:04,084] [    INFO] pp_layers.py:900 - 69: DecoderLayerPipe(config=LlamaConfig {
  "_name_or_path": "./models/Llama-2-52B",
  "architectures": [
    "LlamaForCausalLM"
  ],
  "attention_bias": false,
  "attention_dropout": 0.0,
  "bos_token_id": 1,
  "enable_auto_parallel": false,
  "eos_token_id": 2,
  "head_dim": 128,
  "hidden_act": "silu",
  "hidden_size": 7168,
  "initializer_range": 0.006818968095896705,
  "intermediate_size": 19456,
  "is_lora": false,
  "max_position_embeddings": 4096,
  "max_sequence_length": 4096,
  "mlp_bias": false,
  "model_type": "llama",
  "moe_group_origin": "dummy",
  "moe_rank": 0,
  "moe_router_bias_update_rate": 0.0,
  "moe_world_size": 1,
  "num_attention_heads": 56,
  "num_hidden_layers": 80,
  "num_key_value_heads": 56,
  "pad_token_id": 0,
  "paddleformers_version": "1.1.0.post20260417",
  "pipeline_model_parallel_size": 2,
  "pp_seg_method": "layer:DecoderLayer|EmptyLayer",
  "pretraining_tp": 2,
  "recompute_granularity": "full",
  "recompute_method": "uniform",
  "recompute_num_layers": 1,
  "rms_norm_eps": 1e-05,
  "rope_parameters": {
    "rope_theta": 10000.0,
    "rope_type": "default"
  },
  "rope_scaling": null,
  "rope_theta": 10000.0,
  "seq_length": 4096,
  "tensor_model_parallel_size": 8,
  "tie_word_embeddings": false,
  "torch_dtype": "float32",
  "use_cache": true,
  "use_fast_layer_norm": false,
  "vocab_size": 32000
}
, layer_idx=68)
[2026-04-17 13:39:04,092] [    INFO] pp_layers.py:900 - 63: DecoderLayerPipe(config=LlamaConfig {
  "_name_or_path": "./models/Llama-2-52B",
  "architectures": [
    "LlamaForCausalLM"
  ],
  "attention_bias": false,
  "attention_dropout": 0.0,
  "bos_token_id": 1,
  "enable_auto_parallel": false,
  "eos_token_id": 2,
  "head_dim": 128,
  "hidden_act": "silu",
  "hidden_size": 7168,
  "initializer_range": 0.006818968095896705,
  "intermediate_size": 19456,
  "is_lora": false,
  "max_position_embeddings": 4096,
  "max_sequence_length": 4096,
  "mlp_bias": false,
  "model_type": "llama",
  "moe_group_origin": "dummy",
  "moe_rank": 0,
  "moe_router_bias_update_rate": 0.0,
  "moe_world_size": 1,
  "num_attention_heads": 56,
  "num_hidden_layers": 80,
  "num_key_value_heads": 56,
  "pad_token_id": 0,
  "paddleformers_version": "1.1.0.post20260417",
  "pipeline_model_parallel_size": 2,
  "pp_seg_method": "layer:DecoderLayer|EmptyLayer",
  "pretraining_tp": 2,
  "recompute_granularity": "full",
  "recompute_method": "uniform",
  "recompute_num_layers": 1,
  "rms_norm_eps": 1e-05,
  "rope_parameters": {
    "rope_theta": 10000.0,
    "rope_type": "default"
  },
  "rope_scaling": null,
  "rope_theta": 10000.0,
  "seq_length": 4096,
  "tensor_model_parallel_size": 8,
  "tie_word_embeddings": false,
  "torch_dtype": "float32",
  "use_cache": true,
  "use_fast_layer_norm": false,
  "vocab_size": 32000
}
, layer_idx=62)
[2026-04-17 13:39:04,094] [    INFO] pp_layers.py:900 - 70: DecoderLayerPipe(config=LlamaConfig {
  "_name_or_path": "./models/Llama-2-52B",
  "architectures": [
    "LlamaForCausalLM"
  ],
  "attention_bias": false,
  "attention_dropout": 0.0,
  "bos_token_id": 1,
  "enable_auto_parallel": false,
  "eos_token_id": 2,
  "head_dim": 128,
  "hidden_act": "silu",
  "hidden_size": 7168,
  "initializer_range": 0.006818968095896705,
  "intermediate_size": 19456,
  "is_lora": false,
  "max_position_embeddings": 4096,
  "max_sequence_length": 4096,
  "mlp_bias": false,
  "model_type": "llama",
  "moe_group_origin": "dummy",
  "moe_rank": 0,
  "moe_router_bias_update_rate": 0.0,
  "moe_world_size": 1,
  "num_attention_heads": 56,
  "num_hidden_layers": 80,
  "num_key_value_heads": 56,
  "pad_token_id": 0,
  "paddleformers_version": "1.1.0.post20260417",
  "attention_bias": false,
  "attention_dropout": 0.0,
  "bos_token_id": 1,
  "enable_auto_parallel": false,
  "eos_token_id": 2,
  "head_dim": 128,
  "hidden_act": "silu",
  "hidden_size": 7168,
  "initializer_range": 0.006818968095896705,
  "intermediate_size": 19456,
  "is_lora": false,
  "max_position_embeddings": 4096,
  "max_sequence_length": 4096,
  "mlp_bias": false,
  "model_type": "llama",
  "moe_group_origin": "dummy",
  "moe_rank": 0,
  "moe_router_bias_update_rate": 0.0,
  "moe_world_size": 1,
  "num_attention_heads": 56,
  "num_hidden_layers": 80,
  "num_key_value_heads": 56,
  "pad_token_id": 0,
  "paddleformers_version": "1.1.0.post20260417",
  "pipeline_model_parallel_size": 2,
  "pp_seg_method": "layer:DecoderLayer|EmptyLayer",
  "pretraining_tp": 2,
  "recompute_granularity": "full",
  "recompute_method": "uniform",
  "recompute_num_layers": 1,
  "rms_norm_eps": 1e-05,
  "rope_parameters": {
    "rope_theta": 10000.0,
    "rope_type": "default"
  },
  "rope_scaling": null,
  "rope_theta": 10000.0,
  "seq_length": 4096,
  "tensor_model_parallel_size": 8,
  "tie_word_embeddings": false,
  "torch_dtype": "float32",
  "use_cache": true,
  "use_fast_layer_norm": false,
  "vocab_size": 32000
}
, layer_idx=69)
[2026-04-17 13:39:04,097] [    INFO] pp_layers.py:900 - 64: DecoderLayerPipe(config=LlamaConfig {
  "_name_or_path": "./models/Llama-2-52B",
  "architectures": [
    "LlamaForCausalLM"
  ],
  "attention_bias": false,
  "attention_dropout": 0.0,
  "bos_token_id": 1,
  "enable_auto_parallel": false,
  "eos_token_id": 2,
  "head_dim": 128,
  "hidden_act": "silu",
  "hidden_size": 7168,
  "initializer_range": 0.006818968095896705,
  "intermediate_size": 19456,
  "is_lora": false,
  "max_position_embeddings": 4096,
  "max_sequence_length": 4096,
  "mlp_bias": false,
  "model_type": "llama",
  "moe_group_origin": "dummy",
  "moe_rank": 0,
  "moe_router_bias_update_rate": 0.0,
  "moe_world_size": 1,
  "num_attention_heads": 56,
  "num_hidden_layers": 80,
  "num_key_value_heads": 56,
  "pad_token_id": 0,
  "paddleformers_version": "1.1.0.post20260417",
  "pipeline_model_parallel_size": 2,
  "pp_seg_method": "layer:DecoderLayer|EmptyLayer",
  "pretraining_tp": 2,
  "recompute_granularity": "full",
  "recompute_method": "uniform",
  "recompute_num_layers": 1,
  "rms_norm_eps": 1e-05,
  "rope_parameters": {
    "rope_theta": 10000.0,
    "rope_type": "default"
  },
  "rope_scaling": null,
  "rope_theta": 10000.0,
  "seq_length": 4096,
  "tensor_model_parallel_size": 8,
  "tie_word_embeddings": false,
  "torch_dtype": "float32",
  "use_cache": true,
  "use_fast_layer_norm": false,
  "vocab_size": 32000
}
, layer_idx=63)
[2026-04-17 13:39:04,100] [    INFO] pp_layers.py:900 - 71: DecoderLayerPipe(config=LlamaConfig {
  "_name_or_path": "./models/Llama-2-52B",
  "architectures": [
    "LlamaForCausalLM"
  ],
  "attention_bias": false,
  "attention_dropout": 0.0,
  "bos_token_id": 1,
  "enable_auto_parallel": false,
  "eos_token_id": 2,
  "head_dim": 128,
  "hidden_act": "silu",
  "hidden_size": 7168,
  "initializer_range": 0.006818968095896705,
  "intermediate_size": 19456,
  "is_lora": false,
  "max_position_embeddings": 4096,
  "max_sequence_length": 4096,
  "mlp_bias": false,
  "model_type": "llama",
  "moe_group_origin": "dummy",
  "moe_rank": 0,
  "moe_router_bias_update_rate": 0.0,
  "moe_world_size": 1,
  "num_attention_heads": 56,
  "num_hidden_layers": 80,
  "num_key_value_heads": 56,
  "pad_token_id": 0,
  "paddleformers_version": "1.1.0.post20260417",
  "pipeline_model_parallel_size": 2,
  "pp_seg_method": "layer:DecoderLayer|EmptyLayer",
  "pretraining_tp": 2,
  "recompute_granularity": "full",
  "recompute_method": "uniform",
  "recompute_num_layers": 1,
  "rms_norm_eps": 1e-05,
  "rope_parameters": {
    "rope_theta": 10000.0,
    "rope_type": "default"
  },
  "rope_scaling": null,
  "rope_theta": 10000.0,
  "seq_length": 4096,
  "tensor_model_parallel_size": 8,
  "tie_word_embeddings": false,
  "torch_dtype": "float32",
  "use_cache": true,
  "use_fast_layer_norm": false,
  "vocab_size": 32000
}
, layer_idx=70)
[2026-04-17 13:39:04,103] [    INFO] pp_layers.py:900 - 65: DecoderLayerPipe(config=LlamaConfig {
  "_name_or_path": "./models/Llama-2-52B",
  "architectures": [
    "LlamaForCausalLM"
  ],
  "attention_bias": false,
  "attention_dropout": 0.0,
  "bos_token_id": 1,
  "enable_auto_parallel": false,
  "eos_token_id": 2,
  "head_dim": 128,
  "hidden_act": "silu",
  "hidden_size": 7168,
  "initializer_range": 0.006818968095896705,
  "intermediate_size": 19456,
  "is_lora": false,
  "max_position_embeddings": 4096,
  "max_sequence_length": 4096,
  "mlp_bias": false,
  "model_type": "llama",
  "moe_group_origin": "dummy",
  "moe_rank": 0,
  "moe_router_bias_update_rate": 0.0,
  "moe_world_size": 1,
  "num_attention_heads": 56,
  "num_hidden_layers": 80,
  "num_key_value_heads": 56,
  "pad_token_id": 0,
  "paddleformers_version": "1.1.0.post20260417",
  "pipeline_model_parallel_size": 2,
  "pp_seg_method": "layer:DecoderLayer|EmptyLayer",
  "pretraining_tp": 2,
  "recompute_granularity": "full",
  "recompute_method": "uniform",
  "recompute_num_layers": 1,
  "rms_norm_eps": 1e-05,
  "rope_parameters": {
    "rope_theta": 10000.0,
    "rope_type": "default"
  },
  "rope_scaling": null,
  "rope_theta": 10000.0,
  "seq_length": 4096,
  "tensor_model_parallel_size": 8,
  "tie_word_embeddings": false,
  "torch_dtype": "float32",
  "use_cache": true,
  "use_fast_layer_norm": false,
  "vocab_size": 32000
}
, layer_idx=64)
[2026-04-17 13:39:04,105] [    INFO] pp_layers.py:900 - 72: DecoderLayerPipe(config=LlamaConfig {
  "_name_or_path": "./models/Llama-2-52B",
  "architectures": [
    "LlamaForCausalLM"
  ],
  "attention_bias": false,
  "attention_dropout": 0.0,
  "bos_token_id": 1,
  "enable_auto_parallel": false,
  "eos_token_id": 2,
  "head_dim": 128,
  "hidden_act": "silu",
  "hidden_size": 7168,
  "initializer_range": 0.006818968095896705,
  "intermediate_size": 19456,
  "is_lora": false,
  "max_position_embeddings": 4096,
  "max_sequence_length": 4096,
  "mlp_bias": false,
  "model_type": "llama",
  "moe_group_origin": "dummy",
  "moe_rank": 0,
  "moe_router_bias_update_rate": 0.0,
  "moe_world_size": 1,
  "num_attention_heads": 56,
  "num_hidden_layers": 80,
  "num_key_value_heads": 56,
  "pad_token_id": 0,
  "paddleformers_version": "1.1.0.post20260417",
  "pipeline_model_parallel_size": 2,
  "pp_seg_method": "layer:DecoderLayer|EmptyLayer",
  "pretraining_tp": 2,
  "recompute_granularity": "full",
  "recompute_method": "uniform",
  "recompute_num_layers": 1,
  "rms_norm_eps": 1e-05,
  "rope_parameters": {
    "rope_theta": 10000.0,
    "rope_type": "default"
  },
  "rope_scaling": null,
  "rope_theta": 10000.0,
  "seq_length": 4096,
  "tensor_model_parallel_size": 8,
  "tie_word_embeddings": false,
  "torch_dtype": "float32",
  "use_cache": true,
  "use_fast_layer_norm": false,
  "vocab_size": 32000
}
, layer_idx=71)
[2026-04-17 13:39:04,110] [    INFO] pp_layers.py:900 - 66: DecoderLayerPipe(config=LlamaConfig {
  "_name_or_path": "./models/Llama-2-52B",
  "architectures": [
    "LlamaForCausalLM"
  ],
  "attention_bias": false,
  "attention_dropout": 0.0,
  "bos_token_id": 1,
  "enable_auto_parallel": false,
  "eos_token_id": 2,
  "head_dim": 128,
  "hidden_act": "silu",
  "hidden_size": 7168,
  "initializer_range": 0.006818968095896705,
  "intermediate_size": 19456,
  "is_lora": false,
  "max_position_embeddings": 4096,
  "max_sequence_length": 4096,
  "mlp_bias": false,
  "model_type": "llama",
  "moe_group_origin": "dummy",
  "moe_rank": 0,
  "moe_router_bias_update_rate": 0.0,
  "moe_world_size": 1,
  "num_attention_heads": 56,
  "num_hidden_layers": 80,
  "num_key_value_heads": 56,
  "pad_token_id": 0,
  "paddleformers_version": "1.1.0.post20260417",
  "pipeline_model_parallel_size": 2,
  "pp_seg_method": "layer:DecoderLayer|EmptyLayer",
  "pretraining_tp": 2,
  "recompute_granularity": "full",
  "recompute_method": "uniform",
  "recompute_num_layers": 1,
  "rms_norm_eps": 1e-05,
  "rope_parameters": {
    "rope_theta": 10000.0,
    "rope_type": "default"
  },
  "rope_scaling": null,
  "rope_theta": 10000.0,
  "seq_length": 4096,
  "tensor_model_parallel_size": 8,
  "tie_word_embeddings": false,
  "torch_dtype": "float32",
  "use_cache": true,
  "use_fast_layer_norm": false,
  "vocab_size": 32000
}
, layer_idx=65)
[2026-04-17 13:39:04,112] [    INFO] pp_layers.py:900 - 73: DecoderLayerPipe(config=LlamaConfig {
  "_name_or_path": "./models/Llama-2-52B",
  "architectures": [
    "LlamaForCausalLM"
  ],
  "attention_bias": false,
  "attention_dropout": 0.0,
  "bos_token_id": 1,
  "enable_auto_parallel": false,
  "eos_token_id": 2,
  "head_dim": 128,
  "hidden_act": "silu",
  "hidden_size": 7168,
  "initializer_range": 0.006818968095896705,
  "intermediate_size": 19456,
  "is_lora": false,
  "max_position_embeddings": 4096,
  "max_sequence_length": 4096,
  "mlp_bias": false,
  "model_type": "llama",
  "moe_group_origin": "dummy",
  "moe_rank": 0,
  "moe_router_bias_update_rate": 0.0,
  "moe_world_size": 1,
  "num_attention_heads": 56,
  "num_hidden_layers": 80,
  "num_key_value_heads": 56,
  "pad_token_id": 0,
  "paddleformers_version": "1.1.0.post20260417",
  "pipeline_model_parallel_size": 2,
  "pp_seg_method": "layer:DecoderLayer|EmptyLayer",
  "pretraining_tp": 2,
  "recompute_granularity": "full",
  "recompute_method": "uniform",
  "recompute_num_layers": 1,
  "rms_norm_eps": 1e-05,
  "rope_parameters": {
    "rope_theta": 10000.0,
    "rope_type": "default"
  },
  "rope_scaling": null,
  "rope_theta": 10000.0,
  "seq_length": 4096,
  "tensor_model_parallel_size": 8,
  "tie_word_embeddings": false,
  "torch_dtype": "float32",
  "use_cache": true,
  "use_fast_layer_norm": false,
  "vocab_size": 32000
}
, layer_idx=72)
[2026-04-17 13:39:04,116] [    INFO] pp_layers.py:900 - 67: DecoderLayerPipe(config=LlamaConfig {
  "_name_or_path": "./models/Llama-2-52B",
  "architectures": [
    "LlamaForCausalLM"
  ],
  "attention_bias": false,
  "attention_dropout": 0.0,
  "bos_token_id": 1,
  "enable_auto_parallel": false,
  "eos_token_id": 2,
  "head_dim": 128,
  "hidden_act": "silu",
  "hidden_size": 7168,
  "initializer_range": 0.006818968095896705,
  "intermediate_size": 19456,
  "is_lora": false,
  "max_position_embeddings": 4096,
  "max_sequence_length": 4096,
  "mlp_bias": false,
  "model_type": "llama",
  "moe_group_origin": "dummy",
  "moe_rank": 0,
  "moe_router_bias_update_rate": 0.0,
  "moe_world_size": 1,
  "num_attention_heads": 56,
  "num_hidden_layers": 80,
  "num_key_value_heads": 56,
  "pad_token_id": 0,
  "paddleformers_version": "1.1.0.post20260417",
  "pipeline_model_parallel_size": 2,
  "pp_seg_method": "layer:DecoderLayer|EmptyLayer",
  "pretraining_tp": 2,
  "recompute_granularity": "full",
  "recompute_method": "uniform",
  "recompute_num_layers": 1,
  "rms_norm_eps": 1e-05,
  "rope_parameters": {
    "rope_theta": 10000.0,
    "rope_type": "default"
  },
  "rope_scaling": null,
  "rope_theta": 10000.0,
  "seq_length": 4096,
  "tensor_model_parallel_size": 8,
  "tie_word_embeddings": false,
  "torch_dtype": "float32",
  "use_cache": true,
  "use_fast_layer_norm": false,
  "vocab_size": 32000
}
, layer_idx=66)
[2026-04-17 13:39:04,119] [    INFO] pp_layers.py:900 - 74: DecoderLayerPipe(config=LlamaConfig {
  "_name_or_path": "./models/Llama-2-52B",
  "architectures": [
    "LlamaForCausalLM"
  ],
  "attention_bias": false,
  "attention_dropout": 0.0,
  "bos_token_id": 1,
  "enable_auto_parallel": false,
  "eos_token_id": 2,
  "head_dim": 128,
  "hidden_act": "silu",
  "hidden_size": 7168,
  "initializer_range": 0.006818968095896705,
  "intermediate_size": 19456,
  "is_lora": false,
  "max_position_embeddings": 4096,
  "max_sequence_length": 4096,
  "mlp_bias": false,
  "model_type": "llama",
  "moe_group_origin": "dummy",
  "moe_rank": 0,
  "moe_router_bias_update_rate": 0.0,
  "moe_world_size": 1,
  "num_attention_heads": 56,
  "num_hidden_layers": 80,
  "num_key_value_heads": 56,
  "pad_token_id": 0,
  "paddleformers_version": "1.1.0.post20260417",
  "pipeline_model_parallel_size": 2,
  "pp_seg_method": "layer:DecoderLayer|EmptyLayer",
  "pretraining_tp": 2,
  "recompute_granularity": "full",
  "recompute_method": "uniform",
  "recompute_num_layers": 1,
  "rms_norm_eps": 1e-05,
  "rope_parameters": {
    "rope_theta": 10000.0,
    "rope_type": "default"
  },
  "rope_scaling": null,
  "rope_theta": 10000.0,
  "seq_length": 4096,
  "tensor_model_parallel_size": 8,
  "tie_word_embeddings": false,
  "torch_dtype": "float32",
  "use_cache": true,
  "use_fast_layer_norm": false,
  "vocab_size": 32000
}
, layer_idx=73)
[2026-04-17 13:39:04,122] [    INFO] pp_layers.py:900 - 68: DecoderLayerPipe(config=LlamaConfig {
  "_name_or_path": "./models/Llama-2-52B",
  "architectures": [
    "LlamaForCausalLM"
  ],
  "attention_bias": false,
  "attention_dropout": 0.0,
  "bos_token_id": 1,
  "enable_auto_parallel": false,
  "eos_token_id": 2,
  "head_dim": 128,
  "hidden_act": "silu",
  "hidden_size": 7168,
  "initializer_range": 0.006818968095896705,
  "intermediate_size": 19456,
  "is_lora": false,
  "max_position_embeddings": 4096,
  "max_sequence_length": 4096,
  "mlp_bias": false,
  "model_type": "llama",
  "moe_group_origin": "dummy",
  "moe_rank": 0,
  "moe_router_bias_update_rate": 0.0,
  "moe_world_size": 1,
  "num_attention_heads": 56,
  "num_hidden_layers": 80,
  "num_key_value_heads": 56,
  "pad_token_id": 0,
  "paddleformers_version": "1.1.0.post20260417",
  "pipeline_model_parallel_size": 2,
  "pp_seg_method": "layer:DecoderLayer|EmptyLayer",
  "pretraining_tp": 2,
  "recompute_granularity": "full",
  "recompute_method": "uniform",
  "recompute_num_layers": 1,
  "rms_norm_eps": 1e-05,
  "rope_parameters": {
    "rope_theta": 10000.0,
    "rope_type": "default"
  },
  "rope_scaling": null,
  "rope_theta": 10000.0,
  "seq_length": 4096,
  "tensor_model_parallel_size": 8,
  "tie_word_embeddings": false,
  "torch_dtype": "float32",
  "use_cache": true,
  "use_fast_layer_norm": false,
  "vocab_size": 32000
}
, layer_idx=67)
[2026-04-17 13:39:04,125] [    INFO] pp_layers.py:900 - 75: DecoderLayerPipe(config=LlamaConfig {
  "_name_or_path": "./models/Llama-2-52B",
  "architectures": [
    "LlamaForCausalLM"
  ],
  "attention_bias": false,
  "attention_dropout": 0.0,
  "bos_token_id": 1,
  "enable_auto_parallel": false,
  "eos_token_id": 2,
  "head_dim": 128,
  "hidden_act": "silu",
  "hidden_size": 7168,
  "initializer_range": 0.006818968095896705,
  "intermediate_size": 19456,
  "is_lora": false,
  "max_position_embeddings": 4096,
  "max_sequence_length": 4096,
  "mlp_bias": false,
  "model_type": "llama",
  "moe_group_origin": "dummy",
  "moe_rank": 0,
  "moe_router_bias_update_rate": 0.0,
  "moe_world_size": 1,
  "num_attention_heads": 56,
  "num_hidden_layers": 80,
  "num_key_value_heads": 56,
  "pad_token_id": 0,
  "paddleformers_version": "1.1.0.post20260417",
  "pipeline_model_parallel_size": 2,
  "pp_seg_method": "layer:DecoderLayer|EmptyLayer",
  "pretraining_tp": 2,
  "recompute_granularity": "full",
  "recompute_method": "uniform",
  "recompute_num_layers": 1,
  "rms_norm_eps": 1e-05,
  "rope_parameters": {
    "rope_theta": 10000.0,
    "rope_type": "default"
  },
  "rope_scaling": null,
  "rope_theta": 10000.0,
  "seq_length": 4096,
  "tensor_model_parallel_size": 8,
  "tie_word_embeddings": false,
  "torch_dtype": "float32",
  "use_cache": true,
  "use_fast_layer_norm": false,
  "vocab_size": 32000
}
, layer_idx=74)
[2026-04-17 13:39:04,129] [    INFO] pp_layers.py:900 - 69: DecoderLayerPipe(config=LlamaConfig {
  "_name_or_path": "./models/Llama-2-52B",
  "architectures": [
    "LlamaForCausalLM"
  ],
  "attention_bias": false,
  "attention_dropout": 0.0,
  "bos_token_id": 1,
  "enable_auto_parallel": false,
  "eos_token_id": 2,
  "head_dim": 128,
  "hidden_act": "silu",
  "hidden_size": 7168,
  "initializer_range": 0.006818968095896705,
  "intermediate_size": 19456,
  "is_lora": false,
  "max_position_embeddings": 4096,
  "max_sequence_length": 4096,
  "mlp_bias": false,
  "model_type": "llama",
  "moe_group_origin": "dummy",
  "moe_rank": 0,
  "moe_router_bias_update_rate": 0.0,
  "moe_world_size": 1,
  "num_attention_heads": 56,
  "num_hidden_layers": 80,
  "num_key_value_heads": 56,
  "pad_token_id": 0,
  "paddleformers_version": "1.1.0.post20260417",
  "pipeline_model_parallel_size": 2,
  "pp_seg_method": "layer:DecoderLayer|EmptyLayer",
  "pretraining_tp": 2,
  "recompute_granularity": "full",
  "recompute_method": "uniform",
  "recompute_num_layers": 1,
  "rms_norm_eps": 1e-05,
  "rope_parameters": {
    "rope_theta": 10000.0,
    "rope_type": "default"
  },
  "rope_scaling": null,
  "rope_theta": 10000.0,
  "seq_length": 4096,
  "tensor_model_parallel_size": 8,
  "tie_word_embeddings": false,
  "torch_dtype": "float32",
  "use_cache": true,
  "use_fast_layer_norm": false,
  "vocab_size": 32000
}
, layer_idx=68)
[2026-04-17 13:39:04,141] [    INFO] pp_layers.py:900 - 76: DecoderLayerPipe(config=LlamaConfig {
  "_name_or_path": "./models/Llama-2-52B",
  "architectures": [
    "LlamaForCausalLM"
  ],
  "attention_bias": false,
  "attention_dropout": 0.0,
  "bos_token_id": 1,
  "enable_auto_parallel": false,
  "eos_token_id": 2,
  "head_dim": 128,
  "hidden_act": "silu",
  "hidden_size": 7168,
  "initializer_range": 0.006818968095896705,
  "intermediate_size": 19456,
  "is_lora": false,
  "max_position_embeddings": 4096,
  "max_sequence_length": 4096,
  "mlp_bias": false,
  "model_type": "llama",
  "moe_group_origin": "dummy",
  "moe_rank": 0,
  "moe_router_bias_update_rate": 0.0,
  "moe_world_size": 1,
  "num_attention_heads": 56,
  "num_hidden_layers": 80,
  "num_key_value_heads": 56,
  "pad_token_id": 0,
  "paddleformers_version": "1.1.0.post20260417",
  "pipeline_model_parallel_size": 2,
  "pp_seg_method": "layer:DecoderLayer|EmptyLayer",
  "pretraining_tp": 2,
  "recompute_granularity": "full",
  "recompute_method": "uniform",
  "recompute_num_layers": 1,
  "rms_norm_eps": 1e-05,
  "rope_parameters": {
    "rope_theta": 10000.0,
    "rope_type": "default"
  },
  "rope_scaling": null,
  "rope_theta": 10000.0,
  "seq_length": 4096,
  "tensor_model_parallel_size": 8,
  "tie_word_embeddings": false,
  "torch_dtype": "float32",
  "use_cache": true,
  "use_fast_layer_norm": false,
  "vocab_size": 32000
}
, layer_idx=75)
[2026-04-17 13:39:04,145] [    INFO] pp_layers.py:900 - 70: DecoderLayerPipe(config=LlamaConfig {
  "_name_or_path": "./models/Llama-2-52B",
  "architectures": [
    "LlamaForCausalLM"
  ],
  "attention_bias": false,
  "attention_dropout": 0.0,
  "bos_token_id": 1,
  "enable_auto_parallel": false,
  "eos_token_id": 2,
  "head_dim": 128,
  "hidden_act": "silu",
  "hidden_size": 7168,
  "initializer_range": 0.006818968095896705,
  "intermediate_size": 19456,
  "is_lora": false,
  "max_position_embeddings": 4096,
  "max_sequence_length": 4096,
  "mlp_bias": false,
  "model_type": "llama",
  "moe_group_origin": "dummy",
  "moe_rank": 0,
  "moe_router_bias_update_rate": 0.0,
  "moe_world_size": 1,
  "num_attention_heads": 56,
  "num_hidden_layers": 80,
  "num_key_value_heads": 56,
  "pad_token_id": 0,
  "paddleformers_version": "1.1.0.post20260417",
  "pipeline_model_parallel_size": 2,
  "pp_seg_method": "layer:DecoderLayer|EmptyLayer",
  "pretraining_tp": 2,
  "recompute_granularity": "full",
  "recompute_method": "uniform",
  "recompute_num_layers": 1,
  "rms_norm_eps": 1e-05,
  "rope_parameters": {
    "rope_theta": 10000.0,
    "rope_type": "default"
  },
  "rope_scaling": null,
  "rope_theta": 10000.0,
  "seq_length": 4096,
  "tensor_model_parallel_size": 8,
  "tie_word_embeddings": false,
  "torch_dtype": "float32",
  "use_cache": true,
  "use_fast_layer_norm": false,
  "vocab_size": 32000
}
, layer_idx=69)
[2026-04-17 13:39:04,146] [    INFO] pp_layers.py:900 - 77: DecoderLayerPipe(config=LlamaConfig {
  "_name_or_path": "./models/Llama-2-52B",
  "architectures": [
    "LlamaForCausalLM"
  ],
  "attention_bias": false,
  "attention_dropout": 0.0,
  "bos_token_id": 1,
  "enable_auto_parallel": false,
  "eos_token_id": 2,
  "head_dim": 128,
  "hidden_act": "silu",
  "hidden_size": 7168,
  "initializer_range": 0.006818968095896705,
  "intermediate_size": 19456,
  "is_lora": false,
  "max_position_embeddings": 4096,
  "max_sequence_length": 4096,
  "mlp_bias": false,
  "model_type": "llama",
  "moe_group_origin": "dummy",
  "moe_rank": 0,
  "moe_router_bias_update_rate": 0.0,
  "moe_world_size": 1,
  "num_attention_heads": 56,
  "num_hidden_layers": 80,
  "num_key_value_heads": 56,
  "pad_token_id": 0,
  "paddleformers_version": "1.1.0.post20260417",
  "pipeline_model_parallel_size": 2,
  "pp_seg_method": "layer:DecoderLayer|EmptyLayer",
  "pretraining_tp": 2,
  "recompute_granularity": "full",
  "recompute_method": "uniform",
  "recompute_num_layers": 1,
  "rms_norm_eps": 1e-05,
  "rope_parameters": {
    "rope_theta": 10000.0,
    "rope_type": "default"
  },
  "rope_scaling": null,
  "rope_theta": 10000.0,
  "seq_length": 4096,
  "tensor_model_parallel_size": 8,
  "tie_word_embeddings": false,
  "torch_dtype": "float32",
  "use_cache": true,
  "use_fast_layer_norm": false,
  "vocab_size": 32000
}
, layer_idx=76)
[2026-04-17 13:39:04,149] [    INFO] pp_layers.py:900 - 71: DecoderLayerPipe(config=LlamaConfig {
  "_name_or_path": "./models/Llama-2-52B",
  "architectures": [
    "LlamaForCausalLM"
  ],
  "attention_bias": false,
  "attention_dropout": 0.0,
  "bos_token_id": 1,
  "enable_auto_parallel": false,
  "eos_token_id": 2,
  "head_dim": 128,
  "hidden_act": "silu",
  "hidden_size": 7168,
  "initializer_range": 0.006818968095896705,
  "intermediate_size": 19456,
  "is_lora": false,
  "max_position_embeddings": 4096,
  "max_sequence_length": 4096,
  "mlp_bias": false,
  "model_type": "llama",
  "moe_group_origin": "dummy",
  "moe_rank": 0,
  "moe_router_bias_update_rate": 0.0,
  "moe_world_size": 1,
  "num_attention_heads": 56,
  "num_hidden_layers": 80,
  "num_key_value_heads": 56,
  "pad_token_id": 0,
  "paddleformers_version": "1.1.0.post20260417",
  "pipeline_model_parallel_size": 2,
  "pp_seg_method": "layer:DecoderLayer|EmptyLayer",
  "pretraining_tp": 2,
  "recompute_granularity": "full",
  "recompute_method": "uniform",
  "recompute_num_layers": 1,
  "rms_norm_eps": 1e-05,
  "rope_parameters": {
    "rope_theta": 10000.0,
    "rope_type": "default"
  },
  "rope_scaling": null,
  "rope_theta": 10000.0,
  "seq_length": 4096,
  "tensor_model_parallel_size": 8,
  "tie_word_embeddings": false,
  "torch_dtype": "float32",
  "use_cache": true,
  "use_fast_layer_norm": false,
  "vocab_size": 32000
}
, layer_idx=70)
[2026-04-17 13:39:04,153] [    INFO] pp_layers.py:900 - 78: DecoderLayerPipe(config=LlamaConfig {
  "_name_or_path": "./models/Llama-2-52B",
  "architectures": [
    "LlamaForCausalLM"
  ],
  "attention_bias": false,
  "attention_dropout": 0.0,
  "bos_token_id": 1,
  "enable_auto_parallel": false,
  "eos_token_id": 2,
  "head_dim": 128,
  "hidden_act": "silu",
  "hidden_size": 7168,
  "initializer_range": 0.006818968095896705,
  "intermediate_size": 19456,
  "is_lora": false,
  "max_position_embeddings": 4096,
  "max_sequence_length": 4096,
  "mlp_bias": false,
  "model_type": "llama",
  "moe_group_origin": "dummy",
  "moe_rank": 0,
  "moe_router_bias_update_rate": 0.0,
  "moe_world_size": 1,
  "num_attention_heads": 56,
  "num_hidden_layers": 80,
  "num_key_value_heads": 56,
  "pad_token_id": 0,
  "paddleformers_version": "1.1.0.post20260417",
  "pipeline_model_parallel_size": 2,
  "pp_seg_method": "layer:DecoderLayer|EmptyLayer",
  "pretraining_tp": 2,
  "recompute_granularity": "full",
  "recompute_method": "uniform",
  "recompute_num_layers": 1,
  "rms_norm_eps": 1e-05,
  "rope_parameters": {
    "rope_theta": 10000.0,
    "rope_type": "default"
  },
  "rope_scaling": null,
  "rope_theta": 10000.0,
  "seq_length": 4096,
  "tensor_model_parallel_size": 8,
  "tie_word_embeddings": false,
  "torch_dtype": "float32",
  "use_cache": true,
  "use_fast_layer_norm": false,
  "vocab_size": 32000
}
, layer_idx=77)
[2026-04-17 13:39:04,156] [    INFO] pp_layers.py:900 - 72: DecoderLayerPipe(config=LlamaConfig {
  "_name_or_path": "./models/Llama-2-52B",
  "architectures": [
    "LlamaForCausalLM"
  ],
  "attention_bias": false,
  "attention_dropout": 0.0,
  "bos_token_id": 1,
  "enable_auto_parallel": false,
  "eos_token_id": 2,
  "head_dim": 128,
  "hidden_act": "silu",
  "hidden_size": 7168,
  "initializer_range": 0.006818968095896705,
  "intermediate_size": 19456,
  "is_lora": false,
  "max_position_embeddings": 4096,
  "max_sequence_length": 4096,
  "mlp_bias": false,
  "model_type": "llama",
  "moe_group_origin": "dummy",
  "moe_rank": 0,
  "moe_router_bias_update_rate": 0.0,
  "moe_world_size": 1,
  "num_attention_heads": 56,
  "num_hidden_layers": 80,
  "num_key_value_heads": 56,
  "pad_token_id": 0,
  "paddleformers_version": "1.1.0.post20260417",
  "pipeline_model_parallel_size": 2,
  "pp_seg_method": "layer:DecoderLayer|EmptyLayer",
  "pretraining_tp": 2,
  "recompute_granularity": "full",
  "recompute_method": "uniform",
  "recompute_num_layers": 1,
  "rms_norm_eps": 1e-05,
  "rope_parameters": {
    "rope_theta": 10000.0,
    "rope_type": "default"
  },
  "rope_scaling": null,
  "rope_theta": 10000.0,
  "seq_length": 4096,
  "tensor_model_parallel_size": 8,
  "tie_word_embeddings": false,
  "torch_dtype": "float32",
  "use_cache": true,
  "use_fast_layer_norm": false,
  "vocab_size": 32000
}
, layer_idx=71)
[2026-04-17 13:39:04,173] [    INFO] pp_layers.py:900 - 79: DecoderLayerPipe(config=LlamaConfig {
  "_name_or_path": "./models/Llama-2-52B",
  "architectures": [
    "LlamaForCausalLM"
  ],
  "attention_bias": false,
  "attention_dropout": 0.0,
  "bos_token_id": 1,
  "enable_auto_parallel": false,
  "eos_token_id": 2,
  "head_dim": 128,
  "hidden_act": "silu",
  "hidden_size": 7168,
  "initializer_range": 0.006818968095896705,
  "intermediate_size": 19456,
  "is_lora": false,
  "max_position_embeddings": 4096,
  "max_sequence_length": 4096,
  "mlp_bias": false,
  "model_type": "llama",
  "moe_group_origin": "dummy",
  "moe_rank": 0,
  "moe_router_bias_update_rate": 0.0,
  "moe_world_size": 1,
  "num_attention_heads": 56,
  "num_hidden_layers": 80,
  "num_key_value_heads": 56,
  "pad_token_id": 0,
  "paddleformers_version": "1.1.0.post20260417",
  "pipeline_model_parallel_size": 2,
  "pp_seg_method": "layer:DecoderLayer|EmptyLayer",
  "pretraining_tp": 2,
  "recompute_granularity": "full",
  "recompute_method": "uniform",
  "recompute_num_layers": 1,
  "rms_norm_eps": 1e-05,
  "rope_parameters": {
    "rope_theta": 10000.0,
    "rope_type": "default"
  },
  "rope_scaling": null,
  "rope_theta": 10000.0,
  "seq_length": 4096,
  "tensor_model_parallel_size": 8,
  "tie_word_embeddings": false,
  "torch_dtype": "float32",
  "use_cache": true,
  "use_fast_layer_norm": false,
  "vocab_size": 32000
}
, layer_idx=78)
[2026-04-17 13:39:04,175] [    INFO] pp_layers.py:900 - 73: DecoderLayerPipe(config=LlamaConfig {
  "_name_or_path": "./models/Llama-2-52B",
  "architectures": [
    "LlamaForCausalLM"
  ],
  "attention_bias": false,
  "attention_dropout": 0.0,
  "bos_token_id": 1,
  "enable_auto_parallel": false,
  "eos_token_id": 2,
  "head_dim": 128,
  "hidden_act": "silu",
  "hidden_size": 7168,
  "initializer_range": 0.006818968095896705,
  "intermediate_size": 19456,
  "is_lora": false,
  "max_position_embeddings": 4096,
  "max_sequence_length": 4096,
  "mlp_bias": false,
  "model_type": "llama",
  "moe_group_origin": "dummy",
  "moe_rank": 0,
  "moe_router_bias_update_rate": 0.0,
  "moe_world_size": 1,
  "num_attention_heads": 56,
  "num_hidden_layers": 80,
  "num_key_value_heads": 56,
  "pad_token_id": 0,
  "paddleformers_version": "1.1.0.post20260417",
  "pipeline_model_parallel_size": 2,
  "pp_seg_method": "layer:DecoderLayer|EmptyLayer",
  "pretraining_tp": 2,
  "recompute_granularity": "full",
  "recompute_method": "uniform",
  "recompute_num_layers": 1,
  "rms_norm_eps": 1e-05,
  "pipeline_model_parallel_size": 2,
  "pp_seg_method": "layer:DecoderLayer|EmptyLayer",
  "pretraining_tp": 2,
  "recompute_granularity": "full",
  "recompute_method": "uniform",
  "recompute_num_layers": 1,
  "rms_norm_eps": 1e-05,
  "rope_parameters": {
    "rope_theta": 10000.0,
    "rope_type": "default"
  },
  "rope_scaling": null,
  "rope_theta": 10000.0,
  "seq_length": 4096,
  "tensor_model_parallel_size": 8,
  "tie_word_embeddings": false,
  "torch_dtype": "float32",
  "use_cache": true,
  "use_fast_layer_norm": false,
  "vocab_size": 32000
}
, layer_idx=69)
[2026-04-17 13:39:04,097] [    INFO] pp_layers.py:900 - 64: DecoderLayerPipe(config=LlamaConfig {
  "_name_or_path": "./models/Llama-2-52B",
  "architectures": [
    "LlamaForCausalLM"
  ],
  "attention_bias": false,
  "attention_dropout": 0.0,
  "bos_token_id": 1,
  "enable_auto_parallel": false,
  "eos_token_id": 2,
  "head_dim": 128,
  "hidden_act": "silu",
  "hidden_size": 7168,
  "initializer_range": 0.006818968095896705,
  "intermediate_size": 19456,
  "is_lora": false,
  "max_position_embeddings": 4096,
  "max_sequence_length": 4096,
  "mlp_bias": false,
  "model_type": "llama",
  "moe_group_origin": "dummy",
  "moe_rank": 0,
  "moe_router_bias_update_rate": 0.0,
  "moe_world_size": 1,
  "num_attention_heads": 56,
  "num_hidden_layers": 80,
  "num_key_value_heads": 56,
  "pad_token_id": 0,
  "paddleformers_version": "1.1.0.post20260417",
  "pipeline_model_parallel_size": 2,
  "pp_seg_method": "layer:DecoderLayer|EmptyLayer",
  "pretraining_tp": 2,
  "recompute_granularity": "full",
  "recompute_method": "uniform",
  "recompute_num_layers": 1,
  "rms_norm_eps": 1e-05,
  "rope_parameters": {
    "rope_theta": 10000.0,
    "rope_type": "default"
  },
  "rope_scaling": null,
  "rope_theta": 10000.0,
  "seq_length": 4096,
  "tensor_model_parallel_size": 8,
  "tie_word_embeddings": false,
  "torch_dtype": "float32",
  "use_cache": true,
  "use_fast_layer_norm": false,
  "vocab_size": 32000
}
, layer_idx=63)
[2026-04-17 13:39:04,100] [    INFO] pp_layers.py:900 - 71: DecoderLayerPipe(config=LlamaConfig {
  "_name_or_path": "./models/Llama-2-52B",
  "architectures": [
    "LlamaForCausalLM"
  ],
  "attention_bias": false,
  "attention_dropout": 0.0,
  "bos_token_id": 1,
  "enable_auto_parallel": false,
  "eos_token_id": 2,
  "head_dim": 128,
  "hidden_act": "silu",
  "hidden_size": 7168,
  "initializer_range": 0.006818968095896705,
  "intermediate_size": 19456,
  "is_lora": false,
  "max_position_embeddings": 4096,
  "max_sequence_length": 4096,
  "mlp_bias": false,
  "model_type": "llama",
  "moe_group_origin": "dummy",
  "moe_rank": 0,
  "moe_router_bias_update_rate": 0.0,
  "moe_world_size": 1,
  "num_attention_heads": 56,
  "num_hidden_layers": 80,
  "num_key_value_heads": 56,
  "pad_token_id": 0,
  "paddleformers_version": "1.1.0.post20260417",
  "pipeline_model_parallel_size": 2,
  "pp_seg_method": "layer:DecoderLayer|EmptyLayer",
  "pretraining_tp": 2,
  "recompute_granularity": "full",
  "recompute_method": "uniform",
  "recompute_num_layers": 1,
  "rms_norm_eps": 1e-05,
  "rope_parameters": {
    "rope_theta": 10000.0,
    "rope_type": "default"
  },
  "rope_scaling": null,
  "rope_theta": 10000.0,
  "seq_length": 4096,
  "tensor_model_parallel_size": 8,
  "tie_word_embeddings": false,
  "torch_dtype": "float32",
  "use_cache": true,
  "use_fast_layer_norm": false,
  "vocab_size": 32000
}
, layer_idx=70)
[2026-04-17 13:39:04,103] [    INFO] pp_layers.py:900 - 65: DecoderLayerPipe(config=LlamaConfig {
  "_name_or_path": "./models/Llama-2-52B",
  "architectures": [
    "LlamaForCausalLM"
  ],
  "attention_bias": false,
  "attention_dropout": 0.0,
  "bos_token_id": 1,
  "enable_auto_parallel": false,
  "eos_token_id": 2,
  "head_dim": 128,
  "hidden_act": "silu",
  "hidden_size": 7168,
  "initializer_range": 0.006818968095896705,
  "intermediate_size": 19456,
  "is_lora": false,
  "max_position_embeddings": 4096,
  "max_sequence_length": 4096,
  "mlp_bias": false,
  "model_type": "llama",
  "moe_group_origin": "dummy",
  "moe_rank": 0,
  "moe_router_bias_update_rate": 0.0,
  "moe_world_size": 1,
  "num_attention_heads": 56,
  "num_hidden_layers": 80,
  "num_key_value_heads": 56,
  "pad_token_id": 0,
  "paddleformers_version": "1.1.0.post20260417",
  "pipeline_model_parallel_size": 2,
  "pp_seg_method": "layer:DecoderLayer|EmptyLayer",
  "pretraining_tp": 2,
  "recompute_granularity": "full",
  "recompute_method": "uniform",
  "recompute_num_layers": 1,
  "rms_norm_eps": 1e-05,
  "rope_parameters": {
    "rope_theta": 10000.0,
    "rope_type": "default"
  },
  "rope_scaling": null,
  "rope_theta": 10000.0,
  "seq_length": 4096,
  "tensor_model_parallel_size": 8,
  "tie_word_embeddings": false,
  "torch_dtype": "float32",
  "use_cache": true,
  "use_fast_layer_norm": false,
  "vocab_size": 32000
}
, layer_idx=64)
[2026-04-17 13:39:04,105] [    INFO] pp_layers.py:900 - 72: DecoderLayerPipe(config=LlamaConfig {
  "_name_or_path": "./models/Llama-2-52B",
  "architectures": [
    "LlamaForCausalLM"
  ],
  "attention_bias": false,
  "attention_dropout": 0.0,
  "bos_token_id": 1,
  "enable_auto_parallel": false,
  "eos_token_id": 2,
  "head_dim": 128,
  "hidden_act": "silu",
  "hidden_size": 7168,
  "initializer_range": 0.006818968095896705,
  "intermediate_size": 19456,
  "is_lora": false,
  "max_position_embeddings": 4096,
  "max_sequence_length": 4096,
  "mlp_bias": false,
  "model_type": "llama",
  "moe_group_origin": "dummy",
  "moe_rank": 0,
  "moe_router_bias_update_rate": 0.0,
  "moe_world_size": 1,
  "num_attention_heads": 56,
  "num_hidden_layers": 80,
  "num_key_value_heads": 56,
  "pad_token_id": 0,
  "paddleformers_version": "1.1.0.post20260417",
  "pipeline_model_parallel_size": 2,
  "pp_seg_method": "layer:DecoderLayer|EmptyLayer",
  "pretraining_tp": 2,
  "recompute_granularity": "full",
  "recompute_method": "uniform",
  "recompute_num_layers": 1,
  "rms_norm_eps": 1e-05,
  "rope_parameters": {
    "rope_theta": 10000.0,
    "rope_type": "default"
  },
  "rope_scaling": null,
  "rope_theta": 10000.0,
  "seq_length": 4096,
  "tensor_model_parallel_size": 8,
  "tie_word_embeddings": false,
  "torch_dtype": "float32",
  "use_cache": true,
  "use_fast_layer_norm": false,
  "vocab_size": 32000
}
, layer_idx=71)
[2026-04-17 13:39:04,110] [    INFO] pp_layers.py:900 - 66: DecoderLayerPipe(config=LlamaConfig {
  "_name_or_path": "./models/Llama-2-52B",
  "architectures": [
    "LlamaForCausalLM"
  ],
  "attention_bias": false,
  "attention_dropout": 0.0,
  "bos_token_id": 1,
  "enable_auto_parallel": false,
  "eos_token_id": 2,
  "head_dim": 128,
  "hidden_act": "silu",
  "hidden_size": 7168,
  "initializer_range": 0.006818968095896705,
  "intermediate_size": 19456,
  "is_lora": false,
  "max_position_embeddings": 4096,
  "max_sequence_length": 4096,
  "mlp_bias": false,
  "model_type": "llama",
  "moe_group_origin": "dummy",
  "moe_rank": 0,
  "moe_router_bias_update_rate": 0.0,
  "moe_world_size": 1,
  "num_attention_heads": 56,
  "num_hidden_layers": 80,
  "num_key_value_heads": 56,
  "pad_token_id": 0,
  "paddleformers_version": "1.1.0.post20260417",
  "pipeline_model_parallel_size": 2,
  "pp_seg_method": "layer:DecoderLayer|EmptyLayer",
  "pretraining_tp": 2,
  "recompute_granularity": "full",
  "recompute_method": "uniform",
  "recompute_num_layers": 1,
  "rms_norm_eps": 1e-05,
  "rope_parameters": {
    "rope_theta": 10000.0,
    "rope_type": "default"
  },
  "rope_scaling": null,
  "rope_theta": 10000.0,
  "seq_length": 4096,
  "tensor_model_parallel_size": 8,
  "tie_word_embeddings": false,
  "torch_dtype": "float32",
  "use_cache": true,
  "use_fast_layer_norm": false,
  "vocab_size": 32000
}
, layer_idx=65)
[2026-04-17 13:39:04,112] [    INFO] pp_layers.py:900 - 73: DecoderLayerPipe(config=LlamaConfig {
  "_name_or_path": "./models/Llama-2-52B",
  "architectures": [
    "LlamaForCausalLM"
  ],
  "attention_bias": false,
  "attention_dropout": 0.0,
  "bos_token_id": 1,
  "enable_auto_parallel": false,
  "eos_token_id": 2,
  "head_dim": 128,
  "hidden_act": "silu",
  "hidden_size": 7168,
  "initializer_range": 0.006818968095896705,
  "intermediate_size": 19456,
  "is_lora": false,
  "max_position_embeddings": 4096,
  "max_sequence_length": 4096,
  "mlp_bias": false,
  "model_type": "llama",
  "moe_group_origin": "dummy",
  "moe_rank": 0,
  "moe_router_bias_update_rate": 0.0,
  "moe_world_size": 1,
  "num_attention_heads": 56,
  "num_hidden_layers": 80,
  "num_key_value_heads": 56,
  "pad_token_id": 0,
  "paddleformers_version": "1.1.0.post20260417",
  "pipeline_model_parallel_size": 2,
  "pp_seg_method": "layer:DecoderLayer|EmptyLayer",
  "pretraining_tp": 2,
  "recompute_granularity": "full",
  "recompute_method": "uniform",
  "recompute_num_layers": 1,
  "rms_norm_eps": 1e-05,
  "rope_parameters": {
    "rope_theta": 10000.0,
    "rope_type": "default"
  },
  "rope_scaling": null,
  "rope_theta": 10000.0,
  "seq_length": 4096,
  "tensor_model_parallel_size": 8,
  "tie_word_embeddings": false,
  "torch_dtype": "float32",
  "use_cache": true,
  "use_fast_layer_norm": false,
  "vocab_size": 32000
}
, layer_idx=72)
[2026-04-17 13:39:04,116] [    INFO] pp_layers.py:900 - 67: DecoderLayerPipe(config=LlamaConfig {
  "_name_or_path": "./models/Llama-2-52B",
  "architectures": [
    "LlamaForCausalLM"
  ],
  "attention_bias": false,
  "attention_dropout": 0.0,
  "bos_token_id": 1,
  "enable_auto_parallel": false,
  "eos_token_id": 2,
  "head_dim": 128,
  "hidden_act": "silu",
  "hidden_size": 7168,
  "initializer_range": 0.006818968095896705,
  "intermediate_size": 19456,
  "is_lora": false,
  "max_position_embeddings": 4096,
  "max_sequence_length": 4096,
  "mlp_bias": false,
  "model_type": "llama",
  "moe_group_origin": "dummy",
  "moe_rank": 0,
  "moe_router_bias_update_rate": 0.0,
  "moe_world_size": 1,
  "num_attention_heads": 56,
  "num_hidden_layers": 80,
  "num_key_value_heads": 56,
  "pad_token_id": 0,
  "paddleformers_version": "1.1.0.post20260417",
  "pipeline_model_parallel_size": 2,
  "pp_seg_method": "layer:DecoderLayer|EmptyLayer",
  "pretraining_tp": 2,
  "recompute_granularity": "full",
  "recompute_method": "uniform",
  "recompute_num_layers": 1,
  "rms_norm_eps": 1e-05,
  "rope_parameters": {
    "rope_theta": 10000.0,
    "rope_type": "default"
  },
  "rope_scaling": null,
  "rope_theta": 10000.0,
  "seq_length": 4096,
  "tensor_model_parallel_size": 8,
  "tie_word_embeddings": false,
  "torch_dtype": "float32",
  "use_cache": true,
  "use_fast_layer_norm": false,
  "vocab_size": 32000
}
, layer_idx=66)
[2026-04-17 13:39:04,119] [    INFO] pp_layers.py:900 - 74: DecoderLayerPipe(config=LlamaConfig {
  "_name_or_path": "./models/Llama-2-52B",
  "architectures": [
    "LlamaForCausalLM"
  ],
  "attention_bias": false,
  "attention_dropout": 0.0,
  "bos_token_id": 1,
  "enable_auto_parallel": false,
  "eos_token_id": 2,
  "head_dim": 128,
  "hidden_act": "silu",
  "hidden_size": 7168,
  "initializer_range": 0.006818968095896705,
  "intermediate_size": 19456,
  "is_lora": false,
  "max_position_embeddings": 4096,
  "max_sequence_length": 4096,
  "mlp_bias": false,
  "model_type": "llama",
  "moe_group_origin": "dummy",
  "moe_rank": 0,
  "moe_router_bias_update_rate": 0.0,
  "moe_world_size": 1,
  "num_attention_heads": 56,
  "num_hidden_layers": 80,
  "num_key_value_heads": 56,
  "pad_token_id": 0,
  "paddleformers_version": "1.1.0.post20260417",
  "pipeline_model_parallel_size": 2,
  "pp_seg_method": "layer:DecoderLayer|EmptyLayer",
  "pretraining_tp": 2,
  "recompute_granularity": "full",
  "recompute_method": "uniform",
  "recompute_num_layers": 1,
  "rms_norm_eps": 1e-05,
  "rope_parameters": {
    "rope_theta": 10000.0,
    "rope_type": "default"
  },
  "rope_scaling": null,
  "rope_theta": 10000.0,
  "seq_length": 4096,
  "tensor_model_parallel_size": 8,
  "tie_word_embeddings": false,
  "torch_dtype": "float32",
  "use_cache": true,
  "use_fast_layer_norm": false,
  "vocab_size": 32000
}
, layer_idx=73)
[2026-04-17 13:39:04,122] [    INFO] pp_layers.py:900 - 68: DecoderLayerPipe(config=LlamaConfig {
  "_name_or_path": "./models/Llama-2-52B",
  "architectures": [
    "LlamaForCausalLM"
  ],
  "attention_bias": false,
  "attention_dropout": 0.0,
  "bos_token_id": 1,
  "enable_auto_parallel": false,
  "eos_token_id": 2,
  "head_dim": 128,
  "hidden_act": "silu",
  "hidden_size": 7168,
  "initializer_range": 0.006818968095896705,
  "intermediate_size": 19456,
  "is_lora": false,
  "max_position_embeddings": 4096,
  "max_sequence_length": 4096,
  "mlp_bias": false,
  "model_type": "llama",
  "moe_group_origin": "dummy",
  "moe_rank": 0,
  "moe_router_bias_update_rate": 0.0,
  "moe_world_size": 1,
  "num_attention_heads": 56,
  "num_hidden_layers": 80,
  "num_key_value_heads": 56,
  "pad_token_id": 0,
  "paddleformers_version": "1.1.0.post20260417",
  "pipeline_model_parallel_size": 2,
  "pp_seg_method": "layer:DecoderLayer|EmptyLayer",
  "pretraining_tp": 2,
  "recompute_granularity": "full",
  "recompute_method": "uniform",
  "recompute_num_layers": 1,
  "rms_norm_eps": 1e-05,
  "rope_parameters": {
    "rope_theta": 10000.0,
    "rope_type": "default"
  },
  "rope_scaling": null,
  "rope_theta": 10000.0,
  "seq_length": 4096,
  "tensor_model_parallel_size": 8,
  "tie_word_embeddings": false,
  "torch_dtype": "float32",
  "use_cache": true,
  "use_fast_layer_norm": false,
  "vocab_size": 32000
}
, layer_idx=67)
[2026-04-17 13:39:04,125] [    INFO] pp_layers.py:900 - 75: DecoderLayerPipe(config=LlamaConfig {
  "_name_or_path": "./models/Llama-2-52B",
  "architectures": [
    "LlamaForCausalLM"
  ],
  "attention_bias": false,
  "attention_dropout": 0.0,
  "bos_token_id": 1,
  "enable_auto_parallel": false,
  "eos_token_id": 2,
  "head_dim": 128,
  "hidden_act": "silu",
  "hidden_size": 7168,
  "initializer_range": 0.006818968095896705,
  "intermediate_size": 19456,
  "is_lora": false,
  "max_position_embeddings": 4096,
  "max_sequence_length": 4096,
  "mlp_bias": false,
  "model_type": "llama",
  "moe_group_origin": "dummy",
  "moe_rank": 0,
  "moe_router_bias_update_rate": 0.0,
  "moe_world_size": 1,
  "num_attention_heads": 56,
  "num_hidden_layers": 80,
  "num_key_value_heads": 56,
  "pad_token_id": 0,
  "paddleformers_version": "1.1.0.post20260417",
  "pipeline_model_parallel_size": 2,
  "pp_seg_method": "layer:DecoderLayer|EmptyLayer",
  "pretraining_tp": 2,
  "recompute_granularity": "full",
  "recompute_method": "uniform",
  "recompute_num_layers": 1,
  "rms_norm_eps": 1e-05,
  "rope_parameters": {
    "rope_theta": 10000.0,
    "rope_type": "default"
  },
  "rope_scaling": null,
  "rope_theta": 10000.0,
  "seq_length": 4096,
  "tensor_model_parallel_size": 8,
  "tie_word_embeddings": false,
  "torch_dtype": "float32",
  "use_cache": true,
  "use_fast_layer_norm": false,
  "vocab_size": 32000
}
, layer_idx=74)
[2026-04-17 13:39:04,129] [    INFO] pp_layers.py:900 - 69: DecoderLayerPipe(config=LlamaConfig {
  "_name_or_path": "./models/Llama-2-52B",
  "architectures": [
    "LlamaForCausalLM"
  ],
  "attention_bias": false,
  "attention_dropout": 0.0,
  "bos_token_id": 1,
  "enable_auto_parallel": false,
  "eos_token_id": 2,
  "head_dim": 128,
  "hidden_act": "silu",
  "hidden_size": 7168,
  "initializer_range": 0.006818968095896705,
  "intermediate_size": 19456,
  "is_lora": false,
  "max_position_embeddings": 4096,
  "max_sequence_length": 4096,
  "mlp_bias": false,
  "model_type": "llama",
  "moe_group_origin": "dummy",
  "moe_rank": 0,
  "moe_router_bias_update_rate": 0.0,
  "moe_world_size": 1,
  "num_attention_heads": 56,
  "num_hidden_layers": 80,
  "num_key_value_heads": 56,
  "pad_token_id": 0,
  "paddleformers_version": "1.1.0.post20260417",
  "pipeline_model_parallel_size": 2,
  "pp_seg_method": "layer:DecoderLayer|EmptyLayer",
  "pretraining_tp": 2,
  "recompute_granularity": "full",
  "recompute_method": "uniform",
  "recompute_num_layers": 1,
  "rms_norm_eps": 1e-05,
  "rope_parameters": {
    "rope_theta": 10000.0,
    "rope_type": "default"
  },
  "rope_scaling": null,
  "rope_theta": 10000.0,
  "seq_length": 4096,
  "tensor_model_parallel_size": 8,
  "tie_word_embeddings": false,
  "torch_dtype": "float32",
  "use_cache": true,
  "use_fast_layer_norm": false,
  "vocab_size": 32000
}
, layer_idx=68)
[2026-04-17 13:39:04,141] [    INFO] pp_layers.py:900 - 76: DecoderLayerPipe(config=LlamaConfig {
  "_name_or_path": "./models/Llama-2-52B",
  "architectures": [
    "LlamaForCausalLM"
  ],
  "attention_bias": false,
  "attention_dropout": 0.0,
  "bos_token_id": 1,
  "enable_auto_parallel": false,
  "eos_token_id": 2,
  "head_dim": 128,
  "hidden_act": "silu",
  "hidden_size": 7168,
  "initializer_range": 0.006818968095896705,
  "intermediate_size": 19456,
  "is_lora": false,
  "max_position_embeddings": 4096,
  "max_sequence_length": 4096,
  "mlp_bias": false,
  "model_type": "llama",
  "moe_group_origin": "dummy",
  "moe_rank": 0,
  "moe_router_bias_update_rate": 0.0,
  "moe_world_size": 1,
  "num_attention_heads": 56,
  "num_hidden_layers": 80,
  "num_key_value_heads": 56,
  "pad_token_id": 0,
  "paddleformers_version": "1.1.0.post20260417",
  "pipeline_model_parallel_size": 2,
  "pp_seg_method": "layer:DecoderLayer|EmptyLayer",
  "pretraining_tp": 2,
  "recompute_granularity": "full",
  "recompute_method": "uniform",
  "recompute_num_layers": 1,
  "rms_norm_eps": 1e-05,
  "rope_parameters": {
    "rope_theta": 10000.0,
    "rope_type": "default"
  },
  "rope_scaling": null,
  "rope_theta": 10000.0,
  "seq_length": 4096,
  "tensor_model_parallel_size": 8,
  "tie_word_embeddings": false,
  "torch_dtype": "float32",
  "use_cache": true,
  "use_fast_layer_norm": false,
  "vocab_size": 32000
}
, layer_idx=75)
[2026-04-17 13:39:04,145] [    INFO] pp_layers.py:900 - 70: DecoderLayerPipe(config=LlamaConfig {
  "_name_or_path": "./models/Llama-2-52B",
  "architectures": [
    "LlamaForCausalLM"
  ],
  "attention_bias": false,
  "attention_dropout": 0.0,
  "bos_token_id": 1,
  "enable_auto_parallel": false,
  "eos_token_id": 2,
  "head_dim": 128,
  "hidden_act": "silu",
  "hidden_size": 7168,
  "initializer_range": 0.006818968095896705,
  "intermediate_size": 19456,
  "is_lora": false,
  "max_position_embeddings": 4096,
  "max_sequence_length": 4096,
  "mlp_bias": false,
  "model_type": "llama",
  "moe_group_origin": "dummy",
  "moe_rank": 0,
  "moe_router_bias_update_rate": 0.0,
  "moe_world_size": 1,
  "num_attention_heads": 56,
  "num_hidden_layers": 80,
  "num_key_value_heads": 56,
  "pad_token_id": 0,
  "paddleformers_version": "1.1.0.post20260417",
  "pipeline_model_parallel_size": 2,
  "pp_seg_method": "layer:DecoderLayer|EmptyLayer",
  "pretraining_tp": 2,
  "recompute_granularity": "full",
  "recompute_method": "uniform",
  "recompute_num_layers": 1,
  "rms_norm_eps": 1e-05,
  "rope_parameters": {
    "rope_theta": 10000.0,
    "rope_type": "default"
  },
  "rope_scaling": null,
  "rope_theta": 10000.0,
  "seq_length": 4096,
  "tensor_model_parallel_size": 8,
  "tie_word_embeddings": false,
  "torch_dtype": "float32",
  "use_cache": true,
  "use_fast_layer_norm": false,
  "vocab_size": 32000
}
, layer_idx=69)
[2026-04-17 13:39:04,146] [    INFO] pp_layers.py:900 - 77: DecoderLayerPipe(config=LlamaConfig {
  "_name_or_path": "./models/Llama-2-52B",
  "architectures": [
    "LlamaForCausalLM"
  ],
  "attention_bias": false,
  "attention_dropout": 0.0,
  "bos_token_id": 1,
  "enable_auto_parallel": false,
  "eos_token_id": 2,
  "head_dim": 128,
  "hidden_act": "silu",
  "hidden_size": 7168,
  "initializer_range": 0.006818968095896705,
  "intermediate_size": 19456,
  "is_lora": false,
  "max_position_embeddings": 4096,
  "max_sequence_length": 4096,
  "mlp_bias": false,
  "model_type": "llama",
  "moe_group_origin": "dummy",
  "moe_rank": 0,
  "moe_router_bias_update_rate": 0.0,
  "moe_world_size": 1,
  "num_attention_heads": 56,
  "num_hidden_layers": 80,
  "num_key_value_heads": 56,
  "pad_token_id": 0,
  "paddleformers_version": "1.1.0.post20260417",
  "pipeline_model_parallel_size": 2,
  "pp_seg_method": "layer:DecoderLayer|EmptyLayer",
  "pretraining_tp": 2,
  "recompute_granularity": "full",
  "recompute_method": "uniform",
  "recompute_num_layers": 1,
  "rms_norm_eps": 1e-05,
  "rope_parameters": {
    "rope_theta": 10000.0,
    "rope_type": "default"
  },
  "rope_scaling": null,
  "rope_theta": 10000.0,
  "seq_length": 4096,
  "tensor_model_parallel_size": 8,
  "tie_word_embeddings": false,
  "torch_dtype": "float32",
  "use_cache": true,
  "use_fast_layer_norm": false,
  "vocab_size": 32000
}
, layer_idx=76)
[2026-04-17 13:39:04,149] [    INFO] pp_layers.py:900 - 71: DecoderLayerPipe(config=LlamaConfig {
  "_name_or_path": "./models/Llama-2-52B",
  "architectures": [
    "LlamaForCausalLM"
  ],
  "attention_bias": false,
  "attention_dropout": 0.0,
  "bos_token_id": 1,
  "enable_auto_parallel": false,
  "eos_token_id": 2,
  "head_dim": 128,
  "hidden_act": "silu",
  "hidden_size": 7168,
  "initializer_range": 0.006818968095896705,
  "intermediate_size": 19456,
  "is_lora": false,
  "max_position_embeddings": 4096,
  "max_sequence_length": 4096,
  "mlp_bias": false,
  "model_type": "llama",
  "moe_group_origin": "dummy",
  "moe_rank": 0,
  "moe_router_bias_update_rate": 0.0,
  "moe_world_size": 1,
  "num_attention_heads": 56,
  "num_hidden_layers": 80,
  "num_key_value_heads": 56,
  "pad_token_id": 0,
  "paddleformers_version": "1.1.0.post20260417",
  "pipeline_model_parallel_size": 2,
  "pp_seg_method": "layer:DecoderLayer|EmptyLayer",
  "pretraining_tp": 2,
  "recompute_granularity": "full",
  "recompute_method": "uniform",
  "recompute_num_layers": 1,
  "rms_norm_eps": 1e-05,
  "rope_parameters": {
    "rope_theta": 10000.0,
    "rope_type": "default"
  },
  "rope_scaling": null,
  "rope_theta": 10000.0,
  "seq_length": 4096,
  "tensor_model_parallel_size": 8,
  "tie_word_embeddings": false,
  "torch_dtype": "float32",
  "use_cache": true,
  "use_fast_layer_norm": false,
  "vocab_size": 32000
}
, layer_idx=70)
[2026-04-17 13:39:04,153] [    INFO] pp_layers.py:900 - 78: DecoderLayerPipe(config=LlamaConfig {
  "_name_or_path": "./models/Llama-2-52B",
  "architectures": [
    "LlamaForCausalLM"
  ],
  "attention_bias": false,
  "attention_dropout": 0.0,
  "bos_token_id": 1,
  "enable_auto_parallel": false,
  "eos_token_id": 2,
  "head_dim": 128,
  "hidden_act": "silu",
  "hidden_size": 7168,
  "initializer_range": 0.006818968095896705,
  "intermediate_size": 19456,
  "is_lora": false,
  "max_position_embeddings": 4096,
  "max_sequence_length": 4096,
  "mlp_bias": false,
  "model_type": "llama",
  "moe_group_origin": "dummy",
  "moe_rank": 0,
  "moe_router_bias_update_rate": 0.0,
  "moe_world_size": 1,
  "num_attention_heads": 56,
  "num_hidden_layers": 80,
  "num_key_value_heads": 56,
  "pad_token_id": 0,
  "paddleformers_version": "1.1.0.post20260417",
  "pipeline_model_parallel_size": 2,
  "pp_seg_method": "layer:DecoderLayer|EmptyLayer",
  "pretraining_tp": 2,
  "recompute_granularity": "full",
  "recompute_method": "uniform",
  "recompute_num_layers": 1,
  "rms_norm_eps": 1e-05,
  "rope_parameters": {
    "rope_theta": 10000.0,
    "rope_type": "default"
  },
  "rope_scaling": null,
  "rope_theta": 10000.0,
  "seq_length": 4096,
  "tensor_model_parallel_size": 8,
  "tie_word_embeddings": false,
  "torch_dtype": "float32",
  "use_cache": true,
  "use_fast_layer_norm": false,
  "vocab_size": 32000
}
, layer_idx=77)
[2026-04-17 13:39:04,156] [    INFO] pp_layers.py:900 - 72: DecoderLayerPipe(config=LlamaConfig {
  "_name_or_path": "./models/Llama-2-52B",
  "architectures": [
    "LlamaForCausalLM"
  ],
  "attention_bias": false,
  "attention_dropout": 0.0,
  "bos_token_id": 1,
  "enable_auto_parallel": false,
  "eos_token_id": 2,
  "head_dim": 128,
  "hidden_act": "silu",
  "hidden_size": 7168,
  "initializer_range": 0.006818968095896705,
  "intermediate_size": 19456,
  "is_lora": false,
  "max_position_embeddings": 4096,
  "max_sequence_length": 4096,
  "mlp_bias": false,
  "model_type": "llama",
  "moe_group_origin": "dummy",
  "moe_rank": 0,
  "moe_router_bias_update_rate": 0.0,
  "moe_world_size": 1,
  "num_attention_heads": 56,
  "num_hidden_layers": 80,
  "num_key_value_heads": 56,
  "pad_token_id": 0,
  "paddleformers_version": "1.1.0.post20260417",
  "pipeline_model_parallel_size": 2,
  "pp_seg_method": "layer:DecoderLayer|EmptyLayer",
  "pretraining_tp": 2,
  "recompute_granularity": "full",
  "recompute_method": "uniform",
  "recompute_num_layers": 1,
  "rms_norm_eps": 1e-05,
  "rope_parameters": {
    "rope_theta": 10000.0,
    "rope_type": "default"
  },
  "rope_scaling": null,
  "rope_theta": 10000.0,
  "seq_length": 4096,
  "tensor_model_parallel_size": 8,
  "tie_word_embeddings": false,
  "torch_dtype": "float32",
  "use_cache": true,
  "use_fast_layer_norm": false,
  "vocab_size": 32000
}
, layer_idx=71)
[2026-04-17 13:39:04,173] [    INFO] pp_layers.py:900 - 79: DecoderLayerPipe(config=LlamaConfig {
  "_name_or_path": "./models/Llama-2-52B",
  "architectures": [
    "LlamaForCausalLM"
  ],
  "attention_bias": false,
  "attention_dropout": 0.0,
  "bos_token_id": 1,
  "enable_auto_parallel": false,
  "eos_token_id": 2,
  "head_dim": 128,
  "hidden_act": "silu",
  "hidden_size": 7168,
  "initializer_range": 0.006818968095896705,
  "intermediate_size": 19456,
  "is_lora": false,
  "max_position_embeddings": 4096,
  "max_sequence_length": 4096,
  "mlp_bias": false,
  "model_type": "llama",
  "moe_group_origin": "dummy",
  "moe_rank": 0,
  "moe_router_bias_update_rate": 0.0,
  "moe_world_size": 1,
  "num_attention_heads": 56,
  "num_hidden_layers": 80,
  "num_key_value_heads": 56,
  "pad_token_id": 0,
  "paddleformers_version": "1.1.0.post20260417",
  "pipeline_model_parallel_size": 2,
  "pp_seg_method": "layer:DecoderLayer|EmptyLayer",
  "pretraining_tp": 2,
  "recompute_granularity": "full",
  "recompute_method": "uniform",
  "recompute_num_layers": 1,
  "rms_norm_eps": 1e-05,
  "rope_parameters": {
    "rope_theta": 10000.0,
    "rope_type": "default"
  },
  "rope_scaling": null,
  "rope_theta": 10000.0,
  "seq_length": 4096,
  "tensor_model_parallel_size": 8,
  "tie_word_embeddings": false,
  "torch_dtype": "float32",
  "use_cache": true,
  "use_fast_layer_norm": false,
  "vocab_size": 32000
}
, layer_idx=78)
[2026-04-17 13:39:04,175] [    INFO] pp_layers.py:900 - 73: DecoderLayerPipe(config=LlamaConfig {
  "_name_or_path": "./models/Llama-2-52B",
  "architectures": [
    "LlamaForCausalLM"
  ],
  "attention_bias": false,
  "attention_dropout": 0.0,
  "bos_token_id": 1,
  "enable_auto_parallel": false,
  "eos_token_id": 2,
  "head_dim": 128,
  "hidden_act": "silu",
  "hidden_size": 7168,
  "initializer_range": 0.006818968095896705,
  "intermediate_size": 19456,
  "is_lora": false,
  "max_position_embeddings": 4096,
  "max_sequence_length": 4096,
  "mlp_bias": false,
  "model_type": "llama",
  "moe_group_origin": "dummy",
  "moe_rank": 0,
  "moe_router_bias_update_rate": 0.0,
  "moe_world_size": 1,
  "num_attention_heads": 56,
  "num_hidden_layers": 80,
  "num_key_value_heads": 56,
  "pad_token_id": 0,
  "paddleformers_version": "1.1.0.post20260417",
  "pipeline_model_parallel_size": 2,
  "pp_seg_method": "layer:DecoderLayer|EmptyLayer",
  "pretraining_tp": 2,
  "recompute_granularity": "full",
  "recompute_method": "uniform",
  "recompute_num_layers": 1,
  "rms_norm_eps": 1e-05,
  "rope_parameters": {
    "rope_theta": 10000.0,
    "rope_type": "default"
  },
  "rope_scaling": null,
  "rope_theta": 10000.0,
  "seq_length": 4096,
  "tensor_model_parallel_size": 8,
  "tie_word_embeddings": false,
  "torch_dtype": "float32",
  "use_cache": true,
  "use_fast_layer_norm": false,
  "vocab_size": 32000
}
, layer_idx=72)
[2026-04-17 13:39:04,178] [    INFO] pp_layers.py:900 - 80: DecoderLayerPipe(config=LlamaConfig {
  "_name_or_path": "./models/Llama-2-52B",
  "architectures": [
    "LlamaForCausalLM"
  ],
  "attention_bias": false,
  "attention_dropout": 0.0,
  "bos_token_id": 1,
  "enable_auto_parallel": false,
  "rope_parameters": {
    "rope_theta": 10000.0,
    "rope_type": "default"
  },
  "rope_scaling": null,
  "rope_theta": 10000.0,
  "seq_length": 4096,
  "tensor_model_parallel_size": 8,
  "tie_word_embeddings": false,
  "torch_dtype": "float32",
  "use_cache": true,
  "use_fast_layer_norm": false,
  "vocab_size": 32000
}
, layer_idx=72)
[2026-04-17 13:39:04,178] [    INFO] pp_layers.py:900 - 80: DecoderLayerPipe(config=LlamaConfig {
  "_name_or_path": "./models/Llama-2-52B",
  "architectures": [
    "LlamaForCausalLM"
  ],
  "attention_bias": false,
  "attention_dropout": 0.0,
  "bos_token_id": 1,
  "enable_auto_parallel": false,
  "eos_token_id": 2,
  "head_dim": 128,
  "hidden_act": "silu",
  "hidden_size": 7168,
  "initializer_range": 0.006818968095896705,
  "intermediate_size": 19456,
  "is_lora": false,
  "max_position_embeddings": 4096,
  "max_sequence_length": 4096,
  "mlp_bias": false,
  "model_type": "llama",
  "moe_group_origin": "dummy",
  "moe_rank": 0,
  "moe_router_bias_update_rate": 0.0,
  "moe_world_size": 1,
  "num_attention_heads": 56,
  "num_hidden_layers": 80,
  "num_key_value_heads": 56,
  "pad_token_id": 0,
  "paddleformers_version": "1.1.0.post20260417",
  "pipeline_model_parallel_size": 2,
  "pp_seg_method": "layer:DecoderLayer|EmptyLayer",
  "pretraining_tp": 2,
  "recompute_granularity": "full",
  "recompute_method": "uniform",
  "recompute_num_layers": 1,
  "rms_norm_eps": 1e-05,
  "rope_parameters": {
    "rope_theta": 10000.0,
    "rope_type": "default"
  },
  "rope_scaling": null,
  "rope_theta": 10000.0,
  "seq_length": 4096,
  "tensor_model_parallel_size": 8,
  "tie_word_embeddings": false,
  "torch_dtype": "float32",
  "use_cache": true,
  "use_fast_layer_norm": false,
  "vocab_size": 32000
}
, layer_idx=79)
[2026-04-17 13:39:04,182] [    INFO] pp_layers.py:900 - 74: DecoderLayerPipe(config=LlamaConfig {
  "_name_or_path": "./models/Llama-2-52B",
  "architectures": [
    "LlamaForCausalLM"
  ],
  "attention_bias": false,
  "attention_dropout": 0.0,
  "bos_token_id": 1,
  "enable_auto_parallel": false,
  "eos_token_id": 2,
  "head_dim": 128,
  "hidden_act": "silu",
  "hidden_size": 7168,
  "initializer_range": 0.006818968095896705,
  "intermediate_size": 19456,
  "is_lora": false,
  "max_position_embeddings": 4096,
  "max_sequence_length": 4096,
  "mlp_bias": false,
  "model_type": "llama",
  "moe_group_origin": "dummy",
  "moe_rank": 0,
  "moe_router_bias_update_rate": 0.0,
  "moe_world_size": 1,
  "num_attention_heads": 56,
  "num_hidden_layers": 80,
  "num_key_value_heads": 56,
  "pad_token_id": 0,
  "paddleformers_version": "1.1.0.post20260417",
  "pipeline_model_parallel_size": 2,
  "pp_seg_method": "layer:DecoderLayer|EmptyLayer",
  "pretraining_tp": 2,
  "recompute_granularity": "full",
  "recompute_method": "uniform",
  "recompute_num_layers": 1,
  "rms_norm_eps": 1e-05,
  "rope_parameters": {
    "rope_theta": 10000.0,
    "rope_type": "default"
  },
  "rope_scaling": null,
  "rope_theta": 10000.0,
  "seq_length": 4096,
  "tensor_model_parallel_size": 8,
  "tie_word_embeddings": false,
  "torch_dtype": "float32",
  "use_cache": true,
  "use_fast_layer_norm": false,
  "vocab_size": 32000
}
, layer_idx=73)
[2026-04-17 13:39:04,185] [    INFO] pp_layers.py:900 - 81: RMSNormPipe(config=LlamaConfig {
  "_name_or_path": "./models/Llama-2-52B",
  "architectures": [
    "LlamaForCausalLM"
  ],
  "attention_bias": false,
  "attention_dropout": 0.0,
  "bos_token_id": 1,
  "enable_auto_parallel": false,
  "eos_token_id": 2,
  "head_dim": 128,
  "hidden_act": "silu",
  "hidden_size": 7168,
  "initializer_range": 0.006818968095896705,
  "intermediate_size": 19456,
  "is_lora": false,
  "max_position_embeddings": 4096,
  "max_sequence_length": 4096,
  "mlp_bias": false,
  "model_type": "llama",
  "moe_group_origin": "dummy",
  "moe_rank": 0,
  "moe_router_bias_update_rate": 0.0,
  "moe_world_size": 1,
  "num_attention_heads": 56,
  "num_hidden_layers": 80,
  "num_key_value_heads": 56,
  "pad_token_id": 0,
  "paddleformers_version": "1.1.0.post20260417",
  "pipeline_model_parallel_size": 2,
  "pp_seg_method": "layer:DecoderLayer|EmptyLayer",
  "pretraining_tp": 2,
  "recompute_granularity": "full",
  "recompute_method": "uniform",
  "recompute_num_layers": 1,
  "rms_norm_eps": 1e-05,
  "rope_parameters": {
    "rope_theta": 10000.0,
    "rope_type": "default"
  },
  "rope_scaling": null,
  "rope_theta": 10000.0,
  "seq_length": 4096,
  "tensor_model_parallel_size": 8,
  "tie_word_embeddings": false,
  "torch_dtype": "float32",
  "use_cache": true,
  "use_fast_layer_norm": false,
  "vocab_size": 32000
}
)
[2026-04-17 13:39:04,188] [    INFO] pp_layers.py:900 - 75: DecoderLayerPipe(config=LlamaConfig {
  "_name_or_path": "./models/Llama-2-52B",
  "architectures": [
    "LlamaForCausalLM"
  ],
  "attention_bias": false,
  "attention_dropout": 0.0,
  "bos_token_id": 1,
  "enable_auto_parallel": false,
  "eos_token_id": 2,
  "head_dim": 128,
  "hidden_act": "silu",
  "hidden_size": 7168,
  "initializer_range": 0.006818968095896705,
  "intermediate_size": 19456,
  "is_lora": false,
  "max_position_embeddings": 4096,
  "max_sequence_length": 4096,
  "mlp_bias": false,
  "model_type": "llama",
  "moe_group_origin": "dummy",
  "moe_rank": 0,
  "moe_router_bias_update_rate": 0.0,
  "moe_world_size": 1,
  "num_attention_heads": 56,
  "num_hidden_layers": 80,
  "num_key_value_heads": 56,
  "pad_token_id": 0,
  "paddleformers_version": "1.1.0.post20260417",
  "pipeline_model_parallel_size": 2,
  "pp_seg_method": "layer:DecoderLayer|EmptyLayer",
  "pretraining_tp": 2,
  "recompute_granularity": "full",
  "recompute_method": "uniform",
  "recompute_num_layers": 1,
  "rms_norm_eps": 1e-05,
  "rope_parameters": {
    "rope_theta": 10000.0,
    "rope_type": "default"
  },
  "rope_scaling": null,
  "rope_theta": 10000.0,
  "seq_length": 4096,
  "tensor_model_parallel_size": 8,
  "tie_word_embeddings": false,
  "torch_dtype": "float32",
  "use_cache": true,
  "use_fast_layer_norm": false,
  "vocab_size": 32000
}
, layer_idx=74)
[2026-04-17 13:39:04,192] [    INFO] pp_layers.py:900 - 82: LMHeadPipe(config=LlamaConfig {
  "_name_or_path": "./models/Llama-2-52B",
  "architectures": [
    "LlamaForCausalLM"
  ],
  "attention_bias": false,
  "attention_dropout": 0.0,
  "bos_token_id": 1,
  "enable_auto_parallel": false,
  "eos_token_id": 2,
  "head_dim": 128,
  "hidden_act": "silu",
  "hidden_size": 7168,
  "initializer_range": 0.006818968095896705,
  "intermediate_size": 19456,
  "is_lora": false,
  "max_position_embeddings": 4096,
  "max_sequence_length": 4096,
  "mlp_bias": false,
  "model_type": "llama",
  "moe_group_origin": "dummy",
  "moe_rank": 0,
  "moe_router_bias_update_rate": 0.0,
  "moe_world_size": 1,
  "num_attention_heads": 56,
  "num_hidden_layers": 80,
  "num_key_value_heads": 56,
  "pad_token_id": 0,
  "paddleformers_version": "1.1.0.post20260417",
  "pipeline_model_parallel_size": 2,
  "pp_seg_method": "layer:DecoderLayer|EmptyLayer",
  "pretraining_tp": 2,
  "recompute_granularity": "full",
  "recompute_method": "uniform",
  "recompute_num_layers": 1,
  "rms_norm_eps": 1e-05,
  "rope_parameters": {
    "rope_theta": 10000.0,
    "rope_type": "default"
  },
  "rope_scaling": null,
  "rope_theta": 10000.0,
  "seq_length": 4096,
  "tensor_model_parallel_size": 8,
  "tie_word_embeddings": false,
  "torch_dtype": "float32",
  "use_cache": true,
  "use_fast_layer_norm": false,
  "vocab_size": 32000
}
)
[2026-04-17 13:39:04,201] [    INFO] pp_layers.py:922 - loss: CriterionLayerPipe
[2026-04-17 13:39:04,200] [    INFO] pp_layers.py:900 - 76: DecoderLayerPipe(config=LlamaConfig {
  "_name_or_path": "./models/Llama-2-52B",
  "architectures": [
    "LlamaForCausalLM"
  ],
  "attention_bias": false,
  "attention_dropout": 0.0,
  "bos_token_id": 1,
  "enable_auto_parallel": false,
  "eos_token_id": 2,
  "head_dim": 128,
  "hidden_act": "silu",
  "hidden_size": 7168,
  "initializer_range": 0.006818968095896705,
  "intermediate_size": 19456,
  "is_lora": false,
  "max_position_embeddings": 4096,
  "max_sequence_length": 4096,
  "mlp_bias": false,
  "model_type": "llama",
  "moe_group_origin": "dummy",
  "moe_rank": 0,
  "moe_router_bias_update_rate": 0.0,
  "moe_world_size": 1,
  "num_attention_heads": 56,
  "num_hidden_layers": 80,
  "num_key_value_heads": 56,
  "pad_token_id": 0,
  "paddleformers_version": "1.1.0.post20260417",
  "pipeline_model_parallel_size": 2,
  "pp_seg_method": "layer:DecoderLayer|EmptyLayer",
  "pretraining_tp": 2,
  "recompute_granularity": "full",
  "recompute_method": "uniform",
  "recompute_num_layers": 1,
  "rms_norm_eps": 1e-05,
  "rope_parameters": {
    "rope_theta": 10000.0,
    "rope_type": "default"
  },
  "rope_scaling": null,
  "rope_theta": 10000.0,
  "seq_length": 4096,
  "tensor_model_parallel_size": 8,
  "tie_word_embeddings": false,
  "torch_dtype": "float32",
  "use_cache": true,
  "use_fast_layer_norm": false,
  "vocab_size": 32000
}
, layer_idx=75)
[2026-04-17 13:39:04,208] [    INFO] pp_layers.py:900 - 77: DecoderLayerPipe(config=LlamaConfig {
  "_name_or_path": "./models/Llama-2-52B",
  "architectures": [
    "LlamaForCausalLM"
  ],
  "attention_bias": false,
  "attention_dropout": 0.0,
  "bos_token_id": 1,
  "enable_auto_parallel": false,
  "eos_token_id": 2,
  "head_dim": 128,
  "hidden_act": "silu",
  "hidden_size": 7168,
  "initializer_range": 0.006818968095896705,
  "intermediate_size": 19456,
  "is_lora": false,
  "max_position_embeddings": 4096,
  "max_sequence_length": 4096,
  "mlp_bias": false,
  "model_type": "llama",
  "moe_group_origin": "dummy",
  "moe_rank": 0,
  "moe_router_bias_update_rate": 0.0,
  "moe_world_size": 1,
  "num_attention_heads": 56,
  "num_hidden_layers": 80,
  "num_key_value_heads": 56,
  "pad_token_id": 0,
  "paddleformers_version": "1.1.0.post20260417",
  "pipeline_model_parallel_size": 2,
  "pp_seg_method": "layer:DecoderLayer|EmptyLayer",
  "pretraining_tp": 2,
  "recompute_granularity": "full",
  "recompute_method": "uniform",
  "recompute_num_layers": 1,
  "rms_norm_eps": 1e-05,
  "rope_parameters": {
    "rope_theta": 10000.0,
    "rope_type": "default"
  },
  "rope_scaling": null,
  "rope_theta": 10000.0,
  "seq_length": 4096,
  "tensor_model_parallel_size": 8,
  "tie_word_embeddings": false,
  "torch_dtype": "float32",
  "use_cache": true,
  "use_fast_layer_norm": false,
  "vocab_size": 32000
}
, layer_idx=76)
[2026-04-17 13:39:04,210] [    INFO] pp_layers.py:900 - 78: DecoderLayerPipe(config=LlamaConfig {
  "_name_or_path": "./models/Llama-2-52B",
  "architectures": [
    "LlamaForCausalLM"
  ],
  "attention_bias": false,
  "attention_dropout": 0.0,
  "bos_token_id": 1,
  "enable_auto_parallel": false,
  "eos_token_id": 2,
  "head_dim": 128,
  "hidden_act": "silu",
  "hidden_size": 7168,
  "initializer_range": 0.006818968095896705,
  "intermediate_size": 19456,
  "is_lora": false,
  "max_position_embeddings": 4096,
  "max_sequence_length": 4096,
  "mlp_bias": false,
  "model_type": "llama",
  "moe_group_origin": "dummy",
  "moe_rank": 0,
  "moe_router_bias_update_rate": 0.0,
  "moe_world_size": 1,
  "num_attention_heads": 56,
  "num_hidden_layers": 80,
  "num_key_value_heads": 56,
  "pad_token_id": 0,
  "paddleformers_version": "1.1.0.post20260417",
  "pipeline_model_parallel_size": 2,
  "pp_seg_method": "layer:DecoderLayer|EmptyLayer",
  "pretraining_tp": 2,
  "recompute_granularity": "full",
  "recompute_method": "uniform",
  "recompute_num_layers": 1,
  "rms_norm_eps": 1e-05,
  "rope_parameters": {
    "rope_theta": 10000.0,
    "rope_type": "default"
  },
  "rope_scaling": null,
  "rope_theta": 10000.0,
  "seq_length": 4096,
  "tensor_model_parallel_size": 8,
  "tie_word_embeddings": false,
  "torch_dtype": "float32",
  "use_cache": true,
  "use_fast_layer_norm": false,
  "vocab_size": 32000
}
, layer_idx=77)
[2026-04-17 13:39:04,213] [    INFO] pp_layers.py:900 - 79: DecoderLayerPipe(config=LlamaConfig {
  "_name_or_path": "./models/Llama-2-52B",
  "architectures": [
    "LlamaForCausalLM"
  ],
  "attention_bias": false,
  "attention_dropout": 0.0,
  "bos_token_id": 1,
  "enable_auto_parallel": false,
  "eos_token_id": 2,
  "head_dim": 128,
  "hidden_act": "silu",
  "hidden_size": 7168,
  "initializer_range": 0.006818968095896705,
  "intermediate_size": 19456,
  "is_lora": false,
  "max_position_embeddings": 4096,
  "max_sequence_length": 4096,
  "mlp_bias": false,
  "model_type": "llama",
  "moe_group_origin": "dummy",
  "moe_rank": 0,
  "moe_router_bias_update_rate": 0.0,
  "moe_world_size": 1,
  "num_attention_heads": 56,
  "num_hidden_layers": 80,
  "num_key_value_heads": 56,
  "pad_token_id": 0,
  "paddleformers_version": "1.1.0.post20260417",
  "pipeline_model_parallel_size": 2,
  "pp_seg_method": "layer:DecoderLayer|EmptyLayer",
  "pretraining_tp": 2,
  "recompute_granularity": "full",
  "recompute_method": "uniform",
  "recompute_num_layers": 1,
  "rms_norm_eps": 1e-05,
  "rope_parameters": {
    "rope_theta": 10000.0,
    "rope_type": "default"
  },
  "rope_scaling": null,
  "rope_theta": 10000.0,
  "seq_length": 4096,
  "tensor_model_parallel_size": 8,
  "tie_word_embeddings": false,
  "torch_dtype": "float32",
  "use_cache": true,
  "use_fast_layer_norm": false,
  "vocab_size": 32000
}
, layer_idx=78)
[2026-04-17 13:39:04,215] [    INFO] pp_layers.py:900 - 80: DecoderLayerPipe(config=LlamaConfig {
  "_name_or_path": "./models/Llama-2-52B",
  "architectures": [
    "LlamaForCausalLM"
  ],
  "attention_bias": false,
  "attention_dropout": 0.0,
  "bos_token_id": 1,
  "enable_auto_parallel": false,
  "eos_token_id": 2,
  "head_dim": 128,
  "hidden_act": "silu",
  "hidden_size": 7168,
  "initializer_range": 0.006818968095896705,
  "intermediate_size": 19456,
  "is_lora": false,
  "max_position_embeddings": 4096,
  "max_sequence_length": 4096,
  "mlp_bias": false,
  "model_type": "llama",
  "moe_group_origin": "dummy",
  "moe_rank": 0,
  "moe_router_bias_update_rate": 0.0,
  "moe_world_size": 1,
  "num_attention_heads": 56,
  "num_hidden_layers": 80,
  "num_key_value_heads": 56,
  "pad_token_id": 0,
  "paddleformers_version": "1.1.0.post20260417",
  "pipeline_model_parallel_size": 2,
  "pp_seg_method": "layer:DecoderLayer|EmptyLayer",
  "pretraining_tp": 2,
  "recompute_granularity": "full",
  "recompute_method": "uniform",
  "recompute_num_layers": 1,
  "rms_norm_eps": 1e-05,
  "rope_parameters": {
    "rope_theta": 10000.0,
    "rope_type": "default"
  },
  "rope_scaling": null,
  "rope_theta": 10000.0,
  "seq_length": 4096,
  "tensor_model_parallel_size": 8,
  "tie_word_embeddings": false,
  "torch_dtype": "float32",
  "use_cache": true,
  "use_fast_layer_norm": false,
  "vocab_size": 32000
}
, layer_idx=79)
[2026-04-17 13:39:04,218] [    INFO] pp_layers.py:900 - 81: RMSNormPipe(config=LlamaConfig {
  "_name_or_path": "./models/Llama-2-52B",
  "architectures": [
    "LlamaForCausalLM"
  ],
  "attention_bias": false,
  "attention_dropout": 0.0,
  "bos_token_id": 1,
  "enable_auto_parallel": false,
  "eos_token_id": 2,
  "head_dim": 128,
  "hidden_act": "silu",
  "hidden_size": 7168,
  "initializer_range": 0.006818968095896705,
  "intermediate_size": 19456,
  "is_lora": false,
  "max_position_embeddings": 4096,
  "max_sequence_length": 4096,
  "mlp_bias": false,
  "model_type": "llama",
  "moe_group_origin": "dummy",
  "moe_rank": 0,
  "moe_router_bias_update_rate": 0.0,
  "moe_world_size": 1,
  "num_attention_heads": 56,
  "num_hidden_layers": 80,
  "num_key_value_heads": 56,
  "pad_token_id": 0,
  "paddleformers_version": "1.1.0.post20260417",
  "pipeline_model_parallel_size": 2,
  "pp_seg_method": "layer:DecoderLayer|EmptyLayer",
  "pretraining_tp": 2,
  "recompute_granularity": "full",
  "recompute_method": "uniform",
  "recompute_num_layers": 1,
  "rms_norm_eps": 1e-05,
  "rope_parameters": {
    "rope_theta": 10000.0,
    "rope_type": "default"
  },
  "rope_scaling": null,
  "rope_theta": 10000.0,
  "seq_length": 4096,
  "tensor_model_parallel_size": 8,
  "tie_word_embeddings": false,
  "torch_dtype": "float32",
  "use_cache": true,
  "use_fast_layer_norm": false,
  "vocab_size": 32000
}
)
[2026-04-17 13:39:04,221] [    INFO] pp_layers.py:900 - 82: LMHeadPipe(config=LlamaConfig {
  "_name_or_path": "./models/Llama-2-52B",
  "architectures": [
    "LlamaForCausalLM"
  ],
  "attention_bias": false,
  "attention_dropout": 0.0,
  "bos_token_id": 1,
  "enable_auto_parallel": false,
  "eos_token_id": 2,
  "head_dim": 128,
  "hidden_act": "silu",
  "hidden_size": 7168,
  "initializer_range": 0.006818968095896705,
  "intermediate_size": 19456,
  "is_lora": false,
  "max_position_embeddings": 4096,
  "max_sequence_length": 4096,
  "mlp_bias": false,
  "model_type": "llama",
  "moe_group_origin": "dummy",
  "moe_rank": 0,
  "moe_router_bias_update_rate": 0.0,
  "moe_world_size": 1,
  "num_attention_heads": 56,
  "num_hidden_layers": 80,
  "num_key_value_heads": 56,
  "pad_token_id": 0,
  "paddleformers_version": "1.1.0.post20260417",
  "pipeline_model_parallel_size": 2,
  "pp_seg_method": "layer:DecoderLayer|EmptyLayer",
  "pretraining_tp": 2,
  "recompute_granularity": "full",
  "recompute_method": "uniform",
  "recompute_num_layers": 1,
  "rms_norm_eps": 1e-05,
  "rope_parameters": {
    "rope_theta": 10000.0,
    "rope_type": "default"
  },
  "rope_scaling": null,
  "rope_theta": 10000.0,
  "seq_length": 4096,
  "tensor_model_parallel_size": 8,
  "tie_word_embeddings": false,
  "torch_dtype": "float32",
  "use_cache": true,
  "use_fast_layer_norm": false,
  "vocab_size": 32000
}
)
[2026-04-17 13:39:04,222] [    INFO] pp_layers.py:922 - loss: CriterionLayerPipe
[2026-04-17 13:39:04,421] [    INFO] pp_layers.py:979 - flush 42 of layers into run_function
/public/home/baidu_test/hygon_2030/Paddle/build/python/paddle/distributed/fleet/meta_parallel/parallel_layers/pp_layers.py:674: UserWarning: No shared comm will be constructed, this may happen when all shared attrs are on a same stage.
  warnings.warn(
[2026-04-17 13:39:04,430] [    INFO] pp_layers.py:979 - flush 41 of layers into run_function
[32m[2026-04-17 13:39:04,433] [    INFO][0m - Using download source: huggingface[0m
/public/home/baidu_test/hygon_2030/Paddle/build/python/paddle/distributed/fleet/meta_parallel/parallel_layers/pp_layers.py:674: UserWarning: No shared comm will be constructed, this may happen when all shared attrs are on a same stage.
  warnings.warn(
[32m[2026-04-17 13:39:04,457] [    INFO][0m - Using download source: huggingface[0m
[32m[2026-04-17 13:39:04,752] [    INFO][0m - Loading configuration file ./models/Llama-2-52B/config.json[0m
[32m[2026-04-17 13:39:04,760] [    INFO][0m - Using download source: huggingface[0m
[32m[2026-04-17 13:39:04,787] [    INFO][0m - Loading configuration file ./models/Llama-2-52B/config.json[0m
[32m[2026-04-17 13:39:04,792] [    INFO][0m - Using download source: huggingface[0m
[33m[2026-04-17 13:39:05,066] [ WARNING][0m - `template` was not specified, use `empty` template.[0m
[33m[2026-04-17 13:39:05,081] [ WARNING][0m - suffix is not specified, using eos token as suffix.[0m
[33m[2026-04-17 13:39:05,117] [ WARNING][0m - `template` was not specified, use `empty` template.[0m
[33m[2026-04-17 13:39:05,124] [ WARNING][0m - suffix is not specified, using eos token as suffix.[0m
 > building dataset index ...
    reading sizes...
    reading pointers...
    reading document index...
    creating numpy buffer of mmap...
    creating memory view of numpy buffer...
 > finished creating indexed dataset in 0.011373 seconds
    number of documents: 100000
 > dataset split:
    train:
     document indices in [0, 99000) total of 99000 documents
    validation:
     document indices in [99000, 100000) total of 1000 documents
    test:
     document indices in [100000, 100000) total of 0 documents
W0417 13:39:05.162055  9735 nccl_comm_context.cc:70] ncclCommInitRankConfigMemOpt is not supported.
W0417 13:39:05.203183 44663 nccl_comm_context.cc:70] ncclCommInitRankConfigMemOpt is not supported.
searching for causal dataset, build_indices=True, share_folder False, check_rank_flag Truesearching for causal dataset, build_indices=True, share_folder False, check_rank_flag True

 > WARNING: could not find index map files, building the indices on rank 0 ... > only one epoch required, setting separate_last_epoch to False

 > only one epoch required, setting separate_last_epoch to False
    using:
     number of documents:       99000
 > elapsed time to build and save doc-idx mapping (seconds): 0.040192     number of epochs:          
1    using:

     sequence length:                number of documents:       409699000

     total number of samples:        number of epochs:          298621

     sequence length:           4096
 > building shuffle index with split [0, 29862) and [29862, 29862) ...     total number of samples:   
29862
 > elapsed time to build and save sample-idx mapping (seconds): 0.114307
 > building shuffle index with split [0, 29862) and [29862, 29862) ...
 > elapsed time to build and save shuffle-idx mapping (seconds): 0.009950
 > loading doc-idx mapping from ./data/pt/index-cache/bad8d562cade2efe0375b3453d6fbdf5_doc_idx.npy
 > loading sample-idx mapping from ./data/pt/index-cache/bad8d562cade2efe0375b3453d6fbdf5_sample_idx.npy
 > loading shuffle-idx mapping from ./data/pt/index-cache/bad8d562cade2efe0375b3453d6fbdf5_shuffle_idx.npy
    loaded indexed file in 0.010 seconds
    total number of samples: 29863
    total number of epochs: 1
searching for causal dataset, build_indices=True, share_folder False, check_rank_flag Truesearching for causal dataset, build_indices=True, share_folder False, check_rank_flag True

 > WARNING: could not find index map files, building the indices on rank 0 ... > only one epoch required, setting separate_last_epoch to False

 > only one epoch required, setting separate_last_epoch to False
    using: > elapsed time to build and save doc-idx mapping (seconds): 0.006404

     number of documents:           using:1000

     number of documents:            number of epochs:          10001

     number of epochs:               sequence length:           14096

     sequence length:                total number of samples:   4096256

     total number of samples:   256
 > building shuffle index with split [0, 256) and [256, 256) ...
 > elapsed time to build and save sample-idx mapping (seconds): 0.088000
 > building shuffle index with split [0, 256) and [256, 256) ...
 > elapsed time to build and save shuffle-idx mapping (seconds): 0.012847
 > loading doc-idx mapping from ./data/pt/index-cache/52bb0c44fb79ee20979f924aa1db25fe_doc_idx.npy
 > loading sample-idx mapping from ./data/pt/index-cache/52bb0c44fb79ee20979f924aa1db25fe_sample_idx.npy
 > loading shuffle-idx mapping from ./data/pt/index-cache/52bb0c44fb79ee20979f924aa1db25fe_shuffle_idx.npy
    loaded indexed file in 0.015 seconds
    total number of samples: 257
    total number of epochs: 1
building indices for the blendable dataset, Since --data_cache is not specified, the index file will not be stored.> building indices for blendable datasets ...

> building indices for blendable datasets ... > sample ratios:

 > sample ratios:   dataset 
0   dataset , input: 01, input: , achieved: 11, achieved: 
1> building indices for blendable datasets ...

> elapsed time for building blendable dataset indices: 0.07 (sec) > sample ratios:

> size of blendable dataset: 40 samples   dataset 
0building indices for the blendable dataset, Since --data_cache is not specified, the index file will not be stored., input: 
1> building indices for blendable datasets ..., achieved: 
1 > sample ratios:

[32m[2026-04-17 13:39:12,163] [    INFO][0m - Setting max_seq_len to None using PaddleFormers Model.[0m
   dataset callbacks:0 , input: [<paddleformers.trainer.trainer_callback.FP8QuantWeightCallback object at 0x153fd9329ff0>]1
, achieved: [35m[2026-04-17 13:39:12,232] [   DEBUG][0m - 8: main local process completed work, releasing all replicas[0m
1
> elapsed time for building blendable dataset indices: 0.10 (sec)
> size of blendable dataset: 10 samples
[32m[2026-04-17 13:39:12,246] [    INFO][0m - Setting max_seq_len to None using PaddleFormers Model.[0m
callbacks: [<paddleformers.trainer.trainer_callback.FP8QuantWeightCallback object at 0x147b735ae2f0>]
[35m[2026-04-17 13:39:12,256] [   DEBUG][0m - 0: main local process completed work, releasing all replicas[0m
[32m[2026-04-17 13:39:12,258] [    INFO][0m - The global seed is set to 23, local seed is set to 39 and random seed is set to 23.[0m
[32m[2026-04-17 13:39:12,258] [    INFO][0m - The global seed is set to 31, local seed is set to 47 and random seed is set to 123.[0m
[32m[2026-04-17 13:39:12,514] [    INFO][0m - max_steps is given, it will override any value given in num_train_epochs[0m
[32m[2026-04-17 13:39:12,518] [    INFO][0m - Using half precision[0m
/public/home/baidu_test/hygon_2030/PaddleFormers/paddleformers/trainer/trainer.py:643: VisibleDeprecationWarning: [93m
Warning:
API "paddle.distributed.fleet.utils.mix_precision_utils.MixPrecisionScaler" is deprecated since 2.5.0, and will be removed in future versions. Please use "paddle.distributed_scaler" instead. [0m
  mix_precision_utils.MixPrecisionScaler(self.scaler)  # return value has no use
[35m[2026-04-17 13:39:12,526] [   DEBUG][0m - ============================================================[0m
[35m[2026-04-17 13:39:12,527] [   DEBUG][0m -     Training Configuration Arguments    [0m
[35m[2026-04-17 13:39:12,528] [   DEBUG][0m - paddle commit id              : 49365aedc591d696031d8774418280d044b6d6f7[0m
[35m[2026-04-17 13:39:12,529] [   DEBUG][0m - paddleformers commit id       : eabee61c526c00a830efd09c629b9f5a8bde7712.dirty[0m
[35m[2026-04-17 13:39:12,531] [   DEBUG][0m - _no_sync_in_gradient_accumulation: True[0m
[35m[2026-04-17 13:39:12,532] [   DEBUG][0m - adam_beta1                    : 0.9[0m
[35m[2026-04-17 13:39:12,533] [   DEBUG][0m - adam_beta2                    : 0.999[0m
[35m[2026-04-17 13:39:12,535] [   DEBUG][0m - adam_epsilon                  : 1e-08[0m
[35m[2026-04-17 13:39:12,536] [   DEBUG][0m - amp_custom_black_list         : ['reduce_sum', 'softmax_with_cross_entropy', 'c_softmax_with_cross_entropy', 'elementwise_div', 'sin', 'cos'][0m
[35m[2026-04-17 13:39:12,537] [   DEBUG][0m - amp_custom_white_list         : ['lookup_table', 'lookup_table_v2', 'flash_attn', 'matmul', 'matmul_v2', 'fused_gemm_epilogue'][0m
[35m[2026-04-17 13:39:12,540] [   DEBUG][0m - amp_master_grad               : True[0m
[35m[2026-04-17 13:39:12,545] [   DEBUG][0m - aoa_config                    : None[0m
[35m[2026-04-17 13:39:12,546] [   DEBUG][0m - apply_rope_fusion             : False[0m
[35m[2026-04-17 13:39:12,547] [   DEBUG][0m - attention_probs_dropout_prob  : 0.0[0m
[35m[2026-04-17 13:39:12,548] [   DEBUG][0m - auto_parallel_resume_form_hybrid_parallel: False[0m
[35m[2026-04-17 13:39:12,549] [   DEBUG][0m - auto_parallel_sync_shared_params: False[0m
[35m[2026-04-17 13:39:12,550] [   DEBUG][0m - autotuner_benchmark           : False[0m
[35m[2026-04-17 13:39:12,552] [   DEBUG][0m - balanced_image_preprocess     : False[0m
[35m[2026-04-17 13:39:12,553] [   DEBUG][0m - batch_p2p_comm                : True[0m
[35m[2026-04-17 13:39:12,554] [   DEBUG][0m - benchmark                     : False[0m
[35m[2026-04-17 13:39:12,555] [   DEBUG][0m - best_unbalanced_scheduler     : False[0m
[35m[2026-04-17 13:39:12,556] [   DEBUG][0m - beta                          : 0.1[0m
[35m[2026-04-17 13:39:12,557] [   DEBUG][0m - bf16                          : True[0m
[35m[2026-04-17 13:39:12,559] [   DEBUG][0m - bf16_full_eval                : False[0m
[35m[2026-04-17 13:39:12,560] [   DEBUG][0m - ckpt_quant_stage              : O0[0m
[35m[2026-04-17 13:39:12,561] [   DEBUG][0m - clear_every_step_cache        : False[0m
[35m[2026-04-17 13:39:12,562] [   DEBUG][0m - compute_type                  : bf16[0m
[35m[2026-04-17 13:39:12,563] [   DEBUG][0m - context_parallel_rank         : 0[0m
[35m[2026-04-17 13:39:12,564] [   DEBUG][0m - context_parallel_size         : 1[0m
[35m[2026-04-17 13:39:12,565] [   DEBUG][0m - convert_from_hf               : True[0m
[35m[2026-04-17 13:39:12,569] [   DEBUG][0m - copy_custom_file_list         : [0m
[35m[2026-04-17 13:39:12,571] [   DEBUG][0m - count_trained_tokens          : False[0m
[35m[2026-04-17 13:39:12,572] [   DEBUG][0m - cp_comm_type                  : None[0m
[35m[2026-04-17 13:39:12,573] [   DEBUG][0m - cp_sharding_degree            : 1[0m
[35m[2026-04-17 13:39:12,574] [   DEBUG][0m - cp_sharding_rank              : 0[0m
[35m[2026-04-17 13:39:12,575] [   DEBUG][0m - current_device                : gpu:0[0m
[35m[2026-04-17 13:39:12,576] [   DEBUG][0m - data_parallel_config          : [0m
[35m[2026-04-17 13:39:12,577] [   DEBUG][0m - data_parallel_rank            : 0[0m
[35m[2026-04-17 13:39:12,579] [   DEBUG][0m - data_parallel_size            : 1[0m
[35m[2026-04-17 13:39:12,580] [   DEBUG][0m - dataloader_drop_last          : False[0m
[35m[2026-04-17 13:39:12,581] [   DEBUG][0m - dataloader_num_workers        : 0[0m
[35m[2026-04-17 13:39:12,583] [   DEBUG][0m - dataloader_shuffle            : True[0m
[35m[2026-04-17 13:39:12,584] [   DEBUG][0m - dataset_batch_size            : 1000[0m
[35m[2026-04-17 13:39:12,587] [   DEBUG][0m - dataset_kwargs                : {}[0m
[35m[2026-04-17 13:39:12,588] [   DEBUG][0m - dataset_num_proc              : None[0m
[35m[2026-04-17 13:39:12,589] [   DEBUG][0m - dataset_rank                  : 0[0m
[35m[2026-04-17 13:39:12,591] [   DEBUG][0m - dataset_text_field            : text[0m
[35m[2026-04-17 13:39:12,596] [   DEBUG][0m - dataset_world_size            : 1[0m
[35m[2026-04-17 13:39:12,597] [   DEBUG][0m - ddp_find_unused_parameters    : None[0m
[35m[2026-04-17 13:39:12,599] [   DEBUG][0m - decay_function                : half_life[0m
[35m[2026-04-17 13:39:12,601] [   DEBUG][0m - decay_steps                   : 10[0m
[35m[2026-04-17 13:39:12,603] [   DEBUG][0m - deterministic_mode            : False[0m
[35m[2026-04-17 13:39:12,604] [   DEBUG][0m - device                        : gpu[0m
[35m[2026-04-17 13:39:12,605] [   DEBUG][0m - disable_tqdm                  : False[0m
[35m[2026-04-17 13:39:12,606] [   DEBUG][0m - distributed_dataloader        : False[0m
[35m[2026-04-17 13:39:12,607] [   DEBUG][0m - do_eval                       : True[0m
[35m[2026-04-17 13:39:12,608] [   DEBUG][0m - do_export                     : False[0m
[35m[2026-04-17 13:39:12,609] [   DEBUG][0m - do_predict                    : False[0m
[35m[2026-04-17 13:39:12,611] [   DEBUG][0m - do_train                      : True[0m
[35m[2026-04-17 13:39:12,611] [   DEBUG][0m - download_hub                  : None[0m
[35m[2026-04-17 13:39:12,612] [   DEBUG][0m - dp_allreduce_avg_in_gradinent_scale: False[0m
[35m[2026-04-17 13:39:12,614] [   DEBUG][0m - dp_comm_overlap               : False[0m
[35m[2026-04-17 13:39:12,615] [   DEBUG][0m - dpop_lambda                   : 50[0m
[35m[2026-04-17 13:39:12,616] [   DEBUG][0m - embedding_init_method         : None[0m
[35m[2026-04-17 13:39:12,617] [   DEBUG][0m - embedding_init_method_std     : 0.02[0m
[35m[2026-04-17 13:39:12,622] [   DEBUG][0m - enable_auto_parallel          : False[0m
[35m[2026-04-17 13:39:12,623] [   DEBUG][0m - enable_linear_fused_grad_add  : False[0m
[35m[2026-04-17 13:39:12,624] [   DEBUG][0m - enable_mtp_magic_send         : False[0m
[35m[2026-04-17 13:39:12,625] [   DEBUG][0m - enable_sharding_comm_overlap  : False[0m
[35m[2026-04-17 13:39:12,626] [   DEBUG][0m - enable_zero_cost_checkpoint   : False[0m
[35m[2026-04-17 13:39:12,627] [   DEBUG][0m - estimation_output_file        : estimation_output.json[0m
[35m[2026-04-17 13:39:12,628] [   DEBUG][0m - eval_accumulation_steps       : None[0m
[35m[2026-04-17 13:39:12,629] [   DEBUG][0m - eval_batch_size               : 1[0m
[35m[2026-04-17 13:39:12,631] [   DEBUG][0m - eval_iters                    : 10[0m
[35m[2026-04-17 13:39:12,632] [   DEBUG][0m - eval_steps                    : 100[0m
[35m[2026-04-17 13:39:12,633] [   DEBUG][0m - evaluation_strategy           : IntervalStrategy.STEPS[0m
[35m[2026-04-17 13:39:12,634] [   DEBUG][0m - expert_model_parallel_size    : 1[0m
[35m[2026-04-17 13:39:12,636] [   DEBUG][0m - expert_parallel_rank          : 0[0m
[35m[2026-04-17 13:39:12,637] [   DEBUG][0m - expert_tensor_model_parallel_size: 1[0m
[35m[2026-04-17 13:39:12,637] [   DEBUG][0m - fa_version                    : 2[0m
[35m[2026-04-17 13:39:12,638] [   DEBUG][0m - factor                        : 20[0m
[35m[2026-04-17 13:39:12,640] [   DEBUG][0m - flash_device_save_steps       : 0[0m
[35m[2026-04-17 13:39:12,641] [   DEBUG][0m - flatten_param_grads           : False[0m
[35m[2026-04-17 13:39:12,642] [   DEBUG][0m - force_reshard_pp              : False[0m
[35m[2026-04-17 13:39:12,643] [   DEBUG][0m - forward_backward_overlap_scheduler: False[0m
[35m[2026-04-17 13:39:12,644] [   DEBUG][0m - fp16                          : False[0m
[35m[2026-04-17 13:39:12,645] [   DEBUG][0m - fp16_full_eval                : False[0m
[35m[2026-04-17 13:39:12,647] [   DEBUG][0m - fp16_opt_level                : O1[0m
[35m[2026-04-17 13:39:12,647] [   DEBUG][0m - fp32_residual_connection      : True[0m
[35m[2026-04-17 13:39:12,648] [   DEBUG][0m - fp8                           : None[0m
[35m[2026-04-17 13:39:12,650] [   DEBUG][0m - fp8_wgrad                     : True[0m
[35m[2026-04-17 13:39:12,650] [   DEBUG][0m - freeze_config                 : [0m
[35m[2026-04-17 13:39:12,651] [   DEBUG][0m - fuse_optimizer_states         : False[0m
[35m[2026-04-17 13:39:12,653] [   DEBUG][0m - fuse_sequence_parallel_allreduce: False[0m
[35m[2026-04-17 13:39:12,654] [   DEBUG][0m - fuse_swiglu                   : False[0m
[35m[2026-04-17 13:39:12,655] [   DEBUG][0m - gated_linear_unit             : True[0m
[35m[2026-04-17 13:39:12,656] [   DEBUG][0m - gc_interval                   : 0[0m
[35m[2026-04-17 13:39:12,657] [   DEBUG][0m - global_batch_size             : 4[0m
[35m[2026-04-17 13:39:12,658] [   DEBUG][0m - global_logging_interval       : 1[0m
[35m[2026-04-17 13:39:12,659] [   DEBUG][0m - gradient_accumulation_steps   : 4[0m
[35m[2026-04-17 13:39:12,660] [   DEBUG][0m - gradient_sync_after_accumulate: False[0m
[35m[2026-04-17 13:39:12,660] [   DEBUG][0m - greater_is_better             : None[0m
[32m[2026-04-17 13:39:12,660] [    INFO][0m - max_steps is given, it will override any value given in num_train_epochs[0m
[35m[2026-04-17 13:39:12,662] [   DEBUG][0m - hidden_dropout_prob           : 0.0[0m
[32m[2026-04-17 13:39:12,663] [    INFO][0m - Using half precision[0m
[35m[2026-04-17 13:39:12,687] [   DEBUG][0m - hidden_size                   : None[0m
/public/home/baidu_test/hygon_2030/PaddleFormers/paddleformers/trainer/trainer.py:643: VisibleDeprecationWarning: [93m
Warning:
API "paddle.distributed.fleet.utils.mix_precision_utils.MixPrecisionScaler" is deprecated since 2.5.0, and will be removed in future versions. Please use "paddle.distributed_scaler" instead. [0m
  mix_precision_utils.MixPrecisionScaler(self.scaler)  # return value has no use
[35m[2026-04-17 13:39:12,696] [   DEBUG][0m - hybrid_parallel_expert_grad_scale: 8.0[0m
[35m[2026-04-17 13:39:12,700] [   DEBUG][0m - ============================================================[0m
[35m[2026-04-17 13:39:12,702] [   DEBUG][0m - hybrid_parallel_topo_order    : sharding_first[0m
[35m[2026-04-17 13:39:12,704] [   DEBUG][0m -     Training Configuration Arguments    [0m
[35m[2026-04-17 13:39:12,707] [   DEBUG][0m - ignore_data_skip              : False[0m
[35m[2026-04-17 13:39:12,710] [   DEBUG][0m - paddle commit id              : 49365aedc591d696031d8774418280d044b6d6f7[0m
[35m[2026-04-17 13:39:12,713] [   DEBUG][0m - ignore_eos_token              : False[0m
[35m[2026-04-17 13:39:12,718] [   DEBUG][0m - paddleformers commit id       : eabee61c526c00a830efd09c629b9f5a8bde7712.dirty[0m
[35m[2026-04-17 13:39:12,721] [   DEBUG][0m - ignore_load_lr_and_optim      : False[0m
[35m[2026-04-17 13:39:12,724] [   DEBUG][0m - _no_sync_in_gradient_accumulation: True[0m
[35m[2026-04-17 13:39:12,726] [   DEBUG][0m - ignore_save_lr_and_optim      : False[0m
[35m[2026-04-17 13:39:12,728] [   DEBUG][0m - adam_beta1                    : 0.9[0m
[35m[2026-04-17 13:39:12,731] [   DEBUG][0m - init_method                   : None[0m
[35m[2026-04-17 13:39:12,733] [   DEBUG][0m - adam_beta2                    : 0.999[0m
[35m[2026-04-17 13:39:12,736] [   DEBUG][0m - intermediate_size             : None[0m
[35m[2026-04-17 13:39:12,738] [   DEBUG][0m - adam_epsilon                  : 1e-08[0m
[35m[2026-04-17 13:39:12,744] [   DEBUG][0m - label_names                   : None[0m
[35m[2026-04-17 13:39:12,747] [   DEBUG][0m - amp_custom_black_list         : ['reduce_sum', 'softmax_with_cross_entropy', 'c_softmax_with_cross_entropy', 'elementwise_div', 'sin', 'cos'][0m
[35m[2026-04-17 13:39:12,749] [   DEBUG][0m - label_smoothing               : 0.0[0m
[35m[2026-04-17 13:39:12,751] [   DEBUG][0m - amp_custom_white_list         : ['lookup_table', 'lookup_table_v2', 'flash_attn', 'matmul', 'matmul_v2', 'fused_gemm_epilogue'][0m
[35m[2026-04-17 13:39:12,754] [   DEBUG][0m - lazy_data_processing          : True[0m
[35m[2026-04-17 13:39:12,756] [   DEBUG][0m - amp_master_grad               : True[0m
[35m[2026-04-17 13:39:12,759] [   DEBUG][0m - learning_rate                 : 0.0001[0m
[35m[2026-04-17 13:39:12,761] [   DEBUG][0m - aoa_config                    : None[0m
[35m[2026-04-17 13:39:12,768] [   DEBUG][0m - load_best_model_at_end        : False[0m
[35m[2026-04-17 13:39:12,771] [   DEBUG][0m - apply_rope_fusion             : False[0m
[35m[2026-04-17 13:39:12,776] [   DEBUG][0m - load_checkpoint_format        : flex_checkpoint[0m
[35m[2026-04-17 13:39:12,779] [   DEBUG][0m - attention_probs_dropout_prob  : 0.0[0m
[35m[2026-04-17 13:39:12,782] [   DEBUG][0m - load_from_hf                  : False[0m
[35m[2026-04-17 13:39:12,784] [   DEBUG][0m - auto_parallel_resume_form_hybrid_parallel: False[0m
[35m[2026-04-17 13:39:12,787] [   DEBUG][0m - load_sharded_model            : False[0m
[35m[2026-04-17 13:39:12,792] [   DEBUG][0m - auto_parallel_sync_shared_params: False[0m
[35m[2026-04-17 13:39:12,796] [   DEBUG][0m - load_sharded_model_remap_parameter_name: False[0m
[35m[2026-04-17 13:39:12,798] [   DEBUG][0m - autotuner_benchmark           : False[0m
[35m[2026-04-17 13:39:12,802] [   DEBUG][0m - load_via_cpu                  : True[0m
[35m[2026-04-17 13:39:12,804] [   DEBUG][0m - balanced_image_preprocess     : False[0m
[35m[2026-04-17 13:39:12,807] [   DEBUG][0m - local_process_index           : 0[0m
[35m[2026-04-17 13:39:12,815] [   DEBUG][0m - batch_p2p_comm                : True[0m
[35m[2026-04-17 13:39:12,818] [   DEBUG][0m - local_rank                    : 0[0m
[35m[2026-04-17 13:39:12,820] [   DEBUG][0m - benchmark                     : False[0m
[35m[2026-04-17 13:39:12,823] [   DEBUG][0m - log_global_grad_norm          : False[0m
[35m[2026-04-17 13:39:12,825] [   DEBUG][0m - best_unbalanced_scheduler     : False[0m
[35m[2026-04-17 13:39:12,847] [   DEBUG][0m - log_level                     : -1[0m
[35m[2026-04-17 13:39:12,850] [   DEBUG][0m - beta                          : 0.1[0m
[35m[2026-04-17 13:39:12,853] [   DEBUG][0m - log_level_replica             : -1[0m
[35m[2026-04-17 13:39:12,859] [   DEBUG][0m - bf16                          : True[0m
[35m[2026-04-17 13:39:12,862] [   DEBUG][0m - log_on_each_node              : True[0m
[35m[2026-04-17 13:39:12,865] [   DEBUG][0m - bf16_full_eval                : False[0m
[35m[2026-04-17 13:39:12,867] [   DEBUG][0m - logging_dir                   : ./logs/pt/52b[0m
[35m[2026-04-17 13:39:12,869] [   DEBUG][0m - ckpt_quant_stage              : O0[0m
[35m[2026-04-17 13:39:12,873] [   DEBUG][0m - logging_first_step            : False[0m
[35m[2026-04-17 13:39:12,876] [   DEBUG][0m - clear_every_step_cache        : False[0m
[35m[2026-04-17 13:39:12,879] [   DEBUG][0m - logging_steps                 : 1[0m
[35m[2026-04-17 13:39:12,881] [   DEBUG][0m - compute_type                  : bf16[0m
[35m[2026-04-17 13:39:12,929] [   DEBUG][0m - logging_strategy              : IntervalStrategy.STEPS[0m
[35m[2026-04-17 13:39:12,932] [   DEBUG][0m - context_parallel_rank         : 0[0m
[35m[2026-04-17 13:39:12,935] [   DEBUG][0m - logical_process_index         : 0[0m
[35m[2026-04-17 13:39:12,937] [   DEBUG][0m - context_parallel_size         : 1[0m
[35m[2026-04-17 13:39:12,940] [   DEBUG][0m - loss_subbatch_sequence_length : -1[0m
[35m[2026-04-17 13:39:12,942] [   DEBUG][0m - convert_from_hf               : True[0m
[35m[2026-04-17 13:39:12,948] [   DEBUG][0m - loss_type                     : sigmoid[0m
[35m[2026-04-17 13:39:12,950] [   DEBUG][0m - copy_custom_file_list         : [0m
[35m[2026-04-17 13:39:12,953] [   DEBUG][0m - lr_end                        : 1e-07[0m
[35m[2026-04-17 13:39:12,955] [   DEBUG][0m - count_trained_tokens          : False[0m
[35m[2026-04-17 13:39:12,958] [   DEBUG][0m - lr_scheduler                  : cosine[0m
[35m[2026-04-17 13:39:12,961] [   DEBUG][0m - cp_comm_type                  : None[0m
[35m[2026-04-17 13:39:12,963] [   DEBUG][0m - lr_scheduler_type             : SchedulerType.LINEAR[0m
[35m[2026-04-17 13:39:12,965] [   DEBUG][0m - cp_sharding_degree            : 1[0m
[35m[2026-04-17 13:39:13,015] [   DEBUG][0m - max_estimate_samples          : 100000.0[0m
[35m[2026-04-17 13:39:13,022] [   DEBUG][0m - cp_sharding_rank              : 0[0m
[35m[2026-04-17 13:39:13,025] [   DEBUG][0m - max_evaluate_steps            : -1[0m
[35m[2026-04-17 13:39:13,028] [   DEBUG][0m - current_device                : gpu:0[0m
[35m[2026-04-17 13:39:13,031] [   DEBUG][0m - max_grad_norm                 : 1.0[0m
[35m[2026-04-17 13:39:13,035] [   DEBUG][0m - data_parallel_config          : [0m
[35m[2026-04-17 13:39:13,038] [   DEBUG][0m - max_gradient_accumulation_steps: 4[0m
[35m[2026-04-17 13:39:13,040] [   DEBUG][0m - data_parallel_rank            : 0[0m
[35m[2026-04-17 13:39:13,043] [   DEBUG][0m - max_seq_len                   : 4096[0m
[35m[2026-04-17 13:39:13,045] [   DEBUG][0m - data_parallel_size            : 1[0m
[35m[2026-04-17 13:39:13,048] [   DEBUG][0m - max_steps                     : 10[0m
[35m[2026-04-17 13:39:13,053] [   DEBUG][0m - dataloader_drop_last          : False[0m
[35m[2026-04-17 13:39:13,058] [   DEBUG][0m - merge_with_qdq_base_model     : False[0m
[35m[2026-04-17 13:39:13,060] [   DEBUG][0m - dataloader_num_workers        : 0[0m
[35m[2026-04-17 13:39:13,064] [   DEBUG][0m - metric_for_best_model         : None[0m
[35m[2026-04-17 13:39:13,066] [   DEBUG][0m - dataloader_shuffle            : True[0m
[35m[2026-04-17 13:39:13,069] [   DEBUG][0m - metrics_output_path           : None[0m
[35m[2026-04-17 13:39:13,072] [   DEBUG][0m - dataset_batch_size            : 1000[0m
[35m[2026-04-17 13:39:13,074] [   DEBUG][0m - min_lr                        : 0.0[0m
[35m[2026-04-17 13:39:13,080] [   DEBUG][0m - dataset_kwargs                : {}[0m
[35m[2026-04-17 13:39:13,114] [   DEBUG][0m - minimum_eval_times            : None[0m
[35m[2026-04-17 13:39:13,117] [   DEBUG][0m - dataset_num_proc              : None[0m
[35m[2026-04-17 13:39:13,120] [   DEBUG][0m - model_name_or_path            : ./models/Llama-2-52B[0m
[35m[2026-04-17 13:39:13,122] [   DEBUG][0m - dataset_rank                  : 0[0m
[35m[2026-04-17 13:39:13,125] [   DEBUG][0m - moe_deep_gemm                 : False[0m
[35m[2026-04-17 13:39:13,130] [   DEBUG][0m - dataset_text_field            : text[0m
[35m[2026-04-17 13:39:13,133] [   DEBUG][0m - moe_deepep_num_sms            : None[0m
[35m[2026-04-17 13:39:13,135] [   DEBUG][0m - dataset_world_size            : 1[0m
[35m[2026-04-17 13:39:13,139] [   DEBUG][0m - moe_dequant_input             : False[0m
[35m[2026-04-17 13:39:13,153] [   DEBUG][0m - ddp_find_unused_parameters    : None[0m
[35m[2026-04-17 13:39:13,159] [   DEBUG][0m - moe_dropout_prob              : 0.0[0m
[35m[2026-04-17 13:39:13,161] [   DEBUG][0m - decay_function                : half_life[0m
[35m[2026-04-17 13:39:13,164] [   DEBUG][0m - moe_ep_barrier                : True[0m
[35m[2026-04-17 13:39:13,166] [   DEBUG][0m - decay_steps                   : 10[0m
[35m[2026-04-17 13:39:13,169] [   DEBUG][0m - moe_expert_capacity_factor    : 0.0[0m
[35m[2026-04-17 13:39:13,171] [   DEBUG][0m - deterministic_mode            : False[0m
[35m[2026-04-17 13:39:13,177] [   DEBUG][0m - moe_expert_fusion             : True[0m
[35m[2026-04-17 13:39:13,180] [   DEBUG][0m - device                        : gpu[0m
[35m[2026-04-17 13:39:13,183] [   DEBUG][0m - moe_gate_lr_ratio             : None[0m
[35m[2026-04-17 13:39:13,185] [   DEBUG][0m - disable_tqdm                  : False[0m
[35m[2026-04-17 13:39:13,187] [   DEBUG][0m - moe_grouped_gemm              : False[0m
[35m[2026-04-17 13:39:13,189] [   DEBUG][0m - distributed_dataloader        : False[0m
[35m[2026-04-17 13:39:13,192] [   DEBUG][0m - moe_pad_expert_input_to_capacity: False[0m
[35m[2026-04-17 13:39:13,194] [   DEBUG][0m - do_eval                       : True[0m
[35m[2026-04-17 13:39:13,197] [   DEBUG][0m - moe_router_bias_update_rate   : 0.0[0m
[35m[2026-04-17 13:39:13,199] [   DEBUG][0m - do_export                     : False[0m
[35m[2026-04-17 13:39:13,202] [   DEBUG][0m - moe_router_force_load_balancing: False[0m
[35m[2026-04-17 13:39:13,204] [   DEBUG][0m - do_predict                    : False[0m
[35m[2026-04-17 13:39:13,207] [   DEBUG][0m - moe_router_fusion             : True[0m
[35m[2026-04-17 13:39:13,210] [   DEBUG][0m - do_train                      : True[0m
[35m[2026-04-17 13:39:13,213] [   DEBUG][0m - moe_router_load_balancing_type: seq_aux_loss[0m
[35m[2026-04-17 13:39:13,215] [   DEBUG][0m - download_hub                  : None[0m
[35m[2026-04-17 13:39:13,218] [   DEBUG][0m - moe_sharding_parallel_rank    : 0[0m
[35m[2026-04-17 13:39:13,220] [   DEBUG][0m - dp_allreduce_avg_in_gradinent_scale: False[0m
[35m[2026-04-17 13:39:13,223] [   DEBUG][0m - moe_sharding_parallel_size    : 1[0m
[35m[2026-04-17 13:39:13,225] [   DEBUG][0m - dp_comm_overlap               : False[0m
[35m[2026-04-17 13:39:13,228] [   DEBUG][0m - moe_shared_expert_overlap     : True[0m
[35m[2026-04-17 13:39:13,230] [   DEBUG][0m - dpop_lambda                   : 50[0m
[35m[2026-04-17 13:39:13,233] [   DEBUG][0m - moe_subbatch_token_num_after_dispatch: None[0m
[35m[2026-04-17 13:39:13,239] [   DEBUG][0m - embedding_init_method         : None[0m
[35m[2026-04-17 13:39:13,242] [   DEBUG][0m - moe_subbatch_token_num_before_dispatch: 0[0m
[35m[2026-04-17 13:39:13,244] [   DEBUG][0m - embedding_init_method_std     : 0.02[0m
[35m[2026-04-17 13:39:13,247] [   DEBUG][0m - moe_token_dispatcher_type     : deepep[0m
[35m[2026-04-17 13:39:13,249] [   DEBUG][0m - enable_auto_parallel          : False[0m
[35m[2026-04-17 13:39:13,252] [   DEBUG][0m - moe_token_drop_policy         : probs[0m
[35m[2026-04-17 13:39:13,254] [   DEBUG][0m - enable_linear_fused_grad_add  : False[0m
[35m[2026-04-17 13:39:13,256] [   DEBUG][0m - moe_use_fusion_node           : True[0m
[35m[2026-04-17 13:39:13,262] [   DEBUG][0m - enable_mtp_magic_send         : False[0m
[35m[2026-04-17 13:39:13,266] [   DEBUG][0m - moe_with_send_router_loss     : True[0m
[35m[2026-04-17 13:39:13,268] [   DEBUG][0m - enable_sharding_comm_overlap  : False[0m
[35m[2026-04-17 13:39:13,271] [   DEBUG][0m - mp_async_allreduce            : False[0m
[35m[2026-04-17 13:39:13,273] [   DEBUG][0m - enable_zero_cost_checkpoint   : False[0m
[35m[2026-04-17 13:39:13,276] [   DEBUG][0m - mp_fused_linear_param_grad_add: False[0m
[35m[2026-04-17 13:39:13,278] [   DEBUG][0m - estimation_output_file        : estimation_output.json[0m
[35m[2026-04-17 13:39:13,281] [   DEBUG][0m - mp_skip_c_identity            : False[0m
[35m[2026-04-17 13:39:13,286] [   DEBUG][0m - eval_accumulation_steps       : None[0m
  "eos_token_id": 2,
  "head_dim": 128,
  "hidden_act": "silu",
  "hidden_size": 7168,
  "initializer_range": 0.006818968095896705,
  "intermediate_size": 19456,
  "is_lora": false,
  "max_position_embeddings": 4096,
  "max_sequence_length": 4096,
  "mlp_bias": false,
  "model_type": "llama",
  "moe_group_origin": "dummy",
  "moe_rank": 0,
  "moe_router_bias_update_rate": 0.0,
  "moe_world_size": 1,
  "num_attention_heads": 56,
  "num_hidden_layers": 80,
  "num_key_value_heads": 56,
  "pad_token_id": 0,
  "paddleformers_version": "1.1.0.post20260417",
  "pipeline_model_parallel_size": 2,
  "pp_seg_method": "layer:DecoderLayer|EmptyLayer",
  "pretraining_tp": 2,
  "recompute_granularity": "full",
  "recompute_method": "uniform",
  "recompute_num_layers": 1,
  "rms_norm_eps": 1e-05,
  "rope_parameters": {
    "rope_theta": 10000.0,
    "rope_type": "default"
  },
  "rope_scaling": null,
  "rope_theta": 10000.0,
  "seq_length": 4096,
  "tensor_model_parallel_size": 8,
  "tie_word_embeddings": false,
  "torch_dtype": "float32",
  "use_cache": true,
  "use_fast_layer_norm": false,
  "vocab_size": 32000
}
, layer_idx=79)
[2026-04-17 13:39:04,182] [    INFO] pp_layers.py:900 - 74: DecoderLayerPipe(config=LlamaConfig {
  "_name_or_path": "./models/Llama-2-52B",
  "architectures": [
    "LlamaForCausalLM"
  ],
  "attention_bias": false,
  "attention_dropout": 0.0,
  "bos_token_id": 1,
  "enable_auto_parallel": false,
  "eos_token_id": 2,
  "head_dim": 128,
  "hidden_act": "silu",
  "hidden_size": 7168,
  "initializer_range": 0.006818968095896705,
  "intermediate_size": 19456,
  "is_lora": false,
  "max_position_embeddings": 4096,
  "max_sequence_length": 4096,
  "mlp_bias": false,
  "model_type": "llama",
  "moe_group_origin": "dummy",
  "moe_rank": 0,
  "moe_router_bias_update_rate": 0.0,
  "moe_world_size": 1,
  "num_attention_heads": 56,
  "num_hidden_layers": 80,
  "num_key_value_heads": 56,
  "pad_token_id": 0,
  "paddleformers_version": "1.1.0.post20260417",
  "pipeline_model_parallel_size": 2,
  "pp_seg_method": "layer:DecoderLayer|EmptyLayer",
  "pretraining_tp": 2,
  "recompute_granularity": "full",
  "recompute_method": "uniform",
  "recompute_num_layers": 1,
  "rms_norm_eps": 1e-05,
  "rope_parameters": {
    "rope_theta": 10000.0,
    "rope_type": "default"
  },
  "rope_scaling": null,
  "rope_theta": 10000.0,
  "seq_length": 4096,
  "tensor_model_parallel_size": 8,
  "tie_word_embeddings": false,
  "torch_dtype": "float32",
  "use_cache": true,
  "use_fast_layer_norm": false,
  "vocab_size": 32000
}
, layer_idx=73)
[2026-04-17 13:39:04,185] [    INFO] pp_layers.py:900 - 81: RMSNormPipe(config=LlamaConfig {
  "_name_or_path": "./models/Llama-2-52B",
  "architectures": [
    "LlamaForCausalLM"
  ],
  "attention_bias": false,
  "attention_dropout": 0.0,
  "bos_token_id": 1,
  "enable_auto_parallel": false,
  "eos_token_id": 2,
  "head_dim": 128,
  "hidden_act": "silu",
  "hidden_size": 7168,
  "initializer_range": 0.006818968095896705,
  "intermediate_size": 19456,
  "is_lora": false,
  "max_position_embeddings": 4096,
  "max_sequence_length": 4096,
  "mlp_bias": false,
  "model_type": "llama",
  "moe_group_origin": "dummy",
  "moe_rank": 0,
  "moe_router_bias_update_rate": 0.0,
  "moe_world_size": 1,
  "num_attention_heads": 56,
  "num_hidden_layers": 80,
  "num_key_value_heads": 56,
  "pad_token_id": 0,
  "paddleformers_version": "1.1.0.post20260417",
  "pipeline_model_parallel_size": 2,
  "pp_seg_method": "layer:DecoderLayer|EmptyLayer",
  "pretraining_tp": 2,
  "recompute_granularity": "full",
  "recompute_method": "uniform",
  "recompute_num_layers": 1,
  "rms_norm_eps": 1e-05,
  "rope_parameters": {
    "rope_theta": 10000.0,
    "rope_type": "default"
  },
  "rope_scaling": null,
  "rope_theta": 10000.0,
  "seq_length": 4096,
  "tensor_model_parallel_size": 8,
  "tie_word_embeddings": false,
  "torch_dtype": "float32",
  "use_cache": true,
  "use_fast_layer_norm": false,
  "vocab_size": 32000
}
)
[2026-04-17 13:39:04,188] [    INFO] pp_layers.py:900 - 75: DecoderLayerPipe(config=LlamaConfig {
  "_name_or_path": "./models/Llama-2-52B",
  "architectures": [
    "LlamaForCausalLM"
  ],
  "attention_bias": false,
  "attention_dropout": 0.0,
  "bos_token_id": 1,
  "enable_auto_parallel": false,
  "eos_token_id": 2,
  "head_dim": 128,
  "hidden_act": "silu",
  "hidden_size": 7168,
  "initializer_range": 0.006818968095896705,
  "intermediate_size": 19456,
  "is_lora": false,
  "max_position_embeddings": 4096,
  "max_sequence_length": 4096,
  "mlp_bias": false,
  "model_type": "llama",
  "moe_group_origin": "dummy",
  "moe_rank": 0,
  "moe_router_bias_update_rate": 0.0,
  "moe_world_size": 1,
  "num_attention_heads": 56,
  "num_hidden_layers": 80,
  "num_key_value_heads": 56,
  "pad_token_id": 0,
  "paddleformers_version": "1.1.0.post20260417",
  "pipeline_model_parallel_size": 2,
  "pp_seg_method": "layer:DecoderLayer|EmptyLayer",
  "pretraining_tp": 2,
  "recompute_granularity": "full",
  "recompute_method": "uniform",
  "recompute_num_layers": 1,
  "rms_norm_eps": 1e-05,
  "rope_parameters": {
    "rope_theta": 10000.0,
    "rope_type": "default"
  },
  "rope_scaling": null,
  "rope_theta": 10000.0,
  "seq_length": 4096,
  "tensor_model_parallel_size": 8,
  "tie_word_embeddings": false,
  "torch_dtype": "float32",
  "use_cache": true,
  "use_fast_layer_norm": false,
  "vocab_size": 32000
}
, layer_idx=74)
[2026-04-17 13:39:04,192] [    INFO] pp_layers.py:900 - 82: LMHeadPipe(config=LlamaConfig {
  "_name_or_path": "./models/Llama-2-52B",
  "architectures": [
    "LlamaForCausalLM"
  ],
  "attention_bias": false,
  "attention_dropout": 0.0,
  "bos_token_id": 1,
  "enable_auto_parallel": false,
  "eos_token_id": 2,
  "head_dim": 128,
  "hidden_act": "silu",
  "hidden_size": 7168,
  "initializer_range": 0.006818968095896705,
  "intermediate_size": 19456,
  "is_lora": false,
  "max_position_embeddings": 4096,
  "max_sequence_length": 4096,
  "mlp_bias": false,
  "model_type": "llama",
  "moe_group_origin": "dummy",
  "moe_rank": 0,
  "moe_router_bias_update_rate": 0.0,
  "moe_world_size": 1,
  "num_attention_heads": 56,
  "num_hidden_layers": 80,
  "num_key_value_heads": 56,
  "pad_token_id": 0,
  "paddleformers_version": "1.1.0.post20260417",
  "pipeline_model_parallel_size": 2,
  "pp_seg_method": "layer:DecoderLayer|EmptyLayer",
  "pretraining_tp": 2,
  "recompute_granularity": "full",
  "recompute_method": "uniform",
  "recompute_num_layers": 1,
  "rms_norm_eps": 1e-05,
  "rope_parameters": {
    "rope_theta": 10000.0,
    "rope_type": "default"
  },
  "rope_scaling": null,
  "rope_theta": 10000.0,
  "seq_length": 4096,
  "tensor_model_parallel_size": 8,
  "tie_word_embeddings": false,
  "torch_dtype": "float32",
  "use_cache": true,
  "use_fast_layer_norm": false,
  "vocab_size": 32000
}
)
[2026-04-17 13:39:04,201] [    INFO] pp_layers.py:922 - loss: CriterionLayerPipe
[2026-04-17 13:39:04,200] [    INFO] pp_layers.py:900 - 76: DecoderLayerPipe(config=LlamaConfig {
  "_name_or_path": "./models/Llama-2-52B",
  "architectures": [
    "LlamaForCausalLM"
  ],
  "attention_bias": false,
  "attention_dropout": 0.0,
  "bos_token_id": 1,
  "enable_auto_parallel": false,
  "eos_token_id": 2,
  "head_dim": 128,
  "hidden_act": "silu",
  "hidden_size": 7168,
  "initializer_range": 0.006818968095896705,
  "intermediate_size": 19456,
  "is_lora": false,
  "max_position_embeddings": 4096,
  "max_sequence_length": 4096,
  "mlp_bias": false,
  "model_type": "llama",
  "moe_group_origin": "dummy",
  "moe_rank": 0,
  "moe_router_bias_update_rate": 0.0,
  "moe_world_size": 1,
  "num_attention_heads": 56,
  "num_hidden_layers": 80,
  "num_key_value_heads": 56,
  "pad_token_id": 0,
  "paddleformers_version": "1.1.0.post20260417",
  "pipeline_model_parallel_size": 2,
  "pp_seg_method": "layer:DecoderLayer|EmptyLayer",
  "pretraining_tp": 2,
  "recompute_granularity": "full",
  "recompute_method": "uniform",
  "recompute_num_layers": 1,
  "rms_norm_eps": 1e-05,
  "rope_parameters": {
    "rope_theta": 10000.0,
    "rope_type": "default"
  },
  "rope_scaling": null,
  "rope_theta": 10000.0,
  "seq_length": 4096,
  "tensor_model_parallel_size": 8,
  "tie_word_embeddings": false,
  "torch_dtype": "float32",
  "use_cache": true,
  "use_fast_layer_norm": false,
  "vocab_size": 32000
}
, layer_idx=75)
[2026-04-17 13:39:04,208] [    INFO] pp_layers.py:900 - 77: DecoderLayerPipe(config=LlamaConfig {
  "_name_or_path": "./models/Llama-2-52B",
  "architectures": [
    "LlamaForCausalLM"
  ],
  "attention_bias": false,
  "attention_dropout": 0.0,
  "bos_token_id": 1,
  "enable_auto_parallel": false,
  "eos_token_id": 2,
  "head_dim": 128,
  "hidden_act": "silu",
  "hidden_size": 7168,
  "initializer_range": 0.006818968095896705,
  "intermediate_size": 19456,
  "is_lora": false,
  "max_position_embeddings": 4096,
  "max_sequence_length": 4096,
  "mlp_bias": false,
  "model_type": "llama",
  "moe_group_origin": "dummy",
  "moe_rank": 0,
  "moe_router_bias_update_rate": 0.0,
  "moe_world_size": 1,
  "num_attention_heads": 56,
  "num_hidden_layers": 80,
  "num_key_value_heads": 56,
  "pad_token_id": 0,
  "paddleformers_version": "1.1.0.post20260417",
  "pipeline_model_parallel_size": 2,
  "pp_seg_method": "layer:DecoderLayer|EmptyLayer",
  "pretraining_tp": 2,
  "recompute_granularity": "full",
  "recompute_method": "uniform",
  "recompute_num_layers": 1,
  "rms_norm_eps": 1e-05,
  "rope_parameters": {
    "rope_theta": 10000.0,
    "rope_type": "default"
  },
  "rope_scaling": null,
  "rope_theta": 10000.0,
  "seq_length": 4096,
  "tensor_model_parallel_size": 8,
  "tie_word_embeddings": false,
  "torch_dtype": "float32",
  "use_cache": true,
  "use_fast_layer_norm": false,
  "vocab_size": 32000
}
, layer_idx=76)
[2026-04-17 13:39:04,210] [    INFO] pp_layers.py:900 - 78: DecoderLayerPipe(config=LlamaConfig {
  "_name_or_path": "./models/Llama-2-52B",
  "architectures": [
    "LlamaForCausalLM"
  ],
  "attention_bias": false,
  "attention_dropout": 0.0,
  "bos_token_id": 1,
  "enable_auto_parallel": false,
  "eos_token_id": 2,
  "head_dim": 128,
  "hidden_act": "silu",
  "hidden_size": 7168,
  "initializer_range": 0.006818968095896705,
  "intermediate_size": 19456,
  "is_lora": false,
  "max_position_embeddings": 4096,
  "max_sequence_length": 4096,
  "mlp_bias": false,
  "model_type": "llama",
  "moe_group_origin": "dummy",
  "moe_rank": 0,
  "moe_router_bias_update_rate": 0.0,
  "moe_world_size": 1,
  "num_attention_heads": 56,
  "num_hidden_layers": 80,
  "num_key_value_heads": 56,
  "pad_token_id": 0,
  "paddleformers_version": "1.1.0.post20260417",
  "pipeline_model_parallel_size": 2,
  "pp_seg_method": "layer:DecoderLayer|EmptyLayer",
  "pretraining_tp": 2,
  "recompute_granularity": "full",
  "recompute_method": "uniform",
  "recompute_num_layers": 1,
  "rms_norm_eps": 1e-05,
  "rope_parameters": {
    "rope_theta": 10000.0,
    "rope_type": "default"
  },
  "rope_scaling": null,
  "rope_theta": 10000.0,
  "seq_length": 4096,
  "tensor_model_parallel_size": 8,
  "tie_word_embeddings": false,
  "torch_dtype": "float32",
  "use_cache": true,
  "use_fast_layer_norm": false,
  "vocab_size": 32000
}
, layer_idx=77)
[2026-04-17 13:39:04,213] [    INFO] pp_layers.py:900 - 79: DecoderLayerPipe(config=LlamaConfig {
  "_name_or_path": "./models/Llama-2-52B",
  "architectures": [
    "LlamaForCausalLM"
  ],
  "attention_bias": false,
  "attention_dropout": 0.0,
  "bos_token_id": 1,
  "enable_auto_parallel": false,
  "eos_token_id": 2,
  "head_dim": 128,
  "hidden_act": "silu",
  "hidden_size": 7168,
  "initializer_range": 0.006818968095896705,
  "intermediate_size": 19456,
  "is_lora": false,
  "max_position_embeddings": 4096,
  "max_sequence_length": 4096,
  "mlp_bias": false,
  "model_type": "llama",
  "moe_group_origin": "dummy",
  "moe_rank": 0,
  "moe_router_bias_update_rate": 0.0,
  "moe_world_size": 1,
  "num_attention_heads": 56,
  "num_hidden_layers": 80,
  "num_key_value_heads": 56,
  "pad_token_id": 0,
  "paddleformers_version": "1.1.0.post20260417",
  "pipeline_model_parallel_size": 2,
  "pp_seg_method": "layer:DecoderLayer|EmptyLayer",
  "pretraining_tp": 2,
  "recompute_granularity": "full",
  "recompute_method": "uniform",
  "recompute_num_layers": 1,
  "rms_norm_eps": 1e-05,
  "rope_parameters": {
    "rope_theta": 10000.0,
    "rope_type": "default"
  },
  "rope_scaling": null,
  "rope_theta": 10000.0,
  "seq_length": 4096,
  "tensor_model_parallel_size": 8,
  "tie_word_embeddings": false,
  "torch_dtype": "float32",
  "use_cache": true,
  "use_fast_layer_norm": false,
  "vocab_size": 32000
}
, layer_idx=78)
[2026-04-17 13:39:04,215] [    INFO] pp_layers.py:900 - 80: DecoderLayerPipe(config=LlamaConfig {
  "_name_or_path": "./models/Llama-2-52B",
  "architectures": [
    "LlamaForCausalLM"
  ],
  "attention_bias": false,
  "attention_dropout": 0.0,
  "bos_token_id": 1,
  "enable_auto_parallel": false,
  "eos_token_id": 2,
  "head_dim": 128,
  "hidden_act": "silu",
  "hidden_size": 7168,
  "initializer_range": 0.006818968095896705,
  "intermediate_size": 19456,
  "is_lora": false,
  "max_position_embeddings": 4096,
  "max_sequence_length": 4096,
  "mlp_bias": false,
  "model_type": "llama",
  "moe_group_origin": "dummy",
  "moe_rank": 0,
  "moe_router_bias_update_rate": 0.0,
  "moe_world_size": 1,
  "num_attention_heads": 56,
  "num_hidden_layers": 80,
  "num_key_value_heads": 56,
  "pad_token_id": 0,
  "paddleformers_version": "1.1.0.post20260417",
  "pipeline_model_parallel_size": 2,
  "pp_seg_method": "layer:DecoderLayer|EmptyLayer",
  "pretraining_tp": 2,
  "recompute_granularity": "full",
  "recompute_method": "uniform",
  "recompute_num_layers": 1,
  "rms_norm_eps": 1e-05,
  "rope_parameters": {
    "rope_theta": 10000.0,
    "rope_type": "default"
  },
  "rope_scaling": null,
  "rope_theta": 10000.0,
  "seq_length": 4096,
  "tensor_model_parallel_size": 8,
  "tie_word_embeddings": false,
  "torch_dtype": "float32",
  "use_cache": true,
  "use_fast_layer_norm": false,
  "vocab_size": 32000
}
, layer_idx=79)
[2026-04-17 13:39:04,218] [    INFO] pp_layers.py:900 - 81: RMSNormPipe(config=LlamaConfig {
  "_name_or_path": "./models/Llama-2-52B",
  "architectures": [
    "LlamaForCausalLM"
  ],
  "attention_bias": false,
  "attention_dropout": 0.0,
  "bos_token_id": 1,
  "enable_auto_parallel": false,
  "eos_token_id": 2,
  "head_dim": 128,
  "hidden_act": "silu",
  "hidden_size": 7168,
  "initializer_range": 0.006818968095896705,
  "intermediate_size": 19456,
  "is_lora": false,
  "max_position_embeddings": 4096,
  "max_sequence_length": 4096,
  "mlp_bias": false,
  "model_type": "llama",
  "moe_group_origin": "dummy",
  "moe_rank": 0,
  "moe_router_bias_update_rate": 0.0,
  "moe_world_size": 1,
  "num_attention_heads": 56,
  "num_hidden_layers": 80,
  "num_key_value_heads": 56,
  "pad_token_id": 0,
  "paddleformers_version": "1.1.0.post20260417",
  "pipeline_model_parallel_size": 2,
  "pp_seg_method": "layer:DecoderLayer|EmptyLayer",
  "pretraining_tp": 2,
  "recompute_granularity": "full",
  "recompute_method": "uniform",
  "recompute_num_layers": 1,
  "rms_norm_eps": 1e-05,
  "rope_parameters": {
    "rope_theta": 10000.0,
    "rope_type": "default"
  },
  "rope_scaling": null,
  "rope_theta": 10000.0,
  "seq_length": 4096,
  "tensor_model_parallel_size": 8,
  "tie_word_embeddings": false,
  "torch_dtype": "float32",
  "use_cache": true,
  "use_fast_layer_norm": false,
  "vocab_size": 32000
}
)
[2026-04-17 13:39:04,221] [    INFO] pp_layers.py:900 - 82: LMHeadPipe(config=LlamaConfig {
  "_name_or_path": "./models/Llama-2-52B",
  "architectures": [
    "LlamaForCausalLM"
  ],
  "attention_bias": false,
  "attention_dropout": 0.0,
  "bos_token_id": 1,
  "enable_auto_parallel": false,
  "eos_token_id": 2,
  "head_dim": 128,
  "hidden_act": "silu",
  "hidden_size": 7168,
  "initializer_range": 0.006818968095896705,
  "intermediate_size": 19456,
  "is_lora": false,
  "max_position_embeddings": 4096,
  "max_sequence_length": 4096,
  "mlp_bias": false,
  "model_type": "llama",
  "moe_group_origin": "dummy",
  "moe_rank": 0,
  "moe_router_bias_update_rate": 0.0,
  "moe_world_size": 1,
  "num_attention_heads": 56,
  "num_hidden_layers": 80,
  "num_key_value_heads": 56,
  "pad_token_id": 0,
  "paddleformers_version": "1.1.0.post20260417",
  "pipeline_model_parallel_size": 2,
  "pp_seg_method": "layer:DecoderLayer|EmptyLayer",
  "pretraining_tp": 2,
  "recompute_granularity": "full",
  "recompute_method": "uniform",
  "recompute_num_layers": 1,
  "rms_norm_eps": 1e-05,
  "rope_parameters": {
    "rope_theta": 10000.0,
    "rope_type": "default"
  },
  "rope_scaling": null,
  "rope_theta": 10000.0,
  "seq_length": 4096,
  "tensor_model_parallel_size": 8,
  "tie_word_embeddings": false,
  "torch_dtype": "float32",
  "use_cache": true,
  "use_fast_layer_norm": false,
  "vocab_size": 32000
}
)
[2026-04-17 13:39:04,222] [    INFO] pp_layers.py:922 - loss: CriterionLayerPipe
[2026-04-17 13:39:04,421] [    INFO] pp_layers.py:979 - flush 42 of layers into run_function
/public/home/baidu_test/hygon_2030/Paddle/build/python/paddle/distributed/fleet/meta_parallel/parallel_layers/pp_layers.py:674: UserWarning: No shared comm will be constructed, this may happen when all shared attrs are on a same stage.
  warnings.warn(
[2026-04-17 13:39:04,430] [    INFO] pp_layers.py:979 - flush 41 of layers into run_function
[32m[2026-04-17 13:39:04,433] [    INFO][0m - Using download source: huggingface[0m
/public/home/baidu_test/hygon_2030/Paddle/build/python/paddle/distributed/fleet/meta_parallel/parallel_layers/pp_layers.py:674: UserWarning: No shared comm will be constructed, this may happen when all shared attrs are on a same stage.
  warnings.warn(
[32m[2026-04-17 13:39:04,457] [    INFO][0m - Using download source: huggingface[0m
[32m[2026-04-17 13:39:04,752] [    INFO][0m - Loading configuration file ./models/Llama-2-52B/config.json[0m
[32m[2026-04-17 13:39:04,760] [    INFO][0m - Using download source: huggingface[0m
[32m[2026-04-17 13:39:04,787] [    INFO][0m - Loading configuration file ./models/Llama-2-52B/config.json[0m
[32m[2026-04-17 13:39:04,792] [    INFO][0m - Using download source: huggingface[0m
[33m[2026-04-17 13:39:05,066] [ WARNING][0m - `template` was not specified, use `empty` template.[0m
[33m[2026-04-17 13:39:05,081] [ WARNING][0m - suffix is not specified, using eos token as suffix.[0m
[33m[2026-04-17 13:39:05,117] [ WARNING][0m - `template` was not specified, use `empty` template.[0m
[33m[2026-04-17 13:39:05,124] [ WARNING][0m - suffix is not specified, using eos token as suffix.[0m
 > building dataset index ...
    reading sizes...
    reading pointers...
    reading document index...
    creating numpy buffer of mmap...
    creating memory view of numpy buffer...
 > finished creating indexed dataset in 0.011373 seconds
    number of documents: 100000
 > dataset split:
    train:
     document indices in [0, 99000) total of 99000 documents
    validation:
     document indices in [99000, 100000) total of 1000 documents
    test:
     document indices in [100000, 100000) total of 0 documents
W0417 13:39:05.162055  9735 nccl_comm_context.cc:70] ncclCommInitRankConfigMemOpt is not supported.
W0417 13:39:05.203183 44663 nccl_comm_context.cc:70] ncclCommInitRankConfigMemOpt is not supported.
searching for causal dataset, build_indices=True, share_folder False, check_rank_flag Truesearching for causal dataset, build_indices=True, share_folder False, check_rank_flag True

 > WARNING: could not find index map files, building the indices on rank 0 ... > only one epoch required, setting separate_last_epoch to False

 > only one epoch required, setting separate_last_epoch to False
    using:
     number of documents:       99000
 > elapsed time to build and save doc-idx mapping (seconds): 0.040192     number of epochs:          
1    using:

     sequence length:                number of documents:       409699000

     total number of samples:        number of epochs:          298621

     sequence length:           4096
 > building shuffle index with split [0, 29862) and [29862, 29862) ...     total number of samples:   
29862
 > elapsed time to build and save sample-idx mapping (seconds): 0.114307
 > building shuffle index with split [0, 29862) and [29862, 29862) ...
 > elapsed time to build and save shuffle-idx mapping (seconds): 0.009950
 > loading doc-idx mapping from ./data/pt/index-cache/bad8d562cade2efe0375b3453d6fbdf5_doc_idx.npy
 > loading sample-idx mapping from ./data/pt/index-cache/bad8d562cade2efe0375b3453d6fbdf5_sample_idx.npy
 > loading shuffle-idx mapping from ./data/pt/index-cache/bad8d562cade2efe0375b3453d6fbdf5_shuffle_idx.npy
    loaded indexed file in 0.010 seconds
    total number of samples: 29863
    total number of epochs: 1
searching for causal dataset, build_indices=True, share_folder False, check_rank_flag Truesearching for causal dataset, build_indices=True, share_folder False, check_rank_flag True

 > WARNING: could not find index map files, building the indices on rank 0 ... > only one epoch required, setting separate_last_epoch to False

 > only one epoch required, setting separate_last_epoch to False
    using: > elapsed time to build and save doc-idx mapping (seconds): 0.006404

     number of documents:           using:1000

     number of documents:            number of epochs:          10001

     number of epochs:               sequence length:           14096

     sequence length:                total number of samples:   4096256

     total number of samples:   256
 > building shuffle index with split [0, 256) and [256, 256) ...
 > elapsed time to build and save sample-idx mapping (seconds): 0.088000
 > building shuffle index with split [0, 256) and [256, 256) ...
 > elapsed time to build and save shuffle-idx mapping (seconds): 0.012847
 > loading doc-idx mapping from ./data/pt/index-cache/52bb0c44fb79ee20979f924aa1db25fe_doc_idx.npy
 > loading sample-idx mapping from ./data/pt/index-cache/52bb0c44fb79ee20979f924aa1db25fe_sample_idx.npy
 > loading shuffle-idx mapping from ./data/pt/index-cache/52bb0c44fb79ee20979f924aa1db25fe_shuffle_idx.npy
    loaded indexed file in 0.015 seconds
    total number of samples: 257
    total number of epochs: 1
building indices for the blendable dataset, Since --data_cache is not specified, the index file will not be stored.> building indices for blendable datasets ...

> building indices for blendable datasets ... > sample ratios:

 > sample ratios:   dataset 
0   dataset , input: 01, input: , achieved: 11, achieved: 
1> building indices for blendable datasets ...

> elapsed time for building blendable dataset indices: 0.07 (sec) > sample ratios:

> size of blendable dataset: 40 samples   dataset 
0building indices for the blendable dataset, Since --data_cache is not specified, the index file will not be stored., input: 
1> building indices for blendable datasets ..., achieved: 
1 > sample ratios:

[32m[2026-04-17 13:39:12,163] [    INFO][0m - Setting max_seq_len to None using PaddleFormers Model.[0m
   dataset callbacks:0 , input: [<paddleformers.trainer.trainer_callback.FP8QuantWeightCallback object at 0x153fd9329ff0>]1
, achieved: [35m[2026-04-17 13:39:12,232] [   DEBUG][0m - 8: main local process completed work, releasing all replicas[0m
1
> elapsed time for building blendable dataset indices: 0.10 (sec)
> size of blendable dataset: 10 samples
[32m[2026-04-17 13:39:12,246] [    INFO][0m - Setting max_seq_len to None using PaddleFormers Model.[0m
callbacks: [<paddleformers.trainer.trainer_callback.FP8QuantWeightCallback object at 0x147b735ae2f0>]
[35m[2026-04-17 13:39:12,256] [   DEBUG][0m - 0: main local process completed work, releasing all replicas[0m
[32m[2026-04-17 13:39:12,258] [    INFO][0m - The global seed is set to 23, local seed is set to 39 and random seed is set to 23.[0m
[32m[2026-04-17 13:39:12,258] [    INFO][0m - The global seed is set to 31, local seed is set to 47 and random seed is set to 123.[0m
[32m[2026-04-17 13:39:12,514] [    INFO][0m - max_steps is given, it will override any value given in num_train_epochs[0m
[32m[2026-04-17 13:39:12,518] [    INFO][0m - Using half precision[0m
/public/home/baidu_test/hygon_2030/PaddleFormers/paddleformers/trainer/trainer.py:643: VisibleDeprecationWarning: [93m
Warning:
API "paddle.distributed.fleet.utils.mix_precision_utils.MixPrecisionScaler" is deprecated since 2.5.0, and will be removed in future versions. Please use "paddle.distributed_scaler" instead. [0m
  mix_precision_utils.MixPrecisionScaler(self.scaler)  # return value has no use
[35m[2026-04-17 13:39:12,526] [   DEBUG][0m - ============================================================[0m
[35m[2026-04-17 13:39:12,527] [   DEBUG][0m -     Training Configuration Arguments    [0m
[35m[2026-04-17 13:39:12,528] [   DEBUG][0m - paddle commit id              : 49365aedc591d696031d8774418280d044b6d6f7[0m
[35m[2026-04-17 13:39:12,529] [   DEBUG][0m - paddleformers commit id       : eabee61c526c00a830efd09c629b9f5a8bde7712.dirty[0m
[35m[2026-04-17 13:39:12,531] [   DEBUG][0m - _no_sync_in_gradient_accumulation: True[0m
[35m[2026-04-17 13:39:12,532] [   DEBUG][0m - adam_beta1                    : 0.9[0m
[35m[2026-04-17 13:39:12,533] [   DEBUG][0m - adam_beta2                    : 0.999[0m
[35m[2026-04-17 13:39:12,535] [   DEBUG][0m - adam_epsilon                  : 1e-08[0m
[35m[2026-04-17 13:39:12,536] [   DEBUG][0m - amp_custom_black_list         : ['reduce_sum', 'softmax_with_cross_entropy', 'c_softmax_with_cross_entropy', 'elementwise_div', 'sin', 'cos'][0m
[35m[2026-04-17 13:39:12,537] [   DEBUG][0m - amp_custom_white_list         : ['lookup_table', 'lookup_table_v2', 'flash_attn', 'matmul', 'matmul_v2', 'fused_gemm_epilogue'][0m
[35m[2026-04-17 13:39:12,540] [   DEBUG][0m - amp_master_grad               : True[0m
[35m[2026-04-17 13:39:12,545] [   DEBUG][0m - aoa_config                    : None[0m
[35m[2026-04-17 13:39:12,546] [   DEBUG][0m - apply_rope_fusion             : False[0m
[35m[2026-04-17 13:39:12,547] [   DEBUG][0m - attention_probs_dropout_prob  : 0.0[0m
[35m[2026-04-17 13:39:12,548] [   DEBUG][0m - auto_parallel_resume_form_hybrid_parallel: False[0m
[35m[2026-04-17 13:39:12,549] [   DEBUG][0m - auto_parallel_sync_shared_params: False[0m
[35m[2026-04-17 13:39:12,550] [   DEBUG][0m - autotuner_benchmark           : False[0m
[35m[2026-04-17 13:39:12,552] [   DEBUG][0m - balanced_image_preprocess     : False[0m
[35m[2026-04-17 13:39:12,553] [   DEBUG][0m - batch_p2p_comm                : True[0m
[35m[2026-04-17 13:39:12,554] [   DEBUG][0m - benchmark                     : False[0m
[35m[2026-04-17 13:39:12,555] [   DEBUG][0m - best_unbalanced_scheduler     : False[0m
[35m[2026-04-17 13:39:12,556] [   DEBUG][0m - beta                          : 0.1[0m
[35m[2026-04-17 13:39:12,557] [   DEBUG][0m - bf16                          : True[0m
[35m[2026-04-17 13:39:12,559] [   DEBUG][0m - bf16_full_eval                : False[0m
[35m[2026-04-17 13:39:12,560] [   DEBUG][0m - ckpt_quant_stage              : O0[0m
[35m[2026-04-17 13:39:12,561] [   DEBUG][0m - clear_every_step_cache        : False[0m
[35m[2026-04-17 13:39:12,562] [   DEBUG][0m - compute_type                  : bf16[0m
[35m[2026-04-17 13:39:12,563] [   DEBUG][0m - context_parallel_rank         : 0[0m
[35m[2026-04-17 13:39:12,564] [   DEBUG][0m - context_parallel_size         : 1[0m
[35m[2026-04-17 13:39:12,565] [   DEBUG][0m - convert_from_hf               : True[0m
[35m[2026-04-17 13:39:12,569] [   DEBUG][0m - copy_custom_file_list         : [0m
[35m[2026-04-17 13:39:12,571] [   DEBUG][0m - count_trained_tokens          : False[0m
[35m[2026-04-17 13:39:12,572] [   DEBUG][0m - cp_comm_type                  : None[0m
[35m[2026-04-17 13:39:12,573] [   DEBUG][0m - cp_sharding_degree            : 1[0m
[35m[2026-04-17 13:39:12,574] [   DEBUG][0m - cp_sharding_rank              : 0[0m
[35m[2026-04-17 13:39:12,575] [   DEBUG][0m - current_device                : gpu:0[0m
[35m[2026-04-17 13:39:12,576] [   DEBUG][0m - data_parallel_config          : [0m
[35m[2026-04-17 13:39:12,577] [   DEBUG][0m - data_parallel_rank            : 0[0m
[35m[2026-04-17 13:39:12,579] [   DEBUG][0m - data_parallel_size            : 1[0m
[35m[2026-04-17 13:39:12,580] [   DEBUG][0m - dataloader_drop_last          : False[0m
[35m[2026-04-17 13:39:12,581] [   DEBUG][0m - dataloader_num_workers        : 0[0m
[35m[2026-04-17 13:39:12,583] [   DEBUG][0m - dataloader_shuffle            : True[0m
[35m[2026-04-17 13:39:12,584] [   DEBUG][0m - dataset_batch_size            : 1000[0m
[35m[2026-04-17 13:39:12,587] [   DEBUG][0m - dataset_kwargs                : {}[0m
[35m[2026-04-17 13:39:12,588] [   DEBUG][0m - dataset_num_proc              : None[0m
[35m[2026-04-17 13:39:12,589] [   DEBUG][0m - dataset_rank                  : 0[0m
[35m[2026-04-17 13:39:12,591] [   DEBUG][0m - dataset_text_field            : text[0m
[35m[2026-04-17 13:39:12,596] [   DEBUG][0m - dataset_world_size            : 1[0m
[35m[2026-04-17 13:39:12,597] [   DEBUG][0m - ddp_find_unused_parameters    : None[0m
[35m[2026-04-17 13:39:12,599] [   DEBUG][0m - decay_function                : half_life[0m
[35m[2026-04-17 13:39:12,601] [   DEBUG][0m - decay_steps                   : 10[0m
[35m[2026-04-17 13:39:12,603] [   DEBUG][0m - deterministic_mode            : False[0m
[35m[2026-04-17 13:39:12,604] [   DEBUG][0m - device                        : gpu[0m
[35m[2026-04-17 13:39:12,605] [   DEBUG][0m - disable_tqdm                  : False[0m
[35m[2026-04-17 13:39:12,606] [   DEBUG][0m - distributed_dataloader        : False[0m
[35m[2026-04-17 13:39:12,607] [   DEBUG][0m - do_eval                       : True[0m
[35m[2026-04-17 13:39:12,608] [   DEBUG][0m - do_export                     : False[0m
[35m[2026-04-17 13:39:12,609] [   DEBUG][0m - do_predict                    : False[0m
[35m[2026-04-17 13:39:12,611] [   DEBUG][0m - do_train                      : True[0m
[35m[2026-04-17 13:39:12,611] [   DEBUG][0m - download_hub                  : None[0m
[35m[2026-04-17 13:39:12,612] [   DEBUG][0m - dp_allreduce_avg_in_gradinent_scale: False[0m
[35m[2026-04-17 13:39:12,614] [   DEBUG][0m - dp_comm_overlap               : False[0m
[35m[2026-04-17 13:39:12,615] [   DEBUG][0m - dpop_lambda                   : 50[0m
[35m[2026-04-17 13:39:12,616] [   DEBUG][0m - embedding_init_method         : None[0m
[35m[2026-04-17 13:39:12,617] [   DEBUG][0m - embedding_init_method_std     : 0.02[0m
[35m[2026-04-17 13:39:12,622] [   DEBUG][0m - enable_auto_parallel          : False[0m
[35m[2026-04-17 13:39:12,623] [   DEBUG][0m - enable_linear_fused_grad_add  : False[0m
[35m[2026-04-17 13:39:12,624] [   DEBUG][0m - enable_mtp_magic_send         : False[0m
[35m[2026-04-17 13:39:12,625] [   DEBUG][0m - enable_sharding_comm_overlap  : False[0m
[35m[2026-04-17 13:39:12,626] [   DEBUG][0m - enable_zero_cost_checkpoint   : False[0m
[35m[2026-04-17 13:39:12,627] [   DEBUG][0m - estimation_output_file        : estimation_output.json[0m
[35m[2026-04-17 13:39:12,628] [   DEBUG][0m - eval_accumulation_steps       : None[0m
[35m[2026-04-17 13:39:12,629] [   DEBUG][0m - eval_batch_size               : 1[0m
[35m[2026-04-17 13:39:12,631] [   DEBUG][0m - eval_iters                    : 10[0m
[35m[2026-04-17 13:39:12,632] [   DEBUG][0m - eval_steps                    : 100[0m
[35m[2026-04-17 13:39:12,633] [   DEBUG][0m - evaluation_strategy           : IntervalStrategy.STEPS[0m
[35m[2026-04-17 13:39:12,634] [   DEBUG][0m - expert_model_parallel_size    : 1[0m
[35m[2026-04-17 13:39:12,636] [   DEBUG][0m - expert_parallel_rank          : 0[0m
[35m[2026-04-17 13:39:12,637] [   DEBUG][0m - expert_tensor_model_parallel_size: 1[0m
[35m[2026-04-17 13:39:12,637] [   DEBUG][0m - fa_version                    : 2[0m
[35m[2026-04-17 13:39:12,638] [   DEBUG][0m - factor                        : 20[0m
[35m[2026-04-17 13:39:12,640] [   DEBUG][0m - flash_device_save_steps       : 0[0m
[35m[2026-04-17 13:39:12,641] [   DEBUG][0m - flatten_param_grads           : False[0m
[35m[2026-04-17 13:39:12,642] [   DEBUG][0m - force_reshard_pp              : False[0m
[35m[2026-04-17 13:39:12,643] [   DEBUG][0m - forward_backward_overlap_scheduler: False[0m
[35m[2026-04-17 13:39:12,644] [   DEBUG][0m - fp16                          : False[0m
[35m[2026-04-17 13:39:12,645] [   DEBUG][0m - fp16_full_eval                : False[0m
[35m[2026-04-17 13:39:12,647] [   DEBUG][0m - fp16_opt_level                : O1[0m
[35m[2026-04-17 13:39:12,647] [   DEBUG][0m - fp32_residual_connection      : True[0m
[35m[2026-04-17 13:39:12,648] [   DEBUG][0m - fp8                           : None[0m
[35m[2026-04-17 13:39:12,650] [   DEBUG][0m - fp8_wgrad                     : True[0m
[35m[2026-04-17 13:39:12,650] [   DEBUG][0m - freeze_config                 : [0m
[35m[2026-04-17 13:39:12,651] [   DEBUG][0m - fuse_optimizer_states         : False[0m
[35m[2026-04-17 13:39:12,653] [   DEBUG][0m - fuse_sequence_parallel_allreduce: False[0m
[35m[2026-04-17 13:39:12,654] [   DEBUG][0m - fuse_swiglu                   : False[0m
[35m[2026-04-17 13:39:12,655] [   DEBUG][0m - gated_linear_unit             : True[0m
[35m[2026-04-17 13:39:12,656] [   DEBUG][0m - gc_interval                   : 0[0m
[35m[2026-04-17 13:39:12,657] [   DEBUG][0m - global_batch_size             : 4[0m
[35m[2026-04-17 13:39:12,658] [   DEBUG][0m - global_logging_interval       : 1[0m
[35m[2026-04-17 13:39:12,659] [   DEBUG][0m - gradient_accumulation_steps   : 4[0m
[35m[2026-04-17 13:39:12,660] [   DEBUG][0m - gradient_sync_after_accumulate: False[0m
[35m[2026-04-17 13:39:12,660] [   DEBUG][0m - greater_is_better             : None[0m
[32m[2026-04-17 13:39:12,660] [    INFO][0m - max_steps is given, it will override any value given in num_train_epochs[0m
[35m[2026-04-17 13:39:12,662] [   DEBUG][0m - hidden_dropout_prob           : 0.0[0m
[32m[2026-04-17 13:39:12,663] [    INFO][0m - Using half precision[0m
[35m[2026-04-17 13:39:12,687] [   DEBUG][0m - hidden_size                   : None[0m
/public/home/baidu_test/hygon_2030/PaddleFormers/paddleformers/trainer/trainer.py:643: VisibleDeprecationWarning: [93m
Warning:
API "paddle.distributed.fleet.utils.mix_precision_utils.MixPrecisionScaler" is deprecated since 2.5.0, and will be removed in future versions. Please use "paddle.distributed_scaler" instead. [0m
  mix_precision_utils.MixPrecisionScaler(self.scaler)  # return value has no use
[35m[2026-04-17 13:39:12,696] [   DEBUG][0m - hybrid_parallel_expert_grad_scale: 8.0[0m
[35m[2026-04-17 13:39:12,700] [   DEBUG][0m - ============================================================[0m
[35m[2026-04-17 13:39:12,702] [   DEBUG][0m - hybrid_parallel_topo_order    : sharding_first[0m
[35m[2026-04-17 13:39:12,704] [   DEBUG][0m -     Training Configuration Arguments    [0m
[35m[2026-04-17 13:39:12,707] [   DEBUG][0m - ignore_data_skip              : False[0m
[35m[2026-04-17 13:39:12,710] [   DEBUG][0m - paddle commit id              : 49365aedc591d696031d8774418280d044b6d6f7[0m
[35m[2026-04-17 13:39:12,713] [   DEBUG][0m - ignore_eos_token              : False[0m
[35m[2026-04-17 13:39:12,718] [   DEBUG][0m - paddleformers commit id       : eabee61c526c00a830efd09c629b9f5a8bde7712.dirty[0m
[35m[2026-04-17 13:39:12,721] [   DEBUG][0m - ignore_load_lr_and_optim      : False[0m
[35m[2026-04-17 13:39:12,724] [   DEBUG][0m - _no_sync_in_gradient_accumulation: True[0m
[35m[2026-04-17 13:39:12,726] [   DEBUG][0m - ignore_save_lr_and_optim      : False[0m
[35m[2026-04-17 13:39:12,728] [   DEBUG][0m - adam_beta1                    : 0.9[0m
[35m[2026-04-17 13:39:12,731] [   DEBUG][0m - init_method                   : None[0m
[35m[2026-04-17 13:39:12,733] [   DEBUG][0m - adam_beta2                    : 0.999[0m
[35m[2026-04-17 13:39:12,736] [   DEBUG][0m - intermediate_size             : None[0m
[35m[2026-04-17 13:39:12,738] [   DEBUG][0m - adam_epsilon                  : 1e-08[0m
[35m[2026-04-17 13:39:12,744] [   DEBUG][0m - label_names                   : None[0m
[35m[2026-04-17 13:39:12,747] [   DEBUG][0m - amp_custom_black_list         : ['reduce_sum', 'softmax_with_cross_entropy', 'c_softmax_with_cross_entropy', 'elementwise_div', 'sin', 'cos'][0m
[35m[2026-04-17 13:39:12,749] [   DEBUG][0m - label_smoothing               : 0.0[0m
[35m[2026-04-17 13:39:12,751] [   DEBUG][0m - amp_custom_white_list         : ['lookup_table', 'lookup_table_v2', 'flash_attn', 'matmul', 'matmul_v2', 'fused_gemm_epilogue'][0m
[35m[2026-04-17 13:39:12,754] [   DEBUG][0m - lazy_data_processing          : True[0m
[35m[2026-04-17 13:39:12,756] [   DEBUG][0m - amp_master_grad               : True[0m
[35m[2026-04-17 13:39:12,759] [   DEBUG][0m - learning_rate                 : 0.0001[0m
[35m[2026-04-17 13:39:12,761] [   DEBUG][0m - aoa_config                    : None[0m
[35m[2026-04-17 13:39:12,768] [   DEBUG][0m - load_best_model_at_end        : False[0m
[35m[2026-04-17 13:39:12,771] [   DEBUG][0m - apply_rope_fusion             : False[0m
[35m[2026-04-17 13:39:12,776] [   DEBUG][0m - load_checkpoint_format        : flex_checkpoint[0m
[35m[2026-04-17 13:39:12,779] [   DEBUG][0m - attention_probs_dropout_prob  : 0.0[0m
[35m[2026-04-17 13:39:12,782] [   DEBUG][0m - load_from_hf                  : False[0m
[35m[2026-04-17 13:39:12,784] [   DEBUG][0m - auto_parallel_resume_form_hybrid_parallel: False[0m
[35m[2026-04-17 13:39:12,787] [   DEBUG][0m - load_sharded_model            : False[0m
[35m[2026-04-17 13:39:12,792] [   DEBUG][0m - auto_parallel_sync_shared_params: False[0m
[35m[2026-04-17 13:39:12,796] [   DEBUG][0m - load_sharded_model_remap_parameter_name: False[0m
[35m[2026-04-17 13:39:12,798] [   DEBUG][0m - autotuner_benchmark           : False[0m
[35m[2026-04-17 13:39:12,802] [   DEBUG][0m - load_via_cpu                  : True[0m
[35m[2026-04-17 13:39:12,804] [   DEBUG][0m - balanced_image_preprocess     : False[0m
[35m[2026-04-17 13:39:12,807] [   DEBUG][0m - local_process_index           : 0[0m
[35m[2026-04-17 13:39:12,815] [   DEBUG][0m - batch_p2p_comm                : True[0m
[35m[2026-04-17 13:39:12,818] [   DEBUG][0m - local_rank                    : 0[0m
[35m[2026-04-17 13:39:12,820] [   DEBUG][0m - benchmark                     : False[0m
[35m[2026-04-17 13:39:12,823] [   DEBUG][0m - log_global_grad_norm          : False[0m
[35m[2026-04-17 13:39:12,825] [   DEBUG][0m - best_unbalanced_scheduler     : False[0m
[35m[2026-04-17 13:39:12,847] [   DEBUG][0m - log_level                     : -1[0m
[35m[2026-04-17 13:39:12,850] [   DEBUG][0m - beta                          : 0.1[0m
[35m[2026-04-17 13:39:12,853] [   DEBUG][0m - log_level_replica             : -1[0m
[35m[2026-04-17 13:39:12,859] [   DEBUG][0m - bf16                          : True[0m
[35m[2026-04-17 13:39:12,862] [   DEBUG][0m - log_on_each_node              : True[0m
[35m[2026-04-17 13:39:12,865] [   DEBUG][0m - bf16_full_eval                : False[0m
[35m[2026-04-17 13:39:12,867] [   DEBUG][0m - logging_dir                   : ./logs/pt/52b[0m
[35m[2026-04-17 13:39:12,869] [   DEBUG][0m - ckpt_quant_stage              : O0[0m
[35m[2026-04-17 13:39:12,873] [   DEBUG][0m - logging_first_step            : False[0m
[35m[2026-04-17 13:39:12,876] [   DEBUG][0m - clear_every_step_cache        : False[0m
[35m[2026-04-17 13:39:12,879] [   DEBUG][0m - logging_steps                 : 1[0m
[35m[2026-04-17 13:39:12,881] [   DEBUG][0m - compute_type                  : bf16[0m
[35m[2026-04-17 13:39:12,929] [   DEBUG][0m - logging_strategy              : IntervalStrategy.STEPS[0m
[35m[2026-04-17 13:39:12,932] [   DEBUG][0m - context_parallel_rank         : 0[0m
[35m[2026-04-17 13:39:12,935] [   DEBUG][0m - logical_process_index         : 0[0m
[35m[2026-04-17 13:39:12,937] [   DEBUG][0m - context_parallel_size         : 1[0m
[35m[2026-04-17 13:39:12,940] [   DEBUG][0m - loss_subbatch_sequence_length : -1[0m
[35m[2026-04-17 13:39:12,942] [   DEBUG][0m - convert_from_hf               : True[0m
[35m[2026-04-17 13:39:12,948] [   DEBUG][0m - loss_type                     : sigmoid[0m
[35m[2026-04-17 13:39:12,950] [   DEBUG][0m - copy_custom_file_list         : [0m
[35m[2026-04-17 13:39:12,953] [   DEBUG][0m - lr_end                        : 1e-07[0m
[35m[2026-04-17 13:39:12,955] [   DEBUG][0m - count_trained_tokens          : False[0m
[35m[2026-04-17 13:39:12,958] [   DEBUG][0m - lr_scheduler                  : cosine[0m
[35m[2026-04-17 13:39:12,961] [   DEBUG][0m - cp_comm_type                  : None[0m
[35m[2026-04-17 13:39:12,963] [   DEBUG][0m - lr_scheduler_type             : SchedulerType.LINEAR[0m
[35m[2026-04-17 13:39:12,965] [   DEBUG][0m - cp_sharding_degree            : 1[0m
[35m[2026-04-17 13:39:13,015] [   DEBUG][0m - max_estimate_samples          : 100000.0[0m
[35m[2026-04-17 13:39:13,022] [   DEBUG][0m - cp_sharding_rank              : 0[0m
[35m[2026-04-17 13:39:13,025] [   DEBUG][0m - max_evaluate_steps            : -1[0m
[35m[2026-04-17 13:39:13,028] [   DEBUG][0m - current_device                : gpu:0[0m
[35m[2026-04-17 13:39:13,031] [   DEBUG][0m - max_grad_norm                 : 1.0[0m
[35m[2026-04-17 13:39:13,035] [   DEBUG][0m - data_parallel_config          : [0m
[35m[2026-04-17 13:39:13,038] [   DEBUG][0m - max_gradient_accumulation_steps: 4[0m
[35m[2026-04-17 13:39:13,040] [   DEBUG][0m - data_parallel_rank            : 0[0m
[35m[2026-04-17 13:39:13,043] [   DEBUG][0m - max_seq_len                   : 4096[0m
[35m[2026-04-17 13:39:13,045] [   DEBUG][0m - data_parallel_size            : 1[0m
[35m[2026-04-17 13:39:13,048] [   DEBUG][0m - max_steps                     : 10[0m
[35m[2026-04-17 13:39:13,053] [   DEBUG][0m - dataloader_drop_last          : False[0m
[35m[2026-04-17 13:39:13,058] [   DEBUG][0m - merge_with_qdq_base_model     : False[0m
[35m[2026-04-17 13:39:13,060] [   DEBUG][0m - dataloader_num_workers        : 0[0m
[35m[2026-04-17 13:39:13,064] [   DEBUG][0m - metric_for_best_model         : None[0m
[35m[2026-04-17 13:39:13,066] [   DEBUG][0m - dataloader_shuffle            : True[0m
[35m[2026-04-17 13:39:13,069] [   DEBUG][0m - metrics_output_path           : None[0m
[35m[2026-04-17 13:39:13,072] [   DEBUG][0m - dataset_batch_size            : 1000[0m
[35m[2026-04-17 13:39:13,074] [   DEBUG][0m - min_lr                        : 0.0[0m
[35m[2026-04-17 13:39:13,080] [   DEBUG][0m - dataset_kwargs                : {}[0m
[35m[2026-04-17 13:39:13,114] [   DEBUG][0m - minimum_eval_times            : None[0m
[35m[2026-04-17 13:39:13,117] [   DEBUG][0m - dataset_num_proc              : None[0m
[35m[2026-04-17 13:39:13,120] [   DEBUG][0m - model_name_or_path            : ./models/Llama-2-52B[0m
[35m[2026-04-17 13:39:13,122] [   DEBUG][0m - dataset_rank                  : 0[0m
[35m[2026-04-17 13:39:13,125] [   DEBUG][0m - moe_deep_gemm                 : False[0m
[35m[2026-04-17 13:39:13,130] [   DEBUG][0m - dataset_text_field            : text[0m
[35m[2026-04-17 13:39:13,133] [   DEBUG][0m - moe_deepep_num_sms            : None[0m
[35m[2026-04-17 13:39:13,135] [   DEBUG][0m - dataset_world_size            : 1[0m
[35m[2026-04-17 13:39:13,139] [   DEBUG][0m - moe_dequant_input             : False[0m
[35m[2026-04-17 13:39:13,153] [   DEBUG][0m - ddp_find_unused_parameters    : None[0m
[35m[2026-04-17 13:39:13,159] [   DEBUG][0m - moe_dropout_prob              : 0.0[0m
[35m[2026-04-17 13:39:13,161] [   DEBUG][0m - decay_function                : half_life[0m
[35m[2026-04-17 13:39:13,164] [   DEBUG][0m - moe_ep_barrier                : True[0m
[35m[2026-04-17 13:39:13,166] [   DEBUG][0m - decay_steps                   : 10[0m
[35m[2026-04-17 13:39:13,169] [   DEBUG][0m - moe_expert_capacity_factor    : 0.0[0m
[35m[2026-04-17 13:39:13,171] [   DEBUG][0m - deterministic_mode            : False[0m
[35m[2026-04-17 13:39:13,177] [   DEBUG][0m - moe_expert_fusion             : True[0m
[35m[2026-04-17 13:39:13,180] [   DEBUG][0m - device                        : gpu[0m
[35m[2026-04-17 13:39:13,183] [   DEBUG][0m - moe_gate_lr_ratio             : None[0m
[35m[2026-04-17 13:39:13,185] [   DEBUG][0m - disable_tqdm                  : False[0m
[35m[2026-04-17 13:39:13,187] [   DEBUG][0m - moe_grouped_gemm              : False[0m
[35m[2026-04-17 13:39:13,189] [   DEBUG][0m - distributed_dataloader        : False[0m
[35m[2026-04-17 13:39:13,192] [   DEBUG][0m - moe_pad_expert_input_to_capacity: False[0m
[35m[2026-04-17 13:39:13,194] [   DEBUG][0m - do_eval                       : True[0m
[35m[2026-04-17 13:39:13,197] [   DEBUG][0m - moe_router_bias_update_rate   : 0.0[0m
[35m[2026-04-17 13:39:13,199] [   DEBUG][0m - do_export                     : False[0m
[35m[2026-04-17 13:39:13,202] [   DEBUG][0m - moe_router_force_load_balancing: False[0m
[35m[2026-04-17 13:39:13,204] [   DEBUG][0m - do_predict                    : False[0m
[35m[2026-04-17 13:39:13,207] [   DEBUG][0m - moe_router_fusion             : True[0m
[35m[2026-04-17 13:39:13,210] [   DEBUG][0m - do_train                      : True[0m
[35m[2026-04-17 13:39:13,213] [   DEBUG][0m - moe_router_load_balancing_type: seq_aux_loss[0m
[35m[2026-04-17 13:39:13,215] [   DEBUG][0m - download_hub                  : None[0m
[35m[2026-04-17 13:39:13,218] [   DEBUG][0m - moe_sharding_parallel_rank    : 0[0m
[35m[2026-04-17 13:39:13,220] [   DEBUG][0m - dp_allreduce_avg_in_gradinent_scale: False[0m
[35m[2026-04-17 13:39:13,223] [   DEBUG][0m - moe_sharding_parallel_size    : 1[0m
[35m[2026-04-17 13:39:13,225] [   DEBUG][0m - dp_comm_overlap               : False[0m
[35m[2026-04-17 13:39:13,228] [   DEBUG][0m - moe_shared_expert_overlap     : True[0m
[35m[2026-04-17 13:39:13,230] [   DEBUG][0m - dpop_lambda                   : 50[0m
[35m[2026-04-17 13:39:13,233] [   DEBUG][0m - moe_subbatch_token_num_after_dispatch: None[0m
[35m[2026-04-17 13:39:13,239] [   DEBUG][0m - embedding_init_method         : None[0m
[35m[2026-04-17 13:39:13,242] [   DEBUG][0m - moe_subbatch_token_num_before_dispatch: 0[0m
[35m[2026-04-17 13:39:13,244] [   DEBUG][0m - embedding_init_method_std     : 0.02[0m
[35m[2026-04-17 13:39:13,247] [   DEBUG][0m - moe_token_dispatcher_type     : deepep[0m
[35m[2026-04-17 13:39:13,249] [   DEBUG][0m - enable_auto_parallel          : False[0m
[35m[2026-04-17 13:39:13,252] [   DEBUG][0m - moe_token_drop_policy         : probs[0m
[35m[2026-04-17 13:39:13,254] [   DEBUG][0m - enable_linear_fused_grad_add  : False[0m
[35m[2026-04-17 13:39:13,256] [   DEBUG][0m - moe_use_fusion_node           : True[0m
[35m[2026-04-17 13:39:13,262] [   DEBUG][0m - enable_mtp_magic_send         : False[0m
[35m[2026-04-17 13:39:13,266] [   DEBUG][0m - moe_with_send_router_loss     : True[0m
[35m[2026-04-17 13:39:13,268] [   DEBUG][0m - enable_sharding_comm_overlap  : False[0m
[35m[2026-04-17 13:39:13,271] [   DEBUG][0m - mp_async_allreduce            : False[0m
[35m[2026-04-17 13:39:13,273] [   DEBUG][0m - enable_zero_cost_checkpoint   : False[0m
[35m[2026-04-17 13:39:13,276] [   DEBUG][0m - mp_fused_linear_param_grad_add: False[0m
[35m[2026-04-17 13:39:13,278] [   DEBUG][0m - estimation_output_file        : estimation_output.json[0m
[35m[2026-04-17 13:39:13,281] [   DEBUG][0m - mp_skip_c_identity            : False[0m
[35m[2026-04-17 13:39:13,286] [   DEBUG][0m - eval_accumulation_steps       : None[0m
[35m[2026-04-17 13:39:13,289] [   DEBUG][0m - mtp_distillation_loss         : False[0m
[35m[2026-04-17 13:39:13,291] [   DEBUG][0m - eval_batch_size               : 1[0m
[35m[2026-04-17 13:39:13,294] [   DEBUG][0m - mtp_num_layers                : 0[0m
[35m[2026-04-17 13:39:13,296] [   DEBUG][0m - eval_iters                    : 10[0m
[35m[2026-04-17 13:39:13,298] [   DEBUG][0m - multi_latent_attention        : False[0m
[35m[2026-04-17 13:39:13,301] [   DEBUG][0m - eval_steps                    : 100[0m
[35m[2026-04-17 13:39:13,304] [   DEBUG][0m - n_routed_experts              : None[0m
[35m[2026-04-17 13:39:13,307] [   DEBUG][0m - evaluation_strategy           : IntervalStrategy.STEPS[0m
[35m[2026-04-17 13:39:13,313] [   DEBUG][0m - nccl_comm_group_config        : None[0m
[35m[2026-04-17 13:39:13,315] [   DEBUG][0m - expert_model_parallel_size    : 1[0m
[35m[2026-04-17 13:39:13,318] [   DEBUG][0m - need_data                     : True[0m
[35m[2026-04-17 13:39:13,320] [   DEBUG][0m - expert_parallel_rank          : 0[0m
[35m[2026-04-17 13:39:13,324] [   DEBUG][0m - no_cuda                       : False[0m
[35m[2026-04-17 13:39:13,326] [   DEBUG][0m - expert_tensor_model_parallel_size: 1[0m
[35m[2026-04-17 13:39:13,328] [   DEBUG][0m - no_recompute_layers           : None[0m
[35m[2026-04-17 13:39:13,331] [   DEBUG][0m - fa_version                    : 2[0m
[35m[2026-04-17 13:39:13,337] [   DEBUG][0m - no_rope_freq                  : False[0m
[35m[2026-04-17 13:39:13,339] [   DEBUG][0m - factor                        : 20[0m
[35m[2026-04-17 13:39:13,342] [   DEBUG][0m - non_batch_p2p_comm            : False[0m
[35m[2026-04-17 13:39:13,344] [   DEBUG][0m - flash_device_save_steps       : 0[0m
[35m[2026-04-17 13:39:13,347] [   DEBUG][0m - normalization                 : RMSNorm[0m
[35m[2026-04-17 13:39:13,349] [   DEBUG][0m - flatten_param_grads           : False[0m
[35m[2026-04-17 13:39:13,353] [   DEBUG][0m - normalize_logps               : False[0m
[35m[2026-04-17 13:39:13,355] [   DEBUG][0m - force_reshard_pp              : False[0m
[35m[2026-04-17 13:39:13,289] [   DEBUG][0m - mtp_distillation_loss         : False[0m
[35m[2026-04-17 13:39:13,291] [   DEBUG][0m - eval_batch_size               : 1[0m
[35m[2026-04-17 13:39:13,294] [   DEBUG][0m - mtp_num_layers                : 0[0m
[35m[2026-04-17 13:39:13,296] [   DEBUG][0m - eval_iters                    : 10[0m
[35m[2026-04-17 13:39:13,298] [   DEBUG][0m - multi_latent_attention        : False[0m
[35m[2026-04-17 13:39:13,301] [   DEBUG][0m - eval_steps                    : 100[0m
[35m[2026-04-17 13:39:13,304] [   DEBUG][0m - n_routed_experts              : None[0m
[35m[2026-04-17 13:39:13,307] [   DEBUG][0m - evaluation_strategy           : IntervalStrategy.STEPS[0m
[35m[2026-04-17 13:39:13,313] [   DEBUG][0m - nccl_comm_group_config        : None[0m
[35m[2026-04-17 13:39:13,315] [   DEBUG][0m - expert_model_parallel_size    : 1[0m
[35m[2026-04-17 13:39:13,318] [   DEBUG][0m - need_data                     : True[0m
[35m[2026-04-17 13:39:13,320] [   DEBUG][0m - expert_parallel_rank          : 0[0m
[35m[2026-04-17 13:39:13,324] [   DEBUG][0m - no_cuda                       : False[0m
[35m[2026-04-17 13:39:13,326] [   DEBUG][0m - expert_tensor_model_parallel_size: 1[0m
[35m[2026-04-17 13:39:13,328] [   DEBUG][0m - no_recompute_layers           : None[0m
[35m[2026-04-17 13:39:13,331] [   DEBUG][0m - fa_version                    : 2[0m
[35m[2026-04-17 13:39:13,337] [   DEBUG][0m - no_rope_freq                  : False[0m
[35m[2026-04-17 13:39:13,339] [   DEBUG][0m - factor                        : 20[0m
[35m[2026-04-17 13:39:13,342] [   DEBUG][0m - non_batch_p2p_comm            : False[0m
[35m[2026-04-17 13:39:13,344] [   DEBUG][0m - flash_device_save_steps       : 0[0m
[35m[2026-04-17 13:39:13,347] [   DEBUG][0m - normalization                 : RMSNorm[0m
[35m[2026-04-17 13:39:13,349] [   DEBUG][0m - flatten_param_grads           : False[0m
[35m[2026-04-17 13:39:13,353] [   DEBUG][0m - normalize_logps               : False[0m
[35m[2026-04-17 13:39:13,355] [   DEBUG][0m - force_reshard_pp              : False[0m
[35m[2026-04-17 13:39:13,380] [   DEBUG][0m - num_attention_heads           : None[0m
[35m[2026-04-17 13:39:13,386] [   DEBUG][0m - forward_backward_overlap_scheduler: False[0m
[35m[2026-04-17 13:39:13,390] [   DEBUG][0m - num_consecutive               : 1[0m
[35m[2026-04-17 13:39:13,392] [   DEBUG][0m - fp16                          : False[0m
[35m[2026-04-17 13:39:13,395] [   DEBUG][0m - num_cycles                    : 0.5[0m
[35m[2026-04-17 13:39:13,398] [   DEBUG][0m - fp16_full_eval                : False[0m
[35m[2026-04-17 13:39:13,401] [   DEBUG][0m - num_empty_layers_add_in_head  : 0[0m
[35m[2026-04-17 13:39:13,404] [   DEBUG][0m - fp16_opt_level                : O1[0m
[35m[2026-04-17 13:39:13,407] [   DEBUG][0m - num_empty_layers_add_in_tail  : 0[0m
[35m[2026-04-17 13:39:13,413] [   DEBUG][0m - fp32_residual_connection      : True[0m
[35m[2026-04-17 13:39:13,415] [   DEBUG][0m - num_experts_per_tok           : None[0m
[35m[2026-04-17 13:39:13,418] [   DEBUG][0m - fp8                           : None[0m
[35m[2026-04-17 13:39:13,421] [   DEBUG][0m - num_hidden_layers             : None[0m
[35m[2026-04-17 13:39:13,423] [   DEBUG][0m - fp8_wgrad                     : True[0m
[35m[2026-04-17 13:39:13,426] [   DEBUG][0m - num_key_value_heads           : None[0m
[35m[2026-04-17 13:39:13,428] [   DEBUG][0m - freeze_config                 : [0m
[35m[2026-04-17 13:39:13,435] [   DEBUG][0m - num_nextn_predict_layers      : 0[0m
[35m[2026-04-17 13:39:13,450] [   DEBUG][0m - fuse_optimizer_states         : False[0m
[35m[2026-04-17 13:39:13,457] [   DEBUG][0m - num_of_gpus                   : -1[0m
[35m[2026-04-17 13:39:13,459] [   DEBUG][0m - fuse_sequence_parallel_allreduce: False[0m
[35m[2026-04-17 13:39:13,462] [   DEBUG][0m - num_train_epochs              : 1.0[0m
[35m[2026-04-17 13:39:13,464] [   DEBUG][0m - fuse_swiglu                   : False[0m
[35m[2026-04-17 13:39:13,467] [   DEBUG][0m - offload_fp8_expert_master_weight: True[0m
[35m[2026-04-17 13:39:13,469] [   DEBUG][0m - gated_linear_unit             : True[0m
[35m[2026-04-17 13:39:13,472] [   DEBUG][0m - offload_queue                 : False[0m
[35m[2026-04-17 13:39:13,474] [   DEBUG][0m - gc_interval                   : 0[0m
[35m[2026-04-17 13:39:13,481] [   DEBUG][0m - offset_alpha                  : 0.0[0m
[35m[2026-04-17 13:39:13,483] [   DEBUG][0m - global_batch_size             : 4[0m
[35m[2026-04-17 13:39:13,486] [   DEBUG][0m - optim                         : OptimizerNames.ADAMW[0m
[35m[2026-04-17 13:39:13,492] [   DEBUG][0m - global_logging_interval       : 1[0m
[35m[2026-04-17 13:39:13,496] [   DEBUG][0m - optim_shard_num               : 1[0m
[35m[2026-04-17 13:39:13,498] [   DEBUG][0m - gradient_accumulation_steps   : 4[0m
[35m[2026-04-17 13:39:13,502] [   DEBUG][0m - optimizer_name_suffix         : tp00_pp00[0m
[35m[2026-04-17 13:39:13,505] [   DEBUG][0m - gradient_sync_after_accumulate: False[0m
[35m[2026-04-17 13:39:13,508] [   DEBUG][0m - ordered_save_group_size       : 0[0m
[35m[2026-04-17 13:39:13,514] [   DEBUG][0m - greater_is_better             : None[0m
[35m[2026-04-17 13:39:13,517] [   DEBUG][0m - output_dir                    : ./checkpoints/pt/52b[0m
[35m[2026-04-17 13:39:13,519] [   DEBUG][0m - hidden_dropout_prob           : 0.0[0m
[35m[2026-04-17 13:39:13,522] [   DEBUG][0m - output_layer_init_method      : None[0m
[35m[2026-04-17 13:39:13,524] [   DEBUG][0m - hidden_size                   : None[0m
[35m[2026-04-17 13:39:13,527] [   DEBUG][0m - output_signal_dir             : ./checkpoints/pt/52b[0m
[35m[2026-04-17 13:39:13,529] [   DEBUG][0m - hybrid_parallel_expert_grad_scale: 8.0[0m
[35m[2026-04-17 13:39:13,532] [   DEBUG][0m - overlap                       : False[0m
[35m[2026-04-17 13:39:13,534] [   DEBUG][0m - hybrid_parallel_topo_order    : sharding_first[0m
[35m[2026-04-17 13:39:13,537] [   DEBUG][0m - overlap_p2p_comm              : False[0m
[35m[2026-04-17 13:39:13,539] [   DEBUG][0m - ignore_data_skip              : False[0m
[35m[2026-04-17 13:39:13,542] [   DEBUG][0m - overwrite_output_dir          : True[0m
[35m[2026-04-17 13:39:13,544] [   DEBUG][0m - ignore_eos_token              : False[0m
[35m[2026-04-17 13:39:13,546] [   DEBUG][0m - p2p_cache_shape               : True[0m
[35m[2026-04-17 13:39:13,549] [   DEBUG][0m - ignore_load_lr_and_optim      : False[0m
[35m[2026-04-17 13:39:13,551] [   DEBUG][0m - pad_token_id                  : 0[0m
[35m[2026-04-17 13:39:13,553] [   DEBUG][0m - ignore_save_lr_and_optim      : False[0m
[35m[2026-04-17 13:39:13,558] [   DEBUG][0m - partial_send_recv             : True[0m
[35m[2026-04-17 13:39:13,560] [   DEBUG][0m - init_method                   : None[0m
[35m[2026-04-17 13:39:13,563] [   DEBUG][0m - past_index                    : -1[0m
[35m[2026-04-17 13:39:13,566] [   DEBUG][0m - intermediate_size             : None[0m
[35m[2026-04-17 13:39:13,569] [   DEBUG][0m - pdc_download_ckpt             : False[0m
[35m[2026-04-17 13:39:13,571] [   DEBUG][0m - label_names                   : None[0m
[35m[2026-04-17 13:39:13,574] [   DEBUG][0m - pdc_download_timeout          : 300[0m
[35m[2026-04-17 13:39:13,576] [   DEBUG][0m - label_smoothing               : 0.0[0m
[35m[2026-04-17 13:39:13,579] [   DEBUG][0m - per_device_eval_batch_size    : 1[0m
[35m[2026-04-17 13:39:13,581] [   DEBUG][0m - lazy_data_processing          : True[0m
[35m[2026-04-17 13:39:13,584] [   DEBUG][0m - per_device_train_batch_size   : 1[0m
[35m[2026-04-17 13:39:13,587] [   DEBUG][0m - learning_rate                 : 0.0001[0m
[35m[2026-04-17 13:39:13,590] [   DEBUG][0m - pipeline_model_parallel_size  : 2[0m
[35m[2026-04-17 13:39:13,592] [   DEBUG][0m - load_best_model_at_end        : False[0m
[35m[2026-04-17 13:39:13,595] [   DEBUG][0m - pipeline_parallel_config      : [0m
[35m[2026-04-17 13:39:13,601] [   DEBUG][0m - load_checkpoint_format        : flex_checkpoint[0m
[35m[2026-04-17 13:39:13,604] [   DEBUG][0m - pipeline_parallel_rank        : 0[0m
[35m[2026-04-17 13:39:13,606] [   DEBUG][0m - load_from_hf                  : False[0m
[35m[2026-04-17 13:39:13,610] [   DEBUG][0m - position_embedding_type       : rope[0m
[35m[2026-04-17 13:39:13,612] [   DEBUG][0m - load_sharded_model            : False[0m
[35m[2026-04-17 13:39:13,615] [   DEBUG][0m - power                         : 1.0[0m
[35m[2026-04-17 13:39:13,617] [   DEBUG][0m - load_sharded_model_remap_parameter_name: False[0m
[35m[2026-04-17 13:39:13,620] [   DEBUG][0m - pp_delay_scale_loss           : True[0m
[35m[2026-04-17 13:39:13,626] [   DEBUG][0m - load_via_cpu                  : True[0m
[35m[2026-04-17 13:39:13,629] [   DEBUG][0m - pp_need_data                  : False[0m
[35m[2026-04-17 13:39:13,631] [   DEBUG][0m - local_process_index           : 0[0m
[35m[2026-04-17 13:39:13,634] [   DEBUG][0m - pp_need_data_degree           : 0[0m
[35m[2026-04-17 13:39:13,636] [   DEBUG][0m - local_rank                    : 0[0m
[35m[2026-04-17 13:39:13,639] [   DEBUG][0m - pp_release_grads              : False[0m
[35m[2026-04-17 13:39:13,642] [   DEBUG][0m - log_global_grad_norm          : False[0m
[35m[2026-04-17 13:39:13,648] [   DEBUG][0m - pp_sharding_comm_overlap      : False[0m
[35m[2026-04-17 13:39:13,650] [   DEBUG][0m - log_level                     : -1[0m
[35m[2026-04-17 13:39:13,652] [   DEBUG][0m - pp_sync_moment                : False[0m
[35m[2026-04-17 13:39:13,654] [   DEBUG][0m - log_level_replica             : -1[0m
[35m[2026-04-17 13:39:13,657] [   DEBUG][0m - pp_sync_param                 : False[0m
[35m[2026-04-17 13:39:13,659] [   DEBUG][0m - log_on_each_node              : True[0m
[35m[2026-04-17 13:39:13,662] [   DEBUG][0m - pre_alloc_memory              : 0[0m
[35m[2026-04-17 13:39:13,665] [   DEBUG][0m - logging_dir                   : ./logs/pt/52b[0m
[35m[2026-04-17 13:39:13,667] [   DEBUG][0m - prediction_loss_only          : False[0m
[35m[2026-04-17 13:39:13,673] [   DEBUG][0m - logging_first_step            : False[0m
[35m[2026-04-17 13:39:13,676] [   DEBUG][0m - pref_loss_ratio               : 1.0[0m
[35m[2026-04-17 13:39:13,678] [   DEBUG][0m - logging_steps                 : 1[0m
[35m[2026-04-17 13:39:13,681] [   DEBUG][0m - prefetch_factor               : 2[0m
[35m[2026-04-17 13:39:13,683] [   DEBUG][0m - logging_strategy              : IntervalStrategy.STEPS[0m
[35m[2026-04-17 13:39:13,686] [   DEBUG][0m - process_index                 : 0[0m
[35m[2026-04-17 13:39:13,688] [   DEBUG][0m - logical_process_index         : 8[0m
[35m[2026-04-17 13:39:13,694] [   DEBUG][0m - profile                       : False[0m
[35m[2026-04-17 13:39:13,696] [   DEBUG][0m - loss_subbatch_sequence_length : -1[0m
[35m[2026-04-17 13:39:13,699] [   DEBUG][0m - profile_step_end              : 12[0m
[35m[2026-04-17 13:39:13,702] [   DEBUG][0m - loss_type                     : sigmoid[0m
[35m[2026-04-17 13:39:13,706] [   DEBUG][0m - profile_step_start            : 10[0m
[35m[2026-04-17 13:39:13,716] [   DEBUG][0m - lr_end                        : 1e-07[0m
[35m[2026-04-17 13:39:13,720] [   DEBUG][0m - recompute_granularity         : full[0m
[35m[2026-04-17 13:39:13,722] [   DEBUG][0m - lr_scheduler                  : cosine[0m
[35m[2026-04-17 13:39:13,726] [   DEBUG][0m - recompute_method              : uniform[0m
[35m[2026-04-17 13:39:13,728] [   DEBUG][0m - lr_scheduler_type             : SchedulerType.LINEAR[0m
[35m[2026-04-17 13:39:13,731] [   DEBUG][0m - recompute_modules             : None[0m
[35m[2026-04-17 13:39:13,733] [   DEBUG][0m - max_estimate_samples          : 100000.0[0m
[35m[2026-04-17 13:39:13,736] [   DEBUG][0m - recompute_mtp_granularity     : None[0m
[35m[2026-04-17 13:39:13,738] [   DEBUG][0m - max_evaluate_steps            : -1[0m
[35m[2026-04-17 13:39:13,742] [   DEBUG][0m - recompute_mtp_method          : None[0m
[35m[2026-04-17 13:39:13,745] [   DEBUG][0m - max_grad_norm                 : 1.0[0m
[35m[2026-04-17 13:39:13,748] [   DEBUG][0m - recompute_mtp_modules         : None[0m
[35m[2026-04-17 13:39:13,750] [   DEBUG][0m - max_gradient_accumulation_steps: 4[0m
[35m[2026-04-17 13:39:13,753] [   DEBUG][0m - recompute_num_layers          : 1[0m
[35m[2026-04-17 13:39:13,755] [   DEBUG][0m - max_seq_len                   : 4096[0m
[35m[2026-04-17 13:39:13,758] [   DEBUG][0m - recompute_use_reentrant       : True[0m
[35m[2026-04-17 13:39:13,761] [   DEBUG][0m - max_steps                     : 10[0m
[35m[2026-04-17 13:39:13,767] [   DEBUG][0m - reeao_dataset_rank            : 0[0m
[35m[2026-04-17 13:39:13,769] [   DEBUG][0m - merge_with_qdq_base_model     : False[0m
[35m[2026-04-17 13:39:13,772] [   DEBUG][0m - reeao_dataset_world_size      : 1[0m
[35m[2026-04-17 13:39:13,774] [   DEBUG][0m - metric_for_best_model         : None[0m
[35m[2026-04-17 13:39:13,781] [   DEBUG][0m - ref_model_update_steps        : -1[0m
[35m[2026-04-17 13:39:13,783] [   DEBUG][0m - metrics_output_path           : None[0m
[35m[2026-04-17 13:39:13,790] [   DEBUG][0m - reference_free                : False[0m
[35m[2026-04-17 13:39:13,792] [   DEBUG][0m - min_lr                        : 0.0[0m
[35m[2026-04-17 13:39:13,795] [   DEBUG][0m - release_grads                 : False[0m
[35m[2026-04-17 13:39:13,797] [   DEBUG][0m - minimum_eval_times            : None[0m
[35m[2026-04-17 13:39:13,800] [   DEBUG][0m - remove_unused_columns         : True[0m
[35m[2026-04-17 13:39:13,802] [   DEBUG][0m - model_name_or_path            : ./models/Llama-2-52B[0m
[35m[2026-04-17 13:39:13,805] [   DEBUG][0m - reorder_pipeline_priority     : False[0m
[35m[2026-04-17 13:39:13,807] [   DEBUG][0m - moe_deep_gemm                 : False[0m
[35m[2026-04-17 13:39:13,810] [   DEBUG][0m - replace_with_c_embedding      : False[0m
[35m[2026-04-17 13:39:13,812] [   DEBUG][0m - moe_deepep_num_sms            : None[0m
[35m[2026-04-17 13:39:13,815] [   DEBUG][0m - replace_with_parallel_cross_entropy: False[0m
[35m[2026-04-17 13:39:13,817] [   DEBUG][0m - moe_dequant_input             : False[0m
[35m[2026-04-17 13:39:13,821] [   DEBUG][0m - replicate_saved_into_local    : False[0m
[35m[2026-04-17 13:39:13,823] [   DEBUG][0m - moe_dropout_prob              : 0.0[0m
[35m[2026-04-17 13:39:13,826] [   DEBUG][0m - report_to                     : ['visualdl'][0m
[35m[2026-04-17 13:39:13,828] [   DEBUG][0m - moe_ep_barrier                : True[0m
[35m[2026-04-17 13:39:13,837] [   DEBUG][0m - resume_from_checkpoint        : None[0m
[35m[2026-04-17 13:39:13,840] [   DEBUG][0m - moe_expert_capacity_factor    : 0.0[0m
[35m[2026-04-17 13:39:13,842] [   DEBUG][0m - resume_from_huggingface_ckpt  : None[0m
[35m[2026-04-17 13:39:13,845] [   DEBUG][0m - moe_expert_fusion             : True[0m
[35m[2026-04-17 13:39:13,848] [   DEBUG][0m - router_aux_loss_coef          : 0.0[0m
[35m[2026-04-17 13:39:13,850] [   DEBUG][0m - moe_gate_lr_ratio             : None[0m
[35m[2026-04-17 13:39:13,853] [   DEBUG][0m - router_z_loss_coef            : None[0m
[35m[2026-04-17 13:39:13,858] [   DEBUG][0m - moe_grouped_gemm              : False[0m
[35m[2026-04-17 13:39:13,861] [   DEBUG][0m - run_name                      : ./checkpoints/pt/52b[0m
[35m[2026-04-17 13:39:13,863] [   DEBUG][0m - moe_pad_expert_input_to_capacity: False[0m
[35m[2026-04-17 13:39:13,865] [   DEBUG][0m - same_data                     : None[0m
[35m[2026-04-17 13:39:13,868] [   DEBUG][0m - moe_router_bias_update_rate   : 0.0[0m
[35m[2026-04-17 13:39:13,871] [   DEBUG][0m - save_checkpoint_format        : flex_checkpoint[0m
[35m[2026-04-17 13:39:13,873] [   DEBUG][0m - moe_router_force_load_balancing: False[0m
[35m[2026-04-17 13:39:13,876] [   DEBUG][0m - save_hf_memory_growth_threshold: 8[0m
[35m[2026-04-17 13:39:13,878] [   DEBUG][0m - moe_router_fusion             : True[0m
[35m[2026-04-17 13:39:13,881] [   DEBUG][0m - save_hf_steps                 : -1[0m
[35m[2026-04-17 13:39:13,883] [   DEBUG][0m - moe_router_load_balancing_type: seq_aux_loss[0m
[35m[2026-04-17 13:39:13,886] [   DEBUG][0m - save_hf_total_limit           : None[0m
[35m[2026-04-17 13:39:13,888] [   DEBUG][0m - moe_sharding_parallel_rank    : 0[0m
[35m[2026-04-17 13:39:13,895] [   DEBUG][0m - save_last_step                : False[0m
[35m[2026-04-17 13:39:13,897] [   DEBUG][0m - moe_sharding_parallel_size    : 1[0m
[35m[2026-04-17 13:39:13,900] [   DEBUG][0m - save_on_each_node             : False[0m
[35m[2026-04-17 13:39:13,902] [   DEBUG][0m - moe_shared_expert_overlap     : True[0m
[35m[2026-04-17 13:39:13,906] [   DEBUG][0m - save_rng_states               : True[0m
[35m[2026-04-17 13:39:13,908] [   DEBUG][0m - moe_subbatch_token_num_after_dispatch: None[0m
[35m[2026-04-17 13:39:13,911] [   DEBUG][0m - save_sharded_model            : False[0m
[35m[2026-04-17 13:39:13,913] [   DEBUG][0m - moe_subbatch_token_num_before_dispatch: 0[0m
[35m[2026-04-17 13:39:13,916] [   DEBUG][0m - save_sharding_stage1_model_include_freeze_params: False[0m
[35m[2026-04-17 13:39:13,918] [   DEBUG][0m - moe_token_dispatcher_type     : deepep[0m
[35m[2026-04-17 13:39:13,921] [   DEBUG][0m - save_steps                    : 100[0m
[35m[2026-04-17 13:39:13,923] [   DEBUG][0m - moe_token_drop_policy         : probs[0m
[35m[2026-04-17 13:39:13,926] [   DEBUG][0m - save_strategy                 : IntervalStrategy.STEPS[0m
[35m[2026-04-17 13:39:13,929] [   DEBUG][0m - moe_use_fusion_node           : True[0m
[35m[2026-04-17 13:39:13,933] [   DEBUG][0m - save_to_hf                    : True[0m
[35m[2026-04-17 13:39:13,935] [   DEBUG][0m - moe_with_send_router_loss     : True[0m
[35m[2026-04-17 13:39:13,938] [   DEBUG][0m - save_tokenizer                : True[0m
[35m[2026-04-17 13:39:13,940] [   DEBUG][0m - mp_async_allreduce            : False[0m
[35m[2026-04-17 13:39:13,943] [   DEBUG][0m - save_total_limit              : None[0m
[35m[2026-04-17 13:39:13,945] [   DEBUG][0m - mp_fused_linear_param_grad_add: False[0m
[35m[2026-04-17 13:39:13,952] [   DEBUG][0m - scale_loss                    : 32768[0m
[35m[2026-04-17 13:39:13,959] [   DEBUG][0m - mp_skip_c_identity            : False[0m
[35m[2026-04-17 13:39:13,962] [   DEBUG][0m - sd_release_grads              : False[0m
[35m[2026-04-17 13:39:13,964] [   DEBUG][0m - mtp_distillation_loss         : False[0m
[35m[2026-04-17 13:39:13,967] [   DEBUG][0m - sd_sharding_comm_overlap      : False[0m
[35m[2026-04-17 13:39:13,969] [   DEBUG][0m - mtp_num_layers                : 0[0m
[35m[2026-04-17 13:39:13,972] [   DEBUG][0m - sd_shardingv1_comm_overlap    : False[0m
[35m[2026-04-17 13:39:13,974] [   DEBUG][0m - multi_latent_attention        : False[0m
[35m[2026-04-17 13:39:13,977] [   DEBUG][0m - seed                          : 23[0m
[35m[2026-04-17 13:39:13,983] [   DEBUG][0m - n_routed_experts              : None[0m
[35m[2026-04-17 13:39:13,986] [   DEBUG][0m - send_recv_overlap             : False[0m
[35m[2026-04-17 13:39:13,989] [   DEBUG][0m - nccl_comm_group_config        : None[0m
[35m[2026-04-17 13:39:13,992] [   DEBUG][0m - sep_parallel_size             : 1[0m
[35m[2026-04-17 13:39:13,994] [   DEBUG][0m - need_data                     : False[0m
[35m[2026-04-17 13:39:14,001] [   DEBUG][0m - sequence_parallel             : False[0m
[35m[2026-04-17 13:39:14,003] [   DEBUG][0m - no_cuda                       : False[0m
[35m[2026-04-17 13:39:14,008] [   DEBUG][0m - sequence_parallel_config      : [0m
[35m[2026-04-17 13:39:14,013] [   DEBUG][0m - no_recompute_layers           : None[0m
[35m[2026-04-17 13:39:14,016] [   DEBUG][0m - sft_loss_ratio                : 0.0[0m
[35m[2026-04-17 13:39:14,018] [   DEBUG][0m - no_rope_freq                  : False[0m
[35m[2026-04-17 13:39:14,021] [   DEBUG][0m - sharded_model_from_ema        : False[0m
[35m[2026-04-17 13:39:14,027] [   DEBUG][0m - non_batch_p2p_comm            : False[0m
[35m[2026-04-17 13:39:14,029] [   DEBUG][0m - sharding                      : [][0m
[35m[2026-04-17 13:39:14,032] [   DEBUG][0m - normalization                 : RMSNorm[0m
[35m[2026-04-17 13:39:14,035] [   DEBUG][0m - sharding_comm_buffer_size_MB  : -1[0m
[35m[2026-04-17 13:39:14,059] [   DEBUG][0m - normalize_logps               : False[0m
[35m[2026-04-17 13:39:14,065] [   DEBUG][0m - sharding_degree               : -1[0m
[35m[2026-04-17 13:39:14,067] [   DEBUG][0m - num_attention_heads           : None[0m
[35m[2026-04-17 13:39:14,070] [   DEBUG][0m - sharding_offload_opt_buffersize_GB: -1[0m
[35m[2026-04-17 13:39:14,072] [   DEBUG][0m - num_consecutive               : 1[0m
[35m[2026-04-17 13:39:14,076] [   DEBUG][0m - sharding_parallel_config      : [0m
[35m[2026-04-17 13:39:14,078] [   DEBUG][0m - num_cycles                    : 0.5[0m
[35m[2026-04-17 13:39:14,081] [   DEBUG][0m - sharding_parallel_mesh_dimension: dp[0m
[35m[2026-04-17 13:39:14,083] [   DEBUG][0m - num_empty_layers_add_in_head  : 0[0m
[35m[2026-04-17 13:39:14,086] [   DEBUG][0m - sharding_parallel_rank        : 0[0m
[35m[2026-04-17 13:39:14,089] [   DEBUG][0m - num_empty_layers_add_in_tail  : 0[0m
[35m[2026-04-17 13:39:14,092] [   DEBUG][0m - sharding_parallel_size        : 1[0m
[35m[2026-04-17 13:39:14,094] [   DEBUG][0m - num_experts_per_tok           : None[0m
[35m[2026-04-17 13:39:14,097] [   DEBUG][0m - should_load_dataset           : True[0m
[35m[2026-04-17 13:39:14,100] [   DEBUG][0m - num_hidden_layers             : None[0m
[35m[2026-04-17 13:39:14,102] [   DEBUG][0m - should_load_sharding_stage1_model: False[0m
[35m[2026-04-17 13:39:14,104] [   DEBUG][0m - num_key_value_heads           : None[0m
[35m[2026-04-17 13:39:14,107] [   DEBUG][0m - should_log                    : True[0m
[35m[2026-04-17 13:39:14,110] [   DEBUG][0m - num_nextn_predict_layers      : 0[0m
[35m[2026-04-17 13:39:14,113] [   DEBUG][0m - should_save                   : True[0m
[35m[2026-04-17 13:39:14,115] [   DEBUG][0m - num_of_gpus                   : -1[0m
[35m[2026-04-17 13:39:14,118] [   DEBUG][0m - should_save_model_state       : True[0m
[35m[2026-04-17 13:39:14,120] [   DEBUG][0m - num_train_epochs              : 1.0[0m
[35m[2026-04-17 13:39:14,123] [   DEBUG][0m - should_save_model_with_tensor_fusion: False[0m
[35m[2026-04-17 13:39:14,125] [   DEBUG][0m - offload_fp8_expert_master_weight: True[0m
[35m[2026-04-17 13:39:14,128] [   DEBUG][0m - should_save_sharding_stage1_model: False[0m
[35m[2026-04-17 13:39:14,130] [   DEBUG][0m - offload_queue                 : False[0m
[35m[2026-04-17 13:39:14,133] [   DEBUG][0m - shuffle_consecutive           : False[0m
[35m[2026-04-17 13:39:14,135] [   DEBUG][0m - offset_alpha                  : 0.0[0m
[35m[2026-04-17 13:39:14,138] [   DEBUG][0m - simpo_gamma                   : 0.5[0m
[35m[2026-04-17 13:39:14,141] [   DEBUG][0m - optim                         : OptimizerNames.ADAMW[0m
[35m[2026-04-17 13:39:14,144] [   DEBUG][0m - skip_data_intervals           : None[0m
[35m[2026-04-17 13:39:14,146] [   DEBUG][0m - optim_shard_num               : 1[0m
[35m[2026-04-17 13:39:14,149] [   DEBUG][0m - skip_memory_metrics           : True[0m
[35m[2026-04-17 13:39:14,151] [   DEBUG][0m - optimizer_name_suffix         : tp00_pp01[0m
[35m[2026-04-17 13:39:14,154] [   DEBUG][0m - skip_profile_timer            : True[0m
[35m[2026-04-17 13:39:14,156] [   DEBUG][0m - ordered_save_group_size       : 0[0m
[35m[2026-04-17 13:39:14,159] [   DEBUG][0m - softmax_scale                 : None[0m
[35m[2026-04-17 13:39:14,161] [   DEBUG][0m - output_dir                    : ./checkpoints/pt/52b[0m
[35m[2026-04-17 13:39:14,165] [   DEBUG][0m - softmax_type                  : vanilla[0m
[35m[2026-04-17 13:39:14,170] [   DEBUG][0m - output_layer_init_method      : None[0m
[35m[2026-04-17 13:39:14,184] [   DEBUG][0m - sp_allreduce_avg_in_gradinent_scale: False[0m
[35m[2026-04-17 13:39:14,187] [   DEBUG][0m - output_signal_dir             : ./checkpoints/pt/52b[0m
[35m[2026-04-17 13:39:14,190] [   DEBUG][0m - sp_async_reduce_scatter       : False[0m
[35m[2026-04-17 13:39:14,192] [   DEBUG][0m - overlap                       : False[0m
[35m[2026-04-17 13:39:14,199] [   DEBUG][0m - split_backward                : False[0m
[35m[2026-04-17 13:39:14,201] [   DEBUG][0m - overlap_p2p_comm              : False[0m
[35m[2026-04-17 13:39:14,205] [   DEBUG][0m - split_inputs_sequence_dim     : True[0m
[35m[2026-04-17 13:39:14,208] [   DEBUG][0m - overwrite_output_dir          : True[0m
[35m[2026-04-17 13:39:14,211] [   DEBUG][0m - split_norm_comm               : False[0m
[35m[2026-04-17 13:39:14,214] [   DEBUG][0m - p2p_cache_shape               : True[0m
[35m[2026-04-17 13:39:14,216] [   DEBUG][0m - split_param                   : True[0m
[35m[2026-04-17 13:39:14,219] [   DEBUG][0m - pad_token_id                  : 0[0m
[35m[2026-04-17 13:39:14,222] [   DEBUG][0m - stage1_allgather_overlap      : False[0m
[35m[2026-04-17 13:39:14,224] [   DEBUG][0m - partial_send_recv             : True[0m
[35m[2026-04-17 13:39:14,227] [   DEBUG][0m - stage1_broadcast_overlap      : False[0m
[35m[2026-04-17 13:39:14,230] [   DEBUG][0m - past_index                    : -1[0m
[35m[2026-04-17 13:39:14,233] [   DEBUG][0m - stage1_overlap                : False[0m
[35m[2026-04-17 13:39:14,235] [   DEBUG][0m - pdc_download_ckpt             : False[0m
[35m[2026-04-17 13:39:14,238] [   DEBUG][0m - stage1_reduce_avg             : True[0m
[35m[2026-04-17 13:39:14,240] [   DEBUG][0m - pdc_download_timeout          : 300[0m
[35m[2026-04-17 13:39:14,243] [   DEBUG][0m - stage1_tensor_fusion          : False[0m
[35m[2026-04-17 13:39:14,248] [   DEBUG][0m - per_device_eval_batch_size    : 1[0m
[35m[2026-04-17 13:39:14,252] [   DEBUG][0m - stage2_overlap                : False[0m
[35m[2026-04-17 13:39:14,254] [   DEBUG][0m - per_device_train_batch_size   : 1[0m
[35m[2026-04-17 13:39:14,256] [   DEBUG][0m - sync_grad                     : False[0m
[35m[2026-04-17 13:39:14,259] [   DEBUG][0m - pipeline_model_parallel_size  : 2[0m
[35m[2026-04-17 13:39:14,263] [   DEBUG][0m - tensor_fusion                 : False[0m
[35m[2026-04-17 13:39:14,265] [   DEBUG][0m - pipeline_parallel_config      : [0m
[35m[2026-04-17 13:39:14,271] [   DEBUG][0m - tensor_model_parallel_size    : 8[0m
[35m[2026-04-17 13:39:14,273] [   DEBUG][0m - pipeline_parallel_rank        : 1[0m
[35m[2026-04-17 13:39:14,277] [   DEBUG][0m - tensor_parallel_config        : [0m
[35m[2026-04-17 13:39:14,279] [   DEBUG][0m - position_embedding_type       : rope[0m
[35m[2026-04-17 13:39:14,282] [   DEBUG][0m - tensor_parallel_output        : True[0m
[35m[2026-04-17 13:39:14,284] [   DEBUG][0m - power                         : 1.0[0m
[35m[2026-04-17 13:39:14,287] [   DEBUG][0m - tensor_parallel_rank          : 0[0m
[35m[2026-04-17 13:39:14,289] [   DEBUG][0m - pp_delay_scale_loss           : True[0m
[35m[2026-04-17 13:39:14,292] [   DEBUG][0m - tensorwise_offload_optimizer  : True[0m
[35m[2026-04-17 13:39:14,294] [   DEBUG][0m - pp_need_data                  : False[0m
[35m[2026-04-17 13:39:14,296] [   DEBUG][0m - test_iters                    : 100[0m
[35m[2026-04-17 13:39:14,298] [   DEBUG][0m - pp_need_data_degree           : 0[0m
[35m[2026-04-17 13:39:14,302] [   DEBUG][0m - tie_word_embeddings           : None[0m
[35m[2026-04-17 13:39:14,304] [   DEBUG][0m - pp_release_grads              : False[0m
[35m[2026-04-17 13:39:14,307] [   DEBUG][0m - timer                         : False[0m
[35m[2026-04-17 13:39:14,309] [   DEBUG][0m - pp_sharding_comm_overlap      : False[0m
[35m[2026-04-17 13:39:14,311] [   DEBUG][0m - to_static                     : False[0m
[35m[2026-04-17 13:39:14,314] [   DEBUG][0m - pp_sync_moment                : False[0m
[35m[2026-04-17 13:39:14,318] [   DEBUG][0m - token_balance_loss            : False[0m
[35m[2026-04-17 13:39:14,320] [   DEBUG][0m - pp_sync_param                 : False[0m
[35m[2026-04-17 13:39:14,323] [   DEBUG][0m - tp_async_allreduce            : False[0m
[35m[2026-04-17 13:39:14,326] [   DEBUG][0m - pre_alloc_memory              : 0[0m
[35m[2026-04-17 13:39:14,329] [   DEBUG][0m - tp_sync_moment                : False[0m
[35m[2026-04-17 13:39:14,331] [   DEBUG][0m - prediction_loss_only          : False[0m
[35m[2026-04-17 13:39:14,335] [   DEBUG][0m - tp_sync_param                 : False[0m
[35m[2026-04-17 13:39:14,337] [   DEBUG][0m - pref_loss_ratio               : 1.0[0m
[35m[2026-04-17 13:39:14,340] [   DEBUG][0m - train_batch_size              : 1[0m
[35m[2026-04-17 13:39:14,342] [   DEBUG][0m - prefetch_factor               : 2[0m
[35m[2026-04-17 13:39:14,345] [   DEBUG][0m - train_mtp_only                : False[0m
[35m[2026-04-17 13:39:14,347] [   DEBUG][0m - process_index                 : 8[0m
[35m[2026-04-17 13:39:14,350] [   DEBUG][0m - unified_checkpoint            : False[0m
[35m[2026-04-17 13:39:14,353] [   DEBUG][0m - profile                       : False[0m
[35m[2026-04-17 13:39:14,356] [   DEBUG][0m - unified_checkpoint_config     : [0m
[35m[2026-04-17 13:39:14,358] [   DEBUG][0m - profile_step_end              : 12[0m
[35m[2026-04-17 13:39:14,361] [   DEBUG][0m - use_async_save                : False[0m
[35m[2026-04-17 13:39:14,364] [   DEBUG][0m - profile_step_start            : 10[0m
[35m[2026-04-17 13:39:14,371] [   DEBUG][0m - use_cache                     : False[0m
[35m[2026-04-17 13:39:14,379] [   DEBUG][0m - recompute_granularity         : full[0m
[35m[2026-04-17 13:39:14,382] [   DEBUG][0m - use_dualpipev                 : False[0m
[35m[2026-04-17 13:39:14,384] [   DEBUG][0m - recompute_method              : uniform[0m
[35m[2026-04-17 13:39:14,388] [   DEBUG][0m - use_expert_parallel           : False[0m
[35m[2026-04-17 13:39:14,390] [   DEBUG][0m - recompute_modules             : None[0m
[35m[2026-04-17 13:39:14,394] [   DEBUG][0m - use_filtered_label_loss       : False[0m
[35m[2026-04-17 13:39:14,396] [   DEBUG][0m - recompute_mtp_granularity     : None[0m
[35m[2026-04-17 13:39:14,399] [   DEBUG][0m - use_fp8                       : False[0m
[35m[2026-04-17 13:39:14,401] [   DEBUG][0m - recompute_mtp_method          : None[0m
[35m[2026-04-17 13:39:14,404] [   DEBUG][0m - use_fused_head_and_loss_fn    : False[0m
[35m[2026-04-17 13:39:14,406] [   DEBUG][0m - recompute_mtp_modules         : None[0m
[35m[2026-04-17 13:39:14,409] [   DEBUG][0m - use_fused_linear_cross_entropy: False[0m
[35m[2026-04-17 13:39:14,411] [   DEBUG][0m - recompute_num_layers          : 1[0m
[35m[2026-04-17 13:39:14,415] [   DEBUG][0m - use_hybrid_parallel           : True[0m
[35m[2026-04-17 13:39:14,417] [   DEBUG][0m - recompute_use_reentrant       : True[0m
[35m[2026-04-17 13:39:14,420] [   DEBUG][0m - use_intermediate_api          : False[0m
[35m[2026-04-17 13:39:14,422] [   DEBUG][0m - reeao_dataset_rank            : 0[0m
[35m[2026-04-17 13:39:14,426] [   DEBUG][0m - use_lowprecision_moment       : False[0m
[35m[2026-04-17 13:39:14,428] [   DEBUG][0m - reeao_dataset_world_size      : 1[0m
[35m[2026-04-17 13:39:14,430] [   DEBUG][0m - use_moe                       : False[0m
[35m[2026-04-17 13:39:14,432] [   DEBUG][0m - ref_model_update_steps        : -1[0m
[35m[2026-04-17 13:39:14,435] [   DEBUG][0m - use_ortho_loss_callback       : False[0m
[35m[2026-04-17 13:39:14,437] [   DEBUG][0m - reference_free                : False[0m
[35m[2026-04-17 13:39:14,441] [   DEBUG][0m - use_qk_norm                   : None[0m
[35m[2026-04-17 13:39:14,443] [   DEBUG][0m - release_grads                 : False[0m
[35m[2026-04-17 13:39:14,446] [   DEBUG][0m - use_recompute_mtp             : False[0m
[35m[2026-04-17 13:39:14,448] [   DEBUG][0m - remove_unused_columns         : True[0m
[35m[2026-04-17 13:39:14,451] [   DEBUG][0m - use_unified_moe               : False[0m
[35m[2026-04-17 13:39:14,454] [   DEBUG][0m - reorder_pipeline_priority     : False[0m
[35m[2026-04-17 13:39:14,457] [   DEBUG][0m - using_sonic_moe               : False[0m
[35m[2026-04-17 13:39:14,460] [   DEBUG][0m - replace_with_c_embedding      : False[0m
[35m[2026-04-17 13:39:14,463] [   DEBUG][0m - variable_seq_lengths          : False[0m
[35m[2026-04-17 13:39:14,466] [   DEBUG][0m - replace_with_parallel_cross_entropy: False[0m
[35m[2026-04-17 13:39:14,469] [   DEBUG][0m - virtual_pipeline_model_parallel_size: 1[0m
[35m[2026-04-17 13:39:14,471] [   DEBUG][0m - replicate_saved_into_local    : False[0m
[35m[2026-04-17 13:39:14,475] [   DEBUG][0m - wandb_api_key                 : None[0m
[35m[2026-04-17 13:39:14,477] [   DEBUG][0m - report_to                     : ['visualdl'][0m
[35m[2026-04-17 13:39:14,480] [   DEBUG][0m - wandb_http_proxy              : None[0m
[35m[2026-04-17 13:39:14,482] [   DEBUG][0m - resume_from_checkpoint        : None[0m
[35m[2026-04-17 13:39:14,486] [   DEBUG][0m - warmup_ratio                  : 0.0[0m
[35m[2026-04-17 13:39:14,488] [   DEBUG][0m - resume_from_huggingface_ckpt  : None[0m
[35m[2026-04-17 13:39:14,492] [   DEBUG][0m - warmup_steps                  : 10[0m
[35m[2026-04-17 13:39:14,494] [   DEBUG][0m - router_aux_loss_coef          : 0.0[0m
[35m[2026-04-17 13:39:14,497] [   DEBUG][0m - weight_decay                  : 0.0[0m
[35m[2026-04-17 13:39:14,499] [   DEBUG][0m - router_z_loss_coef            : None[0m
[35m[2026-04-17 13:39:14,502] [   DEBUG][0m - weight_name_suffix            : tp00_pp00[0m
[35m[2026-04-17 13:39:14,504] [   DEBUG][0m - run_name                      : ./checkpoints/pt/52b[0m
[35m[2026-04-17 13:39:14,507] [   DEBUG][0m - weight_quantize_algo          : None[0m
[35m[2026-04-17 13:39:14,510] [   DEBUG][0m - same_data                     : None[0m
[35m[2026-04-17 13:39:14,513] [   DEBUG][0m - world_size                    : 16[0m
[35m[2026-04-17 13:39:14,516] [   DEBUG][0m - save_checkpoint_format        : flex_checkpoint[0m
[35m[2026-04-17 13:39:14,519] [   DEBUG][0m - zcc_ema_interval              : 1[0m
[35m[2026-04-17 13:39:14,521] [   DEBUG][0m - save_hf_memory_growth_threshold: 8[0m
[35m[2026-04-17 13:39:14,524] [   DEBUG][0m - zcc_ema_loss_threshold        : None[0m
[35m[2026-04-17 13:39:14,526] [   DEBUG][0m - save_hf_steps                 : -1[0m
[35m[2026-04-17 13:39:14,530] [   DEBUG][0m - zcc_pipeline_hooks_capacity_usage: 0.6[0m
[35m[2026-04-17 13:39:14,532] [   DEBUG][0m - save_hf_total_limit           : None[0m
[35m[2026-04-17 13:39:14,535] [   DEBUG][0m - zcc_save_ema_coef             : None[0m
[35m[2026-04-17 13:39:14,537] [   DEBUG][0m - save_last_step                : False[0m
[35m[2026-04-17 13:39:14,540] [   DEBUG][0m - zcc_workers_num               : 3[0m
[35m[2026-04-17 13:39:14,542] [   DEBUG][0m - save_on_each_node             : False[0m
[35m[2026-04-17 13:39:14,545] [   DEBUG][0m - [0m
[35m[2026-04-17 13:39:14,547] [   DEBUG][0m - save_rng_states               : True[0m
[35m[2026-04-17 13:39:14,552] [   DEBUG][0m - save_sharded_model            : False[0m
[32m[2026-04-17 13:39:14,552] [    INFO][0m - Starting training from resume_from_checkpoint : None[0m
[35m[2026-04-17 13:39:14,554] [   DEBUG][0m - save_sharding_stage1_model_include_freeze_params: False[0m
[35m[2026-04-17 13:39:14,559] [   DEBUG][0m - save_steps                    : 100[0m
[35m[2026-04-17 13:39:14,560] [   DEBUG][0m - save_strategy                 : IntervalStrategy.STEPS[0m
[35m[2026-04-17 13:39:14,561] [   DEBUG][0m - save_to_hf                    : True[0m
[35m[2026-04-17 13:39:14,562] [   DEBUG][0m - save_tokenizer                : True[0m
[35m[2026-04-17 13:39:14,564] [   DEBUG][0m - save_total_limit              : None[0m
[35m[2026-04-17 13:39:14,565] [   DEBUG][0m - scale_loss                    : 32768[0m
[35m[2026-04-17 13:39:14,567] [   DEBUG][0m - sd_release_grads              : False[0m
[35m[2026-04-17 13:39:14,568] [   DEBUG][0m - sd_sharding_comm_overlap      : False[0m
[35m[2026-04-17 13:39:14,569] [   DEBUG][0m - sd_shardingv1_comm_overlap    : False[0m
[35m[2026-04-17 13:39:14,570] [   DEBUG][0m - seed                          : 23[0m
[35m[2026-04-17 13:39:14,571] [   DEBUG][0m - send_recv_overlap             : False[0m
[35m[2026-04-17 13:39:14,573] [   DEBUG][0m - sep_parallel_size             : 1[0m
[35m[2026-04-17 13:39:14,574] [   DEBUG][0m - sequence_parallel             : False[0m
[35m[2026-04-17 13:39:14,575] [   DEBUG][0m - sequence_parallel_config      : [0m
[35m[2026-04-17 13:39:14,576] [   DEBUG][0m - sft_loss_ratio                : 0.0[0m
[35m[2026-04-17 13:39:14,577] [   DEBUG][0m - sharded_model_from_ema        : False[0m
[35m[2026-04-17 13:39:14,578] [   DEBUG][0m - sharding                      : [][0m
[35m[2026-04-17 13:39:14,579] [   DEBUG][0m - sharding_comm_buffer_size_MB  : -1[0m
[35m[2026-04-17 13:39:14,580] [   DEBUG][0m - sharding_degree               : -1[0m
[35m[2026-04-17 13:39:14,581] [   DEBUG][0m - sharding_offload_opt_buffersize_GB: -1[0m
[35m[2026-04-17 13:39:14,582] [   DEBUG][0m - sharding_parallel_config      : [0m
[35m[2026-04-17 13:39:14,583] [   DEBUG][0m - sharding_parallel_mesh_dimension: dp[0m
[35m[2026-04-17 13:39:14,585] [   DEBUG][0m - sharding_parallel_rank        : 0[0m
[35m[2026-04-17 13:39:14,587] [   DEBUG][0m - sharding_parallel_size        : 1[0m
[35m[2026-04-17 13:39:14,588] [   DEBUG][0m - should_load_dataset           : True[0m
[35m[2026-04-17 13:39:14,589] [   DEBUG][0m - should_load_sharding_stage1_model: False[0m
[35m[2026-04-17 13:39:14,591] [   DEBUG][0m - should_log                    : True[0m
[35m[2026-04-17 13:39:14,592] [   DEBUG][0m - should_save                   : False[0m
[35m[2026-04-17 13:39:14,593] [   DEBUG][0m - should_save_model_state       : True[0m
[35m[2026-04-17 13:39:14,595] [   DEBUG][0m - should_save_model_with_tensor_fusion: False[0m
[35m[2026-04-17 13:39:14,596] [   DEBUG][0m - should_save_sharding_stage1_model: False[0m
[35m[2026-04-17 13:39:14,597] [   DEBUG][0m - shuffle_consecutive           : False[0m
[35m[2026-04-17 13:39:14,598] [   DEBUG][0m - simpo_gamma                   : 0.5[0m
[35m[2026-04-17 13:39:14,600] [   DEBUG][0m - skip_data_intervals           : None[0m
[35m[2026-04-17 13:39:14,601] [   DEBUG][0m - skip_memory_metrics           : True[0m
[35m[2026-04-17 13:39:14,603] [   DEBUG][0m - skip_profile_timer            : True[0m
[35m[2026-04-17 13:39:14,604] [   DEBUG][0m - softmax_scale                 : None[0m
[35m[2026-04-17 13:39:14,606] [   DEBUG][0m - softmax_type                  : vanilla[0m
[35m[2026-04-17 13:39:14,607] [   DEBUG][0m - sp_allreduce_avg_in_gradinent_scale: False[0m
[35m[2026-04-17 13:39:14,609] [   DEBUG][0m - sp_async_reduce_scatter       : False[0m
[35m[2026-04-17 13:39:14,610] [   DEBUG][0m - split_backward                : False[0m
[35m[2026-04-17 13:39:14,611] [   DEBUG][0m - split_inputs_sequence_dim     : True[0m
[35m[2026-04-17 13:39:14,612] [   DEBUG][0m - split_norm_comm               : False[0m
[35m[2026-04-17 13:39:14,614] [   DEBUG][0m - split_param                   : True[0m
[35m[2026-04-17 13:39:14,616] [   DEBUG][0m - stage1_allgather_overlap      : False[0m
[35m[2026-04-17 13:39:14,617] [   DEBUG][0m - stage1_broadcast_overlap      : False[0m
[35m[2026-04-17 13:39:14,618] [   DEBUG][0m - stage1_overlap                : False[0m
[35m[2026-04-17 13:39:14,619] [   DEBUG][0m - stage1_reduce_avg             : True[0m
[35m[2026-04-17 13:39:14,620] [   DEBUG][0m - stage1_tensor_fusion          : False[0m
[35m[2026-04-17 13:39:14,622] [   DEBUG][0m - stage2_overlap                : False[0m
[35m[2026-04-17 13:39:14,623] [   DEBUG][0m - sync_grad                     : False[0m
[35m[2026-04-17 13:39:14,624] [   DEBUG][0m - tensor_fusion                 : False[0m
[35m[2026-04-17 13:39:14,625] [   DEBUG][0m - tensor_model_parallel_size    : 8[0m
[35m[2026-04-17 13:39:14,626] [   DEBUG][0m - tensor_parallel_config        : [0m
[35m[2026-04-17 13:39:14,627] [   DEBUG][0m - tensor_parallel_output        : True[0m
[35m[2026-04-17 13:39:14,628] [   DEBUG][0m - tensor_parallel_rank          : 0[0m
[35m[2026-04-17 13:39:14,629] [   DEBUG][0m - tensorwise_offload_optimizer  : True[0m
[35m[2026-04-17 13:39:14,630] [   DEBUG][0m - test_iters                    : 100[0m
[35m[2026-04-17 13:39:14,631] [   DEBUG][0m - tie_word_embeddings           : None[0m
[35m[2026-04-17 13:39:14,632] [   DEBUG][0m - timer                         : False[0m
[35m[2026-04-17 13:39:14,633] [   DEBUG][0m - to_static                     : False[0m
[35m[2026-04-17 13:39:14,634] [   DEBUG][0m - token_balance_loss            : False[0m
[35m[2026-04-17 13:39:14,635] [   DEBUG][0m - tp_async_allreduce            : False[0m
[35m[2026-04-17 13:39:14,636] [   DEBUG][0m - tp_sync_moment                : False[0m
[35m[2026-04-17 13:39:14,638] [   DEBUG][0m - tp_sync_param                 : False[0m
[35m[2026-04-17 13:39:14,638] [   DEBUG][0m - train_batch_size              : 1[0m
[35m[2026-04-17 13:39:14,640] [   DEBUG][0m - train_mtp_only                : False[0m
[35m[2026-04-17 13:39:14,641] [   DEBUG][0m - unified_checkpoint            : False[0m
[35m[2026-04-17 13:39:14,642] [   DEBUG][0m - unified_checkpoint_config     : [0m
[35m[2026-04-17 13:39:14,643] [   DEBUG][0m - use_async_save                : False[0m
[35m[2026-04-17 13:39:14,644] [   DEBUG][0m - use_cache                     : False[0m
[35m[2026-04-17 13:39:14,645] [   DEBUG][0m - use_dualpipev                 : False[0m
[35m[2026-04-17 13:39:14,646] [   DEBUG][0m - use_expert_parallel           : False[0m
[35m[2026-04-17 13:39:14,647] [   DEBUG][0m - use_filtered_label_loss       : False[0m
[35m[2026-04-17 13:39:14,648] [   DEBUG][0m - use_fp8                       : False[0m
[35m[2026-04-17 13:39:14,650] [   DEBUG][0m - use_fused_head_and_loss_fn    : False[0m
[35m[2026-04-17 13:39:14,651] [   DEBUG][0m - use_fused_linear_cross_entropy: False[0m
[35m[2026-04-17 13:39:14,653] [   DEBUG][0m - use_hybrid_parallel           : True[0m
[35m[2026-04-17 13:39:14,654] [   DEBUG][0m - use_intermediate_api          : False[0m
[35m[2026-04-17 13:39:14,655] [   DEBUG][0m - use_lowprecision_moment       : False[0m
[35m[2026-04-17 13:39:14,656] [   DEBUG][0m - use_moe                       : False[0m
[35m[2026-04-17 13:39:14,657] [   DEBUG][0m - use_ortho_loss_callback       : False[0m
[35m[2026-04-17 13:39:14,658] [   DEBUG][0m - use_qk_norm                   : None[0m
[35m[2026-04-17 13:39:14,659] [   DEBUG][0m - use_recompute_mtp             : False[0m
[35m[2026-04-17 13:39:14,660] [   DEBUG][0m - use_unified_moe               : False[0m
[35m[2026-04-17 13:39:14,662] [   DEBUG][0m - using_sonic_moe               : False[0m
[35m[2026-04-17 13:39:14,663] [   DEBUG][0m - variable_seq_lengths          : False[0m
[35m[2026-04-17 13:39:14,664] [   DEBUG][0m - virtual_pipeline_model_parallel_size: 1[0m
[35m[2026-04-17 13:39:14,665] [   DEBUG][0m - wandb_api_key                 : None[0m
[35m[2026-04-17 13:39:14,667] [   DEBUG][0m - wandb_http_proxy              : None[0m
[35m[2026-04-17 13:39:14,668] [   DEBUG][0m - warmup_ratio                  : 0.0[0m
[35m[2026-04-17 13:39:14,669] [   DEBUG][0m - warmup_steps                  : 10[0m
[35m[2026-04-17 13:39:14,670] [   DEBUG][0m - weight_decay                  : 0.0[0m
[35m[2026-04-17 13:39:14,671] [   DEBUG][0m - weight_name_suffix            : tp00_pp01[0m
[35m[2026-04-17 13:39:14,672] [   DEBUG][0m - weight_quantize_algo          : None[0m
[35m[2026-04-17 13:39:14,673] [   DEBUG][0m - world_size                    : 16[0m
[35m[2026-04-17 13:39:14,674] [   DEBUG][0m - zcc_ema_interval              : 1[0m
[35m[2026-04-17 13:39:14,675] [   DEBUG][0m - zcc_ema_loss_threshold        : None[0m
[35m[2026-04-17 13:39:14,676] [   DEBUG][0m - zcc_pipeline_hooks_capacity_usage: 0.6[0m
[35m[2026-04-17 13:39:14,677] [   DEBUG][0m - zcc_save_ema_coef             : None[0m
[35m[2026-04-17 13:39:14,678] [   DEBUG][0m - zcc_workers_num               : 3[0m
[35m[2026-04-17 13:39:14,679] [   DEBUG][0m - [0m
[32m[2026-04-17 13:39:14,681] [    INFO][0m - Starting training from resume_from_checkpoint : None[0m
[32m[2026-04-17 13:39:15,071] [    INFO][0m - [timelog] RuntimeTimer: 0.00s (2026-04-17 13:39:15) [0m
[32m[2026-04-17 13:39:15,071] [    INFO][0m - [timelog] RuntimeTimer: 0.00s (2026-04-17 13:39:15) [0m
[32m[2026-04-17 13:39:15,073] [    INFO][0m - ***** Running training *****[0m
[32m[2026-04-17 13:39:15,075] [    INFO][0m - ***** Running training *****[0m
[32m[2026-04-17 13:39:15,079] [    INFO][0m -   Num examples = 40[0m
[32m[2026-04-17 13:39:15,082] [    INFO][0m -   Num examples = 40[0m
[32m[2026-04-17 13:39:15,084] [    INFO][0m -   Num Epochs = 1[0m
[32m[2026-04-17 13:39:15,088] [    INFO][0m -   Num Epochs = 1[0m
[32m[2026-04-17 13:39:15,090] [    INFO][0m -   Instantaneous batch size per device = 1[0m
[32m[2026-04-17 13:39:15,094] [    INFO][0m -   Instantaneous batch size per device = 1[0m
[32m[2026-04-17 13:39:15,096] [    INFO][0m -   Total train batch size (w. parallel, distributed & accumulation) = 4[0m
[32m[2026-04-17 13:39:15,099] [    INFO][0m -   Total train batch size (w. parallel, distributed & accumulation) = 4[0m
[32m[2026-04-17 13:39:15,101] [    INFO][0m -   Gradient Accumulation steps = 4[0m
[32m[2026-04-17 13:39:15,104] [    INFO][0m -   Gradient Accumulation steps = 4[0m
[32m[2026-04-17 13:39:15,107] [    INFO][0m -   Total optimization steps = 10[0m
[32m[2026-04-17 13:39:15,111] [    INFO][0m -   Total optimization steps = 10[0m
[32m[2026-04-17 13:39:15,114] [    INFO][0m -   Total num train samples = 40[0m
[32m[2026-04-17 13:39:15,119] [    INFO][0m -   Total num train samples = 40[0m
[33m[2026-04-17 13:39:15,121] [ WARNING][0m - hack_offload_optimizer called.[0m
[33m[2026-04-17 13:39:15,124] [ WARNING][0m - hack_offload_optimizer called.[0m
[2026-04-17 13:39:15,136] [    INFO] pipeline_parallel.py:776 - Pipeline scheduler is in dynamic_shape mode=False
[2026-04-17 13:39:15,139] [    INFO] pipeline_parallel.py:786 - dp_comm_overlap False;             sharding_comm_overlap False;             sharding_split_param False;
[2026-04-17 13:39:15,140] [    INFO] pipeline_parallel.py:858 - Pipeline Info -- num_stages: 2, stage_id: 1
[2026-04-17 13:39:15,140] [    INFO] pipeline_parallel.py:776 - Pipeline scheduler is in dynamic_shape mode=False
[2026-04-17 13:39:15,143] [    INFO] pipeline_parallel.py:863 - start broadcast mp parameters
[2026-04-17 13:39:15,146] [    INFO] pipeline_parallel.py:786 - dp_comm_overlap False;             sharding_comm_overlap False;             sharding_split_param False;
[2026-04-17 13:39:15,151] [    INFO] pipeline_parallel.py:858 - Pipeline Info -- num_stages: 2, stage_id: 0
[2026-04-17 13:39:15,152] [    INFO] pipeline_parallel.py:863 - start broadcast mp parameters
W0417 13:39:15.203064 44663 nccl_comm_context.cc:70] ncclCommInitRankConfigMemOpt is not supported.
W0417 13:39:15.244009  9735 nccl_comm_context.cc:70] ncclCommInitRankConfigMemOpt is not supported.
[2026-04-17 13:39:15,521] [ WARNING] hybrid_parallel_optimizer.py:327 - While using ClipGradByGlobalNorm in TensorParallel, PipelineParallel or Sharding, the grad clip of original optimizer will be changed.
[2026-04-17 13:39:15,529] [ WARNING] hybrid_parallel_optimizer.py:327 - While using ClipGradByGlobalNorm in TensorParallel, PipelineParallel or Sharding, the grad clip of original optimizer will be changed.
[35m[2026-04-17 13:39:15,530] [   DEBUG][0m -   Number of trainable parameters = 3,148,766,208 (per device)[0m
[35m[2026-04-17 13:39:15,539] [   DEBUG][0m -   Number of trainable parameters = 3,148,759,040 (per device)[0m
[35m[2026-04-17 13:39:15,547] [   DEBUG][0m -   Number of trainable parameters = 50,380,201,984 (all devices, roughly)[0m
[35m[2026-04-17 13:39:15,546] [   DEBUG][0m -   Number of trainable parameters = 50,380,201,984 (all devices, roughly)[0m

TrainProcess:   0%|          | 0/10 [00:00<?, ?it/s]
TrainProcess:   0%|          | 0/10 [00:00<?, ?it/s][35m[2026-04-17 13:39:13,380] [   DEBUG][0m - num_attention_heads           : None[0m
[35m[2026-04-17 13:39:13,386] [   DEBUG][0m - forward_backward_overlap_scheduler: False[0m
[35m[2026-04-17 13:39:13,390] [   DEBUG][0m - num_consecutive               : 1[0m
[35m[2026-04-17 13:39:13,392] [   DEBUG][0m - fp16                          : False[0m
[35m[2026-04-17 13:39:13,395] [   DEBUG][0m - num_cycles                    : 0.5[0m
[35m[2026-04-17 13:39:13,398] [   DEBUG][0m - fp16_full_eval                : False[0m
[35m[2026-04-17 13:39:13,401] [   DEBUG][0m - num_empty_layers_add_in_head  : 0[0m
[35m[2026-04-17 13:39:13,404] [   DEBUG][0m - fp16_opt_level                : O1[0m
[35m[2026-04-17 13:39:13,407] [   DEBUG][0m - num_empty_layers_add_in_tail  : 0[0m
[35m[2026-04-17 13:39:13,413] [   DEBUG][0m - fp32_residual_connection      : True[0m
[35m[2026-04-17 13:39:13,415] [   DEBUG][0m - num_experts_per_tok           : None[0m
[35m[2026-04-17 13:39:13,418] [   DEBUG][0m - fp8                           : None[0m
[35m[2026-04-17 13:39:13,421] [   DEBUG][0m - num_hidden_layers             : None[0m
[35m[2026-04-17 13:39:13,423] [   DEBUG][0m - fp8_wgrad                     : True[0m
[35m[2026-04-17 13:39:13,426] [   DEBUG][0m - num_key_value_heads           : None[0m
[35m[2026-04-17 13:39:13,428] [   DEBUG][0m - freeze_config                 : [0m
[35m[2026-04-17 13:39:13,435] [   DEBUG][0m - num_nextn_predict_layers      : 0[0m
[35m[2026-04-17 13:39:13,450] [   DEBUG][0m - fuse_optimizer_states         : False[0m
[35m[2026-04-17 13:39:13,457] [   DEBUG][0m - num_of_gpus                   : -1[0m
[35m[2026-04-17 13:39:13,459] [   DEBUG][0m - fuse_sequence_parallel_allreduce: False[0m
[35m[2026-04-17 13:39:13,462] [   DEBUG][0m - num_train_epochs              : 1.0[0m
[35m[2026-04-17 13:39:13,464] [   DEBUG][0m - fuse_swiglu                   : False[0m
[35m[2026-04-17 13:39:13,467] [   DEBUG][0m - offload_fp8_expert_master_weight: True[0m
[35m[2026-04-17 13:39:13,469] [   DEBUG][0m - gated_linear_unit             : True[0m
[35m[2026-04-17 13:39:13,472] [   DEBUG][0m - offload_queue                 : False[0m
[35m[2026-04-17 13:39:13,474] [   DEBUG][0m - gc_interval                   : 0[0m
[35m[2026-04-17 13:39:13,481] [   DEBUG][0m - offset_alpha                  : 0.0[0m
[35m[2026-04-17 13:39:13,483] [   DEBUG][0m - global_batch_size             : 4[0m
[35m[2026-04-17 13:39:13,486] [   DEBUG][0m - optim                         : OptimizerNames.ADAMW[0m
[35m[2026-04-17 13:39:13,492] [   DEBUG][0m - global_logging_interval       : 1[0m
[35m[2026-04-17 13:39:13,496] [   DEBUG][0m - optim_shard_num               : 1[0m
[35m[2026-04-17 13:39:13,498] [   DEBUG][0m - gradient_accumulation_steps   : 4[0m
[35m[2026-04-17 13:39:13,502] [   DEBUG][0m - optimizer_name_suffix         : tp00_pp00[0m
[35m[2026-04-17 13:39:13,505] [   DEBUG][0m - gradient_sync_after_accumulate: False[0m
[35m[2026-04-17 13:39:13,508] [   DEBUG][0m - ordered_save_group_size       : 0[0m
[35m[2026-04-17 13:39:13,514] [   DEBUG][0m - greater_is_better             : None[0m
[35m[2026-04-17 13:39:13,517] [   DEBUG][0m - output_dir                    : ./checkpoints/pt/52b[0m
[35m[2026-04-17 13:39:13,519] [   DEBUG][0m - hidden_dropout_prob           : 0.0[0m
[35m[2026-04-17 13:39:13,522] [   DEBUG][0m - output_layer_init_method      : None[0m
[35m[2026-04-17 13:39:13,524] [   DEBUG][0m - hidden_size                   : None[0m
[35m[2026-04-17 13:39:13,527] [   DEBUG][0m - output_signal_dir             : ./checkpoints/pt/52b[0m
[35m[2026-04-17 13:39:13,529] [   DEBUG][0m - hybrid_parallel_expert_grad_scale: 8.0[0m
[35m[2026-04-17 13:39:13,532] [   DEBUG][0m - overlap                       : False[0m
[35m[2026-04-17 13:39:13,534] [   DEBUG][0m - hybrid_parallel_topo_order    : sharding_first[0m
[35m[2026-04-17 13:39:13,537] [   DEBUG][0m - overlap_p2p_comm              : False[0m
[35m[2026-04-17 13:39:13,539] [   DEBUG][0m - ignore_data_skip              : False[0m
[35m[2026-04-17 13:39:13,542] [   DEBUG][0m - overwrite_output_dir          : True[0m
[35m[2026-04-17 13:39:13,544] [   DEBUG][0m - ignore_eos_token              : False[0m
[35m[2026-04-17 13:39:13,546] [   DEBUG][0m - p2p_cache_shape               : True[0m
[35m[2026-04-17 13:39:13,549] [   DEBUG][0m - ignore_load_lr_and_optim      : False[0m
[35m[2026-04-17 13:39:13,551] [   DEBUG][0m - pad_token_id                  : 0[0m
[35m[2026-04-17 13:39:13,553] [   DEBUG][0m - ignore_save_lr_and_optim      : False[0m
[35m[2026-04-17 13:39:13,558] [   DEBUG][0m - partial_send_recv             : True[0m
[35m[2026-04-17 13:39:13,560] [   DEBUG][0m - init_method                   : None[0m
[35m[2026-04-17 13:39:13,563] [   DEBUG][0m - past_index                    : -1[0m
[35m[2026-04-17 13:39:13,566] [   DEBUG][0m - intermediate_size             : None[0m
[35m[2026-04-17 13:39:13,569] [   DEBUG][0m - pdc_download_ckpt             : False[0m
[35m[2026-04-17 13:39:13,571] [   DEBUG][0m - label_names                   : None[0m
[35m[2026-04-17 13:39:13,574] [   DEBUG][0m - pdc_download_timeout          : 300[0m
[35m[2026-04-17 13:39:13,576] [   DEBUG][0m - label_smoothing               : 0.0[0m
[35m[2026-04-17 13:39:13,579] [   DEBUG][0m - per_device_eval_batch_size    : 1[0m
[35m[2026-04-17 13:39:13,581] [   DEBUG][0m - lazy_data_processing          : True[0m
[35m[2026-04-17 13:39:13,584] [   DEBUG][0m - per_device_train_batch_size   : 1[0m
[35m[2026-04-17 13:39:13,587] [   DEBUG][0m - learning_rate                 : 0.0001[0m
[35m[2026-04-17 13:39:13,590] [   DEBUG][0m - pipeline_model_parallel_size  : 2[0m
[35m[2026-04-17 13:39:13,592] [   DEBUG][0m - load_best_model_at_end        : False[0m
[35m[2026-04-17 13:39:13,595] [   DEBUG][0m - pipeline_parallel_config      : [0m
[35m[2026-04-17 13:39:13,601] [   DEBUG][0m - load_checkpoint_format        : flex_checkpoint[0m
[35m[2026-04-17 13:39:13,604] [   DEBUG][0m - pipeline_parallel_rank        : 0[0m
[35m[2026-04-17 13:39:13,606] [   DEBUG][0m - load_from_hf                  : False[0m
[35m[2026-04-17 13:39:13,610] [   DEBUG][0m - position_embedding_type       : rope[0m
[35m[2026-04-17 13:39:13,612] [   DEBUG][0m - load_sharded_model            : False[0m
[35m[2026-04-17 13:39:13,615] [   DEBUG][0m - power                         : 1.0[0m
[35m[2026-04-17 13:39:13,617] [   DEBUG][0m - load_sharded_model_remap_parameter_name: False[0m
[35m[2026-04-17 13:39:13,620] [   DEBUG][0m - pp_delay_scale_loss           : True[0m
[35m[2026-04-17 13:39:13,626] [   DEBUG][0m - load_via_cpu                  : True[0m
[35m[2026-04-17 13:39:13,629] [   DEBUG][0m - pp_need_data                  : False[0m
[35m[2026-04-17 13:39:13,631] [   DEBUG][0m - local_process_index           : 0[0m
[35m[2026-04-17 13:39:13,634] [   DEBUG][0m - pp_need_data_degree           : 0[0m
[35m[2026-04-17 13:39:13,636] [   DEBUG][0m - local_rank                    : 0[0m
[35m[2026-04-17 13:39:13,639] [   DEBUG][0m - pp_release_grads              : False[0m
[35m[2026-04-17 13:39:13,642] [   DEBUG][0m - log_global_grad_norm          : False[0m
[35m[2026-04-17 13:39:13,648] [   DEBUG][0m - pp_sharding_comm_overlap      : False[0m
[35m[2026-04-17 13:39:13,650] [   DEBUG][0m - log_level                     : -1[0m
[35m[2026-04-17 13:39:13,652] [   DEBUG][0m - pp_sync_moment                : False[0m
[35m[2026-04-17 13:39:13,654] [   DEBUG][0m - log_level_replica             : -1[0m
[35m[2026-04-17 13:39:13,657] [   DEBUG][0m - pp_sync_param                 : False[0m
[35m[2026-04-17 13:39:13,659] [   DEBUG][0m - log_on_each_node              : True[0m
[35m[2026-04-17 13:39:13,662] [   DEBUG][0m - pre_alloc_memory              : 0[0m
[35m[2026-04-17 13:39:13,665] [   DEBUG][0m - logging_dir                   : ./logs/pt/52b[0m
[35m[2026-04-17 13:39:13,667] [   DEBUG][0m - prediction_loss_only          : False[0m
[35m[2026-04-17 13:39:13,673] [   DEBUG][0m - logging_first_step            : False[0m
[35m[2026-04-17 13:39:13,676] [   DEBUG][0m - pref_loss_ratio               : 1.0[0m
[35m[2026-04-17 13:39:13,678] [   DEBUG][0m - logging_steps                 : 1[0m
[35m[2026-04-17 13:39:13,681] [   DEBUG][0m - prefetch_factor               : 2[0m
[35m[2026-04-17 13:39:13,683] [   DEBUG][0m - logging_strategy              : IntervalStrategy.STEPS[0m
[35m[2026-04-17 13:39:13,686] [   DEBUG][0m - process_index                 : 0[0m
[35m[2026-04-17 13:39:13,688] [   DEBUG][0m - logical_process_index         : 8[0m
[35m[2026-04-17 13:39:13,694] [   DEBUG][0m - profile                       : False[0m
[35m[2026-04-17 13:39:13,696] [   DEBUG][0m - loss_subbatch_sequence_length : -1[0m
[35m[2026-04-17 13:39:13,699] [   DEBUG][0m - profile_step_end              : 12[0m
[35m[2026-04-17 13:39:13,702] [   DEBUG][0m - loss_type                     : sigmoid[0m
[35m[2026-04-17 13:39:13,706] [   DEBUG][0m - profile_step_start            : 10[0m
[35m[2026-04-17 13:39:13,716] [   DEBUG][0m - lr_end                        : 1e-07[0m
[35m[2026-04-17 13:39:13,720] [   DEBUG][0m - recompute_granularity         : full[0m
[35m[2026-04-17 13:39:13,722] [   DEBUG][0m - lr_scheduler                  : cosine[0m
[35m[2026-04-17 13:39:13,726] [   DEBUG][0m - recompute_method              : uniform[0m
[35m[2026-04-17 13:39:13,728] [   DEBUG][0m - lr_scheduler_type             : SchedulerType.LINEAR[0m
[35m[2026-04-17 13:39:13,731] [   DEBUG][0m - recompute_modules             : None[0m
[35m[2026-04-17 13:39:13,733] [   DEBUG][0m - max_estimate_samples          : 100000.0[0m
[35m[2026-04-17 13:39:13,736] [   DEBUG][0m - recompute_mtp_granularity     : None[0m
[35m[2026-04-17 13:39:13,738] [   DEBUG][0m - max_evaluate_steps            : -1[0m
[35m[2026-04-17 13:39:13,742] [   DEBUG][0m - recompute_mtp_method          : None[0m
[35m[2026-04-17 13:39:13,745] [   DEBUG][0m - max_grad_norm                 : 1.0[0m
[35m[2026-04-17 13:39:13,748] [   DEBUG][0m - recompute_mtp_modules         : None[0m
[35m[2026-04-17 13:39:13,750] [   DEBUG][0m - max_gradient_accumulation_steps: 4[0m
[35m[2026-04-17 13:39:13,753] [   DEBUG][0m - recompute_num_layers          : 1[0m
[35m[2026-04-17 13:39:13,755] [   DEBUG][0m - max_seq_len                   : 4096[0m
[35m[2026-04-17 13:39:13,758] [   DEBUG][0m - recompute_use_reentrant       : True[0m
[35m[2026-04-17 13:39:13,761] [   DEBUG][0m - max_steps                     : 10[0m
[35m[2026-04-17 13:39:13,767] [   DEBUG][0m - reeao_dataset_rank            : 0[0m
[35m[2026-04-17 13:39:13,769] [   DEBUG][0m - merge_with_qdq_base_model     : False[0m
[35m[2026-04-17 13:39:13,772] [   DEBUG][0m - reeao_dataset_world_size      : 1[0m
[35m[2026-04-17 13:39:13,774] [   DEBUG][0m - metric_for_best_model         : None[0m
[35m[2026-04-17 13:39:13,781] [   DEBUG][0m - ref_model_update_steps        : -1[0m
[35m[2026-04-17 13:39:13,783] [   DEBUG][0m - metrics_output_path           : None[0m
[35m[2026-04-17 13:39:13,790] [   DEBUG][0m - reference_free                : False[0m
[35m[2026-04-17 13:39:13,792] [   DEBUG][0m - min_lr                        : 0.0[0m
[35m[2026-04-17 13:39:13,795] [   DEBUG][0m - release_grads                 : False[0m
[35m[2026-04-17 13:39:13,797] [   DEBUG][0m - minimum_eval_times            : None[0m
[35m[2026-04-17 13:39:13,800] [   DEBUG][0m - remove_unused_columns         : True[0m
[35m[2026-04-17 13:39:13,802] [   DEBUG][0m - model_name_or_path            : ./models/Llama-2-52B[0m
[35m[2026-04-17 13:39:13,805] [   DEBUG][0m - reorder_pipeline_priority     : False[0m
[35m[2026-04-17 13:39:13,807] [   DEBUG][0m - moe_deep_gemm                 : False[0m
[35m[2026-04-17 13:39:13,810] [   DEBUG][0m - replace_with_c_embedding      : False[0m
[35m[2026-04-17 13:39:13,812] [   DEBUG][0m - moe_deepep_num_sms            : None[0m
[35m[2026-04-17 13:39:13,815] [   DEBUG][0m - replace_with_parallel_cross_entropy: False[0m
[35m[2026-04-17 13:39:13,817] [   DEBUG][0m - moe_dequant_input             : False[0m
[35m[2026-04-17 13:39:13,821] [   DEBUG][0m - replicate_saved_into_local    : False[0m
[35m[2026-04-17 13:39:13,823] [   DEBUG][0m - moe_dropout_prob              : 0.0[0m
[35m[2026-04-17 13:39:13,826] [   DEBUG][0m - report_to                     : ['visualdl'][0m
[35m[2026-04-17 13:39:13,828] [   DEBUG][0m - moe_ep_barrier                : True[0m
[35m[2026-04-17 13:39:13,837] [   DEBUG][0m - resume_from_checkpoint        : None[0m
[35m[2026-04-17 13:39:13,840] [   DEBUG][0m - moe_expert_capacity_factor    : 0.0[0m
[35m[2026-04-17 13:39:13,842] [   DEBUG][0m - resume_from_huggingface_ckpt  : None[0m
[35m[2026-04-17 13:39:13,845] [   DEBUG][0m - moe_expert_fusion             : True[0m
[35m[2026-04-17 13:39:13,848] [   DEBUG][0m - router_aux_loss_coef          : 0.0[0m
[35m[2026-04-17 13:39:13,850] [   DEBUG][0m - moe_gate_lr_ratio             : None[0m
[35m[2026-04-17 13:39:13,853] [   DEBUG][0m - router_z_loss_coef            : None[0m
[35m[2026-04-17 13:39:13,858] [   DEBUG][0m - moe_grouped_gemm              : False[0m
[35m[2026-04-17 13:39:13,861] [   DEBUG][0m - run_name                      : ./checkpoints/pt/52b[0m
[35m[2026-04-17 13:39:13,863] [   DEBUG][0m - moe_pad_expert_input_to_capacity: False[0m
[35m[2026-04-17 13:39:13,865] [   DEBUG][0m - same_data                     : None[0m
[35m[2026-04-17 13:39:13,868] [   DEBUG][0m - moe_router_bias_update_rate   : 0.0[0m
[35m[2026-04-17 13:39:13,871] [   DEBUG][0m - save_checkpoint_format        : flex_checkpoint[0m
[35m[2026-04-17 13:39:13,873] [   DEBUG][0m - moe_router_force_load_balancing: False[0m
[35m[2026-04-17 13:39:13,876] [   DEBUG][0m - save_hf_memory_growth_threshold: 8[0m
[35m[2026-04-17 13:39:13,878] [   DEBUG][0m - moe_router_fusion             : True[0m
[35m[2026-04-17 13:39:13,881] [   DEBUG][0m - save_hf_steps                 : -1[0m
[35m[2026-04-17 13:39:13,883] [   DEBUG][0m - moe_router_load_balancing_type: seq_aux_loss[0m
[35m[2026-04-17 13:39:13,886] [   DEBUG][0m - save_hf_total_limit           : None[0m
[35m[2026-04-17 13:39:13,888] [   DEBUG][0m - moe_sharding_parallel_rank    : 0[0m
[35m[2026-04-17 13:39:13,895] [   DEBUG][0m - save_last_step                : False[0m
[35m[2026-04-17 13:39:13,897] [   DEBUG][0m - moe_sharding_parallel_size    : 1[0m
[35m[2026-04-17 13:39:13,900] [   DEBUG][0m - save_on_each_node             : False[0m
[35m[2026-04-17 13:39:13,902] [   DEBUG][0m - moe_shared_expert_overlap     : True[0m
[35m[2026-04-17 13:39:13,906] [   DEBUG][0m - save_rng_states               : True[0m
[35m[2026-04-17 13:39:13,908] [   DEBUG][0m - moe_subbatch_token_num_after_dispatch: None[0m
[35m[2026-04-17 13:39:13,911] [   DEBUG][0m - save_sharded_model            : False[0m
[35m[2026-04-17 13:39:13,913] [   DEBUG][0m - moe_subbatch_token_num_before_dispatch: 0[0m
[35m[2026-04-17 13:39:13,916] [   DEBUG][0m - save_sharding_stage1_model_include_freeze_params: False[0m
[35m[2026-04-17 13:39:13,918] [   DEBUG][0m - moe_token_dispatcher_type     : deepep[0m
[35m[2026-04-17 13:39:13,921] [   DEBUG][0m - save_steps                    : 100[0m
[35m[2026-04-17 13:39:13,923] [   DEBUG][0m - moe_token_drop_policy         : probs[0m
[35m[2026-04-17 13:39:13,926] [   DEBUG][0m - save_strategy                 : IntervalStrategy.STEPS[0m
[35m[2026-04-17 13:39:13,929] [   DEBUG][0m - moe_use_fusion_node           : True[0m
[35m[2026-04-17 13:39:13,933] [   DEBUG][0m - save_to_hf                    : True[0m
[35m[2026-04-17 13:39:13,935] [   DEBUG][0m - moe_with_send_router_loss     : True[0m
[35m[2026-04-17 13:39:13,938] [   DEBUG][0m - save_tokenizer                : True[0m
[35m[2026-04-17 13:39:13,940] [   DEBUG][0m - mp_async_allreduce            : False[0m
[35m[2026-04-17 13:39:13,943] [   DEBUG][0m - save_total_limit              : None[0m
[35m[2026-04-17 13:39:13,945] [   DEBUG][0m - mp_fused_linear_param_grad_add: False[0m
[35m[2026-04-17 13:39:13,952] [   DEBUG][0m - scale_loss                    : 32768[0m
[35m[2026-04-17 13:39:13,959] [   DEBUG][0m - mp_skip_c_identity            : False[0m
[35m[2026-04-17 13:39:13,962] [   DEBUG][0m - sd_release_grads              : False[0m
[35m[2026-04-17 13:39:13,964] [   DEBUG][0m - mtp_distillation_loss         : False[0m
[35m[2026-04-17 13:39:13,967] [   DEBUG][0m - sd_sharding_comm_overlap      : False[0m
[35m[2026-04-17 13:39:13,969] [   DEBUG][0m - mtp_num_layers                : 0[0m
[35m[2026-04-17 13:39:13,972] [   DEBUG][0m - sd_shardingv1_comm_overlap    : False[0m
[35m[2026-04-17 13:39:13,974] [   DEBUG][0m - multi_latent_attention        : False[0m
[35m[2026-04-17 13:39:13,977] [   DEBUG][0m - seed                          : 23[0m
[35m[2026-04-17 13:39:13,983] [   DEBUG][0m - n_routed_experts              : None[0m
[35m[2026-04-17 13:39:13,986] [   DEBUG][0m - send_recv_overlap             : False[0m
[35m[2026-04-17 13:39:13,989] [   DEBUG][0m - nccl_comm_group_config        : None[0m
[35m[2026-04-17 13:39:13,992] [   DEBUG][0m - sep_parallel_size             : 1[0m
[35m[2026-04-17 13:39:13,994] [   DEBUG][0m - need_data                     : False[0m
[35m[2026-04-17 13:39:14,001] [   DEBUG][0m - sequence_parallel             : False[0m
[35m[2026-04-17 13:39:14,003] [   DEBUG][0m - no_cuda                       : False[0m
[35m[2026-04-17 13:39:14,008] [   DEBUG][0m - sequence_parallel_config      : [0m
[35m[2026-04-17 13:39:14,013] [   DEBUG][0m - no_recompute_layers           : None[0m
[35m[2026-04-17 13:39:14,016] [   DEBUG][0m - sft_loss_ratio                : 0.0[0m
[35m[2026-04-17 13:39:14,018] [   DEBUG][0m - no_rope_freq                  : False[0m
[35m[2026-04-17 13:39:14,021] [   DEBUG][0m - sharded_model_from_ema        : False[0m
[35m[2026-04-17 13:39:14,027] [   DEBUG][0m - non_batch_p2p_comm            : False[0m
[35m[2026-04-17 13:39:14,029] [   DEBUG][0m - sharding                      : [][0m
[35m[2026-04-17 13:39:14,032] [   DEBUG][0m - normalization                 : RMSNorm[0m
[35m[2026-04-17 13:39:14,035] [   DEBUG][0m - sharding_comm_buffer_size_MB  : -1[0m
[35m[2026-04-17 13:39:14,059] [   DEBUG][0m - normalize_logps               : False[0m
[35m[2026-04-17 13:39:14,065] [   DEBUG][0m - sharding_degree               : -1[0m
[35m[2026-04-17 13:39:14,067] [   DEBUG][0m - num_attention_heads           : None[0m
[35m[2026-04-17 13:39:14,070] [   DEBUG][0m - sharding_offload_opt_buffersize_GB: -1[0m
[35m[2026-04-17 13:39:14,072] [   DEBUG][0m - num_consecutive               : 1[0m
[35m[2026-04-17 13:39:14,076] [   DEBUG][0m - sharding_parallel_config      : [0m
[35m[2026-04-17 13:39:14,078] [   DEBUG][0m - num_cycles                    : 0.5[0m
[35m[2026-04-17 13:39:14,081] [   DEBUG][0m - sharding_parallel_mesh_dimension: dp[0m
[35m[2026-04-17 13:39:14,083] [   DEBUG][0m - num_empty_layers_add_in_head  : 0[0m
[35m[2026-04-17 13:39:14,086] [   DEBUG][0m - sharding_parallel_rank        : 0[0m
[35m[2026-04-17 13:39:14,089] [   DEBUG][0m - num_empty_layers_add_in_tail  : 0[0m
[35m[2026-04-17 13:39:14,092] [   DEBUG][0m - sharding_parallel_size        : 1[0m
[35m[2026-04-17 13:39:14,094] [   DEBUG][0m - num_experts_per_tok           : None[0m
[35m[2026-04-17 13:39:14,097] [   DEBUG][0m - should_load_dataset           : True[0m
[35m[2026-04-17 13:39:14,100] [   DEBUG][0m - num_hidden_layers             : None[0m
[35m[2026-04-17 13:39:14,102] [   DEBUG][0m - should_load_sharding_stage1_model: False[0m
[35m[2026-04-17 13:39:14,104] [   DEBUG][0m - num_key_value_heads           : None[0m
[35m[2026-04-17 13:39:14,107] [   DEBUG][0m - should_log                    : True[0m
[35m[2026-04-17 13:39:14,110] [   DEBUG][0m - num_nextn_predict_layers      : 0[0m
[35m[2026-04-17 13:39:14,113] [   DEBUG][0m - should_save                   : True[0m
[35m[2026-04-17 13:39:14,115] [   DEBUG][0m - num_of_gpus                   : -1[0m
[35m[2026-04-17 13:39:14,118] [   DEBUG][0m - should_save_model_state       : True[0m
[35m[2026-04-17 13:39:14,120] [   DEBUG][0m - num_train_epochs              : 1.0[0m
[35m[2026-04-17 13:39:14,123] [   DEBUG][0m - should_save_model_with_tensor_fusion: False[0m
[35m[2026-04-17 13:39:14,125] [   DEBUG][0m - offload_fp8_expert_master_weight: True[0m
[35m[2026-04-17 13:39:14,128] [   DEBUG][0m - should_save_sharding_stage1_model: False[0m
[35m[2026-04-17 13:39:14,130] [   DEBUG][0m - offload_queue                 : False[0m
[35m[2026-04-17 13:39:14,133] [   DEBUG][0m - shuffle_consecutive           : False[0m
[35m[2026-04-17 13:39:14,135] [   DEBUG][0m - offset_alpha                  : 0.0[0m
[35m[2026-04-17 13:39:14,138] [   DEBUG][0m - simpo_gamma                   : 0.5[0m
[35m[2026-04-17 13:39:14,141] [   DEBUG][0m - optim                         : OptimizerNames.ADAMW[0m
[35m[2026-04-17 13:39:14,144] [   DEBUG][0m - skip_data_intervals           : None[0m
[35m[2026-04-17 13:39:14,146] [   DEBUG][0m - optim_shard_num               : 1[0m
[35m[2026-04-17 13:39:14,149] [   DEBUG][0m - skip_memory_metrics           : True[0m
[35m[2026-04-17 13:39:14,151] [   DEBUG][0m - optimizer_name_suffix         : tp00_pp01[0m
[35m[2026-04-17 13:39:14,154] [   DEBUG][0m - skip_profile_timer            : True[0m
[35m[2026-04-17 13:39:14,156] [   DEBUG][0m - ordered_save_group_size       : 0[0m
[35m[2026-04-17 13:39:14,159] [   DEBUG][0m - softmax_scale                 : None[0m
[35m[2026-04-17 13:39:14,161] [   DEBUG][0m - output_dir                    : ./checkpoints/pt/52b[0m
[35m[2026-04-17 13:39:14,165] [   DEBUG][0m - softmax_type                  : vanilla[0m
[35m[2026-04-17 13:39:14,170] [   DEBUG][0m - output_layer_init_method      : None[0m
[35m[2026-04-17 13:39:14,184] [   DEBUG][0m - sp_allreduce_avg_in_gradinent_scale: False[0m
[35m[2026-04-17 13:39:14,187] [   DEBUG][0m - output_signal_dir             : ./checkpoints/pt/52b[0m
[35m[2026-04-17 13:39:14,190] [   DEBUG][0m - sp_async_reduce_scatter       : False[0m
[35m[2026-04-17 13:39:14,192] [   DEBUG][0m - overlap                       : False[0m
[35m[2026-04-17 13:39:14,199] [   DEBUG][0m - split_backward                : False[0m
[35m[2026-04-17 13:39:14,201] [   DEBUG][0m - overlap_p2p_comm              : False[0m
[35m[2026-04-17 13:39:14,205] [   DEBUG][0m - split_inputs_sequence_dim     : True[0m
[35m[2026-04-17 13:39:14,208] [   DEBUG][0m - overwrite_output_dir          : True[0m
[35m[2026-04-17 13:39:14,211] [   DEBUG][0m - split_norm_comm               : False[0m
[35m[2026-04-17 13:39:14,214] [   DEBUG][0m - p2p_cache_shape               : True[0m
[35m[2026-04-17 13:39:14,216] [   DEBUG][0m - split_param                   : True[0m
[35m[2026-04-17 13:39:14,219] [   DEBUG][0m - pad_token_id                  : 0[0m
[35m[2026-04-17 13:39:14,222] [   DEBUG][0m - stage1_allgather_overlap      : False[0m
[35m[2026-04-17 13:39:14,224] [   DEBUG][0m - partial_send_recv             : True[0m
[35m[2026-04-17 13:39:14,227] [   DEBUG][0m - stage1_broadcast_overlap      : False[0m
[35m[2026-04-17 13:39:14,230] [   DEBUG][0m - past_index                    : -1[0m
[35m[2026-04-17 13:39:14,233] [   DEBUG][0m - stage1_overlap                : False[0m
[35m[2026-04-17 13:39:14,235] [   DEBUG][0m - pdc_download_ckpt             : False[0m
[35m[2026-04-17 13:39:14,238] [   DEBUG][0m - stage1_reduce_avg             : True[0m
[35m[2026-04-17 13:39:14,240] [   DEBUG][0m - pdc_download_timeout          : 300[0m
[35m[2026-04-17 13:39:14,243] [   DEBUG][0m - stage1_tensor_fusion          : False[0m
[35m[2026-04-17 13:39:14,248] [   DEBUG][0m - per_device_eval_batch_size    : 1[0m
[35m[2026-04-17 13:39:14,252] [   DEBUG][0m - stage2_overlap                : False[0m
[35m[2026-04-17 13:39:14,254] [   DEBUG][0m - per_device_train_batch_size   : 1[0m
[35m[2026-04-17 13:39:14,256] [   DEBUG][0m - sync_grad                     : False[0m
[35m[2026-04-17 13:39:14,259] [   DEBUG][0m - pipeline_model_parallel_size  : 2[0m
[35m[2026-04-17 13:39:14,263] [   DEBUG][0m - tensor_fusion                 : False[0m
[35m[2026-04-17 13:39:14,265] [   DEBUG][0m - pipeline_parallel_config      : [0m
[35m[2026-04-17 13:39:14,271] [   DEBUG][0m - tensor_model_parallel_size    : 8[0m
[35m[2026-04-17 13:39:14,273] [   DEBUG][0m - pipeline_parallel_rank        : 1[0m
[35m[2026-04-17 13:39:14,277] [   DEBUG][0m - tensor_parallel_config        : [0m
[35m[2026-04-17 13:39:14,279] [   DEBUG][0m - position_embedding_type       : rope[0m
[35m[2026-04-17 13:39:14,282] [   DEBUG][0m - tensor_parallel_output        : True[0m
[35m[2026-04-17 13:39:14,284] [   DEBUG][0m - power                         : 1.0[0m
[35m[2026-04-17 13:39:14,287] [   DEBUG][0m - tensor_parallel_rank          : 0[0m
[35m[2026-04-17 13:39:14,289] [   DEBUG][0m - pp_delay_scale_loss           : True[0m
[35m[2026-04-17 13:39:14,292] [   DEBUG][0m - tensorwise_offload_optimizer  : True[0m
[35m[2026-04-17 13:39:14,294] [   DEBUG][0m - pp_need_data                  : False[0m
[35m[2026-04-17 13:39:14,296] [   DEBUG][0m - test_iters                    : 100[0m
[35m[2026-04-17 13:39:14,298] [   DEBUG][0m - pp_need_data_degree           : 0[0m
[35m[2026-04-17 13:39:14,302] [   DEBUG][0m - tie_word_embeddings           : None[0m
[35m[2026-04-17 13:39:14,304] [   DEBUG][0m - pp_release_grads              : False[0m
[35m[2026-04-17 13:39:14,307] [   DEBUG][0m - timer                         : False[0m
[35m[2026-04-17 13:39:14,309] [   DEBUG][0m - pp_sharding_comm_overlap      : False[0m
[35m[2026-04-17 13:39:14,311] [   DEBUG][0m - to_static                     : False[0m
[35m[2026-04-17 13:39:14,314] [   DEBUG][0m - pp_sync_moment                : False[0m
[35m[2026-04-17 13:39:14,318] [   DEBUG][0m - token_balance_loss            : False[0m
[35m[2026-04-17 13:39:14,320] [   DEBUG][0m - pp_sync_param                 : False[0m
[35m[2026-04-17 13:39:14,323] [   DEBUG][0m - tp_async_allreduce            : False[0m
[35m[2026-04-17 13:39:14,326] [   DEBUG][0m - pre_alloc_memory              : 0[0m
[35m[2026-04-17 13:39:14,329] [   DEBUG][0m - tp_sync_moment                : False[0m
[35m[2026-04-17 13:39:14,331] [   DEBUG][0m - prediction_loss_only          : False[0m
[35m[2026-04-17 13:39:14,335] [   DEBUG][0m - tp_sync_param                 : False[0m
[35m[2026-04-17 13:39:14,337] [   DEBUG][0m - pref_loss_ratio               : 1.0[0m
[35m[2026-04-17 13:39:14,340] [   DEBUG][0m - train_batch_size              : 1[0m
[35m[2026-04-17 13:39:14,342] [   DEBUG][0m - prefetch_factor               : 2[0m
[35m[2026-04-17 13:39:14,345] [   DEBUG][0m - train_mtp_only                : False[0m
[35m[2026-04-17 13:39:14,347] [   DEBUG][0m - process_index                 : 8[0m
[35m[2026-04-17 13:39:14,350] [   DEBUG][0m - unified_checkpoint            : False[0m
[35m[2026-04-17 13:39:14,353] [   DEBUG][0m - profile                       : False[0m
[35m[2026-04-17 13:39:14,356] [   DEBUG][0m - unified_checkpoint_config     : [0m
[35m[2026-04-17 13:39:14,358] [   DEBUG][0m - profile_step_end              : 12[0m
[35m[2026-04-17 13:39:14,361] [   DEBUG][0m - use_async_save                : False[0m
[35m[2026-04-17 13:39:14,364] [   DEBUG][0m - profile_step_start            : 10[0m
[35m[2026-04-17 13:39:14,371] [   DEBUG][0m - use_cache                     : False[0m
[35m[2026-04-17 13:39:14,379] [   DEBUG][0m - recompute_granularity         : full[0m
[35m[2026-04-17 13:39:14,382] [   DEBUG][0m - use_dualpipev                 : False[0m
[35m[2026-04-17 13:39:14,384] [   DEBUG][0m - recompute_method              : uniform[0m
[35m[2026-04-17 13:39:14,388] [   DEBUG][0m - use_expert_parallel           : False[0m
[35m[2026-04-17 13:39:14,390] [   DEBUG][0m - recompute_modules             : None[0m
[35m[2026-04-17 13:39:14,394] [   DEBUG][0m - use_filtered_label_loss       : False[0m
[35m[2026-04-17 13:39:14,396] [   DEBUG][0m - recompute_mtp_granularity     : None[0m
[35m[2026-04-17 13:39:14,399] [   DEBUG][0m - use_fp8                       : False[0m
[35m[2026-04-17 13:39:14,401] [   DEBUG][0m - recompute_mtp_method          : None[0m
[35m[2026-04-17 13:39:14,404] [   DEBUG][0m - use_fused_head_and_loss_fn    : False[0m
[35m[2026-04-17 13:39:14,406] [   DEBUG][0m - recompute_mtp_modules         : None[0m
[35m[2026-04-17 13:39:14,409] [   DEBUG][0m - use_fused_linear_cross_entropy: False[0m
[35m[2026-04-17 13:39:14,411] [   DEBUG][0m - recompute_num_layers          : 1[0m
[35m[2026-04-17 13:39:14,415] [   DEBUG][0m - use_hybrid_parallel           : True[0m
[35m[2026-04-17 13:39:14,417] [   DEBUG][0m - recompute_use_reentrant       : True[0m
[35m[2026-04-17 13:39:14,420] [   DEBUG][0m - use_intermediate_api          : False[0m
[35m[2026-04-17 13:39:14,422] [   DEBUG][0m - reeao_dataset_rank            : 0[0m
[35m[2026-04-17 13:39:14,426] [   DEBUG][0m - use_lowprecision_moment       : False[0m
[35m[2026-04-17 13:39:14,428] [   DEBUG][0m - reeao_dataset_world_size      : 1[0m
[35m[2026-04-17 13:39:14,430] [   DEBUG][0m - use_moe                       : False[0m
[35m[2026-04-17 13:39:14,432] [   DEBUG][0m - ref_model_update_steps        : -1[0m
[35m[2026-04-17 13:39:14,435] [   DEBUG][0m - use_ortho_loss_callback       : False[0m
[35m[2026-04-17 13:39:14,437] [   DEBUG][0m - reference_free                : False[0m
[35m[2026-04-17 13:39:14,441] [   DEBUG][0m - use_qk_norm                   : None[0m
[35m[2026-04-17 13:39:14,443] [   DEBUG][0m - release_grads                 : False[0m
[35m[2026-04-17 13:39:14,446] [   DEBUG][0m - use_recompute_mtp             : False[0m
[35m[2026-04-17 13:39:14,448] [   DEBUG][0m - remove_unused_columns         : True[0m
[35m[2026-04-17 13:39:14,451] [   DEBUG][0m - use_unified_moe               : False[0m
[35m[2026-04-17 13:39:14,454] [   DEBUG][0m - reorder_pipeline_priority     : False[0m
[35m[2026-04-17 13:39:14,457] [   DEBUG][0m - using_sonic_moe               : False[0m
[35m[2026-04-17 13:39:14,460] [   DEBUG][0m - replace_with_c_embedding      : False[0m
[35m[2026-04-17 13:39:14,463] [   DEBUG][0m - variable_seq_lengths          : False[0m
[35m[2026-04-17 13:39:14,466] [   DEBUG][0m - replace_with_parallel_cross_entropy: False[0m
[35m[2026-04-17 13:39:14,469] [   DEBUG][0m - virtual_pipeline_model_parallel_size: 1[0m
[35m[2026-04-17 13:39:14,471] [   DEBUG][0m - replicate_saved_into_local    : False[0m
[35m[2026-04-17 13:39:14,475] [   DEBUG][0m - wandb_api_key                 : None[0m
[35m[2026-04-17 13:39:14,477] [   DEBUG][0m - report_to                     : ['visualdl'][0m
[35m[2026-04-17 13:39:14,480] [   DEBUG][0m - wandb_http_proxy              : None[0m
[35m[2026-04-17 13:39:14,482] [   DEBUG][0m - resume_from_checkpoint        : None[0m
[35m[2026-04-17 13:39:14,486] [   DEBUG][0m - warmup_ratio                  : 0.0[0m
[35m[2026-04-17 13:39:14,488] [   DEBUG][0m - resume_from_huggingface_ckpt  : None[0m
[35m[2026-04-17 13:39:14,492] [   DEBUG][0m - warmup_steps                  : 10[0m
[35m[2026-04-17 13:39:14,494] [   DEBUG][0m - router_aux_loss_coef          : 0.0[0m
[35m[2026-04-17 13:39:14,497] [   DEBUG][0m - weight_decay                  : 0.0[0m
[35m[2026-04-17 13:39:14,499] [   DEBUG][0m - router_z_loss_coef            : None[0m
[35m[2026-04-17 13:39:14,502] [   DEBUG][0m - weight_name_suffix            : tp00_pp00[0m
[35m[2026-04-17 13:39:14,504] [   DEBUG][0m - run_name                      : ./checkpoints/pt/52b[0m
[35m[2026-04-17 13:39:14,507] [   DEBUG][0m - weight_quantize_algo          : None[0m
[35m[2026-04-17 13:39:14,510] [   DEBUG][0m - same_data                     : None[0m
[35m[2026-04-17 13:39:14,513] [   DEBUG][0m - world_size                    : 16[0m
[35m[2026-04-17 13:39:14,516] [   DEBUG][0m - save_checkpoint_format        : flex_checkpoint[0m
[35m[2026-04-17 13:39:14,519] [   DEBUG][0m - zcc_ema_interval              : 1[0m
[35m[2026-04-17 13:39:14,521] [   DEBUG][0m - save_hf_memory_growth_threshold: 8[0m
[35m[2026-04-17 13:39:14,524] [   DEBUG][0m - zcc_ema_loss_threshold        : None[0m
[35m[2026-04-17 13:39:14,526] [   DEBUG][0m - save_hf_steps                 : -1[0m
[35m[2026-04-17 13:39:14,530] [   DEBUG][0m - zcc_pipeline_hooks_capacity_usage: 0.6[0m
[35m[2026-04-17 13:39:14,532] [   DEBUG][0m - save_hf_total_limit           : None[0m
[35m[2026-04-17 13:39:14,535] [   DEBUG][0m - zcc_save_ema_coef             : None[0m
[35m[2026-04-17 13:39:14,537] [   DEBUG][0m - save_last_step                : False[0m
[35m[2026-04-17 13:39:14,540] [   DEBUG][0m - zcc_workers_num               : 3[0m
[35m[2026-04-17 13:39:14,542] [   DEBUG][0m - save_on_each_node             : False[0m
[35m[2026-04-17 13:39:14,545] [   DEBUG][0m - [0m
[35m[2026-04-17 13:39:14,547] [   DEBUG][0m - save_rng_states               : True[0m
[35m[2026-04-17 13:39:14,552] [   DEBUG][0m - save_sharded_model            : False[0m
[32m[2026-04-17 13:39:14,552] [    INFO][0m - Starting training from resume_from_checkpoint : None[0m
[35m[2026-04-17 13:39:14,554] [   DEBUG][0m - save_sharding_stage1_model_include_freeze_params: False[0m
[35m[2026-04-17 13:39:14,559] [   DEBUG][0m - save_steps                    : 100[0m
[35m[2026-04-17 13:39:14,560] [   DEBUG][0m - save_strategy                 : IntervalStrategy.STEPS[0m
[35m[2026-04-17 13:39:14,561] [   DEBUG][0m - save_to_hf                    : True[0m
[35m[2026-04-17 13:39:14,562] [   DEBUG][0m - save_tokenizer                : True[0m
[35m[2026-04-17 13:39:14,564] [   DEBUG][0m - save_total_limit              : None[0m
[35m[2026-04-17 13:39:14,565] [   DEBUG][0m - scale_loss                    : 32768[0m
[35m[2026-04-17 13:39:14,567] [   DEBUG][0m - sd_release_grads              : False[0m
[35m[2026-04-17 13:39:14,568] [   DEBUG][0m - sd_sharding_comm_overlap      : False[0m
[35m[2026-04-17 13:39:14,569] [   DEBUG][0m - sd_shardingv1_comm_overlap    : False[0m
[35m[2026-04-17 13:39:14,570] [   DEBUG][0m - seed                          : 23[0m
[35m[2026-04-17 13:39:14,571] [   DEBUG][0m - send_recv_overlap             : False[0m
[35m[2026-04-17 13:39:14,573] [   DEBUG][0m - sep_parallel_size             : 1[0m
[35m[2026-04-17 13:39:14,574] [   DEBUG][0m - sequence_parallel             : False[0m
[35m[2026-04-17 13:39:14,575] [   DEBUG][0m - sequence_parallel_config      : [0m
[35m[2026-04-17 13:39:14,576] [   DEBUG][0m - sft_loss_ratio                : 0.0[0m
[35m[2026-04-17 13:39:14,577] [   DEBUG][0m - sharded_model_from_ema        : False[0m
[35m[2026-04-17 13:39:14,578] [   DEBUG][0m - sharding                      : [][0m
[35m[2026-04-17 13:39:14,579] [   DEBUG][0m - sharding_comm_buffer_size_MB  : -1[0m
[35m[2026-04-17 13:39:14,580] [   DEBUG][0m - sharding_degree               : -1[0m
[35m[2026-04-17 13:39:14,581] [   DEBUG][0m - sharding_offload_opt_buffersize_GB: -1[0m
[35m[2026-04-17 13:39:14,582] [   DEBUG][0m - sharding_parallel_config      : [0m
[35m[2026-04-17 13:39:14,583] [   DEBUG][0m - sharding_parallel_mesh_dimension: dp[0m
[35m[2026-04-17 13:39:14,585] [   DEBUG][0m - sharding_parallel_rank        : 0[0m
[35m[2026-04-17 13:39:14,587] [   DEBUG][0m - sharding_parallel_size        : 1[0m
[35m[2026-04-17 13:39:14,588] [   DEBUG][0m - should_load_dataset           : True[0m
[35m[2026-04-17 13:39:14,589] [   DEBUG][0m - should_load_sharding_stage1_model: False[0m
[35m[2026-04-17 13:39:14,591] [   DEBUG][0m - should_log                    : True[0m
[35m[2026-04-17 13:39:14,592] [   DEBUG][0m - should_save                   : False[0m
[35m[2026-04-17 13:39:14,593] [   DEBUG][0m - should_save_model_state       : True[0m
[35m[2026-04-17 13:39:14,595] [   DEBUG][0m - should_save_model_with_tensor_fusion: False[0m
[35m[2026-04-17 13:39:14,596] [   DEBUG][0m - should_save_sharding_stage1_model: False[0m
[35m[2026-04-17 13:39:14,597] [   DEBUG][0m - shuffle_consecutive           : False[0m
[35m[2026-04-17 13:39:14,598] [   DEBUG][0m - simpo_gamma                   : 0.5[0m
[35m[2026-04-17 13:39:14,600] [   DEBUG][0m - skip_data_intervals           : None[0m
[35m[2026-04-17 13:39:14,601] [   DEBUG][0m - skip_memory_metrics           : True[0m
[35m[2026-04-17 13:39:14,603] [   DEBUG][0m - skip_profile_timer            : True[0m
[35m[2026-04-17 13:39:14,604] [   DEBUG][0m - softmax_scale                 : None[0m
[35m[2026-04-17 13:39:14,606] [   DEBUG][0m - softmax_type                  : vanilla[0m
[35m[2026-04-17 13:39:14,607] [   DEBUG][0m - sp_allreduce_avg_in_gradinent_scale: False[0m
[35m[2026-04-17 13:39:14,609] [   DEBUG][0m - sp_async_reduce_scatter       : False[0m
[35m[2026-04-17 13:39:14,610] [   DEBUG][0m - split_backward                : False[0m
[35m[2026-04-17 13:39:14,611] [   DEBUG][0m - split_inputs_sequence_dim     : True[0m
[35m[2026-04-17 13:39:14,612] [   DEBUG][0m - split_norm_comm               : False[0m
[35m[2026-04-17 13:39:14,614] [   DEBUG][0m - split_param                   : True[0m
[35m[2026-04-17 13:39:14,616] [   DEBUG][0m - stage1_allgather_overlap      : False[0m
[35m[2026-04-17 13:39:14,617] [   DEBUG][0m - stage1_broadcast_overlap      : False[0m
[35m[2026-04-17 13:39:14,618] [   DEBUG][0m - stage1_overlap                : False[0m
[35m[2026-04-17 13:39:14,619] [   DEBUG][0m - stage1_reduce_avg             : True[0m
[35m[2026-04-17 13:39:14,620] [   DEBUG][0m - stage1_tensor_fusion          : False[0m
[35m[2026-04-17 13:39:14,622] [   DEBUG][0m - stage2_overlap                : False[0m
[35m[2026-04-17 13:39:14,623] [   DEBUG][0m - sync_grad                     : False[0m
[35m[2026-04-17 13:39:14,624] [   DEBUG][0m - tensor_fusion                 : False[0m
[35m[2026-04-17 13:39:14,625] [   DEBUG][0m - tensor_model_parallel_size    : 8[0m
[35m[2026-04-17 13:39:14,626] [   DEBUG][0m - tensor_parallel_config        : [0m
[35m[2026-04-17 13:39:14,627] [   DEBUG][0m - tensor_parallel_output        : True[0m
[35m[2026-04-17 13:39:14,628] [   DEBUG][0m - tensor_parallel_rank          : 0[0m
[35m[2026-04-17 13:39:14,629] [   DEBUG][0m - tensorwise_offload_optimizer  : True[0m
[35m[2026-04-17 13:39:14,630] [   DEBUG][0m - test_iters                    : 100[0m
[35m[2026-04-17 13:39:14,631] [   DEBUG][0m - tie_word_embeddings           : None[0m
[35m[2026-04-17 13:39:14,632] [   DEBUG][0m - timer                         : False[0m
[35m[2026-04-17 13:39:14,633] [   DEBUG][0m - to_static                     : False[0m
[35m[2026-04-17 13:39:14,634] [   DEBUG][0m - token_balance_loss            : False[0m
[35m[2026-04-17 13:39:14,635] [   DEBUG][0m - tp_async_allreduce            : False[0m
[35m[2026-04-17 13:39:14,636] [   DEBUG][0m - tp_sync_moment                : False[0m
[35m[2026-04-17 13:39:14,638] [   DEBUG][0m - tp_sync_param                 : False[0m
[35m[2026-04-17 13:39:14,638] [   DEBUG][0m - train_batch_size              : 1[0m
[35m[2026-04-17 13:39:14,640] [   DEBUG][0m - train_mtp_only                : False[0m
[35m[2026-04-17 13:39:14,641] [   DEBUG][0m - unified_checkpoint            : False[0m
[35m[2026-04-17 13:39:14,642] [   DEBUG][0m - unified_checkpoint_config     : [0m
[35m[2026-04-17 13:39:14,643] [   DEBUG][0m - use_async_save                : False[0m
[35m[2026-04-17 13:39:14,644] [   DEBUG][0m - use_cache                     : False[0m
[35m[2026-04-17 13:39:14,645] [   DEBUG][0m - use_dualpipev                 : False[0m
[35m[2026-04-17 13:39:14,646] [   DEBUG][0m - use_expert_parallel           : False[0m
[35m[2026-04-17 13:39:14,647] [   DEBUG][0m - use_filtered_label_loss       : False[0m
[35m[2026-04-17 13:39:14,648] [   DEBUG][0m - use_fp8                       : False[0m
[35m[2026-04-17 13:39:14,650] [   DEBUG][0m - use_fused_head_and_loss_fn    : False[0m
[35m[2026-04-17 13:39:14,651] [   DEBUG][0m - use_fused_linear_cross_entropy: False[0m
[35m[2026-04-17 13:39:14,653] [   DEBUG][0m - use_hybrid_parallel           : True[0m
[35m[2026-04-17 13:39:14,654] [   DEBUG][0m - use_intermediate_api          : False[0m
[35m[2026-04-17 13:39:14,655] [   DEBUG][0m - use_lowprecision_moment       : False[0m
[35m[2026-04-17 13:39:14,656] [   DEBUG][0m - use_moe                       : False[0m
[35m[2026-04-17 13:39:14,657] [   DEBUG][0m - use_ortho_loss_callback       : False[0m
[35m[2026-04-17 13:39:14,658] [   DEBUG][0m - use_qk_norm                   : None[0m
[35m[2026-04-17 13:39:14,659] [   DEBUG][0m - use_recompute_mtp             : False[0m
[35m[2026-04-17 13:39:14,660] [   DEBUG][0m - use_unified_moe               : False[0m
[35m[2026-04-17 13:39:14,662] [   DEBUG][0m - using_sonic_moe               : False[0m
[35m[2026-04-17 13:39:14,663] [   DEBUG][0m - variable_seq_lengths          : False[0m
[35m[2026-04-17 13:39:14,664] [   DEBUG][0m - virtual_pipeline_model_parallel_size: 1[0m
[35m[2026-04-17 13:39:14,665] [   DEBUG][0m - wandb_api_key                 : None[0m
[35m[2026-04-17 13:39:14,667] [   DEBUG][0m - wandb_http_proxy              : None[0m
[35m[2026-04-17 13:39:14,668] [   DEBUG][0m - warmup_ratio                  : 0.0[0m
[35m[2026-04-17 13:39:14,669] [   DEBUG][0m - warmup_steps                  : 10[0m
[35m[2026-04-17 13:39:14,670] [   DEBUG][0m - weight_decay                  : 0.0[0m
[35m[2026-04-17 13:39:14,671] [   DEBUG][0m - weight_name_suffix            : tp00_pp01[0m
[35m[2026-04-17 13:39:14,672] [   DEBUG][0m - weight_quantize_algo          : None[0m
[35m[2026-04-17 13:39:14,673] [   DEBUG][0m - world_size                    : 16[0m
[35m[2026-04-17 13:39:14,674] [   DEBUG][0m - zcc_ema_interval              : 1[0m
[35m[2026-04-17 13:39:14,675] [   DEBUG][0m - zcc_ema_loss_threshold        : None[0m
[35m[2026-04-17 13:39:14,676] [   DEBUG][0m - zcc_pipeline_hooks_capacity_usage: 0.6[0m
[35m[2026-04-17 13:39:14,677] [   DEBUG][0m - zcc_save_ema_coef             : None[0m
[35m[2026-04-17 13:39:14,678] [   DEBUG][0m - zcc_workers_num               : 3[0m
[35m[2026-04-17 13:39:14,679] [   DEBUG][0m - [0m
[32m[2026-04-17 13:39:14,681] [    INFO][0m - Starting training from resume_from_checkpoint : None[0m
[32m[2026-04-17 13:39:15,071] [    INFO][0m - [timelog] RuntimeTimer: 0.00s (2026-04-17 13:39:15) [0m
[32m[2026-04-17 13:39:15,071] [    INFO][0m - [timelog] RuntimeTimer: 0.00s (2026-04-17 13:39:15) [0m
[32m[2026-04-17 13:39:15,073] [    INFO][0m - ***** Running training *****[0m
[32m[2026-04-17 13:39:15,075] [    INFO][0m - ***** Running training *****[0m
[32m[2026-04-17 13:39:15,079] [    INFO][0m -   Num examples = 40[0m
[32m[2026-04-17 13:39:15,082] [    INFO][0m -   Num examples = 40[0m
[32m[2026-04-17 13:39:15,084] [    INFO][0m -   Num Epochs = 1[0m
[32m[2026-04-17 13:39:15,088] [    INFO][0m -   Num Epochs = 1[0m
[32m[2026-04-17 13:39:15,090] [    INFO][0m -   Instantaneous batch size per device = 1[0m
[32m[2026-04-17 13:39:15,094] [    INFO][0m -   Instantaneous batch size per device = 1[0m
[32m[2026-04-17 13:39:15,096] [    INFO][0m -   Total train batch size (w. parallel, distributed & accumulation) = 4[0m
[32m[2026-04-17 13:39:15,099] [    INFO][0m -   Total train batch size (w. parallel, distributed & accumulation) = 4[0m
[32m[2026-04-17 13:39:15,101] [    INFO][0m -   Gradient Accumulation steps = 4[0m
[32m[2026-04-17 13:39:15,104] [    INFO][0m -   Gradient Accumulation steps = 4[0m
[32m[2026-04-17 13:39:15,107] [    INFO][0m -   Total optimization steps = 10[0m
[32m[2026-04-17 13:39:15,111] [    INFO][0m -   Total optimization steps = 10[0m
[32m[2026-04-17 13:39:15,114] [    INFO][0m -   Total num train samples = 40[0m
[32m[2026-04-17 13:39:15,119] [    INFO][0m -   Total num train samples = 40[0m
[33m[2026-04-17 13:39:15,121] [ WARNING][0m - hack_offload_optimizer called.[0m
[33m[2026-04-17 13:39:15,124] [ WARNING][0m - hack_offload_optimizer called.[0m
[2026-04-17 13:39:15,136] [    INFO] pipeline_parallel.py:776 - Pipeline scheduler is in dynamic_shape mode=False
[2026-04-17 13:39:15,139] [    INFO] pipeline_parallel.py:786 - dp_comm_overlap False;             sharding_comm_overlap False;             sharding_split_param False;
[2026-04-17 13:39:15,140] [    INFO] pipeline_parallel.py:858 - Pipeline Info -- num_stages: 2, stage_id: 1
[2026-04-17 13:39:15,140] [    INFO] pipeline_parallel.py:776 - Pipeline scheduler is in dynamic_shape mode=False
[2026-04-17 13:39:15,143] [    INFO] pipeline_parallel.py:863 - start broadcast mp parameters
[2026-04-17 13:39:15,146] [    INFO] pipeline_parallel.py:786 - dp_comm_overlap False;             sharding_comm_overlap False;             sharding_split_param False;
[2026-04-17 13:39:15,151] [    INFO] pipeline_parallel.py:858 - Pipeline Info -- num_stages: 2, stage_id: 0
[2026-04-17 13:39:15,152] [    INFO] pipeline_parallel.py:863 - start broadcast mp parameters
W0417 13:39:15.203064 44663 nccl_comm_context.cc:70] ncclCommInitRankConfigMemOpt is not supported.
W0417 13:39:15.244009  9735 nccl_comm_context.cc:70] ncclCommInitRankConfigMemOpt is not supported.
[2026-04-17 13:39:15,521] [ WARNING] hybrid_parallel_optimizer.py:327 - While using ClipGradByGlobalNorm in TensorParallel, PipelineParallel or Sharding, the grad clip of original optimizer will be changed.
[2026-04-17 13:39:15,529] [ WARNING] hybrid_parallel_optimizer.py:327 - While using ClipGradByGlobalNorm in TensorParallel, PipelineParallel or Sharding, the grad clip of original optimizer will be changed.
[35m[2026-04-17 13:39:15,530] [   DEBUG][0m -   Number of trainable parameters = 3,148,766,208 (per device)[0m
[35m[2026-04-17 13:39:15,539] [   DEBUG][0m -   Number of trainable parameters = 3,148,759,040 (per device)[0m
[35m[2026-04-17 13:39:15,547] [   DEBUG][0m -   Number of trainable parameters = 50,380,201,984 (all devices, roughly)[0m
[35m[2026-04-17 13:39:15,546] [   DEBUG][0m -   Number of trainable parameters = 50,380,201,984 (all devices, roughly)[0m

TrainProcess:   0%|          | 0/10 [00:00<?, ?it/s]
TrainProcess:   0%|          | 0/10 [00:00<?, ?it/s]MIOpen(HIP): Error [SearchGcnAssembler] The "/opt/rocm/llvm/bin/clang"is not found. Using /opt/dtk-25.04/llvm/bin/clanginstead. Or You Can Specify MIOPEN_ASSIGN_AMDGCN_ASSEMBLER env.
MIOpen(HIP): Error [ValidateGcnAssemblerImpl] Wrong path to assembler: '/opt/dtk-25.04/llvm/bin/clang'. Expect performance degradation.
MIOpen(HIP): Error [SearchGcnAssembler] The "/opt/rocm/llvm/bin/clang"is not found. Using /opt/dtk-25.04/llvm/bin/clanginstead. Or You Can Specify MIOPEN_ASSIGN_AMDGCN_ASSEMBLER env.
MIOpen(HIP): Error [ValidateGcnAssemblerImpl] Wrong path to assembler: '/opt/dtk-25.04/llvm/bin/clang'. Expect performance degradation.
W0417 13:39:44.180696 44663 nccl_comm_context.cc:70] ncclCommInitRankConfigMemOpt is not supported.
W0417 13:39:44.180992  9735 nccl_comm_context.cc:70] ncclCommInitRankConfigMemOpt is not supported.
W0417 13:39:44.180696 44663 nccl_comm_context.cc:70] ncclCommInitRankConfigMemOpt is not supported.
W0417 13:39:44.180992  9735 nccl_comm_context.cc:70] ncclCommInitRankConfigMemOpt is not supported.
MIOpen(HIP): Error [SearchGcnAssembler] The "/opt/rocm/llvm/bin/clang"is not found. Using /opt/dtk-25.04/llvm/bin/clanginstead. Or You Can Specify MIOPEN_ASSIGN_AMDGCN_ASSEMBLER env.
MIOpen(HIP): Error [ValidateGcnAssemblerImpl] Wrong path to assembler: '/opt/dtk-25.04/llvm/bin/clang'. Expect performance degradation.
MIOpen(HIP): Error [SearchGcnAssembler] The "/opt/rocm/llvm/bin/clang"is not found. Using /opt/dtk-25.04/llvm/bin/clanginstead. Or You Can Specify MIOPEN_ASSIGN_AMDGCN_ASSEMBLER env.
MIOpen(HIP): Error [ValidateGcnAssemblerImpl] Wrong path to assembler: '/opt/dtk-25.04/llvm/bin/clang'. Expect performance degradation.
W0417 13:40:14.976475  9735 nccl_comm_context.cc:70] ncclCommInitRankConfigMemOpt is not supported.
W0417 13:40:14.976745 44663 nccl_comm_context.cc:70] ncclCommInitRankConfigMemOpt is not supported.
W0417 13:40:14.976475  9735 nccl_comm_context.cc:70] ncclCommInitRankConfigMemOpt is not supported.
W0417 13:40:14.976745 44663 nccl_comm_context.cc:70] ncclCommInitRankConfigMemOpt is not supported.

TrainProcess:  10%|█         | 1/10 [02:13<19:57, 133.00s/it]
TrainProcess:  10%|█         | 1/10 [02:13<19:59, 133.24s/it]
TrainProcess:  10%|█         | 1/10 [02:13<19:57, 133.00s/it]
TrainProcess:  10%|█         | 1/10 [02:13<19:59, 133.24s/it][32m[2026-04-17 13:41:32,261] [    INFO][0m - loss: 11.34584999, learning_rate: 1e-05, global_step: 1, current_memory_allocated: 23.46013879776001, current_memory_reserved: 32.64361095428467, max_memory_allocated: 30.377890586853027, max_memory_reserved: 32.64361095428467, interval_runtime: 136.7107, interval_samples_per_second: 0.0293, interval_steps_per_second: 0.0073, global_norm: 26.41415023803711, ppl: 84613.57468568302, progress_or_epoch: 0.1, cpu_used_memory: 826.44, cpu_available_memory: 1436.74[0m
[32m[2026-04-17 13:41:32,265] [    INFO][0m - [DataLoad global_step: 1] data_load_time: 13156.48 ms (accumulated over 4 micro-batches)[0m
[32m[2026-04-17 13:41:32,276] [    INFO][0m - loss: 11.34584999, learning_rate: 1e-05, global_step: 1, current_memory_allocated: 23.460085153579712, current_memory_reserved: 36.70019817352295, max_memory_allocated: 34.909834146499634, max_memory_reserved: 36.70019817352295, interval_runtime: 136.7127, interval_samples_per_second: 0.0293, interval_steps_per_second: 0.0073, global_norm: 26.41415023803711, ppl: 84613.57468568302, progress_or_epoch: 0.1, cpu_used_memory: 1253.86, cpu_available_memory: 1009.31[0m
[32m[2026-04-17 13:41:32,285] [    INFO][0m - [DataLoad global_step: 1] data_load_time: 16223.15 ms (accumulated over 4 micro-batches)[0m
[32m[2026-04-17 13:41:32,261] [    INFO][0m - loss: 11.34584999, learning_rate: 1e-05, global_step: 1, current_memory_allocated: 23.46013879776001, current_memory_reserved: 32.64361095428467, max_memory_allocated: 30.377890586853027, max_memory_reserved: 32.64361095428467, interval_runtime: 136.7107, interval_samples_per_second: 0.0293, interval_steps_per_second: 0.0073, global_norm: 26.41415023803711, ppl: 84613.57468568302, progress_or_epoch: 0.1, cpu_used_memory: 826.44, cpu_available_memory: 1436.74[0m
[32m[2026-04-17 13:41:32,265] [    INFO][0m - [DataLoad global_step: 1] data_load_time: 13156.48 ms (accumulated over 4 micro-batches)[0m
[32m[2026-04-17 13:41:32,276] [    INFO][0m - loss: 11.34584999, learning_rate: 1e-05, global_step: 1, current_memory_allocated: 23.460085153579712, current_memory_reserved: 36.70019817352295, max_memory_allocated: 34.909834146499634, max_memory_reserved: 36.70019817352295, interval_runtime: 136.7127, interval_samples_per_second: 0.0293, interval_steps_per_second: 0.0073, global_norm: 26.41415023803711, ppl: 84613.57468568302, progress_or_epoch: 0.1, cpu_used_memory: 1253.86, cpu_available_memory: 1009.31[0m
[32m[2026-04-17 13:41:32,285] [    INFO][0m - [DataLoad global_step: 1] data_load_time: 16223.15 ms (accumulated over 4 micro-batches)[0m

TrainProcess:  20%|██        | 2/10 [02:39<09:20, 70.07s/it] 
TrainProcess:  20%|██        | 2/10 [02:39<09:20, 70.11s/it] 
TrainProcess:  20%|██        | 2/10 [02:39<09:20, 70.07s/it] 
TrainProcess:  20%|██        | 2/10 [02:39<09:20, 70.11s/it] [32m[2026-04-17 13:41:55,840] [    INFO][0m - loss: 11.32166672, learning_rate: 2e-05, global_step: 2, current_memory_allocated: 23.46013879776001, current_memory_reserved: 32.64361095428467, max_memory_allocated: 30.377890586853027, max_memory_reserved: 32.64361095428467, interval_runtime: 23.5782, interval_samples_per_second: 0.1696, interval_steps_per_second: 0.0424, global_norm: 25.749479293823242, ppl: 82591.88581512413, progress_or_epoch: 0.2, cpu_used_memory: 826.45, cpu_available_memory: 1436.73[0m
[32m[2026-04-17 13:41:55,846] [    INFO][0m - [DataLoad global_step: 2] data_load_time: 0.48 ms (accumulated over 4 micro-batches)[0m
[32m[2026-04-17 13:41:55,854] [    INFO][0m - loss: 11.32166672, learning_rate: 2e-05, global_step: 2, current_memory_allocated: 23.460085153579712, current_memory_reserved: 36.70019817352295, max_memory_allocated: 34.909834146499634, max_memory_reserved: 36.70019817352295, interval_runtime: 23.5784, interval_samples_per_second: 0.1696, interval_steps_per_second: 0.0424, global_norm: 25.749479293823242, ppl: 82591.88581512413, progress_or_epoch: 0.2, cpu_used_memory: 1253.86, cpu_available_memory: 1009.31[0m
[32m[2026-04-17 13:41:55,861] [    INFO][0m - [DataLoad global_step: 2] data_load_time: 0.68 ms (accumulated over 4 micro-batches)[0m
[32m[2026-04-17 13:41:55,840] [    INFO][0m - loss: 11.32166672, learning_rate: 2e-05, global_step: 2, current_memory_allocated: 23.46013879776001, current_memory_reserved: 32.64361095428467, max_memory_allocated: 30.377890586853027, max_memory_reserved: 32.64361095428467, interval_runtime: 23.5782, interval_samples_per_second: 0.1696, interval_steps_per_second: 0.0424, global_norm: 25.749479293823242, ppl: 82591.88581512413, progress_or_epoch: 0.2, cpu_used_memory: 826.45, cpu_available_memory: 1436.73[0m
[32m[2026-04-17 13:41:55,846] [    INFO][0m - [DataLoad global_step: 2] data_load_time: 0.48 ms (accumulated over 4 micro-batches)[0m
[32m[2026-04-17 13:41:55,854] [    INFO][0m - loss: 11.32166672, learning_rate: 2e-05, global_step: 2, current_memory_allocated: 23.460085153579712, current_memory_reserved: 36.70019817352295, max_memory_allocated: 34.909834146499634, max_memory_reserved: 36.70019817352295, interval_runtime: 23.5784, interval_samples_per_second: 0.1696, interval_steps_per_second: 0.0424, global_norm: 25.749479293823242, ppl: 82591.88581512413, progress_or_epoch: 0.2, cpu_used_memory: 1253.86, cpu_available_memory: 1009.31[0m
[32m[2026-04-17 13:41:55,861] [    INFO][0m - [DataLoad global_step: 2] data_load_time: 0.68 ms (accumulated over 4 micro-batches)[0m

TrainProcess:  30%|███       | 3/10 [03:02<05:41, 48.83s/it]
TrainProcess:  30%|███       | 3/10 [03:02<05:42, 48.86s/it][32m[2026-04-17 13:42:19,403] [    INFO][0m - loss: 10.82319069, learning_rate: 3e-05, global_step: 3, current_memory_allocated: 23.46013879776001, current_memory_reserved: 32.64361095428467, max_memory_allocated: 30.377890586853027, max_memory_reserved: 32.64361095428467, interval_runtime: 23.5627, interval_samples_per_second: 0.1698, interval_steps_per_second: 0.0424, global_norm: 26.49123764038086, ppl: 50170.91172369792, progress_or_epoch: 0.3, cpu_used_memory: 826.45, cpu_available_memory: 1436.72[0m
[32m[2026-04-17 13:42:19,416] [    INFO][0m - loss: 10.82319069, learning_rate: 3e-05, global_step: 3, current_memory_allocated: 23.460085153579712, current_memory_reserved: 36.70019817352295, max_memory_allocated: 34.909834146499634, max_memory_reserved: 36.70019817352295, interval_runtime: 23.5627, interval_samples_per_second: 0.1698, interval_steps_per_second: 0.0424, global_norm: 26.49123764038086, ppl: 50170.91172369792, progress_or_epoch: 0.3, cpu_used_memory: 1253.87, cpu_available_memory: 1009.3[0m
[32m[2026-04-17 13:42:19,441] [    INFO][0m - [DataLoad global_step: 3] data_load_time: 0.31 ms (accumulated over 4 micro-batches)[0m
[32m[2026-04-17 13:42:19,444] [    INFO][0m - [DataLoad global_step: 3] data_load_time: 0.30 ms (accumulated over 4 micro-batches)[0m

TrainProcess:  30%|███       | 3/10 [03:02<05:41, 48.83s/it]
TrainProcess:  30%|███       | 3/10 [03:02<05:42, 48.86s/it][32m[2026-04-17 13:42:19,403] [    INFO][0m - loss: 10.82319069, learning_rate: 3e-05, global_step: 3, current_memory_allocated: 23.46013879776001, current_memory_reserved: 32.64361095428467, max_memory_allocated: 30.377890586853027, max_memory_reserved: 32.64361095428467, interval_runtime: 23.5627, interval_samples_per_second: 0.1698, interval_steps_per_second: 0.0424, global_norm: 26.49123764038086, ppl: 50170.91172369792, progress_or_epoch: 0.3, cpu_used_memory: 826.45, cpu_available_memory: 1436.72[0m
[32m[2026-04-17 13:42:19,416] [    INFO][0m - loss: 10.82319069, learning_rate: 3e-05, global_step: 3, current_memory_allocated: 23.460085153579712, current_memory_reserved: 36.70019817352295, max_memory_allocated: 34.909834146499634, max_memory_reserved: 36.70019817352295, interval_runtime: 23.5627, interval_samples_per_second: 0.1698, interval_steps_per_second: 0.0424, global_norm: 26.49123764038086, ppl: 50170.91172369792, progress_or_epoch: 0.3, cpu_used_memory: 1253.87, cpu_available_memory: 1009.3[0m
[32m[2026-04-17 13:42:19,441] [    INFO][0m - [DataLoad global_step: 3] data_load_time: 0.31 ms (accumulated over 4 micro-batches)[0m
[32m[2026-04-17 13:42:19,444] [    INFO][0m - [DataLoad global_step: 3] data_load_time: 0.30 ms (accumulated over 4 micro-batches)[0m

TrainProcess:  40%|████      | 4/10 [03:26<03:53, 38.86s/it]
TrainProcess:  40%|████      | 4/10 [03:26<03:53, 38.88s/it]
TrainProcess:  40%|████      | 4/10 [03:26<03:53, 38.86s/it]
TrainProcess:  40%|████      | 4/10 [03:26<03:53, 38.88s/it][32m[2026-04-17 13:42:42,983] [    INFO][0m - loss: 14.12076473, learning_rate: 4e-05, global_step: 4, current_memory_allocated: 23.46013879776001, current_memory_reserved: 32.64361095428467, max_memory_allocated: 30.377890586853027, max_memory_reserved: 32.64361095428467, interval_runtime: 23.5796, interval_samples_per_second: 0.1696, interval_steps_per_second: 0.0424, global_norm: 71.77527618408203, ppl: 1356969.8629699768, progress_or_epoch: 0.4, cpu_used_memory: 826.45, cpu_available_memory: 1436.72[0m
[32m[2026-04-17 13:42:42,987] [    INFO][0m - [DataLoad global_step: 4] data_load_time: 0.32 ms (accumulated over 4 micro-batches)[0m
[32m[2026-04-17 13:42:43,000] [    INFO][0m - loss: 14.12076473, learning_rate: 4e-05, global_step: 4, current_memory_allocated: 23.460085153579712, current_memory_reserved: 36.70019817352295, max_memory_allocated: 34.909834146499634, max_memory_reserved: 36.70019817352295, interval_runtime: 23.5795, interval_samples_per_second: 0.1696, interval_steps_per_second: 0.0424, global_norm: 71.77527618408203, ppl: 1356969.8629699768, progress_or_epoch: 0.4, cpu_used_memory: 1253.88, cpu_available_memory: 1009.29[0m
[32m[2026-04-17 13:42:43,002] [    INFO][0m - [DataLoad global_step: 4] data_load_time: 0.34 ms (accumulated over 4 micro-batches)[0m
[32m[2026-04-17 13:42:42,983] [    INFO][0m - loss: 14.12076473, learning_rate: 4e-05, global_step: 4, current_memory_allocated: 23.46013879776001, current_memory_reserved: 32.64361095428467, max_memory_allocated: 30.377890586853027, max_memory_reserved: 32.64361095428467, interval_runtime: 23.5796, interval_samples_per_second: 0.1696, interval_steps_per_second: 0.0424, global_norm: 71.77527618408203, ppl: 1356969.8629699768, progress_or_epoch: 0.4, cpu_used_memory: 826.45, cpu_available_memory: 1436.72[0m
[32m[2026-04-17 13:42:42,987] [    INFO][0m - [DataLoad global_step: 4] data_load_time: 0.32 ms (accumulated over 4 micro-batches)[0m
[32m[2026-04-17 13:42:43,000] [    INFO][0m - loss: 14.12076473, learning_rate: 4e-05, global_step: 4, current_memory_allocated: 23.460085153579712, current_memory_reserved: 36.70019817352295, max_memory_allocated: 34.909834146499634, max_memory_reserved: 36.70019817352295, interval_runtime: 23.5795, interval_samples_per_second: 0.1696, interval_steps_per_second: 0.0424, global_norm: 71.77527618408203, ppl: 1356969.8629699768, progress_or_epoch: 0.4, cpu_used_memory: 1253.88, cpu_available_memory: 1009.29[0m
[32m[2026-04-17 13:42:43,002] [    INFO][0m - [DataLoad global_step: 4] data_load_time: 0.34 ms (accumulated over 4 micro-batches)[0m

TrainProcess:  50%|█████     | 5/10 [03:49<02:46, 33.34s/it]
TrainProcess:  50%|█████     | 5/10 [03:49<02:46, 33.35s/it]
TrainProcess:  50%|█████     | 5/10 [03:49<02:46, 33.34s/it]
TrainProcess:  50%|█████     | 5/10 [03:49<02:46, 33.35s/it][32m[2026-04-17 13:43:06,526] [    INFO][0m - loss: 11.23004532, learning_rate: 5e-05, global_step: 5, current_memory_allocated: 23.46013879776001, current_memory_reserved: 32.64361095428467, max_memory_allocated: 30.377890586853027, max_memory_reserved: 32.64361095428467, interval_runtime: 23.5424, interval_samples_per_second: 0.1699, interval_steps_per_second: 0.0425, global_norm: 27.2083797454834, ppl: 75361.0106408783, progress_or_epoch: 0.5, cpu_used_memory: 826.46, cpu_available_memory: 1436.71[0m
[32m[2026-04-17 13:43:06,530] [    INFO][0m - [DataLoad global_step: 5] data_load_time: 0.72 ms (accumulated over 4 micro-batches)[0m
[32m[2026-04-17 13:43:06,544] [    INFO][0m - loss: 11.23004532, learning_rate: 5e-05, global_step: 5, current_memory_allocated: 23.460085153579712, current_memory_reserved: 36.70019817352295, max_memory_allocated: 34.909834146499634, max_memory_reserved: 36.70019817352295, interval_runtime: 23.5427, interval_samples_per_second: 0.1699, interval_steps_per_second: 0.0425, global_norm: 27.2083797454834, ppl: 75361.0106408783, progress_or_epoch: 0.5, cpu_used_memory: 1253.88, cpu_available_memory: 1009.29[0m
[32m[2026-04-17 13:43:06,547] [    INFO][0m - [DataLoad global_step: 5] data_load_time: 0.30 ms (accumulated over 4 micro-batches)[0m
[32m[2026-04-17 13:43:06,526] [    INFO][0m - loss: 11.23004532, learning_rate: 5e-05, global_step: 5, current_memory_allocated: 23.46013879776001, current_memory_reserved: 32.64361095428467, max_memory_allocated: 30.377890586853027, max_memory_reserved: 32.64361095428467, interval_runtime: 23.5424, interval_samples_per_second: 0.1699, interval_steps_per_second: 0.0425, global_norm: 27.2083797454834, ppl: 75361.0106408783, progress_or_epoch: 0.5, cpu_used_memory: 826.46, cpu_available_memory: 1436.71[0m
[32m[2026-04-17 13:43:06,530] [    INFO][0m - [DataLoad global_step: 5] data_load_time: 0.72 ms (accumulated over 4 micro-batches)[0m
[32m[2026-04-17 13:43:06,544] [    INFO][0m - loss: 11.23004532, learning_rate: 5e-05, global_step: 5, current_memory_allocated: 23.460085153579712, current_memory_reserved: 36.70019817352295, max_memory_allocated: 34.909834146499634, max_memory_reserved: 36.70019817352295, interval_runtime: 23.5427, interval_samples_per_second: 0.1699, interval_steps_per_second: 0.0425, global_norm: 27.2083797454834, ppl: 75361.0106408783, progress_or_epoch: 0.5, cpu_used_memory: 1253.88, cpu_available_memory: 1009.29[0m
[32m[2026-04-17 13:43:06,547] [    INFO][0m - [DataLoad global_step: 5] data_load_time: 0.30 ms (accumulated over 4 micro-batches)[0m

TrainProcess:  60%|██████    | 6/10 [04:13<02:00, 30.01s/it]
TrainProcess:  60%|██████    | 6/10 [04:13<02:00, 30.02s/it]
TrainProcess:  60%|██████    | 6/10 [04:13<02:00, 30.01s/it]
TrainProcess:  60%|██████    | 6/10 [04:13<02:00, 30.02s/it][32m[2026-04-17 13:43:30,077] [    INFO][0m - loss: 11.39871311, learning_rate: 6e-05, global_step: 6, current_memory_allocated: 23.46013879776001, current_memory_reserved: 32.64361095428467, max_memory_allocated: 30.377890586853027, max_memory_reserved: 32.64361095428467, interval_runtime: 23.5505, interval_samples_per_second: 0.1698, interval_steps_per_second: 0.0425, global_norm: 42.630794525146484, ppl: 89206.85005873488, progress_or_epoch: 0.6, cpu_used_memory: 826.46, cpu_available_memory: 1436.71[0m
[32m[2026-04-17 13:43:30,082] [    INFO][0m - [DataLoad global_step: 6] data_load_time: 0.88 ms (accumulated over 4 micro-batches)[0m
[32m[2026-04-17 13:43:30,099] [    INFO][0m - loss: 11.39871311, learning_rate: 6e-05, global_step: 6, current_memory_allocated: 23.460085153579712, current_memory_reserved: 36.70019817352295, max_memory_allocated: 34.909834146499634, max_memory_reserved: 36.70019817352295, interval_runtime: 23.5501, interval_samples_per_second: 0.1699, interval_steps_per_second: 0.0425, global_norm: 42.630794525146484, ppl: 89206.85005873488, progress_or_epoch: 0.6, cpu_used_memory: 1253.89, cpu_available_memory: 1009.28[0m
[32m[2026-04-17 13:43:30,115] [    INFO][0m - [DataLoad global_step: 6] data_load_time: 0.31 ms (accumulated over 4 micro-batches)[0m
[32m[2026-04-17 13:43:30,077] [    INFO][0m - loss: 11.39871311, learning_rate: 6e-05, global_step: 6, current_memory_allocated: 23.46013879776001, current_memory_reserved: 32.64361095428467, max_memory_allocated: 30.377890586853027, max_memory_reserved: 32.64361095428467, interval_runtime: 23.5505, interval_samples_per_second: 0.1698, interval_steps_per_second: 0.0425, global_norm: 42.630794525146484, ppl: 89206.85005873488, progress_or_epoch: 0.6, cpu_used_memory: 826.46, cpu_available_memory: 1436.71[0m
[32m[2026-04-17 13:43:30,082] [    INFO][0m - [DataLoad global_step: 6] data_load_time: 0.88 ms (accumulated over 4 micro-batches)[0m
[32m[2026-04-17 13:43:30,099] [    INFO][0m - loss: 11.39871311, learning_rate: 6e-05, global_step: 6, current_memory_allocated: 23.460085153579712, current_memory_reserved: 36.70019817352295, max_memory_allocated: 34.909834146499634, max_memory_reserved: 36.70019817352295, interval_runtime: 23.5501, interval_samples_per_second: 0.1699, interval_steps_per_second: 0.0425, global_norm: 42.630794525146484, ppl: 89206.85005873488, progress_or_epoch: 0.6, cpu_used_memory: 1253.89, cpu_available_memory: 1009.28[0m
[32m[2026-04-17 13:43:30,115] [    INFO][0m - [DataLoad global_step: 6] data_load_time: 0.31 ms (accumulated over 4 micro-batches)[0m

TrainProcess:  70%|███████   | 7/10 [04:36<01:23, 27.91s/it]
TrainProcess:  70%|███████   | 7/10 [04:36<01:23, 27.91s/it][32m[2026-04-17 13:43:53,668] [    INFO][0m - loss: 10.84132671, learning_rate: 7e-05, global_step: 7, current_memory_allocated: 23.46013879776001, current_memory_reserved: 32.64361095428467, max_memory_allocated: 30.377890586853027, max_memory_reserved: 32.64361095428467, interval_runtime: 23.5902, interval_samples_per_second: 0.1696, interval_steps_per_second: 0.0424, global_norm: 28.575437545776367, ppl: 51089.113477415405, progress_or_epoch: 0.7, cpu_used_memory: 826.47, cpu_available_memory: 1436.71[0m
[32m[2026-04-17 13:43:53,673] [    INFO][0m - [DataLoad global_step: 7] data_load_time: 0.35 ms (accumulated over 4 micro-batches)[0m
[32m[2026-04-17 13:43:53,683] [    INFO][0m - loss: 10.84132671, learning_rate: 7e-05, global_step: 7, current_memory_allocated: 23.460085153579712, current_memory_reserved: 36.70019817352295, max_memory_allocated: 34.909834146499634, max_memory_reserved: 36.70019817352295, interval_runtime: 23.5908, interval_samples_per_second: 0.1696, interval_steps_per_second: 0.0424, global_norm: 28.575437545776367, ppl: 51089.113477415405, progress_or_epoch: 0.7, cpu_used_memory: 1253.89, cpu_available_memory: 1009.28[0m
[32m[2026-04-17 13:43:53,687] [    INFO][0m - [DataLoad global_step: 7] data_load_time: 0.28 ms (accumulated over 4 micro-batches)[0m

TrainProcess:  70%|███████   | 7/10 [04:36<01:23, 27.91s/it]
TrainProcess:  70%|███████   | 7/10 [04:36<01:23, 27.91s/it][32m[2026-04-17 13:43:53,668] [    INFO][0m - loss: 10.84132671, learning_rate: 7e-05, global_step: 7, current_memory_allocated: 23.46013879776001, current_memory_reserved: 32.64361095428467, max_memory_allocated: 30.377890586853027, max_memory_reserved: 32.64361095428467, interval_runtime: 23.5902, interval_samples_per_second: 0.1696, interval_steps_per_second: 0.0424, global_norm: 28.575437545776367, ppl: 51089.113477415405, progress_or_epoch: 0.7, cpu_used_memory: 826.47, cpu_available_memory: 1436.71[0m
[32m[2026-04-17 13:43:53,673] [    INFO][0m - [DataLoad global_step: 7] data_load_time: 0.35 ms (accumulated over 4 micro-batches)[0m
[32m[2026-04-17 13:43:53,683] [    INFO][0m - loss: 10.84132671, learning_rate: 7e-05, global_step: 7, current_memory_allocated: 23.460085153579712, current_memory_reserved: 36.70019817352295, max_memory_allocated: 34.909834146499634, max_memory_reserved: 36.70019817352295, interval_runtime: 23.5908, interval_samples_per_second: 0.1696, interval_steps_per_second: 0.0424, global_norm: 28.575437545776367, ppl: 51089.113477415405, progress_or_epoch: 0.7, cpu_used_memory: 1253.89, cpu_available_memory: 1009.28[0m
[32m[2026-04-17 13:43:53,687] [    INFO][0m - [DataLoad global_step: 7] data_load_time: 0.28 ms (accumulated over 4 micro-batches)[0m

TrainProcess:  80%|████████  | 8/10 [05:00<00:53, 26.52s/it]
TrainProcess:  80%|████████  | 8/10 [05:00<00:53, 26.53s/it][32m[2026-04-17 13:44:17,224] [    INFO][0m - loss: 14.46074867, learning_rate: 8e-05, global_step: 8, current_memory_allocated: 23.46013879776001, current_memory_reserved: 32.64361095428467, max_memory_allocated: 30.377890586853027, max_memory_reserved: 32.64361095428467, interval_runtime: 23.5552, interval_samples_per_second: 0.1698, interval_steps_per_second: 0.0425, global_norm: 103.72746276855469, ppl: 1906440.921760016, progress_or_epoch: 0.8, cpu_used_memory: 826.47, cpu_available_memory: 1436.71[0m
[32m[2026-04-17 13:44:17,225] [    INFO][0m - [DataLoad global_step: 8] data_load_time: 0.37 ms (accumulated over 4 micro-batches)[0m
[32m[2026-04-17 13:44:17,240] [    INFO][0m - loss: 14.46074867, learning_rate: 8e-05, global_step: 8, current_memory_allocated: 23.460085153579712, current_memory_reserved: 36.70019817352295, max_memory_allocated: 34.909834146499634, max_memory_reserved: 36.70019817352295, interval_runtime: 23.555, interval_samples_per_second: 0.1698, interval_steps_per_second: 0.0425, global_norm: 103.72746276855469, ppl: 1906440.921760016, progress_or_epoch: 0.8, cpu_used_memory: 1253.89, cpu_available_memory: 1009.28[0m
[32m[2026-04-17 13:44:17,247] [    INFO][0m - [DataLoad global_step: 8] data_load_time: 0.51 ms (accumulated over 4 micro-batches)[0m

TrainProcess:  80%|████████  | 8/10 [05:00<00:53, 26.52s/it]
TrainProcess:  80%|████████  | 8/10 [05:00<00:53, 26.53s/it][32m[2026-04-17 13:44:17,224] [    INFO][0m - loss: 14.46074867, learning_rate: 8e-05, global_step: 8, current_memory_allocated: 23.46013879776001, current_memory_reserved: 32.64361095428467, max_memory_allocated: 30.377890586853027, max_memory_reserved: 32.64361095428467, interval_runtime: 23.5552, interval_samples_per_second: 0.1698, interval_steps_per_second: 0.0425, global_norm: 103.72746276855469, ppl: 1906440.921760016, progress_or_epoch: 0.8, cpu_used_memory: 826.47, cpu_available_memory: 1436.71[0m
[32m[2026-04-17 13:44:17,225] [    INFO][0m - [DataLoad global_step: 8] data_load_time: 0.37 ms (accumulated over 4 micro-batches)[0m
[32m[2026-04-17 13:44:17,240] [    INFO][0m - loss: 14.46074867, learning_rate: 8e-05, global_step: 8, current_memory_allocated: 23.460085153579712, current_memory_reserved: 36.70019817352295, max_memory_allocated: 34.909834146499634, max_memory_reserved: 36.70019817352295, interval_runtime: 23.555, interval_samples_per_second: 0.1698, interval_steps_per_second: 0.0425, global_norm: 103.72746276855469, ppl: 1906440.921760016, progress_or_epoch: 0.8, cpu_used_memory: 1253.89, cpu_available_memory: 1009.28[0m
[32m[2026-04-17 13:44:17,247] [    INFO][0m - [DataLoad global_step: 8] data_load_time: 0.51 ms (accumulated over 4 micro-batches)[0m

TrainProcess:  90%|█████████ | 9/10 [05:23<00:25, 25.59s/it]
TrainProcess:  90%|█████████ | 9/10 [05:24<00:25, 25.59s/it]
TrainProcess:  90%|█████████ | 9/10 [05:23<00:25, 25.59s/it]
TrainProcess:  90%|█████████ | 9/10 [05:24<00:25, 25.59s/it][32m[2026-04-17 13:44:40,758] [    INFO][0m - loss: 15.58816051, learning_rate: 9e-05, global_step: 9, current_memory_allocated: 23.46013879776001, current_memory_reserved: 32.64361095428467, max_memory_allocated: 30.377890586853027, max_memory_reserved: 32.64361095428467, interval_runtime: 23.5331, interval_samples_per_second: 0.17, interval_steps_per_second: 0.0425, global_norm: 162.16734313964844, ppl: 5886431.472706843, progress_or_epoch: 0.9, cpu_used_memory: 826.47, cpu_available_memory: 1436.71[0m
[32m[2026-04-17 13:44:40,762] [    INFO][0m - [DataLoad global_step: 9] data_load_time: 0.32 ms (accumulated over 4 micro-batches)[0m
[32m[2026-04-17 13:44:40,774] [    INFO][0m - loss: 15.58816051, learning_rate: 9e-05, global_step: 9, current_memory_allocated: 23.460085153579712, current_memory_reserved: 36.70019817352295, max_memory_allocated: 34.909834146499634, max_memory_reserved: 36.70019817352295, interval_runtime: 23.5334, interval_samples_per_second: 0.17, interval_steps_per_second: 0.0425, global_norm: 162.16734313964844, ppl: 5886431.472706843, progress_or_epoch: 0.9, cpu_used_memory: 1253.87, cpu_available_memory: 1009.3[0m
[32m[2026-04-17 13:44:40,777] [    INFO][0m - [DataLoad global_step: 9] data_load_time: 0.33 ms (accumulated over 4 micro-batches)[0m
[32m[2026-04-17 13:44:40,758] [    INFO][0m - loss: 15.58816051, learning_rate: 9e-05, global_step: 9, current_memory_allocated: 23.46013879776001, current_memory_reserved: 32.64361095428467, max_memory_allocated: 30.377890586853027, max_memory_reserved: 32.64361095428467, interval_runtime: 23.5331, interval_samples_per_second: 0.17, interval_steps_per_second: 0.0425, global_norm: 162.16734313964844, ppl: 5886431.472706843, progress_or_epoch: 0.9, cpu_used_memory: 826.47, cpu_available_memory: 1436.71[0m
[32m[2026-04-17 13:44:40,762] [    INFO][0m - [DataLoad global_step: 9] data_load_time: 0.32 ms (accumulated over 4 micro-batches)[0m
[32m[2026-04-17 13:44:40,774] [    INFO][0m - loss: 15.58816051, learning_rate: 9e-05, global_step: 9, current_memory_allocated: 23.460085153579712, current_memory_reserved: 36.70019817352295, max_memory_allocated: 34.909834146499634, max_memory_reserved: 36.70019817352295, interval_runtime: 23.5334, interval_samples_per_second: 0.17, interval_steps_per_second: 0.0425, global_norm: 162.16734313964844, ppl: 5886431.472706843, progress_or_epoch: 0.9, cpu_used_memory: 1253.87, cpu_available_memory: 1009.3[0m
[32m[2026-04-17 13:44:40,777] [    INFO][0m - [DataLoad global_step: 9] data_load_time: 0.33 ms (accumulated over 4 micro-batches)[0m

TrainProcess: 100%|██████████| 10/10 [05:47<00:00, 24.95s/it]
TrainProcess: 100%|██████████| 10/10 [05:47<00:00, 24.95s/it]
TrainProcess: 100%|██████████| 10/10 [05:47<00:00, 24.95s/it]
TrainProcess: 100%|██████████| 10/10 [05:47<00:00, 24.95s/it][32m[2026-04-17 13:45:04,262] [    INFO][0m - loss: 15.27135086, learning_rate: 0.0, global_step: 10, current_memory_allocated: 23.46013879776001, current_memory_reserved: 32.64361095428467, max_memory_allocated: 30.377890586853027, max_memory_reserved: 32.64361095428467, interval_runtime: 23.5043, interval_samples_per_second: 0.1702, interval_steps_per_second: 0.0425, global_norm: 120.79090118408203, ppl: 4288085.238857059, progress_or_epoch: 1.0, cpu_used_memory: 826.47, cpu_available_memory: 1436.7[0m
[32m[2026-04-17 13:45:04,266] [    INFO][0m - [DataLoad global_step: 10] data_load_time: 0.30 ms (accumulated over 4 micro-batches)[0m
[32m[2026-04-17 13:45:04,267] [    INFO][0m - 
Training completed. 
[0m
[32m[2026-04-17 13:45:04,268] [    INFO][0m - train_runtime: 348.7184, train_samples_per_second: 0.1147, train_steps_per_second: 0.0287, train_loss: 12.640181732177734, progress_or_epoch: 1.0, cpu_used_memory: 826.47, cpu_available_memory: 1436.71[0m

TrainProcess: 100%|██████████| 10/10 [05:48<00:00, 34.87s/it]
[32m[2026-04-17 13:45:04,270] [    INFO][0m - Saving model checkpoint to ./checkpoints/pt/52b[0m
[32m[2026-04-17 13:45:04,277] [    INFO][0m - loss: 15.27135086, learning_rate: 0.0, global_step: 10, current_memory_allocated: 23.460085153579712, current_memory_reserved: 36.70019817352295, max_memory_allocated: 34.909834146499634, max_memory_reserved: 36.70019817352295, interval_runtime: 23.5044, interval_samples_per_second: 0.1702, interval_steps_per_second: 0.0425, global_norm: 120.79090118408203, ppl: 4288085.238857059, progress_or_epoch: 1.0, cpu_used_memory: 1253.87, cpu_available_memory: 1009.3[0m
[32m[2026-04-17 13:45:04,280] [    INFO][0m - [DataLoad global_step: 10] data_load_time: 0.30 ms (accumulated over 4 micro-batches)[0m
[32m[2026-04-17 13:45:04,281] [    INFO][0m - 
Training completed. 
[0m
[32m[2026-04-17 13:45:04,288] [    INFO][0m - train_runtime: 348.7341, train_samples_per_second: 0.1147, train_steps_per_second: 0.0287, train_loss: 12.640181732177734, progress_or_epoch: 1.0, cpu_used_memory: 1253.87, cpu_available_memory: 1009.3[0m

TrainProcess: 100%|██████████| 10/10 [05:48<00:00, 34.87s/it]
[32m[2026-04-17 13:45:04,291] [    INFO][0m - Saving model checkpoint to ./checkpoints/pt/52b[0m
[32m[2026-04-17 13:45:04,704] [    INFO][0m - [Rank 8/16] (Saver) Initializing save. Max shard size set to: 10.00 GB[0m
[32m[2026-04-17 13:45:04,707] [    INFO][0m - [Rank 8/16] Starting to process the weight iterator...[0m
[32m[2026-04-17 13:45:04,707] [    INFO][0m - [Rank 0/16] (Saver) Initializing save. Max shard size set to: 10.00 GB[0m
[32m[2026-04-17 13:45:04,711] [    INFO][0m - [Rank 0/16] Starting to process the weight iterator...[0m
[32m[2026-04-17 13:45:05,386] [    INFO][0m - [Rank 0/16] Assigned to store parameter model.embed_tokens.weight[0m
[32m[2026-04-17 13:45:04,262] [    INFO][0m - loss: 15.27135086, learning_rate: 0.0, global_step: 10, current_memory_allocated: 23.46013879776001, current_memory_reserved: 32.64361095428467, max_memory_allocated: 30.377890586853027, max_memory_reserved: 32.64361095428467, interval_runtime: 23.5043, interval_samples_per_second: 0.1702, interval_steps_per_second: 0.0425, global_norm: 120.79090118408203, ppl: 4288085.238857059, progress_or_epoch: 1.0, cpu_used_memory: 826.47, cpu_available_memory: 1436.7[0m
[32m[2026-04-17 13:45:04,266] [    INFO][0m - [DataLoad global_step: 10] data_load_time: 0.30 ms (accumulated over 4 micro-batches)[0m
[32m[2026-04-17 13:45:04,267] [    INFO][0m - 
Training completed. 
[0m
[32m[2026-04-17 13:45:04,268] [    INFO][0m - train_runtime: 348.7184, train_samples_per_second: 0.1147, train_steps_per_second: 0.0287, train_loss: 12.640181732177734, progress_or_epoch: 1.0, cpu_used_memory: 826.47, cpu_available_memory: 1436.71[0m

TrainProcess: 100%|██████████| 10/10 [05:48<00:00, 34.87s/it]
[32m[2026-04-17 13:45:04,270] [    INFO][0m - Saving model checkpoint to ./checkpoints/pt/52b[0m
[32m[2026-04-17 13:45:04,277] [    INFO][0m - loss: 15.27135086, learning_rate: 0.0, global_step: 10, current_memory_allocated: 23.460085153579712, current_memory_reserved: 36.70019817352295, max_memory_allocated: 34.909834146499634, max_memory_reserved: 36.70019817352295, interval_runtime: 23.5044, interval_samples_per_second: 0.1702, interval_steps_per_second: 0.0425, global_norm: 120.79090118408203, ppl: 4288085.238857059, progress_or_epoch: 1.0, cpu_used_memory: 1253.87, cpu_available_memory: 1009.3[0m
[32m[2026-04-17 13:45:04,280] [    INFO][0m - [DataLoad global_step: 10] data_load_time: 0.30 ms (accumulated over 4 micro-batches)[0m
[32m[2026-04-17 13:45:04,281] [    INFO][0m - 
Training completed. 
[0m
[32m[2026-04-17 13:45:04,288] [    INFO][0m - train_runtime: 348.7341, train_samples_per_second: 0.1147, train_steps_per_second: 0.0287, train_loss: 12.640181732177734, progress_or_epoch: 1.0, cpu_used_memory: 1253.87, cpu_available_memory: 1009.3[0m

TrainProcess: 100%|██████████| 10/10 [05:48<00:00, 34.87s/it]
[32m[2026-04-17 13:45:04,291] [    INFO][0m - Saving model checkpoint to ./checkpoints/pt/52b[0m
[32m[2026-04-17 13:45:04,704] [    INFO][0m - [Rank 8/16] (Saver) Initializing save. Max shard size set to: 10.00 GB[0m
[32m[2026-04-17 13:45:04,707] [    INFO][0m - [Rank 8/16] Starting to process the weight iterator...[0m
[32m[2026-04-17 13:45:04,707] [    INFO][0m - [Rank 0/16] (Saver) Initializing save. Max shard size set to: 10.00 GB[0m
[32m[2026-04-17 13:45:04,711] [    INFO][0m - [Rank 0/16] Starting to process the weight iterator...[0m
[32m[2026-04-17 13:45:05,386] [    INFO][0m - [Rank 0/16] Assigned to store parameter model.embed_tokens.weight[0m
[32m[2026-04-17 13:45:06,564] [    INFO][0m - [Rank 8/16] Assigned to store parameter model.layers.0.input_layernorm.weight[0m
[32m[2026-04-17 13:45:07,387] [    INFO][0m - [Rank 0/16] Assigned to store parameter model.layers.1.mlp.down_proj.weight[0m
[32m[2026-04-17 13:45:06,564] [    INFO][0m - [Rank 8/16] Assigned to store parameter model.layers.0.input_layernorm.weight[0m
[32m[2026-04-17 13:45:07,387] [    INFO][0m - [Rank 0/16] Assigned to store parameter model.layers.1.mlp.down_proj.weight[0m
[32m[2026-04-17 13:45:08,136] [    INFO][0m - [Rank 8/16] Assigned to store parameter model.layers.2.mlp.up_proj.weight[0m
[32m[2026-04-17 13:45:08,813] [    INFO][0m - [Rank 0/16] Assigned to store parameter model.layers.3.mlp.gate_proj.weight[0m
[32m[2026-04-17 13:45:09,670] [    INFO][0m - [Rank 8/16] Assigned to store parameter model.layers.4.self_attn.o_proj.weight[0m
[32m[2026-04-17 13:45:08,136] [    INFO][0m - [Rank 8/16] Assigned to store parameter model.layers.2.mlp.up_proj.weight[0m
[32m[2026-04-17 13:45:08,813] [    INFO][0m - [Rank 0/16] Assigned to store parameter model.layers.3.mlp.gate_proj.weight[0m
[32m[2026-04-17 13:45:09,670] [    INFO][0m - [Rank 8/16] Assigned to store parameter model.layers.4.self_attn.o_proj.weight[0m
[32m[2026-04-17 13:45:10,484] [    INFO][0m - [Rank 0/16] Assigned to store parameter model.layers.5.self_attn.v_proj.weight[0m
[32m[2026-04-17 13:45:11,234] [    INFO][0m - [Rank 8/16] Assigned to store parameter model.layers.6.self_attn.k_proj.weight[0m
[32m[2026-04-17 13:45:10,484] [    INFO][0m - [Rank 0/16] Assigned to store parameter model.layers.5.self_attn.v_proj.weight[0m
[32m[2026-04-17 13:45:11,234] [    INFO][0m - [Rank 8/16] Assigned to store parameter model.layers.6.self_attn.k_proj.weight[0m
[32m[2026-04-17 13:45:11,970] [    INFO][0m - [Rank 0/16] Assigned to store parameter model.layers.7.self_attn.q_proj.weight[0m
[32m[2026-04-17 13:45:11,970] [    INFO][0m - [Rank 0/16] Assigned to store parameter model.layers.7.self_attn.q_proj.weight[0m
[32m[2026-04-17 13:45:12,814] [    INFO][0m - [Rank 8/16] Assigned to store parameter model.layers.7.post_attention_layernorm.weight[0m
[32m[2026-04-17 13:45:13,475] [    INFO][0m - [Rank 0/16] Assigned to store parameter model.layers.8.input_layernorm.weight[0m
[32m[2026-04-17 13:45:12,814] [    INFO][0m - [Rank 8/16] Assigned to store parameter model.layers.7.post_attention_layernorm.weight[0m
[32m[2026-04-17 13:45:13,475] [    INFO][0m - [Rank 0/16] Assigned to store parameter model.layers.8.input_layernorm.weight[0m
[32m[2026-04-17 13:45:14,393] [    INFO][0m - [Rank 8/16] Assigned to store parameter model.layers.9.mlp.down_proj.weight[0m
[32m[2026-04-17 13:45:15,015] [    INFO][0m - [Rank 0/16] Assigned to store parameter model.layers.10.mlp.up_proj.weight[0m
[32m[2026-04-17 13:45:15,747] [    INFO][0m - [Rank 8/16] Assigned to store parameter model.layers.11.mlp.gate_proj.weight[0m
[32m[2026-04-17 13:45:14,393] [    INFO][0m - [Rank 8/16] Assigned to store parameter model.layers.9.mlp.down_proj.weight[0m
[32m[2026-04-17 13:45:15,015] [    INFO][0m - [Rank 0/16] Assigned to store parameter model.layers.10.mlp.up_proj.weight[0m
[32m[2026-04-17 13:45:15,747] [    INFO][0m - [Rank 8/16] Assigned to store parameter model.layers.11.mlp.gate_proj.weight[0m
[32m[2026-04-17 13:45:16,506] [    INFO][0m - [Rank 0/16] Assigned to store parameter model.layers.12.self_attn.o_proj.weight[0m
[32m[2026-04-17 13:45:17,444] [    INFO][0m - [Rank 8/16] Assigned to store parameter model.layers.13.self_attn.v_proj.weight[0m
[32m[2026-04-17 13:45:16,506] [    INFO][0m - [Rank 0/16] Assigned to store parameter model.layers.12.self_attn.o_proj.weight[0m
[32m[2026-04-17 13:45:17,444] [    INFO][0m - [Rank 8/16] Assigned to store parameter model.layers.13.self_attn.v_proj.weight[0m
[32m[2026-04-17 13:45:18,145] [    INFO][0m - [Rank 0/16] Assigned to store parameter model.layers.14.self_attn.k_proj.weight[0m
[32m[2026-04-17 13:45:18,964] [    INFO][0m - [Rank 8/16] Assigned to store parameter model.layers.15.self_attn.q_proj.weight[0m
[32m[2026-04-17 13:45:19,587] [    INFO][0m - [Rank 0/16] Assigned to store parameter model.layers.15.post_attention_layernorm.weight[0m
[32m[2026-04-17 13:45:18,145] [    INFO][0m - [Rank 0/16] Assigned to store parameter model.layers.14.self_attn.k_proj.weight[0m
[32m[2026-04-17 13:45:18,964] [    INFO][0m - [Rank 8/16] Assigned to store parameter model.layers.15.self_attn.q_proj.weight[0m
[32m[2026-04-17 13:45:19,587] [    INFO][0m - [Rank 0/16] Assigned to store parameter model.layers.15.post_attention_layernorm.weight[0m
[32m[2026-04-17 13:45:20,848] [    INFO][0m - [Rank 8/16] Assigned to store parameter model.layers.16.input_layernorm.weight[0m
[32m[2026-04-17 13:45:21,559] [    INFO][0m - [Rank 0/16] Assigned to store parameter model.layers.17.mlp.down_proj.weight[0m
[32m[2026-04-17 13:45:20,848] [    INFO][0m - [Rank 8/16] Assigned to store parameter model.layers.16.input_layernorm.weight[0m
[32m[2026-04-17 13:45:21,559] [    INFO][0m - [Rank 0/16] Assigned to store parameter model.layers.17.mlp.down_proj.weight[0m
[32m[2026-04-17 13:45:22,334] [    INFO][0m - [Rank 8/16] Assigned to store parameter model.layers.18.mlp.up_proj.weight[0m
[32m[2026-04-17 13:45:22,988] [    INFO][0m - [Rank 0/16] Assigned to store parameter model.layers.19.mlp.gate_proj.weight[0m
[32m[2026-04-17 13:45:23,837] [    INFO][0m - [Rank 8/16] Assigned to store parameter model.layers.20.self_attn.o_proj.weight[0m
[32m[2026-04-17 13:45:22,334] [    INFO][0m - [Rank 8/16] Assigned to store parameter model.layers.18.mlp.up_proj.weight[0m
[32m[2026-04-17 13:45:22,988] [    INFO][0m - [Rank 0/16] Assigned to store parameter model.layers.19.mlp.gate_proj.weight[0m
[32m[2026-04-17 13:45:23,837] [    INFO][0m - [Rank 8/16] Assigned to store parameter model.layers.20.self_attn.o_proj.weight[0m
[32m[2026-04-17 13:45:24,610] [    INFO][0m - [Rank 0/16] Assigned to store parameter model.layers.21.self_attn.v_proj.weight[0m
[32m[2026-04-17 13:45:25,459] [    INFO][0m - [Rank 8/16] Assigned to store parameter model.layers.22.self_attn.k_proj.weight[0m
[32m[2026-04-17 13:45:24,610] [    INFO][0m - [Rank 0/16] Assigned to store parameter model.layers.21.self_attn.v_proj.weight[0m
[32m[2026-04-17 13:45:25,459] [    INFO][0m - [Rank 8/16] Assigned to store parameter model.layers.22.self_attn.k_proj.weight[0m
[32m[2026-04-17 13:45:26,207] [    INFO][0m - [Rank 0/16] Assigned to store parameter model.layers.23.self_attn.q_proj.weight[0m
[32m[2026-04-17 13:45:27,086] [    INFO][0m - [Rank 8/16] Assigned to store parameter model.layers.23.post_attention_layernorm.weight[0m
[32m[2026-04-17 13:45:27,827] [    INFO][0m - [Rank 0/16] Assigned to store parameter model.layers.24.input_layernorm.weight[0m
[32m[2026-04-17 13:45:26,207] [    INFO][0m - [Rank 0/16] Assigned to store parameter model.layers.23.self_attn.q_proj.weight[0m
[32m[2026-04-17 13:45:27,086] [    INFO][0m - [Rank 8/16] Assigned to store parameter model.layers.23.post_attention_layernorm.weight[0m
[32m[2026-04-17 13:45:27,827] [    INFO][0m - [Rank 0/16] Assigned to store parameter model.layers.24.input_layernorm.weight[0m
[32m[2026-04-17 13:45:28,821] [    INFO][0m - [Rank 8/16] Assigned to store parameter model.layers.25.mlp.down_proj.weight[0m
[32m[2026-04-17 13:45:29,473] [    INFO][0m - [Rank 0/16] Assigned to store parameter model.layers.26.mlp.up_proj.weight[0m
[32m[2026-04-17 13:45:28,821] [    INFO][0m - [Rank 8/16] Assigned to store parameter model.layers.25.mlp.down_proj.weight[0m
[32m[2026-04-17 13:45:29,473] [    INFO][0m - [Rank 0/16] Assigned to store parameter model.layers.26.mlp.up_proj.weight[0m
[32m[2026-04-17 13:45:30,198] [    INFO][0m - [Rank 8/16] Assigned to store parameter model.layers.27.mlp.gate_proj.weight[0m
[32m[2026-04-17 13:45:30,987] [    INFO][0m - [Rank 0/16] Assigned to store parameter model.layers.28.self_attn.o_proj.weight[0m
[32m[2026-04-17 13:45:31,881] [    INFO][0m - [Rank 8/16] Assigned to store parameter model.layers.29.self_attn.v_proj.weight[0m
[32m[2026-04-17 13:45:30,198] [    INFO][0m - [Rank 8/16] Assigned to store parameter model.layers.27.mlp.gate_proj.weight[0m
[32m[2026-04-17 13:45:30,987] [    INFO][0m - [Rank 0/16] Assigned to store parameter model.layers.28.self_attn.o_proj.weight[0m
[32m[2026-04-17 13:45:31,881] [    INFO][0m - [Rank 8/16] Assigned to store parameter model.layers.29.self_attn.v_proj.weight[0m
[32m[2026-04-17 13:45:32,658] [    INFO][0m - [Rank 0/16] Assigned to store parameter model.layers.30.self_attn.k_proj.weight[0m
[32m[2026-04-17 13:45:33,571] [    INFO][0m - [Rank 8/16] Assigned to store parameter model.layers.31.self_attn.q_proj.weight[0m
[32m[2026-04-17 13:45:32,658] [    INFO][0m - [Rank 0/16] Assigned to store parameter model.layers.30.self_attn.k_proj.weight[0m
[32m[2026-04-17 13:45:33,571] [    INFO][0m - [Rank 8/16] Assigned to store parameter model.layers.31.self_attn.q_proj.weight[0m
[32m[2026-04-17 13:45:34,269] [    INFO][0m - [Rank 0/16] Assigned to store parameter model.layers.31.post_attention_layernorm.weight[0m
[32m[2026-04-17 13:45:35,447] [    INFO][0m - [Rank 8/16] Assigned to store parameter model.layers.32.input_layernorm.weight[0m
[32m[2026-04-17 13:45:34,269] [    INFO][0m - [Rank 0/16] Assigned to store parameter model.layers.31.post_attention_layernorm.weight[0m
[32m[2026-04-17 13:45:35,447] [    INFO][0m - [Rank 8/16] Assigned to store parameter model.layers.32.input_layernorm.weight[0m
[32m[2026-04-17 13:45:36,245] [    INFO][0m - [Rank 0/16] Assigned to store parameter model.layers.33.mlp.down_proj.weight[0m
[32m[2026-04-17 13:45:37,045] [    INFO][0m - [Rank 8/16] Assigned to store parameter model.layers.34.mlp.up_proj.weight[0m
[32m[2026-04-17 13:45:37,743] [    INFO][0m - [Rank 0/16] Assigned to store parameter model.layers.35.mlp.gate_proj.weight[0m
[32m[2026-04-17 13:45:36,245] [    INFO][0m - [Rank 0/16] Assigned to store parameter model.layers.33.mlp.down_proj.weight[0m
[32m[2026-04-17 13:45:37,045] [    INFO][0m - [Rank 8/16] Assigned to store parameter model.layers.34.mlp.up_proj.weight[0m
[32m[2026-04-17 13:45:37,743] [    INFO][0m - [Rank 0/16] Assigned to store parameter model.layers.35.mlp.gate_proj.weight[0m
[32m[2026-04-17 13:45:38,555] [    INFO][0m - [Rank 8/16] Assigned to store parameter model.layers.36.self_attn.o_proj.weight[0m
[32m[2026-04-17 13:45:39,350] [    INFO][0m - [Rank 0/16] Assigned to store parameter model.layers.37.self_attn.v_proj.weight[0m
[32m[2026-04-17 13:45:38,555] [    INFO][0m - [Rank 8/16] Assigned to store parameter model.layers.36.self_attn.o_proj.weight[0m
[32m[2026-04-17 13:45:39,350] [    INFO][0m - [Rank 0/16] Assigned to store parameter model.layers.37.self_attn.v_proj.weight[0m
[32m[2026-04-17 13:45:40,192] [    INFO][0m - [Rank 8/16] Assigned to store parameter model.layers.38.self_attn.k_proj.weight[0m
[32m[2026-04-17 13:45:40,941] [    INFO][0m - [Rank 0/16] Assigned to store parameter model.layers.39.self_attn.q_proj.weight[0m
[32m[2026-04-17 13:45:41,879] [    INFO][0m - [Rank 8/16] Assigned to store parameter model.layers.39.post_attention_layernorm.weight[0m
[32m[2026-04-17 13:45:40,192] [    INFO][0m - [Rank 8/16] Assigned to store parameter model.layers.38.self_attn.k_proj.weight[0m
[32m[2026-04-17 13:45:40,941] [    INFO][0m - [Rank 0/16] Assigned to store parameter model.layers.39.self_attn.q_proj.weight[0m
[32m[2026-04-17 13:45:41,879] [    INFO][0m - [Rank 8/16] Assigned to store parameter model.layers.39.post_attention_layernorm.weight[0m
[32m[2026-04-17 13:45:42,847] [    INFO][0m - [Rank 0/16] Assigned to store parameter model.layers.40.input_layernorm.weight[0m
[32m[2026-04-17 13:45:43,603] [    INFO][0m - [Rank 8/16] Assigned to store parameter model.layers.41.mlp.down_proj.weight[0m
[32m[2026-04-17 13:45:42,847] [    INFO][0m - [Rank 0/16] Assigned to store parameter model.layers.40.input_layernorm.weight[0m
[32m[2026-04-17 13:45:43,603] [    INFO][0m - [Rank 8/16] Assigned to store parameter model.layers.41.mlp.down_proj.weight[0m
[32m[2026-04-17 13:45:44,277] [    INFO][0m - [Rank 0/16] Assigned to store parameter model.layers.42.mlp.up_proj.weight[0m
[32m[2026-04-17 13:45:45,000] [    INFO][0m - [Rank 8/16] Assigned to store parameter model.layers.43.mlp.gate_proj.weight[0m
[32m[2026-04-17 13:45:45,907] [    INFO][0m - [Rank 0/16] Assigned to store parameter model.layers.44.self_attn.o_proj.weight[0m
[32m[2026-04-17 13:45:44,277] [    INFO][0m - [Rank 0/16] Assigned to store parameter model.layers.42.mlp.up_proj.weight[0m
[32m[2026-04-17 13:45:45,000] [    INFO][0m - [Rank 8/16] Assigned to store parameter model.layers.43.mlp.gate_proj.weight[0m
[32m[2026-04-17 13:45:45,907] [    INFO][0m - [Rank 0/16] Assigned to store parameter model.layers.44.self_attn.o_proj.weight[0m
[32m[2026-04-17 13:45:46,777] [    INFO][0m - [Rank 8/16] Assigned to store parameter model.layers.45.self_attn.v_proj.weight[0m
[32m[2026-04-17 13:45:47,578] [    INFO][0m - [Rank 0/16] Assigned to store parameter model.layers.46.self_attn.k_proj.weight[0m
[32m[2026-04-17 13:45:46,777] [    INFO][0m - [Rank 8/16] Assigned to store parameter model.layers.45.self_attn.v_proj.weight[0m
[32m[2026-04-17 13:45:47,578] [    INFO][0m - [Rank 0/16] Assigned to store parameter model.layers.46.self_attn.k_proj.weight[0m
[32m[2026-04-17 13:45:48,359] [    INFO][0m - [Rank 8/16] Assigned to store parameter model.layers.47.self_attn.q_proj.weight[0m
[32m[2026-04-17 13:45:49,343] [    INFO][0m - [Rank 0/16] Assigned to store parameter model.layers.47.post_attention_layernorm.weight[0m
[32m[2026-04-17 13:45:48,359] [    INFO][0m - [Rank 8/16] Assigned to store parameter model.layers.47.self_attn.q_proj.weight[0m
[32m[2026-04-17 13:45:49,343] [    INFO][0m - [Rank 0/16] Assigned to store parameter model.layers.47.post_attention_layernorm.weight[0m
[32m[2026-04-17 13:45:50,056] [    INFO][0m - [Rank 8/16] Assigned to store parameter model.layers.48.input_layernorm.weight[0m
[32m[2026-04-17 13:45:50,056] [    INFO][0m - [Rank 8/16] Assigned to store parameter model.layers.48.input_layernorm.weight[0m
[32m[2026-04-17 13:45:51,023] [    INFO][0m - [Rank 0/16] Assigned to store parameter model.layers.49.mlp.down_proj.weight[0m
[32m[2026-04-17 13:45:51,730] [    INFO][0m - [Rank 8/16] Assigned to store parameter model.layers.50.mlp.up_proj.weight[0m
[32m[2026-04-17 13:45:51,023] [    INFO][0m - [Rank 0/16] Assigned to store parameter model.layers.49.mlp.down_proj.weight[0m
[32m[2026-04-17 13:45:51,730] [    INFO][0m - [Rank 8/16] Assigned to store parameter model.layers.50.mlp.up_proj.weight[0m
[32m[2026-04-17 13:45:52,465] [    INFO][0m - [Rank 0/16] Assigned to store parameter model.layers.51.mlp.gate_proj.weight[0m
[32m[2026-04-17 13:45:53,265] [    INFO][0m - [Rank 8/16] Assigned to store parameter model.layers.52.self_attn.o_proj.weight[0m
[32m[2026-04-17 13:45:52,465] [    INFO][0m - [Rank 0/16] Assigned to store parameter model.layers.51.mlp.gate_proj.weight[0m
[32m[2026-04-17 13:45:53,265] [    INFO][0m - [Rank 8/16] Assigned to store parameter model.layers.52.self_attn.o_proj.weight[0m
[32m[2026-04-17 13:45:54,130] [    INFO][0m - [Rank 0/16] Assigned to store parameter model.layers.53.self_attn.v_proj.weight[0m
[32m[2026-04-17 13:45:54,130] [    INFO][0m - [Rank 0/16] Assigned to store parameter model.layers.53.self_attn.v_proj.weight[0m
[32m[2026-04-17 13:45:54,882] [    INFO][0m - [Rank 8/16] Assigned to store parameter model.layers.54.self_attn.k_proj.weight[0m
[32m[2026-04-17 13:45:55,782] [    INFO][0m - [Rank 0/16] Assigned to store parameter model.layers.55.self_attn.q_proj.weight[0m
[32m[2026-04-17 13:45:54,882] [    INFO][0m - [Rank 8/16] Assigned to store parameter model.layers.54.self_attn.k_proj.weight[0m
[32m[2026-04-17 13:45:55,782] [    INFO][0m - [Rank 0/16] Assigned to store parameter model.layers.55.self_attn.q_proj.weight[0m
[32m[2026-04-17 13:45:56,458] [    INFO][0m - [Rank 8/16] Assigned to store parameter model.layers.55.post_attention_layernorm.weight[0m
[32m[2026-04-17 13:45:57,624] [    INFO][0m - [Rank 0/16] Assigned to store parameter model.layers.56.input_layernorm.weight[0m
[32m[2026-04-17 13:45:56,458] [    INFO][0m - [Rank 8/16] Assigned to store parameter model.layers.55.post_attention_layernorm.weight[0m
[32m[2026-04-17 13:45:57,624] [    INFO][0m - [Rank 0/16] Assigned to store parameter model.layers.56.input_layernorm.weight[0m
[32m[2026-04-17 13:45:58,357] [    INFO][0m - [Rank 8/16] Assigned to store parameter model.layers.57.mlp.down_proj.weight[0m
[32m[2026-04-17 13:45:59,116] [    INFO][0m - [Rank 0/16] Assigned to store parameter model.layers.58.mlp.up_proj.weight[0m
[32m[2026-04-17 13:45:59,824] [    INFO][0m - [Rank 8/16] Assigned to store parameter model.layers.59.mlp.gate_proj.weight[0m
[32m[2026-04-17 13:45:58,357] [    INFO][0m - [Rank 8/16] Assigned to store parameter model.layers.57.mlp.down_proj.weight[0m
[32m[2026-04-17 13:45:59,116] [    INFO][0m - [Rank 0/16] Assigned to store parameter model.layers.58.mlp.up_proj.weight[0m
[32m[2026-04-17 13:45:59,824] [    INFO][0m - [Rank 8/16] Assigned to store parameter model.layers.59.mlp.gate_proj.weight[0m
[32m[2026-04-17 13:46:00,630] [    INFO][0m - [Rank 0/16] Assigned to store parameter model.layers.60.self_attn.o_proj.weight[0m
[32m[2026-04-17 13:46:01,423] [    INFO][0m - [Rank 8/16] Assigned to store parameter model.layers.61.self_attn.v_proj.weight[0m
[32m[2026-04-17 13:46:00,630] [    INFO][0m - [Rank 0/16] Assigned to store parameter model.layers.60.self_attn.o_proj.weight[0m
[32m[2026-04-17 13:46:01,423] [    INFO][0m - [Rank 8/16] Assigned to store parameter model.layers.61.self_attn.v_proj.weight[0m
[32m[2026-04-17 13:46:02,298] [    INFO][0m - [Rank 0/16] Assigned to store parameter model.layers.62.self_attn.k_proj.weight[0m
[32m[2026-04-17 13:46:02,302] [    INFO][0m - [Rank 0/16] Saving sub-shard 0... Size: 10199.19 MB, Params: 35, Path: ./checkpoints/pt/52b/shard_0-0.safetensors[0m
[32m[2026-04-17 13:46:02,298] [    INFO][0m - [Rank 0/16] Assigned to store parameter model.layers.62.self_attn.k_proj.weight[0m
[32m[2026-04-17 13:46:02,302] [    INFO][0m - [Rank 0/16] Saving sub-shard 0... Size: 10199.19 MB, Params: 35, Path: ./checkpoints/pt/52b/shard_0-0.safetensors[0m
[32m[2026-04-17 13:46:10,900] [    INFO][0m - [Rank 8/16] Assigned to store parameter model.layers.63.self_attn.q_proj.weight[0m
[32m[2026-04-17 13:46:11,854] [    INFO][0m - [Rank 0/16] Assigned to store parameter model.layers.63.post_attention_layernorm.weight[0m
[32m[2026-04-17 13:46:10,900] [    INFO][0m - [Rank 8/16] Assigned to store parameter model.layers.63.self_attn.q_proj.weight[0m
[32m[2026-04-17 13:46:11,854] [    INFO][0m - [Rank 0/16] Assigned to store parameter model.layers.63.post_attention_layernorm.weight[0m
[32m[2026-04-17 13:46:12,544] [    INFO][0m - [Rank 8/16] Assigned to store parameter model.layers.64.input_layernorm.weight[0m
[32m[2026-04-17 13:46:13,540] [    INFO][0m - [Rank 0/16] Assigned to store parameter model.layers.65.mlp.down_proj.weight[0m
[32m[2026-04-17 13:46:12,544] [    INFO][0m - [Rank 8/16] Assigned to store parameter model.layers.64.input_layernorm.weight[0m
[32m[2026-04-17 13:46:13,540] [    INFO][0m - [Rank 0/16] Assigned to store parameter model.layers.65.mlp.down_proj.weight[0m
[32m[2026-04-17 13:46:37,853] [    INFO][0m - [Rank 8/16] Assigned to store parameter model.layers.66.mlp.up_proj.weight[0m
[32m[2026-04-17 13:46:37,853] [    INFO][0m - [Rank 8/16] Assigned to store parameter model.layers.66.mlp.up_proj.weight[0m
[32m[2026-04-17 13:46:54,344] [    INFO][0m - [Rank 0/16] Assigned to store parameter model.layers.67.mlp.gate_proj.weight[0m
[32m[2026-04-17 13:46:54,344] [    INFO][0m - [Rank 0/16] Assigned to store parameter model.layers.67.mlp.gate_proj.weight[0m
[32m[2026-04-17 13:47:13,285] [    INFO][0m - [Rank 8/16] Assigned to store parameter model.layers.68.self_attn.o_proj.weight[0m
[32m[2026-04-17 13:47:13,306] [    INFO][0m - [Rank 8/16] Saving sub-shard 0... Size: 10052.25 MB, Params: 38, Path: ./checkpoints/pt/52b/shard_8-0.safetensors[0m
[32m[2026-04-17 13:47:13,285] [    INFO][0m - [Rank 8/16] Assigned to store parameter model.layers.68.self_attn.o_proj.weight[0m
[32m[2026-04-17 13:47:13,306] [    INFO][0m - [Rank 8/16] Saving sub-shard 0... Size: 10052.25 MB, Params: 38, Path: ./checkpoints/pt/52b/shard_8-0.safetensors[0m
[32m[2026-04-17 13:47:43,311] [    INFO][0m - [Rank 0/16] Assigned to store parameter model.layers.69.self_attn.v_proj.weight[0m
[32m[2026-04-17 13:47:43,311] [    INFO][0m - [Rank 0/16] Assigned to store parameter model.layers.69.self_attn.v_proj.weight[0m
[32m[2026-04-17 13:48:01,092] [    INFO][0m - [Rank 8/16] Assigned to store parameter model.layers.70.self_attn.k_proj.weight[0m
[32m[2026-04-17 13:48:01,092] [    INFO][0m - [Rank 8/16] Assigned to store parameter model.layers.70.self_attn.k_proj.weight[0m
[32m[2026-04-17 13:48:19,234] [    INFO][0m - [Rank 0/16] Assigned to store parameter model.layers.71.self_attn.q_proj.weight[0m
[32m[2026-04-17 13:48:19,969] [    INFO][0m - [Rank 8/16] Assigned to store parameter model.layers.71.post_attention_layernorm.weight[0m
[32m[2026-04-17 13:48:19,234] [    INFO][0m - [Rank 0/16] Assigned to store parameter model.layers.71.self_attn.q_proj.weight[0m
[32m[2026-04-17 13:48:19,969] [    INFO][0m - [Rank 8/16] Assigned to store parameter model.layers.71.post_attention_layernorm.weight[0m
[32m[2026-04-17 13:48:21,138] [    INFO][0m - [Rank 0/16] Assigned to store parameter model.layers.72.input_layernorm.weight[0m
[32m[2026-04-17 13:48:22,004] [    INFO][0m - [Rank 8/16] Assigned to store parameter model.layers.73.mlp.down_proj.weight[0m
[32m[2026-04-17 13:48:21,138] [    INFO][0m - [Rank 0/16] Assigned to store parameter model.layers.72.input_layernorm.weight[0m
[32m[2026-04-17 13:48:22,004] [    INFO][0m - [Rank 8/16] Assigned to store parameter model.layers.73.mlp.down_proj.weight[0m
[32m[2026-04-17 13:48:22,642] [    INFO][0m - [Rank 0/16] Assigned to store parameter model.layers.74.mlp.up_proj.weight[0m
[32m[2026-04-17 13:48:23,392] [    INFO][0m - [Rank 8/16] Assigned to store parameter model.layers.75.mlp.gate_proj.weight[0m
[32m[2026-04-17 13:48:24,156] [    INFO][0m - [Rank 0/16] Assigned to store parameter model.layers.76.self_attn.o_proj.weight[0m
[32m[2026-04-17 13:48:22,642] [    INFO][0m - [Rank 0/16] Assigned to store parameter model.layers.74.mlp.up_proj.weight[0m
[32m[2026-04-17 13:48:23,392] [    INFO][0m - [Rank 8/16] Assigned to store parameter model.layers.75.mlp.gate_proj.weight[0m
[32m[2026-04-17 13:48:24,156] [    INFO][0m - [Rank 0/16] Assigned to store parameter model.layers.76.self_attn.o_proj.weight[0m
[32m[2026-04-17 13:48:24,933] [    INFO][0m - [Rank 8/16] Assigned to store parameter model.layers.77.self_attn.v_proj.weight[0m
[32m[2026-04-17 13:48:25,842] [    INFO][0m - [Rank 0/16] Assigned to store parameter model.layers.78.self_attn.k_proj.weight[0m
[32m[2026-04-17 13:48:24,933] [    INFO][0m - [Rank 8/16] Assigned to store parameter model.layers.77.self_attn.v_proj.weight[0m
[32m[2026-04-17 13:48:25,842] [    INFO][0m - [Rank 0/16] Assigned to store parameter model.layers.78.self_attn.k_proj.weight[0m
[32m[2026-04-17 13:48:26,812] [    INFO][0m - [Rank 8/16] Assigned to store parameter model.layers.79.self_attn.q_proj.weight[0m
[32m[2026-04-17 13:48:27,758] [    INFO][0m - [Rank 0/16] Assigned to store parameter model.layers.79.post_attention_layernorm.weight[0m
[32m[2026-04-17 13:48:27,822] [    INFO][0m - [Rank 0/16] Saving sub-shard 1... Size: 2576.08 MB, Params: 11, Path: ./checkpoints/pt/52b/shard_0-1.safetensors[0m
[32m[2026-04-17 13:48:26,812] [    INFO][0m - [Rank 8/16] Assigned to store parameter model.layers.79.self_attn.q_proj.weight[0m
[32m[2026-04-17 13:48:27,758] [    INFO][0m - [Rank 0/16] Assigned to store parameter model.layers.79.post_attention_layernorm.weight[0m
[32m[2026-04-17 13:48:27,822] [    INFO][0m - [Rank 0/16] Saving sub-shard 1... Size: 2576.08 MB, Params: 11, Path: ./checkpoints/pt/52b/shard_0-1.safetensors[0m
[32m[2026-04-17 13:48:27,825] [    INFO][0m - [Rank 8/16] Saving sub-shard 1... Size: 1848.03 MB, Params: 7, Path: ./checkpoints/pt/52b/shard_8-1.safetensors[0m
[32m[2026-04-17 13:48:27,825] [    INFO][0m - [Rank 8/16] Saving sub-shard 1... Size: 1848.03 MB, Params: 7, Path: ./checkpoints/pt/52b/shard_8-1.safetensors[0m
[32m[2026-04-17 13:48:34,898] [    INFO][0m - [Rank 8/16] (Saver) All shards saved successfully.[0m
[32m[2026-04-17 13:48:35,267] [    INFO][0m - [Rank 0/16] (Saver) All shards saved successfully.[0m
[32m[2026-04-17 13:48:34,898] [    INFO][0m - [Rank 8/16] (Saver) All shards saved successfully.[0m
[32m[2026-04-17 13:48:35,267] [    INFO][0m - [Rank 0/16] (Saver) All shards saved successfully.[0m
Traceback (most recent call last):
  File "/public/home/baidu_test/hygon_2030/PaddleFormers/paddleformers/cli/launcher.py", line 40, in <module>
    launch()
  File "/public/home/baidu_test/hygon_2030/PaddleFormers/paddleformers/cli/launcher.py", line 32, in launch
    run_tuner()
  File "/public/home/baidu_test/hygon_2030/PaddleFormers/paddleformers/cli/train/tuner.py", line 79, in run_tuner
    _training_function(config={"args": args})
  File "/public/home/baidu_test/hygon_2030/PaddleFormers/paddleformers/cli/train/tuner.py", line 53, in _training_function
    run_sft(model_args, data_args, generating_args, finetuning_args)
  File "/public/home/baidu_test/hygon_2030/PaddleFormers/paddleformers/cli/train/sft/workflow.py", line 765, in run_sft
    trainer.save_model(
  File "/public/home/baidu_test/hygon_2030/PaddleFormers/paddleformers/trainer/trainer.py", line 3769, in save_model
    self._save(output_dir=output_dir, merge_tensor_parallel=merge_tensor_parallel, last_fc_to_hf=last_fc_to_hf)
  File "/public/home/baidu_test/hygon_2030/PaddleFormers/paddleformers/trainer/trainer.py", line 4293, in _save
    self.model.save_pretrained(
  File "/public/home/baidu_test/hygon_2030/PaddleFormers/paddleformers/transformers/model_utils.py", line 3245, in save_pretrained
    ).save_checkpoint(save_dir, max_shard_size)
  File "/public/home/baidu_test/hygon_2030/PaddleFormers/paddleformers/transformers/model_utils.py", line 4107, in save_checkpoint
    replace_name_and_gen_index(path, total_size, save_peft)
  File "/public/home/baidu_test/hygon_2030/PaddleFormers/paddleformers/transformers/model_utils.py", line 3994, in replace_name_and_gen_index
    os.rename(file_path, new_file_path)
FileNotFoundError: [Errno 2] No such file or directory: './checkpoints/pt/52b/shard_0-0.safetensors' -> './checkpoints/pt/52b/model-00033-of-00064.safetensors'
Traceback (most recent call last):
  File "/public/home/baidu_test/hygon_2030/PaddleFormers/paddleformers/cli/launcher.py", line 40, in <module>
    launch()
  File "/public/home/baidu_test/hygon_2030/PaddleFormers/paddleformers/cli/launcher.py", line 32, in launch
    run_tuner()
  File "/public/home/baidu_test/hygon_2030/PaddleFormers/paddleformers/cli/train/tuner.py", line 79, in run_tuner
    _training_function(config={"args": args})
  File "/public/home/baidu_test/hygon_2030/PaddleFormers/paddleformers/cli/train/tuner.py", line 53, in _training_function
    run_sft(model_args, data_args, generating_args, finetuning_args)
  File "/public/home/baidu_test/hygon_2030/PaddleFormers/paddleformers/cli/train/sft/workflow.py", line 765, in run_sft
    trainer.save_model(
  File "/public/home/baidu_test/hygon_2030/PaddleFormers/paddleformers/trainer/trainer.py", line 3769, in save_model
    self._save(output_dir=output_dir, merge_tensor_parallel=merge_tensor_parallel, last_fc_to_hf=last_fc_to_hf)
  File "/public/home/baidu_test/hygon_2030/PaddleFormers/paddleformers/trainer/trainer.py", line 4293, in _save
    self.model.save_pretrained(
  File "/public/home/baidu_test/hygon_2030/PaddleFormers/paddleformers/transformers/model_utils.py", line 3245, in save_pretrained
    ).save_checkpoint(save_dir, max_shard_size)
  File "/public/home/baidu_test/hygon_2030/PaddleFormers/paddleformers/transformers/model_utils.py", line 4107, in save_checkpoint
    replace_name_and_gen_index(path, total_size, save_peft)
  File "/public/home/baidu_test/hygon_2030/PaddleFormers/paddleformers/transformers/model_utils.py", line 3994, in replace_name_and_gen_index
    os.rename(file_path, new_file_path)
FileNotFoundError: [Errno 2] No such file or directory: './checkpoints/pt/52b/shard_0-0.safetensors' -> './checkpoints/pt/52b/model-00033-of-00064.safetensors'
I0417 13:48:37.088397 44663 process_group_nccl.cc:163] ProcessGroupNCCL destruct 
I0417 13:48:37.092896 44663 process_group_nccl.cc:163] ProcessGroupNCCL destruct 
I0417 13:48:37.094930 44663 process_group_nccl.cc:163] ProcessGroupNCCL destruct 
I0417 13:48:37.096148 44663 process_group_nccl.cc:163] ProcessGroupNCCL destruct 
I0417 13:48:37.088397 44663 process_group_nccl.cc:163] ProcessGroupNCCL destruct 
I0417 13:48:37.092896 44663 process_group_nccl.cc:163] ProcessGroupNCCL destruct 
I0417 13:48:37.094930 44663 process_group_nccl.cc:163] ProcessGroupNCCL destruct 
I0417 13:48:37.096148 44663 process_group_nccl.cc:163] ProcessGroupNCCL destruct 
LAUNCH INFO 2026-04-17 13:48:42,401 Pod failed
LAUNCH ERROR 2026-04-17 13:48:42,401 Container failed !!!
Container rank 0 status failed cmd ['/public/home/baidu_test/hygon_2030/py310/bin/python', '-u', '/public/home/baidu_test/hygon_2030/PaddleFormers/paddleformers/cli/launcher.py', 'train', 'configs/pt/train_52b.yaml'] code 1 log logs/pt/52b.dist/workerlog.0
LAUNCH INFO 2026-04-17 13:48:42,401 ------------------------- ERROR LOG DETAIL -------------------------
m
[32m[2026-04-17 13:48:26,812] [    INFO][0m - [Rank 8/16] Assigned to store parameter model.layers.79.self_attn.q_proj.weight[0m
[32m[2026-04-17 13:48:27,758] [    INFO][0m - [Rank 0/16] Assigned to store parameter model.layers.79.post_attention_layernorm.weight[0m
[32m[2026-04-17 13:48:27,822] [    INFO][0m - [Rank 0/16] Saving sub-shard 1... Size: 2576.08 MB, Params: 11, Path: ./checkpoints/pt/52b/shard_0-1.safetensors[0m
[32m[2026-04-17 13:48:27,825] [    INFO][0m - [Rank 8/16] Saving sub-shard 1... Size: 1848.03 MB, Params: 7, Path: ./checkpoints/pt/52b/shard_8-1.safetensors[0m
[32m[2026-04-17 13:48:34,898] [    INFO][0m - [Rank 8/16] (Saver) All shards saved successfully.[0m
[32m[2026-04-17 13:48:35,267] [    INFO][0m - [Rank 0/16] (Saver) All shards saved successfully.[0m
Traceback (most recent call last):
  File "/public/home/baidu_test/hygon_2030/PaddleFormers/paddleformers/cli/launcher.py", line 40, in <module>
    launch()
  File "/public/home/baidu_test/hygon_2030/PaddleFormers/paddleformers/cli/launcher.py", line 32, in launch
    run_tuner()
  File "/public/home/baidu_test/hygon_2030/PaddleFormers/paddleformers/cli/train/tuner.py", line 79, in run_tuner
    _training_function(config={"args": args})
  File "/public/home/baidu_test/hygon_2030/PaddleFormers/paddleformers/cli/train/tuner.py", line 53, in _training_function
    run_sft(model_args, data_args, generating_args, finetuning_args)
  File "/public/home/baidu_test/hygon_2030/PaddleFormers/paddleformers/cli/train/sft/workflow.py", line 765, in run_sft
    trainer.save_model(
  File "/public/home/baidu_test/hygon_2030/PaddleFormers/paddleformers/trainer/trainer.py", line 3769, in save_model
    self._save(output_dir=output_dir, merge_tensor_parallel=merge_tensor_parallel, last_fc_to_hf=last_fc_to_hf)
  File "/public/home/baidu_test/hygon_2030/PaddleFormers/paddleformers/trainer/trainer.py", line 4293, in _save
    self.model.save_pretrained(
  File "/public/home/baidu_test/hygon_2030/PaddleFormers/paddleformers/transformers/model_utils.py", line 3245, in save_pretrained
    ).save_checkpoint(save_dir, max_shard_size)
  File "/public/home/baidu_test/hygon_2030/PaddleFormers/paddleformers/transformers/model_utils.py", line 4107, in save_checkpoint
    replace_name_and_gen_index(path, total_size, save_peft)
  File "/public/home/baidu_test/hygon_2030/PaddleFormers/paddleformers/transformers/model_utils.py", line 3994, in replace_name_and_gen_index
    os.rename(file_path, new_file_path)
FileNotFoundError: [Errno 2] No such file or directory: './checkpoints/pt/52b/shard_0-0.safetensors' -> './checkpoints/pt/52b/model-00033-of-00064.safetensors'
I0417 13:48:37.088397 44663 process_group_nccl.cc:163] ProcessGroupNCCL destruct 
I0417 13:48:37.092896 44663 process_group_nccl.cc:163] ProcessGroupNCCL destruct 
I0417 13:48:37.094930 44663 process_group_nccl.cc:163] ProcessGroupNCCL destruct 
I0417 13:48:37.096148 44663 process_group_nccl.cc:163] ProcessGroupNCCL destruct 
LAUNCH INFO 2026-04-17 13:48:48,555 Exit code 1
--------------------------------------------------------------------------
Primary job  terminated normally, but 1 process returned
a non-zero exit code. Per user-direction, the job has been aborted.
--------------------------------------------------------------------------
LAUNCH INFO 2026-04-17 13:48:51,052 Terminating with signal 15
--------------------------------------------------------------------------
mpirun detected that one or more processes exited with non-zero status, thus causing
the job to be terminated. The first process to do so was:

  Process name: [[37718,1],1]
  Exit code:    1
--------------------------------------------------------------------------
