[1,0]<stderr>:PyTorch was not found. Models won't be available and only tokenizers, configuration and file/data utilities can be used.
[1,0]<stderr>:[33m[2026-05-18 17:30:08,637] [ WARNING][0m - Due to potential compatibility issues between PaddlePaddle and PyTorch in PaddleFormers, PaddleFormers defaults `transformers.utils.import_utils.is_torch_available` and `transformers.utils.import_utils.is_torchvision_available` to False. If you need to use PyTorch in transformers or torchvision, please add `del sys.modules['transformers']` before using them.[0m
[1,1]<stderr>:PyTorch was not found. Models won't be available and only tokenizers, configuration and file/data utilities can be used.
[1,1]<stderr>:[33m[2026-05-18 17:30:08,791] [ WARNING][0m - Due to potential compatibility issues between PaddlePaddle and PyTorch in PaddleFormers, PaddleFormers defaults `transformers.utils.import_utils.is_torch_available` and `transformers.utils.import_utils.is_torchvision_available` to False. If you need to use PyTorch in transformers or torchvision, please add `del sys.modules['transformers']` before using them.[0m
[1,0]<stderr>:PyTorch was not found. Models won't be available and only tokenizers, configuration and file/data utilities can be used.
[1,1]<stderr>:PyTorch was not found. Models won't be available and only tokenizers, configuration and file/data utilities can be used.
[1,0]<stderr>:/root/paddlejob/share-storage/gpfs/system-public/liuyi39/hygon_2030/py312/lib/python3.12/site-packages/paddle/distributed/launch/context/args_envs.py:54: UserWarning: Unset 'http_proxy' to ensure stable NCCL communication in distributed training (backed up as 'http_proxy_original').
[1,0]<stderr>:  warnings.warn(
[1,0]<stderr>:/root/paddlejob/share-storage/gpfs/system-public/liuyi39/hygon_2030/py312/lib/python3.12/site-packages/paddle/distributed/launch/context/args_envs.py:54: UserWarning: Unset 'https_proxy' to ensure stable NCCL communication in distributed training (backed up as 'https_proxy_original').
[1,0]<stderr>:  warnings.warn(
[1,0]<stdout>:LAUNCH WARNING args host will be overridden by env: POD_IP value: 10.79.131.148
[1,0]<stderr>:LAUNCH WARNING 2026-05-18 17:30:12,628 Host ip reset to 10.79.131.148
[1,0]<stderr>:LAUNCH INFO 2026-05-18 17:30:12,632 -----------  Configuration  ----------------------
[1,0]<stderr>:LAUNCH INFO 2026-05-18 17:30:12,632 auto_cluster_config: 0
[1,0]<stderr>:LAUNCH INFO 2026-05-18 17:30:12,632 auto_parallel_config: None
[1,0]<stderr>:LAUNCH INFO 2026-05-18 17:30:12,632 auto_tuner_json: None
[1,0]<stderr>:LAUNCH INFO 2026-05-18 17:30:12,632 devices: 0,1,2,3,4,5,6,7
[1,0]<stderr>:LAUNCH INFO 2026-05-18 17:30:12,632 elastic_level: -1
[1,0]<stderr>:LAUNCH INFO 2026-05-18 17:30:12,632 elastic_timeout: 30
[1,0]<stderr>:LAUNCH INFO 2026-05-18 17:30:12,632 enable_gpu_log: True
[1,0]<stderr>:LAUNCH INFO 2026-05-18 17:30:12,632 gloo_port: 6767
[1,0]<stderr>:LAUNCH INFO 2026-05-18 17:30:12,632 host: 10.79.131.148
[1,0]<stderr>:LAUNCH INFO 2026-05-18 17:30:12,632 ips: None
[1,0]<stderr>:LAUNCH INFO 2026-05-18 17:30:12,632 job_id: default
[1,0]<stderr>:LAUNCH INFO 2026-05-18 17:30:12,632 legacy: False
[1,0]<stderr>:LAUNCH INFO 2026-05-18 17:30:12,632 log_dir: logs/pt/llama3-8b_elastic_2node_step0_gpu.dist/node_0
[1,0]<stderr>:LAUNCH INFO 2026-05-18 17:30:12,632 log_level: INFO
[1,0]<stderr>:LAUNCH INFO 2026-05-18 17:30:12,632 log_overwrite: False
[1,0]<stderr>:LAUNCH INFO 2026-05-18 17:30:12,632 master: 10.79.131.148:38888
[1,0]<stderr>:LAUNCH INFO 2026-05-18 17:30:12,632 max_restart: 3
[1,0]<stderr>:LAUNCH INFO 2026-05-18 17:30:12,632 nnodes: 2
[1,0]<stderr>:LAUNCH INFO 2026-05-18 17:30:12,632 nproc_per_node: None
[1,0]<stderr>:LAUNCH INFO 2026-05-18 17:30:12,632 rank: 0
[1,0]<stderr>:LAUNCH INFO 2026-05-18 17:30:12,632 run_mode: collective
[1,0]<stderr>:LAUNCH INFO 2026-05-18 17:30:12,632 server_num: None
[1,0]<stderr>:LAUNCH INFO 2026-05-18 17:30:12,632 servers: 
[1,0]<stderr>:LAUNCH INFO 2026-05-18 17:30:12,632 sort_ip: False
[1,0]<stderr>:LAUNCH INFO 2026-05-18 17:30:12,632 start_port: 6070
[1,0]<stderr>:LAUNCH INFO 2026-05-18 17:30:12,632 trainer_num: None
[1,0]<stderr>:LAUNCH INFO 2026-05-18 17:30:12,632 trainers: 
[1,0]<stderr>:LAUNCH INFO 2026-05-18 17:30:12,632 training_script: /root/paddlejob/share-storage/gpfs/system-public/liuyi39/hygon_2030/PaddleFormers/paddleformers/cli/launcher.py
[1,0]<stderr>:LAUNCH INFO 2026-05-18 17:30:12,632 training_script_args: ['train', 'configs/pt/train_llama3_8b_elastic.yaml']
[1,0]<stderr>:LAUNCH INFO 2026-05-18 17:30:12,632 with_gloo: 1
[1,0]<stderr>:LAUNCH INFO 2026-05-18 17:30:12,632 --------------------------------------------------
[1,0]<stderr>:LAUNCH INFO 2026-05-18 17:30:12,633 Job: default, mode collective, replicas 2[2:2], elastic False
[1,0]<stderr>:LAUNCH INFO 2026-05-18 17:30:12,633 Waiting peer start...
[1,1]<stderr>:/root/paddlejob/share-storage/gpfs/system-public/liuyi39/hygon_2030/py312/lib/python3.12/site-packages/paddle/distributed/launch/context/args_envs.py:54: UserWarning: Unset 'http_proxy' to ensure stable NCCL communication in distributed training (backed up as 'http_proxy_original').
[1,1]<stderr>:  warnings.warn(
[1,1]<stderr>:/root/paddlejob/share-storage/gpfs/system-public/liuyi39/hygon_2030/py312/lib/python3.12/site-packages/paddle/distributed/launch/context/args_envs.py:54: UserWarning: Unset 'https_proxy' to ensure stable NCCL communication in distributed training (backed up as 'https_proxy_original').
[1,1]<stderr>:  warnings.warn(
[1,1]<stdout>:LAUNCH WARNING args host will be overridden by env: POD_IP value: 10.79.131.112
[1,1]<stderr>:LAUNCH WARNING 2026-05-18 17:30:12,771 Host ip reset to 10.79.131.112
[1,1]<stderr>:LAUNCH INFO 2026-05-18 17:30:12,775 -----------  Configuration  ----------------------
[1,1]<stderr>:LAUNCH INFO 2026-05-18 17:30:12,775 auto_cluster_config: 0
[1,1]<stderr>:LAUNCH INFO 2026-05-18 17:30:12,775 auto_parallel_config: None
[1,1]<stderr>:LAUNCH INFO 2026-05-18 17:30:12,775 auto_tuner_json: None
[1,1]<stderr>:LAUNCH INFO 2026-05-18 17:30:12,775 devices: 0,1,2,3,4,5,6,7
[1,1]<stderr>:LAUNCH INFO 2026-05-18 17:30:12,775 elastic_level: -1
[1,1]<stderr>:LAUNCH INFO 2026-05-18 17:30:12,775 elastic_timeout: 30
[1,1]<stderr>:LAUNCH INFO 2026-05-18 17:30:12,775 enable_gpu_log: True
[1,1]<stderr>:LAUNCH INFO 2026-05-18 17:30:12,775 gloo_port: 6767
[1,1]<stderr>:LAUNCH INFO 2026-05-18 17:30:12,775 host: 10.79.131.112
[1,1]<stderr>:LAUNCH INFO 2026-05-18 17:30:12,775 ips: None
[1,1]<stderr>:LAUNCH INFO 2026-05-18 17:30:12,775 job_id: default
[1,1]<stderr>:LAUNCH INFO 2026-05-18 17:30:12,775 legacy: False
[1,1]<stderr>:LAUNCH INFO 2026-05-18 17:30:12,775 log_dir: logs/pt/llama3-8b_elastic_2node_step0_gpu.dist/node_1
[1,1]<stderr>:LAUNCH INFO 2026-05-18 17:30:12,775 log_level: INFO
[1,1]<stderr>:LAUNCH INFO 2026-05-18 17:30:12,775 log_overwrite: False
[1,1]<stderr>:LAUNCH INFO 2026-05-18 17:30:12,775 master: 10.79.131.148:38888
[1,1]<stderr>:LAUNCH INFO 2026-05-18 17:30:12,775 max_restart: 3
[1,1]<stderr>:LAUNCH INFO 2026-05-18 17:30:12,775 nnodes: 2
[1,1]<stderr>:LAUNCH INFO 2026-05-18 17:30:12,775 nproc_per_node: None
[1,1]<stderr>:LAUNCH INFO 2026-05-18 17:30:12,775 rank: 1
[1,1]<stderr>:LAUNCH INFO 2026-05-18 17:30:12,775 run_mode: collective
[1,1]<stderr>:LAUNCH INFO 2026-05-18 17:30:12,775 server_num: None
[1,1]<stderr>:LAUNCH INFO 2026-05-18 17:30:12,775 servers: 
[1,1]<stderr>:LAUNCH INFO 2026-05-18 17:30:12,775 sort_ip: False
[1,1]<stderr>:LAUNCH INFO 2026-05-18 17:30:12,775 start_port: 6070
[1,1]<stderr>:LAUNCH INFO 2026-05-18 17:30:12,775 trainer_num: None
[1,1]<stderr>:LAUNCH INFO 2026-05-18 17:30:12,775 trainers: 
[1,1]<stderr>:LAUNCH INFO 2026-05-18 17:30:12,775 training_script: /root/paddlejob/share-storage/gpfs/system-public/liuyi39/hygon_2030/PaddleFormers/paddleformers/cli/launcher.py
[1,1]<stderr>:LAUNCH INFO 2026-05-18 17:30:12,775 training_script_args: ['train', 'configs/pt/train_llama3_8b_elastic.yaml']
[1,1]<stderr>:LAUNCH INFO 2026-05-18 17:30:12,775 with_gloo: 1
[1,1]<stderr>:LAUNCH INFO 2026-05-18 17:30:12,775 --------------------------------------------------
[1,1]<stderr>:LAUNCH INFO 2026-05-18 17:30:12,776 Job: default, mode collective, replicas 2[2:2], elastic False
[1,1]<stderr>:LAUNCH INFO 2026-05-18 17:30:12,776 Waiting peer start...
[1,1]<stderr>:[2026-05-18 17:30:13,972] [    INFO] _client.py:1025 - HTTP Request: GET http://10.79.131.148:38888/healthy "HTTP/1.0 200 OK"
[1,1]<stderr>:[2026-05-18 17:30:13,991] [    INFO] _client.py:1025 - HTTP Request: POST http://10.79.131.148:38888/default/info/mmkmht/1 "HTTP/1.0 200 OK"
[1,1]<stderr>:[2026-05-18 17:30:14,006] [    INFO] _client.py:1025 - HTTP Request: GET http://10.79.131.148:38888/default/info "HTTP/1.0 200 OK"
[1,0]<stderr>:[2026-05-18 17:30:14,031] [    INFO] _client.py:1025 - HTTP Request: GET http://10.79.131.148:38888/healthy "HTTP/1.0 200 OK"
[1,0]<stderr>:[2026-05-18 17:30:14,047] [    INFO] _client.py:1025 - HTTP Request: POST http://10.79.131.148:38888/default/info/dznrnk/0 "HTTP/1.0 200 OK"
[1,0]<stderr>:[2026-05-18 17:30:14,062] [    INFO] _client.py:1025 - HTTP Request: GET http://10.79.131.148:38888/default/info "HTTP/1.0 200 OK"
[1,0]<stderr>:LAUNCH INFO 2026-05-18 17:30:14,076 Run Pod: dznrnk, replicas 8, status ready
[1,0]<stderr>:LAUNCH INFO 2026-05-18 17:30:14,376 Watching Pod: dznrnk, replicas 8, status running
[1,1]<stderr>:[2026-05-18 17:30:14,522] [    INFO] _client.py:1025 - HTTP Request: POST http://10.79.131.148:38888/default/info/mmkmht/1 "HTTP/1.0 200 OK"
[1,1]<stderr>:[2026-05-18 17:30:14,537] [    INFO] _client.py:1025 - HTTP Request: GET http://10.79.131.148:38888/default/info "HTTP/1.0 200 OK"
[1,1]<stderr>:LAUNCH INFO 2026-05-18 17:30:14,548 Run Pod: mmkmht, replicas 8, status ready
[1,1]<stderr>:LAUNCH INFO 2026-05-18 17:30:14,815 Watching Pod: mmkmht, replicas 8, status running
[1,0]<stdout>:PyTorch was not found. Models won't be available and only tokenizers, configuration and file/data utilities can be used.
[1,0]<stdout>:[33m[2026-05-18 17:30:20,076] [ WARNING][0m - Due to potential compatibility issues between PaddlePaddle and PyTorch in PaddleFormers, PaddleFormers defaults `transformers.utils.import_utils.is_torch_available` and `transformers.utils.import_utils.is_torchvision_available` to False. If you need to use PyTorch in transformers or torchvision, please add `del sys.modules['transformers']` before using them.[0m
[1,0]<stdout>:PyTorch was not found. Models won't be available and only tokenizers, configuration and file/data utilities can be used.
[1,1]<stdout>:PyTorch was not found. Models won't be available and only tokenizers, configuration and file/data utilities can be used.
[1,1]<stdout>:[33m[2026-05-18 17:30:19,708] [ WARNING][0m - Due to potential compatibility issues between PaddlePaddle and PyTorch in PaddleFormers, PaddleFormers defaults `transformers.utils.import_utils.is_torch_available` and `transformers.utils.import_utils.is_torchvision_available` to False. If you need to use PyTorch in transformers or torchvision, please add `del sys.modules['transformers']` before using them.[0m
[1,1]<stdout>:PyTorch was not found. Models won't be available and only tokenizers, configuration and file/data utilities can be used.
[1,0]<stdout>:[32m[2026-05-18 17:30:21,952] [    INFO][0m - user has defined resume_from_checkpoint: None[0m
[1,0]<stdout>:[32m[2026-05-18 17:30:21,956] [    INFO][0m - fa_version = 4 set FLAGS_flash_attn_version to 4[0m
[1,0]<stdout>:[2026-05-18 17:30:21,956] [    INFO] distributed_strategy.py:343 - distributed strategy initialized
[1,0]<stdout>:[32m[2026-05-18 17:30:21,956] [    INFO][0m - PP configs:{'micro_batch_size': 1, 'accumulate_steps': 4, 'schedule_mode': '1F1B', 'p2p_cache_shape': True, 'enable_partial_send_recv': True}, use master_grad: True[0m
[1,0]<stdout>:[32m[2026-05-18 17:30:21,957] [    INFO][0m - using pipeline configs:{'delay_scale_loss': True, 'dp_comm_overlap': False, 'sharding_comm_overlap': False, 'enable_timer': False, 'release_gradients': False, 'overlap_p2p_comm': False, 'clear_every_step_cache': False, 'use_batch_p2p_comm': True, 'best_unbalanced_scheduler': False, 'enable_offload_queue': False, 'use_dualpipev': False, 'forward_backward_overlap_scheduler': False, 'enable_dynamic_shape': False}[0m
[1,0]<stdout>:/root/paddlejob/share-storage/gpfs/system-public/liuyi39/hygon_2030/PaddleFormers/paddleformers/trainer/training_args.py:2261: UserWarning: For pipeline parallel with sharding, the sharding overlap and tensor fusion should be configured in training_args."enable_stage1_tensor_fusion" and "enable_stage1_overlap" in sharding_parallel_config will be ignored.
[1,0]<stdout>:  warnings.warn(
[1,0]<stdout>:======================= Modified FLAGS detected =======================
[1,0]<stdout>:FLAGS(name='FLAGS_cublas_dir', current_value='/root/paddlejob/share-storage/gpfs/system-public/liuyi39/hygon_2030/py312/lib/python3.12/site-packages/paddle/../nvidia/cublas/lib', default_value='')
[1,0]<stdout>:FLAGS(name='FLAGS_nccl_dir', current_value='/root/paddlejob/share-storage/gpfs/system-public/liuyi39/hygon_2030/py312/lib/python3.12/site-packages/paddle/../nvidia/nccl/lib', default_value='')
[1,0]<stdout>:FLAGS(name='FLAGS_enable_pir_in_executor', current_value=True, default_value=False)
[1,0]<stdout>:FLAGS(name='FLAGS_cupti_dir', current_value='/root/paddlejob/share-storage/gpfs/system-public/liuyi39/hygon_2030/py312/lib/python3.12/site-packages/paddle/../nvidia/cuda_cupti/lib', default_value='')
[1,0]<stdout>:FLAGS(name='FLAGS_selected_gpus', current_value='0', default_value='')
[1,0]<stdout>:FLAGS(name='FLAGS_cusparse_dir', current_value='/root/paddlejob/share-storage/gpfs/system-public/liuyi39/hygon_2030/py312/lib/python3.12/site-packages/paddle/../nvidia/cusparse/lib', default_value='')
[1,0]<stdout>:FLAGS(name='FLAGS_nvidia_package_dir', current_value='/root/paddlejob/share-storage/gpfs/system-public/liuyi39/hygon_2030/py312/lib/python3.12/site-packages/paddle/../nvidia', default_value='')
[1,0]<stdout>:FLAGS(name='FLAGS_cuda_cccl_dir', current_value='/root/paddlejob/share-storage/gpfs/system-public/liuyi39/hygon_2030/py312/lib/python3.12/site-packages/paddle/../nvidia/cuda_cccl/include/', default_value='')
[1,0]<stdout>:FLAGS(name='FLAGS_flash_attn_version', current_value=4, default_value=2)
[1,0]<stdout>:FLAGS(name='FLAGS_deterministic_rng', current_value=True, default_value=False)
[1,0]<stdout>:FLAGS(name='FLAGS_cusolver_dir', current_value='/root/paddlejob/share-storage/gpfs/system-public/liuyi39/hygon_2030/py312/lib/python3.12/site-packages/paddle/../nvidia/cusolver/lib', default_value='')
[1,0]<stdout>:FLAGS(name='FLAGS_curand_dir', current_value='/root/paddlejob/share-storage/gpfs/system-public/liuyi39/hygon_2030/py312/lib/python3.12/site-packages/paddle/../nvidia/curand/lib', default_value='')
[1,0]<stdout>:FLAGS(name='FLAGS_cudnn_dir', current_value='/root/paddlejob/share-storage/gpfs/system-public/liuyi39/hygon_2030/py312/lib/python3.12/site-packages/paddle/../nvidia/cudnn/lib', default_value='')
[1,0]<stdout>:=======================================================================
[1,0]<stdout>:I0518 17:30:21.958987 1280729 tcp_store.cc:336] create libuv server at port: 51834
[1,0]<stdout>:I0518 17:30:21.959484 1280729 tcp_utils.cc:132] Successfully connected to 10.79.131.148:51834
[1,1]<stdout>:[32m[2026-05-18 17:30:21,575] [    INFO][0m - user has defined resume_from_checkpoint: None[0m
[1,1]<stdout>:[32m[2026-05-18 17:30:21,578] [    INFO][0m - fa_version = 4 set FLAGS_flash_attn_version to 4[0m
[1,1]<stdout>:[2026-05-18 17:30:21,578] [    INFO] distributed_strategy.py:343 - distributed strategy initialized
[1,1]<stdout>:[32m[2026-05-18 17:30:21,578] [    INFO][0m - PP configs:{'micro_batch_size': 1, 'accumulate_steps': 4, 'schedule_mode': '1F1B', 'p2p_cache_shape': True, 'enable_partial_send_recv': True}, use master_grad: True[0m
[1,1]<stdout>:[32m[2026-05-18 17:30:21,579] [    INFO][0m - using pipeline configs:{'delay_scale_loss': True, 'dp_comm_overlap': False, 'sharding_comm_overlap': False, 'enable_timer': False, 'release_gradients': False, 'overlap_p2p_comm': False, 'clear_every_step_cache': False, 'use_batch_p2p_comm': True, 'best_unbalanced_scheduler': False, 'enable_offload_queue': False, 'use_dualpipev': False, 'forward_backward_overlap_scheduler': False, 'enable_dynamic_shape': False}[0m
[1,1]<stdout>:/root/paddlejob/share-storage/gpfs/system-public/liuyi39/hygon_2030/PaddleFormers/paddleformers/trainer/training_args.py:2261: UserWarning: For pipeline parallel with sharding, the sharding overlap and tensor fusion should be configured in training_args."enable_stage1_tensor_fusion" and "enable_stage1_overlap" in sharding_parallel_config will be ignored.
[1,1]<stdout>:  warnings.warn(
[1,1]<stdout>:======================= Modified FLAGS detected =======================
[1,1]<stdout>:FLAGS(name='FLAGS_cupti_dir', current_value='/root/paddlejob/share-storage/gpfs/system-public/liuyi39/hygon_2030/py312/lib/python3.12/site-packages/paddle/../nvidia/cuda_cupti/lib', default_value='')
[1,1]<stdout>:FLAGS(name='FLAGS_deterministic_rng', current_value=True, default_value=False)
[1,1]<stdout>:FLAGS(name='FLAGS_cusparse_dir', current_value='/root/paddlejob/share-storage/gpfs/system-public/liuyi39/hygon_2030/py312/lib/python3.12/site-packages/paddle/../nvidia/cusparse/lib', default_value='')
[1,1]<stdout>:FLAGS(name='FLAGS_nccl_dir', current_value='/root/paddlejob/share-storage/gpfs/system-public/liuyi39/hygon_2030/py312/lib/python3.12/site-packages/paddle/../nvidia/nccl/lib', default_value='')
[1,1]<stdout>:FLAGS(name='FLAGS_flash_attn_version', current_value=4, default_value=2)
[1,1]<stdout>:FLAGS(name='FLAGS_enable_pir_in_executor', current_value=True, default_value=False)
[1,1]<stdout>:FLAGS(name='FLAGS_nvidia_package_dir', current_value='/root/paddlejob/share-storage/gpfs/system-public/liuyi39/hygon_2030/py312/lib/python3.12/site-packages/paddle/../nvidia', default_value='')
[1,1]<stdout>:FLAGS(name='FLAGS_selected_gpus', current_value='0', default_value='')
[1,1]<stdout>:FLAGS(name='FLAGS_curand_dir', current_value='/root/paddlejob/share-storage/gpfs/system-public/liuyi39/hygon_2030/py312/lib/python3.12/site-packages/paddle/../nvidia/curand/lib', default_value='')
[1,1]<stdout>:FLAGS(name='FLAGS_cublas_dir', current_value='/root/paddlejob/share-storage/gpfs/system-public/liuyi39/hygon_2030/py312/lib/python3.12/site-packages/paddle/../nvidia/cublas/lib', default_value='')
[1,1]<stdout>:FLAGS(name='FLAGS_cudnn_dir', current_value='/root/paddlejob/share-storage/gpfs/system-public/liuyi39/hygon_2030/py312/lib/python3.12/site-packages/paddle/../nvidia/cudnn/lib', default_value='')
[1,1]<stdout>:FLAGS(name='FLAGS_cusolver_dir', current_value='/root/paddlejob/share-storage/gpfs/system-public/liuyi39/hygon_2030/py312/lib/python3.12/site-packages/paddle/../nvidia/cusolver/lib', default_value='')
[1,1]<stdout>:FLAGS(name='FLAGS_cuda_cccl_dir', current_value='/root/paddlejob/share-storage/gpfs/system-public/liuyi39/hygon_2030/py312/lib/python3.12/site-packages/paddle/../nvidia/cuda_cccl/include/', default_value='')
[1,1]<stdout>:=======================================================================
[1,1]<stdout>:I0518 17:30:21.584257 1280714 tcp_utils.cc:109] Retry to connect to 10.79.131.148:51834 while the server is not yet listening.
[1,1]<stdout>:I0518 17:30:24.584815 1280714 tcp_utils.cc:132] Successfully connected to 10.79.131.148:51834
[1,0]<stdout>:I0518 17:30:25.421618 1280729 process_group_nccl.cc:155] ProcessGroupNCCL pg_timeout_ 1800000
[1,0]<stdout>:I0518 17:30:25.421677 1280729 process_group_nccl.cc:156] ProcessGroupNCCL nccl_comm_init_option_ 0
[1,0]<stdout>:I0518 17:30:25.422541 1280729 process_group_nccl.cc:155] ProcessGroupNCCL pg_timeout_ 1800000
[1,0]<stdout>:I0518 17:30:25.422566 1280729 process_group_nccl.cc:156] ProcessGroupNCCL nccl_comm_init_option_ 0
[1,0]<stdout>:[2026-05-18 17:30:25,422] [    INFO] topology.py:535 - Total 8 pipe comm group(s) create successfully!
[1,0]<stdout>:W0518 17:30:25.423125 1280729 gpu_resources.cc:116] Please NOTE: device: 0, GPU Compute Capability: 10.3, Driver API Version: 13.0, Runtime API Version: 12.9
[1,0]<stdout>:W0518 17:30:25.473449 1280729 nccl_comm_context.cc:70] ncclCommInitRankConfigMemOpt is not supported.
[1,1]<stdout>:I0518 17:30:25.072098 1280714 process_group_nccl.cc:155] ProcessGroupNCCL pg_timeout_ 1800000
[1,1]<stdout>:I0518 17:30:25.072170 1280714 process_group_nccl.cc:156] ProcessGroupNCCL nccl_comm_init_option_ 0
[1,1]<stdout>:I0518 17:30:25.073057 1280714 process_group_nccl.cc:155] ProcessGroupNCCL pg_timeout_ 1800000
[1,1]<stdout>:I0518 17:30:25.073078 1280714 process_group_nccl.cc:156] ProcessGroupNCCL nccl_comm_init_option_ 0
[1,1]<stdout>:[2026-05-18 17:30:25,073] [    INFO] topology.py:535 - Total 8 pipe comm group(s) create successfully!
[1,1]<stdout>:W0518 17:30:25.073525 1280714 gpu_resources.cc:116] Please NOTE: device: 0, GPU Compute Capability: 10.3, Driver API Version: 13.0, Runtime API Version: 12.9
[1,1]<stdout>:W0518 17:30:25.109583 1280714 nccl_comm_context.cc:70] ncclCommInitRankConfigMemOpt is not supported.
[1,0]<stdout>:[2026-05-18 17:30:28,155] [    INFO] topology.py:535 - Total 16 data comm group(s) create successfully!
[1,0]<stdout>:I0518 17:30:28.156033 1280729 process_group_nccl.cc:155] ProcessGroupNCCL pg_timeout_ 1800000
[1,0]<stdout>:I0518 17:30:28.156054 1280729 process_group_nccl.cc:156] ProcessGroupNCCL nccl_comm_init_option_ 0
[1,0]<stdout>:[2026-05-18 17:30:28,156] [    INFO] topology.py:535 - Total 8 model comm group(s) create successfully!
[1,0]<stdout>:I0518 17:30:28.156167 1280729 process_group_nccl.cc:155] ProcessGroupNCCL pg_timeout_ 1800000
[1,0]<stdout>:I0518 17:30:28.156172 1280729 process_group_nccl.cc:156] ProcessGroupNCCL nccl_comm_init_option_ 0
[1,0]<stdout>:[2026-05-18 17:30:28,156] [    INFO] topology.py:535 - Total 4 sharding comm group(s) create successfully!
[1,0]<stdout>:I0518 17:30:28.156257 1280729 process_group_nccl.cc:155] ProcessGroupNCCL pg_timeout_ 1800000
[1,0]<stdout>:I0518 17:30:28.156262 1280729 process_group_nccl.cc:156] ProcessGroupNCCL nccl_comm_init_option_ 0
[1,0]<stdout>:I0518 17:30:28.156292 1280729 process_group_nccl.cc:155] ProcessGroupNCCL pg_timeout_ 1800000
[1,0]<stdout>:I0518 17:30:28.156296 1280729 process_group_nccl.cc:156] ProcessGroupNCCL nccl_comm_init_option_ 0
[1,0]<stdout>:[2026-05-18 17:30:28,156] [    INFO] topology.py:449 - HybridParallelInfo: rank_id: 0, mp_degree: 2, sharding_degree: 4, pp_degree: 2, dp_degree: 1, sep_degree: 1, mp_group: [0, 1],  sharding_group: [0, 4, 8, 12], pp_group: [0, 2], dp_group: [0], sep:group: None, check/clip group: [0, 1, 2, 3, 4, 5, 6, 7, 8, 9, 10, 11, 12, 13, 14, 15]
[1,0]<stdout>:[32m[2026-05-18 17:30:28,157] [    INFO][0m -     +==============================================================================+
[1,0]<stdout>:    |                                                                              |
[1,0]<stdout>:    |                         DistributedStrategy Overview                         |
[1,0]<stdout>:    |                                                                              |
[1,0]<stdout>:    +==============================================================================+
[1,0]<stdout>:    |                        a_sync=True <-> a_sync_configs                        |
[1,0]<stdout>:    +------------------------------------------------------------------------------+
[1,0]<stdout>:    |                               k_steps                    -1                  |
[1,0]<stdout>:    |                     max_merge_var_num                    1                   |
[1,0]<stdout>:    |                       send_queue_size                    16                  |
[1,0]<stdout>:    |               independent_recv_thread                  False                 |
[1,0]<stdout>:    |         min_send_grad_num_before_recv                    1                   |
[1,0]<stdout>:    |                      thread_pool_size                    1                   |
[1,0]<stdout>:    |                       send_wait_times                    1                   |
[1,0]<stdout>:    |               runtime_split_send_recv                  False                 |
[1,0]<stdout>:    |                        launch_barrier                   True                 |
[1,0]<stdout>:    |             heter_worker_device_guard                   cpu                  |
[1,0]<stdout>:    |                        lr_decay_steps                    10                  |
[1,0]<stdout>:    |                            use_ps_gpu                    0                   |
[1,0]<stdout>:    |                         use_gpu_graph                    0                   |
[1,0]<stdout>:    +==============================================================================+
[1,0]<stdout>:    |                    Environment Flags, Communication Flags                    |
[1,0]<stdout>:    +------------------------------------------------------------------------------+
[1,0]<stdout>:    |                                  mode                    1                   |
[1,0]<stdout>:    |                               elastic                  False                 |
[1,0]<stdout>:    |                                  auto                  False                 |
[1,0]<stdout>:    |                   sync_nccl_allreduce                   True                 |
[1,0]<stdout>:    |                         nccl_comm_num                    1                   |
[1,0]<stdout>:    |            use_hierarchical_allreduce                  False                 |
[1,0]<stdout>:    |   hierarchical_allreduce_inter_nranks                    1                   |
[1,0]<stdout>:    |                       sync_batch_norm                  False                 |
[1,0]<stdout>:    |                   fuse_all_reduce_ops                   True                 |
[1,0]<stdout>:    |                  fuse_grad_size_in_MB                    32                  |
[1,0]<stdout>:    |              fuse_grad_size_in_TFLOPS                   50.0                 |
[1,0]<stdout>:    |               cudnn_exhaustive_search                  False                 |
[1,0]<stdout>:    |             conv_workspace_size_limit                   512                  |
[1,0]<stdout>:    |    cudnn_batchnorm_spatial_persistent                  False                 |
[1,0]<stdout>:    |                        fp16_allreduce                  False                 |
[1,0]<stdout>:    |               last_comm_group_size_MB                   1.0                  |
[1,0]<stdout>:    |                find_unused_parameters                  False                 |
[1,0]<stdout>:    |            without_graph_optimization                   True                 |
[1,0]<stdout>:    |                 fuse_grad_size_in_num                    8                   |
[1,0]<stdout>:    |                 calc_comm_same_stream                  False                 |
[1,0]<stdout>:    |                                   asp                  False                 |
[1,0]<stdout>:    |                       fuse_grad_merge                  False                 |
[1,0]<stdout>:    |                             semi_auto                  False                 |
[1,0]<stdout>:    |                            adam_d2sum                  False                 |
[1,0]<stdout>:    |                           auto_search                  False                 |
[1,0]<stdout>:    |                        heter_ccl_mode                  False                 |
[1,0]<stdout>:    |                         is_fl_ps_mode                  False                 |
[1,0]<stdout>:    |                      with_coordinator                  False                 |
[1,0]<stdout>:    |                            split_data                   True                 |
[1,0]<stdout>:    |                  downpour_table_param                    []                  |
[1,0]<stdout>:    |                       fs_client_param                                        |
[1,0]<stdout>:    +==============================================================================+
[1,0]<stdout>:    |                                Build Strategy                                |
[1,0]<stdout>:    +------------------------------------------------------------------------------+
[1,0]<stdout>:    |              fuse_elewise_add_act_ops                  False                 |
[1,0]<stdout>:    |                       fuse_bn_act_ops                  False                 |
[1,0]<stdout>:    |           [1,0]<stdout>:   fuse_relu_depthwise_conv                  False                 |
[1,0]<stdout>:    |                    fuse_broadcast_ops                  False                 |
[1,0]<stdout>:    |                fuse_all_optimizer_ops                  False                 |
[1,0]<stdout>:    |                        enable_inplace                  False                 |
[1,0]<stdout>:    |     enable_backward_optimizer_op_deps                   True                 |
[1,0]<stdout>:    |                 cache_runtime_context                  False                 |
[1,0]<stdout>:    |                   fuse_bn_add_act_ops                   True                 |
[1,0]<stdout>:    |                    enable_auto_fusion                  False                 |
[1,0]<stdout>:    |                          enable_addto                  False                 |
[1,0]<stdout>:    |              allow_cuda_graph_capture                  False                 |
[1,0]<stdout>:    |                       reduce_strategy                    0                   |
[1,0]<stdout>:    |                    fuse_gemm_epilogue                  False                 |
[1,0]<stdout>:    |                   debug_graphviz_path                                        |
[1,0]<stdout>:    |                       fused_attention                  False                 |
[1,0]<stdout>:    |                     fused_feedforward                  False                 |
[1,0]<stdout>:    |            fuse_dot_product_attention                  False                 |
[1,0]<stdout>:    |                          fuse_resunit                  False                 |
[1,0]<stdout>:    +==============================================================================+
[1,0]<stdout>:[0m
[1,0]<stdout>:[32m[2026-05-18 17:30:28,157] [    INFO][0m - The default value for the training argument `--report_to` will change in v5 (from all installed integrations to none). In v5, you will need to use `--report_to all` to get the same behavior as now. You should start updating your code and make this info disappear :-).[0m
[1,0]<stdout>:[32m[2026-05-18 17:30:28,157] [    INFO][0m - Auto set hybrid_parallel_expert_grad_scale = 2.0[0m
[1,0]<stdout>:[32m[2026-05-18 17:30:28,157] [    INFO][0m - reset finetuning arguments global_batch_size to 16[0m
[1,0]<stdout>:[32m[2026-05-18 17:30:28,158] [    INFO][0m - fixing pp configs: {'micro_batch_size': 1, 'accumulate_steps': 4, 'schedule_mode': '1F1B', 'p2p_cache_shape': True, 'enable_partial_send_recv': True}[0m
[1,0]<stdout>:[35m[2026-05-18 17:30:28,195] [   DEBUG][0m - ============================================================[0m
[1,0]<stdout>:[35m[2026-05-18 17:30:28,195] [   DEBUG][0m -      Model Configuration Arguments      [0m
[1,0]<stdout>:[35m[2026-05-18 17:30:28,195] [   DEBUG][0m - paddle commit id              : fce480854934ec07ebf33e4fe460fd6944b9391c[0m
[1,0]<stdout>:[35m[2026-05-18 17:30:28,238] [   DEBUG][0m - paddleformers commit id       : 19b4e24fbe47fea9ef4383c7c9aa7d4da26b7a11.dirty[0m
[1,0]<stdout>:[35m[2026-05-18 17:30:28,238] [   DEBUG][0m - _attn_implementation          : eager[0m
[1,0]<stdout>:[35m[2026-05-18 17:30:28,238] [   DEBUG][0m - bos_token_id                  : 0[0m
[1,0]<stdout>:[35m[2026-05-18 17:30:28,238] [   DEBUG][0m - continue_training             : False[0m
[1,0]<stdout>:[35m[2026-05-18 17:30:28,238] [   DEBUG][0m - copy_custom_file_list         : [0m
[1,0]<stdout>:[35m[2026-05-18 17:30:28,239] [   DEBUG][0m - download_hub                  : None[0m
[1,0]<stdout>:[35m[2026-05-18 17:30:28,239] [   DEBUG][0m - eos_token_id                  : 1[0m
[1,0]<stdout>:[35m[2026-05-18 17:30:28,239] [   DEBUG][0m - ernie_model_config            : ErniePretrainArgument(use_quant_before_a2a=False, use_async_a2a=False, use_rms_qkv_recompute=False, moe_logging=False, use_recompute=False, num_nextn_predict_layers=0, use_fp8_mlp=False, num_hidden_layers=2, num_empty_layers_add_in_tail=0, use_fp8_fuse_node=False, use_ep_comm_overlap=False, fp8_mem_configs=FP8MemConfigs(shared_expert=False, recompute_fwd_gate_up=False, dequant_input=False, offline_quant_expert_weight=False), fp8_fused_ops_configs=FP8FusedOpsConfigs(stack_quant=False, swiglu_probs_bwd=False, split_group_gemm=True, spaq=True, transpose_split_quant=True), use_combine_before_a2a=False, moe_num_experts=0, moe_k=2, moe_use_aux_free=False, moe_gate='top2_fused', transpose_split_quant=False)[0m
[1,0]<stdout>:[35m[2026-05-18 17:30:28,239] [   DEBUG][0m - fine_tuning                   : full[0m
[1,0]<stdout>:[35m[2026-05-18 17:30:28,239] [   DEBUG][0m - fuse_gate_detach_matmul       : True[0m
[1,0]<stdout>:[35m[2026-05-18 17:30:28,239] [   DEBUG][0m - fuse_softmax_mask             : False[0m
[1,0]<stdout>:[35m[2026-05-18 17:30:28,239] [   DEBUG][0m - lora                          : False[0m
[1,0]<stdout>:[35m[2026-05-18 17:30:28,239] [   DEBUG][0m - lora_alpha                    : -1[0m
[1,0]<stdout>:[35m[2026-05-18 17:30:28,239] [   DEBUG][0m - lora_path                     : None[0m
[1,0]<stdout>:[35m[2026-05-18 17:30:28,239] [   DEBUG][0m - lora_plus_scale               : 1.0[0m
[1,0]<stdout>:[35m[2026-05-18 17:30:28,239] [   DEBUG][0m - lora_rank                     : 8[0m
[1,0]<stdout>:[35m[2026-05-18 17:30:28,239] [   DEBUG][0m - loss_subbatch_seqlen          : 32768[0m
[1,0]<stdout>:[35m[2026-05-18 17:30:28,239] [   DEBUG][0m - max_position_embeddings       : 4096[0m
[1,0]<stdout>:[35m[2026-05-18 17:30:28,239] [   DEBUG][0m - model_name_or_path            : ./models/Llama-3-8b[0m
[1,0]<stdout>:[35m[2026-05-18 17:30:28,239] [   DEBUG][0m - model_with_dpo_criterion      : False[0m
[1,0]<stdout>:[35m[2026-05-18 17:30:28,239] [   DEBUG][0m - moe_gate                      : top2_fused[0m
[1,0]<stdout>:[35m[2026-05-18 17:30:28,239] [   DEBUG][0m - moe_group                     : dummy[0m
[1,0]<stdout>:[35m[2026-05-18 17:30:28,239] [   DEBUG][0m - moe_group_experts             : False[0m
[1,0]<stdout>:[35m[2026-05-18 17:30:28,239] [   DEBUG][0m - moe_multimodal_dispatch_use_allgather: v2-alltoall-unpad[0m
[1,0]<stdout>:[35m[2026-05-18 17:30:28,239] [   DEBUG][0m - moe_orthogonal_loss_lambda    : 0.0[0m
[1,0]<stdout>:[35m[2026-05-18 17:30:28,239] [   DEBUG][0m - moe_use_aux_free              : None[0m
[1,0]<stdout>:[35m[2026-05-18 17:30:28,239] [   DEBUG][0m - moe_use_hard_gate             : False[0m
[1,0]<stdout>:[35m[2026-05-18 17:30:28,239] [   DEBUG][0m - neftune                       : False[0m
[1,0]<stdout>:[35m[2026-05-18 17:30:28,239] [   DEBUG][0m - neftune_noise_alpha           : 5.0[0m
[1,0]<stdout>:[35m[2026-05-18 17:30:28,239] [   DEBUG][0m - pp_seg_method                 : layer:DecoderLayer|EmptyLayer[0m
[1,0]<stdout>:[35m[2026-05-18 17:30:28,239] [   DEBUG][0m - rope_3d                       : True[0m
[1,0]<stdout>:[35m[2026-05-18 17:30:28,239] [   DEBUG][0m - rslora                        : False[0m
[1,0]<stdout>:[35m[2026-05-18 17:30:28,239] [   DEBUG][0m - rslora_plus                   : False[0m
[1,0]<stdout>:[35m[2026-05-18 17:30:28,240] [   DEBUG][0m - stage                         : PT[0m
[1,0]<stdout>:[35m[2026-05-18 17:30:28,240] [   DEBUG][0m - tokenizer_name_or_path        : None[0m
[1,0]<stdout>:[35m[2026-05-18 17:30:28,240] [   DEBUG][0m - use_attn_mask_startend_row_indices: True[0m
[1,0]<stdout>:[35m[2026-05-18 17:30:28,240] [   DEBUG][0m - use_fast_layer_norm           : False[0m
[1,0]<stdout>:[35m[2026-05-18 17:30:28,240] [   DEBUG][0m - use_global_causal_attn        : False[0m
[1,0]<stdout>:[35m[2026-05-18 17:30:28,240] [   DEBUG][0m - use_mem_eff_attn              : True[0m
[1,0]<stdout>:[35m[2026-05-18 17:30:28,240] [   DEBUG][0m - use_sparse_flash_attn         : True[0m
[1,0]<stdout>:[35m[2026-05-18 17:30:28,240] [   DEBUG][0m - vision_config                 : VisionArguments(attn_implementation='eager', attn_sep=True, depth=32, embed_dim=1280, hidden_act='quick_gelu', hidden_size=1280, in_channels=3, mlp_ratio=4, model_type='DFNRope_vision_transformer', num_heads=16, patch_size=14, spatial_merge_size=2, tensor_model_parallel_size=4, vit_num_recompute_layers=10000)[0m
[1,0]<stdout>:[35m[2026-05-18 17:30:28,240] [   DEBUG][0m - [0m
[1,0]<stdout>:[35m[2026-05-18 17:30:28,240] [   DEBUG][0m - ============================================================[0m
[1,0]<stdout>:[35m[2026-05-18 17:30:28,240] [   DEBUG][0m -       Data Configuration Arguments      [0m
[1,0]<stdout>:[35m[2026-05-18 17:30:28,240] [   DEBUG][0m - paddle commit id              : fce480854934ec07ebf33e4fe460fd6944b9391c[0m
[1,0]<stdout>:[35m[2026-05-18 17:30:28,240] [   DEBUG][0m - paddleformers commit id       : 19b4e24fbe47fea9ef4383c7c9aa7d4da26b7a11.dirty[0m
[1,0]<stdout>:[35m[2026-05-18 17:30:28,240] [   DEBUG][0m - binpacking                    : True[0m
[1,0]<stdout>:[35m[2026-05-18 17:30:28,240] [   DEBUG][0m - buffer_size                   : 500[0m
[1,0]<stdout>:[35m[2026-05-18 17:30:28,240] [   DEBUG][0m - custom_register_path          : None[0m
[1,0]<stdout>:[35m[2026-05-18 17:30:28,240] [   DEBUG][0m - data_cache                    : None[0m
[1,0]<stdout>:[35m[2026-05-18 17:30:28,240] [   DEBUG][0m - data_impl                     : mmap[0m
[1,0]<stdout>:[35m[2026-05-18 17:30:28,240] [   DEBUG][0m - dataset_output_dir            : ./dataset_output[0m
[1,0]<stdout>:[35m[2026-05-18 17:30:28,240] [   DEBUG][0m - dataset_type                  : pretrain[0m
[1,0]<stdout>:[35m[2026-05-18 17:30:28,240] [   DEBUG][0m - encode_one_turn               : True[0m
[1,0]<stdout>:[35m[2026-05-18 17:30:28,240] [   DEBUG][0m - eval_dataset_path             : examples/data/sft-eval.jsonl[0m
[1,0]<stdout>:[35m[2026-05-18 17:30:28,240] [   DEBUG][0m - eval_dataset_prob             : 1.0[0m
[1,0]<stdout>:[35m[2026-05-18 17:30:28,240] [   DEBUG][0m - eval_dataset_type             : erniekit[0m
[1,0]<stdout>:[35m[2026-05-18 17:30:28,240] [   DEBUG][0m - eval_with_do_generation       : False[0m
[1,0]<stdout>:[35m[2026-05-18 17:30:28,240] [   DEBUG][0m - greedy_intokens               : True[0m
[1,0]<stdout>:[35m[2026-05-18 17:30:28,240] [   DEBUG][0m - input_dir                     : 1.0 ./data/pt/llama_openwebtext_100k[0m
[1,0]<stdout>:[35m[2026-05-18 17:30:28,240] [   DEBUG][0m - make_offline_data             : False[0m
[1,0]<stdout>:[35m[2026-05-18 17:30:28,240] [   DEBUG][0m - max_prompt_len                : 2048[0m
[1,0]<stdout>:[35m[2026-05-18 17:30:28,241] [   DEBUG][0m - max_seq_len                   : 4096[0m
[1,0]<stdout>:[35m[2026-05-18 17:30:28,241] [   DEBUG][0m - mix_strategy                  : concat[0m
[1,0]<stdout>:[35m[2026-05-18 17:30:28,241] [   DEBUG][0m - new_special_tokens_path       : None[0m
[1,0]<stdout>:[35m[2026-05-18 17:30:28,241] [   DEBUG][0m - num_samples_each_epoch        : 6000000[0m
[1,0]<stdout>:[35m[2026-05-18 17:30:28,241] [   DEBUG][0m - packed_idx_cache_dir          : None[0m
[1,0]<stdout>:[35m[2026-05-18 17:30:28,241] [   DEBUG][0m - packing                       : False[0m
[1,0]<stdout>:[35m[2026-05-18 17:30:28,241] [   DEBUG][0m - packing_interval              : 1000[0m
[1,0]<stdout>:[35m[2026-05-18 17:30:28,241] [   DEBUG][0m - padding_free                  : False[0m
[1,0]<stdout>:[35m[2026-05-18 17:30:28,241] [   DEBUG][0m - processor_use_fast            : None[0m
[1,0]<stdout>:[35m[2026-05-18 17:30:28,241] [   DEBUG][0m - random_shuffle                : True[0m
[1,0]<stdout>:[35m[2026-05-18 17:30:28,241] [   DEBUG][0m - share_folder                  : True[0m
[1,0]<stdout>:[35m[2026-05-18 17:30:28,241] [   DEBUG][0m - skip_warmup                   : True[0m
[1,0]<stdout>:[35m[2026-05-18 17:30:28,241] [   DEBUG][0m - split                         : 990,10,0[0m
[1,0]<stdout>:[35m[2026-05-18 17:30:28,241] [   DEBUG][0m - split_multi_turn              : False[0m
[1,0]<stdout>:[35m[2026-05-18 17:30:28,241] [   DEBUG][0m - template                      : None[0m
[1,0]<stdout>:[35m[2026-05-18 17:30:28,241] [   DEBUG][0m - template_backend              : custom[0m
[1,0]<stdout>:[35m[2026-05-18 17:30:28,241] [   DEBUG][0m - train_dataset_path            : None[0m
[1,0]<stdout>:[35m[2026-05-18 17:30:28,241] [   DEBUG][0m - train_dataset_prob            : None[0m
[1,0]<stdout>:[35m[2026-05-18 17:30:28,241] [   DEBUG][0m - train_dataset_type            : None[0m
[1,0]<stdout>:[35m[2026-05-18 17:30:28,241] [   DEBUG][0m - truncate_packing              : True[0m
[1,0]<stdout>:[35m[2026-05-18 17:30:28,241] [   DEBUG][0m - truncation_strategy           : delete[0m
[1,0]<stdout>:[35m[2026-05-18 17:30:28,241] [   DEBUG][0m - use_template                  : True[0m
[1,0]<stdout>:[35m[2026-05-18 17:30:28,241] [   DEBUG][0m - warmup_only_rank0             : False[0m
[1,0]<stdout>:[35m[2026-05-18 17:30:28,241] [   DEBUG][0m - [0m
[1,0]<stdout>:[35m[2026-05-18 17:30:28,241] [   DEBUG][0m - ============================================================[0m
[1,0]<stdout>:[35m[2026-05-18 17:30:28,241] [   DEBUG][0m -      Train Configuration Arguments      [0m
[1,0]<stdout>:[35m[2026-05-18 17:30:28,241] [   DEBUG][0m - paddle commit id              : fce480854934ec07ebf33e4fe460fd6944b9391c[0m
[1,0]<stdout>:[35m[2026-05-18 17:30:28,241] [   DEBUG][0m - paddleformers commit id       : 19b4e24fbe47fea9ef4383c7c9aa7d4da26b7a11.dirty[0m
[1,0]<stdout>:[35m[2026-05-18 17:30:28,242] [   DEBUG][0m - _no_sync_in_gradient_accumulation: True[0m
[1,0]<stdout>:[35m[2026-05-18 17:30:28,242] [   DEBUG][0m - adam_beta1                    : 0.9[0m
[1,0]<stdout>:[35m[2026-05-18 17:30:28,242] [   DEBUG][0m - adam_beta2                    : 0.999[0m
[1,0]<stdout>:[35m[2026-05-18 17:30:28,242] [   DEBUG][0m - adam_epsilon                  : 1e-08[0m
[1,0]<stdout>:[35m[2026-05-18 17:30:28,242] [   DEBUG][0m - amp_custom_black_list         : ['reduce_sum', 'softmax_with_cross_entropy', 'c_softmax_with_cross_entropy', 'elementwise_div', 'sin', 'cos'][0m
[1,0]<stdout>:[35m[2026-05-18 17:30:28,242] [   DEBUG][0m - amp_custom_white_list         : ['lookup_table', 'lookup_table_v2', 'flash_attn', 'matmul', 'matmul_v2', 'fused_gemm_epilogue'][0m
[1,0]<stdout>:[35m[2026-05-18 17:30:28,242] [   DEBUG][0m - amp_master_grad               : True[0m
[1,0]<stdout>:[35m[2026-05-18 17:30:28,242] [   DEBUG][0m - aoa_config                    : None[0m
[1,0]<stdout>:[35m[2026-05-18 17:30:28,242] [   DEBUG][0m - apply_rope_fusion             : False[0m
[1,0]<stdout>:[35m[2026-05-18 17:30:28,242] [   DEBUG][0m - attention_probs_dropout_prob  : 0.0[0m
[1,0]<stdout>:[35m[2026-05-18 17:30:28,242] [   DEBUG][0m - auto_parallel_resume_form_hybrid_parallel: False[0m
[1,0]<stdout>:[35m[2026-05-18 17:30:28,242] [   DEBUG][0m - auto_parallel_sync_shared_params: False[0m
[1,0]<stdout>:[35m[2026-05-18 17:30:28,242] [   DEBUG][0m - autotuner_benchmark           : False[0m
[1,0]<stdout>:[35m[2026-05-18 17:30:28,242] [   DEBUG][0m - balanced_image_preprocess     : False[0m
[1,0]<stdout>:[35m[2026-05-18 17:30:28,242] [   DEBUG][0m - batch_p2p_comm                : True[0m
[1,0]<stdout>:[35m[2026-05-18 17:30:28,242] [   DEBUG][0m - best_unbalanced_scheduler     : False[0m
[1,0]<stdout>:[35m[2026-05-18 17:30:28,242] [   DEBUG][0m - beta                          : 0.1[0m
[1,0]<stdout>:[35m[2026-05-18 17:30:28,242] [   DEBUG][0m - bf16                          : True[0m
[1,0]<stdout>:[35m[2026-05-18 17:30:28,242] [   DEBUG][0m - bf16_full_eval                : False[0m
[1,0]<stdout>:[35m[2026-05-18 17:30:28,242] [   DEBUG][0m - ckpt_quant_stage              : O0[0m
[1,0]<stdout>:[35m[2026-05-18 17:30:28,242] [   DEBUG][0m - clear_every_step_cache        : False[0m
[1,0]<stdout>:[35m[2026-05-18 17:30:28,242] [   DEBUG][0m - compute_type                  : bf16[0m
[1,0]<stdout>:[35m[2026-05-18 17:30:28,242] [   DEBUG][0m - context_parallel_rank         : 0[0m
[1,0]<stdout>:[35m[2026-05-18 17:30:28,242] [   DEBUG][0m - context_parallel_size         : 1[0m
[1,0]<stdout>:[35m[2026-05-18 17:30:28,242] [   DEBUG][0m - convert_from_hf               : True[0m
[1,0]<stdout>:[35m[2026-05-18 17:30:28,242] [   DEBUG][0m - copy_custom_file_list         : [0m
[1,0]<stdout>:[35m[2026-05-18 17:30:28,242] [   DEBUG][0m - count_trained_tokens          : False[0m
[1,0]<stdout>:[35m[2026-05-18 17:30:28,242] [   DEBUG][0m - cp_comm_type                  : None[0m
[1,0]<stdout>:[35m[2026-05-18 17:30:28,242] [   DEBUG][0m - cp_sharding_degree            : 1[0m
[1,0]<stdout>:[35m[2026-05-18 17:30:28,242] [   DEBUG][0m - cp_sharding_rank              : 0[0m
[1,0]<stdout>:[35m[2026-05-18 17:30:28,243] [   DEBUG][0m - current_device                : gpu:0[0m
[1,0]<stdout>:[35m[2026-05-18 17:30:28,243] [   DEBUG][0m - data_parallel_config          : [0m
[1,0]<stdout>:[35m[2026-05-18 17:30:28,243] [   DEBUG][0m - data_parallel_rank            : 0[0m
[1,0]<stdout>:[35m[2026-05-18 17:30:28,243] [   DEBUG][0m - data_parallel_size            : 1[0m
[1,0]<stdout>:[35m[2026-05-18 17:30:28,243] [   DEBUG][0m - dataloader_drop_last          : False[0m
[1,0]<stdout>:[35m[2026-05-18 17:30:28,243] [   DEBUG][0m - dataloader_num_workers        : 0[0m
[1,0]<stdout>:[35m[2026-05-18 17:30:28,243] [   DEBUG][0m - dataloader_shuffle            : True[0m
[1,0]<stdout>:[35m[2026-05-18 17:30:28,243] [   DEBUG][0m - dataset_batch_size            : 1000[0m
[1,0]<stdout>:[35m[2026-05-18 17:30:28,243] [   DEBUG][0m - dataset_kwargs                : None[0m
[1,0]<stdout>:[35m[2026-05-18 17:30:28,243] [   DEBUG][0m - dataset_num_proc              : None[0m
[1,0]<stdout>:[35m[2026-05-18 17:30:28,243] [   DEBUG][0m - dataset_rank                  : 0[0m
[1,0]<stdout>:[35m[2026-05-18 17:30:28,243] [   DEBUG][0m - dataset_text_field            : text[0m
[1,0]<stdout>:[35m[2026-05-18 17:30:28,243] [   DEBUG][0m - dataset_world_size            : 4[0m
[1,0]<stdout>:[35m[2026-05-18 17:30:28,243] [   DEBUG][0m - ddp_find_unused_parameters    : None[0m
[1,0]<stdout>:[35m[2026-05-18 17:30:28,243] [   DEBUG][0m - decay_function                : half_life[0m
[1,0]<stdout>:[35m[2026-05-18 17:30:28,243] [   DEBUG][0m - decay_steps                   : None[0m
[1,0]<stdout>:[35m[2026-05-18 17:30:28,243] [   DEBUG][0m - deterministic_mode            : False[0m
[1,0]<stdout>:[35m[2026-05-18 17:30:28,243] [   DEBUG][0m - device                        : gpu[0m
[1,0]<stdout>:[35m[2026-05-18 17:30:28,243] [   DEBUG][0m - disable_tqdm                  : True[0m
[1,0]<stdout>:[35m[2026-05-18 17:30:28,243] [   DEBUG][0m - distributed_dataloader        : False[0m
[1,0]<stdout>:[35m[2026-05-18 17:30:28,243] [   DEBUG][0m - do_eval                       : False[0m
[1,0]<stdout>:[35m[2026-05-18 17:30:28,243] [   DEBUG][0m - do_export                     : False[0m
[1,0]<stdout>:[35m[2026-05-18 17:30:28,243] [   DEBUG][0m - do_predict                    : False[0m
[1,0]<stdout>:[35m[2026-05-18 17:30:28,243] [   DEBUG][0m - do_train                      : True[0m
[1,0]<stdout>:[35m[2026-05-18 17:30:28,243] [   DEBUG][0m - download_hub                  : None[0m
[1,0]<stdout>:[35m[2026-05-18 17:30:28,243] [   DEBUG][0m - dp_allreduce_avg_in_gradinent_scale: False[0m
[1,0]<stdout>:[35m[2026-05-18 17:30:28,243] [   DEBUG][0m - dp_comm_overlap               : False[0m
[1,0]<stdout>:[35m[2026-05-18 17:30:28,243] [   DEBUG][0m - dpop_lambda                   : 50[0m
[1,0]<stdout>:[35m[2026-05-18 17:30:28,243] [   DEBUG][0m - embedding_init_method         : None[0m
[1,0]<stdout>:[35m[2026-05-18 17:30:28,243] [   DEBUG][0m - embedding_init_method_std     : 0.02[0m
[1,0]<stdout>:[35m[2026-05-18 17:30:28,244] [   DEBUG][0m - enable_auto_parallel          : False[0m
[1,0]<stdout>:[35m[2026-05-18 17:30:28,244] [   DEBUG][0m - enable_linear_fused_grad_add  : False[0m
[1,0]<stdout>:[35m[2026-05-18 17:30:28,244] [   DEBUG][0m - enable_mtp_magic_send         : False[0m
[1,0]<stdout>:[35m[2026-05-18 17:30:28,244] [   DEBUG][0m - enable_sharding_comm_overlap  : False[0m
[1,0]<stdout>:[35m[2026-05-18 17:30:28,244] [   DEBUG][0m - enable_zero_cost_checkpoint   : False[0m
[1,0]<stdout>:[35m[2026-05-18 17:30:28,244] [   DEBUG][0m - estimation_output_file        : estimation_output.json[0m
[1,0]<stdout>:[35m[2026-05-18 17:30:28,244] [   DEBUG][0m - eval_accumulation_steps       : None[0m
[1,0]<stdout>:[35m[2026-05-18 17:30:28,244] [   DEBUG][0m - eval_batch_size               : 8[0m
[1,0]<stdout>:[35m[2026-05-18 17:30:28,244] [   DEBUG][0m - eval_iters                    : 10[0m
[1,0]<stdout>:[35m[2026-05-18 17:30:28,244] [   DEBUG][0m - eval_steps                    : 999[0m
[1,0]<stdout>:[35m[2026-05-18 17:30:28,244] [   DEBUG][0m - evaluation_strategy           : IntervalStrategy.NO[0m
[1,0]<stdout>:[35m[2026-05-18 17:30:28,244] [   DEBUG][0m - expert_model_parallel_size    : 1[0m
[1,0]<stdout>:[35m[2026-05-18 17:30:28,244] [   DEBUG][0m - expert_parallel_rank          : 0[0m
[1,0]<stdout>:[35m[2026-05-18 17:30:28,244] [   DEBUG][0m - expert_tensor_model_parallel_size: 1[0m
[1,0]<stdout>:[35m[2026-05-18 17:30:28,244] [   DEBUG][0m - fa_version                    : 4[0m
[1,0]<stdout>:[35m[2026-05-18 17:30:28,244] [   DEBUG][0m - factor                        : 20[0m
[1,0]<stdout>:[35m[2026-05-18 17:30:28,244] [   DEBUG][0m - flash_device_save_steps       : 0[0m
[1,0]<stdout>:[35m[2026-05-18 17:30:28,244] [   DEBUG][0m - flatten_param_grads           : False[0m
[1,0]<stdout>:[35m[2026-05-18 17:30:28,244] [   DEBUG][0m - flex_ckpt_comm_method         : None[0m
[1,0]<stdout>:[35m[2026-05-18 17:30:28,244] [   DEBUG][0m - force_reshard_pp              : False[0m
[1,0]<stdout>:[35m[2026-05-18 17:30:28,244] [   DEBUG][0m - forward_backward_overlap_scheduler: False[0m
[1,0]<stdout>:[35m[2026-05-18 17:30:28,244] [   DEBUG][0m - fp16                          : False[0m
[1,0]<stdout>:[35m[2026-05-18 17:30:28,244] [   DEBUG][0m - fp16_full_eval                : False[0m
[1,0]<stdout>:[35m[2026-05-18 17:30:28,244] [   DEBUG][0m - fp16_opt_level                : O1[0m
[1,0]<stdout>:[35m[2026-05-18 17:30:28,244] [   DEBUG][0m - fp32_residual_connection      : True[0m
[1,0]<stdout>:[35m[2026-05-18 17:30:28,244] [   DEBUG][0m - fp8                           : None[0m
[1,0]<stdout>:[35m[2026-05-18 17:30:28,244] [   DEBUG][0m - fp8_wgrad                     : True[0m
[1,0]<stdout>:[35m[2026-05-18 17:30:28,244] [   DEBUG][0m - freeze_config                 : [0m
[1,0]<stdout>:[35m[2026-05-18 17:30:28,244] [   DEBUG][0m - freeze_training               : False[0m
[1,0]<stdout>:[35m[2026-05-18 17:30:28,244] [   DEBUG][0m - fuse_optimizer_states         : False[0m
[1,0]<stdout>:[35m[2026-05-18 17:30:28,244] [   DEBUG][0m - fuse_sequence_parallel_allreduce: False[0m
[1,0]<stdout>:[35m[2026-05-18 17:30:28,245] [   DEBUG][0m - fuse_swiglu                   : False[0m
[1,0]<stdout>:[35m[2026-05-18 17:30:28,245] [   DEBUG][0m - gated_linear_unit             : True[0m
[1,0]<stdout>:[35m[2026-05-18 17:30:28,245] [   DEBUG][0m - gc_interval                   : 0[0m
[1,0]<stdout>:[35m[2026-05-18 17:30:28,245] [   DEBUG][0m - global_batch_size             : 16[0m
[1,0]<stdout>:[35m[2026-05-18 17:30:28,245] [   DEBUG][0m - global_logging_interval       : 1[0m
[1,0]<stdout>:[35m[2026-05-18 17:30:28,245] [   DEBUG][0m - gradient_accumulation_steps   : 4[0m
[1,0]<stdout>:[35m[2026-05-18 17:30:28,245] [   DEBUG][0m - gradient_sync_after_accumulate: False[0m
[1,0]<stdout>:[35m[2026-05-18 17:30:28,245] [   DEBUG][0m - greater_is_better             : None[0m
[1,0]<stdout>:[35m[2026-05-18 17:30:28,245] [   DEBUG][0m - hidden_dropout_prob           : 0.0[0m
[1,0]<stdout>:[35m[2026-05-18 17:30:28,245] [   DEBUG][0m - hidden_size                   : None[0m
[1,0]<stdout>:[35m[2026-05-18 17:30:28,245] [   DEBUG][0m - high_precision_rope           : False[0m
[1,0]<stdout>:[35m[2026-05-18 17:30:28,245] [   DEBUG][0m - hybrid_parallel_expert_grad_scale: 2.0[0m
[1,0]<stdout>:[35m[2026-05-18 17:30:28,245] [   DEBUG][0m - hybrid_parallel_topo_order    : sharding_first[0m
[1,0]<stdout>:[35m[2026-05-18 17:30:28,245] [   DEBUG][0m - ignore_data_skip              : False[0m
[1,0]<stdout>:[35m[2026-05-18 17:30:28,245] [   DEBUG][0m - ignore_eos_token              : False[0m
[1,0]<stdout>:[35m[2026-05-18 17:30:28,245] [   DEBUG][0m - ignore_load_lr_and_optim      : False[0m
[1,0]<stdout>:[35m[2026-05-18 17:30:28,245] [   DEBUG][0m - ignore_save_lr_and_optim      : False[0m
[1,0]<stdout>:[35m[2026-05-18 17:30:28,245] [   DEBUG][0m - init_method                   : None[0m
[1,0]<stdout>:[35m[2026-05-18 17:30:28,245] [   DEBUG][0m - intermediate_size             : None[0m
[1,0]<stdout>:[35m[2026-05-18 17:30:28,245] [   DEBUG][0m - label_names                   : None[0m
[1,0]<stdout>:[35m[2026-05-18 17:30:28,245] [   DEBUG][0m - label_smoothing               : 0.0[0m
[1,0]<stdout>:[35m[2026-05-18 17:30:28,245] [   DEBUG][0m - lazy_data_processing          : True[0m
[1,0]<stdout>:[35m[2026-05-18 17:30:28,245] [   DEBUG][0m - learning_rate                 : 0.0001[0m
[1,0]<stdout>:[35m[2026-05-18 17:30:28,245] [   DEBUG][0m - load_best_model_at_end        : False[0m
[1,0]<stdout>:[35m[2026-05-18 17:30:28,245] [   DEBUG][0m - load_checkpoint_format        : sharding_io[0m
[1,0]<stdout>:[35m[2026-05-18 17:30:28,245] [   DEBUG][0m - load_from_hf                  : False[0m
[1,0]<stdout>:[35m[2026-05-18 17:30:28,245] [   DEBUG][0m - load_sharded_model            : True[0m
[1,0]<stdout>:[35m[2026-05-18 17:30:28,245] [   DEBUG][0m - load_sharded_model_remap_parameter_name: False[0m
[1,0]<stdout>:[35m[2026-05-18 17:30:28,245] [   DEBUG][0m - load_via_cpu                  : True[0m
[1,0]<stdout>:[35m[2026-05-18 17:30:28,245] [   DEBUG][0m - local_process_index           : 0[0m
[1,0]<stdout>:[35m[2026-05-18 17:30:28,245] [   DEBUG][0m - local_rank                    : 0[0m
[1,0]<stdout>:[35m[2026-05-18 17:30:28,245] [   DEBUG][0m - log_global_grad_norm          : False[0m
[1,0]<stdout>:[35m[2026-05-18 17:30:28,245] [   DEBUG][0m - log_level                     : -1[0m
[1,0]<stdout>:[35m[2026-05-18 17:30:28,246] [   DEBUG][0m - log_level_replica             : -1[0m
[1,0]<stdout>:[35m[2026-05-18 17:30:28,246] [   DEBUG][0m - log_on_each_node              : True[0m
[1,0]<stdout>:[35m[2026-05-18 17:30:28,246] [   DEBUG][0m - logging_dir                   : ./logs/pt/llama3-8b_elastic[0m
[1,0]<stdout>:[35m[2026-05-18 17:30:28,246] [   DEBUG][0m - logging_first_step            : False[0m
[1,0]<stdout>:[35m[2026-05-18 17:30:28,246] [   DEBUG][0m - logging_steps                 : 1[0m
[1,0]<stdout>:[35m[2026-05-18 17:30:28,246] [   DEBUG][0m - logging_strategy              : IntervalStrategy.STEPS[0m
[1,0]<stdout>:[35m[2026-05-18 17:30:28,246] [   DEBUG][0m - logical_process_index         : 0[0m
[1,0]<stdout>:[35m[2026-05-18 17:30:28,246] [   DEBUG][0m - loss_subbatch_sequence_length : -1[0m
[1,0]<stdout>:[35m[2026-05-18 17:30:28,246] [   DEBUG][0m - loss_type                     : sigmoid[0m
[1,0]<stdout>:[35m[2026-05-18 17:30:28,246] [   DEBUG][0m - lr_end                        : 1e-07[0m
[1,0]<stdout>:[35m[2026-05-18 17:30:28,246] [   DEBUG][0m - lr_scheduler                  : cosine[0m
[1,0]<stdout>:[35m[2026-05-18 17:30:28,246] [   DEBUG][0m - lr_scheduler_type             : SchedulerType.LINEAR[0m
[1,0]<stdout>:[35m[2026-05-18 17:30:28,246] [   DEBUG][0m - max_estimate_samples          : 100000.0[0m
[1,0]<stdout>:[35m[2026-05-18 17:30:28,246] [   DEBUG][0m - max_evaluate_steps            : -1[0m
[1,0]<stdout>:[35m[2026-05-18 17:30:28,246] [   DEBUG][0m - max_grad_norm                 : 1.0[0m
[1,0]<stdout>:[35m[2026-05-18 17:30:28,246] [   DEBUG][0m - max_gradient_accumulation_steps: 4[0m
[1,0]<stdout>:[35m[2026-05-18 17:30:28,246] [   DEBUG][0m - max_seq_len                   : 4096[0m
[1,0]<stdout>:[35m[2026-05-18 17:30:28,246] [   DEBUG][0m - max_steps                     : 90[0m
[1,0]<stdout>:[35m[2026-05-18 17:30:28,246] [   DEBUG][0m - merge_with_qdq_base_model     : False[0m
[1,0]<stdout>:[35m[2026-05-18 17:30:28,246] [   DEBUG][0m - metric_for_best_model         : None[0m
[1,0]<stdout>:[35m[2026-05-18 17:30:28,246] [   DEBUG][0m - metrics_output_path           : None[0m
[1,0]<stdout>:[35m[2026-05-18 17:30:28,246] [   DEBUG][0m - min_lr                        : 0.0[0m
[1,0]<stdout>:[35m[2026-05-18 17:30:28,246] [   DEBUG][0m - minimum_eval_times            : None[0m
[1,0]<stdout>:[35m[2026-05-18 17:30:28,246] [   DEBUG][0m - model_name_or_path            : ./models/Llama-3-8b[0m
[1,0]<stdout>:[35m[2026-05-18 17:30:28,246] [   DEBUG][0m - moe_deep_gemm                 : False[0m
[1,0]<stdout>:[35m[2026-05-18 17:30:28,246] [   DEBUG][0m - moe_deepep_num_sms            : None[0m
[1,0]<stdout>:[35m[2026-05-18 17:30:28,246] [   DEBUG][0m - moe_dequant_input             : False[0m
[1,0]<stdout>:[35m[2026-05-18 17:30:28,246] [   DEBUG][0m - moe_dropout_prob              : 0.0[0m
[1,0]<stdout>:[35m[2026-05-18 17:30:28,246] [   DEBUG][0m - moe_ep_barrier                : True[0m
[1,0]<stdout>:[35m[2026-05-18 17:30:28,246] [   DEBUG][0m - moe_expert_capacity_factor    : 0.0[0m
[1,0]<stdout>:[35m[2026-05-18 17:30:28,246] [   DEBUG][0m - moe_expert_fusion             : True[0m
[1,0]<stdout>:[35m[2026-05-18 17:30:28,247] [   DEBUG][0m - moe_gate_lr_ratio             : None[0m
[1,0]<stdout>:[35m[2026-05-18 17:30:28,247] [   DEBUG][0m - moe_grouped_gemm              : False[0m
[1,0]<stdout>:[35m[2026-05-18 17:30:28,247] [   DEBUG][0m - moe_pad_expert_input_to_capacity: False[0m
[1,0]<stdout>:[35m[2026-05-18 17:30:28,247] [   DEBUG][0m - moe_router_bias_update_rate   : 0.0[0m
[1,0]<stdout>:[35m[2026-05-18 17:30:28,247] [   DEBUG][0m - moe_router_force_load_balancing: False[0m
[1,0]<stdout>:[35m[2026-05-18 17:30:28,247] [   DEBUG][0m - moe_router_fusion             : True[0m
[1,0]<stdout>:[35m[2026-05-18 17:30:28,247] [   DEBUG][0m - moe_router_load_balancing_type: seq_aux_loss[0m
[1,0]<stdout>:[35m[2026-05-18 17:30:28,247] [   DEBUG][0m - moe_sharding_parallel_rank    : 0[0m
[1,0]<stdout>:[35m[2026-05-18 17:30:28,247] [   DEBUG][0m - moe_sharding_parallel_size    : 1[0m
[1,0]<stdout>:[35m[2026-05-18 17:30:28,247] [   DEBUG][0m - moe_shared_expert_overlap     : True[0m
[1,0]<stdout>:[35m[2026-05-18 17:30:28,247] [   DEBUG][0m - moe_subbatch_token_num_after_dispatch: None[0m
[1,0]<stdout>:[35m[2026-05-18 17:30:28,247] [   DEBUG][0m - moe_subbatch_token_num_before_dispatch: 0[0m
[1,0]<stdout>:[35m[2026-05-18 17:30:28,247] [   DEBUG][0m - moe_token_dispatcher_type     : deepep[0m
[1,0]<stdout>:[35m[2026-05-18 17:30:28,247] [   DEBUG][0m - moe_token_drop_policy         : probs[0m
[1,0]<stdout>:[35m[2026-05-18 17:30:28,247] [   DEBUG][0m - moe_use_fusion_node           : True[0m
[1,0]<stdout>:[35m[2026-05-18 17:30:28,247] [   DEBUG][0m - moe_with_send_router_loss     : True[0m
[1,0]<stdout>:[35m[2026-05-18 17:30:28,247] [   DEBUG][0m - mp_async_allreduce            : False[0m
[1,0]<stdout>:[35m[2026-05-18 17:30:28,247] [   DEBUG][0m - mp_fused_linear_param_grad_add: False[0m
[1,0]<stdout>:[35m[2026-05-18 17:30:28,247] [   DEBUG][0m - mp_skip_c_identity            : False[0m
[1,0]<stdout>:[35m[2026-05-18 17:30:28,247] [   DEBUG][0m - mtp_distillation_loss         : False[0m
[1,0]<stdout>:[35m[2026-05-18 17:30:28,247] [   DEBUG][0m - mtp_num_layers                : 0[0m
[1,0]<stdout>:[35m[2026-05-18 17:30:28,247] [   DEBUG][0m - multi_latent_attention        : False[0m
[1,0]<stdout>:[35m[2026-05-18 17:30:28,247] [   DEBUG][0m - muon_exclude_patterns         : ['embed', 'bias', 'lm_head', 'mlp.gate'][0m
[1,0]<stdout>:[35m[2026-05-18 17:30:28,247] [   DEBUG][0m - muon_extra_scale_factor       : 0.2[0m
[1,0]<stdout>:[35m[2026-05-18 17:30:28,247] [   DEBUG][0m - muon_ffn_split                : True[0m
[1,0]<stdout>:[35m[2026-05-18 17:30:28,247] [   DEBUG][0m - muon_momentum                 : 0.95[0m
[1,0]<stdout>:[35m[2026-05-18 17:30:28,247] [   DEBUG][0m - muon_ns_coeff_type            : quintic[0m
[1,0]<stdout>:[35m[2026-05-18 17:30:28,247] [   DEBUG][0m - muon_ns_coeffs                : None[0m
[1,0]<stdout>:[35m[2026-05-18 17:30:28,247] [   DEBUG][0m - muon_ns_steps                 : 5[0m
[1,0]<stdout>:[35m[2026-05-18 17:30:28,247] [   DEBUG][0m - muon_qkv_update_mode          : split_head[0m
[1,0]<stdout>:[35m[2026-05-18 17:30:28,247] [   DEBUG][0m - muon_version                  : 3[0m
[1,0]<stdout>:[35m[2026-05-18 17:30:28,248] [   DEBUG][0m - n_routed_experts              : None[0m
[1,0]<stdout>:[35m[2026-05-18 17:30:28,248] [   DEBUG][0m - nccl_comm_group_config        : None[0m
[1,0]<stdout>:[35m[2026-05-18 17:30:28,248] [   DEBUG][0m - need_data                     : True[0m
[1,0]<stdout>:[35m[2026-05-18 17:30:28,248] [   DEBUG][0m - no_cuda                       : False[0m
[1,0]<stdout>:[35m[2026-05-18 17:30:28,248] [   DEBUG][0m - no_recompute_layers           : None[0m
[1,0]<stdout>:[35m[2026-05-18 17:30:28,248] [   DEBUG][0m - no_rope_freq                  : False[0m
[1,0]<stdout>:[35m[2026-05-18 17:30:28,248] [   DEBUG][0m - non_batch_p2p_comm            : False[0m
[1,0]<stdout>:[35m[2026-05-18 17:30:28,248] [   DEBUG][0m - normalization                 : RMSNorm[0m
[1,0]<stdout>:[35m[2026-05-18 17:30:28,248] [   DEBUG][0m - normalize_logps               : False[0m
[1,0]<stdout>:[35m[2026-05-18 17:30:28,248] [   DEBUG][0m - num_attention_heads           : None[0m
[1,0]<stdout>:[35m[2026-05-18 17:30:28,248] [   DEBUG][0m - num_consecutive               : 1[0m
[1,0]<stdout>:[35m[2026-05-18 17:30:28,248] [   DEBUG][0m - num_cycles                    : 0.5[0m
[1,0]<stdout>:[35m[2026-05-18 17:30:28,248] [   DEBUG][0m - num_empty_layers_add_in_head  : 0[0m
[1,0]<stdout>:[35m[2026-05-18 17:30:28,248] [   DEBUG][0m - num_empty_layers_add_in_tail  : 0[0m
[1,0]<stdout>:[35m[2026-05-18 17:30:28,248] [   DEBUG][0m - num_experts_per_tok           : None[0m
[1,0]<stdout>:[35m[2026-05-18 17:30:28,248] [   DEBUG][0m - num_hidden_layers             : None[0m
[1,0]<stdout>:[35m[2026-05-18 17:30:28,248] [   DEBUG][0m - num_key_value_heads           : None[0m
[1,0]<stdout>:[35m[2026-05-18 17:30:28,248] [   DEBUG][0m - num_nextn_predict_layers      : 0[0m
[1,0]<stdout>:[35m[2026-05-18 17:30:28,248] [   DEBUG][0m - num_of_gpus                   : -1[0m
[1,0]<stdout>:[35m[2026-05-18 17:30:28,248] [   DEBUG][0m - num_train_epochs              : 1.0[0m
[1,0]<stdout>:[35m[2026-05-18 17:30:28,248] [   DEBUG][0m - offload_fp8_expert_master_weight: True[0m
[1,0]<stdout>:[35m[2026-05-18 17:30:28,248] [   DEBUG][0m - offload_queue                 : False[0m
[1,0]<stdout>:[35m[2026-05-18 17:30:28,248] [   DEBUG][0m - offset_alpha                  : 0.0[0m
[1,0]<stdout>:[35m[2026-05-18 17:30:28,248] [   DEBUG][0m - online_merge_ema              : True[0m
[1,0]<stdout>:[35m[2026-05-18 17:30:28,248] [   DEBUG][0m - optim                         : OptimizerNames.ADAMW[0m
[1,0]<stdout>:[35m[2026-05-18 17:30:28,248] [   DEBUG][0m - optim_shard_num               : 1[0m
[1,0]<stdout>:[35m[2026-05-18 17:30:28,248] [   DEBUG][0m - optimizer_name_suffix         : tp00_pp00_shard00[0m
[1,0]<stdout>:[35m[2026-05-18 17:30:28,248] [   DEBUG][0m - ordered_save_group_size       : 0[0m
[1,0]<stdout>:[35m[2026-05-18 17:30:28,248] [   DEBUG][0m - output_dir                    : ./checkpoints/pt/llama3-8b_elastic[0m
[1,0]<stdout>:[35m[2026-05-18 17:30:28,248] [   DEBUG][0m - output_layer_init_method      : None[0m
[1,0]<stdout>:[35m[2026-05-18 17:30:28,248] [   DEBUG][0m - output_signal_dir             : ./checkpoints/pt/llama3-8b_elastic[0m
[1,0]<stdout>:[35m[2026-05-18 17:30:28,249] [   DEBUG][0m - overlap                       : False[0m
[1,0]<stdout>:[35m[2026-05-18 17:30:28,249] [   DEBUG][0m - overlap_p2p_comm              : False[0m
[1,0]<stdout>:[35m[2026-05-18 17:30:28,249] [   DEBUG][0m - overwrite_output_dir          : True[0m
[1,0]<stdout>:[35m[2026-05-18 17:30:28,249] [   DEBUG][0m - p2p_cache_shape               : True[0m
[1,0]<stdout>:[35m[2026-05-18 17:30:28,249] [   DEBUG][0m - pad_token_id                  : 0[0m
[1,0]<stdout>:[35m[2026-05-18 17:30:28,249] [   DEBUG][0m - partial_send_recv             : True[0m
[1,0]<stdout>:[35m[2026-05-18 17:30:28,249] [   DEBUG][0m - past_index                    : -1[0m
[1,0]<stdout>:[35m[2026-05-18 17:30:28,249] [   DEBUG][0m - pdc_download_ckpt             : False[0m
[1,0]<stdout>:[35m[2026-05-18 17:30:28,249] [   DEBUG][0m - pdc_download_timeout          : 300[0m
[1,0]<stdout>:[35m[2026-05-18 17:30:28,249] [   DEBUG][0m - per_device_eval_batch_size    : 8[0m
[1,0]<stdout>:[35m[2026-05-18 17:30:28,249] [   DEBUG][0m - per_device_train_batch_size   : 1[0m
[1,0]<stdout>:[35m[2026-05-18 17:30:28,249] [   DEBUG][0m - pipeline_model_parallel_size  : 2[0m
[1,0]<stdout>:[35m[2026-05-18 17:30:28,249] [   DEBUG][0m - pipeline_parallel_config      : [0m
[1,0]<stdout>:[35m[2026-05-18 17:30:28,249] [   DEBUG][0m - pipeline_parallel_rank        : 0[0m
[1,0]<stdout>:[35m[2026-05-18 17:30:28,249] [   DEBUG][0m - position_embedding_type       : rope[0m
[1,0]<stdout>:[35m[2026-05-18 17:30:28,249] [   DEBUG][0m - power                         : 1.0[0m
[1,0]<stdout>:[35m[2026-05-18 17:30:28,249] [   DEBUG][0m - pp_delay_scale_loss           : True[0m
[1,0]<stdout>:[35m[2026-05-18 17:30:28,249] [   DEBUG][0m - pp_need_data                  : False[0m
[1,0]<stdout>:[35m[2026-05-18 17:30:28,249] [   DEBUG][0m - pp_need_data_degree           : 0[0m
[1,0]<stdout>:[35m[2026-05-18 17:30:28,249] [   DEBUG][0m - pp_release_grads              : False[0m
[1,0]<stdout>:[35m[2026-05-18 17:30:28,249] [   DEBUG][0m - pp_sharding_comm_overlap      : False[0m
[1,0]<stdout>:[35m[2026-05-18 17:30:28,249] [   DEBUG][0m - pp_sync_moment                : False[0m
[1,0]<stdout>:[35m[2026-05-18 17:30:28,249] [   DEBUG][0m - pp_sync_param                 : False[0m
[1,0]<stdout>:[35m[2026-05-18 17:30:28,249] [   DEBUG][0m - pre_alloc_memory              : 0[0m
[1,0]<stdout>:[35m[2026-05-18 17:30:28,249] [   DEBUG][0m - prediction_loss_only          : False[0m
[1,0]<stdout>:[35m[2026-05-18 17:30:28,249] [   DEBUG][0m - pref_loss_ratio               : 1.0[0m
[1,0]<stdout>:[35m[2026-05-18 17:30:28,249] [   DEBUG][0m - prefetch_factor               : 2[0m
[1,0]<stdout>:[35m[2026-05-18 17:30:28,249] [   DEBUG][0m - process_index                 : 0[0m
[1,0]<stdout>:[35m[2026-05-18 17:30:28,249] [   DEBUG][0m - profile                       : False[0m
[1,0]<stdout>:[35m[2026-05-18 17:30:28,249] [   DEBUG][0m - profile_step_end              : 12[0m
[1,0]<stdout>:[35m[2026-05-18 17:30:28,249] [   DEBUG][0m - profile_step_start            : 10[0m
[1,0]<stdout>:[35m[2026-05-18 17:30:28,249] [   DEBUG][0m - recompute_granularity         : full[0m
[1,0]<stdout>:[35m[2026-05-18 17:30:28,249] [   DEBUG][0m - recompute_method              : uniform[0m
[1,0]<stdout>:[35m[2026-05-18 17:30:28,250] [   DEBUG][0m - recompute_modules             : None[0m
[1,0]<stdout>:[35m[2026-05-18 17:30:28,250] [   DEBUG][0m - recompute_mtp_granularity     : None[0m
[1,0]<stdout>:[35m[2026-05-18 17:30:28,250] [   DEBUG][0m - recompute_mtp_method          : None[0m
[1,0]<stdout>:[35m[2026-05-18 17:30:28,250] [   DEBUG][0m - recompute_mtp_modules         : None[0m
[1,0]<stdout>:[35m[2026-05-18 17:30:28,250] [   DEBUG][0m - recompute_num_layers          : 1[0m
[1,0]<stdout>:[35m[2026-05-18 17:30:28,250] [   DEBUG][0m - recompute_use_reentrant       : True[0m
[1,0]<stdout>:[35m[2026-05-18 17:30:28,250] [   DEBUG][0m - reeao_dataset_rank            : 0[0m
[1,0]<stdout>:[35m[2026-05-18 17:30:28,250] [   DEBUG][0m - reeao_dataset_world_size      : 4[0m
[1,0]<stdout>:[35m[2026-05-18 17:30:28,250] [   DEBUG][0m - ref_model_update_steps        : -1[0m
[1,0]<stdout>:[35m[2026-05-18 17:30:28,250] [   DEBUG][0m - reference_free                : False[0m
[1,0]<stdout>:[35m[2026-05-18 17:30:28,250] [   DEBUG][0m - release_grads                 : False[0m
[1,0]<stdout>:[35m[2026-05-18 17:30:28,250] [   DEBUG][0m - remove_unused_columns         : True[0m
[1,0]<stdout>:[35m[2026-05-18 17:30:28,250] [   DEBUG][0m - reorder_pipeline_priority     : False[0m
[1,0]<stdout>:[35m[2026-05-18 17:30:28,250] [   DEBUG][0m - replace_with_c_embedding      : False[0m
[1,0]<stdout>:[35m[2026-05-18 17:30:28,250] [   DEBUG][0m - replace_with_parallel_cross_entropy: False[0m
[1,0]<stdout>:[35m[2026-05-18 17:30:28,250] [   DEBUG][0m - replicate_saved_into_local    : False[0m
[1,0]<stdout>:[35m[2026-05-18 17:30:28,250] [   DEBUG][0m - report_to                     : ['visualdl'][0m
[1,0]<stdout>:[35m[2026-05-18 17:30:28,250] [   DEBUG][0m - resume_from_checkpoint        : None[0m
[1,0]<stdout>:[35m[2026-05-18 17:30:28,250] [   DEBUG][0m - resume_from_huggingface_ckpt  : None[0m
[1,0]<stdout>:[35m[2026-05-18 17:30:28,250] [   DEBUG][0m - router_aux_loss_coef          : 0.0[0m
[1,0]<stdout>:[35m[2026-05-18 17:30:28,250] [   DEBUG][0m - router_z_loss_coef            : None[0m
[1,0]<stdout>:[35m[2026-05-18 17:30:28,250] [   DEBUG][0m - run_name                      : ./checkpoints/pt/llama3-8b_elastic[0m
[1,0]<stdout>:[35m[2026-05-18 17:30:28,250] [   DEBUG][0m - same_data                     : None[0m
[1,0]<stdout>:[35m[2026-05-18 17:30:28,250] [   DEBUG][0m - save_checkpoint_format        : sharding_io[0m
[1,0]<stdout>:[35m[2026-05-18 17:30:28,250] [   DEBUG][0m - save_hf_memory_growth_threshold: 8[0m
[1,0]<stdout>:[35m[2026-05-18 17:30:28,250] [   DEBUG][0m - save_hf_steps                 : -1[0m
[1,0]<stdout>:[35m[2026-05-18 17:30:28,250] [   DEBUG][0m - save_hf_total_limit           : None[0m
[1,0]<stdout>:[35m[2026-05-18 17:30:28,250] [   DEBUG][0m - save_last_step                : False[0m
[1,0]<stdout>:[35m[2026-05-18 17:30:28,250] [   DEBUG][0m - save_on_each_node             : False[0m
[1,0]<stdout>:[35m[2026-05-18 17:30:28,250] [   DEBUG][0m - save_rng_states               : False[0m
[1,0]<stdout>:[35m[2026-05-18 17:30:28,250] [   DEBUG][0m - save_sharded_model            : True[0m
[1,0]<stdout>:[35m[2026-05-18 17:30:28,250] [   DEBUG][0m - save_sharding_stage1_model_include_freeze_params: False[0m
[1,0]<stdout>:[35m[2026-05-18 17:30:28,251] [   DEBUG][0m - save_steps                    : 30[0m
[1,0]<stdout>:[35m[2026-05-18 17:30:28,251] [   DEBUG][0m - save_strategy                 : IntervalStrategy.STEPS[0m
[1,0]<stdout>:[35m[2026-05-18 17:30:28,251] [   DEBUG][0m - save_to_hf                    : False[0m
[1,0]<stdout>:[35m[2026-05-18 17:30:28,251] [   DEBUG][0m - save_tokenizer                : True[0m
[1,0]<stdout>:[35m[2026-05-18 17:30:28,251] [   DEBUG][0m - save_total_limit              : 1[0m
[1,0]<stdout>:[35m[2026-05-18 17:30:28,251] [   DEBUG][0m - scale_loss                    : 32768[0m
[1,0]<stdout>:[35m[2026-05-18 17:30:28,251] [   DEBUG][0m - sd_release_grads              : False[0m
[1,0]<stdout>:[35m[2026-05-18 17:30:28,251] [   DEBUG][0m - sd_sharding_comm_overlap      : False[0m
[1,0]<stdout>:[35m[2026-05-18 17:30:28,251] [   DEBUG][0m - sd_shardingv1_comm_overlap    : False[0m
[1,0]<stdout>:[35m[2026-05-18 17:30:28,251] [   DEBUG][0m - seed                          : 23[0m
[1,0]<stdout>:[35m[2026-05-18 17:30:28,251] [   DEBUG][0m - send_recv_overlap             : False[0m
[1,0]<stdout>:[35m[2026-05-18 17:30:28,251] [   DEBUG][0m - sep_parallel_size             : 1[0m
[1,0]<stdout>:[35m[2026-05-18 17:30:28,251] [   DEBUG][0m - sequence_parallel             : False[0m
[1,0]<stdout>:[35m[2026-05-18 17:30:28,251] [   DEBUG][0m - sequence_parallel_config      : [0m
[1,0]<stdout>:[35m[2026-05-18 17:30:28,251] [   DEBUG][0m - sft_loss_ratio                : 0.0[0m
[1,0]<stdout>:[35m[2026-05-18 17:30:28,251] [   DEBUG][0m - sharded_model_from_ema        : False[0m
[1,0]<stdout>:[35m[2026-05-18 17:30:28,251] [   DEBUG][0m - sharding                      : [<ShardingOption.SHARD_OP: 'stage1'>][0m
[1,0]<stdout>:[35m[2026-05-18 17:30:28,251] [   DEBUG][0m - sharding_comm_buffer_size_MB  : -1[0m
[1,0]<stdout>:[35m[2026-05-18 17:30:28,251] [   DEBUG][0m - sharding_degree               : -1[0m
[1,0]<stdout>:[35m[2026-05-18 17:30:28,251] [   DEBUG][0m - sharding_offload_opt_buffersize_GB: -1[0m
[1,0]<stdout>:[35m[2026-05-18 17:30:28,251] [   DEBUG][0m - sharding_parallel_config      : [0m
[1,0]<stdout>:[35m[2026-05-18 17:30:28,251] [   DEBUG][0m - sharding_parallel_mesh_dimension: dp[0m
[1,0]<stdout>:[35m[2026-05-18 17:30:28,251] [   DEBUG][0m - sharding_parallel_rank        : 0[0m
[1,0]<stdout>:[35m[2026-05-18 17:30:28,251] [   DEBUG][0m - sharding_parallel_size        : 4[0m
[1,0]<stdout>:[35m[2026-05-18 17:30:28,251] [   DEBUG][0m - should_load_dataset           : True[0m
[1,0]<stdout>:[35m[2026-05-18 17:30:28,251] [   DEBUG][0m - should_load_sharding_stage1_model: True[0m
[1,0]<stdout>:[35m[2026-05-18 17:30:28,251] [   DEBUG][0m - should_log                    : True[0m
[1,0]<stdout>:[35m[2026-05-18 17:30:28,251] [   DEBUG][0m - should_save                   : True[0m
[1,0]<stdout>:[35m[2026-05-18 17:30:28,251] [   DEBUG][0m - should_save_model_state       : True[0m
[1,0]<stdout>:[35m[2026-05-18 17:30:28,251] [   DEBUG][0m - should_save_model_with_tensor_fusion: False[0m
[1,0]<stdout>:[35m[2026-05-18 17:30:28,251] [   DEBUG][0m - should_save_sharding_stage1_model: True[0m
[1,0]<stdout>:[35m[2026-05-18 17:30:28,252] [   DEBUG][0m - shuffle_consecutive           : False[0m
[1,0]<stdout>:[35m[2026-05-18 17:30:28,252] [   DEBUG][0m - simpo_gamma                   : 0.5[0m
[1,0]<stdout>:[35m[2026-05-18 17:30:28,252] [   DEBUG][0m - skip_data_intervals           : None[0m
[1,0]<stdout>:[35m[2026-05-18 17:30:28,252] [   DEBUG][0m - skip_memory_metrics           : True[0m
[1,0]<stdout>:[35m[2026-05-18 17:30:28,252] [   DEBUG][0m - skip_profile_timer            : True[0m
[1,0]<stdout>:[35m[2026-05-18 17:30:28,252] [   DEBUG][0m - softmax_scale                 : None[0m
[1,0]<stdout>:[35m[2026-05-18 17:30:28,252] [   DEBUG][0m - softmax_type                  : vanilla[0m
[1,0]<stdout>:[35m[2026-05-18 17:30:28,252] [   DEBUG][0m - sp_allreduce_avg_in_gradinent_scale: False[0m
[1,0]<stdout>:[35m[2026-05-18 17:30:28,252] [   DEBUG][0m - sp_async_reduce_scatter       : False[0m
[1,0]<stdout>:[35m[2026-05-18 17:30:28,252] [   DEBUG][0m - split_backward                : False[0m
[1,0]<stdout>:[35m[2026-05-18 17:30:28,252] [   DEBUG][0m - split_inputs_sequence_dim     : True[0m
[1,0]<stdout>:[35m[2026-05-18 17:30:28,252] [   DEBUG][0m - split_norm_comm               : False[0m
[1,0]<stdout>:[35m[2026-05-18 17:30:28,252] [   DEBUG][0m - split_param                   : True[0m
[1,0]<stdout>:[35m[2026-05-18 17:30:28,252] [   DEBUG][0m - stage1_allgather_overlap      : False[0m
[1,0]<stdout>:[35m[2026-05-18 17:30:28,252] [   DEBUG][0m - stage1_broadcast_overlap      : False[0m
[1,0]<stdout>:[35m[2026-05-18 17:30:28,252] [   DEBUG][0m - stage1_overlap                : False[0m
[1,0]<stdout>:[35m[2026-05-18 17:30:28,252] [   DEBUG][0m - stage1_reduce_avg             : True[0m
[1,0]<stdout>:[35m[2026-05-18 17:30:28,252] [   DEBUG][0m - stage1_tensor_fusion          : False[0m
[1,0]<stdout>:[35m[2026-05-18 17:30:28,252] [   DEBUG][0m - stage2_overlap                : False[0m
[1,0]<stdout>:[35m[2026-05-18 17:30:28,252] [   DEBUG][0m - sync_grad                     : False[0m
[1,0]<stdout>:[35m[2026-05-18 17:30:28,252] [   DEBUG][0m - tensor_fusion                 : False[0m
[1,0]<stdout>:[35m[2026-05-18 17:30:28,252] [   DEBUG][0m - tensor_model_parallel_size    : 2[0m
[1,0]<stdout>:[35m[2026-05-18 17:30:28,252] [   DEBUG][0m - tensor_parallel_config        : [0m
[1,0]<stdout>:[35m[2026-05-18 17:30:28,252] [   DEBUG][0m - tensor_parallel_output        : True[0m
[1,0]<stdout>:[35m[2026-05-18 17:30:28,252] [   DEBUG][0m - tensor_parallel_rank          : 0[0m
[1,0]<stdout>:[35m[2026-05-18 17:30:28,252] [   DEBUG][0m - tensorwise_offload_optimizer  : False[0m
[1,0]<stdout>:[35m[2026-05-18 17:30:28,252] [   DEBUG][0m - tie_word_embeddings           : None[0m
[1,0]<stdout>:[35m[2026-05-18 17:30:28,252] [   DEBUG][0m - timer                         : False[0m
[1,0]<stdout>:[35m[2026-05-18 17:30:28,252] [   DEBUG][0m - to_static                     : False[0m
[1,0]<stdout>:[35m[2026-05-18 17:30:28,252] [   DEBUG][0m - token_balance_loss            : False[0m
[1,0]<stdout>:[35m[2026-05-18 17:30:28,252] [   DEBUG][0m - tp_async_allreduce            : False[0m
[1,0]<stdout>:[35m[2026-05-18 17:30:28,252] [   DEBUG][0m - tp_sync_moment                : False[0m
[1,0]<stdout>:[35m[2026-05-18 17:30:28,252] [   DEBUG][0m - tp_sync_param                 : False[0m
[1,0]<stdout>:[35m[2026-05-18 17:30:28,253] [   DEBUG][0m - train_batch_size              : 1[0m
[1,0]<stdout>:[35m[2026-05-18 17:30:28,253] [   DEBUG][0m - train_mtp_only                : False[0m
[1,0]<stdout>:[35m[2026-05-18 17:30:28,253] [   DEBUG][0m - unified_checkpoint            : False[0m
[1,0]<stdout>:[35m[2026-05-18 17:30:28,253] [   DEBUG][0m - unified_checkpoint_config     : [0m
[1,0]<stdout>:[35m[2026-05-18 17:30:28,253] [   DEBUG][0m - use_async_save                : False[0m
[1,0]<stdout>:[35m[2026-05-18 17:30:28,253] [   DEBUG][0m - use_cache                     : False[0m
[1,0]<stdout>:[35m[2026-05-18 17:30:28,253] [   DEBUG][0m - use_dualpipev                 : False[0m
[1,0]<stdout>:[35m[2026-05-18 17:30:28,253] [   DEBUG][0m - use_expert_parallel           : False[0m
[1,0]<stdout>:[35m[2026-05-18 17:30:28,253] [   DEBUG][0m - use_filtered_label_loss       : False[0m
[1,0]<stdout>:[35m[2026-05-18 17:30:28,253] [   DEBUG][0m - use_fp8                       : False[0m
[1,0]<stdout>:[35m[2026-05-18 17:30:28,253] [   DEBUG][0m - use_fused_head_and_loss_fn    : False[0m
[1,0]<stdout>:[35m[2026-05-18 17:30:28,253] [   DEBUG][0m - use_fused_linear_cross_entropy: False[0m
[1,0]<stdout>:[35m[2026-05-18 17:30:28,253] [   DEBUG][0m - use_hybrid_parallel           : True[0m
[1,0]<stdout>:[35m[2026-05-18 17:30:28,253] [   DEBUG][0m - use_intermediate_api          : False[0m
[1,0]<stdout>:[35m[2026-05-18 17:30:28,253] [   DEBUG][0m - use_lowprecision_moment       : False[0m
[1,0]<stdout>:[35m[2026-05-18 17:30:28,253] [   DEBUG][0m - use_moe                       : False[0m
[1,0]<stdout>:[35m[2026-05-18 17:30:28,253] [   DEBUG][0m - use_ortho_loss_callback       : False[0m
[1,0]<stdout>:[35m[2026-05-18 17:30:28,253] [   DEBUG][0m - use_qk_norm                   : None[0m
[1,0]<stdout>:[35m[2026-05-18 17:30:28,253] [   DEBUG][0m - use_recompute_mtp             : False[0m
[1,0]<stdout>:[35m[2026-05-18 17:30:28,253] [   DEBUG][0m - use_unified_moe               : False[0m
[1,0]<stdout>:[35m[2026-05-18 17:30:28,253] [   DEBUG][0m - using_sonic_moe               : False[0m
[1,0]<stdout>:[35m[2026-05-18 17:30:28,253] [   DEBUG][0m - variable_seq_lengths          : False[0m
[1,0]<stdout>:[35m[2026-05-18 17:30:28,253] [   DEBUG][0m - virtual_pipeline_model_parallel_size: 1[0m
[1,0]<stdout>:[35m[2026-05-18 17:30:28,253] [   DEBUG][0m - wandb_api_key                 : None[0m
[1,0]<stdout>:[35m[2026-05-18 17:30:28,253] [   DEBUG][0m - wandb_http_proxy              : None[0m
[1,0]<stdout>:[35m[2026-05-18 17:30:28,253] [   DEBUG][0m - warmup_ratio                  : 0.0[0m
[1,0]<stdout>:[35m[2026-05-18 17:30:28,253] [   DEBUG][0m - warmup_steps                  : 10[0m
[1,0]<stdout>:[35m[2026-05-18 17:30:28,253] [   DEBUG][0m - weight_decay                  : 0.0[0m
[1,0]<stdout>:[35m[2026-05-18 17:30:28,253] [   DEBUG][0m - weight_name_suffix            : tp00_pp00[0m
[1,0]<stdout>:[35m[2026-05-18 17:30:28,253] [   DEBUG][0m - weight_quantize_algo          : None[0m
[1,0]<stdout>:[35m[2026-05-18 17:30:28,253] [   DEBUG][0m - world_size                    : 16[0m
[1,0]<stdout>:[35m[2026-05-18 17:30:28,253] [   DEBUG][0m - zcc_ema_interval              : 1[0m
[1,0]<stdout>:[35m[2026-05-18 17:30:28,253] [   DEBUG][0m - zcc_ema_loss_threshold        : None[0m
[1,0]<stdout>:[35m[2026-05-18 17:30:28,254] [   DEBUG][0m - zcc_pipeline_hooks_capacity_usage: 0.6[0m
[1,0]<stdout>:[35m[2026-05-18 17:30:28,254] [   DEBUG][0m - zcc_save_ema_coef             : None[0m
[1,0]<stdout>:[35m[2026-05-18 17:30:28,254] [   DEBUG][0m - zcc_workers_num               : 3[0m
[1,0]<stdout>:[35m[2026-05-18 17:30:28,254] [   DEBUG][0m - [0m
[1,0]<stdout>:[32m[2026-05-18 17:30:28,254] [    INFO][0m - The global seed is set to 23, local seed is set to 39 and random seed is set to 23.[0m
[1,0]<stdout>:[33m[2026-05-18 17:30:28,254] [ WARNING][0m - Process rank: 0, device: gpu, world_size: 16, distributed training: True, 16-bits training: True[0m
[1,0]<stdout>:[32m[2026-05-18 17:30:28,255] [    INFO][0m - Using download source: huggingface[0m
[1,0]<stdout>:[32m[2026-05-18 17:30:28,255] [    INFO][0m - Using download source: huggingface[0m
[1,0]<stdout>:[32m[2026-05-18 17:30:28,255] [    INFO][0m - Loading configuration file ./models/Llama-3-8b/config.json[0m
[1,0]<stdout>:[32m[2026-05-18 17:30:28,257] [    INFO][0m - Final model config: LlamaConfig {
[1,0]<stdout>:  "architectures": [
[1,0]<stdout>:    "LlamaForCausalLM"
[1,0]<stdout>:  ],
[1,0]<stdout>:  "attention_bias": false,
[1,0]<stdout>:  "attention_dropout": 0.0,
[1,0]<stdout>:  "bos_token_id": 128000,
[1,0]<stdout>:  "enable_auto_parallel": false,
[1,0]<stdout>:  "eos_token_id": 128001,
[1,0]<stdout>:  "fa_version": 4,
[1,0]<stdout>:  "head_dim": 128,
[1,0]<stdout>:  "hidden_act": "silu",
[1,0]<stdout>:  "hidden_size": 4096,
[1,0]<stdout>:  "initializer_range": 0.02,
[1,0]<stdout>:  "intermediate_size": 14336,
[1,0]<stdout>:  "is_lora": false,
[1,0]<stdout>:  "max_position_embeddings": 8192,
[1,0]<stdout>:  "max_sequence_length": 4096,
[1,0]<stdout>:  "mlp_bias": false,
[1,0]<stdout>:  "model_type": "llama",
[1,0]<stdout>:  "moe_router_bias_update_rate": 0.0,
[1,0]<stdout>:  "num_attention_heads": 32,
[1,0]<stdout>:  "num_hidden_layers": 32,
[1,0]<stdout>:  "num_key_value_heads": 8,
[1,0]<stdout>:  "pad_token_id": 0,
[1,0]<stdout>:  "paddleformers_version": "1.1.0.post20260518",
[1,0]<stdout>:  "pipeline_model_parallel_size": 2,
[1,0]<stdout>:  "pp_seg_method": "layer:DecoderLayer|EmptyLayer",
[1,0]<stdout>:  "pretraining_tp": 1,
[1,0]<stdout>:  "recompute_granularity": "full",
[1,0]<stdout>:  "recompute_method": "uniform",
[1,0]<stdout>:  "recompute_num_layers": 1,
[1,0]<stdout>:  "rms_norm_eps": 1e-05,
[1,0]<stdout>:  "rope_parameters": {
[1,0]<stdout>:    "rope_theta": 500000.0,
[1,0]<stdout>:    "rope_type": "default"
[1,0]<stdout>:  },
[1,0]<stdout>:  "rope_scaling": null,
[1,0]<stdout>:  "rope_theta": 500000.0,
[1,0]<stdout>:  "seq_length": 4096,
[1,0]<stdout>:  "tensor_model_parallel_size": 2,
[1,0]<stdout>:  "tie_word_embeddings": false,
[1,0]<stdout>:  "torch_dtype": "float32",
[1,0]<stdout>:  "use_cache": true,
[1,0]<stdout>:  "use_fast_layer_norm": false,
[1,0]<stdout>:  "vocab_size": 128256
[1,0]<stdout>:}
[1,0]<stdout>:[0m
[1,0]<stdout>:[32m[2026-05-18 17:30:28,257] [    INFO][0m - Creating model[0m
[1,0]<stdout>:[32m[2026-05-18 17:30:28,257] [    INFO][0m - Loading model weights from ./models/Llama-3-8b[0m
[1,0]<stdout>:[32m[2026-05-18 17:30:28,262] [    INFO][0m - change initializer-range from 0.02 to 0.009020646889913162[0m
[1,0]<stdout>:[32m[2026-05-18 17:30:28,262] [    INFO][0m - using moe-group: dummy[0m
[1,0]<stdout>:[32m[2026-05-18 17:30:28,262] [    INFO][0m - use no_recompute_layers: {0, 1, 2, 3, 4, 5, 6, 7, 8, 9, 10, 11, 12, 13, 14, 15, 16, 17, 18, 19, 20, 21, 22, 23, 24, 25, 26, 27, 28, 29, 30, 31}[0m
[1,0]<stdout>:[32m[2026-05-18 17:30:28,262] [    INFO][0m - using recompute_interval=0, seg_method=layer:DecoderLayer|EmptyLayer[0m
[1,0]<stdout>:[32m[2026-05-18 17:30:28,262] [    INFO][0m - loss_subbatch_sequence_length: -1 , use_fused_head_and_loss_fn: False, use_filtered_label_loss: False[0m
[1,0]<stdout>:[32m[2026-05-18 17:30:28,262] [    INFO][0m - using parallel cross entroy, take care[0m
[1,0]<stdout>:[2026-05-18 17:30:28,263] [    INFO] pp_layers.py:871 - start segment network..
[1,0]<stdout>:[2026-05-18 17:30:28,263] [    INFO] pp_layers.py:877 - segment with method: layer:DecoderLayer|EmptyLayer; result: 0, 17, 35
[1,0]<stdout>:[2026-05-18 17:30:28,263] [    INFO] pp_layers.py:894 - stage=0, global_rank=0 ,layer_number=17
[1,0]<stdout>:[2026-05-18 17:30:28,264] [    INFO] pp_layers.py:899 - 0: EmbeddingPipe(config=LlamaConfig {
[1,0]<stdout>:  "architectures": [
[1,0]<stdout>:    "LlamaForCausalLM"
[1,0]<stdout>:  ],
[1,0]<stdout>:  "attention_bias": false,
[1,0]<stdout>:  "attention_dropout": 0.0,
[1,0]<stdout>:  "bos_token_id": 128000,
[1,0]<stdout>:  "enable_auto_parallel": false,
[1,0]<stdout>:  "eos_token_id": 128001,
[1,0]<stdout>:  "fa_version": 4,
[1,0]<stdout>:  "head_dim": 128,
[1,0]<stdout>:  "hidden_act": "silu",
[1,0]<stdout>:  "hidden_size": 4096,
[1,0]<stdout>:  "initializer_range": 0.009020646889913162,
[1,0]<stdout>:  "intermediate_size": 14336,
[1,0]<stdout>:  "is_lora": false,
[1,0]<stdout>:  "max_position_embeddings": 8192,
[1,0]<stdout>:  "max_sequence_length": 4096,
[1,0]<stdout>:  "mlp_bias": false,
[1,0]<stdout>:  "model_type": "llama",
[1,0]<stdout>:  "moe_group_origin": "dummy",
[1,0]<stdout>:  "moe_rank": 0,
[1,0]<stdout>:  "moe_router_bias_update_rate": 0.0,
[1,0]<stdout>:  "moe_world_size": 1,
[1,0]<stdout>:  "num_attention_heads": 32,
[1,0]<stdout>:  "num_hidden_layers": 32,
[1,0]<stdout>:  "num_key_value_heads": 8,
[1,0]<stdout>:  "pad_token_id": 0,
[1,0]<stdout>:  "paddleformers_version": "1.1.0.post20260518",
[1,0]<stdout>:  "pipeline_model_parallel_size": 2,
[1,0]<stdout>:  "pp_seg_method": "layer:DecoderLayer|EmptyLayer",
[1,0]<stdout>:  "pretraining_tp": 1,
[1,0]<stdout>:  "recompute_granularity": "full",
[1,0]<stdout>:  "recompute_method": "uniform",
[1,0]<stdout>:  "recompute_num_layers": 1,
[1,0]<stdout>:  "rms_norm_eps": 1e-05,
[1,0]<stdout>:  "rope_parameters": {
[1,0]<stdout>:    "rope_theta": 500000.0,
[1,0]<stdout>:    "rope_type": "default"
[1,0]<stdout>:  },
[1,0]<stdout>:  "rope_scaling": null,
[1,0]<stdout>:  "rope_theta": 500000.0,
[1,0]<stdout>:  "seq_length": 4096,
[1,0]<stdout>:  "tensor_model_parallel_size": 2,
[1,0]<stdout>:  "tie_word_embeddings": false,
[1,0]<stdout>:  "torch_dtype": "float32",
[1,0]<stdout>:  "use_cache": true,
[1,0]<stdout>:  "use_fast_layer_norm": false,
[1,0]<stdout>:  "vocab_size": 128256
[1,0]<stdout>:}
[1,0]<stdout>:, embed_cls=None, rotary_emb_cls=None)
[1,0]<stdout>:[2026-05-18 17:30:28,265] [    INFO] pp_layers.py:899 - 1: DecoderLayerPipe(config=LlamaConfig {
[1,0]<stdout>:  "architectures": [
[1,0]<stdout>:    "LlamaForCausalLM"
[1,0]<stdout>:  ],
[1,0]<stdout>:  "attention_bias": false,
[1,0]<stdout>:  "attention_dropout": 0.0,
[1,0]<stdout>:  "bos_token_id": 128000,
[1,0]<stdout>:  "enable_auto_parallel": false,
[1,0]<stdout>:  "eos_token_id": 128001,
[1,0]<stdout>:  "fa_version": 4,
[1,0]<stdout>:  "head_dim": 128,
[1,0]<stdout>:  "hidden_act": "silu",
[1,0]<stdout>:  "hidden_size": 4096,
[1,0]<stdout>:  "initializer_range": 0.009020646889913162,
[1,0]<stdout>:  "intermediate_size": 14336,
[1,0]<stdout>:  "is_lora": false,
[1,0]<stdout>:  "max_position_embeddings": 8192,
[1,0]<stdout>:  "max_sequence_length": 4096,
[1,0]<stdout>:  "mlp_bias": false,
[1,0]<stdout>:  "model_type": "llama",
[1,0]<stdout>:  "moe_group_origin": "dummy",
[1,0]<stdout>:  "moe_rank": 0,
[1,0]<stdout>:  "moe_router_bias_update_rate": 0.0,
[1,0]<stdout>:  "moe_world_size": 1,
[1,0]<stdout>:  "num_attention_heads": 32,
[1,0]<stdout>:  "num_hidden_layers": 32,
[1,0]<stdout>:  "num_key_value_heads": 8,
[1,0]<stdout>:  "pad_token_id": 0,
[1,0]<stdout>:  "paddleformers_version": "1.1.0.post20260518",
[1,0]<stdout>:  "pipeline_model_parallel_size": 2,
[1,0]<stdout>:  "pp_seg_method": "layer:DecoderLayer|EmptyLayer",
[1,0]<stdout>:  "pretraining_tp": 1,
[1,0]<stdout>:  "recompute_granularity": "full",
[1,0]<stdout>:  "recompute_method": "uniform",
[1,0]<stdout>:  "recompute_num_layers": 1,
[1,0]<stdout>:  "rms_norm_eps": 1e-05,
[1,0]<stdout>:  "rope_parameters": {
[1,0]<stdout>:    "rope_theta": 500000.0,
[1,0]<stdout>:    "rope_type": "default"
[1,0]<stdout>:  },
[1,0]<stdout>:  "rope_scaling": null,
[1,0]<stdout>:  "rope_theta": 500000.0,
[1,0]<stdout>:  "seq_length": 4096,
[1,0]<stdout>:  "tensor_model_parallel_size": 2,
[1,0]<stdout>:  "tie_word_embeddings": false,
[1,0]<stdout>:  "torch_dtype": "float32",
[1,0]<stdout>:  "use_cache": true,
[1,0]<stdout>:  "use_fast_layer_norm": false,
[1,0]<stdout>:  "vocab_size": 128256
[1,0]<stdout>:}
[1,0]<stdout>:, layer_idx=0)
[1,0]<stdout>:[2026-05-18 17:30:28,266] [    INFO] pp_layers.py:899 - 2: DecoderLayerPipe(config=LlamaConfig {
[1,0]<stdout>:  "architectures": [
[1,0]<stdout>:    "LlamaForCausalLM"
[1,0]<stdout>:  ],
[1,0]<stdout>:  "attention_bias": false,
[1,0]<stdout>:  "attention_dropout": 0.0,
[1,0]<stdout>:  "bos_token_id": 128000,
[1,0]<stdout>:  "enable_auto_parallel": false,
[1,0]<stdout>:  "eos_token_id": 128001,
[1,0]<stdout>:  "fa_version": 4,
[1,0]<stdout>:  "head_dim": 128,
[1,0]<stdout>:  "hidden_act": "silu",
[1,0]<stdout>:  "hidden_size": 4096,
[1,0]<stdout>:  "initializer_range": 0.009020646889913162,
[1,0]<stdout>:  "intermediate_size": 14336,
[1,0]<stdout>:  "is_lora": false,
[1,0]<stdout>:  "max_position_embeddings": 8192,
[1,0]<stdout>:  "max_sequence_length": 4096,
[1,0]<stdout>:  "mlp_bias": false,
[1,0]<stdout>:  "model_type": "llama",
[1,0]<stdout>:  "moe_group_origin": "dummy",
[1,0]<stdout>:  "moe_rank": 0,
[1,0]<stdout>:  "moe_router_bias_update_rate": 0.0,
[1,0]<stdout>:  "moe_world_size": 1,
[1,0]<stdout>:  "num_attention_heads": 32,
[1,0]<stdout>:  "num_hidden_layers": 32,
[1,0]<stdout>:  "num_key_value_heads": 8,
[1,0]<stdout>:  "pad_token_id": 0,
[1,0]<stdout>:  "paddleformers_version": "1.1.0.post20260518",
[1,0]<stdout>:  "pipeline_model_parallel_size": 2,
[1,0]<stdout>:  "pp_seg_method": "layer:DecoderLayer|EmptyLayer",
[1,0]<stdout>:  "pretraining_tp": 1,
[1,0]<stdout>:  "recompute_granularity": "full",
[1,0]<stdout>:  "recompute_method": "uniform",
[1,0]<stdout>:  "recompute_num_layers": 1,
[1,0]<stdout>:  "rms_norm_eps": 1e-05,
[1,0]<stdout>:  "rope_parameters": {
[1,0]<stdout>:    "rope_theta": 500000.0,
[1,0]<stdout>:    "rope_type": "default"
[1,0]<stdout>:  },
[1,0]<stdout>:  "rope_scaling": null,
[1,0]<stdout>:  "rope_theta": 500000.0,
[1,0]<stdout>:  "seq_length": 4096,
[1,0]<stdout>:  "tensor_model_parallel_size": 2,
[1,0]<stdout>:  "tie_word_embeddings": false,
[1,0]<stdout>:  "torch_dtype": "float32",
[1,0]<stdout>:  "use_cache": true,
[1,0]<stdout>:  "use_fast_layer_norm": false,
[1,0]<stdout>:  "vocab_size": 128256
[1,0]<stdout>:}
[1,0]<stdout>:, layer_idx=1)
[1,0]<stdout>:[2026-05-18 17:30:28,267] [    INFO] pp_layers.py:899 - 3: DecoderLayerPipe(config=LlamaConfig {
[1,0]<stdout>:  "architectures": [
[1,0]<stdout>:    "LlamaForCausalLM"
[1,0]<stdout>:  ],
[1,0]<stdout>:  "attention_bias": false,
[1,0]<stdout>:  "attention_dropout": 0.0,
[1,0]<stdout>:  "bos_token_id": 128000,
[1,0]<stdout>:  "enable_auto_parallel": false,
[1,0]<stdout>:  "eos_token_id": 128001,
[1,0]<stdout>:  "fa_version": 4,
[1,0]<stdout>:  "head_dim": 128,
[1,0]<stdout>:  "hidden_act": "silu",
[1,0]<stdout>:  "hidden_size": 4096,
[1,0]<stdout>:  "initializer_range": 0.009020646889913162,
[1,0]<stdout>:  "intermediate_size": 14336,
[1,0]<stdout>:  "is_lora": false,
[1,0]<stdout>:  "max_position_embeddings": 8192,
[1,0]<stdout>:  "max_sequence_length": 4096,
[1,0]<stdout>:  "mlp_bias": false,
[1,0]<stdout>:  "model_type": "llama",
[1,0]<stdout>:  "moe_group_origin": "dummy",
[1,0]<stdout>:  "moe_rank": 0,
[1,0]<stdout>:  "moe_router_bias_update_rate": 0.0,
[1,0]<stdout>:  "moe_world_size": 1,
[1,0]<stdout>:  "num_attention_heads": 32,
[1,0]<stdout>:  "num_hidden_layers": 32,
[1,0]<stdout>:  "num_key_value_heads": 8,
[1,0]<stdout>:  "pad_token_id": 0,
[1,0]<stdout>:  "paddleformers_version": "1.1.0.post20260518",
[1,0]<stdout>:  "pipeline_model_parallel_size": 2,
[1,0]<stdout>:  "pp_seg_method": "layer:DecoderLayer|EmptyLayer",
[1,0]<stdout>:  "pretraining_tp": 1,
[1,0]<stdout>:  "recompute_granularity": "full",
[1,0]<stdout>:  "recompute_method": "uniform",
[1,0]<stdout>:  "recompute_num_layers": 1,
[1,0]<stdout>:  "rms_norm_eps": 1e-05,
[1,0]<stdout>:  "rope_parameters": {
[1,0]<stdout>:    "rope_theta": 500000.0,
[1,0]<stdout>:    "rope_type": "default"
[1,0]<stdout>:  },
[1,0]<stdout>:  "rope_scaling": null,
[1,0]<stdout>:  "rope_theta": 500000.0,
[1,0]<stdout>:  "seq_length": 4096,
[1,0]<stdout>:  "tensor_model_parallel_size": 2,
[1,0]<stdout>:  "tie_word_embeddings": false,
[1,0]<stdout>:  "torch_dtype": "float32",
[1,0]<stdout>:  "use_cache": true,
[1,0]<stdout>:  "use_fast_layer_norm": false,
[1,0]<stdout>:  "vocab_size": 128256
[1,0]<stdout>:}
[1,0]<stdout>:, layer_idx=2)
[1,0]<stdout>:[2026-05-18 17:30:28,267] [    INFO] pp_layers.py:899 - 4: DecoderLayerPipe(config=LlamaConfig {
[1,0]<stdout>:  "architectures": [
[1,0]<stdout>:    "LlamaForCausalLM"
[1,0]<stdout>:  ],
[1,0]<stdout>:  "attention_bias": false,
[1,0]<stdout>:  "attention_dropout": 0.0,
[1,0]<stdout>:  "bos_token_id": 128000,
[1,0]<stdout>:  "enable_auto_parallel": false,
[1,0]<stdout>:  "eos_token_id": 128001,
[1,0]<stdout>:  "fa_version": 4,
[1,0]<stdout>:  "head_dim": 128,
[1,0]<stdout>:  "hidden_act": "silu",
[1,0]<stdout>:  "hidden_size": 4096,
[1,0]<stdout>:  "initializer_range": 0.009020646889913162,
[1,0]<stdout>:  "intermediate_size": 14336,
[1,0]<stdout>:  "is_lora": false,
[1,0]<stdout>:  "max_position_embeddings": 8192,
[1,0]<stdout>:  "max_sequence_length": 4096,
[1,0]<stdout>:  "mlp_bias": false,
[1,0]<stdout>:  "model_type": "llama",
[1,0]<stdout>:  "moe_group_origin": "dummy",
[1,0]<stdout>:  "moe_rank": 0,
[1,0]<stdout>:  "moe_router_bias_update_rate": 0.0,
[1,0]<stdout>:  "moe_world_size": 1,
[1,0]<stdout>:  "num_attention_heads": 32,
[1,0]<stdout>:  "num_hidden_layers": 32,
[1,0]<stdout>:  "num_key_value_heads": 8,
[1,0]<stdout>:  "pad_token_id": 0,
[1,0]<stdout>:  "paddleformers_version": "1.1.0.post20260518",
[1,0]<stdout>:  "pipeline_model_parallel_size": 2,
[1,0]<stdout>:  "pp_seg_method": "layer:DecoderLayer|EmptyLayer",
[1,0]<stdout>:  "pretraining_tp": 1,
[1,0]<stdout>:  "recompute_granularity": "full",
[1,0]<stdout>:  "recompute_method": "uniform",
[1,0]<stdout>:  "recompute_num_layers": 1,
[1,0]<stdout>:  "rms_norm_eps": 1e-05,
[1,0]<stdout>:  "rope_parameters": {
[1,0]<stdout>:    "rope_theta": 500000.0,
[1,0]<stdout>:    "rope_type": "default"
[1,0]<stdout>:  },
[1,0]<stdout>:  "rope_scaling": null,
[1,0]<stdout>:  "rope_theta": 500000.0,
[1,0]<stdout>:  "seq_length": 4096,
[1,0]<stdout>:  "tensor_model_parallel_size": 2,
[1,0]<stdout>:  "tie_word_embeddings": false,
[1,0]<stdout>:  "torch_dtype": "float32",
[1,0]<stdout>:  "use_cache": true,
[1,0]<stdout>:  "use_fast_layer_norm": false,
[1,0]<stdout>:  "vocab_size": 128256
[1,0]<stdout>:}
[1,0]<stdout>:, layer_idx=3)
[1,0]<stdout>:[2026-05-18 17:30:28,268] [    INFO] pp_layers.py:899 - 5: DecoderLayerPipe(config=LlamaConfig {
[1,0]<stdout>:  "architectures": [
[1,0]<stdout>:    "LlamaForCausalLM"
[1,0]<stdout>:  ],
[1,0]<stdout>:  "attention_bias": false,
[1,0]<stdout>:  "attention_dropout": 0.0,
[1,0]<stdout>:  "bos_token_id": 128000,
[1,0]<stdout>:  "enable_auto_parallel": false,
[1,0]<stdout>:  "eos_token_id": 128001,
[1,0]<stdout>:  "fa_version": 4,
[1,0]<stdout>:  "head_dim": 128,
[1,0]<stdout>:  "hidden_act": "silu",
[1,0]<stdout>:  "hidden_size": 4096,
[1,0]<stdout>:  "initializer_range": 0.009020646889913162,
[1,0]<stdout>:  "intermediate_size": 14336,
[1,0]<stdout>:  "is_lora": false,
[1,0]<stdout>:  "max_position_embeddings": 8192,
[1,0]<stdout>:  "max_sequence_length": 4096,
[1,0]<stdout>:  "mlp_bias": false,
[1,0]<stdout>:  "model_type": "llama",
[1,0]<stdout>:  "moe_group_origin": "dummy",
[1,0]<stdout>:  "moe_rank": 0,
[1,0]<stdout>:  "moe_router_bias_update_rate": 0.0,
[1,0]<stdout>:  "moe_world_size": 1,
[1,0]<stdout>:  "num_attention_heads": 32,
[1,0]<stdout>:  "num_hidden_layers": 32,
[1,0]<stdout>:  "num_key_value_heads": 8,
[1,0]<stdout>:  "pad_token_id": 0,
[1,0]<stdout>:  "paddleformers_version": "1.1.0.post20260518",
[1,0]<stdout>:  "pipeline_model_parallel_size": 2,
[1,0]<stdout>:  "pp_seg_method": "layer:DecoderLayer|EmptyLayer",
[1,0]<stdout>:  "pretraining_tp": 1,
[1,0]<stdout>:  "recompute_granularity": "full",
[1,0]<stdout>:  "recompute_method": "uniform",
[1,0]<stdout>:  "recompute_num_layers": 1,
[1,0]<stdout>:  "rms_norm_eps": 1e-05,
[1,0]<stdout>:  "rope_parameters": {
[1,0]<stdout>:    "rope_theta": 500000.0,
[1,0]<stdout>:    "rope_type": "default"
[1,0]<stdout>:  },
[1,0]<stdout>:  "rope_scaling": null,
[1,0]<stdout>:  "rope_theta": 500000.0,
[1,0]<stdout>:  "seq_length": 4096,
[1,0]<stdout>:  "tensor_model_parallel_size": 2,
[1,0]<stdout>:  "tie_word_embeddings": false,
[1,0]<stdout>:  "torch_dtype": "float32",
[1,0]<stdout>:  "use_cache": true,
[1,0]<stdout>:  "use_fast_layer_norm": false,
[1,0]<stdout>:  "vocab_size": 128256
[1,0]<stdout>:}
[1,0]<stdout>:, layer_idx=4)
[1,0]<stdout>:[2026-05-18 17:30:28,269] [    INFO] pp_layers.py:899 - 6: DecoderLayerPipe(config=LlamaConfig {
[1,0]<stdout>:  "architectures": [
[1,0]<stdout>:    "LlamaForCausalLM"
[1,0]<stdout>:  ],
[1,0]<stdout>:  "attention_bias": false,
[1,0]<stdout>:  "attention_dropout": 0.0,
[1,0]<stdout>:  "bos_token_id": 128000,
[1,0]<stdout>:  "enable_auto_parallel": false,
[1,0]<stdout>:  "eos_token_id": 128001,
[1,0]<stdout>:  "fa_version": 4,
[1,0]<stdout>:  "head_dim": 128,
[1,0]<stdout>:  "hidden_act": "silu",
[1,0]<stdout>:  "hidden_size": 4096,
[1,0]<stdout>:  "initializer_range": 0.009020646889913162,
[1,0]<stdout>:  "intermediate_size": 14336,
[1,0]<stdout>:  "is_lora": false,
[1,0]<stdout>:  "max_position_embeddings": 8192,
[1,0]<stdout>:  "max_sequence_length": 4096,
[1,0]<stdout>:  "mlp_bias": false,
[1,0]<stdout>:  "model_type": "llama",
[1,0]<stdout>:  "moe_group_origin": "dummy",
[1,0]<stdout>:  "moe_rank": 0,
[1,0]<stdout>:  "moe_router_bias_update_rate": 0.0,
[1,0]<stdout>:  "moe_world_size": 1,
[1,0]<stdout>:  "num_attention_heads": 32,
[1,0]<stdout>:  "num_hidden_layers": 32,
[1,0]<stdout>:  "num_key_value_heads": 8,
[1,0]<stdout>:  "pad_token_id": 0,
[1,0]<stdout>:  "paddleformers_version": "1.1.0.post20260518",
[1,0]<stdout>:  "pipeline_model_parallel_size": 2,
[1,0]<stdout>:  "pp_seg_method": "layer:DecoderLayer|EmptyLayer",
[1,0]<stdout>:  "pretraining_tp": 1,
[1,0]<stdout>:  "recompute_granularity": "full",
[1,0]<stdout>:  "recompute_method": "uniform",
[1,0]<stdout>:  "recompute_num_layers": 1,
[1,0]<stdout>:  "rms_norm_eps": 1e-05,
[1,0]<stdout>:  "rope_parameters": {
[1,0]<stdout>:    "rope_theta": 500000.0,
[1,0]<stdout>:    "rope_type": "default"
[1,0]<stdout>:  },
[1,0]<stdout>:  "rope_scaling": null,
[1,0]<stdout>:  "rope_theta": 500000.0,
[1,0]<stdout>:  "seq_length": 4096,
[1,0]<stdout>:  "tensor_model_parallel_size": 2,
[1,0]<stdout>:  "tie_word_embeddings": false,
[1,0]<stdout>:  "torch_dtype": "float32",
[1,0]<stdout>:  "use_cache": true,
[1,0]<stdout>:  "use_fast_layer_norm": false,
[1,0]<stdout>:  "vocab_size": 128256
[1,0]<stdout>:}
[1,0]<stdout>:, layer_idx=5)
[1,0]<stdout>:[2026-05-18 17:30:28,270] [    INFO] pp_layers.py:899 - 7: DecoderLayerPipe(config=LlamaConfig {
[1,0]<stdout>:  "architectures": [
[1,0]<stdout>:    "LlamaForCausalLM"
[1,0]<stdout>:  ],
[1,0]<stdout>:  "attention_bias": false,
[1,0]<stdout>:  "attention_dropout": 0.0,
[1,0]<stdout>:  "bos_token_id": 128000,
[1,0]<stdout>:  "enable_auto_parallel": false,
[1,0]<stdout>:  "eos_token_id": 128001,
[1,1]<stdout>:[2026-05-18 17:30:28,187] [    INFO] topology.py:535 - Total 16 data comm group(s) create successfully!
[1,1]<stdout>:I0518 17:30:28.188093 1280714 process_group_nccl.cc:155] ProcessGroupNCCL pg_timeout_ 1800000
[1,1]<stdout>:I0518 17:30:28.188114 1280714 process_group_nccl.cc:156] ProcessGroupNCCL nccl_comm_init_option_ 0
[1,1]<stdout>:[2026-05-18 17:30:28,188] [    INFO] topology.py:535 - Total 8 model comm group(s) create successfully!
[1,1]<stdout>:I0518 17:30:28.188215 1280714 process_group_nccl.cc:155] ProcessGroupNCCL pg_timeout_ 1800000
[1,1]<stdout>:I0518 17:30:28.188221 1280714 process_group_nccl.cc:156] ProcessGroupNCCL nccl_comm_init_option_ 0
[1,1]<stdout>:[2026-05-18 17:30:28,188] [    INFO] topology.py:535 - Total 4 sharding comm group(s) create successfully!
[1,1]<stdout>:I0518 17:30:28.188300 1280714 process_group_nccl.cc:155] ProcessGroupNCCL pg_timeout_ 1800000
[1,1]<stdout>:I0518 17:30:28.188304 1280714 process_group_nccl.cc:156] ProcessGroupNCCL nccl_comm_init_option_ 0
[1,1]<stdout>:I0518 17:30:28.188333 1280714 process_group_nccl.cc:155] ProcessGroupNCCL pg_timeout_ 1800000
[1,1]<stdout>:I0518 17:30:28.188337 1280714 process_group_nccl.cc:156] ProcessGroupNCCL nccl_comm_init_option_ 0
[1,1]<stdout>:[2026-05-18 17:30:28,188] [    INFO] topology.py:449 - HybridParallelInfo: rank_id: 8, mp_degree: 2, sharding_degree: 4, pp_degree: 2, dp_degree: 1, sep_degree: 1, mp_group: [8, 9],  sharding_group: [0, 4, 8, 12], pp_group: [8, 10], dp_group: [8], sep:group: None, check/clip group: [0, 1, 2, 3, 4, 5, 6, 7, 8, 9, 10, 11, 12, 13, 14, 15]
[1,1]<stdout>:[32m[2026-05-18 17:30:28,191] [    INFO][0m -     +==============================================================================+
[1,1]<stdout>:    |                                                                              |
[1,1]<stdout>:    |                         DistributedStrategy Overview                         |
[1,1]<stdout>:    |                                                                              |
[1,1]<stdout>:    +==============================================================================+
[1,1]<stdout>:    |                        a_sync=True <-> a_sync_configs                        |
[1,1]<stdout>:    +------------------------------------------------------------------------------+
[1,1]<stdout>:    |                               k_steps                    -1                  |
[1,1]<stdout>:    |                     max_merge_var_num                    1                   |
[1,1]<stdout>:    |                       send_queue_size                    16                  |
[1,1]<stdout>:    |               independent_recv_thread                  False                 |
[1,1]<stdout>:    |         min_send_grad_num_before_recv                    1                   |
[1,1]<stdout>:    |                      thread_pool_size                    1                   |
[1,1]<stdout>:    |                       send_wait_times                    1                   |
[1,1]<stdout>:    |               runtime_split_send_recv                  False                 |
[1,1]<stdout>:    |                        launch_barrier                   True                 |
[1,1]<stdout>:    |             heter_worker_device_guard                   cpu                  |
[1,1]<stdout>:    |                        lr_decay_steps                    10                  |
[1,1]<stdout>:    |                            use_ps_gpu                    0                   |
[1,1]<stdout>:    |                         use_gpu_graph                    0                   |
[1,1]<stdout>:    +==============================================================================+
[1,1]<stdout>:    |                    Environment Flags, Communication Flags                    |
[1,1]<stdout>:    +------------------------------------------------------------------------------+
[1,1]<stdout>:    |                                  mode                    1                   |
[1,1]<stdout>:    |                               elastic                  False                 |
[1,1]<stdout>:    |                                  auto                  False                 |
[1,1]<stdout>:    |                   sync_nccl_allreduce                   True                 |
[1,1]<stdout>:    |                         nccl_comm_num                    1                   |
[1,1]<stdout>:    |            use_hierarchical_allreduce                  False                 |
[1,1]<stdout>:    |   hierarchical_allreduce_inter_nranks                    1                   |
[1,1]<stdout>:    |                       sync_batch_norm                  False                 |
[1,1]<stdout>:    |                   fuse_all_reduce_ops                   True                 |
[1,1]<stdout>:    |                  fuse_grad_size_in_MB                    32                  |
[1,1]<stdout>:    |              fuse_grad_size_in_TFLOPS                   50.0                 |
[1,1]<stdout>:    |               cudnn_exhaustive_search                  False                 |
[1,1]<stdout>:    |             conv_workspace_size_limit                   512                  |
[1,1]<stdout>:    |    cudnn_batchnorm_spatial_persistent                  False                 |
[1,1]<stdout>:    |                        fp16_allreduce                  False                 |
[1,1]<stdout>:    |               last_comm_group_size_MB                   1.0                  |
[1,1]<stdout>:    |                find_unused_parameters                  False                 |
[1,1]<stdout>:    |            without_graph_optimization                   True                 |
[1,1]<stdout>:    |                 fuse_grad_size_in_num                    8                   |
[1,1]<stdout>:    |                 calc_comm_same_stream                  False                 |
[1,1]<stdout>:    |                                   asp                  False                 |
[1,1]<stdout>:    |                       fuse_grad_merge                  False                 |
[1,1]<stdout>:    |                             semi_auto                  False                 |
[1,1]<stdout>:    |                            adam_d2sum                  False                 |
[1,1]<stdout>:    |                           auto_search                  False                 |
[1,1]<stdout>:    |                        heter_ccl_mode                  False                 |
[1,1]<stdout>:    |                         is_fl_ps_mode                  False                 |
[1,1]<stdout>:    |                      with_coordinator                  False                 |
[1,1]<stdout>:    |                            split_data                   True                 |
[1,1]<stdout>:    |                  downpour_table_param                    []                  |
[1,1]<stdout>:    |                       fs_client_param                                        |
[1,1]<stdout>:    +==============================================================================+
[1,1]<stdout>:    |                                Build Strategy                                |
[1,1]<stdout>:    +------------------------------------------------------------------------------+
[1,1]<stdout>:    |              fuse_elewise_add_act_ops                  False                 |
[1,1]<stdout>:    |                       fuse_bn_act_ops                  False                 |
[1,1]<stdout>:    |              fuse_relu_depthwise_conv                  False                 |
[1,1]<stdout>:    |                    fuse_broadcast_ops                  False                 |
[1,1]<stdout>:    |                fuse_all_optimizer_ops                  False                 |
[1,1]<stdout>:    |           [1,1]<stdout>:             enable_inplace                  False                 |
[1,1]<stdout>:    |     enable_backward_optimizer_op_deps                   True                 |
[1,1]<stdout>:    |                 cache_runtime_context                  False                 |
[1,1]<stdout>:    |                   fuse_bn_add_act_ops                   True                 |
[1,1]<stdout>:    |                    enable_auto_fusion                  False                 |
[1,1]<stdout>:    |                          enable_addto                  False                 |
[1,1]<stdout>:    |              allow_cuda_graph_capture                  False                 |
[1,1]<stdout>:    |                       reduce_strategy                    0                   |
[1,1]<stdout>:    |                    fuse_gemm_epilogue                  False                 |
[1,1]<stdout>:    |                   debug_graphviz_path                                        |
[1,1]<stdout>:    |                       fused_attention                  False                 |
[1,1]<stdout>:    |                     fused_feedforward                  False                 |
[1,1]<stdout>:    |            fuse_dot_product_attention                  False                 |
[1,1]<stdout>:    |                          fuse_resunit                  False                 |
[1,1]<stdout>:    +==============================================================================+
[1,1]<stdout>:[0m
[1,1]<stdout>:[32m[2026-05-18 17:30:28,191] [    INFO][0m - The default value for the training argument `--report_to` will change in v5 (from all installed integrations to none). In v5, you will need to use `--report_to all` to get the same behavior as now. You should start updating your code and make this info disappear :-).[0m
[1,1]<stdout>:[32m[2026-05-18 17:30:28,191] [    INFO][0m - Auto set hybrid_parallel_expert_grad_scale = 2.0[0m
[1,1]<stdout>:[32m[2026-05-18 17:30:28,191] [    INFO][0m - reset finetuning arguments global_batch_size to 16[0m
[1,1]<stdout>:[32m[2026-05-18 17:30:28,191] [    INFO][0m - fixing pp configs: {'micro_batch_size': 1, 'accumulate_steps': 4, 'schedule_mode': '1F1B', 'p2p_cache_shape': True, 'enable_partial_send_recv': True}[0m
[1,1]<stdout>:[35m[2026-05-18 17:30:28,230] [   DEBUG][0m - ============================================================[0m
[1,1]<stdout>:[35m[2026-05-18 17:30:28,230] [   DEBUG][0m -      Model Configuration Arguments      [0m
[1,1]<stdout>:[35m[2026-05-18 17:30:28,230] [   DEBUG][0m - paddle commit id              : fce480854934ec07ebf33e4fe460fd6944b9391c[0m
[1,1]<stdout>:[35m[2026-05-18 17:30:28,259] [   DEBUG][0m - paddleformers commit id       : 19b4e24fbe47fea9ef4383c7c9aa7d4da26b7a11.dirty[0m
[1,1]<stdout>:[35m[2026-05-18 17:30:28,260] [   DEBUG][0m - _attn_implementation          : eager[0m
[1,1]<stdout>:[35m[2026-05-18 17:30:28,260] [   DEBUG][0m - bos_token_id                  : 0[0m
[1,1]<stdout>:[35m[2026-05-18 17:30:28,260] [   DEBUG][0m - continue_training             : False[0m
[1,1]<stdout>:[35m[2026-05-18 17:30:28,260] [   DEBUG][0m - copy_custom_file_list         : [0m
[1,1]<stdout>:[35m[2026-05-18 17:30:28,260] [   DEBUG][0m - download_hub                  : None[0m
[1,1]<stdout>:[35m[2026-05-18 17:30:28,260] [   DEBUG][0m - eos_token_id                  : 1[0m
[1,1]<stdout>:[35m[2026-05-18 17:30:28,260] [   DEBUG][0m - ernie_model_config            : ErniePretrainArgument(use_quant_before_a2a=False, use_async_a2a=False, use_rms_qkv_recompute=False, moe_logging=False, use_recompute=False, num_nextn_predict_layers=0, use_fp8_mlp=False, num_hidden_layers=2, num_empty_layers_add_in_tail=0, use_fp8_fuse_node=False, use_ep_comm_overlap=False, fp8_mem_configs=FP8MemConfigs(shared_expert=False, recompute_fwd_gate_up=False, dequant_input=False, offline_quant_expert_weight=False), fp8_fused_ops_configs=FP8FusedOpsConfigs(stack_quant=False, swiglu_probs_bwd=False, split_group_gemm=True, spaq=True, transpose_split_quant=True), use_combine_before_a2a=False, moe_num_experts=0, moe_k=2, moe_use_aux_free=False, moe_gate='top2_fused', transpose_split_quant=False)[0m
[1,1]<stdout>:[35m[2026-05-18 17:30:28,260] [   DEBUG][0m - fine_tuning                   : full[0m
[1,1]<stdout>:[35m[2026-05-18 17:30:28,260] [   DEBUG][0m - fuse_gate_detach_matmul       : True[0m
[1,1]<stdout>:[35m[2026-05-18 17:30:28,260] [   DEBUG][0m - fuse_softmax_mask             : False[0m
[1,1]<stdout>:[35m[2026-05-18 17:30:28,260] [   DEBUG][0m - lora                          : False[0m
[1,1]<stdout>:[35m[2026-05-18 17:30:28,260] [   DEBUG][0m - lora_alpha                    : -1[0m
[1,1]<stdout>:[35m[2026-05-18 17:30:28,260] [   DEBUG][0m - lora_path                     : None[0m
[1,1]<stdout>:[35m[2026-05-18 17:30:28,260] [   DEBUG][0m - lora_plus_scale               : 1.0[0m
[1,1]<stdout>:[35m[2026-05-18 17:30:28,260] [   DEBUG][0m - lora_rank                     : 8[0m
[1,1]<stdout>:[35m[2026-05-18 17:30:28,260] [   DEBUG][0m - loss_subbatch_seqlen          : 32768[0m
[1,1]<stdout>:[35m[2026-05-18 17:30:28,260] [   DEBUG][0m - max_position_embeddings       : 4096[0m
[1,1]<stdout>:[35m[2026-05-18 17:30:28,260] [   DEBUG][0m - model_name_or_path            : ./models/Llama-3-8b[0m
[1,1]<stdout>:[35m[2026-05-18 17:30:28,260] [   DEBUG][0m - model_with_dpo_criterion      : False[0m
[1,1]<stdout>:[35m[2026-05-18 17:30:28,260] [   DEBUG][0m - moe_gate                      : top2_fused[0m
[1,1]<stdout>:[35m[2026-05-18 17:30:28,261] [   DEBUG][0m - moe_group                     : dummy[0m
[1,1]<stdout>:[35m[2026-05-18 17:30:28,261] [   DEBUG][0m - moe_group_experts             : False[0m
[1,1]<stdout>:[35m[2026-05-18 17:30:28,261] [   DEBUG][0m - moe_multimodal_dispatch_use_allgather: v2-alltoall-unpad[0m
[1,1]<stdout>:[35m[2026-05-18 17:30:28,261] [   DEBUG][0m - moe_orthogonal_loss_lambda    : 0.0[0m
[1,1]<stdout>:[35m[2026-05-18 17:30:28,261] [   DEBUG][0m - moe_use_aux_free              : None[0m
[1,1]<stdout>:[35m[2026-05-18 17:30:28,261] [   DEBUG][0m - moe_use_hard_gate             : False[0m
[1,1]<stdout>:[35m[2026-05-18 17:30:28,261] [   DEBUG][0m - neftune                       : False[0m
[1,1]<stdout>:[35m[2026-05-18 17:30:28,261] [   DEBUG][0m - neftune_noise_alpha           : 5.0[0m
[1,1]<stdout>:[35m[2026-05-18 17:30:28,261] [   DEBUG][0m - pp_seg_method                 : layer:DecoderLayer|EmptyLayer[0m
[1,1]<stdout>:[35m[2026-05-18 17:30:28,261] [   DEBUG][0m - rope_3d                       : True[0m
[1,1]<stdout>:[35m[2026-05-18 17:30:28,261] [   DEBUG][0m - rslora                        : False[0m
[1,1]<stdout>:[35m[2026-05-18 17:30:28,261] [   DEBUG][0m - rslora_plus                   : False[0m
[1,1]<stdout>:[35m[2026-05-18 17:30:28,261] [   DEBUG][0m - stage                         : PT[0m
[1,1]<stdout>:[35m[2026-05-18 17:30:28,261] [   DEBUG][0m - tokenizer_name_or_path        : None[0m
[1,1]<stdout>:[35m[2026-05-18 17:30:28,261] [   DEBUG][0m - use_attn_mask_startend_row_indices: True[0m
[1,1]<stdout>:[35m[2026-05-18 17:30:28,261] [   DEBUG][0m - use_fast_layer_norm           : False[0m
[1,1]<stdout>:[35m[2026-05-18 17:30:28,261] [   DEBUG][0m - use_global_causal_attn        : False[0m
[1,1]<stdout>:[35m[2026-05-18 17:30:28,261] [   DEBUG][0m - use_mem_eff_attn              : True[0m
[1,1]<stdout>:[35m[2026-05-18 17:30:28,261] [   DEBUG][0m - use_sparse_flash_attn         : True[0m
[1,1]<stdout>:[35m[2026-05-18 17:30:28,261] [   DEBUG][0m - vision_config                 : VisionArguments(attn_implementation='eager', attn_sep=True, depth=32, embed_dim=1280, hidden_act='quick_gelu', hidden_size=1280, in_channels=3, mlp_ratio=4, model_type='DFNRope_vision_transformer', num_heads=16, patch_size=14, spatial_merge_size=2, tensor_model_parallel_size=4, vit_num_recompute_layers=10000)[0m
[1,1]<stdout>:[35m[2026-05-18 17:30:28,261] [   DEBUG][0m - [0m
[1,1]<stdout>:[35m[2026-05-18 17:30:28,261] [   DEBUG][0m - ============================================================[0m
[1,1]<stdout>:[35m[2026-05-18 17:30:28,261] [   DEBUG][0m -       Data Configuration Arguments      [0m
[1,1]<stdout>:[35m[2026-05-18 17:30:28,261] [   DEBUG][0m - paddle commit id              : fce480854934ec07ebf33e4fe460fd6944b9391c[0m
[1,1]<stdout>:[35m[2026-05-18 17:30:28,261] [   DEBUG][0m - paddleformers commit id       : 19b4e24fbe47fea9ef4383c7c9aa7d4da26b7a11.dirty[0m
[1,1]<stdout>:[35m[2026-05-18 17:30:28,261] [   DEBUG][0m - binpacking                    : True[0m
[1,1]<stdout>:[35m[2026-05-18 17:30:28,261] [   DEBUG][0m - buffer_size                   : 500[0m
[1,1]<stdout>:[35m[2026-05-18 17:30:28,262] [   DEBUG][0m - custom_register_path          : None[0m
[1,1]<stdout>:[35m[2026-05-18 17:30:28,262] [   DEBUG][0m - data_cache                    : None[0m
[1,1]<stdout>:[35m[2026-05-18 17:30:28,262] [   DEBUG][0m - data_impl                     : mmap[0m
[1,1]<stdout>:[35m[2026-05-18 17:30:28,262] [   DEBUG][0m - dataset_output_dir            : ./dataset_output[0m
[1,1]<stdout>:[35m[2026-05-18 17:30:28,262] [   DEBUG][0m - dataset_type                  : pretrain[0m
[1,1]<stdout>:[35m[2026-05-18 17:30:28,262] [   DEBUG][0m - encode_one_turn               : True[0m
[1,1]<stdout>:[35m[2026-05-18 17:30:28,262] [   DEBUG][0m - eval_dataset_path             : examples/data/sft-eval.jsonl[0m
[1,1]<stdout>:[35m[2026-05-18 17:30:28,262] [   DEBUG][0m - eval_dataset_prob             : 1.0[0m
[1,1]<stdout>:[35m[2026-05-18 17:30:28,262] [   DEBUG][0m - eval_dataset_type             : erniekit[0m
[1,1]<stdout>:[35m[2026-05-18 17:30:28,262] [   DEBUG][0m - eval_with_do_generation       : False[0m
[1,1]<stdout>:[35m[2026-05-18 17:30:28,262] [   DEBUG][0m - greedy_intokens               : True[0m
[1,1]<stdout>:[35m[2026-05-18 17:30:28,262] [   DEBUG][0m - input_dir                     : 1.0 ./data/pt/llama_openwebtext_100k[0m
[1,1]<stdout>:[35m[2026-05-18 17:30:28,262] [   DEBUG][0m - make_offline_data             : False[0m
[1,1]<stdout>:[35m[2026-05-18 17:30:28,262] [   DEBUG][0m - max_prompt_len                : 2048[0m
[1,1]<stdout>:[35m[2026-05-18 17:30:28,262] [   DEBUG][0m - max_seq_len                   : 4096[0m
[1,1]<stdout>:[35m[2026-05-18 17:30:28,262] [   DEBUG][0m - mix_strategy                  : concat[0m
[1,1]<stdout>:[35m[2026-05-18 17:30:28,262] [   DEBUG][0m - new_special_tokens_path       : None[0m
[1,1]<stdout>:[35m[2026-05-18 17:30:28,262] [   DEBUG][0m - num_samples_each_epoch        : 6000000[0m
[1,1]<stdout>:[35m[2026-05-18 17:30:28,262] [   DEBUG][0m - packed_idx_cache_dir          : None[0m
[1,1]<stdout>:[35m[2026-05-18 17:30:28,262] [   DEBUG][0m - packing                       : False[0m
[1,1]<stdout>:[35m[2026-05-18 17:30:28,262] [   DEBUG][0m - packing_interval              : 1000[0m
[1,1]<stdout>:[35m[2026-05-18 17:30:28,262] [   DEBUG][0m - padding_free                  : False[0m
[1,1]<stdout>:[35m[2026-05-18 17:30:28,262] [   DEBUG][0m - processor_use_fast            : None[0m
[1,1]<stdout>:[35m[2026-05-18 17:30:28,262] [   DEBUG][0m - random_shuffle                : True[0m
[1,1]<stdout>:[35m[2026-05-18 17:30:28,262] [   DEBUG][0m - share_folder                  : True[0m
[1,1]<stdout>:[35m[2026-05-18 17:30:28,262] [   DEBUG][0m - skip_warmup                   : True[0m
[1,1]<stdout>:[35m[2026-05-18 17:30:28,262] [   DEBUG][0m - split                         : 990,10,0[0m
[1,1]<stdout>:[35m[2026-05-18 17:30:28,262] [   DEBUG][0m - split_multi_turn              : False[0m
[1,1]<stdout>:[35m[2026-05-18 17:30:28,262] [   DEBUG][0m - template                      : None[0m
[1,1]<stdout>:[35m[2026-05-18 17:30:28,262] [   DEBUG][0m - template_backend              : custom[0m
[1,1]<stdout>:[35m[2026-05-18 17:30:28,262] [   DEBUG][0m - train_dataset_path            : None[0m
[1,1]<stdout>:[35m[2026-05-18 17:30:28,263] [   DEBUG][0m - train_dataset_prob            : None[0m
[1,1]<stdout>:[35m[2026-05-18 17:30:28,263] [   DEBUG][0m - train_dataset_type            : None[0m
[1,1]<stdout>:[35m[2026-05-18 17:30:28,263] [   DEBUG][0m - truncate_packing              : True[0m
[1,1]<stdout>:[35m[2026-05-18 17:30:28,263] [   DEBUG][0m - truncation_strategy           : delete[0m
[1,1]<stdout>:[35m[2026-05-18 17:30:28,263] [   DEBUG][0m - use_template                  : True[0m
[1,1]<stdout>:[35m[2026-05-18 17:30:28,263] [   DEBUG][0m - warmup_only_rank0             : False[0m
[1,1]<stdout>:[35m[2026-05-18 17:30:28,263] [   DEBUG][0m - [0m
[1,1]<stdout>:[35m[2026-05-18 17:30:28,263] [   DEBUG][0m - ============================================================[0m
[1,1]<stdout>:[35m[2026-05-18 17:30:28,263] [   DEBUG][0m -      Train Configuration Arguments      [0m
[1,1]<stdout>:[35m[2026-05-18 17:30:28,263] [   DEBUG][0m - paddle commit id              : fce480854934ec07ebf33e4fe460fd6944b9391c[0m
[1,1]<stdout>:[35m[2026-05-18 17:30:28,263] [   DEBUG][0m - paddleformers commit id       : 19b4e24fbe47fea9ef4383c7c9aa7d4da26b7a11.dirty[0m
[1,1]<stdout>:[35m[2026-05-18 17:30:28,263] [   DEBUG][0m - _no_sync_in_gradient_accumulation: True[0m
[1,1]<stdout>:[35m[2026-05-18 17:30:28,263] [   DEBUG][0m - adam_beta1                    : 0.9[0m
[1,1]<stdout>:[35m[2026-05-18 17:30:28,263] [   DEBUG][0m - adam_beta2                    : 0.999[0m
[1,1]<stdout>:[35m[2026-05-18 17:30:28,263] [   DEBUG][0m - adam_epsilon                  : 1e-08[0m
[1,1]<stdout>:[35m[2026-05-18 17:30:28,263] [   DEBUG][0m - amp_custom_black_list         : ['reduce_sum', 'softmax_with_cross_entropy', 'c_softmax_with_cross_entropy', 'elementwise_div', 'sin', 'cos'][0m
[1,1]<stdout>:[35m[2026-05-18 17:30:28,263] [   DEBUG][0m - amp_custom_white_list         : ['lookup_table', 'lookup_table_v2', 'flash_attn', 'matmul', 'matmul_v2', 'fused_gemm_epilogue'][0m
[1,1]<stdout>:[35m[2026-05-18 17:30:28,263] [   DEBUG][0m - amp_master_grad               : True[0m
[1,1]<stdout>:[35m[2026-05-18 17:30:28,263] [   DEBUG][0m - aoa_config                    : None[0m
[1,1]<stdout>:[35m[2026-05-18 17:30:28,263] [   DEBUG][0m - apply_rope_fusion             : False[0m
[1,1]<stdout>:[35m[2026-05-18 17:30:28,263] [   DEBUG][0m - attention_probs_dropout_prob  : 0.0[0m
[1,1]<stdout>:[35m[2026-05-18 17:30:28,263] [   DEBUG][0m - auto_parallel_resume_form_hybrid_parallel: False[0m
[1,1]<stdout>:[35m[2026-05-18 17:30:28,263] [   DEBUG][0m - auto_parallel_sync_shared_params: False[0m
[1,1]<stdout>:[35m[2026-05-18 17:30:28,263] [   DEBUG][0m - autotuner_benchmark           : False[0m
[1,1]<stdout>:[35m[2026-05-18 17:30:28,263] [   DEBUG][0m - balanced_image_preprocess     : False[0m
[1,1]<stdout>:[35m[2026-05-18 17:30:28,264] [   DEBUG][0m - batch_p2p_comm                : True[0m
[1,1]<stdout>:[35m[2026-05-18 17:30:28,264] [   DEBUG][0m - best_unbalanced_scheduler     : False[0m
[1,1]<stdout>:[35m[2026-05-18 17:30:28,264] [   DEBUG][0m - beta                          : 0.1[0m
[1,1]<stdout>:[35m[2026-05-18 17:30:28,264] [   DEBUG][0m - bf16                          : True[0m
[1,1]<stdout>:[35m[2026-05-18 17:30:28,264] [   DEBUG][0m - bf16_full_eval                : False[0m
[1,1]<stdout>:[35m[2026-05-18 17:30:28,264] [   DEBUG][0m - ckpt_quant_stage              : O0[0m
[1,1]<stdout>:[35m[2026-05-18 17:30:28,264] [   DEBUG][0m - clear_every_step_cache        : False[0m
[1,1]<stdout>:[35m[2026-05-18 17:30:28,264] [   DEBUG][0m - compute_type                  : bf16[0m
[1,1]<stdout>:[35m[2026-05-18 17:30:28,264] [   DEBUG][0m - context_parallel_rank         : 0[0m
[1,1]<stdout>:[35m[2026-05-18 17:30:28,264] [   DEBUG][0m - context_parallel_size         : 1[0m
[1,1]<stdout>:[35m[2026-05-18 17:30:28,264] [   DEBUG][0m - convert_from_hf               : True[0m
[1,1]<stdout>:[35m[2026-05-18 17:30:28,264] [   DEBUG][0m - copy_custom_file_list         : [0m
[1,1]<stdout>:[35m[2026-05-18 17:30:28,264] [   DEBUG][0m - count_trained_tokens          : False[0m
[1,1]<stdout>:[35m[2026-05-18 17:30:28,264] [   DEBUG][0m - cp_comm_type                  : None[0m
[1,1]<stdout>:[35m[2026-05-18 17:30:28,264] [   DEBUG][0m - cp_sharding_degree            : 1[0m
[1,1]<stdout>:[35m[2026-05-18 17:30:28,264] [   DEBUG][0m - cp_sharding_rank              : 2[0m
[1,1]<stdout>:[35m[2026-05-18 17:30:28,264] [   DEBUG][0m - current_device                : gpu:0[0m
[1,1]<stdout>:[35m[2026-05-18 17:30:28,264] [   DEBUG][0m - data_parallel_config          : [0m
[1,1]<stdout>:[35m[2026-05-18 17:30:28,264] [   DEBUG][0m - data_parallel_rank            : 0[0m
[1,1]<stdout>:[35m[2026-05-18 17:30:28,264] [   DEBUG][0m - data_parallel_size            : 1[0m
[1,1]<stdout>:[35m[2026-05-18 17:30:28,264] [   DEBUG][0m - dataloader_drop_last          : False[0m
[1,1]<stdout>:[35m[2026-05-18 17:30:28,264] [   DEBUG][0m - dataloader_num_workers        : 0[0m
[1,1]<stdout>:[35m[2026-05-18 17:30:28,264] [   DEBUG][0m - dataloader_shuffle            : True[0m
[1,1]<stdout>:[35m[2026-05-18 17:30:28,264] [   DEBUG][0m - dataset_batch_size            : 1000[0m
[1,1]<stdout>:[35m[2026-05-18 17:30:28,264] [   DEBUG][0m - dataset_kwargs                : None[0m
[1,1]<stdout>:[35m[2026-05-18 17:30:28,264] [   DEBUG][0m - dataset_num_proc              : None[0m
[1,1]<stdout>:[35m[2026-05-18 17:30:28,264] [   DEBUG][0m - dataset_rank                  : 2[0m
[1,1]<stdout>:[35m[2026-05-18 17:30:28,264] [   DEBUG][0m - dataset_text_field            : text[0m
[1,1]<stdout>:[35m[2026-05-18 17:30:28,264] [   DEBUG][0m - dataset_world_size            : 4[0m
[1,1]<stdout>:[35m[2026-05-18 17:30:28,265] [   DEBUG][0m - ddp_find_unused_parameters    : None[0m
[1,1]<stdout>:[35m[2026-05-18 17:30:28,265] [   DEBUG][0m - decay_function                : half_life[0m
[1,1]<stdout>:[35m[2026-05-18 17:30:28,265] [   DEBUG][0m - decay_steps                   : None[0m
[1,1]<stdout>:[35m[2026-05-18 17:30:28,265] [   DEBUG][0m - deterministic_mode            : False[0m
[1,1]<stdout>:[35m[2026-05-18 17:30:28,265] [   DEBUG][0m - device                        : gpu[0m
[1,1]<stdout>:[35m[2026-05-18 17:30:28,265] [   DEBUG][0m - disable_tqdm                  : True[0m
[1,1]<stdout>:[35m[2026-05-18 17:30:28,265] [   DEBUG][0m - distributed_dataloader        : False[0m
[1,1]<stdout>:[35m[2026-05-18 17:30:28,265] [   DEBUG][0m - do_eval                       : False[0m
[1,1]<stdout>:[35m[2026-05-18 17:30:28,265] [   DEBUG][0m - do_export                     : False[0m
[1,1]<stdout>:[35m[2026-05-18 17:30:28,265] [   DEBUG][0m - do_predict                    : False[0m
[1,1]<stdout>:[35m[2026-05-18 17:30:28,265] [   DEBUG][0m - do_train                      : True[0m
[1,1]<stdout>:[35m[2026-05-18 17:30:28,265] [   DEBUG][0m - download_hub                  : None[0m
[1,1]<stdout>:[35m[2026-05-18 17:30:28,265] [   DEBUG][0m - dp_allreduce_avg_in_gradinent_scale: False[0m
[1,1]<stdout>:[35m[2026-05-18 17:30:28,265] [   DEBUG][0m - dp_comm_overlap               : False[0m
[1,1]<stdout>:[35m[2026-05-18 17:30:28,265] [   DEBUG][0m - dpop_lambda                   : 50[0m
[1,1]<stdout>:[35m[2026-05-18 17:30:28,265] [   DEBUG][0m - embedding_init_method         : None[0m
[1,1]<stdout>:[35m[2026-05-18 17:30:28,265] [   DEBUG][0m - embedding_init_method_std     : 0.02[0m
[1,1]<stdout>:[35m[2026-05-18 17:30:28,265] [   DEBUG][0m - enable_auto_parallel          : False[0m
[1,1]<stdout>:[35m[2026-05-18 17:30:28,265] [   DEBUG][0m - enable_linear_fused_grad_add  : False[0m
[1,1]<stdout>:[35m[2026-05-18 17:30:28,265] [   DEBUG][0m - enable_mtp_magic_send         : False[0m
[1,1]<stdout>:[35m[2026-05-18 17:30:28,265] [   DEBUG][0m - enable_sharding_comm_overlap  : False[0m
[1,1]<stdout>:[35m[2026-05-18 17:30:28,265] [   DEBUG][0m - enable_zero_cost_checkpoint   : False[0m
[1,1]<stdout>:[35m[2026-05-18 17:30:28,265] [   DEBUG][0m - estimation_output_file        : estimation_output.json[0m
[1,1]<stdout>:[35m[2026-05-18 17:30:28,265] [   DEBUG][0m - eval_accumulation_steps       : None[0m
[1,1]<stdout>:[35m[2026-05-18 17:30:28,265] [   DEBUG][0m - eval_batch_size               : 8[0m
[1,1]<stdout>:[35m[2026-05-18 17:30:28,265] [   DEBUG][0m - eval_iters                    : 10[0m
[1,1]<stdout>:[35m[2026-05-18 17:30:28,265] [   DEBUG][0m - eval_steps                    : 999[0m
[1,1]<stdout>:[35m[2026-05-18 17:30:28,265] [   DEBUG][0m - evaluation_strategy           : IntervalStrategy.NO[0m
[1,1]<stdout>:[35m[2026-05-18 17:30:28,265] [   DEBUG][0m - expert_model_parallel_size    : 1[0m
[1,1]<stdout>:[35m[2026-05-18 17:30:28,265] [   DEBUG][0m - expert_parallel_rank          : 0[0m
[1,1]<stdout>:[35m[2026-05-18 17:30:28,266] [   DEBUG][0m - expert_tensor_model_parallel_size: 1[0m
[1,1]<stdout>:[35m[2026-05-18 17:30:28,266] [   DEBUG][0m - fa_version                    : 4[0m
[1,1]<stdout>:[35m[2026-05-18 17:30:28,266] [   DEBUG][0m - factor                        : 20[0m
[1,1]<stdout>:[35m[2026-05-18 17:30:28,266] [   DEBUG][0m - flash_device_save_steps       : 0[0m
[1,1]<stdout>:[35m[2026-05-18 17:30:28,266] [   DEBUG][0m - flatten_param_grads           : False[0m
[1,1]<stdout>:[35m[2026-05-18 17:30:28,266] [   DEBUG][0m - flex_ckpt_comm_method         : None[0m
[1,1]<stdout>:[35m[2026-05-18 17:30:28,266] [   DEBUG][0m - force_reshard_pp              : False[0m
[1,1]<stdout>:[35m[2026-05-18 17:30:28,266] [   DEBUG][0m - forward_backward_overlap_scheduler: False[0m
[1,1]<stdout>:[35m[2026-05-18 17:30:28,266] [   DEBUG][0m - fp16                          : False[0m
[1,1]<stdout>:[35m[2026-05-18 17:30:28,266] [   DEBUG][0m - fp16_full_eval                : False[0m
[1,1]<stdout>:[35m[2026-05-18 17:30:28,266] [   DEBUG][0m - fp16_opt_level                : O1[0m
[1,1]<stdout>:[35m[2026-05-18 17:30:28,266] [   DEBUG][0m - fp32_residual_connection      : True[0m
[1,1]<stdout>:[35m[2026-05-18 17:30:28,266] [   DEBUG][0m - fp8                           : None[0m
[1,1]<stdout>:[35m[2026-05-18 17:30:28,266] [   DEBUG][0m - fp8_wgrad                     : True[0m
[1,1]<stdout>:[35m[2026-05-18 17:30:28,266] [   DEBUG][0m - freeze_config                 : [0m
[1,1]<stdout>:[35m[2026-05-18 17:30:28,266] [   DEBUG][0m - freeze_training               : False[0m
[1,1]<stdout>:[35m[2026-05-18 17:30:28,266] [   DEBUG][0m - fuse_optimizer_states         : False[0m
[1,1]<stdout>:[35m[2026-05-18 17:30:28,266] [   DEBUG][0m - fuse_sequence_parallel_allreduce: False[0m
[1,1]<stdout>:[35m[2026-05-18 17:30:28,266] [   DEBUG][0m - fuse_swiglu                   : False[0m
[1,1]<stdout>:[35m[2026-05-18 17:30:28,266] [   DEBUG][0m - gated_linear_unit             : True[0m
[1,1]<stdout>:[35m[2026-05-18 17:30:28,266] [   DEBUG][0m - gc_interval                   : 0[0m
[1,1]<stdout>:[35m[2026-05-18 17:30:28,266] [   DEBUG][0m - global_batch_size             : 16[0m
[1,1]<stdout>:[35m[2026-05-18 17:30:28,266] [   DEBUG][0m - global_logging_interval       : 1[0m
[1,1]<stdout>:[35m[2026-05-18 17:30:28,266] [   DEBUG][0m - gradient_accumulation_steps   : 4[0m
[1,1]<stdout>:[35m[2026-05-18 17:30:28,266] [   DEBUG][0m - gradient_sync_after_accumulate: False[0m
[1,1]<stdout>:[35m[2026-05-18 17:30:28,266] [   DEBUG][0m - greater_is_better             : None[0m
[1,1]<stdout>:[35m[2026-05-18 17:30:28,266] [   DEBUG][0m - hidden_dropout_prob           : 0.0[0m
[1,1]<stdout>:[35m[2026-05-18 17:30:28,266] [   DEBUG][0m - hidden_size                   : None[0m
[1,1]<stdout>:[35m[2026-05-18 17:30:28,266] [   DEBUG][0m - high_precision_rope           : False[0m
[1,1]<stdout>:[35m[2026-05-18 17:30:28,266] [   DEBUG][0m - hybrid_parallel_expert_grad_scale: 2.0[0m
[1,1]<stdout>:[35m[2026-05-18 17:30:28,266] [   DEBUG][0m - hybrid_parallel_topo_order    : sharding_first[0m
[1,1]<stdout>:[35m[2026-05-18 17:30:28,267] [   DEBUG][0m - ignore_data_skip              : False[0m
[1,1]<stdout>:[35m[2026-05-18 17:30:28,267] [   DEBUG][0m - ignore_eos_token              : False[0m
[1,1]<stdout>:[35m[2026-05-18 17:30:28,267] [   DEBUG][0m - ignore_load_lr_and_optim      : False[0m
[1,1]<stdout>:[35m[2026-05-18 17:30:28,267] [   DEBUG][0m - ignore_save_lr_and_optim      : False[0m
[1,1]<stdout>:[35m[2026-05-18 17:30:28,267] [   DEBUG][0m - init_method                   : None[0m
[1,1]<stdout>:[35m[2026-05-18 17:30:28,267] [   DEBUG][0m - intermediate_size             : None[0m
[1,1]<stdout>:[35m[2026-05-18 17:30:28,267] [   DEBUG][0m - label_names                   : None[0m
[1,1]<stdout>:[35m[2026-05-18 17:30:28,267] [   DEBUG][0m - label_smoothing               : 0.0[0m
[1,1]<stdout>:[35m[2026-05-18 17:30:28,267] [   DEBUG][0m - lazy_data_processing          : True[0m
[1,1]<stdout>:[35m[2026-05-18 17:30:28,267] [   DEBUG][0m - learning_rate                 : 0.0001[0m
[1,1]<stdout>:[35m[2026-05-18 17:30:28,267] [   DEBUG][0m - load_best_model_at_end        : False[0m
[1,1]<stdout>:[35m[2026-05-18 17:30:28,267] [   DEBUG][0m - load_checkpoint_format        : sharding_io[0m
[1,1]<stdout>:[35m[2026-05-18 17:30:28,267] [   DEBUG][0m - load_from_hf                  : False[0m
[1,1]<stdout>:[35m[2026-05-18 17:30:28,267] [   DEBUG][0m - load_sharded_model            : True[0m
[1,1]<stdout>:[35m[2026-05-18 17:30:28,267] [   DEBUG][0m - load_sharded_model_remap_parameter_name: False[0m
[1,1]<stdout>:[35m[2026-05-18 17:30:28,267] [   DEBUG][0m - load_via_cpu                  : True[0m
[1,1]<stdout>:[35m[2026-05-18 17:30:28,267] [   DEBUG][0m - local_process_index           : 0[0m
[1,1]<stdout>:[35m[2026-05-18 17:30:28,267] [   DEBUG][0m - local_rank                    : 0[0m
[1,1]<stdout>:[35m[2026-05-18 17:30:28,267] [   DEBUG][0m - log_global_grad_norm          : False[0m
[1,1]<stdout>:[35m[2026-05-18 17:30:28,267] [   DEBUG][0m - log_level                     : -1[0m
[1,1]<stdout>:[35m[2026-05-18 17:30:28,267] [   DEBUG][0m - log_level_replica             : -1[0m
[1,1]<stdout>:[35m[2026-05-18 17:30:28,267] [   DEBUG][0m - log_on_each_node              : True[0m
[1,1]<stdout>:[35m[2026-05-18 17:30:28,267] [   DEBUG][0m - logging_dir                   : ./logs/pt/llama3-8b_elastic[0m
[1,1]<stdout>:[35m[2026-05-18 17:30:28,267] [   DEBUG][0m - logging_first_step            : False[0m
[1,1]<stdout>:[35m[2026-05-18 17:30:28,267] [   DEBUG][0m - logging_steps                 : 1[0m
[1,1]<stdout>:[35m[2026-05-18 17:30:28,267] [   DEBUG][0m - logging_strategy              : IntervalStrategy.STEPS[0m
[1,1]<stdout>:[35m[2026-05-18 17:30:28,267] [   DEBUG][0m - logical_process_index         : 8[0m
[1,1]<stdout>:[35m[2026-05-18 17:30:28,267] [   DEBUG][0m - loss_subbatch_sequence_length : -1[0m
[1,1]<stdout>:[35m[2026-05-18 17:30:28,267] [   DEBUG][0m - loss_type                     : sigmoid[0m
[1,1]<stdout>:[35m[2026-05-18 17:30:28,267] [   DEBUG][0m - lr_end                        : 1e-07[0m
[1,1]<stdout>:[35m[2026-05-18 17:30:28,267] [   DEBUG][0m - lr_scheduler                  : cosine[0m
[1,1]<stdout>:[35m[2026-05-18 17:30:28,268] [   DEBUG][0m - lr_scheduler_type             : SchedulerType.LINEAR[0m
[1,1]<stdout>:[35m[2026-05-18 17:30:28,268] [   DEBUG][0m - max_estimate_samples          : 100000.0[0m
[1,1]<stdout>:[35m[2026-05-18 17:30:28,268] [   DEBUG][0m - max_evaluate_steps            : -1[0m
[1,1]<stdout>:[35m[2026-05-18 17:30:28,268] [   DEBUG][0m - max_grad_norm                 : 1.0[0m
[1,1]<stdout>:[35m[2026-05-18 17:30:28,268] [   DEBUG][0m - max_gradient_accumulation_steps: 4[0m
[1,1]<stdout>:[35m[2026-05-18 17:30:28,268] [   DEBUG][0m - max_seq_len                   : 4096[0m
[1,1]<stdout>:[35m[2026-05-18 17:30:28,268] [   DEBUG][0m - max_steps                     : 90[0m
[1,1]<stdout>:[35m[2026-05-18 17:30:28,268] [   DEBUG][0m - merge_with_qdq_base_model     : False[0m
[1,1]<stdout>:[35m[2026-05-18 17:30:28,268] [   DEBUG][0m - metric_for_best_model         : None[0m
[1,1]<stdout>:[35m[2026-05-18 17:30:28,268] [   DEBUG][0m - metrics_output_path           : None[0m
[1,1]<stdout>:[35m[2026-05-18 17:30:28,268] [   DEBUG][0m - min_lr                        : 0.0[0m
[1,1]<stdout>:[35m[2026-05-18 17:30:28,268] [   DEBUG][0m - minimum_eval_times            : None[0m
[1,1]<stdout>:[35m[2026-05-18 17:30:28,268] [   DEBUG][0m - model_name_or_path            : ./models/Llama-3-8b[0m
[1,1]<stdout>:[35m[2026-05-18 17:30:28,268] [   DEBUG][0m - moe_deep_gemm                 : False[0m
[1,1]<stdout>:[35m[2026-05-18 17:30:28,268] [   DEBUG][0m - moe_deepep_num_sms            : None[0m
[1,1]<stdout>:[35m[2026-05-18 17:30:28,268] [   DEBUG][0m - moe_dequant_input             : False[0m
[1,1]<stdout>:[35m[2026-05-18 17:30:28,268] [   DEBUG][0m - moe_dropout_prob              : 0.0[0m
[1,1]<stdout>:[35m[2026-05-18 17:30:28,268] [   DEBUG][0m - moe_ep_barrier                : True[0m
[1,1]<stdout>:[35m[2026-05-18 17:30:28,268] [   DEBUG][0m - moe_expert_capacity_factor    : 0.0[0m
[1,1]<stdout>:[35m[2026-05-18 17:30:28,268] [   DEBUG][0m - moe_expert_fusion             : True[0m
[1,1]<stdout>:[35m[2026-05-18 17:30:28,268] [   DEBUG][0m - moe_gate_lr_ratio             : None[0m
[1,1]<stdout>:[35m[2026-05-18 17:30:28,268] [   DEBUG][0m - moe_grouped_gemm              : False[0m
[1,1]<stdout>:[35m[2026-05-18 17:30:28,268] [   DEBUG][0m - moe_pad_expert_input_to_capacity: False[0m
[1,1]<stdout>:[35m[2026-05-18 17:30:28,268] [   DEBUG][0m - moe_router_bias_update_rate   : 0.0[0m
[1,1]<stdout>:[35m[2026-05-18 17:30:28,268] [   DEBUG][0m - moe_router_force_load_balancing: False[0m
[1,1]<stdout>:[35m[2026-05-18 17:30:28,268] [   DEBUG][0m - moe_router_fusion             : True[0m
[1,1]<stdout>:[35m[2026-05-18 17:30:28,268] [   DEBUG][0m - moe_router_load_balancing_type: seq_aux_loss[0m
[1,1]<stdout>:[35m[2026-05-18 17:30:28,268] [   DEBUG][0m - moe_sharding_parallel_rank    : 0[0m
[1,1]<stdout>:[35m[2026-05-18 17:30:28,268] [   DEBUG][0m - moe_sharding_parallel_size    : 1[0m
[1,1]<stdout>:[35m[2026-05-18 17:30:28,268] [   DEBUG][0m - moe_shared_expert_overlap     : True[0m
[1,1]<stdout>:[35m[2026-05-18 17:30:28,268] [   DEBUG][0m - moe_subbatch_token_num_after_dispatch: None[0m
[1,1]<stdout>:[35m[2026-05-18 17:30:28,269] [   DEBUG][0m - moe_subbatch_token_num_before_dispatch: 0[0m
[1,1]<stdout>:[35m[2026-05-18 17:30:28,269] [   DEBUG][0m - moe_token_dispatcher_type     : deepep[0m
[1,1]<stdout>:[35m[2026-05-18 17:30:28,269] [   DEBUG][0m - moe_token_drop_policy         : probs[0m
[1,1]<stdout>:[35m[2026-05-18 17:30:28,269] [   DEBUG][0m - moe_use_fusion_node           : True[0m
[1,1]<stdout>:[35m[2026-05-18 17:30:28,269] [   DEBUG][0m - moe_with_send_router_loss     : True[0m
[1,1]<stdout>:[35m[2026-05-18 17:30:28,269] [   DEBUG][0m - mp_async_allreduce            : False[0m
[1,1]<stdout>:[35m[2026-05-18 17:30:28,269] [   DEBUG][0m - mp_fused_linear_param_grad_add: False[0m
[1,1]<stdout>:[35m[2026-05-18 17:30:28,269] [   DEBUG][0m - mp_skip_c_identity            : False[0m
[1,1]<stdout>:[35m[2026-05-18 17:30:28,269] [   DEBUG][0m - mtp_distillation_loss         : False[0m
[1,1]<stdout>:[35m[2026-05-18 17:30:28,269] [   DEBUG][0m - mtp_num_layers                : 0[0m
[1,1]<stdout>:[35m[2026-05-18 17:30:28,269] [   DEBUG][0m - multi_latent_attention        : False[0m
[1,1]<stdout>:[35m[2026-05-18 17:30:28,269] [   DEBUG][0m - muon_exclude_patterns         : ['embed', 'bias', 'lm_head', 'mlp.gate'][0m
[1,1]<stdout>:[35m[2026-05-18 17:30:28,269] [   DEBUG][0m - muon_extra_scale_factor       : 0.2[0m
[1,1]<stdout>:[35m[2026-05-18 17:30:28,269] [   DEBUG][0m - muon_ffn_split                : True[0m
[1,1]<stdout>:[35m[2026-05-18 17:30:28,269] [   DEBUG][0m - muon_momentum                 : 0.95[0m
[1,1]<stdout>:[35m[2026-05-18 17:30:28,269] [   DEBUG][0m - muon_ns_coeff_type            : quintic[0m
[1,1]<stdout>:[35m[2026-05-18 17:30:28,269] [   DEBUG][0m - muon_ns_coeffs                : None[0m
[1,1]<stdout>:[35m[2026-05-18 17:30:28,269] [   DEBUG][0m - muon_ns_steps                 : 5[0m
[1,1]<stdout>:[35m[2026-05-18 17:30:28,269] [   DEBUG][0m - muon_qkv_update_mode          : split_head[0m
[1,1]<stdout>:[35m[2026-05-18 17:30:28,269] [   DEBUG][0m - muon_version                  : 3[0m
[1,1]<stdout>:[35m[2026-05-18 17:30:28,269] [   DEBUG][0m - n_routed_experts              : None[0m
[1,1]<stdout>:[35m[2026-05-18 17:30:28,269] [   DEBUG][0m - nccl_comm_group_config        : None[0m
[1,1]<stdout>:[35m[2026-05-18 17:30:28,269] [   DEBUG][0m - need_data                     : True[0m
[1,1]<stdout>:[35m[2026-05-18 17:30:28,269] [   DEBUG][0m - no_cuda                       : False[0m
[1,1]<stdout>:[35m[2026-05-18 17:30:28,269] [   DEBUG][0m - no_recompute_layers           : None[0m
[1,1]<stdout>:[35m[2026-05-18 17:30:28,269] [   DEBUG][0m - no_rope_freq                  : False[0m
[1,1]<stdout>:[35m[2026-05-18 17:30:28,269] [   DEBUG][0m - non_batch_p2p_comm            : False[0m
[1,1]<stdout>:[35m[2026-05-18 17:30:28,269] [   DEBUG][0m - normalization                 : RMSNorm[0m
[1,1]<stdout>:[35m[2026-05-18 17:30:28,269] [   DEBUG][0m - normalize_logps               : False[0m
[1,1]<stdout>:[35m[2026-05-18 17:30:28,269] [   DEBUG][0m - num_attention_heads           : None[0m
[1,1]<stdout>:[35m[2026-05-18 17:30:28,269] [   DEBUG][0m - num_consecutive               : 1[0m
[1,1]<stdout>:[35m[2026-05-18 17:30:28,270] [   DEBUG][0m - num_cycles                    : 0.5[0m
[1,1]<stdout>:[35m[2026-05-18 17:30:28,270] [   DEBUG][0m - num_empty_layers_add_in_head  : 0[0m
[1,1]<stdout>:[35m[2026-05-18 17:30:28,270] [   DEBUG][0m - num_empty_layers_add_in_tail  : 0[0m
[1,1]<stdout>:[35m[2026-05-18 17:30:28,270] [   DEBUG][0m - num_experts_per_tok           : None[0m
[1,1]<stdout>:[35m[2026-05-18 17:30:28,270] [   DEBUG][0m - num_hidden_layers             : None[0m
[1,1]<stdout>:[35m[2026-05-18 17:30:28,270] [   DEBUG][0m - num_key_value_heads           : None[0m
[1,1]<stdout>:[35m[2026-05-18 17:30:28,270] [   DEBUG][0m - num_nextn_predict_layers      : 0[0m
[1,1]<stdout>:[35m[2026-05-18 17:30:28,270] [   DEBUG][0m - num_of_gpus                   : -1[0m
[1,1]<stdout>:[35m[2026-05-18 17:30:28,270] [   DEBUG][0m - num_train_epochs              : 1.0[0m
[1,1]<stdout>:[35m[2026-05-18 17:30:28,270] [   DEBUG][0m - offload_fp8_expert_master_weight: True[0m
[1,1]<stdout>:[35m[2026-05-18 17:30:28,270] [   DEBUG][0m - offload_queue                 : False[0m
[1,1]<stdout>:[35m[2026-05-18 17:30:28,270] [   DEBUG][0m - offset_alpha                  : 0.0[0m
[1,1]<stdout>:[35m[2026-05-18 17:30:28,270] [   DEBUG][0m - online_merge_ema              : True[0m
[1,1]<stdout>:[35m[2026-05-18 17:30:28,270] [   DEBUG][0m - optim                         : OptimizerNames.ADAMW[0m
[1,1]<stdout>:[35m[2026-05-18 17:30:28,270] [   DEBUG][0m - optim_shard_num               : 1[0m
[1,1]<stdout>:[35m[2026-05-18 17:30:28,270] [   DEBUG][0m - optimizer_name_suffix         : tp00_pp00_shard02[0m
[1,1]<stdout>:[35m[2026-05-18 17:30:28,270] [   DEBUG][0m - ordered_save_group_size       : 0[0m
[1,1]<stdout>:[35m[2026-05-18 17:30:28,270] [   DEBUG][0m - output_dir                    : ./checkpoints/pt/llama3-8b_elastic[0m
[1,1]<stdout>:[35m[2026-05-18 17:30:28,270] [   DEBUG][0m - output_layer_init_method      : None[0m
[1,1]<stdout>:[35m[2026-05-18 17:30:28,270] [   DEBUG][0m - output_signal_dir             : ./checkpoints/pt/llama3-8b_elastic[0m
[1,1]<stdout>:[35m[2026-05-18 17:30:28,270] [   DEBUG][0m - overlap                       : False[0m
[1,1]<stdout>:[35m[2026-05-18 17:30:28,270] [   DEBUG][0m - overlap_p2p_comm              : False[0m
[1,1]<stdout>:[35m[2026-05-18 17:30:28,270] [   DEBUG][0m - overwrite_output_dir          : True[0m
[1,1]<stdout>:[35m[2026-05-18 17:30:28,270] [   DEBUG][0m - p2p_cache_shape               : True[0m
[1,1]<stdout>:[35m[2026-05-18 17:30:28,270] [   DEBUG][0m - pad_token_id                  : 0[0m
[1,1]<stdout>:[35m[2026-05-18 17:30:28,270] [   DEBUG][0m - partial_send_recv             : True[0m
[1,1]<stdout>:[35m[2026-05-18 17:30:28,270] [   DEBUG][0m - past_index                    : -1[0m
[1,1]<stdout>:[35m[2026-05-18 17:30:28,270] [   DEBUG][0m - pdc_download_ckpt             : False[0m
[1,1]<stdout>:[35m[2026-05-18 17:30:28,270] [   DEBUG][0m - pdc_download_timeout          : 300[0m
[1,1]<stdout>:[35m[2026-05-18 17:30:28,270] [   DEBUG][0m - per_device_eval_batch_size    : 8[0m
[1,1]<stdout>:[35m[2026-05-18 17:30:28,271] [   DEBUG][0m - per_device_train_batch_size   : 1[0m
[1,1]<stdout>:[35m[2026-05-18 17:30:28,271] [   DEBUG][0m - pipeline_model_parallel_size  : 2[0m
[1,1]<stdout>:[35m[2026-05-18 17:30:28,271] [   DEBUG][0m - pipeline_parallel_config      : [0m
[1,1]<stdout>:[35m[2026-05-18 17:30:28,271] [   DEBUG][0m - pipeline_parallel_rank        : 0[0m
[1,1]<stdout>:[35m[2026-05-18 17:30:28,271] [   DEBUG][0m - position_embedding_type       : rope[0m
[1,1]<stdout>:[35m[2026-05-18 17:30:28,271] [   DEBUG][0m - power                         : 1.0[0m
[1,1]<stdout>:[35m[2026-05-18 17:30:28,271] [   DEBUG][0m - pp_delay_scale_loss           : True[0m
[1,1]<stdout>:[35m[2026-05-18 17:30:28,271] [   DEBUG][0m - pp_need_data                  : False[0m
[1,1]<stdout>:[35m[2026-05-18 17:30:28,271] [   DEBUG][0m - pp_need_data_degree           : 0[0m
[1,1]<stdout>:[35m[2026-05-18 17:30:28,271] [   DEBUG][0m - pp_release_grads              : False[0m
[1,1]<stdout>:[35m[2026-05-18 17:30:28,271] [   DEBUG][0m - pp_sharding_comm_overlap      : False[0m
[1,1]<stdout>:[35m[2026-05-18 17:30:28,271] [   DEBUG][0m - pp_sync_moment                : False[0m
[1,1]<stdout>:[35m[2026-05-18 17:30:28,271] [   DEBUG][0m - pp_sync_param                 : False[0m
[1,1]<stdout>:[35m[2026-05-18 17:30:28,271] [   DEBUG][0m - pre_alloc_memory              : 0[0m
[1,1]<stdout>:[35m[2026-05-18 17:30:28,271] [   DEBUG][0m - prediction_loss_only          : False[0m
[1,1]<stdout>:[35m[2026-05-18 17:30:28,271] [   DEBUG][0m - pref_loss_ratio               : 1.0[0m
[1,1]<stdout>:[35m[2026-05-18 17:30:28,271] [   DEBUG][0m - prefetch_factor               : 2[0m
[1,1]<stdout>:[35m[2026-05-18 17:30:28,271] [   DEBUG][0m - process_index                 : 8[0m
[1,1]<stdout>:[35m[2026-05-18 17:30:28,271] [   DEBUG][0m - profile                       : False[0m
[1,1]<stdout>:[35m[2026-05-18 17:30:28,271] [   DEBUG][0m - profile_step_end              : 12[0m
[1,1]<stdout>:[35m[2026-05-18 17:30:28,271] [   DEBUG][0m - profile_step_start            : 10[0m
[1,1]<stdout>:[35m[2026-05-18 17:30:28,271] [   DEBUG][0m - recompute_granularity         : full[0m
[1,1]<stdout>:[35m[2026-05-18 17:30:28,271] [   DEBUG][0m - recompute_method              : uniform[0m
[1,1]<stdout>:[35m[2026-05-18 17:30:28,271] [   DEBUG][0m - recompute_modules             : None[0m
[1,1]<stdout>:[35m[2026-05-18 17:30:28,271] [   DEBUG][0m - recompute_mtp_granularity     : None[0m
[1,1]<stdout>:[35m[2026-05-18 17:30:28,271] [   DEBUG][0m - recompute_mtp_method          : None[0m
[1,1]<stdout>:[35m[2026-05-18 17:30:28,271] [   DEBUG][0m - recompute_mtp_modules         : None[0m
[1,1]<stdout>:[35m[2026-05-18 17:30:28,271] [   DEBUG][0m - recompute_num_layers          : 1[0m
[1,1]<stdout>:[35m[2026-05-18 17:30:28,271] [   DEBUG][0m - recompute_use_reentrant       : True[0m
[1,1]<stdout>:[35m[2026-05-18 17:30:28,271] [   DEBUG][0m - reeao_dataset_rank            : 2[0m
[1,1]<stdout>:[35m[2026-05-18 17:30:28,271] [   DEBUG][0m - reeao_dataset_world_size      : 4[0m
[1,1]<stdout>:[35m[2026-05-18 17:30:28,272] [   DEBUG][0m - ref_model_update_steps        : -1[0m
[1,1]<stdout>:[35m[2026-05-18 17:30:28,272] [   DEBUG][0m - reference_free                : False[0m
[1,1]<stdout>:[35m[2026-05-18 17:30:28,272] [   DEBUG][0m - release_grads                 : False[0m
[1,1]<stdout>:[35m[2026-05-18 17:30:28,272] [   DEBUG][0m - remove_unused_columns         : True[0m
[1,1]<stdout>:[35m[2026-05-18 17:30:28,272] [   DEBUG][0m - reorder_pipeline_priority     : False[0m
[1,1]<stdout>:[35m[2026-05-18 17:30:28,272] [   DEBUG][0m - replace_with_c_embedding      : False[0m
[1,1]<stdout>:[35m[2026-05-18 17:30:28,272] [   DEBUG][0m - replace_with_parallel_cross_entropy: False[0m
[1,1]<stdout>:[35m[2026-05-18 17:30:28,272] [   DEBUG][0m - replicate_saved_into_local    : False[0m
[1,1]<stdout>:[35m[2026-05-18 17:30:28,272] [   DEBUG][0m - report_to                     : ['visualdl'][0m
[1,1]<stdout>:[35m[2026-05-18 17:30:28,272] [   DEBUG][0m - resume_from_checkpoint        : None[0m
[1,1]<stdout>:[35m[2026-05-18 17:30:28,272] [   DEBUG][0m - resume_from_huggingface_ckpt  : None[0m
[1,1]<stdout>:[35m[2026-05-18 17:30:28,272] [   DEBUG][0m - router_aux_loss_coef          : 0.0[0m
[1,1]<stdout>:[35m[2026-05-18 17:30:28,272] [   DEBUG][0m - router_z_loss_coef            : None[0m
[1,1]<stdout>:[35m[2026-05-18 17:30:28,272] [   DEBUG][0m - run_name                      : ./checkpoints/pt/llama3-8b_elastic[0m
[1,1]<stdout>:[35m[2026-05-18 17:30:28,272] [   DEBUG][0m - same_data                     : None[0m
[1,1]<stdout>:[35m[2026-05-18 17:30:28,272] [   DEBUG][0m - save_checkpoint_format        : sharding_io[0m
[1,1]<stdout>:[35m[2026-05-18 17:30:28,272] [   DEBUG][0m - save_hf_memory_growth_threshold: 8[0m
[1,1]<stdout>:[35m[2026-05-18 17:30:28,272] [   DEBUG][0m - save_hf_steps                 : -1[0m
[1,1]<stdout>:[35m[2026-05-18 17:30:28,272] [   DEBUG][0m - save_hf_total_limit           : None[0m
[1,1]<stdout>:[35m[2026-05-18 17:30:28,272] [   DEBUG][0m - save_last_step                : False[0m
[1,1]<stdout>:[35m[2026-05-18 17:30:28,272] [   DEBUG][0m - save_on_each_node             : False[0m
[1,1]<stdout>:[35m[2026-05-18 17:30:28,272] [   DEBUG][0m - save_rng_states               : False[0m
[1,1]<stdout>:[35m[2026-05-18 17:30:28,272] [   DEBUG][0m - save_sharded_model            : True[0m
[1,1]<stdout>:[35m[2026-05-18 17:30:28,272] [   DEBUG][0m - save_sharding_stage1_model_include_freeze_params: False[0m
[1,1]<stdout>:[35m[2026-05-18 17:30:28,272] [   DEBUG][0m - save_steps                    : 30[0m
[1,1]<stdout>:[35m[2026-05-18 17:30:28,272] [   DEBUG][0m - save_strategy                 : IntervalStrategy.STEPS[0m
[1,1]<stdout>:[35m[2026-05-18 17:30:28,272] [   DEBUG][0m - save_to_hf                    : False[0m
[1,1]<stdout>:[35m[2026-05-18 17:30:28,272] [   DEBUG][0m - save_tokenizer                : True[0m
[1,1]<stdout>:[35m[2026-05-18 17:30:28,272] [   DEBUG][0m - save_total_limit              : 1[0m
[1,1]<stdout>:[35m[2026-05-18 17:30:28,272] [   DEBUG][0m - scale_loss                    : 32768[0m
[1,1]<stdout>:[35m[2026-05-18 17:30:28,272] [   DEBUG][0m - sd_release_grads              : False[0m
[1,1]<stdout>:[35m[2026-05-18 17:30:28,272] [   DEBUG][0m - sd_sharding_comm_overlap      : False[0m
[1,1]<stdout>:[35m[2026-05-18 17:30:28,273] [   DEBUG][0m - sd_shardingv1_comm_overlap    : False[0m
[1,1]<stdout>:[35m[2026-05-18 17:30:28,273] [   DEBUG][0m - seed                          : 23[0m
[1,1]<stdout>:[35m[2026-05-18 17:30:28,273] [   DEBUG][0m - send_recv_overlap             : False[0m
[1,1]<stdout>:[35m[2026-05-18 17:30:28,273] [   DEBUG][0m - sep_parallel_size             : 1[0m
[1,1]<stdout>:[35m[2026-05-18 17:30:28,273] [   DEBUG][0m - sequence_parallel             : False[0m
[1,1]<stdout>:[35m[2026-05-18 17:30:28,273] [   DEBUG][0m - sequence_parallel_config      : [0m
[1,1]<stdout>:[35m[2026-05-18 17:30:28,273] [   DEBUG][0m - sft_loss_ratio                : 0.0[0m
[1,1]<stdout>:[35m[2026-05-18 17:30:28,273] [   DEBUG][0m - sharded_model_from_ema        : False[0m
[1,1]<stdout>:[35m[2026-05-18 17:30:28,273] [   DEBUG][0m - sharding                      : [<ShardingOption.SHARD_OP: 'stage1'>][0m
[1,1]<stdout>:[35m[2026-05-18 17:30:28,273] [   DEBUG][0m - sharding_comm_buffer_size_MB  : -1[0m
[1,1]<stdout>:[35m[2026-05-18 17:30:28,273] [   DEBUG][0m - sharding_degree               : -1[0m
[1,1]<stdout>:[35m[2026-05-18 17:30:28,273] [   DEBUG][0m - sharding_offload_opt_buffersize_GB: -1[0m
[1,1]<stdout>:[35m[2026-05-18 17:30:28,273] [   DEBUG][0m - sharding_parallel_config      : [0m
[1,1]<stdout>:[35m[2026-05-18 17:30:28,273] [   DEBUG][0m - sharding_parallel_mesh_dimension: dp[0m
[1,1]<stdout>:[35m[2026-05-18 17:30:28,273] [   DEBUG][0m - sharding_parallel_rank        : 2[0m
[1,1]<stdout>:[35m[2026-05-18 17:30:28,273] [   DEBUG][0m - sharding_parallel_size        : 4[0m
[1,1]<stdout>:[35m[2026-05-18 17:30:28,273] [   DEBUG][0m - should_load_dataset           : True[0m
[1,1]<stdout>:[35m[2026-05-18 17:30:28,273] [   DEBUG][0m - should_load_sharding_stage1_model: True[0m
[1,1]<stdout>:[35m[2026-05-18 17:30:28,273] [   DEBUG][0m - should_log                    : True[0m
[1,1]<stdout>:[35m[2026-05-18 17:30:28,273] [   DEBUG][0m - should_save                   : False[0m
[1,1]<stdout>:[35m[2026-05-18 17:30:28,273] [   DEBUG][0m - should_save_model_state       : True[0m
[1,1]<stdout>:[35m[2026-05-18 17:30:28,273] [   DEBUG][0m - should_save_model_with_tensor_fusion: False[0m
[1,1]<stdout>:[35m[2026-05-18 17:30:28,273] [   DEBUG][0m - should_save_sharding_stage1_model: True[0m
[1,1]<stdout>:[35m[2026-05-18 17:30:28,273] [   DEBUG][0m - shuffle_consecutive           : False[0m
[1,1]<stdout>:[35m[2026-05-18 17:30:28,273] [   DEBUG][0m - simpo_gamma                   : 0.5[0m
[1,1]<stdout>:[35m[2026-05-18 17:30:28,273] [   DEBUG][0m - skip_data_intervals           : None[0m
[1,1]<stdout>:[35m[2026-05-18 17:30:28,273] [   DEBUG][0m - skip_memory_metrics           : True[0m
[1,1]<stdout>:[35m[2026-05-18 17:30:28,273] [   DEBUG][0m - skip_profile_timer            : True[0m
[1,1]<stdout>:[35m[2026-05-18 17:30:28,273] [   DEBUG][0m - softmax_scale                 : None[0m
[1,1]<stdout>:[35m[2026-05-18 17:30:28,274] [   DEBUG][0m - softmax_type                  : vanilla[0m
[1,1]<stdout>:[35m[2026-05-18 17:30:28,274] [   DEBUG][0m - sp_allreduce_avg_in_gradinent_scale: False[0m
[1,1]<stdout>:[35m[2026-05-18 17:30:28,274] [   DEBUG][0m - sp_async_reduce_scatter       : False[0m
[1,1]<stdout>:[35m[2026-05-18 17:30:28,274] [   DEBUG][0m - split_backward                : False[0m
[1,1]<stdout>:[35m[2026-05-18 17:30:28,274] [   DEBUG][0m - split_inputs_sequence_dim     : True[0m
[1,1]<stdout>:[35m[2026-05-18 17:30:28,274] [   DEBUG][0m - split_norm_comm               : False[0m
[1,1]<stdout>:[35m[2026-05-18 17:30:28,274] [   DEBUG][0m - split_param                   : True[0m
[1,1]<stdout>:[35m[2026-05-18 17:30:28,274] [   DEBUG][0m - stage1_allgather_overlap      : False[0m
[1,1]<stdout>:[35m[2026-05-18 17:30:28,274] [   DEBUG][0m - stage1_broadcast_overlap      : False[0m
[1,1]<stdout>:[35m[2026-05-18 17:30:28,274] [   DEBUG][0m - stage1_overlap                : False[0m
[1,1]<stdout>:[35m[2026-05-18 17:30:28,274] [   DEBUG][0m - stage1_reduce_avg             : True[0m
[1,1]<stdout>:[35m[2026-05-18 17:30:28,274] [   DEBUG][0m - stage1_tensor_fusion          : False[0m
[1,1]<stdout>:[35m[2026-05-18 17:30:28,274] [   DEBUG][0m - stage2_overlap                : False[0m
[1,1]<stdout>:[35m[2026-05-18 17:30:28,274] [   DEBUG][0m - sync_grad                     : False[0m
[1,1]<stdout>:[35m[2026-05-18 17:30:28,274] [   DEBUG][0m - tensor_fusion                 : False[0m
[1,1]<stdout>:[35m[2026-05-18 17:30:28,274] [   DEBUG][0m - tensor_model_parallel_size    : 2[0m
[1,1]<stdout>:[35m[2026-05-18 17:30:28,274] [   DEBUG][0m - tensor_parallel_config        : [0m
[1,1]<stdout>:[35m[2026-05-18 17:30:28,274] [   DEBUG][0m - tensor_parallel_output        : True[0m
[1,1]<stdout>:[35m[2026-05-18 17:30:28,274] [   DEBUG][0m - tensor_parallel_rank          : 0[0m
[1,1]<stdout>:[35m[2026-05-18 17:30:28,274] [   DEBUG][0m - tensorwise_offload_optimizer  : False[0m
[1,1]<stdout>:[35m[2026-05-18 17:30:28,274] [   DEBUG][0m - tie_word_embeddings           : None[0m
[1,1]<stdout>:[35m[2026-05-18 17:30:28,274] [   DEBUG][0m - timer                         : False[0m
[1,1]<stdout>:[35m[2026-05-18 17:30:28,274] [   DEBUG][0m - to_static                     : False[0m
[1,1]<stdout>:[35m[2026-05-18 17:30:28,274] [   DEBUG][0m - token_balance_loss            : False[0m
[1,1]<stdout>:[35m[2026-05-18 17:30:28,274] [   DEBUG][0m - tp_async_allreduce            : False[0m
[1,1]<stdout>:[35m[2026-05-18 17:30:28,274] [   DEBUG][0m - tp_sync_moment                : False[0m
[1,1]<stdout>:[35m[2026-05-18 17:30:28,274] [   DEBUG][0m - tp_sync_param                 : False[0m
[1,1]<stdout>:[35m[2026-05-18 17:30:28,274] [   DEBUG][0m - train_batch_size              : 1[0m
[1,1]<stdout>:[35m[2026-05-18 17:30:28,274] [   DEBUG][0m - train_mtp_only                : False[0m
[1,1]<stdout>:[35m[2026-05-18 17:30:28,274] [   DEBUG][0m - unified_checkpoint            : False[0m
[1,1]<stdout>:[35m[2026-05-18 17:30:28,274] [   DEBUG][0m - unified_checkpoint_config     : [0m
[1,1]<stdout>:[35m[2026-05-18 17:30:28,275] [   DEBUG][0m - use_async_save                : False[0m
[1,1]<stdout>:[35m[2026-05-18 17:30:28,275] [   DEBUG][0m - use_cache                     : False[0m
[1,1]<stdout>:[35m[2026-05-18 17:30:28,275] [   DEBUG][0m - use_dualpipev                 : False[0m
[1,1]<stdout>:[35m[2026-05-18 17:30:28,275] [   DEBUG][0m - use_expert_parallel           : False[0m
[1,1]<stdout>:[35m[2026-05-18 17:30:28,275] [   DEBUG][0m - use_filtered_label_loss       : False[0m
[1,1]<stdout>:[35m[2026-05-18 17:30:28,275] [   DEBUG][0m - use_fp8                       : False[0m
[1,1]<stdout>:[35m[2026-05-18 17:30:28,275] [   DEBUG][0m - use_fused_head_and_loss_fn    : False[0m
[1,1]<stdout>:[35m[2026-05-18 17:30:28,275] [   DEBUG][0m - use_fused_linear_cross_entropy: False[0m
[1,1]<stdout>:[35m[2026-05-18 17:30:28,275] [   DEBUG][0m - use_hybrid_parallel           : True[0m
[1,1]<stdout>:[35m[2026-05-18 17:30:28,275] [   DEBUG][0m - use_intermediate_api          : False[0m
[1,1]<stdout>:[35m[2026-05-18 17:30:28,275] [   DEBUG][0m - use_lowprecision_moment       : False[0m
[1,1]<stdout>:[35m[2026-05-18 17:30:28,275] [   DEBUG][0m - use_moe                       : False[0m
[1,1]<stdout>:[35m[2026-05-18 17:30:28,275] [   DEBUG][0m - use_ortho_loss_callback       : False[0m
[1,1]<stdout>:[35m[2026-05-18 17:30:28,275] [   DEBUG][0m - use_qk_norm                   : None[0m
[1,1]<stdout>:[35m[2026-05-18 17:30:28,275] [   DEBUG][0m - use_recompute_mtp             : False[0m
[1,1]<stdout>:[35m[2026-05-18 17:30:28,275] [   DEBUG][0m - use_unified_moe               : False[0m
[1,1]<stdout>:[35m[2026-05-18 17:30:28,275] [   DEBUG][0m - using_sonic_moe               : False[0m
[1,1]<stdout>:[35m[2026-05-18 17:30:28,275] [   DEBUG][0m - variable_seq_lengths          : False[0m
[1,1]<stdout>:[35m[2026-05-18 17:30:28,275] [   DEBUG][0m - virtual_pipeline_model_parallel_size: 1[0m
[1,1]<stdout>:[35m[2026-05-18 17:30:28,275] [   DEBUG][0m - wandb_api_key                 : None[0m
[1,1]<stdout>:[35m[2026-05-18 17:30:28,275] [   DEBUG][0m - wandb_http_proxy              : None[0m
[1,1]<stdout>:[35m[2026-05-18 17:30:28,275] [   DEBUG][0m - warmup_ratio                  : 0.0[0m
[1,1]<stdout>:[35m[2026-05-18 17:30:28,275] [   DEBUG][0m - warmup_steps                  : 10[0m
[1,1]<stdout>:[35m[2026-05-18 17:30:28,275] [   DEBUG][0m - weight_decay                  : 0.0[0m
[1,1]<stdout>:[35m[2026-05-18 17:30:28,275] [   DEBUG][0m - weight_name_suffix            : tp00_pp00[0m
[1,1]<stdout>:[35m[2026-05-18 17:30:28,275] [   DEBUG][0m - weight_quantize_algo          : None[0m
[1,1]<stdout>:[35m[2026-05-18 17:30:28,275] [   DEBUG][0m - world_size                    : 16[0m
[1,1]<stdout>:[35m[2026-05-18 17:30:28,275] [   DEBUG][0m - zcc_ema_interval              : 1[0m
[1,1]<stdout>:[35m[2026-05-18 17:30:28,275] [   DEBUG][0m - zcc_ema_loss_threshold        : None[0m
[1,1]<stdout>:[35m[2026-05-18 17:30:28,275] [   DEBUG][0m - zcc_pipeline_hooks_capacity_usage: 0.6[0m
[1,1]<stdout>:[35m[2026-05-18 17:30:28,275] [   DEBUG][0m - zcc_save_ema_coef             : None[0m
[1,1]<stdout>:[35m[2026-05-18 17:30:28,275] [   DEBUG][0m - zcc_workers_num               : 3[0m
[1,1]<stdout>:[35m[2026-05-18 17:30:28,276] [   DEBUG][0m - [0m
[1,1]<stdout>:[32m[2026-05-18 17:30:28,276] [    INFO][0m - The global seed is set to 31, local seed is set to 47 and random seed is set to 23.[0m
[1,1]<stdout>:[33m[2026-05-18 17:30:28,276] [ WARNING][0m - Process rank: 0, device: gpu, world_size: 16, distributed training: True, 16-bits training: True[0m
[1,1]<stdout>:[32m[2026-05-18 17:30:28,277] [    INFO][0m - Using download source: huggingface[0m
[1,1]<stdout>:[32m[2026-05-18 17:30:28,277] [    INFO][0m - Using download source: huggingface[0m
[1,1]<stdout>:[32m[2026-05-18 17:30:28,277] [    INFO][0m - Loading configuration file ./models/Llama-3-8b/config.json[0m
[1,1]<stdout>:[32m[2026-05-18 17:30:28,279] [    INFO][0m - Final model config: LlamaConfig {
[1,1]<stdout>:  "architectures": [
[1,1]<stdout>:    "LlamaForCausalLM"
[1,1]<stdout>:  ],
[1,1]<stdout>:  "attention_bias": false,
[1,1]<stdout>:  "attention_dropout": 0.0,
[1,1]<stdout>:  "bos_token_id": 128000,
[1,1]<stdout>:  "enable_auto_parallel": false,
[1,1]<stdout>:  "eos_token_id": 128001,
[1,1]<stdout>:  "fa_version": 4,
[1,1]<stdout>:  "head_dim": 128,
[1,1]<stdout>:  "hidden_act": "silu",
[1,1]<stdout>:  "hidden_size": 4096,
[1,1]<stdout>:  "initializer_range": 0.02,
[1,1]<stdout>:  "intermediate_size": 14336,
[1,1]<stdout>:  "is_lora": false,
[1,1]<stdout>:  "max_position_embeddings": 8192,
[1,1]<stdout>:  "max_sequence_length": 4096,
[1,1]<stdout>:  "mlp_bias": false,
[1,1]<stdout>:  "model_type": "llama",
[1,1]<stdout>:  "moe_router_bias_update_rate": 0.0,
[1,1]<stdout>:  "num_attention_heads": 32,
[1,1]<stdout>:  "num_hidden_layers": 32,
[1,1]<stdout>:  "num_key_value_heads": 8,
[1,1]<stdout>:  "pad_token_id": 0,
[1,1]<stdout>:  "paddleformers_version": "1.1.0.post20260518",
[1,1]<stdout>:  "pipeline_model_parallel_size": 2,
[1,1]<stdout>:  "pp_seg_method": "layer:DecoderLayer|EmptyLayer",
[1,1]<stdout>:  "pretraining_tp": 1,
[1,1]<stdout>:  "recompute_granularity": "full",
[1,1]<stdout>:  "recompute_method": "uniform",
[1,1]<stdout>:  "recompute_num_layers": 1,
[1,1]<stdout>:  "rms_norm_eps": 1e-05,
[1,1]<stdout>:  "rope_parameters": {
[1,1]<stdout>:    "rope_theta": 500000.0,
[1,1]<stdout>:    "rope_type": "default"
[1,1]<stdout>:  },
[1,1]<stdout>:  "rope_scaling": null,
[1,1]<stdout>:  "rope_theta": 500000.0,
[1,1]<stdout>:  "seq_length": 4096,
[1,1]<stdout>:  "tensor_model_parallel_size": 2,
[1,1]<stdout>:  "tie_word_embeddings": false,
[1,1]<stdout>:  "torch_dtype": "float32",
[1,1]<stdout>:  "use_cache": true,
[1,1]<stdout>:  "use_fast_layer_norm": false,
[1,1]<stdout>:  "vocab_size": 128256
[1,1]<stdout>:}
[1,1]<stdout>:[0m
[1,1]<stdout>:[32m[2026-05-18 17:30:28,279] [    INFO][0m - Creating model[0m
[1,1]<stdout>:[32m[2026-05-18 17:30:28,279] [    INFO][0m - Loading model weights from ./models/Llama-3-8b[0m
[1,1]<stdout>:[32m[2026-05-18 17:30:28,284] [    INFO][0m - change initializer-range from 0.02 to 0.009020646889913162[0m
[1,1]<stdout>:[32m[2026-05-18 17:30:28,284] [    INFO][0m - using moe-group: dummy[0m
[1,1]<stdout>:[32m[2026-05-18 17:30:28,284] [    INFO][0m - use no_recompute_layers: {0, 1, 2, 3, 4, 5, 6, 7, 8, 9, 10, 11, 12, 13, 14, 15, 16, 17, 18, 19, 20, 21, 22, 23, 24, 25, 26, 27, 28, 29, 30, 31}[0m
[1,1]<stdout>:[32m[2026-05-18 17:30:28,284] [    INFO][0m - using recompute_interval=0, seg_method=layer:DecoderLayer|EmptyLayer[0m
[1,1]<stdout>:[32m[2026-05-18 17:30:28,284] [    INFO][0m - loss_subbatch_sequence_length: -1 , use_fused_head_and_loss_fn: False, use_filtered_label_loss: False[0m
[1,1]<stdout>:[32m[2026-05-18 17:30:28,284] [    INFO][0m - using parallel cross entroy, take care[0m
[1,1]<stdout>:[2026-05-18 17:30:28,285] [    INFO] pp_layers.py:871 - start segment network..
[1,1]<stdout>:[2026-05-18 17:30:28,285] [    INFO] pp_layers.py:877 - segment with method: layer:DecoderLayer|EmptyLayer; result: 0, 17, 35
[1,1]<stdout>:[2026-05-18 17:30:28,285] [    INFO] pp_layers.py:894 - stage=0, global_rank=8 ,layer_number=17
[1,1]<stdout>:[2026-05-18 17:30:28,286] [    INFO] pp_layers.py:899 - 0: EmbeddingPipe(config=LlamaConfig {
[1,1]<stdout>:  "architectures": [
[1,1]<stdout>:    "LlamaForCausalLM"
[1,1]<stdout>:  ],
[1,1]<stdout>:  "attention_bias": false,
[1,1]<stdout>:  "attention_dropout": 0.0,
[1,1]<stdout>:  "bos_token_id": 128000,
[1,1]<stdout>:  "enable_auto_parallel": false,
[1,1]<stdout>:  "eos_token_id": 128001,
[1,1]<stdout>:  "fa_version": 4,
[1,1]<stdout>:  "head_dim": 128,
[1,1]<stdout>:  "hidden_act": "silu",
[1,1]<stdout>:  "hidden_size": 4096,
[1,1]<stdout>:  "initializer_range": 0.009020646889913162,
[1,1]<stdout>:  "intermediate_size": 14336,
[1,1]<stdout>:  "is_lora": false,
[1,1]<stdout>:  "max_position_embeddings": 8192,
[1,1]<stdout>:  "max_sequence_length": 4096,
[1,1]<stdout>:  "mlp_bias": false,
[1,1]<stdout>:  "model_type": "llama",
[1,1]<stdout>:  "moe_group_origin": "dummy",
[1,1]<stdout>:  "moe_rank": 0,
[1,1]<stdout>:  "moe_router_bias_update_rate": 0.0,
[1,1]<stdout>:  "moe_world_size": 1,
[1,1]<stdout>:  "num_attention_heads": 32,
[1,1]<stdout>:  "num_hidden_layers": 32,
[1,1]<stdout>:  "num_key_value_heads": 8,
[1,1]<stdout>:  "pad_token_id": 0,
[1,1]<stdout>:  "paddleformers_version": "1.1.0.post20260518",
[1,1]<stdout>:  "pipeline_model_parallel_size": 2,
[1,1]<stdout>:  "pp_seg_method": "layer:DecoderLayer|EmptyLayer",
[1,1]<stdout>:  "pretraining_tp": 1,
[1,1]<stdout>:  "recompute_granularity": "full",
[1,1]<stdout>:  "recompute_method": "uniform",
[1,1]<stdout>:  "recompute_num_layers": 1,
[1,1]<stdout>:  "rms_norm_eps": 1e-05,
[1,1]<stdout>:  "rope_parameters": {
[1,1]<stdout>:    "rope_theta": 500000.0,
[1,1]<stdout>:    "rope_type": "default"
[1,1]<stdout>:  },
[1,1]<stdout>:  "rope_scaling": null,
[1,1]<stdout>:  "rope_theta": 500000.0,
[1,1]<stdout>:  "seq_length": 4096,
[1,1]<stdout>:  "tensor_model_parallel_size": 2,
[1,1]<stdout>:  "tie_word_embeddings": false,
[1,1]<stdout>:  "torch_dtype": "float32",
[1,1]<stdout>:  "use_cache": true,
[1,1]<stdout>:  "use_fast_layer_norm": false,
[1,1]<stdout>:  "vocab_size": 128256
[1,1]<stdout>:}
[1,1]<stdout>:, embed_cls=None, rotary_emb_cls=None)
[1,1]<stdout>:[2026-05-18 17:30:28,287] [    INFO] pp_layers.py:899 - 1: DecoderLayerPipe(config=LlamaConfig {
[1,1]<stdout>:  "architectures": [
[1,1]<stdout>:    "LlamaForCausalLM"
[1,1]<stdout>:  ],
[1,1]<stdout>:  "attention_bias": false,
[1,1]<stdout>:  "attention_dropout": 0.0,
[1,1]<stdout>:  "bos_token_id": 128000,
[1,1]<stdout>:  "enable_auto_parallel": false,
[1,1]<stdout>:  "eos_token_id": 128001,
[1,1]<stdout>:  "fa_version": 4,
[1,1]<stdout>:  "head_dim": 128,
[1,1]<stdout>:  "hidden_act": "silu",
[1,1]<stdout>:  "hidden_size": 4096,
[1,1]<stdout>:  "initializer_range": 0.009020646889913162,
[1,1]<stdout>:  "intermediate_size": 14336,
[1,1]<stdout>:  "is_lora": false,
[1,1]<stdout>:  "max_position_embeddings": 8192,
[1,1]<stdout>:  "max_sequence_length": 4096,
[1,1]<stdout>:  "mlp_bias": false,
[1,1]<stdout>:  "model_type": "llama",
[1,1]<stdout>:  "moe_group_origin": "dummy",
[1,1]<stdout>:  "moe_rank": 0,
[1,1]<stdout>:  "moe_router_bias_update_rate": 0.0,
[1,1]<stdout>:  "moe_world_size": 1,
[1,1]<stdout>:  "num_attention_heads": 32,
[1,1]<stdout>:  "num_hidden_layers": 32,
[1,1]<stdout>:  "num_key_value_heads": 8,
[1,1]<stdout>:  "pad_token_id": 0,
[1,1]<stdout>:  "paddleformers_version": "1.1.0.post20260518",
[1,1]<stdout>:  "pipeline_model_parallel_size": 2,
[1,1]<stdout>:  "pp_seg_method": "layer:DecoderLayer|EmptyLayer",
[1,1]<stdout>:  "pretraining_tp": 1,
[1,1]<stdout>:  "recompute_granularity": "full",
[1,1]<stdout>:  "recompute_method": "uniform",
[1,1]<stdout>:  "recompute_num_layers": 1,
[1,1]<stdout>:  "rms_norm_eps": 1e-05,
[1,1]<stdout>:  "rope_parameters": {
[1,1]<stdout>:    "rope_theta": 500000.0,
[1,1]<stdout>:    "rope_type": "default"
[1,1]<stdout>:  },
[1,1]<stdout>:  "rope_scaling": null,
[1,1]<stdout>:  "rope_theta": 500000.0,
[1,1]<stdout>:  "seq_length": 4096,
[1,1]<stdout>:  "tensor_model_parallel_size": 2,
[1,1]<stdout>:  "tie_word_embeddings": false,
[1,1]<stdout>:  "torch_dtype": "float32",
[1,1]<stdout>:  "use_cache": true,
[1,1]<stdout>:  "use_fast_layer_norm": false,
[1,1]<stdout>:  "vocab_size": 128256
[1,1]<stdout>:}
[1,1]<stdout>:, layer_idx=0)
[1,1]<stdout>:[2026-05-18 17:30:28,288] [    INFO] pp_layers.py:899 - 2: DecoderLayerPipe(config=LlamaConfig {
[1,1]<stdout>:  "architectures": [
[1,1]<stdout>:    "LlamaForCausalLM"
[1,1]<stdout>:  ],
[1,1]<stdout>:  "attention_bias": false,
[1,1]<stdout>:  "attention_dropout": 0.0,
[1,1]<stdout>:  "bos_token_id": 128000,
[1,1]<stdout>:  "enable_auto_parallel": false,
[1,1]<stdout>:  "eos_token_id": 128001,
[1,1]<stdout>:  "fa_version": 4,
[1,1]<stdout>:  "head_dim": 128,
[1,1]<stdout>:  "hidden_act": "silu",
[1,1]<stdout>:  "hidden_size": 4096,
[1,1]<stdout>:  "initializer_range": 0.009020646889913162,
[1,1]<stdout>:  "intermediate_size": 14336,
[1,1]<stdout>:  "is_lora": false,
[1,1]<stdout>:  "max_position_embeddings": 8192,
[1,1]<stdout>:  "max_sequence_length": 4096,
[1,1]<stdout>:  "mlp_bias": false,
[1,1]<stdout>:  "model_type": "llama",
[1,1]<stdout>:  "moe_group_origin": "dummy",
[1,1]<stdout>:  "moe_rank": 0,
[1,1]<stdout>:  "moe_router_bias_update_rate": 0.0,
[1,1]<stdout>:  "moe_world_size": 1,
[1,1]<stdout>:  "num_attention_heads": 32,
[1,1]<stdout>:  "num_hidden_layers": 32,
[1,1]<stdout>:  "num_key_value_heads": 8,
[1,1]<stdout>:  "pad_token_id": 0,
[1,1]<stdout>:  "paddleformers_version": "1.1.0.post20260518",
[1,1]<stdout>:  "pipeline_model_parallel_size": 2,
[1,1]<stdout>:  "pp_seg_method": "layer:DecoderLayer|EmptyLayer",
[1,1]<stdout>:  "pretraining_tp": 1,
[1,1]<stdout>:  "recompute_granularity": "full",
[1,1]<stdout>:  "recompute_method": "uniform",
[1,1]<stdout>:  "recompute_num_layers": 1,
[1,1]<stdout>:  "rms_norm_eps": 1e-05,
[1,1]<stdout>:  "rope_parameters": {
[1,1]<stdout>:    "rope_theta": 500000.0,
[1,1]<stdout>:    "rope_type": "default"
[1,1]<stdout>:  },
[1,1]<stdout>:  "rope_scaling": null,
[1,1]<stdout>:  "rope_theta": 500000.0,
[1,1]<stdout>:  "seq_length": 4096,
[1,1]<stdout>:  "tensor_model_parallel_size": 2,
[1,1]<stdout>:  "tie_word_embeddings": false,
[1,1]<stdout>:  "torch_dtype": "float32",
[1,1]<stdout>:  "use_cache": true,
[1,1]<stdout>:  "use_fast_layer_norm": false,
[1,1]<stdout>:  "vocab_size": 128256
[1,1]<stdout>:}
[1,1]<stdout>:, layer_idx=1)
[1,1]<stdout>:[2026-05-18 17:30:28,288] [    INFO] pp_layers.py:899 - 3: DecoderLayerPipe(config=LlamaConfig {
[1,1]<stdout>:  "architectures": [
[1,1]<stdout>:    "LlamaForCausalLM"
[1,1]<stdout>:  ],
[1,1]<stdout>:  "attention_bias": false,
[1,1]<stdout>:  "attention_dropout": 0.0,
[1,1]<stdout>:  "bos_token_id": 128000,
[1,1]<stdout>:  "enable_auto_parallel": false,
[1,1]<stdout>:  "eos_token_id": 128001,
[1,1]<stdout>:  "fa_version": 4,
[1,1]<stdout>:  "head_dim": 128,
[1,1]<stdout>:  "hidden_act": "silu",
[1,1]<stdout>:  "hidden_size": 4096,
[1,1]<stdout>:  "initializer_range": 0.009020646889913162,
[1,1]<stdout>:  "intermediate_size": 14336,
[1,1]<stdout>:  "is_lora": false,
[1,1]<stdout>:  "max_position_embeddings": 8192,
[1,1]<stdout>:  "max_sequence_length": 4096,
[1,1]<stdout>:  "mlp_bias": false,
[1,1]<stdout>:  "model_type": "llama",
[1,1]<stdout>:  "moe_group_origin": "dummy",
[1,1]<stdout>:  "moe_rank": 0,
[1,1]<stdout>:  "moe_router_bias_update_rate": 0.0,
[1,1]<stdout>:  "moe_world_size": 1,
[1,1]<stdout>:  "num_attention_heads": 32,
[1,1]<stdout>:  "num_hidden_layers": 32,
[1,1]<stdout>:  "num_key_value_heads": 8,
[1,1]<stdout>:  "pad_token_id": 0,
[1,1]<stdout>:  "paddleformers_version": "1.1.0.post20260518",
[1,1]<stdout>:  "pipeline_model_parallel_size": 2,
[1,1]<stdout>:  "pp_seg_method": "layer:DecoderLayer|EmptyLayer",
[1,1]<stdout>:  "pretraining_tp": 1,
[1,1]<stdout>:  "recompute_granularity": "full",
[1,1]<stdout>:  "recompute_method": "uniform",
[1,1]<stdout>:  "recompute_num_layers": 1,
[1,1]<stdout>:  "rms_norm_eps": 1e-05,
[1,1]<stdout>:  "rope_parameters": {
[1,1]<stdout>:    "rope_theta": 500000.0,
[1,1]<stdout>:    "rope_type": "default"
[1,1]<stdout>:  },
[1,1]<stdout>:  "rope_scaling": null,
[1,1]<stdout>:  "rope_theta": 500000.0,
[1,1]<stdout>:  "seq_length": 4096,
[1,1]<stdout>:  "tensor_model_parallel_size": 2,
[1,1]<stdout>:  "tie_word_embeddings": false,
[1,1]<stdout>:  "torch_dtype": "float32",
[1,1]<stdout>:  "use_cache": true,
[1,1]<stdout>:  "use_fast_layer_norm": false,
[1,1]<stdout>:  "vocab_size": 128256
[1,1]<stdout>:}
[1,1]<stdout>:, layer_idx=2)
[1,1]<stdout>:[2026-05-18 17:30:28,289] [    INFO] pp_layers.py:899 - 4: DecoderLayerPipe(config=LlamaConfig {
[1,1]<stdout>:  "architectures": [
[1,1]<stdout>:    "LlamaForCausalLM"
[1,1]<stdout>:  ],
[1,1]<stdout>:  "attention_bias": false,
[1,1]<stdout>:  "attention_dropout": 0.0,
[1,1]<stdout>:  "bos_token_id": 128000,
[1,1]<stdout>:  "enable_auto_parallel": false,
[1,1]<stdout>:  "eos_token_id": 128001,
[1,1]<stdout>:  "fa_version": 4,
[1,1]<stdout>:  "head_dim": 128,
[1,1]<stdout>:  "hidden_act": "silu",
[1,1]<stdout>:  "hidden_size": 4096,
[1,1]<stdout>:  "initializer_range": 0.009020646889913162,
[1,1]<stdout>:  "intermediate_size": 14336,
[1,1]<stdout>:  "is_lora": false,
[1,1]<stdout>:  "max_position_embeddings": 8192,
[1,1]<stdout>:  "max_sequence_length": 4096,
[1,1]<stdout>:  "mlp_bias": false,
[1,1]<stdout>:  "model_type": "llama",
[1,1]<stdout>:  "moe_group_origin": "dummy",
[1,1]<stdout>:  "moe_rank": 0,
[1,1]<stdout>:  "moe_router_bias_update_rate": 0.0,
[1,1]<stdout>:  "moe_world_size": 1,
[1,1]<stdout>:  "num_attention_heads": 32,
[1,1]<stdout>:  "num_hidden_layers": 32,
[1,1]<stdout>:  "num_key_value_heads": 8,
[1,1]<stdout>:  "pad_token_id": 0,
[1,1]<stdout>:  "paddleformers_version": "1.1.0.post20260518",
[1,1]<stdout>:  "pipeline_model_parallel_size": 2,
[1,1]<stdout>:  "pp_seg_method": "layer:DecoderLayer|EmptyLayer",
[1,1]<stdout>:  "pretraining_tp": 1,
[1,1]<stdout>:  "recompute_granularity": "full",
[1,1]<stdout>:  "recompute_method": "uniform",
[1,1]<stdout>:  "recompute_num_layers": 1,
[1,1]<stdout>:  "rms_norm_eps": 1e-05,
[1,1]<stdout>:  "rope_parameters": {
[1,1]<stdout>:    "rope_theta": 500000.0,
[1,1]<stdout>:    "rope_type": "default"
[1,1]<stdout>:  },
[1,1]<stdout>:  "rope_scaling": null,
[1,1]<stdout>:  "rope_theta": 500000.0,
[1,1]<stdout>:  "seq_length": 4096,
[1,1]<stdout>:  "tensor_model_parallel_size": 2,
[1,1]<stdout>:  "tie_word_embeddings": false,
[1,1]<stdout>:  "torch_dtype": "float32",
[1,1]<stdout>:  "use_cache": true,
[1,1]<stdout>:  "use_fast_layer_norm": false,
[1,1]<stdout>:  "vocab_size": 128256
[1,1]<stdout>:}
[1,1]<stdout>:, layer_idx=3)
[1,1]<stdout>:[2026-05-18 17:30:28,290] [    INFO] pp_layers.py:899 - 5: DecoderLayerPipe(config=LlamaConfig {
[1,1]<stdout>:  "architectures": [
[1,1]<stdout>:    "LlamaForCausalLM"
[1,1]<stdout>:  ],
[1,1]<stdout>:  "attention_bias": false,
[1,1]<stdout>:  "attention_dropout": 0.0,
[1,1]<stdout>:  "bos_token_id": 128000,
[1,1]<stdout>:  "enable_auto_parallel": false,
[1,1]<stdout>:  "eos_token_id": 128001,
[1,1]<stdout>:  "fa_version": 4,
[1,1]<stdout>:  "head_dim": 128,
[1,1]<stdout>:  "hidden_act": "silu",
[1,1]<stdout>:  "hidden_size": 4096,
[1,1]<stdout>:  "initializer_range": 0.009020646889913162,
[1,1]<stdout>:  "intermediate_size": 14336,
[1,1]<stdout>:  "is_lora": false,
[1,1]<stdout>:  "max_position_embeddings": 8192,
[1,1]<stdout>:  "max_sequence_length": 4096,
[1,1]<stdout>:  "mlp_bias": false,
[1,1]<stdout>:  "model_type": "llama",
[1,1]<stdout>:  "moe_group_origin": "dummy",
[1,1]<stdout>:  "moe_rank": 0,
[1,1]<stdout>:  "moe_router_bias_update_rate": 0.0,
[1,1]<stdout>:  "moe_world_size": 1,
[1,1]<stdout>:  "num_attention_heads": 32,
[1,1]<stdout>:  "num_hidden_layers": 32,
[1,1]<stdout>:  "num_key_value_heads": 8,
[1,1]<stdout>:  "pad_token_id": 0,
[1,1]<stdout>:  "paddleformers_version": "1.1.0.post20260518",
[1,1]<stdout>:  "pipeline_model_parallel_size": 2,
[1,1]<stdout>:  "pp_seg_method": "layer:DecoderLayer|EmptyLayer",
[1,1]<stdout>:  "pretraining_tp": 1,
[1,1]<stdout>:  "recompute_granularity": "full",
[1,1]<stdout>:  "recompute_method": "uniform",
[1,1]<stdout>:  "recompute_num_layers": 1,
[1,1]<stdout>:  "rms_norm_eps": 1e-05,
[1,1]<stdout>:  "rope_parameters": {
[1,1]<stdout>:    "rope_theta": 500000.0,
[1,1]<stdout>:    "rope_type": "default"
[1,1]<stdout>:  },
[1,1]<stdout>:  "rope_scaling": null,
[1,1]<stdout>:  "rope_theta": 500000.0,
[1,1]<stdout>:  "seq_length": 4096,
[1,1]<stdout>:  "tensor_model_parallel_size": 2,
[1,1]<stdout>:  "tie_word_embeddings": false,
[1,1]<stdout>:  "torch_dtype": "float32",
[1,1]<stdout>:  "use_cache": true,
[1,1]<stdout>:  "use_fast_layer_norm": false,
[1,1]<stdout>:  "vocab_size": 128256
[1,1]<stdout>:}
[1,1]<stdout>:, layer_idx=4)
[1,1]<stdout>:[2026-05-18 17:30:28,291] [    INFO] pp_layers.py:899 - 6: DecoderLayerPipe(config=LlamaConfig {
[1,1]<stdout>:  "architectures": [
[1,1]<stdout>:    "LlamaForCausalLM"
[1,1]<stdout>:  ],
[1,1]<stdout>:  "attention_bias": false,
[1,1]<stdout>:  "attention_dropout": 0.0,
[1,1]<stdout>:  "bos_token_id": 128000,
[1,1]<stdout>:  "enable_auto_parallel": false,
[1,1]<stdout>:  "eos_token_id": 128001,
[1,1]<stdout>:  "fa_version": 4,
[1,1]<stdout>:  "head_dim": 128,
[1,1]<stdout>:  "hidden_act": "silu",
[1,1]<stdout>:  "hidden_size": 4096,
[1,1]<stdout>:  "initializer_range": 0.009020646889913162,
[1,1]<stdout>:  "intermediate_size": 14336,
[1,1]<stdout>:  "is_lora": false,
[1,1]<stdout>:  "max_position_embeddings": 8192,
[1,1]<stdout>:  "max_sequence_length": 4096,
[1,1]<stdout>:  "mlp_bias": false,
[1,1]<stdout>:  "model_type": "llama",
[1,1]<stdout>:  "moe_group_origin": "dummy",
[1,1]<stdout>:  "moe_rank": 0,
[1,1]<stdout>:  "moe_router_bias_update_rate": 0.0,
[1,1]<stdout>:  "moe_world_size": 1,
[1,1]<stdout>:  "num_attention_heads": 32,
[1,1]<stdout>:  "num_hidden_layers": 32,
[1,1]<stdout>:  "num_key_value_heads": 8,
[1,1]<stdout>:  "pad_token_id": 0,
[1,1]<stdout>:  "paddleformers_version": "1.1.0.post20260518",
[1,1]<stdout>:  "pipeline_model_parallel_size": 2,
[1,1]<stdout>:  "pp_seg_method": "layer:DecoderLayer|EmptyLayer",
[1,1]<stdout>:  "pretraining_tp": 1,
[1,1]<stdout>:  "recompute_granularity": "full",
[1,1]<stdout>:  "recompute_method": "uniform",
[1,1]<stdout>:  "recompute_num_layers": 1,
[1,1]<stdout>:  "rms_norm_eps": 1e-05,
[1,1]<stdout>:  "rope_parameters": {
[1,1]<stdout>:    "rope_theta": 500000.0,
[1,1]<stdout>:    "rope_type": "default"
[1,1]<stdout>:  },
[1,1]<stdout>:  "rope_scaling": null,
[1,1]<stdout>:  "rope_theta": 500000.0,
[1,1]<stdout>:  "seq_length": 4096,
[1,1]<stdout>:  "tensor_model_parallel_size": 2,
[1,1]<stdout>:  "tie_word_embeddings": false,
[1,1]<stdout>:  "torch_dtype": "float32",
[1,1]<stdout>:  "use_cache": true,
[1,1]<stdout>:  "use_fast_layer_norm": false,
[1,1]<stdout>:  "vocab_size": 128256
[1,1]<stdout>:}
[1,1]<stdout>:, layer_idx=5)
[1,1]<stdout>:[2026-05-18 17:30:28,292] [    INFO] pp_layers.py:899 - 7: DecoderLayerPipe(config=LlamaConfig {
[1,1]<stdout>:  "architectures": [
[1,1]<stdout>:    "LlamaForCausalLM"
[1,1]<stdout>:  ],
[1,1]<stdout>:  "attention_bias": false,
[1,1]<stdout>:  "attention_dropout": 0.0,
[1,1]<stdout>:  "bos_token_id": 128000,
[1,1]<stdout>:  "enable_auto_parallel": false,
[1,1]<stdout>:  "eos_token_id": 128001,
[1,0]<stdout>:  "fa_version": 4,
[1,0]<stdout>:  "head_dim": 128,
[1,0]<stdout>:  "hidden_act": "silu",
[1,0]<stdout>:  "hidden_size": 4096,
[1,0]<stdout>:  "initializer_range": 0.009020646889913162,
[1,0]<stdout>:  "intermediate_size": 14336,
[1,0]<stdout>:  "is_lora": false,
[1,0]<stdout>:  "max_position_embeddings": 8192,
[1,0]<stdout>:  "max_sequence_length": 4096,
[1,0]<stdout>:  "mlp_bias": false,
[1,0]<stdout>:  "model_type": "llama",
[1,0]<stdout>:  "moe_group_origin": "dummy",
[1,0]<stdout>:  "moe_rank": 0,
[1,0]<stdout>:  "moe_router_bias_update_rate": 0.0,
[1,0]<stdout>:  "moe_world_size": 1,
[1,0]<stdout>:  "num_attention_heads": 32,
[1,0]<stdout>:  "num_hidden_layers": 32,
[1,0]<stdout>:  "num_key_value_heads": 8,
[1,0]<stdout>:  "pad_token_id": 0,
[1,0]<stdout>:  "paddleformers_version": "1.1.0.post20260518",
[1,0]<stdout>:  "pipeline_model_parallel_size": 2,
[1,0]<stdout>:  "pp_seg_method": "layer:DecoderLayer|EmptyLayer",
[1,0]<stdout>:  "pretraining_tp": 1,
[1,0]<stdout>:  "recompute_granularity": "full",
[1,0]<stdout>:  "recompute_method": "uniform",
[1,0]<stdout>:  "recompute_num_layers": 1,
[1,0]<stdout>:  "rms_norm_eps": 1e-05,
[1,0]<stdout>:  "rope_parameters": {
[1,0]<stdout>:    "rope_theta": 500000.0,
[1,0]<stdout>:    "rope_type": "default"
[1,0]<stdout>:  },
[1,0]<stdout>:  "rope_scaling": null,
[1,0]<stdout>:  "rope_theta": 500000.0,
[1,0]<stdout>:  "seq_length": 4096,
[1,0]<stdout>:  "tensor_model_parallel_size": 2,
[1,0]<stdout>:  "tie_word_embeddings": false,
[1,0]<stdout>:  "torch_dtype": "float32",
[1,0]<stdout>:  "use_cache": true,
[1,0]<stdout>:  "use_fast_layer_norm": false,
[1,0]<stdout>:  "vocab_size": 128256
[1,0]<stdout>:}
[1,0]<stdout>:, layer_idx=6)
[1,0]<stdout>:[2026-05-18 17:30:28,270] [    INFO] pp_layers.py:899 - 8: DecoderLayerPipe(config=LlamaConfig {
[1,0]<stdout>:  "architectures": [
[1,0]<stdout>:    "LlamaForCausalLM"
[1,0]<stdout>:  ],
[1,0]<stdout>:  "attention_bias": false,
[1,0]<stdout>:  "attention_dropout": 0.0,
[1,0]<stdout>:  "bos_token_id": 128000,
[1,0]<stdout>:  "enable_auto_parallel": false,
[1,0]<stdout>:  "eos_token_id": 128001,
[1,0]<stdout>:  "fa_version": 4,
[1,0]<stdout>:  "head_dim": 128,
[1,0]<stdout>:  "hidden_act": "silu",
[1,0]<stdout>:  "hidden_size": 4096,
[1,0]<stdout>:  "initializer_range": 0.009020646889913162,
[1,0]<stdout>:  "intermediate_size": 14336,
[1,0]<stdout>:  "is_lora": false,
[1,0]<stdout>:  "max_position_embeddings": 8192,
[1,0]<stdout>:  "max_sequence_length": 4096,
[1,0]<stdout>:  "mlp_bias": false,
[1,0]<stdout>:  "model_type": "llama",
[1,0]<stdout>:  "moe_group_origin": "dummy",
[1,0]<stdout>:  "moe_rank": 0,
[1,0]<stdout>:  "moe_router_bias_update_rate": 0.0,
[1,0]<stdout>:  "moe_world_size": 1,
[1,0]<stdout>:  "num_attention_heads": 32,
[1,0]<stdout>:  "num_hidden_layers": 32,
[1,0]<stdout>:  "num_key_value_heads": 8,
[1,0]<stdout>:  "pad_token_id": 0,
[1,0]<stdout>:  "paddleformers_version": "1.1.0.post20260518",
[1,0]<stdout>:  "pipeline_model_parallel_size": 2,
[1,0]<stdout>:  "pp_seg_method": "layer:DecoderLayer|EmptyLayer",
[1,0]<stdout>:  "pretraining_tp": 1,
[1,0]<stdout>:  "recompute_granularity": "full",
[1,0]<stdout>:  "recompute_method": "uniform",
[1,0]<stdout>:  "recompute_num_layers": 1,
[1,0]<stdout>:  "rms_norm_eps": 1e-05,
[1,0]<stdout>:  "rope_parameters": {
[1,0]<stdout>:    "rope_theta": 500000.0,
[1,0]<stdout>:    "rope_type": "default"
[1,0]<stdout>:  },
[1,0]<stdout>:  "rope_scaling": null,
[1,0]<stdout>:  "rope_theta": 500000.0,
[1,0]<stdout>:  "seq_length": 4096,
[1,0]<stdout>:  "tensor_model_parallel_size": 2,
[1,0]<stdout>:  "tie_word_embeddings": false,
[1,0]<stdout>:  "torch_dtype": "float32",
[1,0]<stdout>:  "use_cache": true,
[1,0]<stdout>:  "use_fast_layer_norm": false,
[1,0]<stdout>:  "vocab_size": 128256
[1,0]<stdout>:}
[1,0]<stdout>:, layer_idx=7)
[1,0]<stdout>:[2026-05-18 17:30:28,271] [    INFO] pp_layers.py:899 - 9: DecoderLayerPipe(config=LlamaConfig {
[1,0]<stdout>:  "architectures": [
[1,0]<stdout>:    "LlamaForCausalLM"
[1,0]<stdout>:  ],
[1,0]<stdout>:  "attention_bias": false,
[1,0]<stdout>:  "attention_dropout": 0.0,
[1,0]<stdout>:  "bos_token_id": 128000,
[1,0]<stdout>:  "enable_auto_parallel": false,
[1,0]<stdout>:  "eos_token_id": 128001,
[1,0]<stdout>:  "fa_version": 4,
[1,0]<stdout>:  "head_dim": 128,
[1,0]<stdout>:  "hidden_act": "silu",
[1,0]<stdout>:  "hidden_size": 4096,
[1,0]<stdout>:  "initializer_range": 0.009020646889913162,
[1,0]<stdout>:  "intermediate_size": 14336,
[1,0]<stdout>:  "is_lora": false,
[1,0]<stdout>:  "max_position_embeddings": 8192,
[1,0]<stdout>:  "max_sequence_length": 4096,
[1,0]<stdout>:  "mlp_bias": false,
[1,0]<stdout>:  "model_type": "llama",
[1,0]<stdout>:  "moe_group_origin": "dummy",
[1,0]<stdout>:  "moe_rank": 0,
[1,0]<stdout>:  "moe_router_bias_update_rate": 0.0,
[1,0]<stdout>:  "moe_world_size": 1,
[1,0]<stdout>:  "num_attention_heads": 32,
[1,0]<stdout>:  "num_hidden_layers": 32,
[1,0]<stdout>:  "num_key_value_heads": 8,
[1,0]<stdout>:  "pad_token_id": 0,
[1,0]<stdout>:  "paddleformers_version": "1.1.0.post20260518",
[1,0]<stdout>:  "pipeline_model_parallel_size": 2,
[1,0]<stdout>:  "pp_seg_method": "layer:DecoderLayer|EmptyLayer",
[1,0]<stdout>:  "pretraining_tp": 1,
[1,0]<stdout>:  "recompute_granularity": "full",
[1,0]<stdout>:  "recompute_method": "uniform",
[1,0]<stdout>:  "recompute_num_layers": 1,
[1,0]<stdout>:  "rms_norm_eps": 1e-05,
[1,0]<stdout>:  "rope_parameters": {
[1,0]<stdout>:    "rope_theta": 500000.0,
[1,0]<stdout>:    "rope_type": "default"
[1,0]<stdout>:  },
[1,0]<stdout>:  "rope_scaling": null,
[1,0]<stdout>:  "rope_theta": 500000.0,
[1,0]<stdout>:  "seq_length": 4096,
[1,0]<stdout>:  "tensor_model_parallel_size": 2,
[1,0]<stdout>:  "tie_word_embeddings": false,
[1,0]<stdout>:  "torch_dtype": "float32",
[1,0]<stdout>:  "use_cache": true,
[1,0]<stdout>:  "use_fast_layer_norm": false,
[1,0]<stdout>:  "vocab_size": 128256
[1,0]<stdout>:}
[1,0]<stdout>:, layer_idx=8)
[1,0]<stdout>:[2026-05-18 17:30:28,272] [    INFO] pp_layers.py:899 - 10: DecoderLayerPipe(config=LlamaConfig {
[1,0]<stdout>:  "architectures": [
[1,0]<stdout>:    "LlamaForCausalLM"
[1,0]<stdout>:  ],
[1,0]<stdout>:  "attention_bias": false,
[1,0]<stdout>:  "attention_dropout": 0.0,
[1,0]<stdout>:  "bos_token_id": 128000,
[1,0]<stdout>:  "enable_auto_parallel": false,
[1,0]<stdout>:  "eos_token_id": 128001,
[1,0]<stdout>:  "fa_version": 4,
[1,0]<stdout>:  "head_dim": 128,
[1,0]<stdout>:  "hidden_act": "silu",
[1,0]<stdout>:  "hidden_size": 4096,
[1,0]<stdout>:  "initializer_range": 0.009020646889913162,
[1,0]<stdout>:  "intermediate_size": 14336,
[1,0]<stdout>:  "is_lora": false,
[1,0]<stdout>:  "max_position_embeddings": 8192,
[1,0]<stdout>:  "max_sequence_length": 4096,
[1,0]<stdout>:  "mlp_bias": false,
[1,0]<stdout>:  "model_type": "llama",
[1,0]<stdout>:  "moe_group_origin": "dummy",
[1,0]<stdout>:  "moe_rank": 0,
[1,0]<stdout>:  "moe_router_bias_update_rate": 0.0,
[1,0]<stdout>:  "moe_world_size": 1,
[1,0]<stdout>:  "num_attention_heads": 32,
[1,0]<stdout>:  "num_hidden_layers": 32,
[1,0]<stdout>:  "num_key_value_heads": 8,
[1,0]<stdout>:  "pad_token_id": 0,
[1,0]<stdout>:  "paddleformers_version": "1.1.0.post20260518",
[1,0]<stdout>:  "pipeline_model_parallel_size": 2,
[1,0]<stdout>:  "pp_seg_method": "layer:DecoderLayer|EmptyLayer",
[1,0]<stdout>:  "pretraining_tp": 1,
[1,0]<stdout>:  "recompute_granularity": "full",
[1,0]<stdout>:  "recompute_method": "uniform",
[1,0]<stdout>:  "recompute_num_layers": 1,
[1,0]<stdout>:  "rms_norm_eps": 1e-05,
[1,0]<stdout>:  "rope_parameters": {
[1,0]<stdout>:    "rope_theta": 500000.0,
[1,0]<stdout>:    "rope_type": "default"
[1,0]<stdout>:  },
[1,0]<stdout>:  "rope_scaling": null,
[1,0]<stdout>:  "rope_theta": 500000.0,
[1,0]<stdout>:  "seq_length": 4096,
[1,0]<stdout>:  "tensor_model_parallel_size": 2,
[1,0]<stdout>:  "tie_word_embeddings": false,
[1,0]<stdout>:  "torch_dtype": "float32",
[1,0]<stdout>:  "use_cache": true,
[1,0]<stdout>:  "use_fast_layer_norm": false,
[1,0]<stdout>:  "vocab_size": 128256
[1,0]<stdout>:}
[1,0]<stdout>:, layer_idx=9)
[1,0]<stdout>:[2026-05-18 17:30:28,273] [    INFO] pp_layers.py:899 - 11: DecoderLayerPipe(config=LlamaConfig {
[1,0]<stdout>:  "architectures": [
[1,0]<stdout>:    "LlamaForCausalLM"
[1,0]<stdout>:  ],
[1,0]<stdout>:  "attention_bias": false,
[1,0]<stdout>:  "attention_dropout": 0.0,
[1,0]<stdout>:  "bos_token_id": 128000,
[1,0]<stdout>:  "enable_auto_parallel": false,
[1,0]<stdout>:  "eos_token_id": 128001,
[1,0]<stdout>:  "fa_version": 4,
[1,0]<stdout>:  "head_dim": 128,
[1,0]<stdout>:  "hidden_act": "silu",
[1,0]<stdout>:  "hidden_size": 4096,
[1,0]<stdout>:  "initializer_range": 0.009020646889913162,
[1,0]<stdout>:  "intermediate_size": 14336,
[1,0]<stdout>:  "is_lora": false,
[1,0]<stdout>:  "max_position_embeddings": 8192,
[1,0]<stdout>:  "max_sequence_length": 4096,
[1,0]<stdout>:  "mlp_bias": false,
[1,0]<stdout>:  "model_type": "llama",
[1,0]<stdout>:  "moe_group_origin": "dummy",
[1,0]<stdout>:  "moe_rank": 0,
[1,0]<stdout>:  "moe_router_bias_update_rate": 0.0,
[1,0]<stdout>:  "moe_world_size": 1,
[1,0]<stdout>:  "num_attention_heads": 32,
[1,0]<stdout>:  "num_hidden_layers": 32,
[1,0]<stdout>:  "num_key_value_heads": 8,
[1,0]<stdout>:  "pad_token_id": 0,
[1,0]<stdout>:  "paddleformers_version": "1.1.0.post20260518",
[1,0]<stdout>:  "pipeline_model_parallel_size": 2,
[1,0]<stdout>:  "pp_seg_method": "layer:DecoderLayer|EmptyLayer",
[1,0]<stdout>:  "pretraining_tp": 1,
[1,0]<stdout>:  "recompute_granularity": "full",
[1,0]<stdout>:  "recompute_method": "uniform",
[1,0]<stdout>:  "recompute_num_layers": 1,
[1,0]<stdout>:  "rms_norm_eps": 1e-05,
[1,0]<stdout>:  "rope_parameters": {
[1,0]<stdout>:    "rope_theta": 500000.0,
[1,0]<stdout>:    "rope_type": "default"
[1,0]<stdout>:  },
[1,0]<stdout>:  "rope_scaling": null,
[1,0]<stdout>:  "rope_theta": 500000.0,
[1,0]<stdout>:  "seq_length": 4096,
[1,0]<stdout>:  "tensor_model_parallel_size": 2,
[1,0]<stdout>:  "tie_word_embeddings": false,
[1,0]<stdout>:  "torch_dtype": "float32",
[1,0]<stdout>:  "use_cache": true,
[1,0]<stdout>:  "use_fast_layer_norm": false,
[1,0]<stdout>:  "vocab_size": 128256
[1,0]<stdout>:}
[1,0]<stdout>:, layer_idx=10)
[1,0]<stdout>:[2026-05-18 17:30:28,273] [    INFO] pp_layers.py:899 - 12: DecoderLayerPipe(config=LlamaConfig {
[1,0]<stdout>:  "architectures": [
[1,0]<stdout>:    "LlamaForCausalLM"
[1,0]<stdout>:  ],
[1,0]<stdout>:  "attention_bias": false,
[1,0]<stdout>:  "attention_dropout": 0.0,
[1,0]<stdout>:  "bos_token_id": 128000,
[1,0]<stdout>:  "enable_auto_parallel": false,
[1,0]<stdout>:  "eos_token_id": 128001,
[1,0]<stdout>:  "fa_version": 4,
[1,0]<stdout>:  "head_dim": 128,
[1,0]<stdout>:  "hidden_act": "silu",
[1,0]<stdout>:  "hidden_size": 4096,
[1,0]<stdout>:  "initializer_range": 0.009020646889913162,
[1,0]<stdout>:  "intermediate_size": 14336,
[1,0]<stdout>:  "is_lora": false,
[1,0]<stdout>:  "max_position_embeddings": 8192,
[1,0]<stdout>:  "max_sequence_length": 4096,
[1,0]<stdout>:  "mlp_bias": false,
[1,0]<stdout>:  "model_type": "llama",
[1,0]<stdout>:  "moe_group_origin": "dummy",
[1,0]<stdout>:  "moe_rank": 0,
[1,0]<stdout>:  "moe_router_bias_update_rate": 0.0,
[1,0]<stdout>:  "moe_world_size": 1,
[1,0]<stdout>:  "num_attention_heads": 32,
[1,0]<stdout>:  "num_hidden_layers": 32,
[1,0]<stdout>:  "num_key_value_heads": 8,
[1,0]<stdout>:  "pad_token_id": 0,
[1,0]<stdout>:  "paddleformers_version": "1.1.0.post20260518",
[1,0]<stdout>:  "pipeline_model_parallel_size": 2,
[1,0]<stdout>:  "pp_seg_method": "layer:DecoderLayer|EmptyLayer",
[1,0]<stdout>:  "pretraining_tp": 1,
[1,0]<stdout>:  "recompute_granularity": "full",
[1,0]<stdout>:  "recompute_method": "uniform",
[1,0]<stdout>:  "recompute_num_layers": 1,
[1,0]<stdout>:  "rms_norm_eps": 1e-05,
[1,0]<stdout>:  "rope_parameters": {
[1,0]<stdout>:    "rope_theta": 500000.0,
[1,0]<stdout>:    "rope_type": "default"
[1,0]<stdout>:  },
[1,0]<stdout>:  "rope_scaling": null,
[1,0]<stdout>:  "rope_theta": 500000.0,
[1,0]<stdout>:  "seq_length": 4096,
[1,0]<stdout>:  "tensor_model_parallel_size": 2,
[1,0]<stdout>:  "tie_word_embeddings": false,
[1,0]<stdout>:  "torch_dtype": "float32",
[1,0]<stdout>:  "use_cache": true,
[1,0]<stdout>:  "use_fast_layer_norm": false,
[1,0]<stdout>:  "vocab_size": 128256
[1,0]<stdout>:}
[1,0]<stdout>:, layer_idx=11)
[1,0]<stdout>:[2026-05-18 17:30:28,274] [    INFO] pp_layers.py:899 - 13: DecoderLayerPipe(config=LlamaConfig {
[1,0]<stdout>:  "architectures": [
[1,0]<stdout>:    "LlamaForCausalLM"
[1,0]<stdout>:  ],
[1,0]<stdout>:  "attention_bias": false,
[1,0]<stdout>:  "attention_dropout": 0.0,
[1,0]<stdout>:  "bos_token_id": 128000,
[1,0]<stdout>:  "enable_auto_parallel": false,
[1,0]<stdout>:  "eos_token_id": 128001,
[1,0]<stdout>:  "fa_version": 4,
[1,0]<stdout>:  "head_dim": 128,
[1,0]<stdout>:  "hidden_act": "silu",
[1,0]<stdout>:  "hidden_size": 4096,
[1,0]<stdout>:  "initializer_range": 0.009020646889913162,
[1,0]<stdout>:  "intermediate_size": 14336,
[1,0]<stdout>:  "is_lora": false,
[1,0]<stdout>:  "max_position_embeddings": 8192,
[1,0]<stdout>:  "max_sequence_length": 4096,
[1,0]<stdout>:  "mlp_bias": false,
[1,0]<stdout>:  "model_type": "llama",
[1,0]<stdout>:  "moe_group_origin": "dummy",
[1,0]<stdout>:  "moe_rank": 0,
[1,0]<stdout>:  "moe_router_bias_update_rate": 0.0,
[1,0]<stdout>:  "moe_world_size": 1,
[1,0]<stdout>:  "num_attention_heads": 32,
[1,0]<stdout>:  "num_hidden_layers": 32,
[1,0]<stdout>:  "num_key_value_heads": 8,
[1,0]<stdout>:  "pad_token_id": 0,
[1,0]<stdout>:  "paddleformers_version": "1.1.0.post20260518",
[1,0]<stdout>:  "pipeline_model_parallel_size": 2,
[1,0]<stdout>:  "pp_seg_method": "layer:DecoderLayer|EmptyLayer",
[1,0]<stdout>:  "pretraining_tp": 1,
[1,0]<stdout>:  "recompute_granularity": "full",
[1,0]<stdout>:  "recompute_method": "uniform",
[1,0]<stdout>:  "recompute_num_layers": 1,
[1,0]<stdout>:  "rms_norm_eps": 1e-05,
[1,0]<stdout>:  "rope_parameters": {
[1,0]<stdout>:    "rope_theta": 500000.0,
[1,0]<stdout>:    "rope_type": "default"
[1,0]<stdout>:  },
[1,0]<stdout>:  "rope_scaling": null,
[1,0]<stdout>:  "rope_theta": 500000.0,
[1,0]<stdout>:  "seq_length": 4096,
[1,0]<stdout>:  "tensor_model_parallel_size": 2,
[1,0]<stdout>:  "tie_word_embeddings": false,
[1,0]<stdout>:  "torch_dtype": "float32",
[1,0]<stdout>:  "use_cache": true,
[1,0]<stdout>:  "use_fast_layer_norm": false,
[1,0]<stdout>:  "vocab_size": 128256
[1,0]<stdout>:}
[1,0]<stdout>:, layer_idx=12)
[1,0]<stdout>:[2026-05-18 17:30:28,275] [    INFO] pp_layers.py:899 - 14: DecoderLayerPipe(config=LlamaConfig {
[1,0]<stdout>:  "architectures": [
[1,0]<stdout>:    "LlamaForCausalLM"
[1,0]<stdout>:  ],
[1,0]<stdout>:  "attention_bias": false,
[1,0]<stdout>:  "attention_dropout": 0.0,
[1,0]<stdout>:  "bos_token_id": 128000,
[1,0]<stdout>:  "enable_auto_parallel": false,
[1,0]<stdout>:  "eos_token_id": 128001,
[1,0]<stdout>:  "fa_version": 4,
[1,0]<stdout>:  "head_dim": 128,
[1,0]<stdout>:  "hidden_act": "silu",
[1,0]<stdout>:  "hidden_size": 4096,
[1,0]<stdout>:  "initializer_range": 0.009020646889913162,
[1,0]<stdout>:  "intermediate_size": 14336,
[1,0]<stdout>:  "is_lora": false,
[1,0]<stdout>:  "max_position_embeddings": 8192,
[1,0]<stdout>:  "max_sequence_length": 4096,
[1,0]<stdout>:  "mlp_bias": false,
[1,0]<stdout>:  "model_type": "llama",
[1,0]<stdout>:  "moe_group_origin": "dummy",
[1,0]<stdout>:  "moe_rank": 0,
[1,0]<stdout>:  "moe_router_bias_update_rate": 0.0,
[1,0]<stdout>:  "moe_world_size": 1,
[1,0]<stdout>:  "num_attention_heads": 32,
[1,0]<stdout>:  "num_hidden_layers": 32,
[1,0]<stdout>:  "num_key_value_heads": 8,
[1,0]<stdout>:  "pad_token_id": 0,
[1,0]<stdout>:  "paddleformers_version": "1.1.0.post20260518",
[1,0]<stdout>:  "pipeline_model_parallel_size": 2,
[1,0]<stdout>:  "pp_seg_method": "layer:DecoderLayer|EmptyLayer",
[1,0]<stdout>:  "pretraining_tp": 1,
[1,0]<stdout>:  "recompute_granularity": "full",
[1,0]<stdout>:  "recompute_method": "uniform",
[1,0]<stdout>:  "recompute_num_layers": 1,
[1,0]<stdout>:  "rms_norm_eps": 1e-05,
[1,0]<stdout>:  "rope_parameters": {
[1,0]<stdout>:    "rope_theta": 500000.0,
[1,0]<stdout>:    "rope_type": "default"
[1,0]<stdout>:  },
[1,0]<stdout>:  "rope_scaling": null,
[1,0]<stdout>:  "rope_theta": 500000.0,
[1,0]<stdout>:  "seq_length": 4096,
[1,0]<stdout>:  "tensor_model_parallel_size": 2,
[1,0]<stdout>:  "tie_word_embeddings": false,
[1,0]<stdout>:  "torch_dtype": "float32",
[1,0]<stdout>:  "use_cache": true,
[1,0]<stdout>:  "use_fast_layer_norm": false,
[1,0]<stdout>:  "vocab_size": 128256
[1,0]<stdout>:}
[1,0]<stdout>:, layer_idx=13)
[1,0]<stdout>:[2026-05-18 17:30:28,276] [    INFO] pp_layers.py:899 - 15: DecoderLayerPipe(config=LlamaConfig {
[1,0]<stdout>:  "architectures": [
[1,0]<stdout>:    "LlamaForCausalLM"
[1,0]<stdout>:  ],
[1,0]<stdout>:  "attention_bias": false,
[1,0]<stdout>:  "attention_dropout": 0.0,
[1,0]<stdout>:  "bos_token_id": 128000,
[1,0]<stdout>:  "enable_auto_parallel": false,
[1,0]<stdout>:  "eos_token_id": 128001,
[1,0]<stdout>:  "fa_version": 4,
[1,0]<stdout>:  "head_dim": 128,
[1,0]<stdout>:  "hidden_act": "silu",
[1,0]<stdout>:  "hidden_size": 4096,
[1,0]<stdout>:  "initializer_range": 0.009020646889913162,
[1,0]<stdout>:  "intermediate_size": 14336,
[1,0]<stdout>:  "is_lora": false,
[1,0]<stdout>:  "max_position_embeddings": 8192,
[1,0]<stdout>:  "max_sequence_length": 4096,
[1,0]<stdout>:  "mlp_bias": false,
[1,0]<stdout>:  "model_type": "llama",
[1,0]<stdout>:  "moe_group_origin": "dummy",
[1,0]<stdout>:  "moe_rank": 0,
[1,0]<stdout>:  "moe_router_bias_update_rate": 0.0,
[1,0]<stdout>:  "moe_world_size": 1,
[1,0]<stdout>:  "num_attention_heads": 32,
[1,0]<stdout>:  "num_hidden_layers": 32,
[1,0]<stdout>:  "num_key_value_heads": 8,
[1,0]<stdout>:  "pad_token_id": 0,
[1,0]<stdout>:  "paddleformers_version": "1.1.0.post20260518",
[1,0]<stdout>:  "pipeline_model_parallel_size": 2,
[1,0]<stdout>:  "pp_seg_method": "layer:DecoderLayer|EmptyLayer",
[1,0]<stdout>:  "pretraining_tp": 1,
[1,0]<stdout>:  "recompute_granularity": "full",
[1,0]<stdout>:  "recompute_method": "uniform",
[1,0]<stdout>:  "recompute_num_layers": 1,
[1,0]<stdout>:  "rms_norm_eps": 1e-05,
[1,0]<stdout>:  "rope_parameters": {
[1,0]<stdout>:    "rope_theta": 500000.0,
[1,0]<stdout>:    "rope_type": "default"
[1,0]<stdout>:  },
[1,0]<stdout>:  "rope_scaling": null,
[1,0]<stdout>:  "rope_theta": 500000.0,
[1,0]<stdout>:  "seq_length": 4096,
[1,0]<stdout>:  "tensor_model_parallel_size": 2,
[1,0]<stdout>:  "tie_word_embeddings": false,
[1,0]<stdout>:  "torch_dtype": "float32",
[1,0]<stdout>:  "use_cache": true,
[1,0]<stdout>:  "use_fast_layer_norm": false,
[1,0]<stdout>:  "vocab_size": 128256
[1,0]<stdout>:}
[1,0]<stdout>:, layer_idx=14)
[1,0]<stdout>:[2026-05-18 17:30:28,277] [    INFO] pp_layers.py:899 - 16: DecoderLayerPipe(config=LlamaConfig {
[1,0]<stdout>:  "architectures": [
[1,0]<stdout>:    "LlamaForCausalLM"
[1,0]<stdout>:  ],
[1,0]<stdout>:  "attention_bias": false,
[1,0]<stdout>:  "attention_dropout": 0.0,
[1,0]<stdout>:  "bos_token_id": 128000,
[1,0]<stdout>:  "enable_auto_parallel": false,
[1,0]<stdout>:  "eos_token_id": 128001,
[1,0]<stdout>:  "fa_version": 4,
[1,0]<stdout>:  "head_dim": 128,
[1,0]<stdout>:  "hidden_act": "silu",
[1,0]<stdout>:  "hidden_size": 4096,
[1,0]<stdout>:  "initializer_range": 0.009020646889913162,
[1,0]<stdout>:  "intermediate_size": 14336,
[1,0]<stdout>:  "is_lora": false,
[1,0]<stdout>:  "max_position_embeddings": 8192,
[1,0]<stdout>:  "max_sequence_length": 4096,
[1,0]<stdout>:  "mlp_bias": false,
[1,0]<stdout>:  "model_type": "llama",
[1,0]<stdout>:  "moe_group_origin": "dummy",
[1,0]<stdout>:  "moe_rank": 0,
[1,0]<stdout>:  "moe_router_bias_update_rate": 0.0,
[1,0]<stdout>:  "moe_world_size": 1,
[1,0]<stdout>:  "num_attention_heads": 32,
[1,0]<stdout>:  "num_hidden_layers": 32,
[1,0]<stdout>:  "num_key_value_heads": 8,
[1,0]<stdout>:  "pad_token_id": 0,
[1,0]<stdout>:  "paddleformers_version": "1.1.0.post20260518",
[1,0]<stdout>:  "pipeline_model_parallel_size": 2,
[1,0]<stdout>:  "pp_seg_method": "layer:DecoderLayer|EmptyLayer",
[1,0]<stdout>:  "pretraining_tp": 1,
[1,0]<stdout>:  "recompute_granularity": "full",
[1,0]<stdout>:  "recompute_method": "uniform",
[1,0]<stdout>:  "recompute_num_layers": 1,
[1,0]<stdout>:  "rms_norm_eps": 1e-05,
[1,0]<stdout>:  "rope_parameters": {
[1,0]<stdout>:    "rope_theta": 500000.0,
[1,0]<stdout>:    "rope_type": "default"
[1,0]<stdout>:  },
[1,0]<stdout>:  "rope_scaling": null,
[1,0]<stdout>:  "rope_theta": 500000.0,
[1,0]<stdout>:  "seq_length": 4096,
[1,0]<stdout>:  "tensor_model_parallel_size": 2,
[1,0]<stdout>:  "tie_word_embeddings": false,
[1,0]<stdout>:  "torch_dtype": "float32",
[1,0]<stdout>:  "use_cache": true,
[1,0]<stdout>:  "use_fast_layer_norm": false,
[1,0]<stdout>:  "vocab_size": 128256
[1,0]<stdout>:}
[1,0]<stdout>:, layer_idx=15)
[1,0]<stdout>:[2026-05-18 17:30:28,277] [    INFO] pp_layers.py:894 - stage=1, global_rank=0 ,layer_number=18
[1,0]<stdout>:[2026-05-18 17:30:28,277] [    INFO] pp_layers.py:899 - 17: DecoderLayerPipe(config=LlamaConfig {
[1,0]<stdout>:  "architectures": [
[1,0]<stdout>:    "LlamaForCausalLM"
[1,0]<stdout>:  ],
[1,0]<stdout>:  "attention_bias": false,
[1,0]<stdout>:  "attention_dropout": 0.0,
[1,0]<stdout>:  "bos_token_id": 128000,
[1,0]<stdout>:  "enable_auto_parallel": false,
[1,0]<stdout>:  "eos_token_id": 128001,
[1,0]<stdout>:  "fa_version": 4,
[1,0]<stdout>:  "head_dim": 128,
[1,0]<stdout>:  "hidden_act": "silu",
[1,0]<stdout>:  "hidden_size": 4096,
[1,0]<stdout>:  "initializer_range": 0.009020646889913162,
[1,0]<stdout>:  "intermediate_size": 14336,
[1,0]<stdout>:  "is_lora": false,
[1,0]<stdout>:  "max_position_embeddings": 8192,
[1,0]<stdout>:  "max_sequence_length": 4096,
[1,0]<stdout>:  "mlp_bias": false,
[1,0]<stdout>:  "model_type": "llama",
[1,0]<stdout>:  "moe_group_origin": "dummy",
[1,0]<stdout>:  "moe_rank": 0,
[1,0]<stdout>:  "moe_router_bias_update_rate": 0.0,
[1,0]<stdout>:  "moe_world_size": 1,
[1,0]<stdout>:  "num_attention_heads": 32,
[1,0]<stdout>:  "num_hidden_layers": 32,
[1,0]<stdout>:  "num_key_value_heads": 8,
[1,0]<stdout>:  "pad_token_id": 0,
[1,0]<stdout>:  "paddleformers_version": "1.1.0.post20260518",
[1,0]<stdout>:  "pipeline_model_parallel_size": 2,
[1,0]<stdout>:  "pp_seg_method": "layer:DecoderLayer|EmptyLayer",
[1,0]<stdout>:  "pretraining_tp": 1,
[1,0]<stdout>:  "recompute_granularity": "full",
[1,0]<stdout>:  "recompute_method": "uniform",
[1,0]<stdout>:  "recompute_num_layers": 1,
[1,0]<stdout>:  "rms_norm_eps": 1e-05,
[1,0]<stdout>:  "rope_parameters": {
[1,0]<stdout>:    "rope_theta": 500000.0,
[1,0]<stdout>:    "rope_type": "default"
[1,0]<stdout>:  },
[1,0]<stdout>:  "rope_scaling": null,
[1,0]<stdout>:  "rope_theta": 500000.0,
[1,0]<stdout>:  "seq_length": 4096,
[1,0]<stdout>:  "tensor_model_parallel_size": 2,
[1,0]<stdout>:  "tie_word_embeddings": false,
[1,0]<stdout>:  "torch_dtype": "float32",
[1,0]<stdout>:  "use_cache": true,
[1,0]<stdout>:  "use_fast_layer_norm": false,
[1,0]<stdout>:  "vocab_size": 128256
[1,0]<stdout>:}
[1,0]<stdout>:, layer_idx=16)
[1,0]<stdout>:[2026-05-18 17:30:28,278] [    INFO] pp_layers.py:899 - 18: DecoderLayerPipe(config=LlamaConfig {
[1,0]<stdout>:  "architectures": [
[1,0]<stdout>:    "LlamaForCausalLM"
[1,0]<stdout>:  ],
[1,0]<stdout>:  "attention_bias": false,
[1,0]<stdout>:  "attention_dropout": 0.0,
[1,0]<stdout>:  "bos_token_id": 128000,
[1,0]<stdout>:  "enable_auto_parallel": false,
[1,0]<stdout>:  "eos_token_id": 128001,
[1,0]<stdout>:  "fa_version": 4,
[1,0]<stdout>:  "head_dim": 128,
[1,0]<stdout>:  "hidden_act": "silu",
[1,0]<stdout>:  "hidden_size": 4096,
[1,0]<stdout>:  "initializer_range": 0.009020646889913162,
[1,0]<stdout>:  "intermediate_size": 14336,
[1,0]<stdout>:  "is_lora": false,
[1,0]<stdout>:  "max_position_embeddings": 8192,
[1,0]<stdout>:  "max_sequence_length": 4096,
[1,0]<stdout>:  "mlp_bias": false,
[1,0]<stdout>:  "model_type": "llama",
[1,0]<stdout>:  "moe_group_origin": "dummy",
[1,0]<stdout>:  "moe_rank": 0,
[1,0]<stdout>:  "moe_router_bias_update_rate": 0.0,
[1,0]<stdout>:  "moe_world_size": 1,
[1,0]<stdout>:  "num_attention_heads": 32,
[1,0]<stdout>:  "num_hidden_layers": 32,
[1,0]<stdout>:  "num_key_value_heads": 8,
[1,0]<stdout>:  "pad_token_id": 0,
[1,0]<stdout>:  "paddleformers_version": "1.1.0.post20260518",
[1,0]<stdout>:  "pipeline_model_parallel_size": 2,
[1,0]<stdout>:  "pp_seg_method": "layer:DecoderLayer|EmptyLayer",
[1,0]<stdout>:  "pretraining_tp": 1,
[1,0]<stdout>:  "recompute_granularity": "full",
[1,0]<stdout>:  "recompute_method": "uniform",
[1,0]<stdout>:  "recompute_num_layers": 1,
[1,0]<stdout>:  "rms_norm_eps": 1e-05,
[1,0]<stdout>:  "rope_parameters": {
[1,0]<stdout>:    "rope_theta": 500000.0,
[1,0]<stdout>:    "rope_type": "default"
[1,0]<stdout>:  },
[1,0]<stdout>:  "rope_scaling": null,
[1,0]<stdout>:  "rope_theta": 500000.0,
[1,0]<stdout>:  "seq_length": 4096,
[1,0]<stdout>:  "tensor_model_parallel_size": 2,
[1,0]<stdout>:  "tie_word_embeddings": false,
[1,0]<stdout>:  "torch_dtype": "float32",
[1,0]<stdout>:  "use_cache": true,
[1,0]<stdout>:  "use_fast_layer_norm": false,
[1,0]<stdout>:  "vocab_size": 128256
[1,0]<stdout>:}
[1,0]<stdout>:, layer_idx=17)
[1,0]<stdout>:[2026-05-18 17:30:28,279] [    INFO] pp_layers.py:899 - 19: DecoderLayerPipe(config=LlamaConfig {
[1,0]<stdout>:  "architectures": [
[1,0]<stdout>:    "LlamaForCausalLM"
[1,0]<stdout>:  ],
[1,0]<stdout>:  "attention_bias": false,
[1,0]<stdout>:  "attention_dropout": 0.0,
[1,0]<stdout>:  "bos_token_id": 128000,
[1,0]<stdout>:  "enable_auto_parallel": false,
[1,0]<stdout>:  "eos_token_id": 128001,
[1,0]<stdout>:  "fa_version": 4,
[1,0]<stdout>:  "head_dim": 128,
[1,0]<stdout>:  "hidden_act": "silu",
[1,0]<stdout>:  "hidden_size": 4096,
[1,0]<stdout>:  "initializer_range": 0.009020646889913162,
[1,0]<stdout>:  "intermediate_size": 14336,
[1,0]<stdout>:  "is_lora": false,
[1,0]<stdout>:  "max_position_embeddings": 8192,
[1,0]<stdout>:  "max_sequence_length": 4096,
[1,0]<stdout>:  "mlp_bias": false,
[1,0]<stdout>:  "model_type": "llama",
[1,0]<stdout>:  "moe_group_origin": "dummy",
[1,0]<stdout>:  "moe_rank": 0,
[1,0]<stdout>:  "moe_router_bias_update_rate": 0.0,
[1,0]<stdout>:  "moe_world_size": 1,
[1,0]<stdout>:  "num_attention_heads": 32,
[1,0]<stdout>:  "num_hidden_layers": 32,
[1,0]<stdout>:  "num_key_value_heads": 8,
[1,0]<stdout>:  "pad_token_id": 0,
[1,0]<stdout>:  "paddleformers_version": "1.1.0.post20260518",
[1,0]<stdout>:  "pipeline_model_parallel_size": 2,
[1,0]<stdout>:  "pp_seg_method": "layer:DecoderLayer|EmptyLayer",
[1,0]<stdout>:  "pretraining_tp": 1,
[1,0]<stdout>:  "recompute_granularity": "full",
[1,0]<stdout>:  "recompute_method": "uniform",
[1,0]<stdout>:  "recompute_num_layers": 1,
[1,0]<stdout>:  "rms_norm_eps": 1e-05,
[1,0]<stdout>:  "rope_parameters": {
[1,0]<stdout>:    "rope_theta": 500000.0,
[1,0]<stdout>:    "rope_type": "default"
[1,0]<stdout>:  },
[1,0]<stdout>:  "rope_scaling": null,
[1,0]<stdout>:  "rope_theta": 500000.0,
[1,0]<stdout>:  "seq_length": 4096,
[1,0]<stdout>:  "tensor_model_parallel_size": 2,
[1,0]<stdout>:  "tie_word_embeddings": false,
[1,0]<stdout>:  "torch_dtype": "float32",
[1,0]<stdout>:  "use_cache": true,
[1,0]<stdout>:  "use_fast_layer_norm": false,
[1,0]<stdout>:  "vocab_size": 128256
[1,0]<stdout>:}
[1,0]<stdout>:, layer_idx=18)
[1,0]<stdout>:[2026-05-18 17:30:28,280] [    INFO] pp_layers.py:899 - 20: DecoderLayerPipe(config=LlamaConfig {
[1,0]<stdout>:  "architectures": [
[1,0]<stdout>:    "LlamaForCausalLM"
[1,0]<stdout>:  ],
[1,0]<stdout>:  "attention_bias": false,
[1,0]<stdout>:  "attention_dropout": 0.0,
[1,0]<stdout>:  "bos_token_id": 128000,
[1,0]<stdout>:  "enable_auto_parallel": false,
[1,0]<stdout>:  "eos_token_id": 128001,
[1,0]<stdout>:  "fa_version": 4,
[1,0]<stdout>:  "head_dim": 128,
[1,0]<stdout>:  "hidden_act": "silu",
[1,0]<stdout>:  "hidden_size": 4096,
[1,0]<stdout>:  "initializer_range": 0.009020646889913162,
[1,0]<stdout>:  "intermediate_size": 14336,
[1,0]<stdout>:  "is_lora": false,
[1,0]<stdout>:  "max_position_embeddings": 8192,
[1,0]<stdout>:  "max_sequence_length": 4096,
[1,0]<stdout>:  "mlp_bias": false,
[1,0]<stdout>:  "model_type": "llama",
[1,0]<stdout>:  "moe_group_origin": "dummy",
[1,0]<stdout>:  "moe_rank": 0,
[1,0]<stdout>:  "moe_router_bias_update_rate": 0.0,
[1,0]<stdout>:  "moe_world_size": 1,
[1,0]<stdout>:  "num_attention_heads": 32,
[1,0]<stdout>:  "num_hidden_layers": 32,
[1,0]<stdout>:  "num_key_value_heads": 8,
[1,0]<stdout>:  "pad_token_id": 0,
[1,0]<stdout>:  "paddleformers_version": "1.1.0.post20260518",
[1,0]<stdout>:  "pipeline_model_parallel_size": 2,
[1,0]<stdout>:  "pp_seg_method": "layer:DecoderLayer|EmptyLayer",
[1,0]<stdout>:  "pretraining_tp": 1,
[1,0]<stdout>:  "recompute_granularity": "full",
[1,0]<stdout>:  "recompute_method": "uniform",
[1,0]<stdout>:  "recompute_num_layers": 1,
[1,0]<stdout>:  "rms_norm_eps": 1e-05,
[1,0]<stdout>:  "rope_parameters": {
[1,0]<stdout>:    "rope_theta": 500000.0,
[1,0]<stdout>:    "rope_type": "default"
[1,0]<stdout>:  },
[1,0]<stdout>:  "rope_scaling": null,
[1,0]<stdout>:  "rope_theta": 500000.0,
[1,0]<stdout>:  "seq_length": 4096,
[1,0]<stdout>:  "tensor_model_parallel_size": 2,
[1,0]<stdout>:  "tie_word_embeddings": false,
[1,0]<stdout>:  "torch_dtype": "float32",
[1,0]<stdout>:  "use_cache": true,
[1,0]<stdout>:  "use_fast_layer_norm": false,
[1,0]<stdout>:  "vocab_size": 128256
[1,0]<stdout>:}
[1,0]<stdout>:, layer_idx=19)
[1,0]<stdout>:[2026-05-18 17:30:28,280] [    INFO] pp_layers.py:899 - 21: DecoderLayerPipe(config=LlamaConfig {
[1,0]<stdout>:  "architectures": [
[1,0]<stdout>:    "LlamaForCausalLM"
[1,0]<stdout>:  ],
[1,0]<stdout>:  "attention_bias": false,
[1,0]<stdout>:  "attention_dropout": 0.0,
[1,0]<stdout>:  "bos_token_id": 128000,
[1,0]<stdout>:  "enable_auto_parallel": false,
[1,0]<stdout>:  "eos_token_id": 128001,
[1,0]<stdout>:  "fa_version": 4,
[1,0]<stdout>:  "head_dim": 128,
[1,0]<stdout>:  "hidden_act": "silu",
[1,0]<stdout>:  "hidden_size": 4096,
[1,0]<stdout>:  "initializer_range": 0.009020646889913162,
[1,0]<stdout>:  "intermediate_size": 14336,
[1,0]<stdout>:  "is_lora": false,
[1,0]<stdout>:  "max_position_embeddings": 8192,
[1,0]<stdout>:  "max_sequence_length": 4096,
[1,0]<stdout>:  "mlp_bias": false,
[1,0]<stdout>:  "model_type": "llama",
[1,0]<stdout>:  "moe_group_origin": "dummy",
[1,0]<stdout>:  "moe_rank": 0,
[1,0]<stdout>:  "moe_router_bias_update_rate": 0.0,
[1,0]<stdout>:  "moe_world_size": 1,
[1,0]<stdout>:  "num_attention_heads": 32,
[1,0]<stdout>:  "num_hidden_layers": 32,
[1,0]<stdout>:  "num_key_value_heads": 8,
[1,0]<stdout>:  "pad_token_id": 0,
[1,0]<stdout>:  "paddleformers_version": "1.1.0.post20260518",
[1,0]<stdout>:  "pipeline_model_parallel_size": 2,
[1,0]<stdout>:  "pp_seg_method": "layer:DecoderLayer|EmptyLayer",
[1,0]<stdout>:  "pretraining_tp": 1,
[1,0]<stdout>:  "recompute_granularity": "full",
[1,0]<stdout>:  "recompute_method": "uniform",
[1,0]<stdout>:  "recompute_num_layers": 1,
[1,0]<stdout>:  "rms_norm_eps": 1e-05,
[1,0]<stdout>:  "rope_parameters": {
[1,0]<stdout>:    "rope_theta": 500000.0,
[1,0]<stdout>:    "rope_type": "default"
[1,0]<stdout>:  },
[1,0]<stdout>:  "rope_scaling": null,
[1,0]<stdout>:  "rope_theta": 500000.0,
[1,0]<stdout>:  "seq_length": 4096,
[1,0]<stdout>:  "tensor_model_parallel_size": 2,
[1,0]<stdout>:  "tie_word_embeddings": false,
[1,0]<stdout>:  "torch_dtype": "float32",
[1,0]<stdout>:  "use_cache": true,
[1,0]<stdout>:  "use_fast_layer_norm": false,
[1,0]<stdout>:  "vocab_size": 128256
[1,0]<stdout>:}
[1,0]<stdout>:, layer_idx=20)
[1,0]<stdout>:[2026-05-18 17:30:28,281] [    INFO] pp_layers.py:899 - 22: DecoderLayerPipe(config=LlamaConfig {
[1,0]<stdout>:  "architectures": [
[1,0]<stdout>:    "LlamaForCausalLM"
[1,0]<stdout>:  ],
[1,0]<stdout>:  "attention_bias": false,
[1,0]<stdout>:  "attention_dropout": 0.0,
[1,0]<stdout>:  "bos_token_id": 128000,
[1,0]<stdout>:  "enable_auto_parallel": false,
[1,0]<stdout>:  "eos_token_id": 128001,
[1,0]<stdout>:  "fa_version": 4,
[1,0]<stdout>:  "head_dim": 128,
[1,0]<stdout>:  "hidden_act": "silu",
[1,0]<stdout>:  "hidden_size": 4096,
[1,0]<stdout>:  "initializer_range": 0.009020646889913162,
[1,0]<stdout>:  "intermediate_size": 14336,
[1,0]<stdout>:  "is_lora": false,
[1,0]<stdout>:  "max_position_embeddings": 8192,
[1,0]<stdout>:  "max_sequence_length": 4096,
[1,0]<stdout>:  "mlp_bias": false,
[1,0]<stdout>:  "model_type": "llama",
[1,0]<stdout>:  "moe_group_origin": "dummy",
[1,0]<stdout>:  "moe_rank": 0,
[1,0]<stdout>:  "moe_router_bias_update_rate": 0.0,
[1,0]<stdout>:  "moe_world_size": 1,
[1,0]<stdout>:  "num_attention_heads": 32,
[1,0]<stdout>:  "num_hidden_layers": 32,
[1,0]<stdout>:  "num_key_value_heads": 8,
[1,0]<stdout>:  "pad_token_id": 0,
[1,0]<stdout>:  "paddleformers_version": "1.1.0.post20260518",
[1,0]<stdout>:  "pipeline_model_parallel_size": 2,
[1,0]<stdout>:  "pp_seg_method": "layer:DecoderLayer|EmptyLayer",
[1,0]<stdout>:  "pretraining_tp": 1,
[1,0]<stdout>:  "recompute_granularity": "full",
[1,0]<stdout>:  "recompute_method": "uniform",
[1,0]<stdout>:  "recompute_num_layers": 1,
[1,0]<stdout>:  "rms_norm_eps": 1e-05,
[1,0]<stdout>:  "rope_parameters": {
[1,0]<stdout>:    "rope_theta": 500000.0,
[1,0]<stdout>:    "rope_type": "default"
[1,0]<stdout>:  },
[1,0]<stdout>:  "rope_scaling": null,
[1,0]<stdout>:  "rope_theta": 500000.0,
[1,0]<stdout>:  "seq_length": 4096,
[1,0]<stdout>:  "tensor_model_parallel_size": 2,
[1,0]<stdout>:  "tie_word_embeddings": false,
[1,0]<stdout>:  "torch_dtype": "float32",
[1,0]<stdout>:  "use_cache": true,
[1,0]<stdout>:  "use_fast_layer_norm": false,
[1,0]<stdout>:  "vocab_size": 128256
[1,0]<stdout>:}
[1,0]<stdout>:, layer_idx=21)
[1,0]<stdout>:[2026-05-18 17:30:28,282] [    INFO] pp_layers.py:899 - 23: DecoderLayerPipe(config=LlamaConfig {
[1,0]<stdout>:  "architectures": [
[1,0]<stdout>:    "LlamaForCausalLM"
[1,0]<stdout>:  ],
[1,0]<stdout>:  "attention_bias": false,
[1,0]<stdout>:  "attention_dropout": 0.0,
[1,0]<stdout>:  "bos_token_id": 128000,
[1,0]<stdout>:  "enable_auto_parallel": false,
[1,0]<stdout>:  "eos_token_id": 128001,
[1,0]<stdout>:  "fa_version": 4,
[1,0]<stdout>:  "head_dim": 128,
[1,0]<stdout>:  "hidden_act": "silu",
[1,0]<stdout>:  "hidden_size": 4096,
[1,0]<stdout>:  "initializer_range": 0.009020646889913162,
[1,0]<stdout>:  "intermediate_size": 14336,
[1,0]<stdout>:  "is_lora": false,
[1,0]<stdout>:  "max_position_embeddings": 8192,
[1,0]<stdout>:  "max_sequence_length": 4096,
[1,0]<stdout>:  "mlp_bias": false,
[1,0]<stdout>:  "model_type": "llama",
[1,0]<stdout>:  "moe_group_origin": "dummy",
[1,0]<stdout>:  "moe_rank": 0,
[1,0]<stdout>:  "moe_router_bias_update_rate": 0.0,
[1,0]<stdout>:  "moe_world_size": 1,
[1,0]<stdout>:  "num_attention_heads": 32,
[1,0]<stdout>:  "num_hidden_layers": 32,
[1,0]<stdout>:  "num_key_value_heads": 8,
[1,0]<stdout>:  "pad_token_id": 0,
[1,0]<stdout>:  "paddleformers_version": "1.1.0.post20260518",
[1,0]<stdout>:  "pipeline_model_parallel_size": 2,
[1,0]<stdout>:  "pp_seg_method": "layer:DecoderLayer|EmptyLayer",
[1,0]<stdout>:  "pretraining_tp": 1,
[1,0]<stdout>:  "recompute_granularity": "full",
[1,0]<stdout>:  "recompute_method": "uniform",
[1,0]<stdout>:  "recompute_num_layers": 1,
[1,0]<stdout>:  "rms_norm_eps": 1e-05,
[1,0]<stdout>:  "rope_parameters": {
[1,0]<stdout>:    "rope_theta": 500000.0,
[1,0]<stdout>:    "rope_type": "default"
[1,0]<stdout>:  },
[1,0]<stdout>:  "rope_scaling": null,
[1,0]<stdout>:  "rope_theta": 500000.0,
[1,0]<stdout>:  "seq_length": 4096,
[1,0]<stdout>:  "tensor_model_parallel_size": 2,
[1,0]<stdout>:  "tie_word_embeddings": false,
[1,0]<stdout>:  "torch_dtype": "float32",
[1,0]<stdout>:  "use_cache": true,
[1,0]<stdout>:  "use_fast_layer_norm": false,
[1,0]<stdout>:  "vocab_size": 128256
[1,0]<stdout>:}
[1,0]<stdout>:, layer_idx=22)
[1,0]<stdout>:[2026-05-18 17:30:28,283] [    INFO] pp_layers.py:899 - 24: DecoderLayerPipe(config=LlamaConfig {
[1,0]<stdout>:  "architectures": [
[1,0]<stdout>:    "LlamaForCausalLM"
[1,0]<stdout>:  ],
[1,0]<stdout>:  "attention_bias": false,
[1,0]<stdout>:  "attention_dropout": 0.0,
[1,0]<stdout>:  "bos_token_id": 128000,
[1,0]<stdout>:  "enable_auto_parallel": false,
[1,0]<stdout>:  "eos_token_id": 128001,
[1,0]<stdout>:  "fa_version": 4,
[1,0]<stdout>:  "head_dim": 128,
[1,0]<stdout>:  "hidden_act": "silu",
[1,0]<stdout>:  "hidden_size": 4096,
[1,0]<stdout>:  "initializer_range": 0.009020646889913162,
[1,0]<stdout>:  "intermediate_size": 14336,
[1,0]<stdout>:  "is_lora": false,
[1,0]<stdout>:  "max_position_embeddings": 8192,
[1,0]<stdout>:  "max_sequence_length": 4096,
[1,0]<stdout>:  "mlp_bias": false,
[1,0]<stdout>:  "model_type": "llama",
[1,0]<stdout>:  "moe_group_origin": "dummy",
[1,0]<stdout>:  "moe_rank": 0,
[1,0]<stdout>:  "moe_router_bias_update_rate": 0.0,
[1,0]<stdout>:  "moe_world_size": 1,
[1,0]<stdout>:  "num_attention_heads": 32,
[1,0]<stdout>:  "num_hidden_layers": 32,
[1,0]<stdout>:  "num_key_value_heads": 8,
[1,0]<stdout>:  "pad_token_id": 0,
[1,0]<stdout>:  "paddleformers_version": "1.1.0.post20260518",
[1,0]<stdout>:  "pipeline_model_parallel_size": 2,
[1,0]<stdout>:  "pp_seg_method": "layer:DecoderLayer|EmptyLayer",
[1,0]<stdout>:  "pretraining_tp": 1,
[1,0]<stdout>:  "recompute_granularity": "full",
[1,0]<stdout>:  "recompute_method": "uniform",
[1,0]<stdout>:  "recompute_num_layers": 1,
[1,0]<stdout>:  "rms_norm_eps": 1e-05,
[1,0]<stdout>:  "rope_parameters": {
[1,0]<stdout>:    "rope_theta": 500000.0,
[1,0]<stdout>:    "rope_type": "default"
[1,0]<stdout>:  },
[1,0]<stdout>:  "rope_scaling": null,
[1,0]<stdout>:  "rope_theta": 500000.0,
[1,0]<stdout>:  "seq_length": 4096,
[1,0]<stdout>:  "tensor_model_parallel_size": 2,
[1,0]<stdout>:  "tie_word_embeddings": false,
[1,0]<stdout>:  "torch_dtype": "float32",
[1,0]<stdout>:  "use_cache": true,
[1,0]<stdout>:  "use_fast_layer_norm": false,
[1,0]<stdout>:  "vocab_size": 128256
[1,0]<stdout>:}
[1,0]<stdout>:, layer_idx=23)
[1,0]<stdout>:[2026-05-18 17:30:28,283] [    INFO] pp_layers.py:899 - 25: DecoderLayerPipe(config=LlamaConfig {
[1,0]<stdout>:  "architectures": [
[1,0]<stdout>:    "LlamaForCausalLM"
[1,0]<stdout>:  ],
[1,0]<stdout>:  "attention_bias": false,
[1,0]<stdout>:  "attention_dropout": 0.0,
[1,0]<stdout>:  "bos_token_id": 128000,
[1,0]<stdout>:  "enable_auto_parallel": false,
[1,0]<stdout>:  "eos_token_id": 128001,
[1,0]<stdout>:  "fa_version": 4,
[1,0]<stdout>:  "head_dim": 128,
[1,0]<stdout>:  "hidden_act": "silu",
[1,0]<stdout>:  "hidden_size": 4096,
[1,0]<stdout>:  "initializer_range": 0.009020646889913162,
[1,0]<stdout>:  "intermediate_size": 14336,
[1,0]<stdout>:  "is_lora": false,
[1,0]<stdout>:  "max_position_embeddings": 8192,
[1,0]<stdout>:  "max_sequence_length": 4096,
[1,0]<stdout>:  "mlp_bias": false,
[1,0]<stdout>:  "model_type": "llama",
[1,0]<stdout>:  "moe_group_origin": "dummy",
[1,0]<stdout>:  "moe_rank": 0,
[1,0]<stdout>:  "moe_router_bias_update_rate": 0.0,
[1,0]<stdout>:  "moe_world_size": 1,
[1,0]<stdout>:  "num_attention_heads": 32,
[1,0]<stdout>:  "num_hidden_layers": 32,
[1,0]<stdout>:  "num_key_value_heads": 8,
[1,0]<stdout>:  "pad_token_id": 0,
[1,0]<stdout>:  "paddleformers_version": "1.1.0.post20260518",
[1,0]<stdout>:  "pipeline_model_parallel_size": 2,
[1,0]<stdout>:  "pp_seg_method": "layer:DecoderLayer|EmptyLayer",
[1,0]<stdout>:  "pretraining_tp": 1,
[1,0]<stdout>:  "recompute_granularity": "full",
[1,0]<stdout>:  "recompute_method": "uniform",
[1,0]<stdout>:  "recompute_num_layers": 1,
[1,0]<stdout>:  "rms_norm_eps": 1e-05,
[1,0]<stdout>:  "rope_parameters": {
[1,0]<stdout>:    "rope_theta": 500000.0,
[1,0]<stdout>:    "rope_type": "default"
[1,0]<stdout>:  },
[1,0]<stdout>:  "rope_scaling": null,
[1,0]<stdout>:  "rope_theta": 500000.0,
[1,0]<stdout>:  "seq_length": 4096,
[1,0]<stdout>:  "tensor_model_parallel_size": 2,
[1,0]<stdout>:  "tie_word_embeddings": false,
[1,0]<stdout>:  "torch_dtype": "float32",
[1,0]<stdout>:  "use_cache": true,
[1,0]<stdout>:  "use_fast_layer_norm": false,
[1,0]<stdout>:  "vocab_size": 128256
[1,0]<stdout>:}
[1,0]<stdout>:, layer_idx=24)
[1,0]<stdout>:[2026-05-18 17:30:28,284] [    INFO] pp_layers.py:899 - 26: DecoderLayerPipe(config=LlamaConfig {
[1,0]<stdout>:  "architectures": [
[1,0]<stdout>:    "LlamaForCausalLM"
[1,0]<stdout>:  ],
[1,0]<stdout>:  "attention_bias": false,
[1,0]<stdout>:  "attention_dropout": 0.0,
[1,0]<stdout>:  "bos_token_id": 128000,
[1,0]<stdout>:  "enable_auto_parallel": false,
[1,0]<stdout>:  "eos_token_id": 128001,
[1,0]<stdout>:  "fa_version": 4,
[1,0]<stdout>:  "head_dim": 128,
[1,0]<stdout>:  "hidden_act": "silu",
[1,0]<stdout>:  "hidden_size": 4096,
[1,0]<stdout>:  "initializer_range": 0.009020646889913162,
[1,0]<stdout>:  "intermediate_size": 14336,
[1,0]<stdout>:  "is_lora": false,
[1,0]<stdout>:  "max_position_embeddings": 8192,
[1,0]<stdout>:  "max_sequence_length": 4096,
[1,0]<stdout>:  "mlp_bias": false,
[1,0]<stdout>:  "model_type": "llama",
[1,0]<stdout>:  "moe_group_origin": "dummy",
[1,0]<stdout>:  "moe_rank": 0,
[1,0]<stdout>:  "moe_router_bias_update_rate": 0.0,
[1,0]<stdout>:  "moe_world_size": 1,
[1,0]<stdout>:  "num_attention_heads": 32,
[1,0]<stdout>:  "num_hidden_layers": 32,
[1,0]<stdout>:  "num_key_value_heads": 8,
[1,0]<stdout>:  "pad_token_id": 0,
[1,0]<stdout>:  "paddleformers_version": "1.1.0.post20260518",
[1,0]<stdout>:  "pipeline_model_parallel_size": 2,
[1,0]<stdout>:  "pp_seg_method": "layer:DecoderLayer|EmptyLayer",
[1,0]<stdout>:  "pretraining_tp": 1,
[1,0]<stdout>:  "recompute_granularity": "full",
[1,0]<stdout>:  "recompute_method": "uniform",
[1,0]<stdout>:  "recompute_num_layers": 1,
[1,0]<stdout>:  "rms_norm_eps": 1e-05,
[1,0]<stdout>:  "rope_parameters": {
[1,0]<stdout>:    "rope_theta": 500000.0,
[1,0]<stdout>:    "rope_type": "default"
[1,1]<stdout>:  "fa_version": 4,
[1,1]<stdout>:  "head_dim": 128,
[1,1]<stdout>:  "hidden_act": "silu",
[1,1]<stdout>:  "hidden_size": 4096,
[1,1]<stdout>:  "initializer_range": 0.009020646889913162,
[1,1]<stdout>:  "intermediate_size": 14336,
[1,1]<stdout>:  "is_lora": false,
[1,1]<stdout>:  "max_position_embeddings": 8192,
[1,1]<stdout>:  "max_sequence_length": 4096,
[1,1]<stdout>:  "mlp_bias": false,
[1,1]<stdout>:  "model_type": "llama",
[1,1]<stdout>:  "moe_group_origin": "dummy",
[1,1]<stdout>:  "moe_rank": 0,
[1,1]<stdout>:  "moe_router_bias_update_rate": 0.0,
[1,1]<stdout>:  "moe_world_size": 1,
[1,1]<stdout>:  "num_attention_heads": 32,
[1,1]<stdout>:  "num_hidden_layers": 32,
[1,1]<stdout>:  "num_key_value_heads": 8,
[1,1]<stdout>:  "pad_token_id": 0,
[1,1]<stdout>:  "paddleformers_version": "1.1.0.post20260518",
[1,1]<stdout>:  "pipeline_model_parallel_size": 2,
[1,1]<stdout>:  "pp_seg_method": "layer:DecoderLayer|EmptyLayer",
[1,1]<stdout>:  "pretraining_tp": 1,
[1,1]<stdout>:  "recompute_granularity": "full",
[1,1]<stdout>:  "recompute_method": "uniform",
[1,1]<stdout>:  "recompute_num_layers": 1,
[1,1]<stdout>:  "rms_norm_eps": 1e-05,
[1,1]<stdout>:  "rope_parameters": {
[1,1]<stdout>:    "rope_theta": 500000.0,
[1,1]<stdout>:    "rope_type": "default"
[1,1]<stdout>:  },
[1,1]<stdout>:  "rope_scaling": null,
[1,1]<stdout>:  "rope_theta": 500000.0,
[1,1]<stdout>:  "seq_length": 4096,
[1,1]<stdout>:  "tensor_model_parallel_size": 2,
[1,1]<stdout>:  "tie_word_embeddings": false,
[1,1]<stdout>:  "torch_dtype": "float32",
[1,1]<stdout>:  "use_cache": true,
[1,1]<stdout>:  "use_fast_layer_norm": false,
[1,1]<stdout>:  "vocab_size": 128256
[1,1]<stdout>:}
[1,1]<stdout>:, layer_idx=6)
[1,1]<stdout>:[2026-05-18 17:30:28,292] [    INFO] pp_layers.py:899 - 8: DecoderLayerPipe(config=LlamaConfig {
[1,1]<stdout>:  "architectures": [
[1,1]<stdout>:    "LlamaForCausalLM"
[1,1]<stdout>:  ],
[1,1]<stdout>:  "attention_bias": false,
[1,1]<stdout>:  "attention_dropout": 0.0,
[1,1]<stdout>:  "bos_token_id": 128000,
[1,1]<stdout>:  "enable_auto_parallel": false,
[1,1]<stdout>:  "eos_token_id": 128001,
[1,1]<stdout>:  "fa_version": 4,
[1,1]<stdout>:  "head_dim": 128,
[1,1]<stdout>:  "hidden_act": "silu",
[1,1]<stdout>:  "hidden_size": 4096,
[1,1]<stdout>:  "initializer_range": 0.009020646889913162,
[1,1]<stdout>:  "intermediate_size": 14336,
[1,1]<stdout>:  "is_lora": false,
[1,1]<stdout>:  "max_position_embeddings": 8192,
[1,1]<stdout>:  "max_sequence_length": 4096,
[1,1]<stdout>:  "mlp_bias": false,
[1,1]<stdout>:  "model_type": "llama",
[1,1]<stdout>:  "moe_group_origin": "dummy",
[1,1]<stdout>:  "moe_rank": 0,
[1,1]<stdout>:  "moe_router_bias_update_rate": 0.0,
[1,1]<stdout>:  "moe_world_size": 1,
[1,1]<stdout>:  "num_attention_heads": 32,
[1,1]<stdout>:  "num_hidden_layers": 32,
[1,1]<stdout>:  "num_key_value_heads": 8,
[1,1]<stdout>:  "pad_token_id": 0,
[1,1]<stdout>:  "paddleformers_version": "1.1.0.post20260518",
[1,1]<stdout>:  "pipeline_model_parallel_size": 2,
[1,1]<stdout>:  "pp_seg_method": "layer:DecoderLayer|EmptyLayer",
[1,1]<stdout>:  "pretraining_tp": 1,
[1,1]<stdout>:  "recompute_granularity": "full",
[1,1]<stdout>:  "recompute_method": "uniform",
[1,1]<stdout>:  "recompute_num_layers": 1,
[1,1]<stdout>:  "rms_norm_eps": 1e-05,
[1,1]<stdout>:  "rope_parameters": {
[1,1]<stdout>:    "rope_theta": 500000.0,
[1,1]<stdout>:    "rope_type": "default"
[1,1]<stdout>:  },
[1,1]<stdout>:  "rope_scaling": null,
[1,1]<stdout>:  "rope_theta": 500000.0,
[1,1]<stdout>:  "seq_length": 4096,
[1,1]<stdout>:  "tensor_model_parallel_size": 2,
[1,1]<stdout>:  "tie_word_embeddings": false,
[1,1]<stdout>:  "torch_dtype": "float32",
[1,1]<stdout>:  "use_cache": true,
[1,1]<stdout>:  "use_fast_layer_norm": false,
[1,1]<stdout>:  "vocab_size": 128256
[1,1]<stdout>:}
[1,1]<stdout>:, layer_idx=7)
[1,1]<stdout>:[2026-05-18 17:30:28,293] [    INFO] pp_layers.py:899 - 9: DecoderLayerPipe(config=LlamaConfig {
[1,1]<stdout>:  "architectures": [
[1,1]<stdout>:    "LlamaForCausalLM"
[1,1]<stdout>:  ],
[1,1]<stdout>:  "attention_bias": false,
[1,1]<stdout>:  "attention_dropout": 0.0,
[1,1]<stdout>:  "bos_token_id": 128000,
[1,1]<stdout>:  "enable_auto_parallel": false,
[1,1]<stdout>:  "eos_token_id": 128001,
[1,1]<stdout>:  "fa_version": 4,
[1,1]<stdout>:  "head_dim": 128,
[1,1]<stdout>:  "hidden_act": "silu",
[1,1]<stdout>:  "hidden_size": 4096,
[1,1]<stdout>:  "initializer_range": 0.009020646889913162,
[1,1]<stdout>:  "intermediate_size": 14336,
[1,1]<stdout>:  "is_lora": false,
[1,1]<stdout>:  "max_position_embeddings": 8192,
[1,1]<stdout>:  "max_sequence_length": 4096,
[1,1]<stdout>:  "mlp_bias": false,
[1,1]<stdout>:  "model_type": "llama",
[1,1]<stdout>:  "moe_group_origin": "dummy",
[1,1]<stdout>:  "moe_rank": 0,
[1,1]<stdout>:  "moe_router_bias_update_rate": 0.0,
[1,1]<stdout>:  "moe_world_size": 1,
[1,1]<stdout>:  "num_attention_heads": 32,
[1,1]<stdout>:  "num_hidden_layers": 32,
[1,1]<stdout>:  "num_key_value_heads": 8,
[1,1]<stdout>:  "pad_token_id": 0,
[1,1]<stdout>:  "paddleformers_version": "1.1.0.post20260518",
[1,1]<stdout>:  "pipeline_model_parallel_size": 2,
[1,1]<stdout>:  "pp_seg_method": "layer:DecoderLayer|EmptyLayer",
[1,1]<stdout>:  "pretraining_tp": 1,
[1,1]<stdout>:  "recompute_granularity": "full",
[1,1]<stdout>:  "recompute_method": "uniform",
[1,1]<stdout>:  "recompute_num_layers": 1,
[1,1]<stdout>:  "rms_norm_eps": 1e-05,
[1,1]<stdout>:  "rope_parameters": {
[1,1]<stdout>:    "rope_theta": 500000.0,
[1,1]<stdout>:    "rope_type": "default"
[1,1]<stdout>:  },
[1,1]<stdout>:  "rope_scaling": null,
[1,1]<stdout>:  "rope_theta": 500000.0,
[1,1]<stdout>:  "seq_length": 4096,
[1,1]<stdout>:  "tensor_model_parallel_size": 2,
[1,1]<stdout>:  "tie_word_embeddings": false,
[1,1]<stdout>:  "torch_dtype": "float32",
[1,1]<stdout>:  "use_cache": true,
[1,1]<stdout>:  "use_fast_layer_norm": false,
[1,1]<stdout>:  "vocab_size": 128256
[1,1]<stdout>:}
[1,1]<stdout>:, layer_idx=8)
[1,1]<stdout>:[2026-05-18 17:30:28,294] [    INFO] pp_layers.py:899 - 10: DecoderLayerPipe(config=LlamaConfig {
[1,1]<stdout>:  "architectures": [
[1,1]<stdout>:    "LlamaForCausalLM"
[1,1]<stdout>:  ],
[1,1]<stdout>:  "attention_bias": false,
[1,1]<stdout>:  "attention_dropout": 0.0,
[1,1]<stdout>:  "bos_token_id": 128000,
[1,1]<stdout>:  "enable_auto_parallel": false,
[1,1]<stdout>:  "eos_token_id": 128001,
[1,1]<stdout>:  "fa_version": 4,
[1,1]<stdout>:  "head_dim": 128,
[1,1]<stdout>:  "hidden_act": "silu",
[1,1]<stdout>:  "hidden_size": 4096,
[1,1]<stdout>:  "initializer_range": 0.009020646889913162,
[1,1]<stdout>:  "intermediate_size": 14336,
[1,1]<stdout>:  "is_lora": false,
[1,1]<stdout>:  "max_position_embeddings": 8192,
[1,1]<stdout>:  "max_sequence_length": 4096,
[1,1]<stdout>:  "mlp_bias": false,
[1,1]<stdout>:  "model_type": "llama",
[1,1]<stdout>:  "moe_group_origin": "dummy",
[1,1]<stdout>:  "moe_rank": 0,
[1,1]<stdout>:  "moe_router_bias_update_rate": 0.0,
[1,1]<stdout>:  "moe_world_size": 1,
[1,1]<stdout>:  "num_attention_heads": 32,
[1,1]<stdout>:  "num_hidden_layers": 32,
[1,1]<stdout>:  "num_key_value_heads": 8,
[1,1]<stdout>:  "pad_token_id": 0,
[1,1]<stdout>:  "paddleformers_version": "1.1.0.post20260518",
[1,1]<stdout>:  "pipeline_model_parallel_size": 2,
[1,1]<stdout>:  "pp_seg_method": "layer:DecoderLayer|EmptyLayer",
[1,1]<stdout>:  "pretraining_tp": 1,
[1,1]<stdout>:  "recompute_granularity": "full",
[1,1]<stdout>:  "recompute_method": "uniform",
[1,1]<stdout>:  "recompute_num_layers": 1,
[1,1]<stdout>:  "rms_norm_eps": 1e-05,
[1,1]<stdout>:  "rope_parameters": {
[1,1]<stdout>:    "rope_theta": 500000.0,
[1,1]<stdout>:    "rope_type": "default"
[1,1]<stdout>:  },
[1,1]<stdout>:  "rope_scaling": null,
[1,1]<stdout>:  "rope_theta": 500000.0,
[1,1]<stdout>:  "seq_length": 4096,
[1,1]<stdout>:  "tensor_model_parallel_size": 2,
[1,1]<stdout>:  "tie_word_embeddings": false,
[1,1]<stdout>:  "torch_dtype": "float32",
[1,1]<stdout>:  "use_cache": true,
[1,1]<stdout>:  "use_fast_layer_norm": false,
[1,1]<stdout>:  "vocab_size": 128256
[1,1]<stdout>:}
[1,1]<stdout>:, layer_idx=9)
[1,1]<stdout>:[2026-05-18 17:30:28,295] [    INFO] pp_layers.py:899 - 11: DecoderLayerPipe(config=LlamaConfig {
[1,1]<stdout>:  "architectures": [
[1,1]<stdout>:    "LlamaForCausalLM"
[1,1]<stdout>:  ],
[1,1]<stdout>:  "attention_bias": false,
[1,1]<stdout>:  "attention_dropout": 0.0,
[1,1]<stdout>:  "bos_token_id": 128000,
[1,1]<stdout>:  "enable_auto_parallel": false,
[1,1]<stdout>:  "eos_token_id": 128001,
[1,1]<stdout>:  "fa_version": 4,
[1,1]<stdout>:  "head_dim": 128,
[1,1]<stdout>:  "hidden_act": "silu",
[1,1]<stdout>:  "hidden_size": 4096,
[1,1]<stdout>:  "initializer_range": 0.009020646889913162,
[1,1]<stdout>:  "intermediate_size": 14336,
[1,1]<stdout>:  "is_lora": false,
[1,1]<stdout>:  "max_position_embeddings": 8192,
[1,1]<stdout>:  "max_sequence_length": 4096,
[1,1]<stdout>:  "mlp_bias": false,
[1,1]<stdout>:  "model_type": "llama",
[1,1]<stdout>:  "moe_group_origin": "dummy",
[1,1]<stdout>:  "moe_rank": 0,
[1,1]<stdout>:  "moe_router_bias_update_rate": 0.0,
[1,1]<stdout>:  "moe_world_size": 1,
[1,1]<stdout>:  "num_attention_heads": 32,
[1,1]<stdout>:  "num_hidden_layers": 32,
[1,1]<stdout>:  "num_key_value_heads": 8,
[1,1]<stdout>:  "pad_token_id": 0,
[1,1]<stdout>:  "paddleformers_version": "1.1.0.post20260518",
[1,1]<stdout>:  "pipeline_model_parallel_size": 2,
[1,1]<stdout>:  "pp_seg_method": "layer:DecoderLayer|EmptyLayer",
[1,1]<stdout>:  "pretraining_tp": 1,
[1,1]<stdout>:  "recompute_granularity": "full",
[1,1]<stdout>:  "recompute_method": "uniform",
[1,1]<stdout>:  "recompute_num_layers": 1,
[1,1]<stdout>:  "rms_norm_eps": 1e-05,
[1,1]<stdout>:  "rope_parameters": {
[1,1]<stdout>:    "rope_theta": 500000.0,
[1,1]<stdout>:    "rope_type": "default"
[1,1]<stdout>:  },
[1,1]<stdout>:  "rope_scaling": null,
[1,1]<stdout>:  "rope_theta": 500000.0,
[1,1]<stdout>:  "seq_length": 4096,
[1,1]<stdout>:  "tensor_model_parallel_size": 2,
[1,1]<stdout>:  "tie_word_embeddings": false,
[1,1]<stdout>:  "torch_dtype": "float32",
[1,1]<stdout>:  "use_cache": true,
[1,1]<stdout>:  "use_fast_layer_norm": false,
[1,1]<stdout>:  "vocab_size": 128256
[1,1]<stdout>:}
[1,1]<stdout>:, layer_idx=10)
[1,1]<stdout>:[2026-05-18 17:30:28,296] [    INFO] pp_layers.py:899 - 12: DecoderLayerPipe(config=LlamaConfig {
[1,1]<stdout>:  "architectures": [
[1,1]<stdout>:    "LlamaForCausalLM"
[1,1]<stdout>:  ],
[1,1]<stdout>:  "attention_bias": false,
[1,1]<stdout>:  "attention_dropout": 0.0,
[1,1]<stdout>:  "bos_token_id": 128000,
[1,1]<stdout>:  "enable_auto_parallel": false,
[1,1]<stdout>:  "eos_token_id": 128001,
[1,1]<stdout>:  "fa_version": 4,
[1,1]<stdout>:  "head_dim": 128,
[1,1]<stdout>:  "hidden_act": "silu",
[1,1]<stdout>:  "hidden_size": 4096,
[1,1]<stdout>:  "initializer_range": 0.009020646889913162,
[1,1]<stdout>:  "intermediate_size": 14336,
[1,1]<stdout>:  "is_lora": false,
[1,1]<stdout>:  "max_position_embeddings": 8192,
[1,1]<stdout>:  "max_sequence_length": 4096,
[1,1]<stdout>:  "mlp_bias": false,
[1,1]<stdout>:  "model_type": "llama",
[1,1]<stdout>:  "moe_group_origin": "dummy",
[1,1]<stdout>:  "moe_rank": 0,
[1,1]<stdout>:  "moe_router_bias_update_rate": 0.0,
[1,1]<stdout>:  "moe_world_size": 1,
[1,1]<stdout>:  "num_attention_heads": 32,
[1,1]<stdout>:  "num_hidden_layers": 32,
[1,1]<stdout>:  "num_key_value_heads": 8,
[1,1]<stdout>:  "pad_token_id": 0,
[1,1]<stdout>:  "paddleformers_version": "1.1.0.post20260518",
[1,1]<stdout>:  "pipeline_model_parallel_size": 2,
[1,1]<stdout>:  "pp_seg_method": "layer:DecoderLayer|EmptyLayer",
[1,1]<stdout>:  "pretraining_tp": 1,
[1,1]<stdout>:  "recompute_granularity": "full",
[1,1]<stdout>:  "recompute_method": "uniform",
[1,1]<stdout>:  "recompute_num_layers": 1,
[1,1]<stdout>:  "rms_norm_eps": 1e-05,
[1,1]<stdout>:  "rope_parameters": {
[1,1]<stdout>:    "rope_theta": 500000.0,
[1,1]<stdout>:    "rope_type": "default"
[1,1]<stdout>:  },
[1,1]<stdout>:  "rope_scaling": null,
[1,1]<stdout>:  "rope_theta": 500000.0,
[1,1]<stdout>:  "seq_length": 4096,
[1,1]<stdout>:  "tensor_model_parallel_size": 2,
[1,1]<stdout>:  "tie_word_embeddings": false,
[1,1]<stdout>:  "torch_dtype": "float32",
[1,1]<stdout>:  "use_cache": true,
[1,1]<stdout>:  "use_fast_layer_norm": false,
[1,1]<stdout>:  "vocab_size": 128256
[1,1]<stdout>:}
[1,1]<stdout>:, layer_idx=11)
[1,1]<stdout>:[2026-05-18 17:30:28,296] [    INFO] pp_layers.py:899 - 13: DecoderLayerPipe(config=LlamaConfig {
[1,1]<stdout>:  "architectures": [
[1,1]<stdout>:    "LlamaForCausalLM"
[1,1]<stdout>:  ],
[1,1]<stdout>:  "attention_bias": false,
[1,1]<stdout>:  "attention_dropout": 0.0,
[1,1]<stdout>:  "bos_token_id": 128000,
[1,1]<stdout>:  "enable_auto_parallel": false,
[1,1]<stdout>:  "eos_token_id": 128001,
[1,1]<stdout>:  "fa_version": 4,
[1,1]<stdout>:  "head_dim": 128,
[1,1]<stdout>:  "hidden_act": "silu",
[1,1]<stdout>:  "hidden_size": 4096,
[1,1]<stdout>:  "initializer_range": 0.009020646889913162,
[1,1]<stdout>:  "intermediate_size": 14336,
[1,1]<stdout>:  "is_lora": false,
[1,1]<stdout>:  "max_position_embeddings": 8192,
[1,1]<stdout>:  "max_sequence_length": 4096,
[1,1]<stdout>:  "mlp_bias": false,
[1,1]<stdout>:  "model_type": "llama",
[1,1]<stdout>:  "moe_group_origin": "dummy",
[1,1]<stdout>:  "moe_rank": 0,
[1,1]<stdout>:  "moe_router_bias_update_rate": 0.0,
[1,1]<stdout>:  "moe_world_size": 1,
[1,1]<stdout>:  "num_attention_heads": 32,
[1,1]<stdout>:  "num_hidden_layers": 32,
[1,1]<stdout>:  "num_key_value_heads": 8,
[1,1]<stdout>:  "pad_token_id": 0,
[1,1]<stdout>:  "paddleformers_version": "1.1.0.post20260518",
[1,1]<stdout>:  "pipeline_model_parallel_size": 2,
[1,1]<stdout>:  "pp_seg_method": "layer:DecoderLayer|EmptyLayer",
[1,1]<stdout>:  "pretraining_tp": 1,
[1,1]<stdout>:  "recompute_granularity": "full",
[1,1]<stdout>:  "recompute_method": "uniform",
[1,1]<stdout>:  "recompute_num_layers": 1,
[1,1]<stdout>:  "rms_norm_eps": 1e-05,
[1,1]<stdout>:  "rope_parameters": {
[1,1]<stdout>:    "rope_theta": 500000.0,
[1,1]<stdout>:    "rope_type": "default"
[1,1]<stdout>:  },
[1,1]<stdout>:  "rope_scaling": null,
[1,1]<stdout>:  "rope_theta": 500000.0,
[1,1]<stdout>:  "seq_length": 4096,
[1,1]<stdout>:  "tensor_model_parallel_size": 2,
[1,1]<stdout>:  "tie_word_embeddings": false,
[1,1]<stdout>:  "torch_dtype": "float32",
[1,1]<stdout>:  "use_cache": true,
[1,1]<stdout>:  "use_fast_layer_norm": false,
[1,1]<stdout>:  "vocab_size": 128256
[1,1]<stdout>:}
[1,1]<stdout>:, layer_idx=12)
[1,1]<stdout>:[2026-05-18 17:30:28,297] [    INFO] pp_layers.py:899 - 14: DecoderLayerPipe(config=LlamaConfig {
[1,1]<stdout>:  "architectures": [
[1,1]<stdout>:    "LlamaForCausalLM"
[1,1]<stdout>:  ],
[1,1]<stdout>:  "attention_bias": false,
[1,1]<stdout>:  "attention_dropout": 0.0,
[1,1]<stdout>:  "bos_token_id": 128000,
[1,1]<stdout>:  "enable_auto_parallel": false,
[1,1]<stdout>:  "eos_token_id": 128001,
[1,1]<stdout>:  "fa_version": 4,
[1,1]<stdout>:  "head_dim": 128,
[1,1]<stdout>:  "hidden_act": "silu",
[1,1]<stdout>:  "hidden_size": 4096,
[1,1]<stdout>:  "initializer_range": 0.009020646889913162,
[1,1]<stdout>:  "intermediate_size": 14336,
[1,1]<stdout>:  "is_lora": false,
[1,1]<stdout>:  "max_position_embeddings": 8192,
[1,1]<stdout>:  "max_sequence_length": 4096,
[1,1]<stdout>:  "mlp_bias": false,
[1,1]<stdout>:  "model_type": "llama",
[1,1]<stdout>:  "moe_group_origin": "dummy",
[1,1]<stdout>:  "moe_rank": 0,
[1,1]<stdout>:  "moe_router_bias_update_rate": 0.0,
[1,1]<stdout>:  "moe_world_size": 1,
[1,1]<stdout>:  "num_attention_heads": 32,
[1,1]<stdout>:  "num_hidden_layers": 32,
[1,1]<stdout>:  "num_key_value_heads": 8,
[1,1]<stdout>:  "pad_token_id": 0,
[1,1]<stdout>:  "paddleformers_version": "1.1.0.post20260518",
[1,1]<stdout>:  "pipeline_model_parallel_size": 2,
[1,1]<stdout>:  "pp_seg_method": "layer:DecoderLayer|EmptyLayer",
[1,1]<stdout>:  "pretraining_tp": 1,
[1,1]<stdout>:  "recompute_granularity": "full",
[1,1]<stdout>:  "recompute_method": "uniform",
[1,1]<stdout>:  "recompute_num_layers": 1,
[1,1]<stdout>:  "rms_norm_eps": 1e-05,
[1,1]<stdout>:  "rope_parameters": {
[1,1]<stdout>:    "rope_theta": 500000.0,
[1,1]<stdout>:    "rope_type": "default"
[1,1]<stdout>:  },
[1,1]<stdout>:  "rope_scaling": null,
[1,1]<stdout>:  "rope_theta": 500000.0,
[1,1]<stdout>:  "seq_length": 4096,
[1,1]<stdout>:  "tensor_model_parallel_size": 2,
[1,1]<stdout>:  "tie_word_embeddings": false,
[1,1]<stdout>:  "torch_dtype": "float32",
[1,1]<stdout>:  "use_cache": true,
[1,1]<stdout>:  "use_fast_layer_norm": false,
[1,1]<stdout>:  "vocab_size": 128256
[1,1]<stdout>:}
[1,1]<stdout>:, layer_idx=13)
[1,1]<stdout>:[2026-05-18 17:30:28,298] [    INFO] pp_layers.py:899 - 15: DecoderLayerPipe(config=LlamaConfig {
[1,1]<stdout>:  "architectures": [
[1,1]<stdout>:    "LlamaForCausalLM"
[1,1]<stdout>:  ],
[1,1]<stdout>:  "attention_bias": false,
[1,1]<stdout>:  "attention_dropout": 0.0,
[1,1]<stdout>:  "bos_token_id": 128000,
[1,1]<stdout>:  "enable_auto_parallel": false,
[1,1]<stdout>:  "eos_token_id": 128001,
[1,1]<stdout>:  "fa_version": 4,
[1,1]<stdout>:  "head_dim": 128,
[1,1]<stdout>:  "hidden_act": "silu",
[1,1]<stdout>:  "hidden_size": 4096,
[1,1]<stdout>:  "initializer_range": 0.009020646889913162,
[1,1]<stdout>:  "intermediate_size": 14336,
[1,1]<stdout>:  "is_lora": false,
[1,1]<stdout>:  "max_position_embeddings": 8192,
[1,1]<stdout>:  "max_sequence_length": 4096,
[1,1]<stdout>:  "mlp_bias": false,
[1,1]<stdout>:  "model_type": "llama",
[1,1]<stdout>:  "moe_group_origin": "dummy",
[1,1]<stdout>:  "moe_rank": 0,
[1,1]<stdout>:  "moe_router_bias_update_rate": 0.0,
[1,1]<stdout>:  "moe_world_size": 1,
[1,1]<stdout>:  "num_attention_heads": 32,
[1,1]<stdout>:  "num_hidden_layers": 32,
[1,1]<stdout>:  "num_key_value_heads": 8,
[1,1]<stdout>:  "pad_token_id": 0,
[1,1]<stdout>:  "paddleformers_version": "1.1.0.post20260518",
[1,1]<stdout>:  "pipeline_model_parallel_size": 2,
[1,1]<stdout>:  "pp_seg_method": "layer:DecoderLayer|EmptyLayer",
[1,1]<stdout>:  "pretraining_tp": 1,
[1,1]<stdout>:  "recompute_granularity": "full",
[1,1]<stdout>:  "recompute_method": "uniform",
[1,1]<stdout>:  "recompute_num_layers": 1,
[1,1]<stdout>:  "rms_norm_eps": 1e-05,
[1,1]<stdout>:  "rope_parameters": {
[1,1]<stdout>:    "rope_theta": 500000.0,
[1,1]<stdout>:    "rope_type": "default"
[1,1]<stdout>:  },
[1,1]<stdout>:  "rope_scaling": null,
[1,1]<stdout>:  "rope_theta": 500000.0,
[1,1]<stdout>:  "seq_length": 4096,
[1,1]<stdout>:  "tensor_model_parallel_size": 2,
[1,1]<stdout>:  "tie_word_embeddings": false,
[1,1]<stdout>:  "torch_dtype": "float32",
[1,1]<stdout>:  "use_cache": true,
[1,1]<stdout>:  "use_fast_layer_norm": false,
[1,1]<stdout>:  "vocab_size": 128256
[1,1]<stdout>:}
[1,1]<stdout>:, layer_idx=14)
[1,1]<stdout>:[2026-05-18 17:30:28,299] [    INFO] pp_layers.py:899 - 16: DecoderLayerPipe(config=LlamaConfig {
[1,1]<stdout>:  "architectures": [
[1,1]<stdout>:    "LlamaForCausalLM"
[1,1]<stdout>:  ],
[1,1]<stdout>:  "attention_bias": false,
[1,1]<stdout>:  "attention_dropout": 0.0,
[1,1]<stdout>:  "bos_token_id": 128000,
[1,1]<stdout>:  "enable_auto_parallel": false,
[1,1]<stdout>:  "eos_token_id": 128001,
[1,1]<stdout>:  "fa_version": 4,
[1,1]<stdout>:  "head_dim": 128,
[1,1]<stdout>:  "hidden_act": "silu",
[1,1]<stdout>:  "hidden_size": 4096,
[1,1]<stdout>:  "initializer_range": 0.009020646889913162,
[1,1]<stdout>:  "intermediate_size": 14336,
[1,1]<stdout>:  "is_lora": false,
[1,1]<stdout>:  "max_position_embeddings": 8192,
[1,1]<stdout>:  "max_sequence_length": 4096,
[1,1]<stdout>:  "mlp_bias": false,
[1,1]<stdout>:  "model_type": "llama",
[1,1]<stdout>:  "moe_group_origin": "dummy",
[1,1]<stdout>:  "moe_rank": 0,
[1,1]<stdout>:  "moe_router_bias_update_rate": 0.0,
[1,1]<stdout>:  "moe_world_size": 1,
[1,1]<stdout>:  "num_attention_heads": 32,
[1,1]<stdout>:  "num_hidden_layers": 32,
[1,1]<stdout>:  "num_key_value_heads": 8,
[1,1]<stdout>:  "pad_token_id": 0,
[1,1]<stdout>:  "paddleformers_version": "1.1.0.post20260518",
[1,1]<stdout>:  "pipeline_model_parallel_size": 2,
[1,1]<stdout>:  "pp_seg_method": "layer:DecoderLayer|EmptyLayer",
[1,1]<stdout>:  "pretraining_tp": 1,
[1,1]<stdout>:  "recompute_granularity": "full",
[1,1]<stdout>:  "recompute_method": "uniform",
[1,1]<stdout>:  "recompute_num_layers": 1,
[1,1]<stdout>:  "rms_norm_eps": 1e-05,
[1,1]<stdout>:  "rope_parameters": {
[1,1]<stdout>:    "rope_theta": 500000.0,
[1,1]<stdout>:    "rope_type": "default"
[1,1]<stdout>:  },
[1,1]<stdout>:  "rope_scaling": null,
[1,1]<stdout>:  "rope_theta": 500000.0,
[1,1]<stdout>:  "seq_length": 4096,
[1,1]<stdout>:  "tensor_model_parallel_size": 2,
[1,1]<stdout>:  "tie_word_embeddings": false,
[1,1]<stdout>:  "torch_dtype": "float32",
[1,1]<stdout>:  "use_cache": true,
[1,1]<stdout>:  "use_fast_layer_norm": false,
[1,1]<stdout>:  "vocab_size": 128256
[1,1]<stdout>:}
[1,1]<stdout>:, layer_idx=15)
[1,1]<stdout>:[2026-05-18 17:30:28,299] [    INFO] pp_layers.py:894 - stage=1, global_rank=8 ,layer_number=18
[1,1]<stdout>:[2026-05-18 17:30:28,300] [    INFO] pp_layers.py:899 - 17: DecoderLayerPipe(config=LlamaConfig {
[1,1]<stdout>:  "architectures": [
[1,1]<stdout>:    "LlamaForCausalLM"
[1,1]<stdout>:  ],
[1,1]<stdout>:  "attention_bias": false,
[1,1]<stdout>:  "attention_dropout": 0.0,
[1,1]<stdout>:  "bos_token_id": 128000,
[1,1]<stdout>:  "enable_auto_parallel": false,
[1,1]<stdout>:  "eos_token_id": 128001,
[1,1]<stdout>:  "fa_version": 4,
[1,1]<stdout>:  "head_dim": 128,
[1,1]<stdout>:  "hidden_act": "silu",
[1,1]<stdout>:  "hidden_size": 4096,
[1,1]<stdout>:  "initializer_range": 0.009020646889913162,
[1,1]<stdout>:  "intermediate_size": 14336,
[1,1]<stdout>:  "is_lora": false,
[1,1]<stdout>:  "max_position_embeddings": 8192,
[1,1]<stdout>:  "max_sequence_length": 4096,
[1,1]<stdout>:  "mlp_bias": false,
[1,1]<stdout>:  "model_type": "llama",
[1,1]<stdout>:  "moe_group_origin": "dummy",
[1,1]<stdout>:  "moe_rank": 0,
[1,1]<stdout>:  "moe_router_bias_update_rate": 0.0,
[1,1]<stdout>:  "moe_world_size": 1,
[1,1]<stdout>:  "num_attention_heads": 32,
[1,1]<stdout>:  "num_hidden_layers": 32,
[1,1]<stdout>:  "num_key_value_heads": 8,
[1,1]<stdout>:  "pad_token_id": 0,
[1,1]<stdout>:  "paddleformers_version": "1.1.0.post20260518",
[1,1]<stdout>:  "pipeline_model_parallel_size": 2,
[1,1]<stdout>:  "pp_seg_method": "layer:DecoderLayer|EmptyLayer",
[1,1]<stdout>:  "pretraining_tp": 1,
[1,1]<stdout>:  "recompute_granularity": "full",
[1,1]<stdout>:  "recompute_method": "uniform",
[1,1]<stdout>:  "recompute_num_layers": 1,
[1,1]<stdout>:  "rms_norm_eps": 1e-05,
[1,1]<stdout>:  "rope_parameters": {
[1,1]<stdout>:    "rope_theta": 500000.0,
[1,1]<stdout>:    "rope_type": "default"
[1,1]<stdout>:  },
[1,1]<stdout>:  "rope_scaling": null,
[1,1]<stdout>:  "rope_theta": 500000.0,
[1,1]<stdout>:  "seq_length": 4096,
[1,1]<stdout>:  "tensor_model_parallel_size": 2,
[1,1]<stdout>:  "tie_word_embeddings": false,
[1,1]<stdout>:  "torch_dtype": "float32",
[1,1]<stdout>:  "use_cache": true,
[1,1]<stdout>:  "use_fast_layer_norm": false,
[1,1]<stdout>:  "vocab_size": 128256
[1,1]<stdout>:}
[1,1]<stdout>:, layer_idx=16)
[1,1]<stdout>:[2026-05-18 17:30:28,300] [    INFO] pp_layers.py:899 - 18: DecoderLayerPipe(config=LlamaConfig {
[1,1]<stdout>:  "architectures": [
[1,1]<stdout>:    "LlamaForCausalLM"
[1,1]<stdout>:  ],
[1,1]<stdout>:  "attention_bias": false,
[1,1]<stdout>:  "attention_dropout": 0.0,
[1,1]<stdout>:  "bos_token_id": 128000,
[1,1]<stdout>:  "enable_auto_parallel": false,
[1,1]<stdout>:  "eos_token_id": 128001,
[1,1]<stdout>:  "fa_version": 4,
[1,1]<stdout>:  "head_dim": 128,
[1,1]<stdout>:  "hidden_act": "silu",
[1,1]<stdout>:  "hidden_size": 4096,
[1,1]<stdout>:  "initializer_range": 0.009020646889913162,
[1,1]<stdout>:  "intermediate_size": 14336,
[1,1]<stdout>:  "is_lora": false,
[1,1]<stdout>:  "max_position_embeddings": 8192,
[1,1]<stdout>:  "max_sequence_length": 4096,
[1,1]<stdout>:  "mlp_bias": false,
[1,1]<stdout>:  "model_type": "llama",
[1,1]<stdout>:  "moe_group_origin": "dummy",
[1,1]<stdout>:  "moe_rank": 0,
[1,1]<stdout>:  "moe_router_bias_update_rate": 0.0,
[1,1]<stdout>:  "moe_world_size": 1,
[1,1]<stdout>:  "num_attention_heads": 32,
[1,1]<stdout>:  "num_hidden_layers": 32,
[1,1]<stdout>:  "num_key_value_heads": 8,
[1,1]<stdout>:  "pad_token_id": 0,
[1,1]<stdout>:  "paddleformers_version": "1.1.0.post20260518",
[1,1]<stdout>:  "pipeline_model_parallel_size": 2,
[1,1]<stdout>:  "pp_seg_method": "layer:DecoderLayer|EmptyLayer",
[1,1]<stdout>:  "pretraining_tp": 1,
[1,1]<stdout>:  "recompute_granularity": "full",
[1,1]<stdout>:  "recompute_method": "uniform",
[1,1]<stdout>:  "recompute_num_layers": 1,
[1,1]<stdout>:  "rms_norm_eps": 1e-05,
[1,1]<stdout>:  "rope_parameters": {
[1,1]<stdout>:    "rope_theta": 500000.0,
[1,1]<stdout>:    "rope_type": "default"
[1,1]<stdout>:  },
[1,1]<stdout>:  "rope_scaling": null,
[1,1]<stdout>:  "rope_theta": 500000.0,
[1,1]<stdout>:  "seq_length": 4096,
[1,1]<stdout>:  "tensor_model_parallel_size": 2,
[1,1]<stdout>:  "tie_word_embeddings": false,
[1,1]<stdout>:  "torch_dtype": "float32",
[1,1]<stdout>:  "use_cache": true,
[1,1]<stdout>:  "use_fast_layer_norm": false,
[1,1]<stdout>:  "vocab_size": 128256
[1,1]<stdout>:}
[1,1]<stdout>:, layer_idx=17)
[1,1]<stdout>:[2026-05-18 17:30:28,301] [    INFO] pp_layers.py:899 - 19: DecoderLayerPipe(config=LlamaConfig {
[1,1]<stdout>:  "architectures": [
[1,1]<stdout>:    "LlamaForCausalLM"
[1,1]<stdout>:  ],
[1,1]<stdout>:  "attention_bias": false,
[1,1]<stdout>:  "attention_dropout": 0.0,
[1,1]<stdout>:  "bos_token_id": 128000,
[1,1]<stdout>:  "enable_auto_parallel": false,
[1,1]<stdout>:  "eos_token_id": 128001,
[1,1]<stdout>:  "fa_version": 4,
[1,1]<stdout>:  "head_dim": 128,
[1,1]<stdout>:  "hidden_act": "silu",
[1,1]<stdout>:  "hidden_size": 4096,
[1,1]<stdout>:  "initializer_range": 0.009020646889913162,
[1,1]<stdout>:  "intermediate_size": 14336,
[1,1]<stdout>:  "is_lora": false,
[1,1]<stdout>:  "max_position_embeddings": 8192,
[1,1]<stdout>:  "max_sequence_length": 4096,
[1,1]<stdout>:  "mlp_bias": false,
[1,1]<stdout>:  "model_type": "llama",
[1,1]<stdout>:  "moe_group_origin": "dummy",
[1,1]<stdout>:  "moe_rank": 0,
[1,1]<stdout>:  "moe_router_bias_update_rate": 0.0,
[1,1]<stdout>:  "moe_world_size": 1,
[1,1]<stdout>:  "num_attention_heads": 32,
[1,1]<stdout>:  "num_hidden_layers": 32,
[1,1]<stdout>:  "num_key_value_heads": 8,
[1,1]<stdout>:  "pad_token_id": 0,
[1,1]<stdout>:  "paddleformers_version": "1.1.0.post20260518",
[1,1]<stdout>:  "pipeline_model_parallel_size": 2,
[1,1]<stdout>:  "pp_seg_method": "layer:DecoderLayer|EmptyLayer",
[1,1]<stdout>:  "pretraining_tp": 1,
[1,1]<stdout>:  "recompute_granularity": "full",
[1,1]<stdout>:  "recompute_method": "uniform",
[1,1]<stdout>:  "recompute_num_layers": 1,
[1,1]<stdout>:  "rms_norm_eps": 1e-05,
[1,1]<stdout>:  "rope_parameters": {
[1,1]<stdout>:    "rope_theta": 500000.0,
[1,1]<stdout>:    "rope_type": "default"
[1,1]<stdout>:  },
[1,1]<stdout>:  "rope_scaling": null,
[1,1]<stdout>:  "rope_theta": 500000.0,
[1,1]<stdout>:  "seq_length": 4096,
[1,1]<stdout>:  "tensor_model_parallel_size": 2,
[1,1]<stdout>:  "tie_word_embeddings": false,
[1,1]<stdout>:  "torch_dtype": "float32",
[1,1]<stdout>:  "use_cache": true,
[1,1]<stdout>:  "use_fast_layer_norm": false,
[1,1]<stdout>:  "vocab_size": 128256
[1,1]<stdout>:}
[1,1]<stdout>:, layer_idx=18)
[1,1]<stdout>:[2026-05-18 17:30:28,302] [    INFO] pp_layers.py:899 - 20: DecoderLayerPipe(config=LlamaConfig {
[1,1]<stdout>:  "architectures": [
[1,1]<stdout>:    "LlamaForCausalLM"
[1,1]<stdout>:  ],
[1,1]<stdout>:  "attention_bias": false,
[1,1]<stdout>:  "attention_dropout": 0.0,
[1,1]<stdout>:  "bos_token_id": 128000,
[1,1]<stdout>:  "enable_auto_parallel": false,
[1,1]<stdout>:  "eos_token_id": 128001,
[1,1]<stdout>:  "fa_version": 4,
[1,1]<stdout>:  "head_dim": 128,
[1,1]<stdout>:  "hidden_act": "silu",
[1,1]<stdout>:  "hidden_size": 4096,
[1,1]<stdout>:  "initializer_range": 0.009020646889913162,
[1,1]<stdout>:  "intermediate_size": 14336,
[1,1]<stdout>:  "is_lora": false,
[1,1]<stdout>:  "max_position_embeddings": 8192,
[1,1]<stdout>:  "max_sequence_length": 4096,
[1,1]<stdout>:  "mlp_bias": false,
[1,1]<stdout>:  "model_type": "llama",
[1,1]<stdout>:  "moe_group_origin": "dummy",
[1,1]<stdout>:  "moe_rank": 0,
[1,1]<stdout>:  "moe_router_bias_update_rate": 0.0,
[1,1]<stdout>:  "moe_world_size": 1,
[1,1]<stdout>:  "num_attention_heads": 32,
[1,1]<stdout>:  "num_hidden_layers": 32,
[1,1]<stdout>:  "num_key_value_heads": 8,
[1,1]<stdout>:  "pad_token_id": 0,
[1,1]<stdout>:  "paddleformers_version": "1.1.0.post20260518",
[1,1]<stdout>:  "pipeline_model_parallel_size": 2,
[1,1]<stdout>:  "pp_seg_method": "layer:DecoderLayer|EmptyLayer",
[1,1]<stdout>:  "pretraining_tp": 1,
[1,1]<stdout>:  "recompute_granularity": "full",
[1,1]<stdout>:  "recompute_method": "uniform",
[1,1]<stdout>:  "recompute_num_layers": 1,
[1,1]<stdout>:  "rms_norm_eps": 1e-05,
[1,1]<stdout>:  "rope_parameters": {
[1,1]<stdout>:    "rope_theta": 500000.0,
[1,1]<stdout>:    "rope_type": "default"
[1,1]<stdout>:  },
[1,1]<stdout>:  "rope_scaling": null,
[1,1]<stdout>:  "rope_theta": 500000.0,
[1,1]<stdout>:  "seq_length": 4096,
[1,1]<stdout>:  "tensor_model_parallel_size": 2,
[1,1]<stdout>:  "tie_word_embeddings": false,
[1,1]<stdout>:  "torch_dtype": "float32",
[1,1]<stdout>:  "use_cache": true,
[1,1]<stdout>:  "use_fast_layer_norm": false,
[1,1]<stdout>:  "vocab_size": 128256
[1,1]<stdout>:}
[1,1]<stdout>:, layer_idx=19)
[1,1]<stdout>:[2026-05-18 17:30:28,303] [    INFO] pp_layers.py:899 - 21: DecoderLayerPipe(config=LlamaConfig {
[1,1]<stdout>:  "architectures": [
[1,1]<stdout>:    "LlamaForCausalLM"
[1,1]<stdout>:  ],
[1,1]<stdout>:  "attention_bias": false,
[1,1]<stdout>:  "attention_dropout": 0.0,
[1,1]<stdout>:  "bos_token_id": 128000,
[1,1]<stdout>:  "enable_auto_parallel": false,
[1,1]<stdout>:  "eos_token_id": 128001,
[1,1]<stdout>:  "fa_version": 4,
[1,1]<stdout>:  "head_dim": 128,
[1,1]<stdout>:  "hidden_act": "silu",
[1,1]<stdout>:  "hidden_size": 4096,
[1,1]<stdout>:  "initializer_range": 0.009020646889913162,
[1,1]<stdout>:  "intermediate_size": 14336,
[1,1]<stdout>:  "is_lora": false,
[1,1]<stdout>:  "max_position_embeddings": 8192,
[1,1]<stdout>:  "max_sequence_length": 4096,
[1,1]<stdout>:  "mlp_bias": false,
[1,1]<stdout>:  "model_type": "llama",
[1,1]<stdout>:  "moe_group_origin": "dummy",
[1,1]<stdout>:  "moe_rank": 0,
[1,1]<stdout>:  "moe_router_bias_update_rate": 0.0,
[1,1]<stdout>:  "moe_world_size": 1,
[1,1]<stdout>:  "num_attention_heads": 32,
[1,1]<stdout>:  "num_hidden_layers": 32,
[1,1]<stdout>:  "num_key_value_heads": 8,
[1,1]<stdout>:  "pad_token_id": 0,
[1,1]<stdout>:  "paddleformers_version": "1.1.0.post20260518",
[1,1]<stdout>:  "pipeline_model_parallel_size": 2,
[1,1]<stdout>:  "pp_seg_method": "layer:DecoderLayer|EmptyLayer",
[1,1]<stdout>:  "pretraining_tp": 1,
[1,1]<stdout>:  "recompute_granularity": "full",
[1,1]<stdout>:  "recompute_method": "uniform",
[1,1]<stdout>:  "recompute_num_layers": 1,
[1,1]<stdout>:  "rms_norm_eps": 1e-05,
[1,1]<stdout>:  "rope_parameters": {
[1,1]<stdout>:    "rope_theta": 500000.0,
[1,1]<stdout>:    "rope_type": "default"
[1,1]<stdout>:  },
[1,1]<stdout>:  "rope_scaling": null,
[1,1]<stdout>:  "rope_theta": 500000.0,
[1,1]<stdout>:  "seq_length": 4096,
[1,1]<stdout>:  "tensor_model_parallel_size": 2,
[1,1]<stdout>:  "tie_word_embeddings": false,
[1,1]<stdout>:  "torch_dtype": "float32",
[1,1]<stdout>:  "use_cache": true,
[1,1]<stdout>:  "use_fast_layer_norm": false,
[1,1]<stdout>:  "vocab_size": 128256
[1,1]<stdout>:}
[1,1]<stdout>:, layer_idx=20)
[1,1]<stdout>:[2026-05-18 17:30:28,303] [    INFO] pp_layers.py:899 - 22: DecoderLayerPipe(config=LlamaConfig {
[1,1]<stdout>:  "architectures": [
[1,1]<stdout>:    "LlamaForCausalLM"
[1,1]<stdout>:  ],
[1,1]<stdout>:  "attention_bias": false,
[1,1]<stdout>:  "attention_dropout": 0.0,
[1,1]<stdout>:  "bos_token_id": 128000,
[1,1]<stdout>:  "enable_auto_parallel": false,
[1,1]<stdout>:  "eos_token_id": 128001,
[1,1]<stdout>:  "fa_version": 4,
[1,1]<stdout>:  "head_dim": 128,
[1,1]<stdout>:  "hidden_act": "silu",
[1,1]<stdout>:  "hidden_size": 4096,
[1,1]<stdout>:  "initializer_range": 0.009020646889913162,
[1,1]<stdout>:  "intermediate_size": 14336,
[1,1]<stdout>:  "is_lora": false,
[1,1]<stdout>:  "max_position_embeddings": 8192,
[1,1]<stdout>:  "max_sequence_length": 4096,
[1,1]<stdout>:  "mlp_bias": false,
[1,1]<stdout>:  "model_type": "llama",
[1,1]<stdout>:  "moe_group_origin": "dummy",
[1,1]<stdout>:  "moe_rank": 0,
[1,1]<stdout>:  "moe_router_bias_update_rate": 0.0,
[1,1]<stdout>:  "moe_world_size": 1,
[1,1]<stdout>:  "num_attention_heads": 32,
[1,1]<stdout>:  "num_hidden_layers": 32,
[1,1]<stdout>:  "num_key_value_heads": 8,
[1,1]<stdout>:  "pad_token_id": 0,
[1,1]<stdout>:  "paddleformers_version": "1.1.0.post20260518",
[1,1]<stdout>:  "pipeline_model_parallel_size": 2,
[1,1]<stdout>:  "pp_seg_method": "layer:DecoderLayer|EmptyLayer",
[1,1]<stdout>:  "pretraining_tp": 1,
[1,1]<stdout>:  "recompute_granularity": "full",
[1,1]<stdout>:  "recompute_method": "uniform",
[1,1]<stdout>:  "recompute_num_layers": 1,
[1,1]<stdout>:  "rms_norm_eps": 1e-05,
[1,1]<stdout>:  "rope_parameters": {
[1,1]<stdout>:    "rope_theta": 500000.0,
[1,1]<stdout>:    "rope_type": "default"
[1,1]<stdout>:  },
[1,1]<stdout>:  "rope_scaling": null,
[1,1]<stdout>:  "rope_theta": 500000.0,
[1,1]<stdout>:  "seq_length": 4096,
[1,1]<stdout>:  "tensor_model_parallel_size": 2,
[1,1]<stdout>:  "tie_word_embeddings": false,
[1,1]<stdout>:  "torch_dtype": "float32",
[1,1]<stdout>:  "use_cache": true,
[1,1]<stdout>:  "use_fast_layer_norm": false,
[1,1]<stdout>:  "vocab_size": 128256
[1,1]<stdout>:}
[1,1]<stdout>:, layer_idx=21)
[1,1]<stdout>:[2026-05-18 17:30:28,304] [    INFO] pp_layers.py:899 - 23: DecoderLayerPipe(config=LlamaConfig {
[1,1]<stdout>:  "architectures": [
[1,1]<stdout>:    "LlamaForCausalLM"
[1,1]<stdout>:  ],
[1,1]<stdout>:  "attention_bias": false,
[1,1]<stdout>:  "attention_dropout": 0.0,
[1,1]<stdout>:  "bos_token_id": 128000,
[1,1]<stdout>:  "enable_auto_parallel": false,
[1,1]<stdout>:  "eos_token_id": 128001,
[1,1]<stdout>:  "fa_version": 4,
[1,1]<stdout>:  "head_dim": 128,
[1,1]<stdout>:  "hidden_act": "silu",
[1,1]<stdout>:  "hidden_size": 4096,
[1,1]<stdout>:  "initializer_range": 0.009020646889913162,
[1,1]<stdout>:  "intermediate_size": 14336,
[1,1]<stdout>:  "is_lora": false,
[1,1]<stdout>:  "max_position_embeddings": 8192,
[1,1]<stdout>:  "max_sequence_length": 4096,
[1,1]<stdout>:  "mlp_bias": false,
[1,1]<stdout>:  "model_type": "llama",
[1,1]<stdout>:  "moe_group_origin": "dummy",
[1,1]<stdout>:  "moe_rank": 0,
[1,1]<stdout>:  "moe_router_bias_update_rate": 0.0,
[1,1]<stdout>:  "moe_world_size": 1,
[1,1]<stdout>:  "num_attention_heads": 32,
[1,1]<stdout>:  "num_hidden_layers": 32,
[1,1]<stdout>:  "num_key_value_heads": 8,
[1,1]<stdout>:  "pad_token_id": 0,
[1,1]<stdout>:  "paddleformers_version": "1.1.0.post20260518",
[1,1]<stdout>:  "pipeline_model_parallel_size": 2,
[1,1]<stdout>:  "pp_seg_method": "layer:DecoderLayer|EmptyLayer",
[1,1]<stdout>:  "pretraining_tp": 1,
[1,1]<stdout>:  "recompute_granularity": "full",
[1,1]<stdout>:  "recompute_method": "uniform",
[1,1]<stdout>:  "recompute_num_layers": 1,
[1,1]<stdout>:  "rms_norm_eps": 1e-05,
[1,1]<stdout>:  "rope_parameters": {
[1,1]<stdout>:    "rope_theta": 500000.0,
[1,1]<stdout>:    "rope_type": "default"
[1,1]<stdout>:  },
[1,1]<stdout>:  "rope_scaling": null,
[1,1]<stdout>:  "rope_theta": 500000.0,
[1,1]<stdout>:  "seq_length": 4096,
[1,1]<stdout>:  "tensor_model_parallel_size": 2,
[1,1]<stdout>:  "tie_word_embeddings": false,
[1,1]<stdout>:  "torch_dtype": "float32",
[1,1]<stdout>:  "use_cache": true,
[1,1]<stdout>:  "use_fast_layer_norm": false,
[1,1]<stdout>:  "vocab_size": 128256
[1,1]<stdout>:}
[1,1]<stdout>:, layer_idx=22)
[1,1]<stdout>:[2026-05-18 17:30:28,305] [    INFO] pp_layers.py:899 - 24: DecoderLayerPipe(config=LlamaConfig {
[1,1]<stdout>:  "architectures": [
[1,1]<stdout>:    "LlamaForCausalLM"
[1,1]<stdout>:  ],
[1,1]<stdout>:  "attention_bias": false,
[1,1]<stdout>:  "attention_dropout": 0.0,
[1,1]<stdout>:  "bos_token_id": 128000,
[1,1]<stdout>:  "enable_auto_parallel": false,
[1,1]<stdout>:  "eos_token_id": 128001,
[1,1]<stdout>:  "fa_version": 4,
[1,1]<stdout>:  "head_dim": 128,
[1,1]<stdout>:  "hidden_act": "silu",
[1,1]<stdout>:  "hidden_size": 4096,
[1,1]<stdout>:  "initializer_range": 0.009020646889913162,
[1,1]<stdout>:  "intermediate_size": 14336,
[1,1]<stdout>:  "is_lora": false,
[1,1]<stdout>:  "max_position_embeddings": 8192,
[1,1]<stdout>:  "max_sequence_length": 4096,
[1,1]<stdout>:  "mlp_bias": false,
[1,1]<stdout>:  "model_type": "llama",
[1,1]<stdout>:  "moe_group_origin": "dummy",
[1,1]<stdout>:  "moe_rank": 0,
[1,1]<stdout>:  "moe_router_bias_update_rate": 0.0,
[1,1]<stdout>:  "moe_world_size": 1,
[1,1]<stdout>:  "num_attention_heads": 32,
[1,1]<stdout>:  "num_hidden_layers": 32,
[1,1]<stdout>:  "num_key_value_heads": 8,
[1,1]<stdout>:  "pad_token_id": 0,
[1,1]<stdout>:  "paddleformers_version": "1.1.0.post20260518",
[1,1]<stdout>:  "pipeline_model_parallel_size": 2,
[1,1]<stdout>:  "pp_seg_method": "layer:DecoderLayer|EmptyLayer",
[1,1]<stdout>:  "pretraining_tp": 1,
[1,1]<stdout>:  "recompute_granularity": "full",
[1,1]<stdout>:  "recompute_method": "uniform",
[1,1]<stdout>:  "recompute_num_layers": 1,
[1,1]<stdout>:  "rms_norm_eps": 1e-05,
[1,1]<stdout>:  "rope_parameters": {
[1,1]<stdout>:    "rope_theta": 500000.0,
[1,1]<stdout>:    "rope_type": "default"
[1,1]<stdout>:  },
[1,1]<stdout>:  "rope_scaling": null,
[1,1]<stdout>:  "rope_theta": 500000.0,
[1,1]<stdout>:  "seq_length": 4096,
[1,1]<stdout>:  "tensor_model_parallel_size": 2,
[1,1]<stdout>:  "tie_word_embeddings": false,
[1,1]<stdout>:  "torch_dtype": "float32",
[1,1]<stdout>:  "use_cache": true,
[1,1]<stdout>:  "use_fast_layer_norm": false,
[1,1]<stdout>:  "vocab_size": 128256
[1,1]<stdout>:}
[1,1]<stdout>:, layer_idx=23)
[1,1]<stdout>:[2026-05-18 17:30:28,306] [    INFO] pp_layers.py:899 - 25: DecoderLayerPipe(config=LlamaConfig {
[1,1]<stdout>:  "architectures": [
[1,1]<stdout>:    "LlamaForCausalLM"
[1,1]<stdout>:  ],
[1,1]<stdout>:  "attention_bias": false,
[1,1]<stdout>:  "attention_dropout": 0.0,
[1,1]<stdout>:  "bos_token_id": 128000,
[1,1]<stdout>:  "enable_auto_parallel": false,
[1,1]<stdout>:  "eos_token_id": 128001,
[1,1]<stdout>:  "fa_version": 4,
[1,1]<stdout>:  "head_dim": 128,
[1,1]<stdout>:  "hidden_act": "silu",
[1,1]<stdout>:  "hidden_size": 4096,
[1,1]<stdout>:  "initializer_range": 0.009020646889913162,
[1,1]<stdout>:  "intermediate_size": 14336,
[1,1]<stdout>:  "is_lora": false,
[1,1]<stdout>:  "max_position_embeddings": 8192,
[1,1]<stdout>:  "max_sequence_length": 4096,
[1,1]<stdout>:  "mlp_bias": false,
[1,1]<stdout>:  "model_type": "llama",
[1,1]<stdout>:  "moe_group_origin": "dummy",
[1,1]<stdout>:  "moe_rank": 0,
[1,1]<stdout>:  "moe_router_bias_update_rate": 0.0,
[1,1]<stdout>:  "moe_world_size": 1,
[1,1]<stdout>:  "num_attention_heads": 32,
[1,1]<stdout>:  "num_hidden_layers": 32,
[1,1]<stdout>:  "num_key_value_heads": 8,
[1,1]<stdout>:  "pad_token_id": 0,
[1,1]<stdout>:  "paddleformers_version": "1.1.0.post20260518",
[1,1]<stdout>:  "pipeline_model_parallel_size": 2,
[1,1]<stdout>:  "pp_seg_method": "layer:DecoderLayer|EmptyLayer",
[1,1]<stdout>:  "pretraining_tp": 1,
[1,1]<stdout>:  "recompute_granularity": "full",
[1,1]<stdout>:  "recompute_method": "uniform",
[1,1]<stdout>:  "recompute_num_layers": 1,
[1,1]<stdout>:  "rms_norm_eps": 1e-05,
[1,1]<stdout>:  "rope_parameters": {
[1,1]<stdout>:    "rope_theta": 500000.0,
[1,1]<stdout>:    "rope_type": "default"
[1,1]<stdout>:  },
[1,1]<stdout>:  "rope_scaling": null,
[1,1]<stdout>:  "rope_theta": 500000.0,
[1,1]<stdout>:  "seq_length": 4096,
[1,1]<stdout>:  "tensor_model_parallel_size": 2,
[1,1]<stdout>:  "tie_word_embeddings": false,
[1,1]<stdout>:  "torch_dtype": "float32",
[1,1]<stdout>:  "use_cache": true,
[1,1]<stdout>:  "use_fast_layer_norm": false,
[1,1]<stdout>:  "vocab_size": 128256
[1,1]<stdout>:}
[1,1]<stdout>:, layer_idx=24)
[1,1]<stdout>:[2026-05-18 17:30:28,307] [    INFO] pp_layers.py:899 - 26: DecoderLayerPipe(config=LlamaConfig {
[1,1]<stdout>:  "architectures": [
[1,1]<stdout>:    "LlamaForCausalLM"
[1,1]<stdout>:  ],
[1,1]<stdout>:  "attention_bias": false,
[1,1]<stdout>:  "attention_dropout": 0.0,
[1,1]<stdout>:  "bos_token_id": 128000,
[1,1]<stdout>:  "enable_auto_parallel": false,
[1,1]<stdout>:  "eos_token_id": 128001,
[1,1]<stdout>:  "fa_version": 4,
[1,1]<stdout>:  "head_dim": 128,
[1,1]<stdout>:  "hidden_act": "silu",
[1,1]<stdout>:  "hidden_size": 4096,
[1,1]<stdout>:  "initializer_range": 0.009020646889913162,
[1,1]<stdout>:  "intermediate_size": 14336,
[1,1]<stdout>:  "is_lora": false,
[1,1]<stdout>:  "max_position_embeddings": 8192,
[1,1]<stdout>:  "max_sequence_length": 4096,
[1,1]<stdout>:  "mlp_bias": false,
[1,1]<stdout>:  "model_type": "llama",
[1,1]<stdout>:  "moe_group_origin": "dummy",
[1,1]<stdout>:  "moe_rank": 0,
[1,1]<stdout>:  "moe_router_bias_update_rate": 0.0,
[1,1]<stdout>:  "moe_world_size": 1,
[1,1]<stdout>:  "num_attention_heads": 32,
[1,1]<stdout>:  "num_hidden_layers": 32,
[1,1]<stdout>:  "num_key_value_heads": 8,
[1,1]<stdout>:  "pad_token_id": 0,
[1,1]<stdout>:  "paddleformers_version": "1.1.0.post20260518",
[1,1]<stdout>:  "pipeline_model_parallel_size": 2,
[1,1]<stdout>:  "pp_seg_method": "layer:DecoderLayer|EmptyLayer",
[1,1]<stdout>:  "pretraining_tp": 1,
[1,1]<stdout>:  "recompute_granularity": "full",
[1,1]<stdout>:  "recompute_method": "uniform",
[1,1]<stdout>:  "recompute_num_layers": 1,
[1,1]<stdout>:  "rms_norm_eps": 1e-05,
[1,1]<stdout>:  "rope_parameters": {
[1,1]<stdout>:    "rope_theta": 500000.0,
[1,1]<stdout>:    "rope_type": "default"
[1,0]<stdout>:  },
[1,0]<stdout>:  "rope_scaling": null,
[1,0]<stdout>:  "rope_theta": 500000.0,
[1,0]<stdout>:  "seq_length": 4096,
[1,0]<stdout>:  "tensor_model_parallel_size": 2,
[1,0]<stdout>:  "tie_word_embeddings": false,
[1,0]<stdout>:  "torch_dtype": "float32",
[1,0]<stdout>:  "use_cache": true,
[1,0]<stdout>:  "use_fast_layer_norm": false,
[1,0]<stdout>:  "vocab_size": 128256
[1,0]<stdout>:}
[1,0]<stdout>:, layer_idx=25)
[1,0]<stdout>:[2026-05-18 17:30:28,285] [    INFO] pp_layers.py:899 - 27: DecoderLayerPipe(config=LlamaConfig {
[1,0]<stdout>:  "architectures": [
[1,0]<stdout>:    "LlamaForCausalLM"
[1,0]<stdout>:  ],
[1,0]<stdout>:  "attention_bias": false,
[1,0]<stdout>:  "attention_dropout": 0.0,
[1,0]<stdout>:  "bos_token_id": 128000,
[1,0]<stdout>:  "enable_auto_parallel": false,
[1,0]<stdout>:  "eos_token_id": 128001,
[1,0]<stdout>:  "fa_version": 4,
[1,0]<stdout>:  "head_dim": 128,
[1,0]<stdout>:  "hidden_act": "silu",
[1,0]<stdout>:  "hidden_size": 4096,
[1,0]<stdout>:  "initializer_range": 0.009020646889913162,
[1,0]<stdout>:  "intermediate_size": 14336,
[1,0]<stdout>:  "is_lora": false,
[1,0]<stdout>:  "max_position_embeddings": 8192,
[1,0]<stdout>:  "max_sequence_length": 4096,
[1,0]<stdout>:  "mlp_bias": false,
[1,0]<stdout>:  "model_type": "llama",
[1,0]<stdout>:  "moe_group_origin": "dummy",
[1,0]<stdout>:  "moe_rank": 0,
[1,0]<stdout>:  "moe_router_bias_update_rate": 0.0,
[1,0]<stdout>:  "moe_world_size": 1,
[1,0]<stdout>:  "num_attention_heads": 32,
[1,0]<stdout>:  "num_hidden_layers": 32,
[1,0]<stdout>:  "num_key_value_heads": 8,
[1,0]<stdout>:  "pad_token_id": 0,
[1,0]<stdout>:  "paddleformers_version": "1.1.0.post20260518",
[1,0]<stdout>:  "pipeline_model_parallel_size": 2,
[1,0]<stdout>:  "pp_seg_method": "layer:DecoderLayer|EmptyLayer",
[1,0]<stdout>:  "pretraining_tp": 1,
[1,0]<stdout>:  "recompute_granularity": "full",
[1,0]<stdout>:  "recompute_method": "uniform",
[1,0]<stdout>:  "recompute_num_layers": 1,
[1,0]<stdout>:  "rms_norm_eps": 1e-05,
[1,0]<stdout>:  "rope_parameters": {
[1,0]<stdout>:    "rope_theta": 500000.0,
[1,0]<stdout>:    "rope_type": "default"
[1,0]<stdout>:  },
[1,0]<stdout>:  "rope_scaling": null,
[1,0]<stdout>:  "rope_theta": 500000.0,
[1,0]<stdout>:  "seq_length": 4096,
[1,0]<stdout>:  "tensor_model_parallel_size": 2,
[1,0]<stdout>:  "tie_word_embeddings": false,
[1,0]<stdout>:  "torch_dtype": "float32",
[1,0]<stdout>:  "use_cache": true,
[1,0]<stdout>:  "use_fast_layer_norm": false,
[1,0]<stdout>:  "vocab_size": 128256
[1,0]<stdout>:}
[1,0]<stdout>:, layer_idx=26)
[1,0]<stdout>:[2026-05-18 17:30:28,286] [    INFO] pp_layers.py:899 - 28: DecoderLayerPipe(config=LlamaConfig {
[1,0]<stdout>:  "architectures": [
[1,0]<stdout>:    "LlamaForCausalLM"
[1,0]<stdout>:  ],
[1,0]<stdout>:  "attention_bias": false,
[1,0]<stdout>:  "attention_dropout": 0.0,
[1,0]<stdout>:  "bos_token_id": 128000,
[1,0]<stdout>:  "enable_auto_parallel": false,
[1,0]<stdout>:  "eos_token_id": 128001,
[1,0]<stdout>:  "fa_version": 4,
[1,0]<stdout>:  "head_dim": 128,
[1,0]<stdout>:  "hidden_act": "silu",
[1,0]<stdout>:  "hidden_size": 4096,
[1,0]<stdout>:  "initializer_range": 0.009020646889913162,
[1,0]<stdout>:  "intermediate_size": 14336,
[1,0]<stdout>:  "is_lora": false,
[1,0]<stdout>:  "max_position_embeddings": 8192,
[1,0]<stdout>:  "max_sequence_length": 4096,
[1,0]<stdout>:  "mlp_bias": false,
[1,0]<stdout>:  "model_type": "llama",
[1,0]<stdout>:  "moe_group_origin": "dummy",
[1,0]<stdout>:  "moe_rank": 0,
[1,0]<stdout>:  "moe_router_bias_update_rate": 0.0,
[1,0]<stdout>:  "moe_world_size": 1,
[1,0]<stdout>:  "num_attention_heads": 32,
[1,0]<stdout>:  "num_hidden_layers": 32,
[1,0]<stdout>:  "num_key_value_heads": 8,
[1,0]<stdout>:  "pad_token_id": 0,
[1,0]<stdout>:  "paddleformers_version": "1.1.0.post20260518",
[1,0]<stdout>:  "pipeline_model_parallel_size": 2,
[1,0]<stdout>:  "pp_seg_method": "layer:DecoderLayer|EmptyLayer",
[1,0]<stdout>:  "pretraining_tp": 1,
[1,0]<stdout>:  "recompute_granularity": "full",
[1,0]<stdout>:  "recompute_method": "uniform",
[1,0]<stdout>:  "recompute_num_layers": 1,
[1,0]<stdout>:  "rms_norm_eps": 1e-05,
[1,0]<stdout>:  "rope_parameters": {
[1,0]<stdout>:    "rope_theta": 500000.0,
[1,0]<stdout>:    "rope_type": "default"
[1,0]<stdout>:  },
[1,0]<stdout>:  "rope_scaling": null,
[1,0]<stdout>:  "rope_theta": 500000.0,
[1,0]<stdout>:  "seq_length": 4096,
[1,0]<stdout>:  "tensor_model_parallel_size": 2,
[1,0]<stdout>:  "tie_word_embeddings": false,
[1,0]<stdout>:  "torch_dtype": "float32",
[1,0]<stdout>:  "use_cache": true,
[1,0]<stdout>:  "use_fast_layer_norm": false,
[1,0]<stdout>:  "vocab_size": 128256
[1,0]<stdout>:}
[1,0]<stdout>:, layer_idx=27)
[1,0]<stdout>:[2026-05-18 17:30:28,286] [    INFO] pp_layers.py:899 - 29: DecoderLayerPipe(config=LlamaConfig {
[1,0]<stdout>:  "architectures": [
[1,0]<stdout>:    "LlamaForCausalLM"
[1,0]<stdout>:  ],
[1,0]<stdout>:  "attention_bias": false,
[1,0]<stdout>:  "attention_dropout": 0.0,
[1,0]<stdout>:  "bos_token_id": 128000,
[1,0]<stdout>:  "enable_auto_parallel": false,
[1,0]<stdout>:  "eos_token_id": 128001,
[1,0]<stdout>:  "fa_version": 4,
[1,0]<stdout>:  "head_dim": 128,
[1,0]<stdout>:  "hidden_act": "silu",
[1,0]<stdout>:  "hidden_size": 4096,
[1,0]<stdout>:  "initializer_range": 0.009020646889913162,
[1,0]<stdout>:  "intermediate_size": 14336,
[1,0]<stdout>:  "is_lora": false,
[1,0]<stdout>:  "max_position_embeddings": 8192,
[1,0]<stdout>:  "max_sequence_length": 4096,
[1,0]<stdout>:  "mlp_bias": false,
[1,0]<stdout>:  "model_type": "llama",
[1,0]<stdout>:  "moe_group_origin": "dummy",
[1,0]<stdout>:  "moe_rank": 0,
[1,0]<stdout>:  "moe_router_bias_update_rate": 0.0,
[1,0]<stdout>:  "moe_world_size": 1,
[1,0]<stdout>:  "num_attention_heads": 32,
[1,0]<stdout>:  "num_hidden_layers": 32,
[1,0]<stdout>:  "num_key_value_heads": 8,
[1,0]<stdout>:  "pad_token_id": 0,
[1,0]<stdout>:  "paddleformers_version": "1.1.0.post20260518",
[1,0]<stdout>:  "pipeline_model_parallel_size": 2,
[1,0]<stdout>:  "pp_seg_method": "layer:DecoderLayer|EmptyLayer",
[1,0]<stdout>:  "pretraining_tp": 1,
[1,0]<stdout>:  "recompute_granularity": "full",
[1,0]<stdout>:  "recompute_method": "uniform",
[1,0]<stdout>:  "recompute_num_layers": 1,
[1,0]<stdout>:  "rms_norm_eps": 1e-05,
[1,0]<stdout>:  "rope_parameters": {
[1,0]<stdout>:    "rope_theta": 500000.0,
[1,0]<stdout>:    "rope_type": "default"
[1,0]<stdout>:  },
[1,0]<stdout>:  "rope_scaling": null,
[1,0]<stdout>:  "rope_theta": 500000.0,
[1,0]<stdout>:  "seq_length": 4096,
[1,0]<stdout>:  "tensor_model_parallel_size": 2,
[1,0]<stdout>:  "tie_word_embeddings": false,
[1,0]<stdout>:  "torch_dtype": "float32",
[1,0]<stdout>:  "use_cache": true,
[1,0]<stdout>:  "use_fast_layer_norm": false,
[1,0]<stdout>:  "vocab_size": 128256
[1,0]<stdout>:}
[1,0]<stdout>:, layer_idx=28)
[1,0]<stdout>:[2026-05-18 17:30:28,287] [    INFO] pp_layers.py:899 - 30: DecoderLayerPipe(config=LlamaConfig {
[1,0]<stdout>:  "architectures": [
[1,0]<stdout>:    "LlamaForCausalLM"
[1,0]<stdout>:  ],
[1,0]<stdout>:  "attention_bias": false,
[1,0]<stdout>:  "attention_dropout": 0.0,
[1,0]<stdout>:  "bos_token_id": 128000,
[1,0]<stdout>:  "enable_auto_parallel": false,
[1,0]<stdout>:  "eos_token_id": 128001,
[1,0]<stdout>:  "fa_version": 4,
[1,0]<stdout>:  "head_dim": 128,
[1,0]<stdout>:  "hidden_act": "silu",
[1,0]<stdout>:  "hidden_size": 4096,
[1,0]<stdout>:  "initializer_range": 0.009020646889913162,
[1,0]<stdout>:  "intermediate_size": 14336,
[1,0]<stdout>:  "is_lora": false,
[1,0]<stdout>:  "max_position_embeddings": 8192,
[1,0]<stdout>:  "max_sequence_length": 4096,
[1,0]<stdout>:  "mlp_bias": false,
[1,0]<stdout>:  "model_type": "llama",
[1,0]<stdout>:  "moe_group_origin": "dummy",
[1,0]<stdout>:  "moe_rank": 0,
[1,0]<stdout>:  "moe_router_bias_update_rate": 0.0,
[1,0]<stdout>:  "moe_world_size": 1,
[1,0]<stdout>:  "num_attention_heads": 32,
[1,0]<stdout>:  "num_hidden_layers": 32,
[1,0]<stdout>:  "num_key_value_heads": 8,
[1,0]<stdout>:  "pad_token_id": 0,
[1,0]<stdout>:  "paddleformers_version": "1.1.0.post20260518",
[1,0]<stdout>:  "pipeline_model_parallel_size": 2,
[1,0]<stdout>:  "pp_seg_method": "layer:DecoderLayer|EmptyLayer",
[1,0]<stdout>:  "pretraining_tp": 1,
[1,0]<stdout>:  "recompute_granularity": "full",
[1,0]<stdout>:  "recompute_method": "uniform",
[1,0]<stdout>:  "recompute_num_layers": 1,
[1,0]<stdout>:  "rms_norm_eps": 1e-05,
[1,0]<stdout>:  "rope_parameters": {
[1,0]<stdout>:    "rope_theta": 500000.0,
[1,0]<stdout>:    "rope_type": "default"
[1,0]<stdout>:  },
[1,0]<stdout>:  "rope_scaling": null,
[1,0]<stdout>:  "rope_theta": 500000.0,
[1,0]<stdout>:  "seq_length": 4096,
[1,0]<stdout>:  "tensor_model_parallel_size": 2,
[1,0]<stdout>:  "tie_word_embeddings": false,
[1,0]<stdout>:  "torch_dtype": "float32",
[1,0]<stdout>:  "use_cache": true,
[1,0]<stdout>:  "use_fast_layer_norm": false,
[1,0]<stdout>:  "vocab_size": 128256
[1,0]<stdout>:}
[1,0]<stdout>:, layer_idx=29)
[1,0]<stdout>:[2026-05-18 17:30:28,288] [    INFO] pp_layers.py:899 - 31: DecoderLayerPipe(config=LlamaConfig {
[1,0]<stdout>:  "architectures": [
[1,0]<stdout>:    "LlamaForCausalLM"
[1,0]<stdout>:  ],
[1,0]<stdout>:  "attention_bias": false,
[1,0]<stdout>:  "attention_dropout": 0.0,
[1,0]<stdout>:  "bos_token_id": 128000,
[1,0]<stdout>:  "enable_auto_parallel": false,
[1,0]<stdout>:  "eos_token_id": 128001,
[1,0]<stdout>:  "fa_version": 4,
[1,0]<stdout>:  "head_dim": 128,
[1,0]<stdout>:  "hidden_act": "silu",
[1,0]<stdout>:  "hidden_size": 4096,
[1,0]<stdout>:  "initializer_range": 0.009020646889913162,
[1,0]<stdout>:  "intermediate_size": 14336,
[1,0]<stdout>:  "is_lora": false,
[1,0]<stdout>:  "max_position_embeddings": 8192,
[1,0]<stdout>:  "max_sequence_length": 4096,
[1,0]<stdout>:  "mlp_bias": false,
[1,0]<stdout>:  "model_type": "llama",
[1,0]<stdout>:  "moe_group_origin": "dummy",
[1,0]<stdout>:  "moe_rank": 0,
[1,0]<stdout>:  "moe_router_bias_update_rate": 0.0,
[1,0]<stdout>:  "moe_world_size": 1,
[1,0]<stdout>:  "num_attention_heads": 32,
[1,0]<stdout>:  "num_hidden_layers": 32,
[1,0]<stdout>:  "num_key_value_heads": 8,
[1,0]<stdout>:  "pad_token_id": 0,
[1,0]<stdout>:  "paddleformers_version": "1.1.0.post20260518",
[1,0]<stdout>:  "pipeline_model_parallel_size": 2,
[1,0]<stdout>:  "pp_seg_method": "layer:DecoderLayer|EmptyLayer",
[1,0]<stdout>:  "pretraining_tp": 1,
[1,0]<stdout>:  "recompute_granularity": "full",
[1,0]<stdout>:  "recompute_method": "uniform",
[1,0]<stdout>:  "recompute_num_layers": 1,
[1,0]<stdout>:  "rms_norm_eps": 1e-05,
[1,0]<stdout>:  "rope_parameters": {
[1,0]<stdout>:    "rope_theta": 500000.0,
[1,0]<stdout>:    "rope_type": "default"
[1,0]<stdout>:  },
[1,0]<stdout>:  "rope_scaling": null,
[1,0]<stdout>:  "rope_theta": 500000.0,
[1,0]<stdout>:  "seq_length": 4096,
[1,0]<stdout>:  "tensor_model_parallel_size": 2,
[1,0]<stdout>:  "tie_word_embeddings": false,
[1,0]<stdout>:  "torch_dtype": "float32",
[1,0]<stdout>:  "use_cache": true,
[1,0]<stdout>:  "use_fast_layer_norm": false,
[1,0]<stdout>:  "vocab_size": 128256
[1,0]<stdout>:}
[1,0]<stdout>:, layer_idx=30)
[1,0]<stdout>:[2026-05-18 17:30:28,289] [    INFO] pp_layers.py:899 - 32: DecoderLayerPipe(config=LlamaConfig {
[1,0]<stdout>:  "architectures": [
[1,0]<stdout>:    "LlamaForCausalLM"
[1,0]<stdout>:  ],
[1,0]<stdout>:  "attention_bias": false,
[1,0]<stdout>:  "attention_dropout": 0.0,
[1,0]<stdout>:  "bos_token_id": 128000,
[1,0]<stdout>:  "enable_auto_parallel": false,
[1,0]<stdout>:  "eos_token_id": 128001,
[1,0]<stdout>:  "fa_version": 4,
[1,0]<stdout>:  "head_dim": 128,
[1,0]<stdout>:  "hidden_act": "silu",
[1,0]<stdout>:  "hidden_size": 4096,
[1,0]<stdout>:  "initializer_range": 0.009020646889913162,
[1,0]<stdout>:  "intermediate_size": 14336,
[1,0]<stdout>:  "is_lora": false,
[1,0]<stdout>:  "max_position_embeddings": 8192,
[1,0]<stdout>:  "max_sequence_length": 4096,
[1,0]<stdout>:  "mlp_bias": false,
[1,0]<stdout>:  "model_type": "llama",
[1,0]<stdout>:  "moe_group_origin": "dummy",
[1,0]<stdout>:  "moe_rank": 0,
[1,0]<stdout>:  "moe_router_bias_update_rate": 0.0,
[1,0]<stdout>:  "moe_world_size": 1,
[1,0]<stdout>:  "num_attention_heads": 32,
[1,0]<stdout>:  "num_hidden_layers": 32,
[1,0]<stdout>:  "num_key_value_heads": 8,
[1,0]<stdout>:  "pad_token_id": 0,
[1,0]<stdout>:  "paddleformers_version": "1.1.0.post20260518",
[1,0]<stdout>:  "pipeline_model_parallel_size": 2,
[1,0]<stdout>:  "pp_seg_method": "layer:DecoderLayer|EmptyLayer",
[1,0]<stdout>:  "pretraining_tp": 1,
[1,0]<stdout>:  "recompute_granularity": "full",
[1,0]<stdout>:  "recompute_method": "uniform",
[1,0]<stdout>:  "recompute_num_layers": 1,
[1,0]<stdout>:  "rms_norm_eps": 1e-05,
[1,0]<stdout>:  "rope_parameters": {
[1,0]<stdout>:    "rope_theta": 500000.0,
[1,0]<stdout>:    "rope_type": "default"
[1,0]<stdout>:  },
[1,0]<stdout>:  "rope_scaling": null,
[1,0]<stdout>:  "rope_theta": 500000.0,
[1,0]<stdout>:  "seq_length": 4096,
[1,0]<stdout>:  "tensor_model_parallel_size": 2,
[1,0]<stdout>:  "tie_word_embeddings": false,
[1,0]<stdout>:  "torch_dtype": "float32",
[1,0]<stdout>:  "use_cache": true,
[1,0]<stdout>:  "use_fast_layer_norm": false,
[1,0]<stdout>:  "vocab_size": 128256
[1,0]<stdout>:}
[1,0]<stdout>:, layer_idx=31)
[1,0]<stdout>:[2026-05-18 17:30:28,289] [    INFO] pp_layers.py:899 - 33: RMSNormPipe(config=LlamaConfig {
[1,0]<stdout>:  "architectures": [
[1,0]<stdout>:    "LlamaForCausalLM"
[1,0]<stdout>:  ],
[1,0]<stdout>:  "attention_bias": false,
[1,0]<stdout>:  "attention_dropout": 0.0,
[1,0]<stdout>:  "bos_token_id": 128000,
[1,0]<stdout>:  "enable_auto_parallel": false,
[1,0]<stdout>:  "eos_token_id": 128001,
[1,0]<stdout>:  "fa_version": 4,
[1,0]<stdout>:  "head_dim": 128,
[1,0]<stdout>:  "hidden_act": "silu",
[1,0]<stdout>:  "hidden_size": 4096,
[1,0]<stdout>:  "initializer_range": 0.009020646889913162,
[1,0]<stdout>:  "intermediate_size": 14336,
[1,0]<stdout>:  "is_lora": false,
[1,0]<stdout>:  "max_position_embeddings": 8192,
[1,0]<stdout>:  "max_sequence_length": 4096,
[1,0]<stdout>:  "mlp_bias": false,
[1,0]<stdout>:  "model_type": "llama",
[1,0]<stdout>:  "moe_group_origin": "dummy",
[1,0]<stdout>:  "moe_rank": 0,
[1,0]<stdout>:  "moe_router_bias_update_rate": 0.0,
[1,0]<stdout>:  "moe_world_size": 1,
[1,0]<stdout>:  "num_attention_heads": 32,
[1,0]<stdout>:  "num_hidden_layers": 32,
[1,0]<stdout>:  "num_key_value_heads": 8,
[1,0]<stdout>:  "pad_token_id": 0,
[1,0]<stdout>:  "paddleformers_version": "1.1.0.post20260518",
[1,0]<stdout>:  "pipeline_model_parallel_size": 2,
[1,0]<stdout>:  "pp_seg_method": "layer:DecoderLayer|EmptyLayer",
[1,0]<stdout>:  "pretraining_tp": 1,
[1,0]<stdout>:  "recompute_granularity": "full",
[1,0]<stdout>:  "recompute_method": "uniform",
[1,0]<stdout>:  "recompute_num_layers": 1,
[1,0]<stdout>:  "rms_norm_eps": 1e-05,
[1,0]<stdout>:  "rope_parameters": {
[1,0]<stdout>:    "rope_theta": 500000.0,
[1,0]<stdout>:    "rope_type": "default"
[1,0]<stdout>:  },
[1,0]<stdout>:  "rope_scaling": null,
[1,0]<stdout>:  "rope_theta": 500000.0,
[1,0]<stdout>:  "seq_length": 4096,
[1,0]<stdout>:  "tensor_model_parallel_size": 2,
[1,0]<stdout>:  "tie_word_embeddings": false,
[1,0]<stdout>:  "torch_dtype": "float32",
[1,0]<stdout>:  "use_cache": true,
[1,0]<stdout>:  "use_fast_layer_norm": false,
[1,0]<stdout>:  "vocab_size": 128256
[1,0]<stdout>:}
[1,0]<stdout>:)
[1,0]<stdout>:[2026-05-18 17:30:28,290] [    INFO] pp_layers.py:899 - 34: LMHeadPipe(config=LlamaConfig {
[1,0]<stdout>:  "architectures": [
[1,0]<stdout>:    "LlamaForCausalLM"
[1,0]<stdout>:  ],
[1,0]<stdout>:  "attention_bias": false,
[1,0]<stdout>:  "attention_dropout": 0.0,
[1,0]<stdout>:  "bos_token_id": 128000,
[1,0]<stdout>:  "enable_auto_parallel": false,
[1,0]<stdout>:  "eos_token_id": 128001,
[1,0]<stdout>:  "fa_version": 4,
[1,0]<stdout>:  "head_dim": 128,
[1,0]<stdout>:  "hidden_act": "silu",
[1,0]<stdout>:  "hidden_size": 4096,
[1,0]<stdout>:  "initializer_range": 0.009020646889913162,
[1,0]<stdout>:  "intermediate_size": 14336,
[1,0]<stdout>:  "is_lora": false,
[1,0]<stdout>:  "max_position_embeddings": 8192,
[1,0]<stdout>:  "max_sequence_length": 4096,
[1,0]<stdout>:  "mlp_bias": false,
[1,0]<stdout>:  "model_type": "llama",
[1,0]<stdout>:  "moe_group_origin": "dummy",
[1,0]<stdout>:  "moe_rank": 0,
[1,0]<stdout>:  "moe_router_bias_update_rate": 0.0,
[1,0]<stdout>:  "moe_world_size": 1,
[1,0]<stdout>:  "num_attention_heads": 32,
[1,0]<stdout>:  "num_hidden_layers": 32,
[1,0]<stdout>:  "num_key_value_heads": 8,
[1,0]<stdout>:  "pad_token_id": 0,
[1,0]<stdout>:  "paddleformers_version": "1.1.0.post20260518",
[1,0]<stdout>:  "pipeline_model_parallel_size": 2,
[1,0]<stdout>:  "pp_seg_method": "layer:DecoderLayer|EmptyLayer",
[1,0]<stdout>:  "pretraining_tp": 1,
[1,0]<stdout>:  "recompute_granularity": "full",
[1,0]<stdout>:  "recompute_method": "uniform",
[1,0]<stdout>:  "recompute_num_layers": 1,
[1,0]<stdout>:  "rms_norm_eps": 1e-05,
[1,0]<stdout>:  "rope_parameters": {
[1,0]<stdout>:    "rope_theta": 500000.0,
[1,0]<stdout>:    "rope_type": "default"
[1,0]<stdout>:  },
[1,0]<stdout>:  "rope_scaling": null,
[1,0]<stdout>:  "rope_theta": 500000.0,
[1,0]<stdout>:  "seq_length": 4096,
[1,0]<stdout>:  "tensor_model_parallel_size": 2,
[1,0]<stdout>:  "tie_word_embeddings": false,
[1,0]<stdout>:  "torch_dtype": "float32",
[1,0]<stdout>:  "use_cache": true,
[1,0]<stdout>:  "use_fast_layer_norm": false,
[1,0]<stdout>:  "vocab_size": 128256
[1,0]<stdout>:}
[1,0]<stdout>:)
[1,0]<stdout>:[2026-05-18 17:30:28,290] [    INFO] pp_layers.py:921 - loss: CriterionLayerPipe
[1,0]<stdout>:[2026-05-18 17:30:28,349] [    INFO] pp_layers.py:978 - flush 17 of layers into run_function
[1,0]<stdout>:/root/paddlejob/share-storage/gpfs/system-public/liuyi39/hygon_2030/py312/lib/python3.12/site-packages/paddle/distributed/fleet/meta_parallel/parallel_layers/pp_layers.py:674: UserWarning: No shared comm will be constructed, this may happen when all shared attrs are on a same stage.
[1,0]<stdout>:  warnings.warn(
[1,0]<stdout>:[32m[2026-05-18 17:30:28,352] [    INFO][0m - Using download source: huggingface[0m
[1,0]<stdout>:[32m[2026-05-18 17:30:29,152] [    INFO][0m - Loading configuration file ./models/Llama-3-8b/config.json[0m
[1,0]<stdout>:[32m[2026-05-18 17:30:29,154] [    INFO][0m - Using download source: huggingface[0m
[1,0]<stdout>:[33m[2026-05-18 17:30:29,957] [ WARNING][0m - `template` was not specified, use `empty` template.[0m
[1,0]<stdout>:[33m[2026-05-18 17:30:29,959] [ WARNING][0m - suffix is not specified, using eos token as suffix.[0m
[1,0]<stdout>: > building dataset index ...
[1,0]<stdout>:    reading sizes...
[1,0]<stdout>:    reading pointers...
[1,0]<stdout>:    reading document index...
[1,0]<stdout>:    creating numpy buffer of mmap...
[1,0]<stdout>:    creating memory view of numpy buffer...
[1,0]<stdout>: > finished creating indexed dataset in 0.002095 seconds
[1,0]<stdout>:    number of documents: 100000
[1,0]<stdout>: > dataset split:
[1,0]<stdout>:    train:
[1,0]<stdout>:     document indices in [0, 99000) total of 99000 documents
[1,0]<stdout>:    validation:
[1,0]<stdout>:     document indices in [99000, 100000) total of 1000 documents
[1,0]<stdout>:    test:
[1,0]<stdout>:     document indices in [100000, 100000) total of 0 documents
[1,0]<stdout>:W0518 17:30:29.963709 1280729 nccl_comm_context.cc:70] ncclCommInitRankConfigMemOpt is not supported.
[1,1]<stdout>:  },
[1,1]<stdout>:  "rope_scaling": null,
[1,1]<stdout>:  "rope_theta": 500000.0,
[1,1]<stdout>:  "seq_length": 4096,
[1,1]<stdout>:  "tensor_model_parallel_size": 2,
[1,1]<stdout>:  "tie_word_embeddings": false,
[1,1]<stdout>:  "torch_dtype": "float32",
[1,1]<stdout>:  "use_cache": true,
[1,1]<stdout>:  "use_fast_layer_norm": false,
[1,1]<stdout>:  "vocab_size": 128256
[1,1]<stdout>:}
[1,1]<stdout>:, layer_idx=25)
[1,1]<stdout>:[2026-05-18 17:30:28,307] [    INFO] pp_layers.py:899 - 27: DecoderLayerPipe(config=LlamaConfig {
[1,1]<stdout>:  "architectures": [
[1,1]<stdout>:    "LlamaForCausalLM"
[1,1]<stdout>:  ],
[1,1]<stdout>:  "attention_bias": false,
[1,1]<stdout>:  "attention_dropout": 0.0,
[1,1]<stdout>:  "bos_token_id": 128000,
[1,1]<stdout>:  "enable_auto_parallel": false,
[1,1]<stdout>:  "eos_token_id": 128001,
[1,1]<stdout>:  "fa_version": 4,
[1,1]<stdout>:  "head_dim": 128,
[1,1]<stdout>:  "hidden_act": "silu",
[1,1]<stdout>:  "hidden_size": 4096,
[1,1]<stdout>:  "initializer_range": 0.009020646889913162,
[1,1]<stdout>:  "intermediate_size": 14336,
[1,1]<stdout>:  "is_lora": false,
[1,1]<stdout>:  "max_position_embeddings": 8192,
[1,1]<stdout>:  "max_sequence_length": 4096,
[1,1]<stdout>:  "mlp_bias": false,
[1,1]<stdout>:  "model_type": "llama",
[1,1]<stdout>:  "moe_group_origin": "dummy",
[1,1]<stdout>:  "moe_rank": 0,
[1,1]<stdout>:  "moe_router_bias_update_rate": 0.0,
[1,1]<stdout>:  "moe_world_size": 1,
[1,1]<stdout>:  "num_attention_heads": 32,
[1,1]<stdout>:  "num_hidden_layers": 32,
[1,1]<stdout>:  "num_key_value_heads": 8,
[1,1]<stdout>:  "pad_token_id": 0,
[1,1]<stdout>:  "paddleformers_version": "1.1.0.post20260518",
[1,1]<stdout>:  "pipeline_model_parallel_size": 2,
[1,1]<stdout>:  "pp_seg_method": "layer:DecoderLayer|EmptyLayer",
[1,1]<stdout>:  "pretraining_tp": 1,
[1,1]<stdout>:  "recompute_granularity": "full",
[1,1]<stdout>:  "recompute_method": "uniform",
[1,1]<stdout>:  "recompute_num_layers": 1,
[1,1]<stdout>:  "rms_norm_eps": 1e-05,
[1,1]<stdout>:  "rope_parameters": {
[1,1]<stdout>:    "rope_theta": 500000.0,
[1,1]<stdout>:    "rope_type": "default"
[1,1]<stdout>:  },
[1,1]<stdout>:  "rope_scaling": null,
[1,1]<stdout>:  "rope_theta": 500000.0,
[1,1]<stdout>:  "seq_length": 4096,
[1,1]<stdout>:  "tensor_model_parallel_size": 2,
[1,1]<stdout>:  "tie_word_embeddings": false,
[1,1]<stdout>:  "torch_dtype": "float32",
[1,1]<stdout>:  "use_cache": true,
[1,1]<stdout>:  "use_fast_layer_norm": false,
[1,1]<stdout>:  "vocab_size": 128256
[1,1]<stdout>:}
[1,1]<stdout>:, layer_idx=26)
[1,1]<stdout>:[2026-05-18 17:30:28,308] [    INFO] pp_layers.py:899 - 28: DecoderLayerPipe(config=LlamaConfig {
[1,1]<stdout>:  "architectures": [
[1,1]<stdout>:    "LlamaForCausalLM"
[1,1]<stdout>:  ],
[1,1]<stdout>:  "attention_bias": false,
[1,1]<stdout>:  "attention_dropout": 0.0,
[1,1]<stdout>:  "bos_token_id": 128000,
[1,1]<stdout>:  "enable_auto_parallel": false,
[1,1]<stdout>:  "eos_token_id": 128001,
[1,1]<stdout>:  "fa_version": 4,
[1,1]<stdout>:  "head_dim": 128,
[1,1]<stdout>:  "hidden_act": "silu",
[1,1]<stdout>:  "hidden_size": 4096,
[1,1]<stdout>:  "initializer_range": 0.009020646889913162,
[1,1]<stdout>:  "intermediate_size": 14336,
[1,1]<stdout>:  "is_lora": false,
[1,1]<stdout>:  "max_position_embeddings": 8192,
[1,1]<stdout>:  "max_sequence_length": 4096,
[1,1]<stdout>:  "mlp_bias": false,
[1,1]<stdout>:  "model_type": "llama",
[1,1]<stdout>:  "moe_group_origin": "dummy",
[1,1]<stdout>:  "moe_rank": 0,
[1,1]<stdout>:  "moe_router_bias_update_rate": 0.0,
[1,1]<stdout>:  "moe_world_size": 1,
[1,1]<stdout>:  "num_attention_heads": 32,
[1,1]<stdout>:  "num_hidden_layers": 32,
[1,1]<stdout>:  "num_key_value_heads": 8,
[1,1]<stdout>:  "pad_token_id": 0,
[1,1]<stdout>:  "paddleformers_version": "1.1.0.post20260518",
[1,1]<stdout>:  "pipeline_model_parallel_size": 2,
[1,1]<stdout>:  "pp_seg_method": "layer:DecoderLayer|EmptyLayer",
[1,1]<stdout>:  "pretraining_tp": 1,
[1,1]<stdout>:  "recompute_granularity": "full",
[1,1]<stdout>:  "recompute_method": "uniform",
[1,1]<stdout>:  "recompute_num_layers": 1,
[1,1]<stdout>:  "rms_norm_eps": 1e-05,
[1,1]<stdout>:  "rope_parameters": {
[1,1]<stdout>:    "rope_theta": 500000.0,
[1,1]<stdout>:    "rope_type": "default"
[1,1]<stdout>:  },
[1,1]<stdout>:  "rope_scaling": null,
[1,1]<stdout>:  "rope_theta": 500000.0,
[1,1]<stdout>:  "seq_length": 4096,
[1,1]<stdout>:  "tensor_model_parallel_size": 2,
[1,1]<stdout>:  "tie_word_embeddings": false,
[1,1]<stdout>:  "torch_dtype": "float32",
[1,1]<stdout>:  "use_cache": true,
[1,1]<stdout>:  "use_fast_layer_norm": false,
[1,1]<stdout>:  "vocab_size": 128256
[1,1]<stdout>:}
[1,1]<stdout>:, layer_idx=27)
[1,1]<stdout>:[2026-05-18 17:30:28,309] [    INFO] pp_layers.py:899 - 29: DecoderLayerPipe(config=LlamaConfig {
[1,1]<stdout>:  "architectures": [
[1,1]<stdout>:    "LlamaForCausalLM"
[1,1]<stdout>:  ],
[1,1]<stdout>:  "attention_bias": false,
[1,1]<stdout>:  "attention_dropout": 0.0,
[1,1]<stdout>:  "bos_token_id": 128000,
[1,1]<stdout>:  "enable_auto_parallel": false,
[1,1]<stdout>:  "eos_token_id": 128001,
[1,1]<stdout>:  "fa_version": 4,
[1,1]<stdout>:  "head_dim": 128,
[1,1]<stdout>:  "hidden_act": "silu",
[1,1]<stdout>:  "hidden_size": 4096,
[1,1]<stdout>:  "initializer_range": 0.009020646889913162,
[1,1]<stdout>:  "intermediate_size": 14336,
[1,1]<stdout>:  "is_lora": false,
[1,1]<stdout>:  "max_position_embeddings": 8192,
[1,1]<stdout>:  "max_sequence_length": 4096,
[1,1]<stdout>:  "mlp_bias": false,
[1,1]<stdout>:  "model_type": "llama",
[1,1]<stdout>:  "moe_group_origin": "dummy",
[1,1]<stdout>:  "moe_rank": 0,
[1,1]<stdout>:  "moe_router_bias_update_rate": 0.0,
[1,1]<stdout>:  "moe_world_size": 1,
[1,1]<stdout>:  "num_attention_heads": 32,
[1,1]<stdout>:  "num_hidden_layers": 32,
[1,1]<stdout>:  "num_key_value_heads": 8,
[1,1]<stdout>:  "pad_token_id": 0,
[1,1]<stdout>:  "paddleformers_version": "1.1.0.post20260518",
[1,1]<stdout>:  "pipeline_model_parallel_size": 2,
[1,1]<stdout>:  "pp_seg_method": "layer:DecoderLayer|EmptyLayer",
[1,1]<stdout>:  "pretraining_tp": 1,
[1,1]<stdout>:  "recompute_granularity": "full",
[1,1]<stdout>:  "recompute_method": "uniform",
[1,1]<stdout>:  "recompute_num_layers": 1,
[1,1]<stdout>:  "rms_norm_eps": 1e-05,
[1,1]<stdout>:  "rope_parameters": {
[1,1]<stdout>:    "rope_theta": 500000.0,
[1,1]<stdout>:    "rope_type": "default"
[1,1]<stdout>:  },
[1,1]<stdout>:  "rope_scaling": null,
[1,1]<stdout>:  "rope_theta": 500000.0,
[1,1]<stdout>:  "seq_length": 4096,
[1,1]<stdout>:  "tensor_model_parallel_size": 2,
[1,1]<stdout>:  "tie_word_embeddings": false,
[1,1]<stdout>:  "torch_dtype": "float32",
[1,1]<stdout>:  "use_cache": true,
[1,1]<stdout>:  "use_fast_layer_norm": false,
[1,1]<stdout>:  "vocab_size": 128256
[1,1]<stdout>:}
[1,1]<stdout>:, layer_idx=28)
[1,1]<stdout>:[2026-05-18 17:30:28,310] [    INFO] pp_layers.py:899 - 30: DecoderLayerPipe(config=LlamaConfig {
[1,1]<stdout>:  "architectures": [
[1,1]<stdout>:    "LlamaForCausalLM"
[1,1]<stdout>:  ],
[1,1]<stdout>:  "attention_bias": false,
[1,1]<stdout>:  "attention_dropout": 0.0,
[1,1]<stdout>:  "bos_token_id": 128000,
[1,1]<stdout>:  "enable_auto_parallel": false,
[1,1]<stdout>:  "eos_token_id": 128001,
[1,1]<stdout>:  "fa_version": 4,
[1,1]<stdout>:  "head_dim": 128,
[1,1]<stdout>:  "hidden_act": "silu",
[1,1]<stdout>:  "hidden_size": 4096,
[1,1]<stdout>:  "initializer_range": 0.009020646889913162,
[1,1]<stdout>:  "intermediate_size": 14336,
[1,1]<stdout>:  "is_lora": false,
[1,1]<stdout>:  "max_position_embeddings": 8192,
[1,1]<stdout>:  "max_sequence_length": 4096,
[1,1]<stdout>:  "mlp_bias": false,
[1,1]<stdout>:  "model_type": "llama",
[1,1]<stdout>:  "moe_group_origin": "dummy",
[1,1]<stdout>:  "moe_rank": 0,
[1,1]<stdout>:  "moe_router_bias_update_rate": 0.0,
[1,1]<stdout>:  "moe_world_size": 1,
[1,1]<stdout>:  "num_attention_heads": 32,
[1,1]<stdout>:  "num_hidden_layers": 32,
[1,1]<stdout>:  "num_key_value_heads": 8,
[1,1]<stdout>:  "pad_token_id": 0,
[1,1]<stdout>:  "paddleformers_version": "1.1.0.post20260518",
[1,1]<stdout>:  "pipeline_model_parallel_size": 2,
[1,1]<stdout>:  "pp_seg_method": "layer:DecoderLayer|EmptyLayer",
[1,1]<stdout>:  "pretraining_tp": 1,
[1,1]<stdout>:  "recompute_granularity": "full",
[1,1]<stdout>:  "recompute_method": "uniform",
[1,1]<stdout>:  "recompute_num_layers": 1,
[1,1]<stdout>:  "rms_norm_eps": 1e-05,
[1,1]<stdout>:  "rope_parameters": {
[1,1]<stdout>:    "rope_theta": 500000.0,
[1,1]<stdout>:    "rope_type": "default"
[1,1]<stdout>:  },
[1,1]<stdout>:  "rope_scaling": null,
[1,1]<stdout>:  "rope_theta": 500000.0,
[1,1]<stdout>:  "seq_length": 4096,
[1,1]<stdout>:  "tensor_model_parallel_size": 2,
[1,1]<stdout>:  "tie_word_embeddings": false,
[1,1]<stdout>:  "torch_dtype": "float32",
[1,1]<stdout>:  "use_cache": true,
[1,1]<stdout>:  "use_fast_layer_norm": false,
[1,1]<stdout>:  "vocab_size": 128256
[1,1]<stdout>:}
[1,1]<stdout>:, layer_idx=29)
[1,1]<stdout>:[2026-05-18 17:30:28,310] [    INFO] pp_layers.py:899 - 31: DecoderLayerPipe(config=LlamaConfig {
[1,1]<stdout>:  "architectures": [
[1,1]<stdout>:    "LlamaForCausalLM"
[1,1]<stdout>:  ],
[1,1]<stdout>:  "attention_bias": false,
[1,1]<stdout>:  "attention_dropout": 0.0,
[1,1]<stdout>:  "bos_token_id": 128000,
[1,1]<stdout>:  "enable_auto_parallel": false,
[1,1]<stdout>:  "eos_token_id": 128001,
[1,1]<stdout>:  "fa_version": 4,
[1,1]<stdout>:  "head_dim": 128,
[1,1]<stdout>:  "hidden_act": "silu",
[1,1]<stdout>:  "hidden_size": 4096,
[1,1]<stdout>:  "initializer_range": 0.009020646889913162,
[1,1]<stdout>:  "intermediate_size": 14336,
[1,1]<stdout>:  "is_lora": false,
[1,1]<stdout>:  "max_position_embeddings": 8192,
[1,1]<stdout>:  "max_sequence_length": 4096,
[1,1]<stdout>:  "mlp_bias": false,
[1,1]<stdout>:  "model_type": "llama",
[1,1]<stdout>:  "moe_group_origin": "dummy",
[1,1]<stdout>:  "moe_rank": 0,
[1,1]<stdout>:  "moe_router_bias_update_rate": 0.0,
[1,1]<stdout>:  "moe_world_size": 1,
[1,1]<stdout>:  "num_attention_heads": 32,
[1,1]<stdout>:  "num_hidden_layers": 32,
[1,1]<stdout>:  "num_key_value_heads": 8,
[1,1]<stdout>:  "pad_token_id": 0,
[1,1]<stdout>:  "paddleformers_version": "1.1.0.post20260518",
[1,1]<stdout>:  "pipeline_model_parallel_size": 2,
[1,1]<stdout>:  "pp_seg_method": "layer:DecoderLayer|EmptyLayer",
[1,1]<stdout>:  "pretraining_tp": 1,
[1,1]<stdout>:  "recompute_granularity": "full",
[1,1]<stdout>:  "recompute_method": "uniform",
[1,1]<stdout>:  "recompute_num_layers": 1,
[1,1]<stdout>:  "rms_norm_eps": 1e-05,
[1,1]<stdout>:  "rope_parameters": {
[1,1]<stdout>:    "rope_theta": 500000.0,
[1,1]<stdout>:    "rope_type": "default"
[1,1]<stdout>:  },
[1,1]<stdout>:  "rope_scaling": null,
[1,1]<stdout>:  "rope_theta": 500000.0,
[1,1]<stdout>:  "seq_length": 4096,
[1,1]<stdout>:  "tensor_model_parallel_size": 2,
[1,1]<stdout>:  "tie_word_embeddings": false,
[1,1]<stdout>:  "torch_dtype": "float32",
[1,1]<stdout>:  "use_cache": true,
[1,1]<stdout>:  "use_fast_layer_norm": false,
[1,1]<stdout>:  "vocab_size": 128256
[1,1]<stdout>:}
[1,1]<stdout>:, layer_idx=30)
[1,1]<stdout>:[2026-05-18 17:30:28,311] [    INFO] pp_layers.py:899 - 32: DecoderLayerPipe(config=LlamaConfig {
[1,1]<stdout>:  "architectures": [
[1,1]<stdout>:    "LlamaForCausalLM"
[1,1]<stdout>:  ],
[1,1]<stdout>:  "attention_bias": false,
[1,1]<stdout>:  "attention_dropout": 0.0,
[1,1]<stdout>:  "bos_token_id": 128000,
[1,1]<stdout>:  "enable_auto_parallel": false,
[1,1]<stdout>:  "eos_token_id": 128001,
[1,1]<stdout>:  "fa_version": 4,
[1,1]<stdout>:  "head_dim": 128,
[1,1]<stdout>:  "hidden_act": "silu",
[1,1]<stdout>:  "hidden_size": 4096,
[1,1]<stdout>:  "initializer_range": 0.009020646889913162,
[1,1]<stdout>:  "intermediate_size": 14336,
[1,1]<stdout>:  "is_lora": false,
[1,1]<stdout>:  "max_position_embeddings": 8192,
[1,1]<stdout>:  "max_sequence_length": 4096,
[1,1]<stdout>:  "mlp_bias": false,
[1,1]<stdout>:  "model_type": "llama",
[1,1]<stdout>:  "moe_group_origin": "dummy",
[1,1]<stdout>:  "moe_rank": 0,
[1,1]<stdout>:  "moe_router_bias_update_rate": 0.0,
[1,1]<stdout>:  "moe_world_size": 1,
[1,1]<stdout>:  "num_attention_heads": 32,
[1,1]<stdout>:  "num_hidden_layers": 32,
[1,1]<stdout>:  "num_key_value_heads": 8,
[1,1]<stdout>:  "pad_token_id": 0,
[1,1]<stdout>:  "paddleformers_version": "1.1.0.post20260518",
[1,1]<stdout>:  "pipeline_model_parallel_size": 2,
[1,1]<stdout>:  "pp_seg_method": "layer:DecoderLayer|EmptyLayer",
[1,1]<stdout>:  "pretraining_tp": 1,
[1,1]<stdout>:  "recompute_granularity": "full",
[1,1]<stdout>:  "recompute_method": "uniform",
[1,1]<stdout>:  "recompute_num_layers": 1,
[1,1]<stdout>:  "rms_norm_eps": 1e-05,
[1,1]<stdout>:  "rope_parameters": {
[1,1]<stdout>:    "rope_theta": 500000.0,
[1,1]<stdout>:    "rope_type": "default"
[1,1]<stdout>:  },
[1,1]<stdout>:  "rope_scaling": null,
[1,1]<stdout>:  "rope_theta": 500000.0,
[1,1]<stdout>:  "seq_length": 4096,
[1,1]<stdout>:  "tensor_model_parallel_size": 2,
[1,1]<stdout>:  "tie_word_embeddings": false,
[1,1]<stdout>:  "torch_dtype": "float32",
[1,1]<stdout>:  "use_cache": true,
[1,1]<stdout>:  "use_fast_layer_norm": false,
[1,1]<stdout>:  "vocab_size": 128256
[1,1]<stdout>:}
[1,1]<stdout>:, layer_idx=31)
[1,1]<stdout>:[2026-05-18 17:30:28,312] [    INFO] pp_layers.py:899 - 33: RMSNormPipe(config=LlamaConfig {
[1,1]<stdout>:  "architectures": [
[1,1]<stdout>:    "LlamaForCausalLM"
[1,1]<stdout>:  ],
[1,1]<stdout>:  "attention_bias": false,
[1,1]<stdout>:  "attention_dropout": 0.0,
[1,1]<stdout>:  "bos_token_id": 128000,
[1,1]<stdout>:  "enable_auto_parallel": false,
[1,1]<stdout>:  "eos_token_id": 128001,
[1,1]<stdout>:  "fa_version": 4,
[1,1]<stdout>:  "head_dim": 128,
[1,1]<stdout>:  "hidden_act": "silu",
[1,1]<stdout>:  "hidden_size": 4096,
[1,1]<stdout>:  "initializer_range": 0.009020646889913162,
[1,1]<stdout>:  "intermediate_size": 14336,
[1,1]<stdout>:  "is_lora": false,
[1,1]<stdout>:  "max_position_embeddings": 8192,
[1,1]<stdout>:  "max_sequence_length": 4096,
[1,1]<stdout>:  "mlp_bias": false,
[1,1]<stdout>:  "model_type": "llama",
[1,1]<stdout>:  "moe_group_origin": "dummy",
[1,1]<stdout>:  "moe_rank": 0,
[1,1]<stdout>:  "moe_router_bias_update_rate": 0.0,
[1,1]<stdout>:  "moe_world_size": 1,
[1,1]<stdout>:  "num_attention_heads": 32,
[1,1]<stdout>:  "num_hidden_layers": 32,
[1,1]<stdout>:  "num_key_value_heads": 8,
[1,1]<stdout>:  "pad_token_id": 0,
[1,1]<stdout>:  "paddleformers_version": "1.1.0.post20260518",
[1,1]<stdout>:  "pipeline_model_parallel_size": 2,
[1,1]<stdout>:  "pp_seg_method": "layer:DecoderLayer|EmptyLayer",
[1,1]<stdout>:  "pretraining_tp": 1,
[1,1]<stdout>:  "recompute_granularity": "full",
[1,1]<stdout>:  "recompute_method": "uniform",
[1,1]<stdout>:  "recompute_num_layers": 1,
[1,1]<stdout>:  "rms_norm_eps": 1e-05,
[1,1]<stdout>:  "rope_parameters": {
[1,1]<stdout>:    "rope_theta": 500000.0,
[1,1]<stdout>:    "rope_type": "default"
[1,1]<stdout>:  },
[1,1]<stdout>:  "rope_scaling": null,
[1,1]<stdout>:  "rope_theta": 500000.0,
[1,1]<stdout>:  "seq_length": 4096,
[1,1]<stdout>:  "tensor_model_parallel_size": 2,
[1,1]<stdout>:  "tie_word_embeddings": false,
[1,1]<stdout>:  "torch_dtype": "float32",
[1,1]<stdout>:  "use_cache": true,
[1,1]<stdout>:  "use_fast_layer_norm": false,
[1,1]<stdout>:  "vocab_size": 128256
[1,1]<stdout>:}
[1,1]<stdout>:)
[1,1]<stdout>:[2026-05-18 17:30:28,313] [    INFO] pp_layers.py:899 - 34: LMHeadPipe(config=LlamaConfig {
[1,1]<stdout>:  "architectures": [
[1,1]<stdout>:    "LlamaForCausalLM"
[1,1]<stdout>:  ],
[1,1]<stdout>:  "attention_bias": false,
[1,1]<stdout>:  "attention_dropout": 0.0,
[1,1]<stdout>:  "bos_token_id": 128000,
[1,1]<stdout>:  "enable_auto_parallel": false,
[1,1]<stdout>:  "eos_token_id": 128001,
[1,1]<stdout>:  "fa_version": 4,
[1,1]<stdout>:  "head_dim": 128,
[1,1]<stdout>:  "hidden_act": "silu",
[1,1]<stdout>:  "hidden_size": 4096,
[1,1]<stdout>:  "initializer_range": 0.009020646889913162,
[1,1]<stdout>:  "intermediate_size": 14336,
[1,1]<stdout>:  "is_lora": false,
[1,1]<stdout>:  "max_position_embeddings": 8192,
[1,1]<stdout>:  "max_sequence_length": 4096,
[1,1]<stdout>:  "mlp_bias": false,
[1,1]<stdout>:  "model_type": "llama",
[1,1]<stdout>:  "moe_group_origin": "dummy",
[1,1]<stdout>:  "moe_rank": 0,
[1,1]<stdout>:  "moe_router_bias_update_rate": 0.0,
[1,1]<stdout>:  "moe_world_size": 1,
[1,1]<stdout>:  "num_attention_heads": 32,
[1,1]<stdout>:  "num_hidden_layers": 32,
[1,1]<stdout>:  "num_key_value_heads": 8,
[1,1]<stdout>:  "pad_token_id": 0,
[1,1]<stdout>:  "paddleformers_version": "1.1.0.post20260518",
[1,1]<stdout>:  "pipeline_model_parallel_size": 2,
[1,1]<stdout>:  "pp_seg_method": "layer:DecoderLayer|EmptyLayer",
[1,1]<stdout>:  "pretraining_tp": 1,
[1,1]<stdout>:  "recompute_granularity": "full",
[1,1]<stdout>:  "recompute_method": "uniform",
[1,1]<stdout>:  "recompute_num_layers": 1,
[1,1]<stdout>:  "rms_norm_eps": 1e-05,
[1,1]<stdout>:  "rope_parameters": {
[1,1]<stdout>:    "rope_theta": 500000.0,
[1,1]<stdout>:    "rope_type": "default"
[1,1]<stdout>:  },
[1,1]<stdout>:  "rope_scaling": null,
[1,1]<stdout>:  "rope_theta": 500000.0,
[1,1]<stdout>:  "seq_length": 4096,
[1,1]<stdout>:  "tensor_model_parallel_size": 2,
[1,1]<stdout>:  "tie_word_embeddings": false,
[1,1]<stdout>:  "torch_dtype": "float32",
[1,1]<stdout>:  "use_cache": true,
[1,1]<stdout>:  "use_fast_layer_norm": false,
[1,1]<stdout>:  "vocab_size": 128256
[1,1]<stdout>:}
[1,1]<stdout>:)
[1,1]<stdout>:[2026-05-18 17:30:28,313] [    INFO] pp_layers.py:921 - loss: CriterionLayerPipe
[1,1]<stdout>:[2026-05-18 17:30:28,373] [    INFO] pp_layers.py:978 - flush 17 of layers into run_function
[1,1]<stdout>:/root/paddlejob/share-storage/gpfs/system-public/liuyi39/hygon_2030/py312/lib/python3.12/site-packages/paddle/distributed/fleet/meta_parallel/parallel_layers/pp_layers.py:674: UserWarning: No shared comm will be constructed, this may happen when all shared attrs are on a same stage.
[1,1]<stdout>:  warnings.warn(
[1,1]<stdout>:[32m[2026-05-18 17:30:28,375] [    INFO][0m - Using download source: huggingface[0m
[1,1]<stdout>:[32m[2026-05-18 17:30:29,227] [    INFO][0m - Loading configuration file ./models/Llama-3-8b/config.json[0m
[1,1]<stdout>:[32m[2026-05-18 17:30:29,228] [    INFO][0m - Using download source: huggingface[0m
[1,1]<stdout>:[33m[2026-05-18 17:30:30,039] [ WARNING][0m - `template` was not specified, use `empty` template.[0m
[1,1]<stdout>:[33m[2026-05-18 17:30:30,041] [ WARNING][0m - suffix is not specified, using eos token as suffix.[0m
[1,1]<stdout>:W0518 17:30:30.087765 1280714 nccl_comm_context.cc:70] ncclCommInitRankConfigMemOpt is not supported.
[1,0]<stdout>:searching for causal dataset, build_indices=False, share_folder False, check_rank_flag False
[1,0]<stdout>:build success
[1,0]<stdout>: > loading doc-idx mapping from ./data/pt/index-cache/8439095026ed1b72bb91d97dba284b13_doc_idx.npy
[1,0]<stdout>: > loading sample-idx mapping from ./data/pt/index-cache/8439095026ed1b72bb91d97dba284b13_sample_idx.npy
[1,0]<stdout>: > loading shuffle-idx mapping from ./data/pt/index-cache/8439095026ed1b72bb91d97dba284b13_shuffle_idx.npy
[1,0]<stdout>:    loaded indexed file in 0.011 seconds
[1,0]<stdout>:    total number of samples: 29863
[1,0]<stdout>:    total number of epochs: 1
[1,0]<stdout>:searching for causal dataset, build_indices=False, share_folder False, check_rank_flag False
[1,0]<stdout>:build success
[1,0]<stdout>: > loading doc-idx mapping from ./data/pt/index-cache/2491be2dd0b9c6bd4c91ab9845c8dce4_doc_idx.npy
[1,0]<stdout>: > loading sample-idx mapping from ./data/pt/index-cache/2491be2dd0b9c6bd4c91ab9845c8dce4_sample_idx.npy
[1,0]<stdout>: > loading shuffle-idx mapping from ./data/pt/index-cache/2491be2dd0b9c6bd4c91ab9845c8dce4_shuffle_idx.npy
[1,0]<stdout>:    loaded indexed file in 0.003 seconds
[1,0]<stdout>:    total number of samples: 514
[1,0]<stdout>:    total number of epochs: 2
[1,0]<stdout>:building indices for the blendable dataset, Since --data_cache is not specified, the index file will not be stored.
[1,0]<stdout>:> building indices for blendable datasets ...
[1,0]<stdout>: > sample ratios:
[1,0]<stdout>:   dataset 0, input: 1, achieved: 1
[1,0]<stdout>:> elapsed time for building blendable dataset indices: 0.01 (sec)
[1,0]<stdout>:> size of blendable dataset: 1440 samples
[1,0]<stdout>:building indices for the blendable dataset, Since --data_cache is not specified, the index file will not be stored.
[1,0]<stdout>:> building indices for blendable datasets ...
[1,0]<stdout>: > sample ratios:
[1,0]<stdout>:   dataset 0, input: 1, achieved: 1
[1,0]<stdout>:> elapsed time for building blendable dataset indices: 0.00 (sec)
[1,0]<stdout>:> size of blendable dataset: 320 samples
[1,0]<stdout>:[32m[2026-05-18 17:30:33,628] [    INFO][0m - Setting max_seq_len to None using PaddleFormers Model.[0m
[1,0]<stdout>:callbacks: [<paddleformers.trainer.trainer_callback.FP8QuantWeightCallback object at 0x701bb82a03b0>]
[1,0]<stdout>:[35m[2026-05-18 17:30:33,628] [   DEBUG][0m - 0: main local process completed work, releasing all replicas[0m
[1,0]<stdout>:[32m[2026-05-18 17:30:33,630] [    INFO][0m - The global seed is set to 23, local seed is set to 39 and random seed is set to 23.[0m
[1,0]<stdout>:[32m[2026-05-18 17:30:33,716] [    INFO][0m - max_steps is given, it will override any value given in num_train_epochs[0m
[1,0]<stdout>:[32m[2026-05-18 17:30:33,716] [    INFO][0m - Using half precision[0m
[1,0]<stdout>:/root/paddlejob/share-storage/gpfs/system-public/liuyi39/hygon_2030/PaddleFormers/paddleformers/trainer/trainer.py:651: VisibleDeprecationWarning: [93m
[1,0]<stdout>:Warning:
[1,0]<stdout>:API "paddle.distributed.fleet.utils.mix_precision_utils.MixPrecisionScaler" is deprecated since 2.5.0, and will be removed in future versions. Please use "paddle.distributed_scaler" instead. [0m
[1,0]<stdout>:  mix_precision_utils.MixPrecisionScaler(self.scaler)  # return value has no use
[1,0]<stdout>:[35m[2026-05-18 17:30:33,719] [   DEBUG][0m - ============================================================[0m
[1,0]<stdout>:[35m[2026-05-18 17:30:33,719] [   DEBUG][0m -     Training Configuration Arguments    [0m
[1,0]<stdout>:[35m[2026-05-18 17:30:33,719] [   DEBUG][0m - paddle commit id              : fce480854934ec07ebf33e4fe460fd6944b9391c[0m
[1,0]<stdout>:[35m[2026-05-18 17:30:33,719] [   DEBUG][0m - paddleformers commit id       : 19b4e24fbe47fea9ef4383c7c9aa7d4da26b7a11.dirty[0m
[1,0]<stdout>:[35m[2026-05-18 17:30:33,719] [   DEBUG][0m - _no_sync_in_gradient_accumulation: True[0m
[1,0]<stdout>:[35m[2026-05-18 17:30:33,719] [   DEBUG][0m - adam_beta1                    : 0.9[0m
[1,0]<stdout>:[35m[2026-05-18 17:30:33,719] [   DEBUG][0m - adam_beta2                    : 0.999[0m
[1,0]<stdout>:[35m[2026-05-18 17:30:33,720] [   DEBUG][0m - adam_epsilon                  : 1e-08[0m
[1,0]<stdout>:[35m[2026-05-18 17:30:33,720] [   DEBUG][0m - amp_custom_black_list         : ['reduce_sum', 'softmax_with_cross_entropy', 'c_softmax_with_cross_entropy', 'elementwise_div', 'sin', 'cos'][0m
[1,0]<stdout>:[35m[2026-05-18 17:30:33,720] [   DEBUG][0m - amp_custom_white_list         : ['lookup_table', 'lookup_table_v2', 'flash_attn', 'matmul', 'matmul_v2', 'fused_gemm_epilogue'][0m
[1,0]<stdout>:[35m[2026-05-18 17:30:33,720] [   DEBUG][0m - amp_master_grad               : True[0m
[1,0]<stdout>:[35m[2026-05-18 17:30:33,720] [   DEBUG][0m - aoa_config                    : None[0m
[1,0]<stdout>:[35m[2026-05-18 17:30:33,720] [   DEBUG][0m - apply_rope_fusion             : False[0m
[1,0]<stdout>:[35m[2026-05-18 17:30:33,720] [   DEBUG][0m - attention_probs_dropout_prob  : 0.0[0m
[1,0]<stdout>:[35m[2026-05-18 17:30:33,720] [   DEBUG][0m - auto_parallel_resume_form_hybrid_parallel: False[0m
[1,0]<stdout>:[35m[2026-05-18 17:30:33,720] [   DEBUG][0m - auto_parallel_sync_shared_params: False[0m
[1,0]<stdout>:[35m[2026-05-18 17:30:33,720] [   DEBUG][0m - autotuner_benchmark           : False[0m
[1,0]<stdout>:[35m[2026-05-18 17:30:33,720] [   DEBUG][0m - balanced_image_preprocess     : False[0m
[1,0]<stdout>:[35m[2026-05-18 17:30:33,720] [   DEBUG][0m - batch_p2p_comm                : True[0m
[1,0]<stdout>:[35m[2026-05-18 17:30:33,720] [   DEBUG][0m - best_unbalanced_scheduler     : False[0m
[1,0]<stdout>:[35m[2026-05-18 17:30:33,720] [   DEBUG][0m - beta                          : 0.1[0m
[1,0]<stdout>:[35m[2026-05-18 17:30:33,720] [   DEBUG][0m - bf16                          : True[0m
[1,0]<stdout>:[35m[2026-05-18 17:30:33,720] [   DEBUG][0m - bf16_full_eval                : False[0m
[1,0]<stdout>:[35m[2026-05-18 17:30:33,720] [   DEBUG][0m - ckpt_quant_stage              : O0[0m
[1,0]<stdout>:[35m[2026-05-18 17:30:33,720] [   DEBUG][0m - clear_every_step_cache        : False[0m
[1,0]<stdout>:[35m[2026-05-18 17:30:33,720] [   DEBUG][0m - compute_type                  : bf16[0m
[1,0]<stdout>:[35m[2026-05-18 17:30:33,720] [   DEBUG][0m - context_parallel_rank         : 0[0m
[1,0]<stdout>:[35m[2026-05-18 17:30:33,720] [   DEBUG][0m - context_parallel_size         : 1[0m
[1,0]<stdout>:[35m[2026-05-18 17:30:33,720] [   DEBUG][0m - convert_from_hf               : True[0m
[1,0]<stdout>:[35m[2026-05-18 17:30:33,720] [   DEBUG][0m - copy_custom_file_list         : [0m
[1,0]<stdout>:[35m[2026-05-18 1[1,0]<stdout>:7:30:33,720] [   DEBUG][0m - count_trained_tokens          : False[0m
[1,0]<stdout>:[35m[2026-05-18 17:30:33,720] [   DEBUG][0m - cp_comm_type                  : None[0m
[1,0]<stdout>:[35m[2026-05-18 17:30:33,720] [   DEBUG][0m - cp_sharding_degree            : 1[0m
[1,0]<stdout>:[35m[2026-05-18 17:30:33,720] [   DEBUG][0m - cp_sharding_rank              : 0[0m
[1,0]<stdout>:[35m[2026-05-18 17:30:33,720] [   DEBUG][0m - current_device                : gpu:0[0m
[1,0]<stdout>:[35m[2026-05-18 17:30:33,721] [   DEBUG][0m - data_parallel_config          : [0m
[1,0]<stdout>:[35m[2026-05-18 17:30:33,721] [   DEBUG][0m - data_parallel_rank            : 0[0m
[1,0]<stdout>:[35m[2026-05-18 17:30:33,721] [   DEBUG][0m - data_parallel_size            : 1[0m
[1,0]<stdout>:[35m[2026-05-18 17:30:33,721] [   DEBUG][0m - dataloader_drop_last          : False[0m
[1,0]<stdout>:[35m[2026-05-18 17:30:33,721] [   DEBUG][0m - dataloader_num_workers        : 0[0m
[1,0]<stdout>:[35m[2026-05-18 17:30:33,721] [   DEBUG][0m - dataloader_shuffle            : True[0m
[1,0]<stdout>:[35m[2026-05-18 17:30:33,721] [   DEBUG][0m - dataset_batch_size            : 1000[0m
[1,0]<stdout>:[35m[2026-05-18 17:30:33,721] [   DEBUG][0m - dataset_kwargs                : {}[0m
[1,0]<stdout>:[35m[2026-05-18 17:30:33,721] [   DEBUG][0m - dataset_num_proc              : None[0m
[1,0]<stdout>:[35m[2026-05-18 17:30:33,721] [   DEBUG][0m - dataset_rank                  : 0[0m
[1,0]<stdout>:[35m[2026-05-18 17:30:33,721] [   DEBUG][0m - dataset_text_field            : text[0m
[1,0]<stdout>:[35m[2026-05-18 17:30:33,721] [   DEBUG][0m - dataset_world_size            : 4[0m
[1,0]<stdout>:[35m[2026-05-18 17:30:33,721] [   DEBUG][0m - ddp_find_unused_parameters    : None[0m
[1,0]<stdout>:[35m[2026-05-18 17:30:33,721] [   DEBUG][0m - decay_function                : half_life[0m
[1,0]<stdout>:[35m[2026-05-18 17:30:33,721] [   DEBUG][0m - decay_steps                   : 90[0m
[1,0]<stdout>:[35m[2026-05-18 17:30:33,721] [   DEBUG][0m - deterministic_mode            : False[0m
[1,0]<stdout>:[35m[2026-05-18 17:30:33,721] [   DEBUG][0m - device                        : gpu[0m
[1,0]<stdout>:[35m[2026-05-18 17:30:33,721] [   DEBUG][0m - disable_tqdm                  : True[0m
[1,0]<stdout>:[35m[2026-05-18 17:30:33,721] [   DEBUG][0m - distributed_dataloader        : False[0m
[1,0]<stdout>:[35m[2026-05-18 17:30:33,721] [   DEBUG][0m - do_eval                       : False[0m
[1,0]<stdout>:[35m[2026-05-18 17:30:33,721] [   DEBUG][0m - do_export                     : False[0m
[1,0]<stdout>:[35m[2026-05-18 17:30:33,721] [   DEBUG][0m - do_predict                    : False[0m
[1,0]<stdout>:[35m[2026-05-18 17:30:33,721] [   DEBUG][0m - do_train                      : True[0m
[1,0]<stdout>:[35m[2026-05-18 17:30:33,721] [   DEBUG][0m - download_hub                  : None[0m
[1,0]<stdout>:[35m[2026-05-18 17:30:33,721] [   DEBUG][0m - dp_allreduce_avg_in_gradinent_scale: False[0m
[1,0]<stdout>:[35m[2026-05-18 17:30:33,721] [   DEBUG][0m - dp_comm_overlap               : False[0m
[1,0]<stdout>:[35m[2026-05-18 17:30:33,721] [   DEBUG][0m - dpop_lambda                   : 50[0m
[1,0]<stdout>:[35m[2026-05-18 17:30:33,721] [   DEBUG][0m - embedding_init_method         : None[0m
[1,0]<stdout>:[35m[2026-05-18 17:30:33,722] [   DEBUG][0m - embedding_init_method_std     : 0.02[0m
[1,0]<stdout>:[35m[2026-05-18 17:30:33,722] [   DEBUG][0m - enable_auto_parallel          : False[0m
[1,0]<stdout>:[35m[2026-05-18 17:30:33,722] [   DEBUG][0m - enable_linear_fused_grad_add  : False[0m
[1,0]<stdout>:[35m[2026-05-18 17:30:33,722] [   DEBUG][0m - enable_mtp_magic_send         : False[0m
[1,0]<stdout>:[35m[2026-05-18 17:30:33,722] [   DEBUG][0m - enable_sharding_comm_overlap  : False[0m
[1,0]<stdout>:[35m[2026-05-18 17:30:33,722] [   DEBUG][0m - enable_zero_cost_checkpoint   : False[0m
[1,0]<stdout>:[35m[2026-05-18 17:30:33,722] [   DEBUG][0m - estimation_output_file        : estimation_output.json[0m
[1,0]<stdout>:[35m[2026-05-18 17:30:33,722] [   DEBUG][0m - eval_accumulation_steps       : None[0m
[1,0]<stdout>:[35m[2026-05-18 17:30:33,722] [   DEBUG][0m - eval_batch_size               : 8[0m
[1,0]<stdout>:[35m[2026-05-18 17:30:33,722] [   DEBUG][0m - eval_iters                    : 10[0m
[1,0]<stdout>:[35m[2026-05-18 17:30:33,722] [   DEBUG][0m - eval_steps                    : 999[0m
[1,0]<stdout>:[35m[2026-05-18 17:30:33,722] [   DEBUG][0m - evaluation_strategy           : IntervalStrategy.NO[0m
[1,0]<stdout>:[35m[2026-05-18 17:30:33,722] [   DEBUG][0m - expert_model_parallel_size    : 1[0m
[1,0]<stdout>:[35m[2026-05-18 17:30:33,722] [   DEBUG][0m - expert_parallel_rank          : 0[0m
[1,0]<stdout>:[35m[2026-05-18 17:30:33,722] [   DEBUG][0m - expert_tensor_model_parallel_size: 1[0m
[1,0]<stdout>:[35m[2026-05-18 17:30:33,722] [   DEBUG][0m - fa_version                    : 4[0m
[1,0]<stdout>:[35m[2026-05-18 17:30:33,722] [   DEBUG][0m - factor                        : 20[0m
[1,0]<stdout>:[35m[2026-05-18 17:30:33,722] [   DEBUG][0m - flash_device_save_steps       : 0[0m
[1,0]<stdout>:[35m[2026-05-18 17:30:33,722] [   DEBUG][0m - flatten_param_grads           : False[0m
[1,0]<stdout>:[35m[2026-05-18 17:30:33,722] [   DEBUG][0m - flex_ckpt_comm_method         : None[0m
[1,0]<stdout>:[35m[2026-05-18 17:30:33,722] [   DEBUG][0m - force_reshard_pp              : False[0m
[1,0]<stdout>:[35m[2026-05-18 17:30:33,722] [   DEBUG][0m - forward_backward_overlap_scheduler: False[0m
[1,0]<stdout>:[35m[2026-05-18 17:30:33,722] [   DEBUG][0m - fp16                          : False[0m
[1,0]<stdout>:[35m[2026-05-18 17:30:33,722] [   DEBUG][0m - fp16_full_eval                : False[0m
[1,0]<stdout>:[35m[2026-05-18 17:30:33,722] [   DEBUG][0m - fp16_opt_level                : O1[0m
[1,0]<stdout>:[35m[2026-05-18 17:30:33,722] [   DEBUG][0m - fp32_residual_connection      : True[0m
[1,0]<stdout>:[35m[2026-05-18 17:30:33,722] [   DEBUG][0m - fp8                           : None[0m
[1,0]<stdout>:[35m[2026-05-18 17:30:33,722] [   DEBUG][0m - fp8_wgrad                     : True[0m
[1,0]<stdout>:[35m[2026-05-18 17:30:33,722] [   DEBUG][0m - freeze_config                 : [0m
[1,0]<stdout>:[35m[2026-05-18 17:30:33,722] [   DEBUG][0m - freeze_training               : False[0m
[1,0]<stdout>:[35m[2026-05-18 17:30:33,723] [   DEBUG][0m - fuse_optimizer_states         : False[0m
[1,0]<stdout>:[35m[2026-05-18 17:30:33,723] [   DEBUG][0m - fuse_sequence_parallel_allreduce: False[0m
[1,0]<stdout>:[35m[2026-05-18 17:30:33,723] [   DEBUG][0m - fuse_swiglu                   : False[0m
[1,0]<stdout>:[35m[2026-05-18 17:30:33,723] [   DEBUG][0m - gated_linear_unit             : True[0m
[1,0]<stdout>:[35m[2026-05-18 17:30:33,723] [   DEBUG][0m - gc_interval                   : 0[0m
[1,0]<stdout>:[35m[2026-05-18 17:30:33,723] [   DEBUG][0m - global_batch_size             : 16[0m
[1,0]<stdout>:[35m[2026-05-18 17:30:33,723] [   DEBUG][0m - global_logging_interval       : 1[0m
[1,0]<stdout>:[35m[2026-05-18 17:30:33,723] [   DEBUG][0m - gradient_accumulation_steps   : 4[0m
[1,0]<stdout>:[35m[2026-05-18 17:30:33,723] [   DEBUG][0m - gradient_sync_after_accumulate: False[0m
[1,0]<stdout>:[35m[2026-05-18 17:30:33,723] [   DEBUG][0m - greater_is_better             : None[0m
[1,0]<stdout>:[35m[2026-05-18 17:30:33,723] [   DEBUG][0m - hidden_dropout_prob           : 0.0[0m
[1,0]<stdout>:[35m[2026-05-18 17:30:33,723] [   DEBUG][0m - hidden_size                   : None[0m
[1,0]<stdout>:[35m[2026-05-18 17:30:33,723] [   DEBUG][0m - high_precision_rope           : False[0m
[1,0]<stdout>:[35m[2026-05-18 17:30:33,723] [   DEBUG][0m - hybrid_parallel_expert_grad_scale: 2.0[0m
[1,0]<stdout>:[35m[2026-05-18 17:30:33,723] [   DEBUG][0m - hybrid_parallel_topo_order    : sharding_first[0m
[1,0]<stdout>:[35m[2026-05-18 17:30:33,723] [   DEBUG][0m - ignore_data_skip              : False[0m
[1,0]<stdout>:[35m[2026-05-18 17:30:33,723] [   DEBUG][0m - ignore_eos_token              : False[0m
[1,0]<stdout>:[35m[2026-05-18 17:30:33,723] [   DEBUG][0m - ignore_load_lr_and_optim      : False[0m
[1,0]<stdout>:[35m[2026-05-18 17:30:33,723] [   DEBUG][0m - ignore_save_lr_and_optim      : False[0m
[1,0]<stdout>:[35m[2026-05-18 17:30:33,723] [   DEBUG][0m - init_method                   : None[0m
[1,0]<stdout>:[35m[2026-05-18 17:30:33,723] [   DEBUG][0m - intermediate_size             : None[0m
[1,0]<stdout>:[35m[2026-05-18 17:30:33,723] [   DEBUG][0m - label_names                   : None[0m
[1,0]<stdout>:[35m[2026-05-18 17:30:33,723] [   DEBUG][0m - label_smoothing               : 0.0[0m
[1,0]<stdout>:[35m[2026-05-18 17:30:33,723] [   DEBUG][0m - lazy_data_processing          : True[0m
[1,0]<stdout>:[35m[2026-05-18 17:30:33,723] [   DEBUG][0m - learning_rate                 : 0.0001[0m
[1,0]<stdout>:[35m[2026-05-18 17:30:33,723] [   DEBUG][0m - load_best_model_at_end        : False[0m
[1,0]<stdout>:[35m[2026-05-18 17:30:33,723] [   DEBUG][0m - load_checkpoint_format        : sharding_io[0m
[1,0]<stdout>:[35m[2026-05-18 17:30:33,723] [   DEBUG][0m - load_from_hf                  : False[0m
[1,0]<stdout>:[35m[2026-05-18 17:30:33,723] [   DEBUG][0m - load_sharded_model            : True[0m
[1,0]<stdout>:[35m[2026-05-18 17:30:33,724] [   DEBUG][0m - load_sharded_model_remap_parameter_name: False[0m
[1,0]<stdout>:[35m[2026-05-18 17:30:33,724] [   DEBUG][0m - load_via_cpu                  : True[0m
[1,0]<stdout>:[35m[2026-05-18 17:30:33,724] [   DEBUG][0m - local_process_index           : 0[0m
[1,0]<stdout>:[35m[2026-05-18 17:30:33,724] [   DEBUG][0m - local_rank                    : 0[0m
[1,0]<stdout>:[35m[2026-05-18 17:30:33,724] [   DEBUG][0m - log_global_grad_norm          : False[0m
[1,0]<stdout>:[35m[2026-05-18 17:30:33,724] [   DEBUG][0m - log_level                     : -1[0m
[1,0]<stdout>:[35m[2026-05-18 17:30:33,724] [   DEBUG][0m - log_level_replica             : -1[0m
[1,0]<stdout>:[35m[2026-05-18 17:30:33,724] [   DEBUG][0m - log_on_each_node              : True[0m
[1,0]<stdout>:[35m[2026-05-18 17:30:33,724] [   DEBUG][0m - logging_dir                   : ./logs/pt/llama3-8b_elastic[0m
[1,0]<stdout>:[35m[2026-05-18 17:30:33,724] [   DEBUG][0m - logging_first_step            : False[0m
[1,0]<stdout>:[35m[2026-05-18 17:30:33,724] [   DEBUG][0m - logging_steps                 : 1[0m
[1,0]<stdout>:[35m[2026-05-18 17:30:33,724] [   DEBUG][0m - logging_strategy              : IntervalStrategy.STEPS[0m
[1,0]<stdout>:[35m[2026-05-18 17:30:33,724] [   DEBUG][0m - logical_process_index         : 0[0m
[1,0]<stdout>:[35m[2026-05-18 17:30:33,724] [   DEBUG][0m - loss_subbatch_sequence_length : -1[0m
[1,0]<stdout>:[35m[2026-05-18 17:30:33,724] [   DEBUG][0m - loss_type                     : sigmoid[0m
[1,0]<stdout>:[35m[2026-05-18 17:30:33,724] [   DEBUG][0m - lr_end                        : 1e-07[0m
[1,0]<stdout>:[35m[2026-05-18 17:30:33,724] [   DEBUG][0m - lr_scheduler                  : cosine[0m
[1,0]<stdout>:[35m[2026-05-18 17:30:33,724] [   DEBUG][0m - lr_scheduler_type             : SchedulerType.LINEAR[0m
[1,0]<stdout>:[35m[2026-05-18 17:30:33,724] [   DEBUG][0m - max_estimate_samples          : 100000.0[0m
[1,0]<stdout>:[35m[2026-05-18 17:30:33,724] [   DEBUG][0m - max_evaluate_steps            : -1[0m
[1,0]<stdout>:[35m[2026-05-18 17:30:33,724] [   DEBUG][0m - max_grad_norm                 : 1.0[0m
[1,0]<stdout>:[35m[2026-05-18 17:30:33,724] [   DEBUG][0m - max_gradient_accumulation_steps: 4[0m
[1,0]<stdout>:[35m[2026-05-18 17:30:33,724] [   DEBUG][0m - max_seq_len                   : 4096[0m
[1,0]<stdout>:[35m[2026-05-18 17:30:33,724] [   DEBUG][0m - max_steps                     : 90[0m
[1,0]<stdout>:[35m[2026-05-18 17:30:33,724] [   DEBUG][0m - merge_with_qdq_base_model     : False[0m
[1,0]<stdout>:[35m[2026-05-18 17:30:33,724] [   DEBUG][0m - metric_for_best_model         : None[0m
[1,0]<stdout>:[35m[2026-05-18 17:30:33,724] [   DEBUG][0m - metrics_output_path           : None[0m
[1,0]<stdout>:[35m[2026-05-18 17:30:33,724] [   DEBUG][0m - min_lr                        : 0.0[0m
[1,0]<stdout>:[35m[2026-05-18 17:30:33,724] [   DEBUG][0m - minimum_eval_times            : None[0m
[1,0]<stdout>:[35m[2026-05-18 17:30:33,724] [   DEBUG][0m - model_name_or_path            : ./models/Llama-3-8b[0m
[1,0]<stdout>:[35m[2026-05-18 17:30:33,725] [   DEBUG][0m - moe_deep_gemm                 : False[0m
[1,0]<stdout>:[35m[2026-05-18 17:30:33,725] [   DEBUG][0m - moe_deepep_num_sms            : None[0m
[1,0]<stdout>:[35m[2026-05-18 17:30:33,725] [   DEBUG][0m - moe_dequant_input             : False[0m
[1,0]<stdout>:[35m[2026-05-18 17:30:33,725] [   DEBUG][0m - moe_dropout_prob              : 0.0[0m
[1,0]<stdout>:[35m[2026-05-18 17:30:33,725] [   DEBUG][0m - moe_ep_barrier                : True[0m
[1,0]<stdout>:[35m[2026-05-18 17:30:33,725] [   DEBUG][0m - moe_expert_capacity_factor    : 0.0[0m
[1,0]<stdout>:[35m[2026-05-18 17:30:33,725] [   DEBUG][0m - moe_expert_fusion             : True[0m
[1,0]<stdout>:[35m[2026-05-18 17:30:33,725] [   DEBUG][0m - moe_gate_lr_ratio             : None[0m
[1,0]<stdout>:[35m[2026-05-18 17:30:33,725] [   DEBUG][0m - moe_grouped_gemm              : False[0m
[1,0]<stdout>:[35m[2026-05-18 17:30:33,725] [   DEBUG][0m - moe_pad_expert_input_to_capacity: False[0m
[1,0]<stdout>:[35m[2026-05-18 17:30:33,725] [   DEBUG][0m - moe_router_bias_update_rate   : 0.0[0m
[1,0]<stdout>:[35m[2026-05-18 17:30:33,725] [   DEBUG][0m - moe_router_force_load_balancing: False[0m
[1,0]<stdout>:[35m[2026-05-18 17:30:33,725] [   DEBUG][0m - moe_router_fusion             : True[0m
[1,0]<stdout>:[35m[2026-05-18 17:30:33,725] [   DEBUG][0m - moe_router_load_balancing_type: seq_aux_loss[0m
[1,0]<stdout>:[35m[2026-05-18 17:30:33,725] [   DEBUG][0m - moe_sharding_parallel_rank    : 0[0m
[1,0]<stdout>:[35m[2026-05-18 17:30:33,725] [   DEBUG][0m - moe_sharding_parallel_size    : 1[0m
[1,0]<stdout>:[35m[2026-05-18 17:30:33,725] [   DEBUG][0m - moe_shared_expert_overlap     : True[0m
[1,0]<stdout>:[35m[2026-05-18 17:30:33,725] [   DEBUG][0m - moe_subbatch_token_num_after_dispatch: None[0m
[1,0]<stdout>:[35m[2026-05-18 17:30:33,725] [   DEBUG][0m - moe_subbatch_token_num_before_dispatch: 0[0m
[1,0]<stdout>:[35m[2026-05-18 17:30:33,725] [   DEBUG][0m - moe_token_dispatcher_type     : deepep[0m
[1,0]<stdout>:[35m[2026-05-18 17:30:33,725] [   DEBUG][0m - moe_token_drop_policy         : probs[0m
[1,0]<stdout>:[35m[2026-05-18 17:30:33,725] [   DEBUG][0m - moe_use_fusion_node           : True[0m
[1,0]<stdout>:[35m[2026-05-18 17:30:33,725] [   DEBUG][0m - moe_with_send_router_loss     : True[0m
[1,0]<stdout>:[35m[2026-05-18 17:30:33,725] [   DEBUG][0m - mp_async_allreduce            : False[0m
[1,0]<stdout>:[35m[2026-05-18 17:30:33,725] [   DEBUG][0m - mp_fused_linear_param_grad_add: False[0m
[1,0]<stdout>:[35m[2026-05-18 17:30:33,725] [   DEBUG][0m - mp_skip_c_identity            : False[0m
[1,0]<stdout>:[35m[2026-05-18 17:30:33,725] [   DEBUG][0m - mtp_distillation_loss         : False[0m
[1,0]<stdout>:[35m[2026-05-18 17:30:33,725] [   DEBUG][0m - mtp_num_layers                : 0[0m
[1,0]<stdout>:[35m[2026-05-18 17:30:33,725] [   DEBUG][0m - multi_latent_attention        : False[0m
[1,0]<stdout>:[35m[2026-05-18 17:30:33,725] [   DEBUG][0m - muon_exclude_patterns         : ['embed', 'bias', 'lm_head', 'mlp.gate'][0m
[1,0]<stdout>:[35m[2026-05-18 17:30:33,726] [   DEBUG][0m - muon_extra_scale_factor       : 0.2[0m
[1,0]<stdout>:[35m[2026-05-18 17:30:33,726] [   DEBUG][0m - muon_ffn_split                : True[0m
[1,0]<stdout>:[35m[2026-05-18 17:30:33,726] [   DEBUG][0m - muon_momentum                 : 0.95[0m
[1,0]<stdout>:[35m[2026-05-18 17:30:33,726] [   DEBUG][0m - muon_ns_coeff_type            : quintic[0m
[1,0]<stdout>:[35m[2026-05-18 17:30:33,726] [   DEBUG][0m - muon_ns_coeffs                : None[0m
[1,0]<stdout>:[35m[2026-05-18 17:30:33,726] [   DEBUG][0m - muon_ns_steps                 : 5[0m
[1,0]<stdout>:[35m[2026-05-18 17:30:33,726] [   DEBUG][0m - muon_qkv_update_mode          : split_head[0m
[1,0]<stdout>:[35m[2026-05-18 17:30:33,726] [   DEBUG][0m - muon_version                  : 3[0m
[1,0]<stdout>:[35m[2026-05-18 17:30:33,726] [   DEBUG][0m - n_routed_experts              : None[0m
[1,0]<stdout>:[35m[2026-05-18 17:30:33,726] [   DEBUG][0m - nccl_comm_group_config        : None[0m
[1,0]<stdout>:[35m[2026-05-18 17:30:33,726] [   DEBUG][0m - need_data                     : True[0m
[1,0]<stdout>:[35m[2026-05-18 17:30:33,726] [   DEBUG][0m - no_cuda                       : False[0m
[1,0]<stdout>:[35m[2026-05-18 17:30:33,726] [   DEBUG][0m - no_recompute_layers           : None[0m
[1,0]<stdout>:[35m[2026-05-18 17:30:33,726] [   DEBUG][0m - no_rope_freq                  : False[0m
[1,0]<stdout>:[35m[2026-05-18 17:30:33,726] [   DEBUG][0m - non_batch_p2p_comm            : False[0m
[1,0]<stdout>:[35m[2026-05-18 17:30:33,726] [   DEBUG][0m - normalization                 : RMSNorm[0m
[1,0]<stdout>:[35m[2026-05-18 17:30:33,726] [   DEBUG][0m - normalize_logps               : False[0m
[1,0]<stdout>:[35m[2026-05-18 17:30:33,726] [   DEBUG][0m - num_attention_heads           : None[0m
[1,0]<stdout>:[35m[2026-05-18 17:30:33,726] [   DEBUG][0m - num_consecutive               : 1[0m
[1,0]<stdout>:[35m[2026-05-18 17:30:33,726] [   DEBUG][0m - num_cycles                    : 0.5[0m
[1,0]<stdout>:[35m[2026-05-18 17:30:33,726] [   DEBUG][0m - num_empty_layers_add_in_head  : 0[0m
[1,0]<stdout>:[35m[2026-05-18 17:30:33,726] [   DEBUG][0m - num_empty_layers_add_in_tail  : 0[0m
[1,0]<stdout>:[35m[2026-05-18 17:30:33,726] [   DEBUG][0m - num_experts_per_tok           : None[0m
[1,0]<stdout>:[35m[2026-05-18 17:30:33,726] [   DEBUG][0m - num_hidden_layers             : None[0m
[1,0]<stdout>:[35m[2026-05-18 17:30:33,726] [   DEBUG][0m - num_key_value_heads           : None[0m
[1,0]<stdout>:[35m[2026-05-18 17:30:33,726] [   DEBUG][0m - num_nextn_predict_layers      : 0[0m
[1,0]<stdout>:[35m[2026-05-18 17:30:33,726] [   DEBUG][0m - num_of_gpus                   : -1[0m
[1,0]<stdout>:[35m[2026-05-18 17:30:33,726] [   DEBUG][0m - num_train_epochs              : 1.0[0m
[1,0]<stdout>:[35m[2026-05-18 17:30:33,726] [   DEBUG][0m - offload_fp8_expert_master_weight: True[0m
[1,0]<stdout>:[35m[2026-05-18 17:30:33,726] [   DEBUG][0m - offload_queue                 : False[0m
[1,0]<stdout>:[35m[2026-05-18 17:30:33,727] [   DEBUG][0m - offset_alpha                  : 0.0[0m
[1,0]<stdout>:[35m[2026-05-18 17:30:33,727] [   DEBUG][0m - online_merge_ema              : True[0m
[1,0]<stdout>:[35m[2026-05-18 17:30:33,727] [   DEBUG][0m - optim                         : OptimizerNames.ADAMW[0m
[1,0]<stdout>:[35m[2026-05-18 17:30:33,727] [   DEBUG][0m - optim_shard_num               : 1[0m
[1,0]<stdout>:[35m[2026-05-18 17:30:33,727] [   DEBUG][0m - optimizer_name_suffix         : tp00_pp00_shard00[0m
[1,0]<stdout>:[35m[2026-05-18 17:30:33,727] [   DEBUG][0m - ordered_save_group_size       : 0[0m
[1,0]<stdout>:[35m[2026-05-18 17:30:33,727] [   DEBUG][0m - output_dir                    : ./checkpoints/pt/llama3-8b_elastic[0m
[1,0]<stdout>:[35m[2026-05-18 17:30:33,727] [   DEBUG][0m - output_layer_init_method      : None[0m
[1,0]<stdout>:[35m[2026-05-18 17:30:33,727] [   DEBUG][0m - output_signal_dir             : ./checkpoints/pt/llama3-8b_elastic[0m
[1,0]<stdout>:[35m[2026-05-18 17:30:33,727] [   DEBUG][0m - overlap                       : False[0m
[1,0]<stdout>:[35m[2026-05-18 17:30:33,727] [   DEBUG][0m - overlap_p2p_comm              : False[0m
[1,0]<stdout>:[35m[2026-05-18 17:30:33,727] [   DEBUG][0m - overwrite_output_dir          : True[0m
[1,0]<stdout>:[35m[2026-05-18 17:30:33,727] [   DEBUG][0m - p2p_cache_shape               : True[0m
[1,0]<stdout>:[35m[2026-05-18 17:30:33,727] [   DEBUG][0m - pad_token_id                  : 0[0m
[1,0]<stdout>:[35m[2026-05-18 17:30:33,727] [   DEBUG][0m - partial_send_recv             : True[0m
[1,0]<stdout>:[35m[2026-05-18 17:30:33,727] [   DEBUG][0m - past_index                    : -1[0m
[1,0]<stdout>:[35m[2026-05-18 17:30:33,727] [   DEBUG][0m - pdc_download_ckpt             : False[0m
[1,0]<stdout>:[35m[2026-05-18 17:30:33,727] [   DEBUG][0m - pdc_download_timeout          : 300[0m
[1,0]<stdout>:[35m[2026-05-18 17:30:33,727] [   DEBUG][0m - per_device_eval_batch_size    : 8[0m
[1,0]<stdout>:[35m[2026-05-18 17:30:33,727] [   DEBUG][0m - per_device_train_batch_size   : 1[0m
[1,0]<stdout>:[35m[2026-05-18 17:30:33,727] [   DEBUG][0m - pipeline_model_parallel_size  : 2[0m
[1,0]<stdout>:[35m[2026-05-18 17:30:33,727] [   DEBUG][0m - pipeline_parallel_config      : [0m
[1,0]<stdout>:[35m[2026-05-18 17:30:33,727] [   DEBUG][0m - pipeline_parallel_rank        : 0[0m
[1,0]<stdout>:[35m[2026-05-18 17:30:33,727] [   DEBUG][0m - position_embedding_type       : rope[0m
[1,0]<stdout>:[35m[2026-05-18 17:30:33,727] [   DEBUG][0m - power                         : 1.0[0m
[1,0]<stdout>:[35m[2026-05-18 17:30:33,727] [   DEBUG][0m - pp_delay_scale_loss           : True[0m
[1,0]<stdout>:[35m[2026-05-18 17:30:33,727] [   DEBUG][0m - pp_need_data                  : False[0m
[1,0]<stdout>:[35m[2026-05-18 17:30:33,727] [   DEBUG][0m - pp_need_data_degree           : 0[0m
[1,0]<stdout>:[35m[2026-05-18 17:30:33,727] [   DEBUG][0m - pp_release_grads              : False[0m
[1,0]<stdout>:[35m[2026-05-18 17:30:33,727] [   DEBUG][0m - pp_sharding_comm_overlap      : False[0m
[1,0]<stdout>:[35m[2026-05-18 17:30:33,728] [   DEBUG][0m - pp_sync_moment                : False[0m
[1,0]<stdout>:[35m[2026-05-18 17:30:33,728] [   DEBUG][0m - pp_sync_param                 : False[0m
[1,0]<stdout>:[35m[2026-05-18 17:30:33,728] [   DEBUG][0m - pre_alloc_memory              : 0[0m
[1,0]<stdout>:[35m[2026-05-18 17:30:33,728] [   DEBUG][0m - prediction_loss_only          : False[0m
[1,0]<stdout>:[35m[2026-05-18 17:30:33,728] [   DEBUG][0m - pref_loss_ratio               : 1.0[0m
[1,0]<stdout>:[35m[2026-05-18 17:30:33,728] [   DEBUG][0m - prefetch_factor               : 2[0m
[1,0]<stdout>:[35m[2026-05-18 17:30:33,728] [   DEBUG][0m - process_index                 : 0[0m
[1,0]<stdout>:[35m[2026-05-18 17:30:33,728] [   DEBUG][0m - profile                       : False[0m
[1,0]<stdout>:[35m[2026-05-18 17:30:33,728] [   DEBUG][0m - profile_step_end              : 12[0m
[1,0]<stdout>:[35m[2026-05-18 17:30:33,728] [   DEBUG][0m - profile_step_start            : 10[0m
[1,0]<stdout>:[35m[2026-05-18 17:30:33,728] [   DEBUG][0m - recompute_granularity         : full[0m
[1,0]<stdout>:[35m[2026-05-18 17:30:33,728] [   DEBUG][0m - recompute_method              : uniform[0m
[1,0]<stdout>:[35m[2026-05-18 17:30:33,728] [   DEBUG][0m - recompute_modules             : None[0m
[1,0]<stdout>:[35m[2026-05-18 17:30:33,728] [   DEBUG][0m - recompute_mtp_granularity     : None[0m
[1,0]<stdout>:[35m[2026-05-18 17:30:33,728] [   DEBUG][0m - recompute_mtp_method          : None[0m
[1,0]<stdout>:[35m[2026-05-18 17:30:33,728] [   DEBUG][0m - recompute_mtp_modules         : None[0m
[1,0]<stdout>:[35m[2026-05-18 17:30:33,728] [   DEBUG][0m - recompute_num_layers          : 1[0m
[1,0]<stdout>:[35m[2026-05-18 17:30:33,728] [   DEBUG][0m - recompute_use_reentrant       : True[0m
[1,0]<stdout>:[35m[2026-05-18 17:30:33,728] [   DEBUG][0m - reeao_dataset_rank            : 0[0m
[1,0]<stdout>:[35m[2026-05-18 17:30:33,728] [   DEBUG][0m - reeao_dataset_world_size      : 4[0m
[1,0]<stdout>:[35m[2026-05-18 17:30:33,728] [   DEBUG][0m - ref_model_update_steps        : -1[0m
[1,0]<stdout>:[35m[2026-05-18 17:30:33,728] [   DEBUG][0m - reference_free                : False[0m
[1,0]<stdout>:[35m[2026-05-18 17:30:33,728] [   DEBUG][0m - release_grads                 : False[0m
[1,0]<stdout>:[35m[2026-05-18 17:30:33,728] [   DEBUG][0m - remove_unused_columns         : True[0m
[1,0]<stdout>:[35m[2026-05-18 17:30:33,728] [   DEBUG][0m - reorder_pipeline_priority     : False[0m
[1,0]<stdout>:[35m[2026-05-18 17:30:33,728] [   DEBUG][0m - replace_with_c_embedding      : False[0m
[1,0]<stdout>:[35m[2026-05-18 17:30:33,728] [   DEBUG][0m - replace_with_parallel_cross_entropy: False[0m
[1,0]<stdout>:[35m[2026-05-18 17:30:33,728] [   DEBUG][0m - replicate_saved_into_local    : False[0m
[1,0]<stdout>:[35m[2026-05-18 17:30:33,728] [   DEBUG][0m - report_to                     : ['visualdl'][0m
[1,0]<stdout>:[35m[2026-05-18 17:30:33,728] [   DEBUG][0m - resume_from_checkpoint        : None[0m
[1,0]<stdout>:[35m[2026-05-18 17:30:33,729] [   DEBUG][0m - resume_from_huggingface_ckpt  : None[0m
[1,0]<stdout>:[35m[2026-05-18 17:30:33,729] [   DEBUG][0m - router_aux_loss_coef          : 0.0[0m
[1,0]<stdout>:[35m[2026-05-18 17:30:33,729] [   DEBUG][0m - router_z_loss_coef            : None[0m
[1,0]<stdout>:[35m[2026-05-18 17:30:33,729] [   DEBUG][0m - run_name                      : ./checkpoints/pt/llama3-8b_elastic[0m
[1,0]<stdout>:[35m[2026-05-18 17:30:33,729] [   DEBUG][0m - same_data                     : None[0m
[1,0]<stdout>:[35m[2026-05-18 17:30:33,729] [   DEBUG][0m - save_checkpoint_format        : sharding_io[0m
[1,0]<stdout>:[35m[2026-05-18 17:30:33,729] [   DEBUG][0m - save_hf_memory_growth_threshold: 8[0m
[1,0]<stdout>:[35m[2026-05-18 17:30:33,729] [   DEBUG][0m - save_hf_steps                 : -1[0m
[1,0]<stdout>:[35m[2026-05-18 17:30:33,729] [   DEBUG][0m - save_hf_total_limit           : None[0m
[1,0]<stdout>:[35m[2026-05-18 17:30:33,729] [   DEBUG][0m - save_last_step                : False[0m
[1,0]<stdout>:[35m[2026-05-18 17:30:33,729] [   DEBUG][0m - save_on_each_node             : False[0m
[1,0]<stdout>:[35m[2026-05-18 17:30:33,729] [   DEBUG][0m - save_rng_states               : False[0m
[1,0]<stdout>:[35m[2026-05-18 17:30:33,729] [   DEBUG][0m - save_sharded_model            : True[0m
[1,0]<stdout>:[35m[2026-05-18 17:30:33,729] [   DEBUG][0m - save_sharding_stage1_model_include_freeze_params: False[0m
[1,0]<stdout>:[35m[2026-05-18 17:30:33,729] [   DEBUG][0m - save_steps                    : 30[0m
[1,0]<stdout>:[35m[2026-05-18 17:30:33,729] [   DEBUG][0m - save_strategy                 : IntervalStrategy.STEPS[0m
[1,0]<stdout>:[35m[2026-05-18 17:30:33,729] [   DEBUG][0m - save_to_hf                    : False[0m
[1,0]<stdout>:[35m[2026-05-18 17:30:33,729] [   DEBUG][0m - save_tokenizer                : True[0m
[1,0]<stdout>:[35m[2026-05-18 17:30:33,729] [   DEBUG][0m - save_total_limit              : 1[0m
[1,0]<stdout>:[35m[2026-05-18 17:30:33,729] [   DEBUG][0m - scale_loss                    : 32768[0m
[1,0]<stdout>:[35m[2026-05-18 17:30:33,729] [   DEBUG][0m - sd_release_grads              : False[0m
[1,0]<stdout>:[35m[2026-05-18 17:30:33,729] [   DEBUG][0m - sd_sharding_comm_overlap      : False[0m
[1,0]<stdout>:[35m[2026-05-18 17:30:33,729] [   DEBUG][0m - sd_shardingv1_comm_overlap    : False[0m
[1,0]<stdout>:[35m[2026-05-18 17:30:33,729] [   DEBUG][0m - seed                          : 23[0m
[1,0]<stdout>:[35m[2026-05-18 17:30:33,729] [   DEBUG][0m - send_recv_overlap             : False[0m
[1,0]<stdout>:[35m[2026-05-18 17:30:33,729] [   DEBUG][0m - sep_parallel_size             : 1[0m
[1,0]<stdout>:[35m[2026-05-18 17:30:33,729] [   DEBUG][0m - sequence_parallel             : False[0m
[1,0]<stdout>:[35m[2026-05-18 17:30:33,729] [   DEBUG][0m - sequence_parallel_config      : [0m
[1,0]<stdout>:[35m[2026-05-18 17:30:33,729] [   DEBUG][0m - sft_loss_ratio                : 0.0[0m
[1,0]<stdout>:[35m[2026-05-18 17:30:33,729] [   DEBUG][0m - sharded_model_from_ema        : False[0m
[1,0]<stdout>:[35m[2026-05-18 17:30:33,730] [   DEBUG][0m - sharding                      : [<ShardingOption.SHARD_OP: 'stage1'>][0m
[1,0]<stdout>:[35m[2026-05-18 17:30:33,730] [   DEBUG][0m - sharding_comm_buffer_size_MB  : -1[0m
[1,0]<stdout>:[35m[2026-05-18 17:30:33,730] [   DEBUG][0m - sharding_degree               : -1[0m
[1,0]<stdout>:[35m[2026-05-18 17:30:33,730] [   DEBUG][0m - sharding_offload_opt_buffersize_GB: -1[0m
[1,0]<stdout>:[35m[2026-05-18 17:30:33,730] [   DEBUG][0m - sharding_parallel_config      : [0m
[1,0]<stdout>:[35m[2026-05-18 17:30:33,730] [   DEBUG][0m - sharding_parallel_mesh_dimension: dp[0m
[1,0]<stdout>:[35m[2026-05-18 17:30:33,730] [   DEBUG][0m - sharding_parallel_rank        : 0[0m
[1,0]<stdout>:[35m[2026-05-18 17:30:33,730] [   DEBUG][0m - sharding_parallel_size        : 4[0m
[1,0]<stdout>:[35m[2026-05-18 17:30:33,730] [   DEBUG][0m - should_load_dataset           : True[0m
[1,0]<stdout>:[35m[2026-05-18 17:30:33,730] [   DEBUG][0m - should_load_sharding_stage1_model: True[0m
[1,0]<stdout>:[35m[2026-05-18 17:30:33,730] [   DEBUG][0m - should_log                    : True[0m
[1,0]<stdout>:[35m[2026-05-18 17:30:33,730] [   DEBUG][0m - should_save                   : True[0m
[1,0]<stdout>:[35m[2026-05-18 17:30:33,730] [   DEBUG][0m - should_save_model_state       : True[0m
[1,0]<stdout>:[35m[2026-05-18 17:30:33,730] [   DEBUG][0m - should_save_model_with_tensor_fusion: False[0m
[1,0]<stdout>:[35m[2026-05-18 17:30:33,730] [   DEBUG][0m - should_save_sharding_stage1_model: True[0m
[1,0]<stdout>:[35m[2026-05-18 17:30:33,730] [   DEBUG][0m - shuffle_consecutive           : False[0m
[1,0]<stdout>:[35m[2026-05-18 17:30:33,730] [   DEBUG][0m - simpo_gamma                   : 0.5[0m
[1,0]<stdout>:[35m[2026-05-18 17:30:33,730] [   DEBUG][0m - skip_data_intervals           : None[0m
[1,0]<stdout>:[35m[2026-05-18 17:30:33,730] [   DEBUG][0m - skip_memory_metrics           : True[0m
[1,0]<stdout>:[35m[2026-05-18 17:30:33,730] [   DEBUG][0m - skip_profile_timer            : True[0m
[1,0]<stdout>:[35m[2026-05-18 17:30:33,730] [   DEBUG][0m - softmax_scale                 : None[0m
[1,0]<stdout>:[35m[2026-05-18 17:30:33,730] [   DEBUG][0m - softmax_type                  : vanilla[0m
[1,0]<stdout>:[35m[2026-05-18 17:30:33,730] [   DEBUG][0m - sp_allreduce_avg_in_gradinent_scale: False[0m
[1,0]<stdout>:[35m[2026-05-18 17:30:33,730] [   DEBUG][0m - sp_async_reduce_scatter       : False[0m
[1,0]<stdout>:[35m[2026-05-18 17:30:33,730] [   DEBUG][0m - split_backward                : False[0m
[1,0]<stdout>:[35m[2026-05-18 17:30:33,730] [   DEBUG][0m - split_inputs_sequence_dim     : True[0m
[1,0]<stdout>:[35m[2026-05-18 17:30:33,730] [   DEBUG][0m - split_norm_comm               : False[0m
[1,0]<stdout>:[35m[2026-05-18 17:30:33,730] [   DEBUG][0m - split_param                   : True[0m
[1,0]<stdout>:[35m[2026-05-18 17:30:33,730] [   DEBUG][0m - stage1_allgather_overlap      : False[0m
[1,0]<stdout>:[35m[2026-05-18 17:30:33,731] [   DEBUG][0m - stage1_broadcast_overlap      : False[0m
[1,0]<stdout>:[35m[2026-05-18 17:30:33,731] [   DEBUG][0m - stage1_overlap                : False[0m
[1,0]<stdout>:[35m[2026-05-18 17:30:33,731] [   DEBUG][0m - stage1_reduce_avg             : True[0m
[1,0]<stdout>:[35m[2026-05-18 17:30:33,731] [   DEBUG][0m - stage1_tensor_fusion          : False[0m
[1,0]<stdout>:[35m[2026-05-18 17:30:33,731] [   DEBUG][0m - stage2_overlap                : False[0m
[1,0]<stdout>:[35m[2026-05-18 17:30:33,731] [   DEBUG][0m - sync_grad                     : False[0m
[1,0]<stdout>:[35m[2026-05-18 17:30:33,731] [   DEBUG][0m - tensor_fusion                 : False[0m
[1,0]<stdout>:[35m[2026-05-18 17:30:33,731] [   DEBUG][0m - tensor_model_parallel_size    : 2[0m
[1,0]<stdout>:[35m[2026-05-18 17:30:33,731] [   DEBUG][0m - tensor_parallel_config        : [0m
[1,0]<stdout>:[35m[2026-05-18 17:30:33,731] [   DEBUG][0m - tensor_parallel_output        : True[0m
[1,0]<stdout>:[35m[2026-05-18 17:30:33,731] [   DEBUG][0m - tensor_parallel_rank          : 0[0m
[1,0]<stdout>:[35m[2026-05-18 17:30:33,731] [   DEBUG][0m - tensorwise_offload_optimizer  : False[0m
[1,0]<stdout>:[35m[2026-05-18 17:30:33,731] [   DEBUG][0m - test_iters                    : 100[0m
[1,0]<stdout>:[35m[2026-05-18 17:30:33,731] [   DEBUG][0m - tie_word_embeddings           : None[0m
[1,0]<stdout>:[35m[2026-05-18 17:30:33,731] [   DEBUG][0m - timer                         : False[0m
[1,0]<stdout>:[35m[2026-05-18 17:30:33,731] [   DEBUG][0m - to_static                     : False[0m
[1,0]<stdout>:[35m[2026-05-18 17:30:33,731] [   DEBUG][0m - token_balance_loss            : False[0m
[1,0]<stdout>:[35m[2026-05-18 17:30:33,731] [   DEBUG][0m - tp_async_allreduce            : False[0m
[1,0]<stdout>:[35m[2026-05-18 17:30:33,731] [   DEBUG][0m - tp_sync_moment                : False[0m
[1,0]<stdout>:[35m[2026-05-18 17:30:33,731] [   DEBUG][0m - tp_sync_param                 : False[0m
[1,0]<stdout>:[35m[2026-05-18 17:30:33,731] [   DEBUG][0m - train_batch_size              : 1[0m
[1,0]<stdout>:[35m[2026-05-18 17:30:33,731] [   DEBUG][0m - train_mtp_only                : False[0m
[1,0]<stdout>:[35m[2026-05-18 17:30:33,731] [   DEBUG][0m - unified_checkpoint            : False[0m
[1,0]<stdout>:[35m[2026-05-18 17:30:33,731] [   DEBUG][0m - unified_checkpoint_config     : [0m
[1,0]<stdout>:[35m[2026-05-18 17:30:33,731] [   DEBUG][0m - use_async_save                : False[0m
[1,0]<stdout>:[35m[2026-05-18 17:30:33,731] [   DEBUG][0m - use_cache                     : False[0m
[1,0]<stdout>:[35m[2026-05-18 17:30:33,731] [   DEBUG][0m - use_dualpipev                 : False[0m
[1,0]<stdout>:[35m[2026-05-18 17:30:33,731] [   DEBUG][0m - use_expert_parallel           : False[0m
[1,0]<stdout>:[35m[2026-05-18 17:30:33,731] [   DEBUG][0m - use_filtered_label_loss       : False[0m
[1,0]<stdout>:[35m[2026-05-18 17:30:33,731] [   DEBUG][0m - use_fp8                       : False[0m
[1,0]<stdout>:[35m[2026-05-18 17:30:33,732] [   DEBUG][0m - use_fused_head_and_loss_fn    : False[0m
[1,0]<stdout>:[35m[2026-05-18 17:30:33,732] [   DEBUG][0m - use_fused_linear_cross_entropy: False[0m
[1,0]<stdout>:[35m[2026-05-18 17:30:33,732] [   DEBUG][0m - use_hybrid_parallel           : True[0m
[1,0]<stdout>:[35m[2026-05-18 17:30:33,732] [   DEBUG][0m - use_intermediate_api          : False[0m
[1,0]<stdout>:[35m[2026-05-18 17:30:33,732] [   DEBUG][0m - use_lowprecision_moment       : False[0m
[1,0]<stdout>:[35m[2026-05-18 17:30:33,732] [   DEBUG][0m - use_moe                       : False[0m
[1,0]<stdout>:[35m[2026-05-18 17:30:33,732] [   DEBUG][0m - use_ortho_loss_callback       : False[0m
[1,0]<stdout>:[35m[2026-05-18 17:30:33,732] [   DEBUG][0m - use_qk_norm                   : None[0m
[1,0]<stdout>:[35m[2026-05-18 17:30:33,732] [   DEBUG][0m - use_recompute_mtp             : False[0m
[1,0]<stdout>:[35m[2026-05-18 17:30:33,732] [   DEBUG][0m - use_unified_moe               : False[0m
[1,0]<stdout>:[35m[2026-05-18 17:30:33,732] [   DEBUG][0m - using_sonic_moe               : False[0m
[1,0]<stdout>:[35m[2026-05-18 17:30:33,732] [   DEBUG][0m - variable_seq_lengths          : False[0m
[1,0]<stdout>:[35m[2026-05-18 17:30:33,732] [   DEBUG][0m - virtual_pipeline_model_parallel_size: 1[0m
[1,0]<stdout>:[35m[2026-05-18 17:30:33,732] [   DEBUG][0m - wandb_api_key                 : None[0m
[1,0]<stdout>:[35m[2026-05-18 17:30:33,732] [   DEBUG][0m - wandb_http_proxy              : None[0m
[1,0]<stdout>:[35m[2026-05-18 17:30:33,732] [   DEBUG][0m - warmup_ratio                  : 0.0[0m
[1,0]<stdout>:[35m[2026-05-18 17:30:33,732] [   DEBUG][0m - warmup_steps                  : 10[0m
[1,0]<stdout>:[35m[2026-05-18 17:30:33,732] [   DEBUG][0m - weight_decay                  : 0.0[0m
[1,0]<stdout>:[35m[2026-05-18 17:30:33,732] [   DEBUG][0m - weight_name_suffix            : tp00_pp00[0m
[1,0]<stdout>:[35m[2026-05-18 17:30:33,732] [   DEBUG][0m - weight_quantize_algo          : None[0m
[1,0]<stdout>:[35m[2026-05-18 17:30:33,732] [   DEBUG][0m - world_size                    : 16[0m
[1,0]<stdout>:[35m[2026-05-18 17:30:33,732] [   DEBUG][0m - zcc_ema_interval              : 1[0m
[1,0]<stdout>:[35m[2026-05-18 17:30:33,732] [   DEBUG][0m - zcc_ema_loss_threshold        : None[0m
[1,0]<stdout>:[35m[2026-05-18 17:30:33,732] [   DEBUG][0m - zcc_pipeline_hooks_capacity_usage: 0.6[0m
[1,0]<stdout>:[35m[2026-05-18 17:30:33,732] [   DEBUG][0m - zcc_save_ema_coef             : None[0m
[1,0]<stdout>:[35m[2026-05-18 17:30:33,732] [   DEBUG][0m - zcc_workers_num               : 3[0m
[1,0]<stdout>:[35m[2026-05-18 17:30:33,732] [   DEBUG][0m - [0m
[1,0]<stdout>:[32m[2026-05-18 17:30:33,733] [    INFO][0m - Starting training from resume_from_checkpoint : None[0m
[1,0]<stdout>:[32m[2026-05-18 17:30:33,738] [    INFO][0m - [timelog] RuntimeTimer: 0.00s (2026-05-18 17:30:33) [0m
[1,0]<stdout>:[32m[2026-05-18 17:30:33,738] [    INFO][0m - ***** Running training *****[0m
[1,0]<stdout>:[32m[2026-05-18 17:30:33,738] [    INFO][0m -   Num examples = 1,440[0m
[1,0]<stdout>:[32m[2026-05-18 17:30:33,738] [    INFO][0m -   Num Epochs = 1[0m
[1,0]<stdout>:[32m[2026-05-18 17:30:33,738] [    INFO][0m -   Instantaneous batch size per device = 1[0m
[1,0]<stdout>:[32m[2026-05-18 17:30:33,738] [    INFO][0m -   Total train batch size (w. parallel, distributed & accumulation) = 16[0m
[1,0]<stdout>:[32m[2026-05-18 17:30:33,738] [    INFO][0m -   Gradient Accumulation steps = 4[0m
[1,0]<stdout>:[32m[2026-05-18 17:30:33,738] [    INFO][0m -   Total optimization steps = 90[0m
[1,0]<stdout>:[32m[2026-05-18 17:30:33,738] [    INFO][0m -   Total num train samples = 1,440[0m
[1,0]<stdout>:[2026-05-18 17:30:33,741] [    INFO] pipeline_parallel.py:808 - Pipeline scheduler is in dynamic_shape mode=False
[1,0]<stdout>:[2026-05-18 17:30:33,741] [    INFO] pipeline_parallel.py:818 - dp_comm_overlap False;             sharding_comm_overlap False;             sharding_split_param True;
[1,0]<stdout>:[2026-05-18 17:30:33,742] [    INFO] pipeline_parallel.py:890 - Pipeline Info -- num_stages: 2, stage_id: 0
[1,0]<stdout>:[2026-05-18 17:30:33,742] [    INFO] pipeline_parallel.py:895 - start broadcast mp parameters
[1,0]<stdout>:W0518 17:30:33.778512 1280729 nccl_comm_context.cc:70] ncclCommInitRankConfigMemOpt is not supported.
[1,1]<stdout>:searching for causal dataset, build_indices=False, share_folder False, check_rank_flag False
[1,1]<stdout>:build success
[1,1]<stdout>:searching for causal dataset, build_indices=False, share_folder False, check_rank_flag False
[1,1]<stdout>:build success
[1,1]<stdout>:> building indices for blendable datasets ...
[1,1]<stdout>: > sample ratios:
[1,1]<stdout>:   dataset 0, input: 1, achieved: 1
[1,1]<stdout>:> building indices for blendable datasets ...
[1,1]<stdout>: > sample ratios:
[1,1]<stdout>:   dataset 0, input: 1, achieved: 1
[1,1]<stdout>:[32m[2026-05-18 17:30:33,627] [    INFO][0m - Setting max_seq_len to None using PaddleFormers Model.[0m
[1,1]<stdout>:callbacks: [<paddleformers.trainer.trainer_callback.FP8QuantWeightCallback object at 0x75c71c3d0470>]
[1,1]<stdout>:[35m[2026-05-18 17:30:33,628] [   DEBUG][0m - 8: main local process completed work, releasing all replicas[0m
[1,1]<stdout>:[32m[2026-05-18 17:30:33,629] [    INFO][0m - The global seed is set to 31, local seed is set to 47 and random seed is set to 23.[0m
[1,1]<stdout>:[32m[2026-05-18 17:30:33,693] [    INFO][0m - max_steps is given, it will override any value given in num_train_epochs[0m
[1,1]<stdout>:[32m[2026-05-18 17:30:33,693] [    INFO][0m - Using half precision[0m
[1,1]<stdout>:/root/paddlejob/share-storage/gpfs/system-public/liuyi39/hygon_2030/PaddleFormers/paddleformers/trainer/trainer.py:651: VisibleDeprecationWarning: [93m
[1,1]<stdout>:Warning:
[1,1]<stdout>:API "paddle.distributed.fleet.utils.mix_precision_utils.MixPrecisionScaler" is deprecated since 2.5.0, and will be removed in future versions. Please use "paddle.distributed_scaler" instead. [0m
[1,1]<stdout>:  mix_precision_utils.MixPrecisionScaler(self.scaler)  # return value has no use
[1,1]<stdout>:[35m[2026-05-18 17:30:33,696] [   DEBUG][0m - ============================================================[0m
[1,1]<stdout>:[35m[2026-05-18 17:30:33,696] [   DEBUG][0m -     Training Configuration Arguments    [0m
[1,1]<stdout>:[35m[2026-05-18 17:30:33,696] [   DEBUG][0m - paddle commit id              : fce480854934ec07ebf33e4fe460fd6944b9391c[0m
[1,1]<stdout>:[35m[2026-05-18 17:30:33,696] [   DEBUG][0m - paddleformers commit id       : 19b4e24fbe47fea9ef4383c7c9aa7d4da26b7a11.dirty[0m
[1,1]<stdout>:[35m[2026-05-18 17:30:33,696] [   DEBUG][0m - _no_sync_in_gradient_accumulation: True[0m
[1,1]<stdout>:[35m[2026-05-18 17:30:33,696] [   DEBUG][0m - adam_beta1                    : 0.9[0m
[1,1]<stdout>:[35m[2026-05-18 17:30:33,696] [   DEBUG][0m - adam_beta2                    : 0.999[0m
[1,1]<stdout>:[35m[2026-05-18 17:30:33,696] [   DEBUG][0m - adam_epsilon                  : 1e-08[0m
[1,1]<stdout>:[35m[2026-05-18 17:30:33,696] [   DEBUG][0m - amp_custom_black_list         : ['reduce_sum', 'softmax_with_cross_entropy', 'c_softmax_with_cross_entropy', 'elementwise_div', 'sin', 'cos'][0m
[1,1]<stdout>:[35m[2026-05-18 17:30:33,696] [   DEBUG][0m - amp_custom_white_list         : ['lookup_table', 'lookup_table_v2', 'flash_attn', 'matmul', 'matmul_v2', 'fused_gemm_epilogue'][0m
[1,1]<stdout>:[35m[2026-05-18 17:30:33,696] [   DEBUG][0m - amp_master_grad               : True[0m
[1,1]<stdout>:[35m[2026-05-18 17:30:33,697] [   DEBUG][0m - aoa_config                    : None[0m
[1,1]<stdout>:[35m[2026-05-18 17:30:33,697] [   DEBUG][0m - apply_rope_fusion             : False[0m
[1,1]<stdout>:[35m[2026-05-18 17:30:33,697] [   DEBUG][0m - attention_probs_dropout_prob  : 0.0[0m
[1,1]<stdout>:[35m[2026-05-18 17:30:33,697] [   DEBUG][0m - auto_parallel_resume_form_hybrid_parallel: False[0m
[1,1]<stdout>:[35m[2026-05-18 17:30:33,697] [   DEBUG][0m - auto_parallel_sync_shared_params: False[0m
[1,1]<stdout>:[35m[2026-05-18 17:30:33,697] [   DEBUG][0m - autotuner_benchmark           : False[0m
[1,1]<stdout>:[35m[2026-05-18 17:30:33,697] [   DEBUG][0m - balanced_image_preprocess     : False[0m
[1,1]<stdout>:[35m[2026-05-18 17:30:33,697] [   DEBUG][0m - batch_p2p_comm                : True[0m
[1,1]<stdout>:[35m[2026-05-18 17:30:33,697] [   DEBUG][0m - best_unbalanced_scheduler     : False[0m
[1,1]<stdout>:[35m[2026-05-18 17:30:33,697] [   DEBUG][0m - beta                          : 0.1[0m
[1,1]<stdout>:[35m[2026-05-18 17:30:33,697] [   DEBUG][0m - bf16                          : True[0m
[1,1]<stdout>:[35m[2026-05-18 17:30:33,697] [   DEBUG][0m - bf16_full_eval                : False[0m
[1,1]<stdout>:[35m[2026-05-18 17:30:33,697] [   DEBUG][0m - ckpt_quant_stage              : O0[0m
[1,1]<stdout>:[35m[2026-05-18 17:30:33,697] [   DEBUG][0m - clear_every_step_cache        : False[0m
[1,1]<stdout>:[35m[2026-05-18 17:30:33,697] [   DEBUG][0m - compute_type                  : bf16[0m
[1,1]<stdout>:[35m[2026-05-18 17:30:33,697] [   DEBUG][0m - context_parallel_rank         : 0[0m
[1,1]<stdout>:[35m[2026-05-18 17:30:33,697] [   DEBUG][0m - context_parallel_size         : 1[0m
[1,1]<stdout>:[35m[2026-05-18 17:30:33,697] [   DEBUG][0m - convert_from_hf               : True[0m
[1,1]<stdout>:[35m[2026-05-18 17:30:33,697] [   DEBUG][0m - copy_custom_file_list         : [0m
[1,1]<stdout>:[35m[2026-05-18 17:30:33,697] [   DEBUG][0m - count_trained_tokens          : False[0m
[1,1]<stdout>:[35m[2026-05-18 17:30:33,697] [   DEBUG][0m - cp_comm_type                  : None[0m
[1,1]<stdout>:[35m[2026-05-18 17:30:33,697] [   DEBUG][0m - cp_sharding_degree            : 1[0m
[1,1]<stdout>:[35m[2026-05-18 17:30:33,697] [   DEBUG][0m - cp_sharding_rank              : 2[0m
[1,1]<stdout>:[35m[2026-05-18 17:30:33,697] [   DEBUG][0m - current_device                : gpu:0[0m
[1,1]<stdout>:[35m[2026-05-18 17:30:33,697] [   DEBUG][0m - data_parallel_config          : [0m
[1,1]<stdout>:[35m[2026-05-18 17:30:33,698] [   DEBUG][0m - data_parallel_rank            : 0[0m
[1,1]<stdout>:[35m[2026-05-18 17:30:33,698] [   DEBUG][0m - data_parallel_size            : 1[0m
[1,1]<stdout>:[35m[2026-05-18 17:30:33,698] [   DEBUG][0m - dataloader_drop_last          : False[0m
[1,1]<stdout>:[35m[2026-05-18 17:30:33,698] [   DEBUG][0m - dataloader_num_workers        : 0[0m
[1,1]<stdout>:[35m[2026-05-18 17:30:33,698] [   DEBUG][0m - dataloader_shuffle            : True[0m
[1,1]<stdout>:[35m[2026-05-18 17:30:33,698] [   DEBUG][0m - dataset_batch_size            : 1000[0m
[1,1]<stdout>:[35m[2026-05-18 17:30:33,698] [   DEBUG][0m - dataset_kwargs                : {}[0m
[1,1]<stdout>:[35m[2026-05-18 17:30:33,698] [   DEBUG][0m - dataset_num_proc              : None[0m
[1,1]<stdout>:[35m[2026-05-18 17:30:33,698] [   DEBUG][0m - dataset_rank                  : 2[0m
[1,1]<stdout>:[35m[2026-05-18 17:30:33,698] [   DEBUG][0m - dataset_text_field            : text[0m
[1,1]<stdout>:[35m[2026-05-18 17:30:33,698] [   DEBUG][0m - dataset_world_size            : 4[0m
[1,1]<stdout>:[35m[2026-05-18 17:30:33,698] [   DEBUG][0m - ddp_find_unused_parameters    : None[0m
[1,1]<stdout>:[35m[2026-05-18 17:30:33,698] [   DEBUG][0m - decay_function                : half_life[0m
[1,1]<stdout>:[35m[2026-05-18 17:30:33,698] [   DEBUG][0m - decay_steps                   : 90[0m
[1,1]<stdout>:[35m[2026-05-18 17:30:33,698] [   DEBUG][0m - deterministic_mode            : False[0m
[1,1]<stdout>:[35m[2026-05-18 17:30:33,698] [   DEBUG][0m - device                        : gpu[0[1,1]<stdout>:m
[1,1]<stdout>:[35m[2026-05-18 17:30:33,698] [   DEBUG][0m - disable_tqdm                  : True[0m
[1,1]<stdout>:[35m[2026-05-18 17:30:33,698] [   DEBUG][0m - distributed_dataloader        : False[0m
[1,1]<stdout>:[35m[2026-05-18 17:30:33,698] [   DEBUG][0m - do_eval                       : False[0m
[1,1]<stdout>:[35m[2026-05-18 17:30:33,698] [   DEBUG][0m - do_export                     : False[0m
[1,1]<stdout>:[35m[2026-05-18 17:30:33,698] [   DEBUG][0m - do_predict                    : False[0m
[1,1]<stdout>:[35m[2026-05-18 17:30:33,698] [   DEBUG][0m - do_train                      : True[0m
[1,1]<stdout>:[35m[2026-05-18 17:30:33,698] [   DEBUG][0m - download_hub                  : None[0m
[1,1]<stdout>:[35m[2026-05-18 17:30:33,698] [   DEBUG][0m - dp_allreduce_avg_in_gradinent_scale: False[0m
[1,1]<stdout>:[35m[2026-05-18 17:30:33,698] [   DEBUG][0m - dp_comm_overlap               : False[0m
[1,1]<stdout>:[35m[2026-05-18 17:30:33,698] [   DEBUG][0m - dpop_lambda                   : 50[0m
[1,1]<stdout>:[35m[2026-05-18 17:30:33,698] [   DEBUG][0m - embedding_init_method         : None[0m
[1,1]<stdout>:[35m[2026-05-18 17:30:33,698] [   DEBUG][0m - embedding_init_method_std     : 0.02[0m
[1,1]<stdout>:[35m[2026-05-18 17:30:33,698] [   DEBUG][0m - enable_auto_parallel          : False[0m
[1,1]<stdout>:[35m[2026-05-18 17:30:33,699] [   DEBUG][0m - enable_linear_fused_grad_add  : False[0m
[1,1]<stdout>:[35m[2026-05-18 17:30:33,699] [   DEBUG][0m - enable_mtp_magic_send         : False[0m
[1,1]<stdout>:[35m[2026-05-18 17:30:33,699] [   DEBUG][0m - enable_sharding_comm_overlap  : False[0m
[1,1]<stdout>:[35m[2026-05-18 17:30:33,699] [   DEBUG][0m - enable_zero_cost_checkpoint   : False[0m
[1,1]<stdout>:[35m[2026-05-18 17:30:33,699] [   DEBUG][0m - estimation_output_file        : estimation_output.json[0m
[1,1]<stdout>:[35m[2026-05-18 17:30:33,699] [   DEBUG][0m - eval_accumulation_steps       : None[0m
[1,1]<stdout>:[35m[2026-05-18 17:30:33,699] [   DEBUG][0m - eval_batch_size               : 8[0m
[1,1]<stdout>:[35m[2026-05-18 17:30:33,699] [   DEBUG][0m - eval_iters                    : 10[0m
[1,1]<stdout>:[35m[2026-05-18 17:30:33,699] [   DEBUG][0m - eval_steps                    : 999[0m
[1,1]<stdout>:[35m[2026-05-18 17:30:33,699] [   DEBUG][0m - evaluation_strategy           : IntervalStrategy.NO[0m
[1,1]<stdout>:[35m[2026-05-18 17:30:33,699] [   DEBUG][0m - expert_model_parallel_size    : 1[0m
[1,1]<stdout>:[35m[2026-05-18 17:30:33,699] [   DEBUG][0m - expert_parallel_rank          : 0[0m
[1,1]<stdout>:[35m[2026-05-18 17:30:33,699] [   DEBUG][0m - expert_tensor_model_parallel_size: 1[0m
[1,1]<stdout>:[35m[2026-05-18 17:30:33,699] [   DEBUG][0m - fa_version                    : 4[0m
[1,1]<stdout>:[35m[2026-05-18 17:30:33,699] [   DEBUG][0m - factor                        : 20[0m
[1,1]<stdout>:[35m[2026-05-18 17:30:33,699] [   DEBUG][0m - flash_device_save_steps       : 0[0m
[1,1]<stdout>:[35m[2026-05-18 17:30:33,699] [   DEBUG][0m - flatten_param_grads           : False[0m
[1,1]<stdout>:[35m[2026-05-18 17:30:33,699] [   DEBUG][0m - flex_ckpt_comm_method         : None[0m
[1,1]<stdout>:[35m[2026-05-18 17:30:33,699] [   DEBUG][0m - force_reshard_pp              : False[0m
[1,1]<stdout>:[35m[2026-05-18 17:30:33,699] [   DEBUG][0m - forward_backward_overlap_scheduler: False[0m
[1,1]<stdout>:[35m[2026-05-18 17:30:33,699] [   DEBUG][0m - fp16                          : False[0m
[1,1]<stdout>:[35m[2026-05-18 17:30:33,699] [   DEBUG][0m - fp16_full_eval                : False[0m
[1,1]<stdout>:[35m[2026-05-18 17:30:33,699] [   DEBUG][0m - fp16_opt_level                : O1[0m
[1,1]<stdout>:[35m[2026-05-18 17:30:33,699] [   DEBUG][0m - fp32_residual_connection      : True[0m
[1,1]<stdout>:[35m[2026-05-18 17:30:33,699] [   DEBUG][0m - fp8                           : None[0m
[1,1]<stdout>:[35m[2026-05-18 17:30:33,699] [   DEBUG][0m - fp8_wgrad                     : True[0m
[1,1]<stdout>:[35m[2026-05-18 17:30:33,699] [   DEBUG][0m - freeze_config                 : [0m
[1,1]<stdout>:[35m[2026-05-18 17:30:33,699] [   DEBUG][0m - freeze_training               : False[0m
[1,1]<stdout>:[35m[2026-05-18 17:30:33,700] [   DEBUG][0m - fuse_optimizer_states         : False[0m
[1,1]<stdout>:[35m[2026-05-18 17:30:33,700] [   DEBUG][0m - fuse_sequence_parallel_allreduce: False[0m
[1,1]<stdout>:[35m[2026-05-18 17:30:33,700] [   DEBUG][0m - fuse_swiglu                   : False[0m
[1,1]<stdout>:[35m[2026-05-18 17:30:33,700] [   DEBUG][0m - gated_linear_unit             : True[0m
[1,1]<stdout>:[35m[2026-05-18 17:30:33,700] [   DEBUG][0m - gc_interval                   : 0[0m
[1,1]<stdout>:[35m[2026-05-18 17:30:33,700] [   DEBUG][0m - global_batch_size             : 16[0m
[1,1]<stdout>:[35m[2026-05-18 17:30:33,700] [   DEBUG][0m - global_logging_interval       : 1[0m
[1,1]<stdout>:[35m[2026-05-18 17:30:33,700] [   DEBUG][0m - gradient_accumulation_steps   : 4[0m
[1,1]<stdout>:[35m[2026-05-18 17:30:33,700] [   DEBUG][0m - gradient_sync_after_accumulate: False[0m
[1,1]<stdout>:[35m[2026-05-18 17:30:33,700] [   DEBUG][0m - greater_is_better             : None[0m
[1,1]<stdout>:[35m[2026-05-18 17:30:33,700] [   DEBUG][0m - hidden_dropout_prob           : 0.0[0m
[1,1]<stdout>:[35m[2026-05-18 17:30:33,700] [   DEBUG][0m - hidden_size                   : None[0m
[1,1]<stdout>:[35m[2026-05-18 17:30:33,700] [   DEBUG][0m - high_precision_rope           : False[0m
[1,1]<stdout>:[35m[2026-05-18 17:30:33,700] [   DEBUG][0m - hybrid_parallel_expert_grad_scale: 2.0[0m
[1,1]<stdout>:[35m[2026-05-18 17:30:33,700] [   DEBUG][0m - hybrid_parallel_topo_order    : sharding_first[0m
[1,1]<stdout>:[35m[2026-05-18 17:30:33,700] [   DEBUG][0m - ignore_data_skip              : False[0m
[1,1]<stdout>:[35m[2026-05-18 17:30:33,700] [   DEBUG][0m - ignore_eos_token              : False[0m
[1,1]<stdout>:[35m[2026-05-18 17:30:33,700] [   DEBUG][0m - ignore_load_lr_and_optim      : False[0m
[1,1]<stdout>:[35m[2026-05-18 17:30:33,700] [   DEBUG][0m - ignore_save_lr_and_optim      : False[0m
[1,1]<stdout>:[35m[2026-05-18 17:30:33,700] [   DEBUG][0m - init_method                   : None[0m
[1,1]<stdout>:[35m[2026-05-18 17:30:33,700] [   DEBUG][0m - intermediate_size             : None[0m
[1,1]<stdout>:[35m[2026-05-18 17:30:33,700] [   DEBUG][0m - label_names                   : None[0m
[1,1]<stdout>:[35m[2026-05-18 17:30:33,700] [   DEBUG][0m - label_smoothing               : 0.0[0m
[1,1]<stdout>:[35m[2026-05-18 17:30:33,700] [   DEBUG][0m - lazy_data_processing          : True[0m
[1,1]<stdout>:[35m[2026-05-18 17:30:33,700] [   DEBUG][0m - learning_rate                 : 0.0001[0m
[1,1]<stdout>:[35m[2026-05-18 17:30:33,700] [   DEBUG][0m - load_best_model_at_end        : False[0m
[1,1]<stdout>:[35m[2026-05-18 17:30:33,700] [   DEBUG][0m - load_checkpoint_format        : sharding_io[0m
[1,1]<stdout>:[35m[2026-05-18 17:30:33,700] [   DEBUG][0m - load_from_hf                  : False[0m
[1,1]<stdout>:[35m[2026-05-18 17:30:33,700] [   DEBUG][0m - load_sharded_model            : True[0m
[1,1]<stdout>:[35m[2026-05-18 17:30:33,700] [   DEBUG][0m - load_sharded_model_remap_parameter_name: False[0m
[1,1]<stdout>:[35m[2026-05-18 17:30:33,701] [   DEBUG][0m - load_via_cpu                  : True[0m
[1,1]<stdout>:[35m[2026-05-18 17:30:33,701] [   DEBUG][0m - local_process_index           : 0[0m
[1,1]<stdout>:[35m[2026-05-18 17:30:33,701] [   DEBUG][0m - local_rank                    : 0[0m
[1,1]<stdout>:[35m[2026-05-18 17:30:33,701] [   DEBUG][0m - log_global_grad_norm          : False[0m
[1,1]<stdout>:[35m[2026-05-18 17:30:33,701] [   DEBUG][0m - log_level                     : -1[0m
[1,1]<stdout>:[35m[2026-05-18 17:30:33,701] [   DEBUG][0m - log_level_replica             : -1[0m
[1,1]<stdout>:[35m[2026-05-18 17:30:33,701] [   DEBUG][0m - log_on_each_node              : True[0m
[1,1]<stdout>:[35m[2026-05-18 17:30:33,701] [   DEBUG][0m - logging_dir                   : ./logs/pt/llama3-8b_elastic[0m
[1,1]<stdout>:[35m[2026-05-18 17:30:33,701] [   DEBUG][0m - logging_first_step            : False[0m
[1,1]<stdout>:[35m[2026-05-18 17:30:33,701] [   DEBUG][0m - logging_steps                 : 1[0m
[1,1]<stdout>:[35m[2026-05-18 17:30:33,701] [   DEBUG][0m - logging_strategy              : IntervalStrategy.STEPS[0m
[1,1]<stdout>:[35m[2026-05-18 17:30:33,701] [   DEBUG][0m - logical_process_index         : 8[0m
[1,1]<stdout>:[35m[2026-05-18 17:30:33,701] [   DEBUG][0m - loss_subbatch_sequence_length : -1[0m
[1,1]<stdout>:[35m[2026-05-18 17:30:33,701] [   DEBUG][0m - loss_type                     : sigmoid[0m
[1,1]<stdout>:[35m[2026-05-18 17:30:33,701] [   DEBUG][0m - lr_end                        : 1e-07[0m
[1,1]<stdout>:[35m[2026-05-18 17:30:33,701] [   DEBUG][0m - lr_scheduler                  : cosine[0m
[1,1]<stdout>:[35m[2026-05-18 17:30:33,701] [   DEBUG][0m - lr_scheduler_type             : SchedulerType.LINEAR[0m
[1,1]<stdout>:[35m[2026-05-18 17:30:33,701] [   DEBUG][0m - max_estimate_samples          : 100000.0[0m
[1,1]<stdout>:[35m[2026-05-18 17:30:33,701] [   DEBUG][0m - max_evaluate_steps            : -1[0m
[1,1]<stdout>:[35m[2026-05-18 17:30:33,701] [   DEBUG][0m - max_grad_norm                 : 1.0[0m
[1,1]<stdout>:[35m[2026-05-18 17:30:33,701] [   DEBUG][0m - max_gradient_accumulation_steps: 4[0m
[1,1]<stdout>:[35m[2026-05-18 17:30:33,701] [   DEBUG][0m - max_seq_len                   : 4096[0m
[1,1]<stdout>:[35m[2026-05-18 17:30:33,701] [   DEBUG][0m - max_steps                     : 90[0m
[1,1]<stdout>:[35m[2026-05-18 17:30:33,701] [   DEBUG][0m - merge_with_qdq_base_model     : False[0m
[1,1]<stdout>:[35m[2026-05-18 17:30:33,701] [   DEBUG][0m - metric_for_best_model         : None[0m
[1,1]<stdout>:[35m[2026-05-18 17:30:33,701] [   DEBUG][0m - metrics_output_path           : None[0m
[1,1]<stdout>:[35m[2026-05-18 17:30:33,701] [   DEBUG][0m - min_lr                        : 0.0[0m
[1,1]<stdout>:[35m[2026-05-18 17:30:33,701] [   DEBUG][0m - minimum_eval_times            : None[0m
[1,1]<stdout>:[35m[2026-05-18 17:30:33,702] [   DEBUG][0m - model_name_or_path            : ./models/Llama-3-8b[0m
[1,1]<stdout>:[35m[2026-05-18 17:30:33,702] [   DEBUG][0m - moe_deep_gemm                 : False[0m
[1,1]<stdout>:[35m[2026-05-18 17:30:33,702] [   DEBUG][0m - moe_deepep_num_sms            : None[0m
[1,1]<stdout>:[35m[2026-05-18 17:30:33,702] [   DEBUG][0m - moe_dequant_input             : False[0m
[1,1]<stdout>:[35m[2026-05-18 17:30:33,702] [   DEBUG][0m - moe_dropout_prob              : 0.0[0m
[1,1]<stdout>:[35m[2026-05-18 17:30:33,702] [   DEBUG][0m - moe_ep_barrier                : True[0m
[1,1]<stdout>:[35m[2026-05-18 17:30:33,702] [   DEBUG][0m - moe_expert_capacity_factor    : 0.0[0m
[1,1]<stdout>:[35m[2026-05-18 17:30:33,702] [   DEBUG][0m - moe_expert_fusion             : True[0m
[1,1]<stdout>:[35m[2026-05-18 17:30:33,702] [   DEBUG][0m - moe_gate_lr_ratio             : None[0m
[1,1]<stdout>:[35m[2026-05-18 17:30:33,702] [   DEBUG][0m - moe_grouped_gemm              : False[0m
[1,1]<stdout>:[35m[2026-05-18 17:30:33,702] [   DEBUG][0m - moe_pad_expert_input_to_capacity: False[0m
[1,1]<stdout>:[35m[2026-05-18 17:30:33,702] [   DEBUG][0m - moe_router_bias_update_rate   : 0.0[0m
[1,1]<stdout>:[35m[2026-05-18 17:30:33,702] [   DEBUG][0m - moe_router_force_load_balancing: False[0m
[1,1]<stdout>:[35m[2026-05-18 17:30:33,702] [   DEBUG][0m - moe_router_fusion             : True[0m
[1,1]<stdout>:[35m[2026-05-18 17:30:33,702] [   DEBUG][0m - moe_router_load_balancing_type: seq_aux_loss[0m
[1,1]<stdout>:[35m[2026-05-18 17:30:33,702] [   DEBUG][0m - moe_sharding_parallel_rank    : 0[0m
[1,1]<stdout>:[35m[2026-05-18 17:30:33,702] [   DEBUG][0m - moe_sharding_parallel_size    : 1[0m
[1,1]<stdout>:[35m[2026-05-18 17:30:33,702] [   DEBUG][0m - moe_shared_expert_overlap     : True[0m
[1,1]<stdout>:[35m[2026-05-18 17:30:33,702] [   DEBUG][0m - moe_subbatch_token_num_after_dispatch: None[0m
[1,1]<stdout>:[35m[2026-05-18 17:30:33,702] [   DEBUG][0m - moe_subbatch_token_num_before_dispatch: 0[0m
[1,1]<stdout>:[35m[2026-05-18 17:30:33,702] [   DEBUG][0m - moe_token_dispatcher_type     : deepep[0m
[1,1]<stdout>:[35m[2026-05-18 17:30:33,702] [   DEBUG][0m - moe_token_drop_policy         : probs[0m
[1,1]<stdout>:[35m[2026-05-18 17:30:33,702] [   DEBUG][0m - moe_use_fusion_node           : True[0m
[1,1]<stdout>:[35m[2026-05-18 17:30:33,702] [   DEBUG][0m - moe_with_send_router_loss     : True[0m
[1,1]<stdout>:[35m[2026-05-18 17:30:33,702] [   DEBUG][0m - mp_async_allreduce            : False[0m
[1,1]<stdout>:[35m[2026-05-18 17:30:33,702] [   DEBUG][0m - mp_fused_linear_param_grad_add: False[0m
[1,1]<stdout>:[35m[2026-05-18 17:30:33,702] [   DEBUG][0m - mp_skip_c_identity            : False[0m
[1,1]<stdout>:[35m[2026-05-18 17:30:33,702] [   DEBUG][0m - mtp_distillation_loss         : False[0m
[1,1]<stdout>:[35m[2026-05-18 17:30:33,702] [   DEBUG][0m - mtp_num_layers                : 0[0m
[1,1]<stdout>:[35m[2026-05-18 17:30:33,702] [   DEBUG][0m - multi_latent_attention        : False[0m
[1,1]<stdout>:[35m[2026-05-18 17:30:33,703] [   DEBUG][0m - muon_exclude_patterns         : ['embed', 'bias', 'lm_head', 'mlp.gate'][0m
[1,1]<stdout>:[35m[2026-05-18 17:30:33,703] [   DEBUG][0m - muon_extra_scale_factor       : 0.2[0m
[1,1]<stdout>:[35m[2026-05-18 17:30:33,703] [   DEBUG][0m - muon_ffn_split                : True[0m
[1,1]<stdout>:[35m[2026-05-18 17:30:33,703] [   DEBUG][0m - muon_momentum                 : 0.95[0m
[1,1]<stdout>:[35m[2026-05-18 17:30:33,703] [   DEBUG][0m - muon_ns_coeff_type            : quintic[0m
[1,1]<stdout>:[35m[2026-05-18 17:30:33,703] [   DEBUG][0m - muon_ns_coeffs                : None[0m
[1,1]<stdout>:[35m[2026-05-18 17:30:33,703] [   DEBUG][0m - muon_ns_steps                 : 5[0m
[1,1]<stdout>:[35m[2026-05-18 17:30:33,703] [   DEBUG][0m - muon_qkv_update_mode          : split_head[0m
[1,1]<stdout>:[35m[2026-05-18 17:30:33,703] [   DEBUG][0m - muon_version                  : 3[0m
[1,1]<stdout>:[35m[2026-05-18 17:30:33,703] [   DEBUG][0m - n_routed_experts              : None[0m
[1,1]<stdout>:[35m[2026-05-18 17:30:33,703] [   DEBUG][0m - nccl_comm_group_config        : None[0m
[1,1]<stdout>:[35m[2026-05-18 17:30:33,703] [   DEBUG][0m - need_data                     : True[0m
[1,1]<stdout>:[35m[2026-05-18 17:30:33,703] [   DEBUG][0m - no_cuda                       : False[0m
[1,1]<stdout>:[35m[2026-05-18 17:30:33,703] [   DEBUG][0m - no_recompute_layers           : None[0m
[1,1]<stdout>:[35m[2026-05-18 17:30:33,703] [   DEBUG][0m - no_rope_freq                  : False[0m
[1,1]<stdout>:[35m[2026-05-18 17:30:33,703] [   DEBUG][0m - non_batch_p2p_comm            : False[0m
[1,1]<stdout>:[35m[2026-05-18 17:30:33,703] [   DEBUG][0m - normalization                 : RMSNorm[0m
[1,1]<stdout>:[35m[2026-05-18 17:30:33,703] [   DEBUG][0m - normalize_logps               : False[0m
[1,1]<stdout>:[35m[2026-05-18 17:30:33,703] [   DEBUG][0m - num_attention_heads           : None[0m
[1,1]<stdout>:[35m[2026-05-18 17:30:33,703] [   DEBUG][0m - num_consecutive               : 1[0m
[1,1]<stdout>:[35m[2026-05-18 17:30:33,703] [   DEBUG][0m - num_cycles                    : 0.5[0m
[1,1]<stdout>:[35m[2026-05-18 17:30:33,703] [   DEBUG][0m - num_empty_layers_add_in_head  : 0[0m
[1,1]<stdout>:[35m[2026-05-18 17:30:33,703] [   DEBUG][0m - num_empty_layers_add_in_tail  : 0[0m
[1,1]<stdout>:[35m[2026-05-18 17:30:33,703] [   DEBUG][0m - num_experts_per_tok           : None[0m
[1,1]<stdout>:[35m[2026-05-18 17:30:33,703] [   DEBUG][0m - num_hidden_layers             : None[0m
[1,1]<stdout>:[35m[2026-05-18 17:30:33,703] [   DEBUG][0m - num_key_value_heads           : None[0m
[1,1]<stdout>:[35m[2026-05-18 17:30:33,703] [   DEBUG][0m - num_nextn_predict_layers      : 0[0m
[1,1]<stdout>:[35m[2026-05-18 17:30:33,703] [   DEBUG][0m - num_of_gpus                   : -1[0m
[1,1]<stdout>:[35m[2026-05-18 17:30:33,703] [   DEBUG][0m - num_train_epochs              : 1.0[0m
[1,1]<stdout>:[35m[2026-05-18 17:30:33,704] [   DEBUG][0m - offload_fp8_expert_master_weight: True[0m
[1,1]<stdout>:[35m[2026-05-18 17:30:33,704] [   DEBUG][0m - offload_queue                 : False[0m
[1,1]<stdout>:[35m[2026-05-18 17:30:33,704] [   DEBUG][0m - offset_alpha                  : 0.0[0m
[1,1]<stdout>:[35m[2026-05-18 17:30:33,704] [   DEBUG][0m - online_merge_ema              : True[0m
[1,1]<stdout>:[35m[2026-05-18 17:30:33,704] [   DEBUG][0m - optim                         : OptimizerNames.ADAMW[0m
[1,1]<stdout>:[35m[2026-05-18 17:30:33,704] [   DEBUG][0m - optim_shard_num               : 1[0m
[1,1]<stdout>:[35m[2026-05-18 17:30:33,704] [   DEBUG][0m - optimizer_name_suffix         : tp00_pp00_shard02[0m
[1,1]<stdout>:[35m[2026-05-18 17:30:33,704] [   DEBUG][0m - ordered_save_group_size       : 0[0m
[1,1]<stdout>:[35m[2026-05-18 17:30:33,704] [   DEBUG][0m - output_dir                    : ./checkpoints/pt/llama3-8b_elastic[0m
[1,1]<stdout>:[35m[2026-05-18 17:30:33,704] [   DEBUG][0m - output_layer_init_method      : None[0m
[1,1]<stdout>:[35m[2026-05-18 17:30:33,704] [   DEBUG][0m - output_signal_dir             : ./checkpoints/pt/llama3-8b_elastic[0m
[1,1]<stdout>:[35m[2026-05-18 17:30:33,704] [   DEBUG][0m - overlap                       : False[0m
[1,1]<stdout>:[35m[2026-05-18 17:30:33,704] [   DEBUG][0m - overlap_p2p_comm              : False[0m
[1,1]<stdout>:[35m[2026-05-18 17:30:33,704] [   DEBUG][0m - overwrite_output_dir          : True[0m
[1,1]<stdout>:[35m[2026-05-18 17:30:33,704] [   DEBUG][0m - p2p_cache_shape               : True[0m
[1,1]<stdout>:[35m[2026-05-18 17:30:33,704] [   DEBUG][0m - pad_token_id                  : 0[0m
[1,1]<stdout>:[35m[2026-05-18 17:30:33,704] [   DEBUG][0m - partial_send_recv             : True[0m
[1,1]<stdout>:[35m[2026-05-18 17:30:33,704] [   DEBUG][0m - past_index                    : -1[0m
[1,1]<stdout>:[35m[2026-05-18 17:30:33,704] [   DEBUG][0m - pdc_download_ckpt             : False[0m
[1,1]<stdout>:[35m[2026-05-18 17:30:33,704] [   DEBUG][0m - pdc_download_timeout          : 300[0m
[1,1]<stdout>:[35m[2026-05-18 17:30:33,704] [   DEBUG][0m - per_device_eval_batch_size    : 8[0m
[1,1]<stdout>:[35m[2026-05-18 17:30:33,704] [   DEBUG][0m - per_device_train_batch_size   : 1[0m
[1,1]<stdout>:[35m[2026-05-18 17:30:33,704] [   DEBUG][0m - pipeline_model_parallel_size  : 2[0m
[1,1]<stdout>:[35m[2026-05-18 17:30:33,704] [   DEBUG][0m - pipeline_parallel_config      : [0m
[1,1]<stdout>:[35m[2026-05-18 17:30:33,704] [   DEBUG][0m - pipeline_parallel_rank        : 0[0m
[1,1]<stdout>:[35m[2026-05-18 17:30:33,704] [   DEBUG][0m - position_embedding_type       : rope[0m
[1,1]<stdout>:[35m[2026-05-18 17:30:33,704] [   DEBUG][0m - power                         : 1.0[0m
[1,1]<stdout>:[35m[2026-05-18 17:30:33,704] [   DEBUG][0m - pp_delay_scale_loss           : True[0m
[1,1]<stdout>:[35m[2026-05-18 17:30:33,704] [   DEBUG][0m - pp_need_data                  : False[0m
[1,1]<stdout>:[35m[2026-05-18 17:30:33,705] [   DEBUG][0m - pp_need_data_degree           : 0[0m
[1,1]<stdout>:[35m[2026-05-18 17:30:33,705] [   DEBUG][0m - pp_release_grads              : False[0m
[1,1]<stdout>:[35m[2026-05-18 17:30:33,705] [   DEBUG][0m - pp_sharding_comm_overlap      : False[0m
[1,1]<stdout>:[35m[2026-05-18 17:30:33,705] [   DEBUG][0m - pp_sync_moment                : False[0m
[1,1]<stdout>:[35m[2026-05-18 17:30:33,705] [   DEBUG][0m - pp_sync_param                 : False[0m
[1,1]<stdout>:[35m[2026-05-18 17:30:33,705] [   DEBUG][0m - pre_alloc_memory              : 0[0m
[1,1]<stdout>:[35m[2026-05-18 17:30:33,705] [   DEBUG][0m - prediction_loss_only          : False[0m
[1,1]<stdout>:[35m[2026-05-18 17:30:33,705] [   DEBUG][0m - pref_loss_ratio               : 1.0[0m
[1,1]<stdout>:[35m[2026-05-18 17:30:33,705] [   DEBUG][0m - prefetch_factor               : 2[0m
[1,1]<stdout>:[35m[2026-05-18 17:30:33,705] [   DEBUG][0m - process_index                 : 8[0m
[1,1]<stdout>:[35m[2026-05-18 17:30:33,705] [   DEBUG][0m - profile                       : False[0m
[1,1]<stdout>:[35m[2026-05-18 17:30:33,705] [   DEBUG][0m - profile_step_end              : 12[0m
[1,1]<stdout>:[35m[2026-05-18 17:30:33,705] [   DEBUG][0m - profile_step_start            : 10[0m
[1,1]<stdout>:[35m[2026-05-18 17:30:33,705] [   DEBUG][0m - recompute_granularity         : full[0m
[1,1]<stdout>:[35m[2026-05-18 17:30:33,705] [   DEBUG][0m - recompute_method              : uniform[0m
[1,1]<stdout>:[35m[2026-05-18 17:30:33,705] [   DEBUG][0m - recompute_modules             : None[0m
[1,1]<stdout>:[35m[2026-05-18 17:30:33,705] [   DEBUG][0m - recompute_mtp_granularity     : None[0m
[1,1]<stdout>:[35m[2026-05-18 17:30:33,705] [   DEBUG][0m - recompute_mtp_method          : None[0m
[1,1]<stdout>:[35m[2026-05-18 17:30:33,705] [   DEBUG][0m - recompute_mtp_modules         : None[0m
[1,1]<stdout>:[35m[2026-05-18 17:30:33,705] [   DEBUG][0m - recompute_num_layers          : 1[0m
[1,1]<stdout>:[35m[2026-05-18 17:30:33,705] [   DEBUG][0m - recompute_use_reentrant       : True[0m
[1,1]<stdout>:[35m[2026-05-18 17:30:33,705] [   DEBUG][0m - reeao_dataset_rank            : 2[0m
[1,1]<stdout>:[35m[2026-05-18 17:30:33,705] [   DEBUG][0m - reeao_dataset_world_size      : 4[0m
[1,1]<stdout>:[35m[2026-05-18 17:30:33,705] [   DEBUG][0m - ref_model_update_steps        : -1[0m
[1,1]<stdout>:[35m[2026-05-18 17:30:33,705] [   DEBUG][0m - reference_free                : False[0m
[1,1]<stdout>:[35m[2026-05-18 17:30:33,705] [   DEBUG][0m - release_grads                 : False[0m
[1,1]<stdout>:[35m[2026-05-18 17:30:33,705] [   DEBUG][0m - remove_unused_columns         : True[0m
[1,1]<stdout>:[35m[2026-05-18 17:30:33,705] [   DEBUG][0m - reorder_pipeline_priority     : False[0m
[1,1]<stdout>:[35m[2026-05-18 17:30:33,705] [   DEBUG][0m - replace_with_c_embedding      : False[0m
[1,1]<stdout>:[35m[2026-05-18 17:30:33,706] [   DEBUG][0m - replace_with_parallel_cross_entropy: False[0m
[1,1]<stdout>:[35m[2026-05-18 17:30:33,706] [   DEBUG][0m - replicate_saved_into_local    : False[0m
[1,1]<stdout>:[35m[2026-05-18 17:30:33,706] [   DEBUG][0m - report_to                     : ['visualdl'][0m
[1,1]<stdout>:[35m[2026-05-18 17:30:33,706] [   DEBUG][0m - resume_from_checkpoint        : None[0m
[1,1]<stdout>:[35m[2026-05-18 17:30:33,706] [   DEBUG][0m - resume_from_huggingface_ckpt  : None[0m
[1,1]<stdout>:[35m[2026-05-18 17:30:33,706] [   DEBUG][0m - router_aux_loss_coef          : 0.0[0m
[1,1]<stdout>:[35m[2026-05-18 17:30:33,706] [   DEBUG][0m - router_z_loss_coef            : None[0m
[1,1]<stdout>:[35m[2026-05-18 17:30:33,706] [   DEBUG][0m - run_name                      : ./checkpoints/pt/llama3-8b_elastic[0m
[1,1]<stdout>:[35m[2026-05-18 17:30:33,706] [   DEBUG][0m - same_data                     : None[0m
[1,1]<stdout>:[35m[2026-05-18 17:30:33,706] [   DEBUG][0m - save_checkpoint_format        : sharding_io[0m
[1,1]<stdout>:[35m[2026-05-18 17:30:33,706] [   DEBUG][0m - save_hf_memory_growth_threshold: 8[0m
[1,1]<stdout>:[35m[2026-05-18 17:30:33,706] [   DEBUG][0m - save_hf_steps                 : -1[0m
[1,1]<stdout>:[35m[2026-05-18 17:30:33,706] [   DEBUG][0m - save_hf_total_limit           : None[0m
[1,1]<stdout>:[35m[2026-05-18 17:30:33,706] [   DEBUG][0m - save_last_step                : False[0m
[1,1]<stdout>:[35m[2026-05-18 17:30:33,706] [   DEBUG][0m - save_on_each_node             : False[0m
[1,1]<stdout>:[35m[2026-05-18 17:30:33,706] [   DEBUG][0m - save_rng_states               : False[0m
[1,1]<stdout>:[35m[2026-05-18 17:30:33,706] [   DEBUG][0m - save_sharded_model            : True[0m
[1,1]<stdout>:[35m[2026-05-18 17:30:33,706] [   DEBUG][0m - save_sharding_stage1_model_include_freeze_params: False[0m
[1,1]<stdout>:[35m[2026-05-18 17:30:33,706] [   DEBUG][0m - save_steps                    : 30[0m
[1,1]<stdout>:[35m[2026-05-18 17:30:33,706] [   DEBUG][0m - save_strategy                 : IntervalStrategy.STEPS[0m
[1,1]<stdout>:[35m[2026-05-18 17:30:33,706] [   DEBUG][0m - save_to_hf                    : False[0m
[1,1]<stdout>:[35m[2026-05-18 17:30:33,706] [   DEBUG][0m - save_tokenizer                : True[0m
[1,1]<stdout>:[35m[2026-05-18 17:30:33,706] [   DEBUG][0m - save_total_limit              : 1[0m
[1,1]<stdout>:[35m[2026-05-18 17:30:33,706] [   DEBUG][0m - scale_loss                    : 32768[0m
[1,1]<stdout>:[35m[2026-05-18 17:30:33,706] [   DEBUG][0m - sd_release_grads              : False[0m
[1,1]<stdout>:[35m[2026-05-18 17:30:33,706] [   DEBUG][0m - sd_sharding_comm_overlap      : False[0m
[1,1]<stdout>:[35m[2026-05-18 17:30:33,706] [   DEBUG][0m - sd_shardingv1_comm_overlap    : False[0m
[1,1]<stdout>:[35m[2026-05-18 17:30:33,706] [   DEBUG][0m - seed                          : 23[0m
[1,1]<stdout>:[35m[2026-05-18 17:30:33,706] [   DEBUG][0m - send_recv_overlap             : False[0m
[1,1]<stdout>:[35m[2026-05-18 17:30:33,706] [   DEBUG][0m - sep_parallel_size             : 1[0m
[1,1]<stdout>:[35m[2026-05-18 17:30:33,707] [   DEBUG][0m - sequence_parallel             : False[0m
[1,1]<stdout>:[35m[2026-05-18 17:30:33,707] [   DEBUG][0m - sequence_parallel_config      : [0m
[1,1]<stdout>:[35m[2026-05-18 17:30:33,707] [   DEBUG][0m - sft_loss_ratio                : 0.0[0m
[1,1]<stdout>:[35m[2026-05-18 17:30:33,707] [   DEBUG][0m - sharded_model_from_ema        : False[0m
[1,1]<stdout>:[35m[2026-05-18 17:30:33,707] [   DEBUG][0m - sharding                      : [<ShardingOption.SHARD_OP: 'stage1'>][0m
[1,1]<stdout>:[35m[2026-05-18 17:30:33,707] [   DEBUG][0m - sharding_comm_buffer_size_MB  : -1[0m
[1,1]<stdout>:[35m[2026-05-18 17:30:33,707] [   DEBUG][0m - sharding_degree               : -1[0m
[1,1]<stdout>:[35m[2026-05-18 17:30:33,707] [   DEBUG][0m - sharding_offload_opt_buffersize_GB: -1[0m
[1,1]<stdout>:[35m[2026-05-18 17:30:33,707] [   DEBUG][0m - sharding_parallel_config      : [0m
[1,1]<stdout>:[35m[2026-05-18 17:30:33,707] [   DEBUG][0m - sharding_parallel_mesh_dimension: dp[0m
[1,1]<stdout>:[35m[2026-05-18 17:30:33,707] [   DEBUG][0m - sharding_parallel_rank        : 2[0m
[1,1]<stdout>:[35m[2026-05-18 17:30:33,707] [   DEBUG][0m - sharding_parallel_size        : 4[0m
[1,1]<stdout>:[35m[2026-05-18 17:30:33,707] [   DEBUG][0m - should_load_dataset           : True[0m
[1,1]<stdout>:[35m[2026-05-18 17:30:33,707] [   DEBUG][0m - should_load_sharding_stage1_model: True[0m
[1,1]<stdout>:[35m[2026-05-18 17:30:33,707] [   DEBUG][0m - should_log                    : True[0m
[1,1]<stdout>:[35m[2026-05-18 17:30:33,707] [   DEBUG][0m - should_save                   : False[0m
[1,1]<stdout>:[35m[2026-05-18 17:30:33,707] [   DEBUG][0m - should_save_model_state       : True[0m
[1,1]<stdout>:[35m[2026-05-18 17:30:33,707] [   DEBUG][0m - should_save_model_with_tensor_fusion: False[0m
[1,1]<stdout>:[35m[2026-05-18 17:30:33,707] [   DEBUG][0m - should_save_sharding_stage1_model: True[0m
[1,1]<stdout>:[35m[2026-05-18 17:30:33,707] [   DEBUG][0m - shuffle_consecutive           : False[0m
[1,1]<stdout>:[35m[2026-05-18 17:30:33,707] [   DEBUG][0m - simpo_gamma                   : 0.5[0m
[1,1]<stdout>:[35m[2026-05-18 17:30:33,707] [   DEBUG][0m - skip_data_intervals           : None[0m
[1,1]<stdout>:[35m[2026-05-18 17:30:33,707] [   DEBUG][0m - skip_memory_metrics           : True[0m
[1,1]<stdout>:[35m[2026-05-18 17:30:33,707] [   DEBUG][0m - skip_profile_timer            : True[0m
[1,1]<stdout>:[35m[2026-05-18 17:30:33,707] [   DEBUG][0m - softmax_scale                 : None[0m
[1,1]<stdout>:[35m[2026-05-18 17:30:33,707] [   DEBUG][0m - softmax_type                  : vanilla[0m
[1,1]<stdout>:[35m[2026-05-18 17:30:33,707] [   DEBUG][0m - sp_allreduce_avg_in_gradinent_scale: False[0m
[1,1]<stdout>:[35m[2026-05-18 17:30:33,707] [   DEBUG][0m - sp_async_reduce_scatter       : False[0m
[1,1]<stdout>:[35m[2026-05-18 17:30:33,707] [   DEBUG][0m - split_backward                : False[0m
[1,1]<stdout>:[35m[2026-05-18 17:30:33,707] [   DEBUG][0m - split_inputs_sequence_dim     : True[0m
[1,1]<stdout>:[35m[2026-05-18 17:30:33,708] [   DEBUG][0m - split_norm_comm               : False[0m
[1,1]<stdout>:[35m[2026-05-18 17:30:33,708] [   DEBUG][0m - split_param                   : True[0m
[1,1]<stdout>:[35m[2026-05-18 17:30:33,708] [   DEBUG][0m - stage1_allgather_overlap      : False[0m
[1,1]<stdout>:[35m[2026-05-18 17:30:33,708] [   DEBUG][0m - stage1_broadcast_overlap      : False[0m
[1,1]<stdout>:[35m[2026-05-18 17:30:33,708] [   DEBUG][0m - stage1_overlap                : False[0m
[1,1]<stdout>:[35m[2026-05-18 17:30:33,708] [   DEBUG][0m - stage1_reduce_avg             : True[0m
[1,1]<stdout>:[35m[2026-05-18 17:30:33,708] [   DEBUG][0m - stage1_tensor_fusion          : False[0m
[1,1]<stdout>:[35m[2026-05-18 17:30:33,708] [   DEBUG][0m - stage2_overlap                : False[0m
[1,1]<stdout>:[35m[2026-05-18 17:30:33,708] [   DEBUG][0m - sync_grad                     : False[0m
[1,1]<stdout>:[35m[2026-05-18 17:30:33,708] [   DEBUG][0m - tensor_fusion                 : False[0m
[1,1]<stdout>:[35m[2026-05-18 17:30:33,708] [   DEBUG][0m - tensor_model_parallel_size    : 2[0m
[1,1]<stdout>:[35m[2026-05-18 17:30:33,708] [   DEBUG][0m - tensor_parallel_config        : [0m
[1,1]<stdout>:[35m[2026-05-18 17:30:33,708] [   DEBUG][0m - tensor_parallel_output        : True[0m
[1,1]<stdout>:[35m[2026-05-18 17:30:33,708] [   DEBUG][0m - tensor_parallel_rank          : 0[0m
[1,1]<stdout>:[35m[2026-05-18 17:30:33,708] [   DEBUG][0m - tensorwise_offload_optimizer  : False[0m
[1,1]<stdout>:[35m[2026-05-18 17:30:33,708] [   DEBUG][0m - test_iters                    : 100[0m
[1,1]<stdout>:[35m[2026-05-18 17:30:33,708] [   DEBUG][0m - tie_word_embeddings           : None[0m
[1,1]<stdout>:[35m[2026-05-18 17:30:33,708] [   DEBUG][0m - timer                         : False[0m
[1,1]<stdout>:[35m[2026-05-18 17:30:33,708] [   DEBUG][0m - to_static                     : False[0m
[1,1]<stdout>:[35m[2026-05-18 17:30:33,708] [   DEBUG][0m - token_balance_loss            : False[0m
[1,1]<stdout>:[35m[2026-05-18 17:30:33,708] [   DEBUG][0m - tp_async_allreduce            : False[0m
[1,1]<stdout>:[35m[2026-05-18 17:30:33,708] [   DEBUG][0m - tp_sync_moment                : False[0m
[1,1]<stdout>:[35m[2026-05-18 17:30:33,708] [   DEBUG][0m - tp_sync_param                 : False[0m
[1,1]<stdout>:[35m[2026-05-18 17:30:33,708] [   DEBUG][0m - train_batch_size              : 1[0m
[1,1]<stdout>:[35m[2026-05-18 17:30:33,708] [   DEBUG][0m - train_mtp_only                : False[0m
[1,1]<stdout>:[35m[2026-05-18 17:30:33,708] [   DEBUG][0m - unified_checkpoint            : False[0m
[1,1]<stdout>:[35m[2026-05-18 17:30:33,708] [   DEBUG][0m - unified_checkpoint_config     : [0m
[1,1]<stdout>:[35m[2026-05-18 17:30:33,708] [   DEBUG][0m - use_async_save                : False[0m
[1,1]<stdout>:[35m[2026-05-18 17:30:33,708] [   DEBUG][0m - use_cache                     : False[0m
[1,1]<stdout>:[35m[2026-05-18 17:30:33,708] [   DEBUG][0m - use_dualpipev                 : False[0m
[1,1]<stdout>:[35m[2026-05-18 17:30:33,708] [   DEBUG][0m - use_expert_parallel           : False[0m
[1,1]<stdout>:[35m[2026-05-18 17:30:33,709] [   DEBUG][0m - use_filtered_label_loss       : False[0m
[1,1]<stdout>:[35m[2026-05-18 17:30:33,709] [   DEBUG][0m - use_fp8                       : False[0m
[1,1]<stdout>:[35m[2026-05-18 17:30:33,709] [   DEBUG][0m - use_fused_head_and_loss_fn    : False[0m
[1,1]<stdout>:[35m[2026-05-18 17:30:33,709] [   DEBUG][0m - use_fused_linear_cross_entropy: False[0m
[1,1]<stdout>:[35m[2026-05-18 17:30:33,709] [   DEBUG][0m - use_hybrid_parallel           : True[0m
[1,1]<stdout>:[35m[2026-05-18 17:30:33,709] [   DEBUG][0m - use_intermediate_api          : False[0m
[1,1]<stdout>:[35m[2026-05-18 17:30:33,709] [   DEBUG][0m - use_lowprecision_moment       : False[0m
[1,1]<stdout>:[35m[2026-05-18 17:30:33,709] [   DEBUG][0m - use_moe                       : False[0m
[1,1]<stdout>:[35m[2026-05-18 17:30:33,709] [   DEBUG][0m - use_ortho_loss_callback       : False[0m
[1,1]<stdout>:[35m[2026-05-18 17:30:33,709] [   DEBUG][0m - use_qk_norm                   : None[0m
[1,1]<stdout>:[35m[2026-05-18 17:30:33,709] [   DEBUG][0m - use_recompute_mtp             : False[0m
[1,1]<stdout>:[35m[2026-05-18 17:30:33,709] [   DEBUG][0m - use_unified_moe               : False[0m
[1,1]<stdout>:[35m[2026-05-18 17:30:33,709] [   DEBUG][0m - using_sonic_moe               : False[0m
[1,1]<stdout>:[35m[2026-05-18 17:30:33,709] [   DEBUG][0m - variable_seq_lengths          : False[0m
[1,1]<stdout>:[35m[2026-05-18 17:30:33,709] [   DEBUG][0m - virtual_pipeline_model_parallel_size: 1[0m
[1,1]<stdout>:[35m[2026-05-18 17:30:33,709] [   DEBUG][0m - wandb_api_key                 : None[0m
[1,1]<stdout>:[35m[2026-05-18 17:30:33,709] [   DEBUG][0m - wandb_http_proxy              : None[0m
[1,1]<stdout>:[35m[2026-05-18 17:30:33,709] [   DEBUG][0m - warmup_ratio                  : 0.0[0m
[1,1]<stdout>:[35m[2026-05-18 17:30:33,709] [   DEBUG][0m - warmup_steps                  : 10[0m
[1,1]<stdout>:[35m[2026-05-18 17:30:33,709] [   DEBUG][0m - weight_decay                  : 0.0[0m
[1,1]<stdout>:[35m[2026-05-18 17:30:33,709] [   DEBUG][0m - weight_name_suffix            : tp00_pp00[0m
[1,1]<stdout>:[35m[2026-05-18 17:30:33,709] [   DEBUG][0m - weight_quantize_algo          : None[0m
[1,1]<stdout>:[35m[2026-05-18 17:30:33,709] [   DEBUG][0m - world_size                    : 16[0m
[1,1]<stdout>:[35m[2026-05-18 17:30:33,709] [   DEBUG][0m - zcc_ema_interval              : 1[0m
[1,1]<stdout>:[35m[2026-05-18 17:30:33,709] [   DEBUG][0m - zcc_ema_loss_threshold        : None[0m
[1,1]<stdout>:[35m[2026-05-18 17:30:33,709] [   DEBUG][0m - zcc_pipeline_hooks_capacity_usage: 0.6[0m
[1,1]<stdout>:[35m[2026-05-18 17:30:33,709] [   DEBUG][0m - zcc_save_ema_coef             : None[0m
[1,1]<stdout>:[35m[2026-05-18 17:30:33,709] [   DEBUG][0m - zcc_workers_num               : 3[0m
[1,1]<stdout>:[35m[2026-05-18 17:30:33,709] [   DEBUG][0m - [0m
[1,1]<stdout>:[32m[2026-05-18 17:30:33,710] [    INFO][0m - Starting training from resume_from_checkpoint : None[0m
[1,1]<stdout>:[32m[2026-05-18 17:30:33,738] [    INFO][0m - [timelog] RuntimeTimer: 0.00s (2026-05-18 17:30:33) [0m
[1,1]<stdout>:[32m[2026-05-18 17:30:33,738] [    INFO][0m - ***** Running training *****[0m
[1,1]<stdout>:[32m[2026-05-18 17:30:33,738] [    INFO][0m -   Num examples = 1,440[0m
[1,1]<stdout>:[32m[2026-05-18 17:30:33,738] [    INFO][0m -   Num Epochs = 1[0m
[1,1]<stdout>:[32m[2026-05-18 17:30:33,738] [    INFO][0m -   Instantaneous batch size per device = 1[0m
[1,1]<stdout>:[32m[2026-05-18 17:30:33,738] [    INFO][0m -   Total train batch size (w. parallel, distributed & accumulation) = 16[0m
[1,1]<stdout>:[32m[2026-05-18 17:30:33,738] [    INFO][0m -   Gradient Accumulation steps = 4[0m
[1,1]<stdout>:[32m[2026-05-18 17:30:33,738] [    INFO][0m -   Total optimization steps = 90[0m
[1,1]<stdout>:[32m[2026-05-18 17:30:33,738] [    INFO][0m -   Total num train samples = 1,440[0m
[1,1]<stdout>:[2026-05-18 17:30:33,741] [    INFO] pipeline_parallel.py:808 - Pipeline scheduler is in dynamic_shape mode=False
[1,1]<stdout>:[2026-05-18 17:30:33,741] [    INFO] pipeline_parallel.py:818 - dp_comm_overlap False;             sharding_comm_overlap False;             sharding_split_param True;
[1,1]<stdout>:[2026-05-18 17:30:33,741] [    INFO] pipeline_parallel.py:890 - Pipeline Info -- num_stages: 2, stage_id: 0
[1,1]<stdout>:[2026-05-18 17:30:33,741] [    INFO] pipeline_parallel.py:895 - start broadcast mp parameters
[1,1]<stdout>:W0518 17:30:33.792647 1280714 nccl_comm_context.cc:70] ncclCommInitRankConfigMemOpt is not supported.
[1,0]<stdout>:[2026-05-18 17:30:36,307] [    INFO] pipeline_parallel.py:903 - start broadcast sharding parameters
[1,0]<stdout>:W0518 17:30:36.327322 1280729 nccl_comm_context.cc:70] ncclCommInitRankConfigMemOpt is not supported.
[1,1]<stdout>:[2026-05-18 17:30:36,475] [    INFO] pipeline_parallel.py:903 - start broadcast sharding parameters
[1,1]<stdout>:W0518 17:30:36.543785 1280714 nccl_comm_context.cc:70] ncclCommInitRankConfigMemOpt is not supported.
[1,0]<stdout>:[2026-05-18 17:30:39,300] [    INFO] dygraph_sharding_optimizer.py:618 - init DygraphShardingOptimizerV2
[1,0]<stdout>:[2026-05-18 17:30:39,304] [    INFO] dygraph_sharding_optimizer.py:899 - Tensor Fusion Color -1 and Group rank: 0, nranks: 4, id: 42, ranks: 0, 4, 8, 12; name: _default_pg42: 
[1,0]<stdout>:[2026-05-18 17:30:39,305] [    INFO] tensor_fusion_helper.py:107 - Tensor Fusion Group Info:
[1,0]<stdout>:['group_0: 1002.0000 MB, dtype: paddle.float32', 'group_1: 304.0000 MB, dtype: paddle.float32', 'group_2: 304.0312 MB, dtype: paddle.float32', 'group_3: 256.0312 MB, dtype: paddle.float32', 'group_4: 272.0000 MB, dtype: paddle.float32', 'group_5: 304.0312 MB, dtype: paddle.float32', 'group_6: 256.0312 MB, dtype: paddle.float32', 'group_7: 272.0000 MB, dtype: paddle.float32', 'group_8: 304.0312 MB, dtype: paddle.float32', 'group_9: 256.0312 MB, dtype: paddle.float32', 'group_10: 272.0000 MB, dtype: paddle.float32', 'group_11: 304.0312 MB, dtype: paddle.float32', 'group_12: 256.0312 MB, dtype: paddle.float32', 'group_13: 272.0000 MB, dtype: paddle.float32', 'group_14: 304.0312 MB, dtype: paddle.float32', 'group_15: 256.0312 MB, dtype: paddle.float32', 'group_16: 272.0000 MB, dtype: paddle.float32', 'group_17: 304.0312 MB, dtype: paddle.float32', 'group_18: 256.0312 MB, dtype: paddle.float32', 'group_19: 272.0000 MB, dtype: paddle.float32', 'group_20: 304.0312 MB, dtype: paddle.float32', 'group_21: 256.0312 MB, dtype: paddle.float32', 'group_22: 272.0000 MB, dtype: paddle.float32', 'group_23: 304.0312 MB, dtype: paddle.float32', 'group_24: 224.0312 MB, dtype: paddle.float32']
[1,0]<stdout>:
[1,0]<stdout>:[2026-05-18 17:30:39,438] [ WARNING] hybrid_parallel_optimizer.py:332 - While using ClipGradByGlobalNorm in TensorParallel, PipelineParallel or Sharding, the grad clip of original optimizer will be changed.
[1,0]<stdout>:[35m[2026-05-18 17:30:39,440] [   DEBUG][0m -   Number of trainable parameters = 2,007,629,824 (per device)[0m
[1,0]<stdout>:[35m[2026-05-18 17:30:39,747] [   DEBUG][0m -   Number of trainable parameters = 8,030,527,488 (all devices, roughly)[0m
[1,1]<stdout>:[2026-05-18 17:30:39,299] [    INFO] dygraph_sharding_optimizer.py:618 - init DygraphShardingOptimizerV2
[1,1]<stdout>:[2026-05-18 17:30:39,306] [    INFO] dygraph_sharding_optimizer.py:899 - Tensor Fusion Color -1 and Group rank: 2, nranks: 4, id: 42, ranks: 0, 4, 8, 12; name: _default_pg42: 
[1,1]<stdout>:[2026-05-18 17:30:39,308] [    INFO] tensor_fusion_helper.py:107 - Tensor Fusion Group Info:
[1,1]<stdout>:['group_0: 1002.0000 MB, dtype: paddle.float32', 'group_1: 304.0000 MB, dtype: paddle.float32', 'group_2: 304.0312 MB, dtype: paddle.float32', 'group_3: 256.0312 MB, dtype: paddle.float32', 'group_4: 272.0000 MB, dtype: paddle.float32', 'group_5: 304.0312 MB, dtype: paddle.float32', 'group_6: 256.0312 MB, dtype: paddle.float32', 'group_7: 272.0000 MB, dtype: paddle.float32', 'group_8: 304.0312 MB, dtype: paddle.float32', 'group_9: 256.0312 MB, dtype: paddle.float32', 'group_10: 272.0000 MB, dtype: paddle.float32', 'group_11: 304.0312 MB, dtype: paddle.float32', 'group_12: 256.0312 MB, dtype: paddle.float32', 'group_13: 272.0000 MB, dtype: paddle.float32', 'group_14: 304.0312 MB, dtype: paddle.float32', 'group_15: 256.0312 MB, dtype: paddle.float32', 'group_16: 272.0000 MB, dtype: paddle.float32', 'group_17: 304.0312 MB, dtype: paddle.float32', 'group_18: 256.0312 MB, dtype: paddle.float32', 'group_19: 272.0000 MB, dtype: paddle.float32', 'group_20: 304.0312 MB, dtype: paddle.float32', 'group_21: 256.0312 MB, dtype: paddle.float32', 'group_22: 272.0000 MB, dtype: paddle.float32', 'group_23: 304.0312 MB, dtype: paddle.float32', 'group_24: 224.0312 MB, dtype: paddle.float32']
[1,1]<stdout>:
[1,1]<stdout>:[2026-05-18 17:30:39,526] [ WARNING] hybrid_parallel_optimizer.py:332 - While using ClipGradByGlobalNorm in TensorParallel, PipelineParallel or Sharding, the grad clip of original optimizer will be changed.
[1,1]<stdout>:[35m[2026-05-18 17:30:39,528] [   DEBUG][0m -   Number of trainable parameters = 2,007,629,824 (per device)[0m
[1,1]<stdout>:[35m[2026-05-18 17:30:39,747] [   DEBUG][0m -   Number of trainable parameters = 8,030,527,488 (all devices, roughly)[0m
[1,0]<stdout>:W0518 17:30:42.644088 1280729 nccl_comm_context.cc:70] ncclCommInitRankConfigMemOpt is not supported.
[1,1]<stdout>:W0518 17:30:43.373601 1280714 nccl_comm_context.cc:70] ncclCommInitRankConfigMemOpt is not supported.
[1,0]<stdout>:W0518 17:30:49.309825 1280729 nccl_comm_context.cc:70] ncclCommInitRankConfigMemOpt is not supported.
[1,1]<stdout>:W0518 17:30:49.309478 1280714 nccl_comm_context.cc:70] ncclCommInitRankConfigMemOpt is not supported.
[1,1]<stdout>:[32m[2026-05-18 17:30:52,717] [    INFO][0m - loss: 12.75730133, learning_rate: 1e-05, global_step: 1, current_memory_allocated: 18.69751214981079, current_memory_reserved: 32.047303915023804, max_memory_allocated: 20.497804641723633, max_memory_reserved: 32.047303915023804, interval_runtime: 12.9695, interval_samples_per_second: 1.2337, interval_steps_per_second: 0.0771, global_norm: 11.951911926269531, ppl: 347076.78955697897, progress_or_epoch: 0.0111, cpu_used_memory: 256.0, cpu_available_memory: 2635.89[0m
[1,1]<stdout>:[32m[2026-05-18 17:30:52,718] [    INFO][0m - [DataLoad global_step: 1] data_load_time: 2542.93 ms (accumulated over 4 micro-batches)[0m
[1,0]<stdout>:[32m[2026-05-18 17:30:52,717] [    INFO][0m - loss: 12.75730133, learning_rate: 1e-05, global_step: 1, current_memory_allocated: 18.69751214981079, current_memory_reserved: 32.047303915023804, max_memory_allocated: 20.497804641723633, max_memory_reserved: 32.047303915023804, interval_runtime: 12.9675, interval_samples_per_second: 1.2339, interval_steps_per_second: 0.0771, global_norm: 11.951911926269531, ppl: 347076.78955697897, progress_or_epoch: 0.0111, cpu_used_memory: 254.96, cpu_available_memory: 2636.93[0m
[1,0]<stdout>:[32m[2026-05-18 17:30:52,717] [    INFO][0m - [DataLoad global_step: 1] data_load_time: 2074.05 ms (accumulated over 4 micro-batches)[0m
[1,0]<stdout>:[32m[2026-05-18 17:30:53,845] [    INFO][0m - loss: 12.732687, learning_rate: 2e-05, global_step: 2, current_memory_allocated: 18.69751214981079, current_memory_reserved: 32.047303915023804, max_memory_allocated: 24.237306833267212, max_memory_reserved: 32.047303915023804, interval_runtime: 1.1281, interval_samples_per_second: 14.1835, interval_steps_per_second: 0.8865, global_norm: 17.948787689208984, ppl: 338638.0104298758, progress_or_epoch: 0.0222, cpu_used_memory: 255.09, cpu_available_memory: 2636.81[0m
[1,0]<stdout>:[32m[2026-05-18 17:30:53,845] [    INFO][0m - [DataLoad global_step: 2] data_load_time: 0.60 ms (accumulated over 4 micro-batches)[0m
[1,1]<stdout>:[32m[2026-05-18 17:30:53,843] [    INFO][0m - loss: 12.732687, learning_rate: 2e-05, global_step: 2, current_memory_allocated: 18.69751214981079, current_memory_reserved: 32.047303915023804, max_memory_allocated: 24.237306833267212, max_memory_reserved: 32.047303915023804, interval_runtime: 1.1258, interval_samples_per_second: 14.2121, interval_steps_per_second: 0.8883, global_norm: 17.948787689208984, ppl: 338638.0104298758, progress_or_epoch: 0.0222, cpu_used_memory: 256.24, cpu_available_memory: 2635.66[0m
[1,1]<stdout>:[32m[2026-05-18 17:30:53,843] [    INFO][0m - [DataLoad global_step: 2] data_load_time: 0.99 ms (accumulated over 4 micro-batches)[0m
[1,0]<stdout>:[32m[2026-05-18 17:30:54,943] [    INFO][0m - loss: 12.0831337, learning_rate: 3e-05, global_step: 3, current_memory_allocated: 18.69751214981079, current_memory_reserved: 32.047303915023804, max_memory_allocated: 24.237306833267212, max_memory_reserved: 32.047303915023804, interval_runtime: 1.0985, interval_samples_per_second: 14.566, interval_steps_per_second: 0.9104, global_norm: 27.699548721313477, ppl: 176863.53049161404, progress_or_epoch: 0.0333, cpu_used_memory: 255.11, cpu_available_memory: 2636.79[0m
[1,0]<stdout>:[32m[2026-05-18 17:30:54,944] [    INFO][0m - [DataLoad global_step: 3] data_load_time: 0.34 ms (accumulated over 4 micro-batches)[0m
[1,0]<stdout>:[32m[2026-05-18 17:30:56,043] [    INFO][0m - loss: 12.7690773, learning_rate: 4e-05, global_step: 4, current_memory_allocated: 18.69751214981079, current_memory_reserved: 32.047303915023804, max_memory_allocated: 24.237306833267212, max_memory_reserved: 32.047303915023804, interval_runtime: 1.0996, interval_samples_per_second: 14.5508, interval_steps_per_second: 0.9094, global_norm: 59.35341262817383, ppl: 351188.11533211765, progress_or_epoch: 0.0444, cpu_used_memory: 255.1, cpu_available_memory: 2636.8[0m
[1,0]<stdout>:[32m[2026-05-18 17:30:56,043] [    INFO][0m - [DataLoad global_step: 4] data_load_time: 0.14 ms (accumulated over 4 micro-batches)[0m
[1,1]<stdout>:[32m[2026-05-18 17:30:54,942] [    INFO][0m - loss: 12.0831337, learning_rate: 3e-05, global_step: 3, current_memory_allocated: 18.69751214981079, current_memory_reserved: 32.047303915023804, max_memory_allocated: 24.237306833267212, max_memory_reserved: 32.047303915023804, interval_runtime: 1.0985, interval_samples_per_second: 14.5657, interval_steps_per_second: 0.9104, global_norm: 27.699548721313477, ppl: 176863.53049161404, progress_or_epoch: 0.0333, cpu_used_memory: 256.27, cpu_available_memory: 2635.62[0m
[1,1]<stdout>:[32m[2026-05-18 17:30:54,942] [    INFO][0m - [DataLoad global_step: 3] data_load_time: 0.46 ms (accumulated over 4 micro-batches)[0m
[1,1]<stdout>:[32m[2026-05-18 17:30:56,042] [    INFO][0m - loss: 12.7690773, learning_rate: 4e-05, global_step: 4, current_memory_allocated: 18.69751214981079, current_memory_reserved: 32.047303915023804, max_memory_allocated: 24.237306833267212, max_memory_reserved: 32.047303915023804, interval_runtime: 1.0995, interval_samples_per_second: 14.5517, interval_steps_per_second: 0.9095, global_norm: 59.35341262817383, ppl: 351188.11533211765, progress_or_epoch: 0.0444, cpu_used_memory: 256.28, cpu_available_memory: 2635.61[0m
[1,1]<stdout>:[32m[2026-05-18 17:30:56,042] [    INFO][0m - [DataLoad global_step: 4] data_load_time: 0.50 ms (accumulated over 4 micro-batches)[0m
[1,0]<stdout>:[32m[2026-05-18 17:30:57,141] [    INFO][0m - loss: 13.09460068, learning_rate: 5e-05, global_step: 5, current_memory_allocated: 18.69751214981079, current_memory_reserved: 32.047303915023804, max_memory_allocated: 24.237306833267212, max_memory_reserved: 32.047303915023804, interval_runtime: 1.098, interval_samples_per_second: 14.5725, interval_steps_per_second: 0.9108, global_norm: 88.04067993164062, ppl: 486309.5722328375, progress_or_epoch: 0.0556, cpu_used_memory: 255.14, cpu_available_memory: 2636.75[0m
[1,0]<stdout>:[32m[2026-05-18 17:30:57,142] [    INFO][0m - [DataLoad global_step: 5] data_load_time: 0.15 ms (accumulated over 4 micro-batches)[0m
[1,0]<stdout>:[32m[2026-05-18 17:30:58,243] [    INFO][0m - loss: 12.36662865, learning_rate: 6e-05, global_step: 6, current_memory_allocated: 18.69751214981079, current_memory_reserved: 32.047303915023804, max_memory_allocated: 24.237306833267212, max_memory_reserved: 32.047303915023804, interval_runtime: 1.0982, interval_samples_per_second: 14.5698, interval_steps_per_second: 0.9106, global_norm: 13.178709030151367, ppl: 234832.70594104755, progress_or_epoch: 0.0667, cpu_used_memory: 255.11, cpu_available_memory: 2636.78[0m
[1,0]<stdout>:[32m[2026-05-18 17:30:58,243] [    INFO][0m - [DataLoad global_step: 6] data_load_time: 0.67 ms (accumulated over 4 micro-batches)[0m
[1,1]<stdout>:[32m[2026-05-18 17:30:57,140] [    INFO][0m - loss: 13.09460068, learning_rate: 5e-05, global_step: 5, current_memory_allocated: 18.69751214981079, current_memory_reserved: 32.047303915023804, max_memory_allocated: 24.237306833267212, max_memory_reserved: 32.047303915023804, interval_runtime: 1.0977, interval_samples_per_second: 14.5755, interval_steps_per_second: 0.911, global_norm: 88.04067993164062, ppl: 486309.5722328375, progress_or_epoch: 0.0556, cpu_used_memory: 256.28, cpu_available_memory: 2635.62[0m
[1,1]<stdout>:[32m[2026-05-18 17:30:57,140] [    INFO][0m - [DataLoad global_step: 5] data_load_time: 0.70 ms (accumulated over 4 micro-batches)[0m
[1,1]<stdout>:[32m[2026-05-18 17:30:58,238] [    INFO][0m - loss: 12.36662865, learning_rate: 6e-05, global_step: 6, current_memory_allocated: 18.69751214981079, current_memory_reserved: 32.047303915023804, max_memory_allocated: 24.237306833267212, max_memory_reserved: 32.047303915023804, interval_runtime: 1.0982, interval_samples_per_second: 14.5696, interval_steps_per_second: 0.9106, global_norm: 13.178709030151367, ppl: 234832.70594104755, progress_or_epoch: 0.0667, cpu_used_memory: 256.27, cpu_available_memory: 2635.62[0m
[1,1]<stdout>:[32m[2026-05-18 17:30:58,238] [    INFO][0m - [DataLoad global_step: 6] data_load_time: 0.49 ms (accumulated over 4 micro-batches)[0m
[1,0]<stdout>:[32m[2026-05-18 17:30:59,447] [    INFO][0m - loss: 13.8494873, learning_rate: 7e-05, global_step: 7, current_memory_allocated: 18.69751214981079, current_memory_reserved: 32.047303915023804, max_memory_allocated: 24.237306833267212, max_memory_reserved: 32.047303915023804, interval_runtime: 1.2075, interval_samples_per_second: 13.2509, interval_steps_per_second: 0.8282, global_norm: 83.97087097167969, ppl: 1034560.5446761142, progress_or_epoch: 0.0778, cpu_used_memory: 255.15, cpu_available_memory: 2636.75[0m
[1,0]<stdout>:[32m[2026-05-18 17:30:59,448] [    INFO][0m - [DataLoad global_step: 7] data_load_time: 0.84 ms (accumulated over 4 micro-batches)[0m
[1,1]<stdout>:[32m[2026-05-18 17:30:59,446] [    INFO][0m - loss: 13.8494873, learning_rate: 7e-05, global_step: 7, current_memory_allocated: 18.69751214981079, current_memory_reserved: 32.047303915023804, max_memory_allocated: 24.237306833267212, max_memory_reserved: 32.047303915023804, interval_runtime: 1.2075, interval_samples_per_second: 13.2511, interval_steps_per_second: 0.8282, global_norm: 83.97087097167969, ppl: 1034560.5446761142, progress_or_epoch: 0.0778, cpu_used_memory: 256.29, cpu_available_memory: 2635.6[0m
[1,1]<stdout>:[32m[2026-05-18 17:30:59,446] [    INFO][0m - [DataLoad global_step: 7] data_load_time: 0.37 ms (accumulated over 4 micro-batches)[0m
[1,1]<stdout>:[32m[2026-05-18 17:31:00,617] [    INFO][0m - loss: 13.91826439, learning_rate: 8e-05, global_step: 8, current_memory_allocated: 18.69751214981079, current_memory_reserved: 32.047303915023804, max_memory_allocated: 24.237306833267212, max_memory_reserved: 32.047303915023804, interval_runtime: 1.1709, interval_samples_per_second: 13.6641, interval_steps_per_second: 0.854, global_norm: 60.4767951965332, ppl: 1108218.5675862136, progress_or_epoch: 0.0889, cpu_used_memory: 256.32, cpu_available_memory: 2635.57[0m
[1,1]<stdout>:[32m[2026-05-18 17:31:00,617] [    INFO][0m - [DataLoad global_step: 8] data_load_time: 0.51 ms (accumulated over 4 micro-batches)[0m
[1,0]<stdout>:[32m[2026-05-18 17:31:00,619] [    INFO][0m - loss: 13.91826439, learning_rate: 8e-05, global_step: 8, current_memory_allocated: 18.69751214981079, current_memory_reserved: 32.047303915023804, max_memory_allocated: 24.237306833267212, max_memory_reserved: 32.047303915023804, interval_runtime: 1.171, interval_samples_per_second: 13.6633, interval_steps_per_second: 0.854, global_norm: 60.4767951965332, ppl: 1108218.5675862136, progress_or_epoch: 0.0889, cpu_used_memory: 255.1, cpu_available_memory: 2636.8[0m
[1,0]<stdout>:[32m[2026-05-18 17:31:00,619] [    INFO][0m - [DataLoad global_step: 8] data_load_time: 0.31 ms (accumulated over 4 micro-batches)[0m
[1,0]<stdout>:[32m[2026-05-18 17:31:01,716] [    INFO][0m - loss: 13.45415974, learning_rate: 9e-05, global_step: 9, current_memory_allocated: 18.69751214981079, current_memory_reserved: 32.047303915023804, max_memory_allocated: 24.237306833267212, max_memory_reserved: 32.047303915023804, interval_runtime: 1.0972, interval_samples_per_second: 14.5822, interval_steps_per_second: 0.9114, global_norm: 12.073119163513184, ppl: 696734.5285982067, progress_or_epoch: 0.1, cpu_used_memory: 255.1, cpu_available_memory: 2636.79[0m
[1,0]<stdout>:[32m[2026-05-18 17:31:01,716] [    INFO][0m - [DataLoad global_step: 9] data_load_time: 0.14 ms (accumulated over 4 micro-batches)[0m
[1,1]<stdout>:[32m[2026-05-18 17:31:01,714] [    INFO][0m - loss: 13.45415974, learning_rate: 9e-05, global_step: 9, current_memory_allocated: 18.69751214981079, current_memory_reserved: 32.047303915023804, max_memory_allocated: 24.237306833267212, max_memory_reserved: 32.047303915023804, interval_runtime: 1.0971, interval_samples_per_second: 14.5834, interval_steps_per_second: 0.9115, global_norm: 12.073119163513184, ppl: 696734.5285982067, progress_or_epoch: 0.1, cpu_used_memory: 256.37, cpu_available_memory: 2635.53[0m
[1,1]<stdout>:[32m[2026-05-18 17:31:01,715] [    INFO][0m - [DataLoad global_step: 9] data_load_time: 0.19 ms (accumulated over 4 micro-batches)[0m
[1,1]<stdout>:[32m[2026-05-18 17:31:02,810] [    INFO][0m - loss: 12.94271088, learning_rate: 0.0001, global_step: 10, current_memory_allocated: 18.69751214981079, current_memory_reserved: 32.047303915023804, max_memory_allocated: 24.237306833267212, max_memory_reserved: 32.047303915023804, interval_runtime: 1.0955, interval_samples_per_second: 14.6053, interval_steps_per_second: 0.9128, global_norm: 33.86723709106445, ppl: 417780.2602082346, progress_or_epoch: 0.1111, cpu_used_memory: 256.41, cpu_available_memory: 2635.49[0m
[1,1]<stdout>:[32m[2026-05-18 17:31:02,810] [    INFO][0m - [DataLoad global_step: 10] data_load_time: 0.46 ms (accumulated over 4 micro-batches)[0m
[1,0]<stdout>:[32m[2026-05-18 17:31:02,811] [    INFO][0m - loss: 12.94271088, learning_rate: 0.0001, global_step: 10, current_memory_allocated: 18.69751214981079, current_memory_reserved: 32.047303915023804, max_memory_allocated: 24.237306833267212, max_memory_reserved: 32.047303915023804, interval_runtime: 1.0955, interval_samples_per_second: 14.605, interval_steps_per_second: 0.9128, global_norm: 33.86723709106445, ppl: 417780.2602082346, progress_or_epoch: 0.1111, cpu_used_memory: 255.08, cpu_available_memory: 2636.81[0m
[1,0]<stdout>:[32m[2026-05-18 17:31:02,812] [    INFO][0m - [DataLoad global_step: 10] data_load_time: 0.16 ms (accumulated over 4 micro-batches)[0m
[1,0]<stdout>:[32m[2026-05-18 17:31:03,907] [    INFO][0m - loss: 11.003438, learning_rate: 9.875e-05, global_step: 11, current_memory_allocated: 18.69751214981079, current_memory_reserved: 32.047303915023804, max_memory_allocated: 24.237306833267212, max_memory_reserved: 32.047303915023804, interval_runtime: 1.0954, interval_samples_per_second: 14.6071, interval_steps_per_second: 0.9129, global_norm: 13.12598991394043, ppl: 60080.34327178458, progress_or_epoch: 0.1222, cpu_used_memory: 255.05, cpu_available_memory: 2636.84[0m
[1,0]<stdout>:[32m[2026-05-18 17:31:03,907] [    INFO][0m - [DataLoad global_step: 11] data_load_time: 0.42 ms (accumulated over 4 micro-batches)[0m
[1,1]<stdout>:[32m[2026-05-18 17:31:03,906] [    INFO][0m - loss: 11.003438, learning_rate: 9.875e-05, global_step: 11, current_memory_allocated: 18.69751214981079, current_memory_reserved: 32.047303915023804, max_memory_allocated: 24.237306833267212, max_memory_reserved: 32.047303915023804, interval_runtime: 1.0954, interval_samples_per_second: 14.6072, interval_steps_per_second: 0.9129, global_norm: 13.12598991394043, ppl: 60080.34327178458, progress_or_epoch: 0.1222, cpu_used_memory: 256.46, cpu_available_memory: 2635.43[0m
[1,1]<stdout>:[32m[2026-05-18 17:31:03,906] [    INFO][0m - [DataLoad global_step: 11] data_load_time: 0.31 ms (accumulated over 4 micro-batches)[0m
[1,0]<stdout>:[32m[2026-05-18 17:31:05,001] [    INFO][0m - loss: 13.33065319, learning_rate: 9.75e-05, global_step: 12, current_memory_allocated: 18.69751214981079, current_memory_reserved: 32.047303915023804, max_memory_allocated: 24.237306833267212, max_memory_reserved: 32.047303915023804, interval_runtime: 1.0937, interval_samples_per_second: 14.6288, interval_steps_per_second: 0.9143, global_norm: 56.73973083496094, ppl: 615785.0211719882, progress_or_epoch: 0.1333, cpu_used_memory: 255.09, cpu_available_memory: 2636.81[0m
[1,0]<stdout>:[32m[2026-05-18 17:31:05,001] [    INFO][0m - [DataLoad global_step: 12] data_load_time: 0.72 ms (accumulated over 4 micro-batches)[0m
[1,0]<stdout>:[32m[2026-05-18 17:31:06,096] [    INFO][0m - loss: 11.82735062, learning_rate: 9.625e-05, global_step: 13, current_memory_allocated: 18.69751214981079, current_memory_reserved: 32.047303915023804, max_memory_allocated: 24.237306833267212, max_memory_reserved: 32.047303915023804, interval_runtime: 1.0953, interval_samples_per_second: 14.6075, interval_steps_per_second: 0.913, global_norm: 23.33023452758789, ppl: 136947.1850639671, progress_or_epoch: 0.1444, cpu_used_memory: 255.13, cpu_available_memory: 2636.77[0m
[1,0]<stdout>:[32m[2026-05-18 17:31:06,097] [    INFO][0m - [DataLoad global_step: 13] data_load_time: 0.57 ms (accumulated over 4 micro-batches)[0m
[1,1]<stdout>:[32m[2026-05-18 17:31:05,000] [    INFO][0m - loss: 13.33065319, learning_rate: 9.75e-05, global_step: 12, current_memory_allocated: 18.69751214981079, current_memory_reserved: 32.047303915023804, max_memory_allocated: 24.237306833267212, max_memory_reserved: 32.047303915023804, interval_runtime: 1.0937, interval_samples_per_second: 14.6291, interval_steps_per_second: 0.9143, global_norm: 56.73973083496094, ppl: 615785.0211719882, progress_or_epoch: 0.1333, cpu_used_memory: 256.51, cpu_available_memory: 2635.38[0m
[1,1]<stdout>:[32m[2026-05-18 17:31:05,000] [    INFO][0m - [DataLoad global_step: 12] data_load_time: 0.56 ms (accumulated over 4 micro-batches)[0m
[1,1]<stdout>:[32m[2026-05-18 17:31:06,095] [    INFO][0m - loss: 11.82735062, learning_rate: 9.625e-05, global_step: 13, current_memory_allocated: 18.69751214981079, current_memory_reserved: 32.047303915023804, max_memory_allocated: 24.237306833267212, max_memory_reserved: 32.047303915023804, interval_runtime: 1.0953, interval_samples_per_second: 14.6084, interval_steps_per_second: 0.913, global_norm: 23.33023452758789, ppl: 136947.1850639671, progress_or_epoch: 0.1444, cpu_used_memory: 256.48, cpu_available_memory: 2635.41[0m
[1,1]<stdout>:[32m[2026-05-18 17:31:06,095] [    INFO][0m - [DataLoad global_step: 13] data_load_time: 0.20 ms (accumulated over 4 micro-batches)[0m
[1,0]<stdout>:[32m[2026-05-18 17:31:07,192] [    INFO][0m - loss: 11.7517786, learning_rate: 9.5e-05, global_step: 14, current_memory_allocated: 18.69751214981079, current_memory_reserved: 32.047303915023804, max_memory_allocated: 24.237306833267212, max_memory_reserved: 32.047303915023804, interval_runtime: 1.0956, interval_samples_per_second: 14.6032, interval_steps_per_second: 0.9127, global_norm: 6.348114967346191, ppl: 126979.2034919486, progress_or_epoch: 0.1556, cpu_used_memory: 255.2, cpu_available_memory: 2636.69[0m
[1,0]<stdout>:[32m[2026-05-18 17:31:07,193] [    INFO][0m - [DataLoad global_step: 14] data_load_time: 0.34 ms (accumulated over 4 micro-batches)[0m
[1,0]<stdout>:[32m[2026-05-18 17:31:08,287] [    INFO][0m - loss: 11.06395531, learning_rate: 9.375e-05, global_step: 15, current_memory_allocated: 18.69751214981079, current_memory_reserved: 32.047303915023804, max_memory_allocated: 24.237306833267212, max_memory_reserved: 32.047303915023804, interval_runtime: 1.0945, interval_samples_per_second: 14.6192, interval_steps_per_second: 0.9137, global_norm: 7.565649509429932, ppl: 63828.51480487499, progress_or_epoch: 0.1667, cpu_used_memory: 255.26, cpu_available_memory: 2636.63[0m
[1,0]<stdout>:[32m[2026-05-18 17:31:08,287] [    INFO][0m - [DataLoad global_step: 15] data_load_time: 0.29 ms (accumulated over 4 micro-batches)[0m
[1,1]<stdout>:[32m[2026-05-18 17:31:07,191] [    INFO][0m - loss: 11.7517786, learning_rate: 9.5e-05, global_step: 14, current_memory_allocated: 18.69751214981079, current_memory_reserved: 32.047303915023804, max_memory_allocated: 24.237306833267212, max_memory_reserved: 32.047303915023804, interval_runtime: 1.0955, interval_samples_per_second: 14.6046, interval_steps_per_second: 0.9128, global_norm: 6.348114967346191, ppl: 126979.2034919486, progress_or_epoch: 0.1556, cpu_used_memory: 256.52, cpu_available_memory: 2635.38[0m
[1,1]<stdout>:[32m[2026-05-18 17:31:07,191] [    INFO][0m - [DataLoad global_step: 14] data_load_time: 0.49 ms (accumulated over 4 micro-batches)[0m
[1,1]<stdout>:[32m[2026-05-18 17:31:08,286] [    INFO][0m - loss: 11.06395531, learning_rate: 9.375e-05, global_step: 15, current_memory_allocated: 18.69751214981079, current_memory_reserved: 32.047303915023804, max_memory_allocated: 24.237306833267212, max_memory_reserved: 32.047303915023804, interval_runtime: 1.0945, interval_samples_per_second: 14.6183, interval_steps_per_second: 0.9136, global_norm: 7.565649509429932, ppl: 63828.51480487499, progress_or_epoch: 0.1667, cpu_used_memory: 256.52, cpu_available_memory: 2635.37[0m
[1,1]<stdout>:[32m[2026-05-18 17:31:08,286] [    INFO][0m - [DataLoad global_step: 15] data_load_time: 0.18 ms (accumulated over 4 micro-batches)[0m
[1,0]<stdout>:[32m[2026-05-18 17:31:09,382] [    INFO][0m - loss: 10.31540012, learning_rate: 9.25e-05, global_step: 16, current_memory_allocated: 18.69751214981079, current_memory_reserved: 32.047303915023804, max_memory_allocated: 24.237306833267212, max_memory_reserved: 32.047303915023804, interval_runtime: 1.0948, interval_samples_per_second: 14.614, interval_steps_per_second: 0.9134, global_norm: 7.325919151306152, ppl: 30194.048668912, progress_or_epoch: 0.1778, cpu_used_memory: 255.27, cpu_available_memory: 2636.63[0m
[1,0]<stdout>:[32m[2026-05-18 17:31:09,382] [    INFO][0m - [DataLoad global_step: 16] data_load_time: 0.34 ms (accumulated over 4 micro-batches)[0m
[1,1]<stdout>:[32m[2026-05-18 17:31:09,381] [    INFO][0m - loss: 10.31540012, learning_rate: 9.25e-05, global_step: 16, current_memory_allocated: 18.69751214981079, current_memory_reserved: 32.047303915023804, max_memory_allocated: 24.237306833267212, max_memory_reserved: 32.047303915023804, interval_runtime: 1.0948, interval_samples_per_second: 14.6139, interval_steps_per_second: 0.9134, global_norm: 7.325919151306152, ppl: 30194.048668912, progress_or_epoch: 0.1778, cpu_used_memory: 256.56, cpu_available_memory: 2635.33[0m
[1,1]<stdout>:[32m[2026-05-18 17:31:09,381] [    INFO][0m - [DataLoad global_step: 16] data_load_time: 0.38 ms (accumulated over 4 micro-batches)[0m
[1,1]<stdout>:[32m[2026-05-18 17:31:10,475] [    INFO][0m - loss: 9.53757, learning_rate: 9.125e-05, global_step: 17, current_memory_allocated: 18.69751214981079, current_memory_reserved: 32.047303915023804, max_memory_allocated: 24.237306833267212, max_memory_reserved: 32.047303915023804, interval_runtime: 1.0937, interval_samples_per_second: 14.6289, interval_steps_per_second: 0.9143, global_norm: 5.580468654632568, ppl: 13871.199622280812, progress_or_epoch: 0.1889, cpu_used_memory: 256.58, cpu_available_memory: 2635.31[0m
[1,1]<stdout>:[32m[2026-05-18 17:31:10,475] [    INFO][0m - [DataLoad global_step: 17] data_load_time: 0.15 ms (accumulated over 4 micro-batches)[0m
[1,0]<stdout>:[32m[2026-05-18 17:31:10,477] [    INFO][0m - loss: 9.53757, learning_rate: 9.125e-05, global_step: 17, current_memory_allocated: 18.69751214981079, current_memory_reserved: 32.047303915023804, max_memory_allocated: 24.237306833267212, max_memory_reserved: 32.047303915023804, interval_runtime: 1.0937, interval_samples_per_second: 14.6294, interval_steps_per_second: 0.9143, global_norm: 5.580468654632568, ppl: 13871.199622280812, progress_or_epoch: 0.1889, cpu_used_memory: 255.31, cpu_available_memory: 2636.59[0m
[1,0]<stdout>:[32m[2026-05-18 17:31:10,477] [    INFO][0m - [DataLoad global_step: 17] data_load_time: 0.16 ms (accumulated over 4 micro-batches)[0m
[1,0]<stdout>:[32m[2026-05-18 17:31:11,573] [    INFO][0m - loss: 9.09950829, learning_rate: 9e-05, global_step: 18, current_memory_allocated: 18.69751214981079, current_memory_reserved: 32.047303915023804, max_memory_allocated: 24.237306833267212, max_memory_reserved: 32.047303915023804, interval_runtime: 1.0971, interval_samples_per_second: 14.5835, interval_steps_per_second: 0.9115, global_norm: 4.5057220458984375, ppl: 8950.890378929478, progress_or_epoch: 0.2, cpu_used_memory: 255.3, cpu_available_memory: 2636.6[0m
[1,0]<stdout>:[32m[2026-05-18 17:31:11,573] [    INFO][0m - [DataLoad global_step: 18] data_load_time: 0.39 ms (accumulated over 4 micro-batches)[0m
[1,1]<stdout>:[32m[2026-05-18 17:31:11,572] [    INFO][0m - loss: 9.09950829, learning_rate: 9e-05, global_step: 18, current_memory_allocated: 18.69751214981079, current_memory_reserved: 32.047303915023804, max_memory_allocated: 24.237306833267212, max_memory_reserved: 32.047303915023804, interval_runtime: 1.0971, interval_samples_per_second: 14.5843, interval_steps_per_second: 0.9115, global_norm: 4.5057220458984375, ppl: 8950.890378929478, progress_or_epoch: 0.2, cpu_used_memory: 256.6, cpu_available_memory: 2635.29[0m
[1,1]<stdout>:[32m[2026-05-18 17:31:11,572] [    INFO][0m - [DataLoad global_step: 18] data_load_time: 0.32 ms (accumulated over 4 micro-batches)[0m
[1,1]<stdout>:[32m[2026-05-18 17:31:12,666] [    INFO][0m - loss: 8.68307877, learning_rate: 8.875e-05, global_step: 19, current_memory_allocated: 18.69751214981079, current_memory_reserved: 32.047303915023804, max_memory_allocated: 24.237306833267212, max_memory_reserved: 32.047303915023804, interval_runtime: 1.0936, interval_samples_per_second: 14.631, interval_steps_per_second: 0.9144, global_norm: 11.025979995727539, ppl: 5902.190133024477, progress_or_epoch: 0.2111, cpu_used_memory: 256.65, cpu_available_memory: 2635.24[0m
[1,1]<stdout>:[32m[2026-05-18 17:31:12,666] [    INFO][0m - [DataLoad global_step: 19] data_load_time: 0.16 ms (accumulated over 4 micro-batches)[0m
[1,0]<stdout>:[32m[2026-05-18 17:31:12,667] [    INFO][0m - loss: 8.68307877, learning_rate: 8.875e-05, global_step: 19, current_memory_allocated: 18.69751214981079, current_memory_reserved: 32.047303915023804, max_memory_allocated: 24.237306833267212, max_memory_reserved: 32.047303915023804, interval_runtime: 1.0936, interval_samples_per_second: 14.6308, interval_steps_per_second: 0.9144, global_norm: 11.025979995727539, ppl: 5902.190133024477, progress_or_epoch: 0.2111, cpu_used_memory: 255.34, cpu_available_memory: 2636.56[0m
[1,0]<stdout>:[32m[2026-05-18 17:31:12,667] [    INFO][0m - [DataLoad global_step: 19] data_load_time: 0.16 ms (accumulated over 4 micro-batches)[0m
[1,0]<stdout>:[32m[2026-05-18 17:31:13,760] [    INFO][0m - loss: 8.63399029, learning_rate: 8.75e-05, global_step: 20, current_memory_allocated: 18.69751214981079, current_memory_reserved: 32.047303915023804, max_memory_allocated: 24.237306833267212, max_memory_reserved: 32.047303915023804, interval_runtime: 1.0929, interval_samples_per_second: 14.6398, interval_steps_per_second: 0.915, global_norm: 13.56039047241211, ppl: 5619.456837020476, progress_or_epoch: 0.2222, cpu_used_memory: 255.33, cpu_available_memory: 2636.56[0m
[1,0]<stdout>:[32m[2026-05-18 17:31:13,761] [    INFO][0m - [DataLoad global_step: 20] data_load_time: 0.31 ms (accumulated over 4 micro-batches)[0m
[1,1]<stdout>:[32m[2026-05-18 17:31:13,759] [    INFO][0m - loss: 8.63399029, learning_rate: 8.75e-05, global_step: 20, current_memory_allocated: 18.69751214981079, current_memory_reserved: 32.047303915023804, max_memory_allocated: 24.237306833267212, max_memory_reserved: 32.047303915023804, interval_runtime: 1.0929, interval_samples_per_second: 14.6396, interval_steps_per_second: 0.915, global_norm: 13.56039047241211, ppl: 5619.456837020476, progress_or_epoch: 0.2222, cpu_used_memory: 256.67, cpu_available_memory: 2635.23[0m
[1,1]<stdout>:[32m[2026-05-18 17:31:13,759] [    INFO][0m - [DataLoad global_step: 20] data_load_time: 0.15 ms (accumulated over 4 micro-batches)[0m
[1,0]<stdout>:[32m[2026-05-18 17:31:14,854] [    INFO][0m - loss: 8.25175476, learning_rate: 8.625e-05, global_step: 21, current_memory_allocated: 18.69751214981079, current_memory_reserved: 32.047303915023804, max_memory_allocated: 24.237306833267212, max_memory_reserved: 32.047303915023804, interval_runtime: 1.0937, interval_samples_per_second: 14.6292, interval_steps_per_second: 0.9143, global_norm: 10.04748249053955, ppl: 3834.348282554298, progress_or_epoch: 0.2333, cpu_used_memory: 255.34, cpu_available_memory: 2636.55[0m
[1,0]<stdout>:[32m[2026-05-18 17:31:14,854] [    INFO][0m - [DataLoad global_step: 21] data_load_time: 0.15 ms (accumulated over 4 micro-batches)[0m
[1,0]<stdout>:[32m[2026-05-18 17:31:15,949] [    INFO][0m - loss: 8.17762947, learning_rate: 8.5e-05, global_step: 22, current_memory_allocated: 18.69751214981079, current_memory_reserved: 32.047303915023804, max_memory_allocated: 24.237306833267212, max_memory_reserved: 32.047303915023804, interval_runtime: 1.0943, interval_samples_per_second: 14.6218, interval_steps_per_second: 0.9139, global_norm: 22.182764053344727, ppl: 3560.4046032983356, progress_or_epoch: 0.2444, cpu_used_memory: 255.36, cpu_available_memory: 2636.53[0m
[1,0]<stdout>:[32m[2026-05-18 17:31:15,949] [    INFO][0m - [DataLoad global_step: 22] data_load_time: 0.15 ms (accumulated over 4 micro-batches)[0m
[1,1]<stdout>:[32m[2026-05-18 17:31:14,853] [    INFO][0m - loss: 8.25175476, learning_rate: 8.625e-05, global_step: 21, current_memory_allocated: 18.69751214981079, current_memory_reserved: 32.047303915023804, max_memory_allocated: 24.237306833267212, max_memory_reserved: 32.047303915023804, interval_runtime: 1.0937, interval_samples_per_second: 14.629, interval_steps_per_second: 0.9143, global_norm: 10.04748249053955, ppl: 3834.348282554298, progress_or_epoch: 0.2333, cpu_used_memory: 256.7, cpu_available_memory: 2635.19[0m
[1,1]<stdout>:[32m[2026-05-18 17:31:14,853] [    INFO][0m - [DataLoad global_step: 21] data_load_time: 0.32 ms (accumulated over 4 micro-batches)[0m
[1,1]<stdout>:[32m[2026-05-18 17:31:15,947] [    INFO][0m - loss: 8.17762947, learning_rate: 8.5e-05, global_step: 22, current_memory_allocated: 18.69751214981079, current_memory_reserved: 32.047303915023804, max_memory_allocated: 24.237306833267212, max_memory_reserved: 32.047303915023804, interval_runtime: 1.0942, interval_samples_per_second: 14.6222, interval_steps_per_second: 0.9139, global_norm: 22.182764053344727, ppl: 3560.4046032983356, progress_or_epoch: 0.2444, cpu_used_memory: 256.63, cpu_available_memory: 2635.26[0m
[1,1]<stdout>:[32m[2026-05-18 17:31:15,947] [    INFO][0m - [DataLoad global_step: 22] data_load_time: 0.60 ms (accumulated over 4 micro-batches)[0m
[1,0]<stdout>:[32m[2026-05-18 17:31:17,043] [    INFO][0m - loss: 8.04913139, learning_rate: 8.375e-05, global_step: 23, current_memory_allocated: 18.69751214981079, current_memory_reserved: 32.047303915023804, max_memory_allocated: 24.237306833267212, max_memory_reserved: 32.047303915023804, interval_runtime: 1.0941, interval_samples_per_second: 14.6235, interval_steps_per_second: 0.914, global_norm: 4.492844104766846, ppl: 3131.0741074940315, progress_or_epoch: 0.2556, cpu_used_memory: 255.39, cpu_available_memory: 2636.5[0m
[1,0]<stdout>:[32m[2026-05-18 17:31:17,043] [    INFO][0m - [DataLoad global_step: 23] data_load_time: 0.60 ms (accumulated over 4 micro-batches)[0m
[1,0]<stdout>:[32m[2026-05-18 17:31:18,137] [    INFO][0m - loss: 7.67965078, learning_rate: 8.25e-05, global_step: 24, current_memory_allocated: 18.69751214981079, current_memory_reserved: 32.047303915023804, max_memory_allocated: 24.237306833267212, max_memory_reserved: 32.047303915023804, interval_runtime: 1.0941, interval_samples_per_second: 14.6234, interval_steps_per_second: 0.914, global_norm: 4.419442653656006, ppl: 2163.8639753080697, progress_or_epoch: 0.2667, cpu_used_memory: 255.41, cpu_available_memory: 2636.49[0m
[1,0]<stdout>:[32m[2026-05-18 17:31:18,138] [    INFO][0m - [DataLoad global_step: 24] data_load_time: 0.59 ms (accumulated over 4 micro-batches)[0m
[1,1]<stdout>:[32m[2026-05-18 17:31:17,042] [    INFO][0m - loss: 8.04913139, learning_rate: 8.375e-05, global_step: 23, current_memory_allocated: 18.69751214981079, current_memory_reserved: 32.047303915023804, max_memory_allocated: 24.237306833267212, max_memory_reserved: 32.047303915023804, interval_runtime: 1.0942, interval_samples_per_second: 14.6229, interval_steps_per_second: 0.9139, global_norm: 4.492844104766846, ppl: 3131.0741074940315, progress_or_epoch: 0.2556, cpu_used_memory: 256.58, cpu_available_memory: 2635.32[0m
[1,1]<stdout>:[32m[2026-05-18 17:31:17,042] [    INFO][0m - [DataLoad global_step: 23] data_load_time: 0.56 ms (accumulated over 4 micro-batches)[0m
[1,1]<stdout>:[32m[2026-05-18 17:31:18,136] [    INFO][0m - loss: 7.67965078, learning_rate: 8.25e-05, global_step: 24, current_memory_allocated: 18.69751214981079, current_memory_reserved: 32.047303915023804, max_memory_allocated: 24.237306833267212, max_memory_reserved: 32.047303915023804, interval_runtime: 1.0942, interval_samples_per_second: 14.6229, interval_steps_per_second: 0.9139, global_norm: 4.419442653656006, ppl: 2163.8639753080697, progress_or_epoch: 0.2667, cpu_used_memory: 256.6, cpu_available_memory: 2635.3[0m
[1,1]<stdout>:[32m[2026-05-18 17:31:18,136] [    INFO][0m - [DataLoad global_step: 24] data_load_time: 0.16 ms (accumulated over 4 micro-batches)[0m
[1,0]<stdout>:[32m[2026-05-18 17:31:19,232] [    INFO][0m - loss: 7.84405422, learning_rate: 8.125e-05, global_step: 25, current_memory_allocated: 18.69751214981079, current_memory_reserved: 32.047303915023804, max_memory_allocated: 24.237306833267212, max_memory_reserved: 32.047303915023804, interval_runtime: 1.0942, interval_samples_per_second: 14.6225, interval_steps_per_second: 0.9139, global_norm: 4.531057834625244, ppl: 2550.5242876013576, progress_or_epoch: 0.2778, cpu_used_memory: 255.39, cpu_available_memory: 2636.5[0m
[1,0]<stdout>:[32m[2026-05-18 17:31:19,232] [    INFO][0m - [DataLoad global_step: 25] data_load_time: 0.14 ms (accumulated over 4 micro-batches)[0m
[1,0]<stdout>:[32m[2026-05-18 17:31:20,324] [    INFO][0m - loss: 7.5725956, learning_rate: 8e-05, global_step: 26, current_memory_allocated: 18.69751214981079, current_memory_reserved: 32.047303915023804, max_memory_allocated: 24.237306833267212, max_memory_reserved: 32.047303915023804, interval_runtime: 1.0924, interval_samples_per_second: 14.6467, interval_steps_per_second: 0.9154, global_norm: 6.478743076324463, ppl: 1944.180051857993, progress_or_epoch: 0.2889, cpu_used_memory: 255.39, cpu_available_memory: 2636.51[0m
[1,0]<stdout>:[32m[2026-05-18 17:31:20,325] [    INFO][0m - [DataLoad global_step: 26] data_load_time: 0.27 ms (accumulated over 4 micro-batches)[0m
[1,1]<stdout>:[32m[2026-05-18 17:31:19,231] [    INFO][0m - loss: 7.84405422, learning_rate: 8.125e-05, global_step: 25, current_memory_allocated: 18.69751214981079, current_memory_reserved: 32.047303915023804, max_memory_allocated: 24.237306833267212, max_memory_reserved: 32.047303915023804, interval_runtime: 1.0942, interval_samples_per_second: 14.6225, interval_steps_per_second: 0.9139, global_norm: 4.531057834625244, ppl: 2550.5242876013576, progress_or_epoch: 0.2778, cpu_used_memory: 256.69, cpu_available_memory: 2635.2[0m
[1,1]<stdout>:[32m[2026-05-18 17:31:19,231] [    INFO][0m - [DataLoad global_step: 25] data_load_time: 0.43 ms (accumulated over 4 micro-batches)[0m
[1,1]<stdout>:[32m[2026-05-18 17:31:20,323] [    INFO][0m - loss: 7.5725956, learning_rate: 8e-05, global_step: 26, current_memory_allocated: 18.69751214981079, current_memory_reserved: 32.047303915023804, max_memory_allocated: 24.237306833267212, max_memory_reserved: 32.047303915023804, interval_runtime: 1.0924, interval_samples_per_second: 14.6473, interval_steps_per_second: 0.9155, global_norm: 6.478743076324463, ppl: 1944.180051857993, progress_or_epoch: 0.2889, cpu_used_memory: 256.76, cpu_available_memory: 2635.13[0m
[1,1]<stdout>:[32m[2026-05-18 17:31:20,323] [    INFO][0m - [DataLoad global_step: 26] data_load_time: 0.78 ms (accumulated over 4 micro-batches)[0m
[1,0]<stdout>:[32m[2026-05-18 17:31:21,418] [    INFO][0m - loss: 7.65897369, learning_rate: 7.875e-05, global_step: 27, current_memory_allocated: 18.69751214981079, current_memory_reserved: 32.047303915023804, max_memory_allocated: 24.237306833267212, max_memory_reserved: 32.047303915023804, interval_runtime: 1.093, interval_samples_per_second: 14.6387, interval_steps_per_second: 0.9149, global_norm: 12.992746353149414, ppl: 2119.5809647662745, progress_or_epoch: 0.3, cpu_used_memory: 255.51, cpu_available_memory: 2636.38[0m
[1,0]<stdout>:[32m[2026-05-18 17:31:21,418] [    INFO][0m - [DataLoad global_step: 27] data_load_time: 0.15 ms (accumulated over 4 micro-batches)[0m
[1,1]<stdout>:[32m[2026-05-18 17:31:21,416] [    INFO][0m - loss: 7.65897369, learning_rate: 7.875e-05, global_step: 27, current_memory_allocated: 18.69751214981079, current_memory_reserved: 32.047303915023804, max_memory_allocated: 24.237306833267212, max_memory_reserved: 32.047303915023804, interval_runtime: 1.0929, interval_samples_per_second: 14.6404, interval_steps_per_second: 0.915, global_norm: 12.992746353149414, ppl: 2119.5809647662745, progress_or_epoch: 0.3, cpu_used_memory: 256.75, cpu_available_memory: 2635.15[0m
[1,1]<stdout>:[32m[2026-05-18 17:31:21,416] [    INFO][0m - [DataLoad global_step: 27] data_load_time: 0.37 ms (accumulated over 4 micro-batches)[0m
[1,1]<stdout>:[32m[2026-05-18 17:31:22,510] [    INFO][0m - loss: 7.65351391, learning_rate: 7.75e-05, global_step: 28, current_memory_allocated: 18.69751214981079, current_memory_reserved: 32.047303915023804, max_memory_allocated: 24.237306833267212, max_memory_reserved: 32.047303915023804, interval_runtime: 1.0932, interval_samples_per_second: 14.6364, interval_steps_per_second: 0.9148, global_norm: 8.061213493347168, ppl: 2108.040053094589, progress_or_epoch: 0.3111, cpu_used_memory: 256.7, cpu_available_memory: 2635.19[0m
[1,1]<stdout>:[32m[2026-05-18 17:31:22,510] [    INFO][0m - [DataLoad global_step: 28] data_load_time: 0.96 ms (accumulated over 4 micro-batches)[0m
[1,0]<stdout>:[32m[2026-05-18 17:31:22,512] [    INFO][0m - loss: 7.65351391, learning_rate: 7.75e-05, global_step: 28, current_memory_allocated: 18.69751214981079, current_memory_reserved: 32.047303915023804, max_memory_allocated: 24.237306833267212, max_memory_reserved: 32.047303915023804, interval_runtime: 1.0932, interval_samples_per_second: 14.6356, interval_steps_per_second: 0.9147, global_norm: 8.061213493347168, ppl: 2108.040053094589, progress_or_epoch: 0.3111, cpu_used_memory: 255.57, cpu_available_memory: 2636.32[0m
[1,0]<stdout>:[32m[2026-05-18 17:31:22,512] [    INFO][0m - [DataLoad global_step: 28] data_load_time: 0.31 ms (accumulated over 4 micro-batches)[0m
[1,0]<stdout>:[32m[2026-05-18 17:31:23,605] [    INFO][0m - loss: 7.64219189, learning_rate: 7.625e-05, global_step: 29, current_memory_allocated: 18.69751214981079, current_memory_reserved: 32.047303915023804, max_memory_allocated: 24.237306833267212, max_memory_reserved: 32.047303915023804, interval_runtime: 1.0938, interval_samples_per_second: 14.6274, interval_steps_per_second: 0.9142, global_norm: 6.171303749084473, ppl: 2084.307385839302, progress_or_epoch: 0.3222, cpu_used_memory: 255.59, cpu_available_memory: 2636.3[0m
[1,0]<stdout>:[32m[2026-05-18 17:31:23,605] [    INFO][0m - [DataLoad global_step: 29] data_load_time: 0.14 ms (accumulated over 4 micro-batches)[0m
[1,1]<stdout>:[32m[2026-05-18 17:31:23,604] [    INFO][0m - loss: 7.64219189, learning_rate: 7.625e-05, global_step: 29, current_memory_allocated: 18.69751214981079, current_memory_reserved: 32.047303915023804, max_memory_allocated: 24.237306833267212, max_memory_reserved: 32.047303915023804, interval_runtime: 1.0938, interval_samples_per_second: 14.6277, interval_steps_per_second: 0.9142, global_norm: 6.171303749084473, ppl: 2084.307385839302, progress_or_epoch: 0.3222, cpu_used_memory: 256.74, cpu_available_memory: 2635.15[0m
[1,1]<stdout>:[32m[2026-05-18 17:31:23,604] [    INFO][0m - [DataLoad global_step: 29] data_load_time: 0.15 ms (accumulated over 4 micro-batches)[0m
[1,1]<stdout>:[32m[2026-05-18 17:31:24,697] [    INFO][0m - loss: 7.53290796, learning_rate: 7.5e-05, global_step: 30, current_memory_allocated: 18.69751214981079, current_memory_reserved: 32.047303915023804, max_memory_allocated: 24.237306833267212, max_memory_reserved: 32.047303915023804, interval_runtime: 1.0927, interval_samples_per_second: 14.6425, interval_steps_per_second: 0.9152, global_norm: 3.2231087684631348, ppl: 1868.5312249035317, progress_or_epoch: 0.3333, cpu_used_memory: 256.77, cpu_available_memory: 2635.13[0m
[1,1]<stdout>:[32m[2026-05-18 17:31:24,714] [    INFO][0m - Saving model checkpoint to ./checkpoints/pt/llama3-8b_elastic/checkpoint-30[0m
[1,1]<stdout>:[32m[2026-05-18 17:31:24,715] [    INFO][0m - filter sharded_params not placed in sharding_rank 2 .[0m
[1,1]<stdout>:[35m[2026-05-18 17:31:24,716] [   DEBUG][0m - param_names_in_master_weights:[], state_param_names:['linear_1.w_0', 'linear_5.w_0', 'linear_7.w_0', 'linear_11.w_0', 'create_parameter_3.w_0', 'linear_17.w_0', 'create_parameter_4.w_0', 'linear_23.w_0', 'linear_27.w_0', 'linear_29.w_0', 'linear_33.w_0', 'linear_35.w_0', 'linear_39.w_0', 'create_parameter_11.w_0', 'linear_45.w_0', 'create_parameter_12.w_0', 'linear_51.w_0', 'linear_55.w_0', 'linear_57.w_0', 'linear_61.w_0', 'linear_63.w_0', 'linear_67.w_0', 'create_parameter_19.w_0', 'linear_73.w_0', 'create_parameter_20.w_0', 'linear_79.w_0', 'linear_83.w_0', 'linear_85.w_0', 'linear_89.w_0', 'linear_91.w_0', 'linear_95.w_0', 'create_parameter_27.w_0', 'linear_101.w_0', 'create_parameter_28.w_0', 'linear_107.w_0', 'linear_111.w_0'][0m
[1,0]<stdout>:[32m[2026-05-18 17:31:24,698] [    INFO][0m - loss: 7.53290796, learning_rate: 7.5e-05, global_step: 30, current_memory_allocated: 18.69751214981079, current_memory_reserved: 32.047303915023804, max_memory_allocated: 24.237306833267212, max_memory_reserved: 32.047303915023804, interval_runtime: 1.0927, interval_samples_per_second: 14.6421, interval_steps_per_second: 0.9151, global_norm: 3.2231087684631348, ppl: 1868.5312249035317, progress_or_epoch: 0.3333, cpu_used_memory: 255.6, cpu_available_memory: 2636.3[0m
[1,0]<stdout>:[32m[2026-05-18 17:31:24,718] [    INFO][0m - Saving model checkpoint to ./checkpoints/pt/llama3-8b_elastic/checkpoint-30[0m
[1,0]<stdout>:[32m[2026-05-18 17:31:25,030] [    INFO][0m - filter sharded_params not placed in sharding_rank 0 .[0m
[1,0]<stdout>:[35m[2026-05-18 17:31:25,031] [   DEBUG][0m - param_names_in_master_weights:[], state_param_names:['embedding_0.w_0', 'linear_3.w_0', 'create_parameter_0.w_0', 'linear_9.w_0', 'linear_13.w_0', 'linear_15.w_0', 'linear_19.w_0', 'linear_21.w_0', 'linear_25.w_0', 'create_parameter_7.w_0', 'linear_31.w_0', 'create_parameter_8.w_0', 'linear_37.w_0', 'linear_41.w_0', 'linear_43.w_0', 'linear_47.w_0', 'linear_49.w_0', 'linear_53.w_0', 'create_parameter_15.w_0', 'linear_59.w_0', 'create_parameter_16.w_0', 'linear_65.w_0', 'linear_69.w_0', 'linear_71.w_0', 'linear_75.w_0', 'linear_77.w_0', 'linear_81.w_0', 'create_parameter_23.w_0', 'linear_87.w_0', 'create_parameter_24.w_0', 'linear_93.w_0', 'linear_97.w_0', 'linear_99.w_0', 'linear_103.w_0', 'linear_105.w_0', 'linear_109.w_0', 'create_parameter_31.w_0'][0m
[1,0]<stdout>:[32m[2026-05-18 17:31:25,036] [    INFO][0m - sharding_group_param_names:set()[0m
[1,0]<stdout>:[32m[2026-05-18 17:31:25,036] [    INFO][0m - param_names_in_master_weights len:0, bf16 state_dict len:37, :odict_keys(['model.embed_tokens.weight', 'model.layers.0.self_attn.o_proj.weight', 'model.layers.0.input_layernorm.weight', 'model.layers.1.self_attn.v_proj.weight', 'model.layers.1.mlp.down_proj.weight', 'model.layers.2.self_attn.k_proj.weight', 'model.layers.2.mlp.up_proj.weight', 'model.layers.3.self_attn.q_proj.weight', 'model.layers.3.mlp.gate_proj.weight', 'model.layers.3.post_attention_layernorm.weight', 'model.layers.4.self_attn.o_proj.weight', 'model.layers.4.input_layernorm.weight', 'model.layers.5.self_attn.v_proj.weight', 'model.layers.5.mlp.down_proj.weight', 'model.layers.6.self_attn.k_proj.weight', 'model.layers.6.mlp.up_proj.weight', 'model.layers.7.self_attn.q_proj.weight', 'model.layers.7.mlp.gate_proj.weight', 'model.layers.7.post_attention_layernorm.weight', 'model.layers.8.self_attn.o_proj.weight', 'model.layers.8.input_layernorm.weight', 'model.layers.9.self_attn.v_proj.weight', 'model.layers.9.mlp.down_proj.weight', 'model.layers.10.self_attn.k_proj.weight', 'model.layers.10.mlp.up_proj.weight', 'model.layers.11.self_attn.q_proj.weight', 'model.layers.11.mlp.gate_proj.weight', 'model.layers.11.post_attention_layernorm.weight', 'model.layers.12.self_attn.o_proj.weight', 'model.layers.12.input_layernorm.weight', 'model.layers.13.self_attn.v_proj.weight', 'model.layers.13.mlp.down_proj.weight', 'model.layers.14.self_attn.k_proj.weight', 'model.layers.14.mlp.up_proj.weight', 'model.layers.15.self_attn.q_proj.weight', 'model.layers.15.mlp.gate_proj.weight', 'model.layers.15.post_attention_layernorm.weight'])[0m
[1,0]<stdout>:[32m[2026-05-18 17:31:25,050] [    INFO][0m - Configuration saved in ./checkpoints/pt/llama3-8b_elastic/checkpoint-30/config.json[0m
[1,1]<stdout>:[32m[2026-05-18 17:31:25,036] [    INFO][0m - sharding_group_param_names:set()[0m
[1,1]<stdout>:[32m[2026-05-18 17:31:25,036] [    INFO][0m - param_names_in_master_weights len:0, bf16 state_dict len:36, :odict_keys(['model.layers.0.self_attn.k_proj.weight', 'model.layers.0.mlp.up_proj.weight', 'model.layers.1.self_attn.q_proj.weight', 'model.layers.1.mlp.gate_proj.weight', 'model.layers.1.post_attention_layernorm.weight', 'model.layers.2.self_attn.o_proj.weight', 'model.layers.2.input_layernorm.weight', 'model.layers.3.self_attn.v_proj.weight', 'model.layers.3.mlp.down_proj.weight', 'model.layers.4.self_attn.k_proj.weight', 'model.layers.4.mlp.up_proj.weight', 'model.layers.5.self_attn.q_proj.weight', 'model.layers.5.mlp.gate_proj.weight', 'model.layers.5.post_attention_layernorm.weight', 'model.layers.6.self_attn.o_proj.weight', 'model.layers.6.input_layernorm.weight', 'model.layers.7.self_attn.v_proj.weight', 'model.layers.7.mlp.down_proj.weight', 'model.layers.8.self_attn.k_proj.weight', 'model.layers.8.mlp.up_proj.weight', 'model.layers.9.self_attn.q_proj.weight', 'model.layers.9.mlp.gate_proj.weight', 'model.layers.9.post_attention_layernorm.weight', 'model.layers.10.self_attn.o_proj.weight', 'model.layers.10.input_layernorm.weight', 'model.layers.11.self_attn.v_proj.weight', 'model.layers.11.mlp.down_proj.weight', 'model.layers.12.self_attn.k_proj.weight', 'model.layers.12.mlp.up_proj.weight', 'model.layers.13.self_attn.q_proj.weight', 'model.layers.13.mlp.gate_proj.weight', 'model.layers.13.post_attention_layernorm.weight', 'model.layers.14.self_attn.o_proj.weight', 'model.layers.14.input_layernorm.weight', 'model.layers.15.self_attn.v_proj.weight', 'model.layers.15.mlp.down_proj.weight'])[0m
[1,1]<stdout>:[32m[2026-05-18 17:31:29,785] [    INFO][0m - Model weights saved in ./checkpoints/pt/llama3-8b_elastic/checkpoint-30/model_state.tp00_pp00_shard02.pdparams[0m
[1,1]<stdout>:[32m[2026-05-18 17:31:29,795] [    INFO][0m - Saving optimizer files.[0m
[1,0]<stdout>:[32m[2026-05-18 17:31:32,490] [    INFO][0m - Model weights saved in ./checkpoints/pt/llama3-8b_elastic/checkpoint-30/model_state.tp00_pp00_shard00.pdparams[0m
[1,0]<stdout>:[32m[2026-05-18 17:31:32,510] [    INFO][0m - Saving optimizer files.[0m
[1,1]<stdout>:[32m[2026-05-18 17:31:40,329] [    INFO][0m - global_save_step: 30, progress_or_epoch: 0.3333, cpu_used_memory: 307.44, cpu_available_memory: 2584.45[0m
[1,1]<stdout>:[32m[2026-05-18 17:31:40,330] [    INFO][0m - [timelog] checkpoint saving time: 15.63s (2026-05-18 17:31:40) [0m
[1,1]<stdout>:[32m[2026-05-18 17:31:40,330] [    INFO][0m - [DataLoad global_step: 30] data_load_time: 0.44 ms (accumulated over 4 micro-batches)[0m
[1,0]<stdout>:[32m[2026-05-18 17:31:42,732] [    INFO][0m - global_save_step: 30, progress_or_epoch: 0.3333, cpu_used_memory: 272.86, cpu_available_memory: 2619.03[0m
[1,0]<stdout>:[32m[2026-05-18 17:31:42,733] [    INFO][0m - [timelog] checkpoint saving time: 18.03s (2026-05-18 17:31:42) [0m
[1,0]<stdout>:[32m[2026-05-18 17:31:42,733] [    INFO][0m - [DataLoad global_step: 30] data_load_time: 0.15 ms (accumulated over 4 micro-batches)[0m
[1,0]<stdout>:[32m[2026-05-18 17:31:44,107] [    INFO][0m - loss: 7.67051411, learning_rate: 7.375e-05, global_step: 31, current_memory_allocated: 18.69751214981079, current_memory_reserved: 32.047303915023804, max_memory_allocated: 24.237306833267212, max_memory_reserved: 32.047303915023804, interval_runtime: 19.4082, interval_samples_per_second: 0.8244, interval_steps_per_second: 0.0515, global_norm: 3.7424187660217285, ppl: 2144.1835081160716, progress_or_epoch: 0.3444, cpu_used_memory: 263.57, cpu_available_memory: 2628.32[0m
[1,0]<stdout>:[32m[2026-05-18 17:31:44,107] [    INFO][0m - [DataLoad global_step: 31] data_load_time: 0.86 ms (accumulated over 4 micro-batches)[0m
[1,1]<stdout>:[32m[2026-05-18 17:31:44,105] [    INFO][0m - loss: 7.67051411, learning_rate: 7.375e-05, global_step: 31, current_memory_allocated: 18.69751214981079, current_memory_reserved: 32.047303915023804, max_memory_allocated: 24.237306833267212, max_memory_reserved: 32.047303915023804, interval_runtime: 19.4081, interval_samples_per_second: 0.8244, interval_steps_per_second: 0.0515, global_norm: 3.7424187660217285, ppl: 2144.1835081160716, progress_or_epoch: 0.3444, cpu_used_memory: 265.91, cpu_available_memory: 2625.98[0m
[1,1]<stdout>:[32m[2026-05-18 17:31:44,105] [    INFO][0m - [DataLoad global_step: 31] data_load_time: 0.60 ms (accumulated over 4 micro-batches)[0m
[1,0]<stdout>:[32m[2026-05-18 17:31:45,201] [    INFO][0m - loss: 7.60625935, learning_rate: 7.25e-05, global_step: 32, current_memory_allocated: 18.69751214981079, current_memory_reserved: 32.047303915023804, max_memory_allocated: 24.237306833267212, max_memory_reserved: 32.047303915023804, interval_runtime: 1.0941, interval_samples_per_second: 14.6242, interval_steps_per_second: 0.914, global_norm: 2.9611573219299316, ppl: 2010.742528500845, progress_or_epoch: 0.3556, cpu_used_memory: 263.56, cpu_available_memory: 2628.34[0m
[1,0]<stdout>:[32m[2026-05-18 17:31:45,201] [    INFO][0m - [DataLoad global_step: 32] data_load_time: 0.47 ms (accumulated over 4 micro-batches)[0m
[1,0]<stdout>:[32m[2026-05-18 17:31:46,294] [    INFO][0m - loss: 7.62812042, learning_rate: 7.125e-05, global_step: 33, current_memory_allocated: 18.69751214981079, current_memory_reserved: 32.047303915023804, max_memory_allocated: 24.237306833267212, max_memory_reserved: 32.047303915023804, interval_runtime: 1.0928, interval_samples_per_second: 14.6412, interval_steps_per_second: 0.9151, global_norm: 2.770064115524292, ppl: 2055.1835054509224, progress_or_epoch: 0.3667, cpu_used_memory: 263.55, cpu_available_memory: 2628.35[0m
[1,0]<stdout>:[32m[2026-05-18 17:31:46,294] [    INFO][0m - [DataLoad global_step: 33] data_load_time: 0.58 ms (accumulated over 4 micro-batches)[0m
[1,1]<stdout>:[32m[2026-05-18 17:31:45,199] [    INFO][0m - loss: 7.60625935, learning_rate: 7.25e-05, global_step: 32, current_memory_allocated: 18.69751214981079, current_memory_reserved: 32.047303915023804, max_memory_allocated: 24.237306833267212, max_memory_reserved: 32.047303915023804, interval_runtime: 1.094, interval_samples_per_second: 14.6256, interval_steps_per_second: 0.9141, global_norm: 2.9611573219299316, ppl: 2010.742528500845, progress_or_epoch: 0.3556, cpu_used_memory: 265.97, cpu_available_memory: 2625.93[0m
[1,1]<stdout>:[32m[2026-05-18 17:31:45,199] [    INFO][0m - [DataLoad global_step: 32] data_load_time: 0.40 ms (accumulated over 4 micro-batches)[0m
[1,1]<stdout>:[32m[2026-05-18 17:31:46,292] [    INFO][0m - loss: 7.62812042, learning_rate: 7.125e-05, global_step: 33, current_memory_allocated: 18.69751214981079, current_memory_reserved: 32.047303915023804, max_memory_allocated: 24.237306833267212, max_memory_reserved: 32.047303915023804, interval_runtime: 1.0927, interval_samples_per_second: 14.6423, interval_steps_per_second: 0.9151, global_norm: 2.770064115524292, ppl: 2055.1835054509224, progress_or_epoch: 0.3667, cpu_used_memory: 265.92, cpu_available_memory: 2625.98[0m
[1,1]<stdout>:[32m[2026-05-18 17:31:46,292] [    INFO][0m - [DataLoad global_step: 33] data_load_time: 0.16 ms (accumulated over 4 micro-batches)[0m
[1,0]<stdout>:[32m[2026-05-18 17:31:47,389] [    INFO][0m - loss: 7.43730545, learning_rate: 7e-05, global_step: 34, current_memory_allocated: 18.69751214981079, current_memory_reserved: 32.047303915023804, max_memory_allocated: 24.237306833267212, max_memory_reserved: 32.047303915023804, interval_runtime: 1.095, interval_samples_per_second: 14.6114, interval_steps_per_second: 0.9132, global_norm: 3.4547531604766846, ppl: 1698.1682514878498, progress_or_epoch: 0.3778, cpu_used_memory: 263.56, cpu_available_memory: 2628.33[0m
[1,0]<stdout>:[32m[2026-05-18 17:31:47,389] [    INFO][0m - [DataLoad global_step: 34] data_load_time: 0.39 ms (accumulated over 4 micro-batches)[0m
[1,1]<stdout>:[32m[2026-05-18 17:31:47,388] [    INFO][0m - loss: 7.43730545, learning_rate: 7e-05, global_step: 34, current_memory_allocated: 18.69751214981079, current_memory_reserved: 32.047303915023804, max_memory_allocated: 24.237306833267212, max_memory_reserved: 32.047303915023804, interval_runtime: 1.0951, interval_samples_per_second: 14.6104, interval_steps_per_second: 0.9131, global_norm: 3.4547531604766846, ppl: 1698.1682514878498, progress_or_epoch: 0.3778, cpu_used_memory: 265.89, cpu_available_memory: 2626.01[0m
[1,1]<stdout>:[32m[2026-05-18 17:31:47,388] [    INFO][0m - [DataLoad global_step: 34] data_load_time: 0.30 ms (accumulated over 4 micro-batches)[0m
[1,1]<stdout>:[32m[2026-05-18 17:31:48,481] [    INFO][0m - loss: 7.57537365, learning_rate: 6.875e-05, global_step: 35, current_memory_allocated: 18.69751214981079, current_memory_reserved: 32.047303915023804, max_memory_allocated: 24.237306833267212, max_memory_reserved: 32.047303915023804, interval_runtime: 1.093, interval_samples_per_second: 14.6381, interval_steps_per_second: 0.9149, global_norm: 3.392350435256958, ppl: 1949.5885903678684, progress_or_epoch: 0.3889, cpu_used_memory: 265.8, cpu_available_memory: 2626.09[0m
[1,1]<stdout>:[32m[2026-05-18 17:31:48,481] [    INFO][0m - [DataLoad global_step: 35] data_load_time: 0.20 ms (accumulated over 4 micro-batches)[0m
[1,0]<stdout>:[32m[2026-05-18 17:31:48,482] [    INFO][0m - loss: 7.57537365, learning_rate: 6.875e-05, global_step: 35, current_memory_allocated: 18.69751214981079, current_memory_reserved: 32.047303915023804, max_memory_allocated: 24.237306833267212, max_memory_reserved: 32.047303915023804, interval_runtime: 1.093, interval_samples_per_second: 14.6384, interval_steps_per_second: 0.9149, global_norm: 3.392350435256958, ppl: 1949.5885903678684, progress_or_epoch: 0.3889, cpu_used_memory: 263.59, cpu_available_memory: 2628.31[0m
[1,0]<stdout>:[32m[2026-05-18 17:31:48,483] [    INFO][0m - [DataLoad global_step: 35] data_load_time: 0.57 ms (accumulated over 4 micro-batches)[0m
[1,0]<stdout>:[32m[2026-05-18 17:31:49,576] [    INFO][0m - loss: 7.44439697, learning_rate: 6.75e-05, global_step: 36, current_memory_allocated: 18.69751214981079, current_memory_reserved: 32.047303915023804, max_memory_allocated: 24.237306833267212, max_memory_reserved: 32.047303915023804, interval_runtime: 1.0933, interval_samples_per_second: 14.6349, interval_steps_per_second: 0.9147, global_norm: 2.9012720584869385, ppl: 1710.2536468706837, progress_or_epoch: 0.4, cpu_used_memory: 263.57, cpu_available_memory: 2628.33[0m
[1,0]<stdout>:[32m[2026-05-18 17:31:49,576] [    INFO][0m - [DataLoad global_step: 36] data_load_time: 0.32 ms (accumulated over 4 micro-batches)[0m
