PyTorch was not found. Models won't be available and only tokenizers, configuration and file/data utilities can be used.
[33m[2026-05-12 06:27:15,592] [ WARNING][0m - Due to potential compatibility issues between PaddlePaddle and PyTorch in PaddleFormers, PaddleFormers defaults `transformers.utils.import_utils.is_torch_available` and `transformers.utils.import_utils.is_torchvision_available` to False. If you need to use PyTorch in transformers or torchvision, please add `del sys.modules['transformers']` before using them.[0m
/workspace/py310/lib/python3.10/site-packages/_distutils_hack/__init__.py:30: UserWarning: Setuptools is replacing distutils. Support for replacing an already imported distutils is deprecated. In the future, this condition will fail. Register concerns at https://github.com/pypa/setuptools/issues/new?template=distutils-deprecation.yml
  warnings.warn(
PyTorch was not found. Models won't be available and only tokenizers, configuration and file/data utilities can be used.
/workspace/Paddle/build/python/paddle/distributed/launch/context/args_envs.py:54: UserWarning: Unset 'http_proxy' to ensure stable NCCL communication in distributed training (backed up as 'http_proxy_original').
  warnings.warn(
/workspace/Paddle/build/python/paddle/distributed/launch/context/args_envs.py:54: UserWarning: Unset 'https_proxy' to ensure stable NCCL communication in distributed training (backed up as 'https_proxy_original').
  warnings.warn(
LAUNCH INFO 2026-05-12 06:27:18,626 -----------  Configuration  ----------------------
LAUNCH INFO 2026-05-12 06:27:18,626 auto_cluster_config: 0
LAUNCH INFO 2026-05-12 06:27:18,626 auto_parallel_config: None
LAUNCH INFO 2026-05-12 06:27:18,626 auto_tuner_json: None
LAUNCH INFO 2026-05-12 06:27:18,626 devices: 1,2,3,4
LAUNCH INFO 2026-05-12 06:27:18,626 elastic_level: -1
LAUNCH INFO 2026-05-12 06:27:18,626 elastic_timeout: 30
LAUNCH INFO 2026-05-12 06:27:18,626 enable_gpu_log: True
LAUNCH INFO 2026-05-12 06:27:18,626 gloo_port: 6767
LAUNCH INFO 2026-05-12 06:27:18,626 host: None
LAUNCH INFO 2026-05-12 06:27:18,626 ips: None
LAUNCH INFO 2026-05-12 06:27:18,626 job_id: default
LAUNCH INFO 2026-05-12 06:27:18,626 legacy: False
LAUNCH INFO 2026-05-12 06:27:18,626 log_dir: logs/pt/llama3-8b_gpu.dist
LAUNCH INFO 2026-05-12 06:27:18,626 log_level: INFO
LAUNCH INFO 2026-05-12 06:27:18,626 log_overwrite: False
LAUNCH INFO 2026-05-12 06:27:18,626 master: 127.0.0.1:8080
LAUNCH INFO 2026-05-12 06:27:18,626 max_restart: 3
LAUNCH INFO 2026-05-12 06:27:18,626 nnodes: 1
LAUNCH INFO 2026-05-12 06:27:18,626 nproc_per_node: None
LAUNCH INFO 2026-05-12 06:27:18,626 rank: 0
LAUNCH INFO 2026-05-12 06:27:18,626 run_mode: collective
LAUNCH INFO 2026-05-12 06:27:18,626 server_num: None
LAUNCH INFO 2026-05-12 06:27:18,626 servers: 
LAUNCH INFO 2026-05-12 06:27:18,626 sort_ip: False
LAUNCH INFO 2026-05-12 06:27:18,626 start_port: 6070
LAUNCH INFO 2026-05-12 06:27:18,626 trainer_num: None
LAUNCH INFO 2026-05-12 06:27:18,626 trainers: 
LAUNCH INFO 2026-05-12 06:27:18,626 training_script: /workspace/PaddleFormers/paddleformers/cli/launcher.py
LAUNCH INFO 2026-05-12 06:27:18,626 training_script_args: ['train', 'configs/pt/train_llama3_8b.yaml']
LAUNCH INFO 2026-05-12 06:27:18,626 with_gloo: 1
LAUNCH INFO 2026-05-12 06:27:18,626 --------------------------------------------------
LAUNCH INFO 2026-05-12 06:27:18,627 Job: default, mode collective, replicas 1[1:1], elastic False
LAUNCH INFO 2026-05-12 06:27:18,629 Run Pod: sosxjq, replicas 4, status ready
LAUNCH INFO 2026-05-12 06:27:18,707 Watching Pod: sosxjq, replicas 4, status running
PyTorch was not found. Models won't be available and only tokenizers, configuration and file/data utilities can be used.
[33m[2026-05-12 06:27:21,036] [ WARNING][0m - Due to potential compatibility issues between PaddlePaddle and PyTorch in PaddleFormers, PaddleFormers defaults `transformers.utils.import_utils.is_torch_available` and `transformers.utils.import_utils.is_torchvision_available` to False. If you need to use PyTorch in transformers or torchvision, please add `del sys.modules['transformers']` before using them.[0m
/workspace/py310/lib/python3.10/site-packages/_distutils_hack/__init__.py:30: UserWarning: Setuptools is replacing distutils. Support for replacing an already imported distutils is deprecated. In the future, this condition will fail. Register concerns at https://github.com/pypa/setuptools/issues/new?template=distutils-deprecation.yml
  warnings.warn(
PyTorch was not found. Models won't be available and only tokenizers, configuration and file/data utilities can be used.
[32m[2026-05-12 06:27:22,811] [    INFO][0m - user has defined resume_from_checkpoint: None[0m
[32m[2026-05-12 06:27:22,817] [    INFO][0m - fa_version = 2 set FLAGS_flash_attn_version to 2[0m
[33m[2026-05-12 06:27:22,817] [ WARNING][0m - sharding_parallel_size=1 means no sharding, please set sharding to empty![0m
[2026-05-12 06:27:22,817] [    INFO] distributed_strategy.py:343 - distributed strategy initialized
[32m[2026-05-12 06:27:22,817] [    INFO][0m - PP configs:{'micro_batch_size': 1, 'accumulate_steps': 4, 'schedule_mode': '1F1B', 'p2p_cache_shape': True, 'enable_partial_send_recv': True}, use master_grad: True[0m
[33m[2026-05-12 06:27:22,818] [ WARNING][0m - In pipeline model, the evaluation also shares same setting with training. We will enforce that per_device_eval_batch_size=per_device_train_batch_size.[0m
[32m[2026-05-12 06:27:22,818] [    INFO][0m - using pipeline configs:{'delay_scale_loss': True, 'dp_comm_overlap': False, 'sharding_comm_overlap': False, 'enable_timer': False, 'release_gradients': False, 'overlap_p2p_comm': False, 'clear_every_step_cache': False, 'use_batch_p2p_comm': True, 'best_unbalanced_scheduler': False, 'enable_offload_queue': False, 'use_dualpipev': False, 'forward_backward_overlap_scheduler': False, 'enable_dynamic_shape': False}[0m
======================= Modified FLAGS detected =======================
FLAGS(name='FLAGS_cudnn_dir', current_value='/workspace/Paddle/build/python/paddle/../nvidia/cudnn/lib', default_value='')
FLAGS(name='FLAGS_selected_gpus', current_value='0', default_value='')
FLAGS(name='FLAGS_nvidia_package_dir', current_value='/workspace/Paddle/build/python/paddle/../nvidia', default_value='')
FLAGS(name='FLAGS_nccl_dir', current_value='/workspace/Paddle/build/python/paddle/../nvidia/nccl/lib', default_value='')
FLAGS(name='FLAGS_cublas_dir', current_value='/workspace/Paddle/build/python/paddle/../nvidia/cublas/lib', default_value='')
FLAGS(name='FLAGS_enable_pir_in_executor', current_value=True, default_value=False)
FLAGS(name='FLAGS_cusolver_dir', current_value='/workspace/Paddle/build/python/paddle/../nvidia/cusolver/lib', default_value='')
FLAGS(name='FLAGS_cusparse_dir', current_value='/workspace/Paddle/build/python/paddle/../nvidia/cusparse/lib', default_value='')
FLAGS(name='FLAGS_cupti_dir', current_value='/workspace/Paddle/build/python/paddle/../nvidia/cuda_cupti/lib', default_value='')
FLAGS(name='FLAGS_deterministic_rng', current_value=True, default_value=False)
FLAGS(name='FLAGS_curand_dir', current_value='/workspace/Paddle/build/python/paddle/../nvidia/curand/lib', default_value='')
=======================================================================
I0512 06:27:22.819898 31278 tcp_store.cc:336] create libuv server at port: 50855
I0512 06:27:22.821295 31278 tcp_utils.cc:132] Successfully connected to 10.95.147.140:50855
I0512 06:27:24.557775 31278 process_group_nccl.cc:155] ProcessGroupNCCL pg_timeout_ 1800000
I0512 06:27:24.557822 31278 process_group_nccl.cc:156] ProcessGroupNCCL nccl_comm_init_option_ 0
I0512 06:27:24.558528 31278 process_group_nccl.cc:155] ProcessGroupNCCL pg_timeout_ 1800000
I0512 06:27:24.558560 31278 process_group_nccl.cc:156] ProcessGroupNCCL nccl_comm_init_option_ 0
[2026-05-12 06:27:24,558] [    INFO] topology.py:535 - Total 2 pipe comm group(s) create successfully!
W0512 06:27:24.559319 31278 gpu_resources.cc:116] Please NOTE: device: 0, GPU Compute Capability: 8.0, Driver API Version: 12.9, Runtime API Version: 12.9
W0512 06:27:24.563642 31278 nccl_comm_context.cc:70] ncclCommInitRankConfigMemOpt is not supported.
[2026-05-12 06:27:26,024] [    INFO] topology.py:535 - Total 4 data comm group(s) create successfully!
I0512 06:27:26.024811 31278 process_group_nccl.cc:155] ProcessGroupNCCL pg_timeout_ 1800000
I0512 06:27:26.024839 31278 process_group_nccl.cc:156] ProcessGroupNCCL nccl_comm_init_option_ 0
[2026-05-12 06:27:26,024] [    INFO] topology.py:535 - Total 2 model comm group(s) create successfully!
[2026-05-12 06:27:26,025] [    INFO] topology.py:535 - Total 4 sharding comm group(s) create successfully!
I0512 06:27:26.025116 31278 process_group_nccl.cc:155] ProcessGroupNCCL pg_timeout_ 1800000
I0512 06:27:26.025126 31278 process_group_nccl.cc:156] ProcessGroupNCCL nccl_comm_init_option_ 0
[2026-05-12 06:27:26,025] [    INFO] topology.py:449 - HybridParallelInfo: rank_id: 0, mp_degree: 2, sharding_degree: 1, pp_degree: 2, dp_degree: 1, sep_degree: 1, mp_group: [0, 1],  sharding_group: [0], pp_group: [0, 2], dp_group: [0], sep:group: None, check/clip group: [0, 1, 2, 3]
[32m[2026-05-12 06:27:26,026] [    INFO][0m -     +==============================================================================+
    |                                                                              |
    |                         DistributedStrategy Overview                         |
    |                                                                              |
    +==============================================================================+
    |                        a_sync=True <-> a_sync_configs                        |
    +------------------------------------------------------------------------------+
    |                               k_steps                    -1                  |
    |                     max_merge_var_num                    1                   |
    |                       send_queue_size                    16                  |
    |               independent_recv_thread                  False                 |
    |         min_send_grad_num_before_recv                    1                   |
    |                      thread_pool_size                    1                   |
    |                       send_wait_times                    1                   |
    |               runtime_split_send_recv                  False                 |
    |                        launch_barrier                   True                 |
    |             heter_worker_device_guard                   cpu                  |
    |                        lr_decay_steps                    10                  |
    |                            use_ps_gpu                    0                   |
    |                         use_gpu_graph                    0                   |
    +==============================================================================+
    |                    Environment Flags, Communication Flags                    |
    +------------------------------------------------------------------------------+
    |                                  mode                    1                   |
    |                               elastic                  False                 |
    |                                  auto                  False                 |
    |                   sync_nccl_allreduce                   True                 |
    |                         nccl_comm_num                    1                   |
    |            use_hierarchical_allreduce                  False                 |
    |   hierarchical_allreduce_inter_nranks                    1                   |
    |                       sync_batch_norm                  False                 |
    |                   fuse_all_reduce_ops                   True                 |
    |                  fuse_grad_size_in_MB                    32                  |
    |              fuse_grad_size_in_TFLOPS                   50.0                 |
    |               cudnn_exhaustive_search                  False                 |
    |             conv_workspace_size_limit                   512                  |
    |    cudnn_batchnorm_spatial_persistent                  False                 |
    |                        fp16_allreduce                  False                 |
    |               last_comm_group_size_MB                   1.0                  |
    |                find_unused_parameters                  False                 |
    |            without_graph_optimization                   True                 |
    |                 fuse_grad_size_in_num                    8                   |
    |                 calc_comm_same_stream                  False                 |
    |                                   asp                  False                 |
    |                       fuse_grad_merge                  False                 |
    |                             semi_auto                  False                 |
    |                            adam_d2sum                  False                 |
    |                           auto_search                  False                 |
    |                        heter_ccl_mode                  False                 |
    |                         is_fl_ps_mode                  False                 |
    |                      with_coordinator                  False                 |
    |                            split_data                   True                 |
    |                  downpour_table_param                    []                  |
    |                       fs_client_param                                        |
    +==============================================================================+
    |                                Build Strategy                                |
    +------------------------------------------------------------------------------+
    |              fuse_elewise_add_act_ops                  False                 |
    |                       fuse_bn_act_ops                  False                 |
    |              fuse_relu_depthwise_conv                  False                 |
    |                    fuse_broadcast_ops                  False                 |
    |                fuse_all_optimizer_ops                  False                 |
    |                        enable_inplace                  False                 |
    |     enable_backward_optimizer_op_deps                   True                 |
    |                 cache_runtime_context                  False                 |
    |                   fuse_bn_add_act_ops                   True                 |
    |                    enable_auto_fusion                  False                 |
    |                          enable_addto                  False                 |
    |              allow_cuda_graph_capture                  False                 |
    |                       reduce_strategy                    0                   |
    |                    fuse_gemm_epilogue                  False                 |
    |                   debug_graphviz_path                                        |
    |                       fused_attention                  False                 |
    |                     fused_feedforward                  False                 |
    |            fuse_dot_product_attention                  False                 |
    |                          fuse_resunit                  False                 |
    +==============================================================================+
[0m
[32m[2026-05-12 06:27:26,026] [    INFO][0m - The default value for the training argument `--report_to` will change in v5 (from all installed integrations to none). In v5, you will need to use `--report_to all` to get the same behavior as now. You should start updating your code and make this info disappear :-).[0m
[32m[2026-05-12 06:27:26,026] [    INFO][0m - Auto set hybrid_parallel_expert_grad_scale = 2.0[0m
[32m[2026-05-12 06:27:26,027] [    INFO][0m - reset finetuning arguments global_batch_size to 4[0m
[32m[2026-05-12 06:27:26,027] [    INFO][0m - fixing pp configs: {'micro_batch_size': 1, 'accumulate_steps': 4, 'schedule_mode': '1F1B', 'p2p_cache_shape': True, 'enable_partial_send_recv': True}[0m
[35m[2026-05-12 06:27:26,126] [   DEBUG][0m - ============================================================[0m
[35m[2026-05-12 06:27:26,126] [   DEBUG][0m -      Model Configuration Arguments      [0m
[35m[2026-05-12 06:27:26,126] [   DEBUG][0m - paddle commit id              : 328272eb92b8b82b6b05e1bd6b4de36793bef9e6[0m
[35m[2026-05-12 06:27:26,139] [   DEBUG][0m - paddleformers commit id       : 733171e1d61277b1b9d12869ff882b8422f3b939.dirty[0m
[35m[2026-05-12 06:27:26,139] [   DEBUG][0m - _attn_implementation          : eager[0m
[35m[2026-05-12 06:27:26,139] [   DEBUG][0m - bos_token_id                  : 0[0m
[35m[2026-05-12 06:27:26,139] [   DEBUG][0m - continue_training             : False[0m
[35m[2026-05-12 06:27:26,139] [   DEBUG][0m - copy_custom_file_list         : [0m
[35m[2026-05-12 06:27:26,139] [   DEBUG][0m - download_hub                  : None[0m
[35m[2026-05-12 06:27:26,139] [   DEBUG][0m - eos_token_id                  : 1[0m
[35m[2026-05-12 06:27:26,140] [   DEBUG][0m - ernie_model_config            : ErniePretrainArgument(use_quant_before_a2a=False, use_async_a2a=False, use_rms_qkv_recompute=False, moe_logging=False, use_recompute=False, num_nextn_predict_layers=0, use_fp8_mlp=False, num_hidden_layers=2, num_empty_layers_add_in_tail=0, use_fp8_fuse_node=False, use_ep_comm_overlap=False, fp8_mem_configs=FP8MemConfigs(shared_expert=False, recompute_fwd_gate_up=False, dequant_input=False, offline_quant_expert_weight=False, clear_origin_weight_when_offline_quant=False), fp8_fused_ops_configs=FP8FusedOpsConfigs(stack_quant=False, swiglu_probs_bwd=False, split_group_gemm=True, spaq=True, transpose_split_quant=True), use_combine_before_a2a=False, moe_num_experts=0, moe_k=2, moe_use_aux_free=False, moe_gate='top2_fused', transpose_split_quant=False)[0m
[35m[2026-05-12 06:27:26,140] [   DEBUG][0m - fine_tuning                   : full[0m
[35m[2026-05-12 06:27:26,140] [   DEBUG][0m - fuse_gate_detach_matmul       : True[0m
[35m[2026-05-12 06:27:26,140] [   DEBUG][0m - fuse_softmax_mask             : False[0m
[35m[2026-05-12 06:27:26,140] [   DEBUG][0m - lora                          : False[0m
[35m[2026-05-12 06:27:26,140] [   DEBUG][0m - lora_alpha                    : -1[0m
[35m[2026-05-12 06:27:26,140] [   DEBUG][0m - lora_path                     : None[0m
[35m[2026-05-12 06:27:26,140] [   DEBUG][0m - lora_plus_scale               : 1.0[0m
[35m[2026-05-12 06:27:26,140] [   DEBUG][0m - lora_rank                     : 8[0m
[35m[2026-05-12 06:27:26,140] [   DEBUG][0m - loss_subbatch_seqlen          : 32768[0m
[35m[2026-05-12 06:27:26,140] [   DEBUG][0m - max_position_embeddings       : 4096[0m
[35m[2026-05-12 06:27:26,140] [   DEBUG][0m - model_name_or_path            : ./models/Llama-3-8b[0m
[35m[2026-05-12 06:27:26,140] [   DEBUG][0m - model_with_dpo_criterion      : False[0m
[35m[2026-05-12 06:27:26,140] [   DEBUG][0m - moe_gate                      : top2_fused[0m
[35m[2026-05-12 06:27:26,140] [   DEBUG][0m - moe_group                     : dummy[0m
[35m[2026-05-12 06:27:26,140] [   DEBUG][0m - moe_group_experts             : False[0m
[35m[2026-05-12 06:27:26,140] [   DEBUG][0m - moe_multimodal_dispatch_use_allgather: v2-alltoall-unpad[0m
[35m[2026-05-12 06:27:26,141] [   DEBUG][0m - moe_orthogonal_loss_lambda    : 0.0[0m
[35m[2026-05-12 06:27:26,141] [   DEBUG][0m - moe_use_aux_free              : None[0m
[35m[2026-05-12 06:27:26,141] [   DEBUG][0m - moe_use_hard_gate             : False[0m
[35m[2026-05-12 06:27:26,141] [   DEBUG][0m - neftune                       : False[0m
[35m[2026-05-12 06:27:26,141] [   DEBUG][0m - neftune_noise_alpha           : 5.0[0m
[35m[2026-05-12 06:27:26,141] [   DEBUG][0m - pp_seg_method                 : layer:DecoderLayer|EmptyLayer[0m
[35m[2026-05-12 06:27:26,141] [   DEBUG][0m - rope_3d                       : True[0m
[35m[2026-05-12 06:27:26,141] [   DEBUG][0m - rslora                        : False[0m
[35m[2026-05-12 06:27:26,141] [   DEBUG][0m - rslora_plus                   : False[0m
[35m[2026-05-12 06:27:26,141] [   DEBUG][0m - stage                         : PT[0m
[35m[2026-05-12 06:27:26,141] [   DEBUG][0m - tokenizer_name_or_path        : None[0m
[35m[2026-05-12 06:27:26,141] [   DEBUG][0m - use_attn_mask_startend_row_indices: True[0m
[35m[2026-05-12 06:27:26,141] [   DEBUG][0m - use_fast_layer_norm           : False[0m
[35m[2026-05-12 06:27:26,141] [   DEBUG][0m - use_global_causal_attn        : False[0m
[35m[2026-05-12 06:27:26,141] [   DEBUG][0m - use_mem_eff_attn              : True[0m
[35m[2026-05-12 06:27:26,141] [   DEBUG][0m - use_sparse_flash_attn         : True[0m
[35m[2026-05-12 06:27:26,141] [   DEBUG][0m - vision_config                 : VisionArguments(attn_implementation='eager', attn_sep=True, depth=32, embed_dim=1280, hidden_act='quick_gelu', hidden_size=1280, in_channels=3, mlp_ratio=4, model_type='DFNRope_vision_transformer', num_heads=16, patch_size=14, spatial_merge_size=2, tensor_model_parallel_size=4, vit_num_recompute_layers=10000)[0m
[35m[2026-05-12 06:27:26,142] [   DEBUG][0m - [0m
[35m[2026-05-12 06:27:26,142] [   DEBUG][0m - ============================================================[0m
[35m[2026-05-12 06:27:26,142] [   DEBUG][0m -       Data Configuration Arguments      [0m
[35m[2026-05-12 06:27:26,142] [   DEBUG][0m - paddle commit id              : 328272eb92b8b82b6b05e1bd6b4de36793bef9e6[0m
[35m[2026-05-12 06:27:26,142] [   DEBUG][0m - paddleformers commit id       : 733171e1d61277b1b9d12869ff882b8422f3b939.dirty[0m
[35m[2026-05-12 06:27:26,142] [   DEBUG][0m - binpacking                    : True[0m
[35m[2026-05-12 06:27:26,142] [   DEBUG][0m - buffer_size                   : 500[0m
[35m[2026-05-12 06:27:26,142] [   DEBUG][0m - custom_register_path          : None[0m
[35m[2026-05-12 06:27:26,142] [   DEBUG][0m - data_cache                    : None[0m
[35m[2026-05-12 06:27:26,142] [   DEBUG][0m - data_impl                     : mmap[0m
[35m[2026-05-12 06:27:26,142] [   DEBUG][0m - dataset_output_dir            : ./dataset_output[0m
[35m[2026-05-12 06:27:26,142] [   DEBUG][0m - dataset_type                  : pretrain[0m
[35m[2026-05-12 06:27:26,142] [   DEBUG][0m - encode_one_turn               : True[0m
[35m[2026-05-12 06:27:26,142] [   DEBUG][0m - eval_dataset_path             : examples/data/sft-eval.jsonl[0m
[35m[2026-05-12 06:27:26,142] [   DEBUG][0m - eval_dataset_prob             : 1.0[0m
[35m[2026-05-12 06:27:26,142] [   DEBUG][0m - eval_dataset_type             : erniekit[0m
[35m[2026-05-12 06:27:26,142] [   DEBUG][0m - eval_with_do_generation       : False[0m
[35m[2026-05-12 06:27:26,143] [   DEBUG][0m - greedy_intokens               : True[0m
[35m[2026-05-12 06:27:26,143] [   DEBUG][0m - input_dir                     : 1.0 ./data/pt/llama_openwebtext_100k[0m
[35m[2026-05-12 06:27:26,143] [   DEBUG][0m - make_offline_data             : False[0m
[35m[2026-05-12 06:27:26,143] [   DEBUG][0m - max_prompt_len                : 2048[0m
[35m[2026-05-12 06:27:26,143] [   DEBUG][0m - max_seq_len                   : 4096[0m
[35m[2026-05-12 06:27:26,143] [   DEBUG][0m - mix_strategy                  : concat[0m
[35m[2026-05-12 06:27:26,143] [   DEBUG][0m - new_special_tokens_path       : None[0m
[35m[2026-05-12 06:27:26,143] [   DEBUG][0m - num_samples_each_epoch        : 6000000[0m
[35m[2026-05-12 06:27:26,143] [   DEBUG][0m - packed_idx_cache_dir          : None[0m
[35m[2026-05-12 06:27:26,143] [   DEBUG][0m - packing                       : False[0m
[35m[2026-05-12 06:27:26,143] [   DEBUG][0m - packing_interval              : 1000[0m
[35m[2026-05-12 06:27:26,143] [   DEBUG][0m - padding_free                  : False[0m
[35m[2026-05-12 06:27:26,143] [   DEBUG][0m - processor_use_fast            : None[0m
[35m[2026-05-12 06:27:26,143] [   DEBUG][0m - random_shuffle                : True[0m
[35m[2026-05-12 06:27:26,143] [   DEBUG][0m - share_folder                  : False[0m
[35m[2026-05-12 06:27:26,143] [   DEBUG][0m - skip_warmup                   : True[0m
[35m[2026-05-12 06:27:26,143] [   DEBUG][0m - split                         : 990,10,0[0m
[35m[2026-05-12 06:27:26,143] [   DEBUG][0m - split_multi_turn              : False[0m
[35m[2026-05-12 06:27:26,144] [   DEBUG][0m - template                      : None[0m
[35m[2026-05-12 06:27:26,144] [   DEBUG][0m - template_backend              : custom[0m
[35m[2026-05-12 06:27:26,144] [   DEBUG][0m - train_dataset_path            : None[0m
[35m[2026-05-12 06:27:26,144] [   DEBUG][0m - train_dataset_prob            : None[0m
[35m[2026-05-12 06:27:26,144] [   DEBUG][0m - train_dataset_type            : None[0m
[35m[2026-05-12 06:27:26,144] [   DEBUG][0m - truncate_packing              : True[0m
[35m[2026-05-12 06:27:26,144] [   DEBUG][0m - truncation_strategy           : delete[0m
[35m[2026-05-12 06:27:26,144] [   DEBUG][0m - use_template                  : True[0m
[35m[2026-05-12 06:27:26,144] [   DEBUG][0m - warmup_only_rank0             : False[0m
[35m[2026-05-12 06:27:26,144] [   DEBUG][0m - [0m
[35m[2026-05-12 06:27:26,144] [   DEBUG][0m - ============================================================[0m
[35m[2026-05-12 06:27:26,144] [   DEBUG][0m -      Train Configuration Arguments      [0m
[35m[2026-05-12 06:27:26,144] [   DEBUG][0m - paddle commit id              : 328272eb92b8b82b6b05e1bd6b4de36793bef9e6[0m
[35m[2026-05-12 06:27:26,144] [   DEBUG][0m - paddleformers commit id       : 733171e1d61277b1b9d12869ff882b8422f3b939.dirty[0m
[35m[2026-05-12 06:27:26,144] [   DEBUG][0m - _no_sync_in_gradient_accumulation: True[0m
[35m[2026-05-12 06:27:26,145] [   DEBUG][0m - adam_beta1                    : 0.9[0m
[35m[2026-05-12 06:27:26,145] [   DEBUG][0m - adam_beta2                    : 0.999[0m
[35m[2026-05-12 06:27:26,145] [   DEBUG][0m - adam_epsilon                  : 1e-08[0m
[35m[2026-05-12 06:27:26,145] [   DEBUG][0m - amp_custom_black_list         : ['reduce_sum', 'softmax_with_cross_entropy', 'c_softmax_with_cross_entropy', 'elementwise_div', 'sin', 'cos'][0m
[35m[2026-05-12 06:27:26,145] [   DEBUG][0m - amp_custom_white_list         : ['lookup_table', 'lookup_table_v2', 'flash_attn', 'matmul', 'matmul_v2', 'fused_gemm_epilogue'][0m
[35m[2026-05-12 06:27:26,145] [   DEBUG][0m - amp_master_grad               : True[0m
[35m[2026-05-12 06:27:26,145] [   DEBUG][0m - aoa_config                    : None[0m
[35m[2026-05-12 06:27:26,145] [   DEBUG][0m - apply_rope_fusion             : False[0m
[35m[2026-05-12 06:27:26,145] [   DEBUG][0m - attention_probs_dropout_prob  : 0.0[0m
[35m[2026-05-12 06:27:26,145] [   DEBUG][0m - auto_parallel_resume_form_hybrid_parallel: False[0m
[35m[2026-05-12 06:27:26,145] [   DEBUG][0m - auto_parallel_sync_shared_params: False[0m
[35m[2026-05-12 06:27:26,145] [   DEBUG][0m - autotuner_benchmark           : False[0m
[35m[2026-05-12 06:27:26,145] [   DEBUG][0m - balanced_image_preprocess     : False[0m
[35m[2026-05-12 06:27:26,145] [   DEBUG][0m - batch_p2p_comm                : True[0m
[35m[2026-05-12 06:27:26,145] [   DEBUG][0m - benchmark                     : False[0m
[35m[2026-05-12 06:27:26,145] [   DEBUG][0m - best_unbalanced_scheduler     : False[0m
[35m[2026-05-12 06:27:26,145] [   DEBUG][0m - beta                          : 0.1[0m
[35m[2026-05-12 06:27:26,146] [   DEBUG][0m - bf16                          : True[0m
[35m[2026-05-12 06:27:26,146] [   DEBUG][0m - bf16_full_eval                : False[0m
[35m[2026-05-12 06:27:26,146] [   DEBUG][0m - ckpt_quant_stage              : O0[0m
[35m[2026-05-12 06:27:26,146] [   DEBUG][0m - clear_every_step_cache        : False[0m
[35m[2026-05-12 06:27:26,146] [   DEBUG][0m - compute_type                  : bf16[0m
[35m[2026-05-12 06:27:26,146] [   DEBUG][0m - context_parallel_rank         : 0[0m
[35m[2026-05-12 06:27:26,146] [   DEBUG][0m - context_parallel_size         : 1[0m
[35m[2026-05-12 06:27:26,146] [   DEBUG][0m - convert_from_hf               : True[0m
[35m[2026-05-12 06:27:26,146] [   DEBUG][0m - copy_custom_file_list         : [0m
[35m[2026-05-12 06:27:26,146] [   DEBUG][0m - count_trained_tokens          : False[0m
[35m[2026-05-12 06:27:26,146] [   DEBUG][0m - cp_comm_type                  : None[0m
[35m[2026-05-12 06:27:26,146] [   DEBUG][0m - cp_sharding_degree            : 1[0m
[35m[2026-05-12 06:27:26,146] [   DEBUG][0m - cp_sharding_rank              : 0[0m
[35m[2026-05-12 06:27:26,146] [   DEBUG][0m - current_device                : gpu:0[0m
[35m[2026-05-12 06:27:26,146] [   DEBUG][0m - data_parallel_config          : [0m
[35m[2026-05-12 06:27:26,146] [   DEBUG][0m - data_parallel_rank            : 0[0m
[35m[2026-05-12 06:27:26,146] [   DEBUG][0m - data_parallel_size            : 1[0m
[35m[2026-05-12 06:27:26,147] [   DEBUG][0m - dataloader_drop_last          : False[0m
[35m[2026-05-12 06:27:26,147] [   DEBUG][0m - dataloader_num_workers        : 0[0m
[35m[2026-05-12 06:27:26,147] [   DEBUG][0m - dataloader_shuffle            : True[0m
[35m[2026-05-12 06:27:26,147] [   DEBUG][0m - dataset_batch_size            : 1000[0m
[35m[2026-05-12 06:27:26,147] [   DEBUG][0m - dataset_kwargs                : None[0m
[35m[2026-05-12 06:27:26,147] [   DEBUG][0m - dataset_num_proc              : None[0m
[35m[2026-05-12 06:27:26,147] [   DEBUG][0m - dataset_rank                  : 0[0m
[35m[2026-05-12 06:27:26,147] [   DEBUG][0m - dataset_text_field            : text[0m
[35m[2026-05-12 06:27:26,147] [   DEBUG][0m - dataset_world_size            : 1[0m
[35m[2026-05-12 06:27:26,147] [   DEBUG][0m - ddp_find_unused_parameters    : None[0m
[35m[2026-05-12 06:27:26,147] [   DEBUG][0m - decay_function                : half_life[0m
[35m[2026-05-12 06:27:26,147] [   DEBUG][0m - decay_steps                   : None[0m
[35m[2026-05-12 06:27:26,147] [   DEBUG][0m - deterministic_mode            : False[0m
[35m[2026-05-12 06:27:26,147] [   DEBUG][0m - device                        : gpu[0m
[35m[2026-05-12 06:27:26,147] [   DEBUG][0m - disable_tqdm                  : False[0m
[35m[2026-05-12 06:27:26,147] [   DEBUG][0m - distributed_dataloader        : False[0m
[35m[2026-05-12 06:27:26,147] [   DEBUG][0m - do_eval                       : True[0m
[35m[2026-05-12 06:27:26,147] [   DEBUG][0m - do_export                     : False[0m
[35m[2026-05-12 06:27:26,148] [   DEBUG][0m - do_predict                    : False[0m
[35m[2026-05-12 06:27:26,148] [   DEBUG][0m - do_train                      : True[0m
[35m[2026-05-12 06:27:26,148] [   DEBUG][0m - download_hub                  : None[0m
[35m[2026-05-12 06:27:26,148] [   DEBUG][0m - dp_allreduce_avg_in_gradinent_scale: False[0m
[35m[2026-05-12 06:27:26,148] [   DEBUG][0m - dp_comm_overlap               : False[0m
[35m[2026-05-12 06:27:26,148] [   DEBUG][0m - dpop_lambda                   : 50[0m
[35m[2026-05-12 06:27:26,148] [   DEBUG][0m - embedding_init_method         : None[0m
[35m[2026-05-12 06:27:26,148] [   DEBUG][0m - embedding_init_method_std     : 0.02[0m
[35m[2026-05-12 06:27:26,148] [   DEBUG][0m - enable_auto_parallel          : False[0m
[35m[2026-05-12 06:27:26,148] [   DEBUG][0m - enable_linear_fused_grad_add  : False[0m
[35m[2026-05-12 06:27:26,148] [   DEBUG][0m - enable_mtp_magic_send         : False[0m
[35m[2026-05-12 06:27:26,148] [   DEBUG][0m - enable_sharding_comm_overlap  : False[0m
[35m[2026-05-12 06:27:26,148] [   DEBUG][0m - enable_zero_cost_checkpoint   : False[0m
[35m[2026-05-12 06:27:26,148] [   DEBUG][0m - estimation_output_file        : estimation_output.json[0m
[35m[2026-05-12 06:27:26,148] [   DEBUG][0m - eval_accumulation_steps       : None[0m
[35m[2026-05-12 06:27:26,148] [   DEBUG][0m - eval_batch_size               : 1[0m
[35m[2026-05-12 06:27:26,148] [   DEBUG][0m - eval_iters                    : 10[0m
[35m[2026-05-12 06:27:26,148] [   DEBUG][0m - eval_steps                    : 300[0m
[35m[2026-05-12 06:27:26,149] [   DEBUG][0m - evaluation_strategy           : IntervalStrategy.STEPS[0m
[35m[2026-05-12 06:27:26,149] [   DEBUG][0m - expert_model_parallel_size    : 1[0m
[35m[2026-05-12 06:27:26,149] [   DEBUG][0m - expert_parallel_rank          : 0[0m
[35m[2026-05-12 06:27:26,149] [   DEBUG][0m - expert_tensor_model_parallel_size: 1[0m
[35m[2026-05-12 06:27:26,149] [   DEBUG][0m - fa_version                    : 2[0m
[35m[2026-05-12 06:27:26,149] [   DEBUG][0m - factor                        : 20[0m
[35m[2026-05-12 06:27:26,149] [   DEBUG][0m - flash_device_save_steps       : 0[0m
[35m[2026-05-12 06:27:26,149] [   DEBUG][0m - flatten_param_grads           : False[0m
[35m[2026-05-12 06:27:26,149] [   DEBUG][0m - force_reshard_pp              : False[0m
[35m[2026-05-12 06:27:26,149] [   DEBUG][0m - forward_backward_overlap_scheduler: False[0m
[35m[2026-05-12 06:27:26,149] [   DEBUG][0m - fp16                          : False[0m
[35m[2026-05-12 06:27:26,149] [   DEBUG][0m - fp16_full_eval                : False[0m
[35m[2026-05-12 06:27:26,149] [   DEBUG][0m - fp16_opt_level                : O1[0m
[35m[2026-05-12 06:27:26,149] [   DEBUG][0m - fp32_residual_connection      : True[0m
[35m[2026-05-12 06:27:26,149] [   DEBUG][0m - fp8                           : None[0m
[35m[2026-05-12 06:27:26,149] [   DEBUG][0m - fp8_wgrad                     : True[0m
[35m[2026-05-12 06:27:26,149] [   DEBUG][0m - freeze_config                 : [0m
[35m[2026-05-12 06:27:26,150] [   DEBUG][0m - fuse_optimizer_states         : False[0m
[35m[2026-05-12 06:27:26,150] [   DEBUG][0m - fuse_sequence_parallel_allreduce: False[0m
[35m[2026-05-12 06:27:26,150] [   DEBUG][0m - fuse_swiglu                   : False[0m
[35m[2026-05-12 06:27:26,150] [   DEBUG][0m - gated_linear_unit             : True[0m
[35m[2026-05-12 06:27:26,150] [   DEBUG][0m - gc_interval                   : 0[0m
[35m[2026-05-12 06:27:26,150] [   DEBUG][0m - global_batch_size             : 4[0m
[35m[2026-05-12 06:27:26,150] [   DEBUG][0m - global_logging_interval       : 1[0m
[35m[2026-05-12 06:27:26,150] [   DEBUG][0m - gradient_accumulation_steps   : 4[0m
[35m[2026-05-12 06:27:26,150] [   DEBUG][0m - gradient_sync_after_accumulate: False[0m
[35m[2026-05-12 06:27:26,150] [   DEBUG][0m - greater_is_better             : None[0m
[35m[2026-05-12 06:27:26,150] [   DEBUG][0m - hidden_dropout_prob           : 0.0[0m
[35m[2026-05-12 06:27:26,150] [   DEBUG][0m - hidden_size                   : None[0m
[35m[2026-05-12 06:27:26,150] [   DEBUG][0m - hybrid_parallel_expert_grad_scale: 2.0[0m
[35m[2026-05-12 06:27:26,150] [   DEBUG][0m - hybrid_parallel_topo_order    : sharding_first[0m
[35m[2026-05-12 06:27:26,150] [   DEBUG][0m - ignore_data_skip              : False[0m
[35m[2026-05-12 06:27:26,150] [   DEBUG][0m - ignore_eos_token              : False[0m
[35m[2026-05-12 06:27:26,151] [   DEBUG][0m - ignore_load_lr_and_optim      : False[0m
[35m[2026-05-12 06:27:26,151] [   DEBUG][0m - ignore_save_lr_and_optim      : False[0m
[35m[2026-05-12 06:27:26,151] [   DEBUG][0m - init_method                   : None[0m
[35m[2026-05-12 06:27:26,151] [   DEBUG][0m - intermediate_size             : None[0m
[35m[2026-05-12 06:27:26,151] [   DEBUG][0m - label_names                   : None[0m
[35m[2026-05-12 06:27:26,151] [   DEBUG][0m - label_smoothing               : 0.0[0m
[35m[2026-05-12 06:27:26,151] [   DEBUG][0m - lazy_data_processing          : True[0m
[35m[2026-05-12 06:27:26,151] [   DEBUG][0m - learning_rate                 : 0.0001[0m
[35m[2026-05-12 06:27:26,151] [   DEBUG][0m - load_best_model_at_end        : False[0m
[35m[2026-05-12 06:27:26,151] [   DEBUG][0m - load_checkpoint_format        : flex_checkpoint[0m
[35m[2026-05-12 06:27:26,151] [   DEBUG][0m - load_from_hf                  : False[0m
[35m[2026-05-12 06:27:26,151] [   DEBUG][0m - load_sharded_model            : False[0m
[35m[2026-05-12 06:27:26,151] [   DEBUG][0m - load_sharded_model_remap_parameter_name: False[0m
[35m[2026-05-12 06:27:26,151] [   DEBUG][0m - load_via_cpu                  : True[0m
[35m[2026-05-12 06:27:26,152] [   DEBUG][0m - local_process_index           : 0[0m
[35m[2026-05-12 06:27:26,152] [   DEBUG][0m - local_rank                    : 0[0m
[35m[2026-05-12 06:27:26,152] [   DEBUG][0m - log_global_grad_norm          : False[0m
[35m[2026-05-12 06:27:26,152] [   DEBUG][0m - log_level                     : -1[0m
[35m[2026-05-12 06:27:26,152] [   DEBUG][0m - log_level_replica             : -1[0m
[35m[2026-05-12 06:27:26,152] [   DEBUG][0m - log_on_each_node              : True[0m
[35m[2026-05-12 06:27:26,152] [   DEBUG][0m - logging_dir                   : ./logs/pt/llama3-8b[0m
[35m[2026-05-12 06:27:26,152] [   DEBUG][0m - logging_first_step            : False[0m
[35m[2026-05-12 06:27:26,152] [   DEBUG][0m - logging_steps                 : 1[0m
[35m[2026-05-12 06:27:26,152] [   DEBUG][0m - logging_strategy              : IntervalStrategy.STEPS[0m
[35m[2026-05-12 06:27:26,152] [   DEBUG][0m - logical_process_index         : 0[0m
[35m[2026-05-12 06:27:26,152] [   DEBUG][0m - loss_subbatch_sequence_length : -1[0m
[35m[2026-05-12 06:27:26,152] [   DEBUG][0m - loss_type                     : sigmoid[0m
[35m[2026-05-12 06:27:26,152] [   DEBUG][0m - lr_end                        : 1e-07[0m
[35m[2026-05-12 06:27:26,152] [   DEBUG][0m - lr_scheduler                  : cosine[0m
[35m[2026-05-12 06:27:26,153] [   DEBUG][0m - lr_scheduler_type             : SchedulerType.LINEAR[0m
[35m[2026-05-12 06:27:26,153] [   DEBUG][0m - max_estimate_samples          : 100000.0[0m
[35m[2026-05-12 06:27:26,153] [   DEBUG][0m - max_evaluate_steps            : -1[0m
[35m[2026-05-12 06:27:26,153] [   DEBUG][0m - max_grad_norm                 : 1.0[0m
[35m[2026-05-12 06:27:26,153] [   DEBUG][0m - max_gradient_accumulation_steps: 4[0m
[35m[2026-05-12 06:27:26,153] [   DEBUG][0m - max_seq_len                   : 4096[0m
[35m[2026-05-12 06:27:26,153] [   DEBUG][0m - max_steps                     : 300[0m
[35m[2026-05-12 06:27:26,153] [   DEBUG][0m - merge_with_qdq_base_model     : False[0m
[35m[2026-05-12 06:27:26,153] [   DEBUG][0m - metric_for_best_model         : None[0m
[35m[2026-05-12 06:27:26,153] [   DEBUG][0m - metrics_output_path           : None[0m
[35m[2026-05-12 06:27:26,153] [   DEBUG][0m - min_lr                        : 0.0[0m
[35m[2026-05-12 06:27:26,153] [   DEBUG][0m - minimum_eval_times            : None[0m
[35m[2026-05-12 06:27:26,153] [   DEBUG][0m - model_name_or_path            : ./models/Llama-3-8b[0m
[35m[2026-05-12 06:27:26,153] [   DEBUG][0m - moe_deep_gemm                 : False[0m
[35m[2026-05-12 06:27:26,153] [   DEBUG][0m - moe_deepep_num_sms            : None[0m
[35m[2026-05-12 06:27:26,154] [   DEBUG][0m - moe_dequant_input             : False[0m
[35m[2026-05-12 06:27:26,154] [   DEBUG][0m - moe_dropout_prob              : 0.0[0m
[35m[2026-05-12 06:27:26,154] [   DEBUG][0m - moe_ep_barrier                : True[0m
[35m[2026-05-12 06:27:26,154] [   DEBUG][0m - moe_expert_capacity_factor    : 0.0[0m
[35m[2026-05-12 06:27:26,154] [   DEBUG][0m - moe_expert_fusion             : True[0m
[35m[2026-05-12 06:27:26,154] [   DEBUG][0m - moe_gate_lr_ratio             : None[0m
[35m[2026-05-12 06:27:26,154] [   DEBUG][0m - moe_grouped_gemm              : False[0m
[35m[2026-05-12 06:27:26,154] [   DEBUG][0m - moe_pad_expert_input_to_capacity: False[0m
[35m[2026-05-12 06:27:26,154] [   DEBUG][0m - moe_router_bias_update_rate   : 0.0[0m
[35m[2026-05-12 06:27:26,154] [   DEBUG][0m - moe_router_force_load_balancing: False[0m
[35m[2026-05-12 06:27:26,154] [   DEBUG][0m - moe_router_fusion             : True[0m
[35m[2026-05-12 06:27:26,154] [   DEBUG][0m - moe_router_load_balancing_type: seq_aux_loss[0m
[35m[2026-05-12 06:27:26,154] [   DEBUG][0m - moe_sharding_parallel_rank    : 0[0m
[35m[2026-05-12 06:27:26,154] [   DEBUG][0m - moe_sharding_parallel_size    : 1[0m
[35m[2026-05-12 06:27:26,154] [   DEBUG][0m - moe_shared_expert_overlap     : True[0m
[35m[2026-05-12 06:27:26,155] [   DEBUG][0m - moe_subbatch_token_num_after_dispatch: None[0m
[35m[2026-05-12 06:27:26,155] [   DEBUG][0m - moe_subbatch_token_num_before_dispatch: 0[0m
[35m[2026-05-12 06:27:26,155] [   DEBUG][0m - moe_token_dispatcher_type     : deepep[0m
[35m[2026-05-12 06:27:26,155] [   DEBUG][0m - moe_token_drop_policy         : probs[0m
[35m[2026-05-12 06:27:26,155] [   DEBUG][0m - moe_use_fusion_node           : True[0m
[35m[2026-05-12 06:27:26,155] [   DEBUG][0m - moe_with_send_router_loss     : True[0m
[35m[2026-05-12 06:27:26,155] [   DEBUG][0m - mp_async_allreduce            : False[0m
[35m[2026-05-12 06:27:26,155] [   DEBUG][0m - mp_fused_linear_param_grad_add: False[0m
[35m[2026-05-12 06:27:26,155] [   DEBUG][0m - mp_skip_c_identity            : False[0m
[35m[2026-05-12 06:27:26,155] [   DEBUG][0m - mtp_distillation_loss         : False[0m
[35m[2026-05-12 06:27:26,155] [   DEBUG][0m - mtp_num_layers                : 0[0m
[35m[2026-05-12 06:27:26,155] [   DEBUG][0m - multi_latent_attention        : False[0m
[35m[2026-05-12 06:27:26,155] [   DEBUG][0m - n_routed_experts              : None[0m
[35m[2026-05-12 06:27:26,155] [   DEBUG][0m - nccl_comm_group_config        : None[0m
[35m[2026-05-12 06:27:26,155] [   DEBUG][0m - need_data                     : True[0m
[35m[2026-05-12 06:27:26,156] [   DEBUG][0m - no_cuda                       : False[0m
[35m[2026-05-12 06:27:26,156] [   DEBUG][0m - no_recompute_layers           : None[0m
[35m[2026-05-12 06:27:26,156] [   DEBUG][0m - no_rope_freq                  : False[0m
[35m[2026-05-12 06:27:26,156] [   DEBUG][0m - non_batch_p2p_comm            : False[0m
[35m[2026-05-12 06:27:26,156] [   DEBUG][0m - normalization                 : RMSNorm[0m
[35m[2026-05-12 06:27:26,156] [   DEBUG][0m - normalize_logps               : False[0m
[35m[2026-05-12 06:27:26,156] [   DEBUG][0m - num_attention_heads           : None[0m
[35m[2026-05-12 06:27:26,156] [   DEBUG][0m - num_consecutive               : 1[0m
[35m[2026-05-12 06:27:26,156] [   DEBUG][0m - num_cycles                    : 0.5[0m
[35m[2026-05-12 06:27:26,156] [   DEBUG][0m - num_empty_layers_add_in_head  : 0[0m
[35m[2026-05-12 06:27:26,156] [   DEBUG][0m - num_empty_layers_add_in_tail  : 0[0m
[35m[2026-05-12 06:27:26,156] [   DEBUG][0m - num_experts_per_tok           : None[0m
[35m[2026-05-12 06:27:26,156] [   DEBUG][0m - num_hidden_layers             : None[0m
[35m[2026-05-12 06:27:26,156] [   DEBUG][0m - num_key_value_heads           : None[0m
[35m[2026-05-12 06:27:26,157] [   DEBUG][0m - num_nextn_predict_layers      : 0[0m
[35m[2026-05-12 06:27:26,157] [   DEBUG][0m - num_of_gpus                   : -1[0m
[35m[2026-05-12 06:27:26,157] [   DEBUG][0m - num_train_epochs              : 1.0[0m
[35m[2026-05-12 06:27:26,157] [   DEBUG][0m - offload_fp8_expert_master_weight: True[0m
[35m[2026-05-12 06:27:26,157] [   DEBUG][0m - offload_queue                 : False[0m
[35m[2026-05-12 06:27:26,157] [   DEBUG][0m - offset_alpha                  : 0.0[0m
[35m[2026-05-12 06:27:26,157] [   DEBUG][0m - optim                         : OptimizerNames.ADAMW[0m
[35m[2026-05-12 06:27:26,157] [   DEBUG][0m - optim_shard_num               : 1[0m
[35m[2026-05-12 06:27:26,157] [   DEBUG][0m - optimizer_name_suffix         : tp00_pp00[0m
[35m[2026-05-12 06:27:26,157] [   DEBUG][0m - ordered_save_group_size       : 0[0m
[35m[2026-05-12 06:27:26,157] [   DEBUG][0m - output_dir                    : ./checkpoints/pt/llama3-8b[0m
[35m[2026-05-12 06:27:26,157] [   DEBUG][0m - output_layer_init_method      : None[0m
[35m[2026-05-12 06:27:26,158] [   DEBUG][0m - output_signal_dir             : ./checkpoints/pt/llama3-8b[0m
[35m[2026-05-12 06:27:26,158] [   DEBUG][0m - overlap                       : False[0m
[35m[2026-05-12 06:27:26,158] [   DEBUG][0m - overlap_p2p_comm              : False[0m
[35m[2026-05-12 06:27:26,158] [   DEBUG][0m - overwrite_output_dir          : True[0m
[35m[2026-05-12 06:27:26,158] [   DEBUG][0m - p2p_cache_shape               : True[0m
[35m[2026-05-12 06:27:26,158] [   DEBUG][0m - pad_token_id                  : 0[0m
[35m[2026-05-12 06:27:26,158] [   DEBUG][0m - partial_send_recv             : True[0m
[35m[2026-05-12 06:27:26,158] [   DEBUG][0m - past_index                    : -1[0m
[35m[2026-05-12 06:27:26,158] [   DEBUG][0m - pdc_download_ckpt             : False[0m
[35m[2026-05-12 06:27:26,158] [   DEBUG][0m - pdc_download_timeout          : 300[0m
[35m[2026-05-12 06:27:26,158] [   DEBUG][0m - per_device_eval_batch_size    : 1[0m
[35m[2026-05-12 06:27:26,158] [   DEBUG][0m - per_device_train_batch_size   : 1[0m
[35m[2026-05-12 06:27:26,158] [   DEBUG][0m - pipeline_model_parallel_size  : 2[0m
[35m[2026-05-12 06:27:26,158] [   DEBUG][0m - pipeline_parallel_config      : [0m
[35m[2026-05-12 06:27:26,158] [   DEBUG][0m - pipeline_parallel_rank        : 0[0m
[35m[2026-05-12 06:27:26,159] [   DEBUG][0m - position_embedding_type       : rope[0m
[35m[2026-05-12 06:27:26,159] [   DEBUG][0m - power                         : 1.0[0m
[35m[2026-05-12 06:27:26,159] [   DEBUG][0m - pp_delay_scale_loss           : True[0m
[35m[2026-05-12 06:27:26,159] [   DEBUG][0m - pp_need_data                  : False[0m
[35m[2026-05-12 06:27:26,159] [   DEBUG][0m - pp_need_data_degree           : 0[0m
[35m[2026-05-12 06:27:26,159] [   DEBUG][0m - pp_release_grads              : False[0m
[35m[2026-05-12 06:27:26,159] [   DEBUG][0m - pp_sharding_comm_overlap      : False[0m
[35m[2026-05-12 06:27:26,159] [   DEBUG][0m - pp_sync_moment                : False[0m
[35m[2026-05-12 06:27:26,159] [   DEBUG][0m - pp_sync_param                 : False[0m
[35m[2026-05-12 06:27:26,159] [   DEBUG][0m - pre_alloc_memory              : 0[0m
[35m[2026-05-12 06:27:26,159] [   DEBUG][0m - prediction_loss_only          : False[0m
[35m[2026-05-12 06:27:26,159] [   DEBUG][0m - pref_loss_ratio               : 1.0[0m
[35m[2026-05-12 06:27:26,159] [   DEBUG][0m - prefetch_factor               : 2[0m
[35m[2026-05-12 06:27:26,159] [   DEBUG][0m - process_index                 : 0[0m
[35m[2026-05-12 06:27:26,159] [   DEBUG][0m - profile                       : False[0m
[35m[2026-05-12 06:27:26,159] [   DEBUG][0m - profile_step_end              : 12[0m
[35m[2026-05-12 06:27:26,159] [   DEBUG][0m - profile_step_start            : 10[0m
[35m[2026-05-12 06:27:26,159] [   DEBUG][0m - recompute_granularity         : full[0m
[35m[2026-05-12 06:27:26,159] [   DEBUG][0m - recompute_method              : uniform[0m
[35m[2026-05-12 06:27:26,159] [   DEBUG][0m - recompute_modules             : None[0m
[35m[2026-05-12 06:27:26,160] [   DEBUG][0m - recompute_mtp_granularity     : None[0m
[35m[2026-05-12 06:27:26,160] [   DEBUG][0m - recompute_mtp_method          : None[0m
[35m[2026-05-12 06:27:26,160] [   DEBUG][0m - recompute_mtp_modules         : None[0m
[35m[2026-05-12 06:27:26,160] [   DEBUG][0m - recompute_num_layers          : 1[0m
[35m[2026-05-12 06:27:26,160] [   DEBUG][0m - recompute_use_reentrant       : True[0m
[35m[2026-05-12 06:27:26,160] [   DEBUG][0m - reeao_dataset_rank            : 0[0m
[35m[2026-05-12 06:27:26,160] [   DEBUG][0m - reeao_dataset_world_size      : 1[0m
[35m[2026-05-12 06:27:26,160] [   DEBUG][0m - ref_model_update_steps        : -1[0m
[35m[2026-05-12 06:27:26,160] [   DEBUG][0m - reference_free                : False[0m
[35m[2026-05-12 06:27:26,160] [   DEBUG][0m - release_grads                 : False[0m
[35m[2026-05-12 06:27:26,160] [   DEBUG][0m - remove_unused_columns         : True[0m
[35m[2026-05-12 06:27:26,160] [   DEBUG][0m - reorder_pipeline_priority     : False[0m
[35m[2026-05-12 06:27:26,160] [   DEBUG][0m - replace_with_c_embedding      : False[0m
[35m[2026-05-12 06:27:26,160] [   DEBUG][0m - replace_with_parallel_cross_entropy: False[0m
[35m[2026-05-12 06:27:26,160] [   DEBUG][0m - replicate_saved_into_local    : False[0m
[35m[2026-05-12 06:27:26,160] [   DEBUG][0m - report_to                     : ['visualdl'][0m
[35m[2026-05-12 06:27:26,160] [   DEBUG][0m - resume_from_checkpoint        : None[0m
[35m[2026-05-12 06:27:26,160] [   DEBUG][0m - resume_from_huggingface_ckpt  : None[0m
[35m[2026-05-12 06:27:26,161] [   DEBUG][0m - router_aux_loss_coef          : 0.0[0m
[35m[2026-05-12 06:27:26,161] [   DEBUG][0m - router_z_loss_coef            : None[0m
[35m[2026-05-12 06:27:26,161] [   DEBUG][0m - run_name                      : ./checkpoints/pt/llama3-8b[0m
[35m[2026-05-12 06:27:26,161] [   DEBUG][0m - same_data                     : None[0m
[35m[2026-05-12 06:27:26,161] [   DEBUG][0m - save_checkpoint_format        : flex_checkpoint[0m
[35m[2026-05-12 06:27:26,161] [   DEBUG][0m - save_hf_memory_growth_threshold: 8[0m
[35m[2026-05-12 06:27:26,161] [   DEBUG][0m - save_hf_steps                 : -1[0m
[35m[2026-05-12 06:27:26,161] [   DEBUG][0m - save_hf_total_limit           : None[0m
[35m[2026-05-12 06:27:26,161] [   DEBUG][0m - save_last_step                : False[0m
[35m[2026-05-12 06:27:26,161] [   DEBUG][0m - save_on_each_node             : False[0m
[35m[2026-05-12 06:27:26,161] [   DEBUG][0m - save_rng_states               : True[0m
[35m[2026-05-12 06:27:26,161] [   DEBUG][0m - save_sharded_model            : False[0m
[35m[2026-05-12 06:27:26,161] [   DEBUG][0m - save_sharding_stage1_model_include_freeze_params: False[0m
[35m[2026-05-12 06:27:26,161] [   DEBUG][0m - save_steps                    : 300[0m
[35m[2026-05-12 06:27:26,161] [   DEBUG][0m - save_strategy                 : IntervalStrategy.NO[0m
[35m[2026-05-12 06:27:26,161] [   DEBUG][0m - save_to_hf                    : True[0m
[35m[2026-05-12 06:27:26,161] [   DEBUG][0m - save_tokenizer                : True[0m
[35m[2026-05-12 06:27:26,162] [   DEBUG][0m - save_total_limit              : None[0m
[35m[2026-05-12 06:27:26,162] [   DEBUG][0m - scale_loss                    : 32768[0m
[35m[2026-05-12 06:27:26,162] [   DEBUG][0m - sd_release_grads              : False[0m
[35m[2026-05-12 06:27:26,162] [   DEBUG][0m - sd_sharding_comm_overlap      : False[0m
[35m[2026-05-12 06:27:26,162] [   DEBUG][0m - sd_shardingv1_comm_overlap    : False[0m
[35m[2026-05-12 06:27:26,162] [   DEBUG][0m - seed                          : 23[0m
[35m[2026-05-12 06:27:26,162] [   DEBUG][0m - send_recv_overlap             : False[0m
[35m[2026-05-12 06:27:26,162] [   DEBUG][0m - sep_parallel_size             : 1[0m
[35m[2026-05-12 06:27:26,162] [   DEBUG][0m - sequence_parallel             : False[0m
[35m[2026-05-12 06:27:26,162] [   DEBUG][0m - sequence_parallel_config      : [0m
[35m[2026-05-12 06:27:26,162] [   DEBUG][0m - sft_loss_ratio                : 0.0[0m
[35m[2026-05-12 06:27:26,162] [   DEBUG][0m - sharded_model_from_ema        : False[0m
[35m[2026-05-12 06:27:26,162] [   DEBUG][0m - sharding                      : [][0m
[35m[2026-05-12 06:27:26,162] [   DEBUG][0m - sharding_comm_buffer_size_MB  : -1[0m
[35m[2026-05-12 06:27:26,162] [   DEBUG][0m - sharding_degree               : -1[0m
[35m[2026-05-12 06:27:26,162] [   DEBUG][0m - sharding_offload_opt_buffersize_GB: -1[0m
[35m[2026-05-12 06:27:26,162] [   DEBUG][0m - sharding_parallel_config      : [0m
[35m[2026-05-12 06:27:26,162] [   DEBUG][0m - sharding_parallel_mesh_dimension: dp[0m
[35m[2026-05-12 06:27:26,162] [   DEBUG][0m - sharding_parallel_rank        : 0[0m
[35m[2026-05-12 06:27:26,163] [   DEBUG][0m - sharding_parallel_size        : 1[0m
[35m[2026-05-12 06:27:26,163] [   DEBUG][0m - should_load_dataset           : True[0m
[35m[2026-05-12 06:27:26,163] [   DEBUG][0m - should_load_sharding_stage1_model: False[0m
[35m[2026-05-12 06:27:26,163] [   DEBUG][0m - should_log                    : True[0m
[35m[2026-05-12 06:27:26,163] [   DEBUG][0m - should_save                   : True[0m
[35m[2026-05-12 06:27:26,163] [   DEBUG][0m - should_save_model_state       : True[0m
[35m[2026-05-12 06:27:26,163] [   DEBUG][0m - should_save_model_with_tensor_fusion: False[0m
[35m[2026-05-12 06:27:26,163] [   DEBUG][0m - should_save_sharding_stage1_model: False[0m
[35m[2026-05-12 06:27:26,163] [   DEBUG][0m - shuffle_consecutive           : False[0m
[35m[2026-05-12 06:27:26,163] [   DEBUG][0m - simpo_gamma                   : 0.5[0m
[35m[2026-05-12 06:27:26,163] [   DEBUG][0m - skip_data_intervals           : None[0m
[35m[2026-05-12 06:27:26,163] [   DEBUG][0m - skip_memory_metrics           : True[0m
[35m[2026-05-12 06:27:26,163] [   DEBUG][0m - skip_profile_timer            : True[0m
[35m[2026-05-12 06:27:26,163] [   DEBUG][0m - softmax_scale                 : None[0m
[35m[2026-05-12 06:27:26,163] [   DEBUG][0m - softmax_type                  : vanilla[0m
[35m[2026-05-12 06:27:26,163] [   DEBUG][0m - sp_allreduce_avg_in_gradinent_scale: False[0m
[35m[2026-05-12 06:27:26,163] [   DEBUG][0m - sp_async_reduce_scatter       : False[0m
[35m[2026-05-12 06:27:26,163] [   DEBUG][0m - split_backward                : False[0m
[35m[2026-05-12 06:27:26,163] [   DEBUG][0m - split_inputs_sequence_dim     : True[0m
[35m[2026-05-12 06:27:26,164] [   DEBUG][0m - split_norm_comm               : False[0m
[35m[2026-05-12 06:27:26,164] [   DEBUG][0m - split_param                   : True[0m
[35m[2026-05-12 06:27:26,164] [   DEBUG][0m - stage1_allgather_overlap      : False[0m
[35m[2026-05-12 06:27:26,164] [   DEBUG][0m - stage1_broadcast_overlap      : False[0m
[35m[2026-05-12 06:27:26,164] [   DEBUG][0m - stage1_overlap                : False[0m
[35m[2026-05-12 06:27:26,164] [   DEBUG][0m - stage1_reduce_avg             : True[0m
[35m[2026-05-12 06:27:26,164] [   DEBUG][0m - stage1_tensor_fusion          : False[0m
[35m[2026-05-12 06:27:26,164] [   DEBUG][0m - stage2_overlap                : False[0m
[35m[2026-05-12 06:27:26,164] [   DEBUG][0m - sync_grad                     : False[0m
[35m[2026-05-12 06:27:26,164] [   DEBUG][0m - tensor_fusion                 : False[0m
[35m[2026-05-12 06:27:26,164] [   DEBUG][0m - tensor_model_parallel_size    : 2[0m
[35m[2026-05-12 06:27:26,164] [   DEBUG][0m - tensor_parallel_config        : [0m
[35m[2026-05-12 06:27:26,164] [   DEBUG][0m - tensor_parallel_output        : True[0m
[35m[2026-05-12 06:27:26,164] [   DEBUG][0m - tensor_parallel_rank          : 0[0m
[35m[2026-05-12 06:27:26,164] [   DEBUG][0m - tensorwise_offload_optimizer  : False[0m
[35m[2026-05-12 06:27:26,164] [   DEBUG][0m - tie_word_embeddings           : None[0m
[35m[2026-05-12 06:27:26,164] [   DEBUG][0m - timer                         : False[0m
[35m[2026-05-12 06:27:26,164] [   DEBUG][0m - to_static                     : False[0m
[35m[2026-05-12 06:27:26,165] [   DEBUG][0m - token_balance_loss            : False[0m
[35m[2026-05-12 06:27:26,165] [   DEBUG][0m - tp_async_allreduce            : False[0m
[35m[2026-05-12 06:27:26,165] [   DEBUG][0m - tp_sync_moment                : False[0m
[35m[2026-05-12 06:27:26,165] [   DEBUG][0m - tp_sync_param                 : False[0m
[35m[2026-05-12 06:27:26,165] [   DEBUG][0m - train_batch_size              : 1[0m
[35m[2026-05-12 06:27:26,165] [   DEBUG][0m - train_mtp_only                : False[0m
[35m[2026-05-12 06:27:26,165] [   DEBUG][0m - unified_checkpoint            : False[0m
[35m[2026-05-12 06:27:26,165] [   DEBUG][0m - unified_checkpoint_config     : [0m
[35m[2026-05-12 06:27:26,165] [   DEBUG][0m - use_async_save                : False[0m
[35m[2026-05-12 06:27:26,165] [   DEBUG][0m - use_cache                     : False[0m
[35m[2026-05-12 06:27:26,165] [   DEBUG][0m - use_dualpipev                 : False[0m
[35m[2026-05-12 06:27:26,165] [   DEBUG][0m - use_expert_parallel           : False[0m
[35m[2026-05-12 06:27:26,165] [   DEBUG][0m - use_filtered_label_loss       : False[0m
[35m[2026-05-12 06:27:26,165] [   DEBUG][0m - use_fp8                       : False[0m
[35m[2026-05-12 06:27:26,165] [   DEBUG][0m - use_fused_head_and_loss_fn    : False[0m
[35m[2026-05-12 06:27:26,165] [   DEBUG][0m - use_fused_linear_cross_entropy: False[0m
[35m[2026-05-12 06:27:26,166] [   DEBUG][0m - use_hybrid_parallel           : True[0m
[35m[2026-05-12 06:27:26,166] [   DEBUG][0m - use_intermediate_api          : False[0m
[35m[2026-05-12 06:27:26,166] [   DEBUG][0m - use_lowprecision_moment       : False[0m
[35m[2026-05-12 06:27:26,166] [   DEBUG][0m - use_moe                       : False[0m
[35m[2026-05-12 06:27:26,166] [   DEBUG][0m - use_ortho_loss_callback       : False[0m
[35m[2026-05-12 06:27:26,166] [   DEBUG][0m - use_qk_norm                   : None[0m
[35m[2026-05-12 06:27:26,166] [   DEBUG][0m - use_recompute_mtp             : False[0m
[35m[2026-05-12 06:27:26,166] [   DEBUG][0m - use_unified_moe               : False[0m
[35m[2026-05-12 06:27:26,166] [   DEBUG][0m - using_sonic_moe               : False[0m
[35m[2026-05-12 06:27:26,166] [   DEBUG][0m - variable_seq_lengths          : False[0m
[35m[2026-05-12 06:27:26,166] [   DEBUG][0m - virtual_pipeline_model_parallel_size: 1[0m
[35m[2026-05-12 06:27:26,166] [   DEBUG][0m - wandb_api_key                 : None[0m
[35m[2026-05-12 06:27:26,166] [   DEBUG][0m - wandb_http_proxy              : None[0m
[35m[2026-05-12 06:27:26,166] [   DEBUG][0m - warmup_ratio                  : 0.0[0m
[35m[2026-05-12 06:27:26,166] [   DEBUG][0m - warmup_steps                  : 10[0m
[35m[2026-05-12 06:27:26,166] [   DEBUG][0m - weight_decay                  : 0.0[0m
[35m[2026-05-12 06:27:26,166] [   DEBUG][0m - weight_name_suffix            : tp00_pp00[0m
[35m[2026-05-12 06:27:26,166] [   DEBUG][0m - weight_quantize_algo          : None[0m
[35m[2026-05-12 06:27:26,166] [   DEBUG][0m - world_size                    : 4[0m
[35m[2026-05-12 06:27:26,167] [   DEBUG][0m - zcc_ema_interval              : 1[0m
[35m[2026-05-12 06:27:26,167] [   DEBUG][0m - zcc_ema_loss_threshold        : None[0m
[35m[2026-05-12 06:27:26,167] [   DEBUG][0m - zcc_pipeline_hooks_capacity_usage: 0.6[0m
[35m[2026-05-12 06:27:26,167] [   DEBUG][0m - zcc_save_ema_coef             : None[0m
[35m[2026-05-12 06:27:26,167] [   DEBUG][0m - zcc_workers_num               : 3[0m
[35m[2026-05-12 06:27:26,167] [   DEBUG][0m - [0m
[32m[2026-05-12 06:27:26,168] [    INFO][0m - The global seed is set to 23, local seed is set to 27 and random seed is set to 23.[0m
[33m[2026-05-12 06:27:26,168] [ WARNING][0m - Process rank: 0, device: gpu, world_size: 4, distributed training: True, 16-bits training: True[0m
[32m[2026-05-12 06:27:26,168] [    INFO][0m - Using download source: huggingface[0m
[32m[2026-05-12 06:27:26,168] [    INFO][0m - Using download source: huggingface[0m
[32m[2026-05-12 06:27:26,169] [    INFO][0m - Loading configuration file ./models/Llama-3-8b/config.json[0m
[32m[2026-05-12 06:27:26,171] [    INFO][0m - Final model config: LlamaConfig {
  "architectures": [
    "LlamaForCausalLM"
  ],
  "attention_bias": false,
  "attention_dropout": 0.0,
  "bos_token_id": 128000,
  "enable_auto_parallel": false,
  "eos_token_id": 128001,
  "head_dim": 128,
  "hidden_act": "silu",
  "hidden_size": 4096,
  "initializer_range": 0.02,
  "intermediate_size": 14336,
  "is_lora": false,
  "max_position_embeddings": 8192,
  "max_sequence_length": 4096,
  "mlp_bias": false,
  "model_type": "llama",
  "moe_router_bias_update_rate": 0.0,
  "num_attention_heads": 32,
  "num_hidden_layers": 32,
  "num_key_value_heads": 8,
  "pad_token_id": 0,
  "paddleformers_version": "1.1.0.post20260512",
  "pipeline_model_parallel_size": 2,
  "pp_seg_method": "layer:DecoderLayer|EmptyLayer",
  "pretraining_tp": 1,
  "recompute_granularity": "full",
  "recompute_method": "uniform",
  "recompute_num_layers": 1,
  "rms_norm_eps": 1e-05,
  "rope_parameters": {
    "rope_theta": 500000.0,
    "rope_type": "default"
  },
  "rope_scaling": null,
  "rope_theta": 500000.0,
  "seq_length": 4096,
  "tensor_model_parallel_size": 2,
  "tie_word_embeddings": false,
  "torch_dtype": "float32",
  "use_cache": true,
  "use_fast_layer_norm": false,
  "vocab_size": 128256
}
[0m
[32m[2026-05-12 06:27:26,172] [    INFO][0m - Creating model[0m
[32m[2026-05-12 06:27:26,172] [    INFO][0m - Loading model weights from ./models/Llama-3-8b[0m
[32m[2026-05-12 06:27:26,177] [    INFO][0m - change initializer-range from 0.02 to 0.009020646889913162[0m
[32m[2026-05-12 06:27:26,177] [    INFO][0m - using moe-group: dummy[0m
[32m[2026-05-12 06:27:26,177] [    INFO][0m - use no_recompute_layers: {0, 1, 2, 3, 4, 5, 6, 7, 8, 9, 10, 11, 12, 13, 14, 15, 16, 17, 18, 19, 20, 21, 22, 23, 24, 25, 26, 27, 28, 29, 30, 31}[0m
[32m[2026-05-12 06:27:26,177] [    INFO][0m - using recompute_interval=0, seg_method=layer:DecoderLayer|EmptyLayer[0m
[32m[2026-05-12 06:27:26,178] [    INFO][0m - loss_subbatch_sequence_length: -1 , use_fused_head_and_loss_fn: False, use_filtered_label_loss: False[0m
[32m[2026-05-12 06:27:26,178] [    INFO][0m - using parallel cross entroy, take care[0m
[2026-05-12 06:27:26,179] [    INFO] pp_layers.py:871 - start segment network..
[2026-05-12 06:27:26,179] [    INFO] pp_layers.py:877 - segment with method: layer:DecoderLayer|EmptyLayer; result: 0, 17, 35
[2026-05-12 06:27:26,179] [    INFO] pp_layers.py:894 - stage=0, global_rank=0 ,layer_number=17
[2026-05-12 06:27:26,180] [    INFO] pp_layers.py:899 - 0: EmbeddingPipe(config=LlamaConfig {
  "architectures": [
    "LlamaForCausalLM"
  ],
  "attention_bias": false,
  "attention_dropout": 0.0,
  "bos_token_id": 128000,
  "enable_auto_parallel": false,
  "eos_token_id": 128001,
  "head_dim": 128,
  "hidden_act": "silu",
  "hidden_size": 4096,
  "initializer_range": 0.009020646889913162,
  "intermediate_size": 14336,
  "is_lora": false,
  "max_position_embeddings": 8192,
  "max_sequence_length": 4096,
  "mlp_bias": false,
  "model_type": "llama",
  "moe_group_origin": "dummy",
  "moe_rank": 0,
  "moe_router_bias_update_rate": 0.0,
  "moe_world_size": 1,
  "num_attention_heads": 32,
  "num_hidden_layers": 32,
  "num_key_value_heads": 8,
  "pad_token_id": 0,
  "paddleformers_version": "1.1.0.post20260512",
  "pipeline_model_parallel_size": 2,
  "pp_seg_method": "layer:DecoderLayer|EmptyLayer",
  "pretraining_tp": 1,
  "recompute_granularity": "full",
  "recompute_method": "uniform",
  "recompute_num_layers": 1,
  "rms_norm_eps": 1e-05,
  "rope_parameters": {
    "rope_theta": 500000.0,
    "rope_type": "default"
  },
  "rope_scaling": null,
  "rope_theta": 500000.0,
  "seq_length": 4096,
  "tensor_model_parallel_size": 2,
  "tie_word_embeddings": false,
  "torch_dtype": "float32",
  "use_cache": true,
  "use_fast_layer_norm": false,
  "vocab_size": 128256
}
, embed_cls=None, rotary_emb_cls=None)
[2026-05-12 06:27:26,182] [    INFO] pp_layers.py:899 - 1: DecoderLayerPipe(config=LlamaConfig {
  "architectures": [
    "LlamaForCausalLM"
  ],
  "attention_bias": false,
  "attention_dropout": 0.0,
  "bos_token_id": 128000,
  "enable_auto_parallel": false,
  "eos_token_id": 128001,
  "head_dim": 128,
  "hidden_act": "silu",
  "hidden_size": 4096,
  "initializer_range": 0.009020646889913162,
  "intermediate_size": 14336,
  "is_lora": false,
  "max_position_embeddings": 8192,
  "max_sequence_length": 4096,
  "mlp_bias": false,
  "model_type": "llama",
  "moe_group_origin": "dummy",
  "moe_rank": 0,
  "moe_router_bias_update_rate": 0.0,
  "moe_world_size": 1,
  "num_attention_heads": 32,
  "num_hidden_layers": 32,
  "num_key_value_heads": 8,
  "pad_token_id": 0,
  "paddleformers_version": "1.1.0.post20260512",
  "pipeline_model_parallel_size": 2,
  "pp_seg_method": "layer:DecoderLayer|EmptyLayer",
  "pretraining_tp": 1,
  "recompute_granularity": "full",
  "recompute_method": "uniform",
  "recompute_num_layers": 1,
  "rms_norm_eps": 1e-05,
  "rope_parameters": {
    "rope_theta": 500000.0,
    "rope_type": "default"
  },
  "rope_scaling": null,
  "rope_theta": 500000.0,
  "seq_length": 4096,
  "tensor_model_parallel_size": 2,
  "tie_word_embeddings": false,
  "torch_dtype": "float32",
  "use_cache": true,
  "use_fast_layer_norm": false,
  "vocab_size": 128256
}
, layer_idx=0)
[2026-05-12 06:27:26,184] [    INFO] pp_layers.py:899 - 2: DecoderLayerPipe(config=LlamaConfig {
  "architectures": [
    "LlamaForCausalLM"
  ],
  "attention_bias": false,
  "attention_dropout": 0.0,
  "bos_token_id": 128000,
  "enable_auto_parallel": false,
  "eos_token_id": 128001,
  "head_dim": 128,
  "hidden_act": "silu",
  "hidden_size": 4096,
  "initializer_range": 0.009020646889913162,
  "intermediate_size": 14336,
  "is_lora": false,
  "max_position_embeddings": 8192,
  "max_sequence_length": 4096,
  "mlp_bias": false,
  "model_type": "llama",
  "moe_group_origin": "dummy",
  "moe_rank": 0,
  "moe_router_bias_update_rate": 0.0,
  "moe_world_size": 1,
  "num_attention_heads": 32,
  "num_hidden_layers": 32,
  "num_key_value_heads": 8,
  "pad_token_id": 0,
  "paddleformers_version": "1.1.0.post20260512",
  "pipeline_model_parallel_size": 2,
  "pp_seg_method": "layer:DecoderLayer|EmptyLayer",
  "pretraining_tp": 1,
  "recompute_granularity": "full",
  "recompute_method": "uniform",
  "recompute_num_layers": 1,
  "rms_norm_eps": 1e-05,
  "rope_parameters": {
    "rope_theta": 500000.0,
    "rope_type": "default"
  },
  "rope_scaling": null,
  "rope_theta": 500000.0,
  "seq_length": 4096,
  "tensor_model_parallel_size": 2,
  "tie_word_embeddings": false,
  "torch_dtype": "float32",
  "use_cache": true,
  "use_fast_layer_norm": false,
  "vocab_size": 128256
}
, layer_idx=1)
[2026-05-12 06:27:26,185] [    INFO] pp_layers.py:899 - 3: DecoderLayerPipe(config=LlamaConfig {
  "architectures": [
    "LlamaForCausalLM"
  ],
  "attention_bias": false,
  "attention_dropout": 0.0,
  "bos_token_id": 128000,
  "enable_auto_parallel": false,
  "eos_token_id": 128001,
  "head_dim": 128,
  "hidden_act": "silu",
  "hidden_size": 4096,
  "initializer_range": 0.009020646889913162,
  "intermediate_size": 14336,
  "is_lora": false,
  "max_position_embeddings": 8192,
  "max_sequence_length": 4096,
  "mlp_bias": false,
  "model_type": "llama",
  "moe_group_origin": "dummy",
  "moe_rank": 0,
  "moe_router_bias_update_rate": 0.0,
  "moe_world_size": 1,
  "num_attention_heads": 32,
  "num_hidden_layers": 32,
  "num_key_value_heads": 8,
  "pad_token_id": 0,
  "paddleformers_version": "1.1.0.post20260512",
  "pipeline_model_parallel_size": 2,
  "pp_seg_method": "layer:DecoderLayer|EmptyLayer",
  "pretraining_tp": 1,
  "recompute_granularity": "full",
  "recompute_method": "uniform",
  "recompute_num_layers": 1,
  "rms_norm_eps": 1e-05,
  "rope_parameters": {
    "rope_theta": 500000.0,
    "rope_type": "default"
  },
  "rope_scaling": null,
  "rope_theta": 500000.0,
  "seq_length": 4096,
  "tensor_model_parallel_size": 2,
  "tie_word_embeddings": false,
  "torch_dtype": "float32",
  "use_cache": true,
  "use_fast_layer_norm": false,
  "vocab_size": 128256
}
, layer_idx=2)
[2026-05-12 06:27:26,187] [    INFO] pp_layers.py:899 - 4: DecoderLayerPipe(config=LlamaConfig {
  "architectures": [
    "LlamaForCausalLM"
  ],
  "attention_bias": false,
  "attention_dropout": 0.0,
  "bos_token_id": 128000,
  "enable_auto_parallel": false,
  "eos_token_id": 128001,
  "head_dim": 128,
  "hidden_act": "silu",
  "hidden_size": 4096,
  "initializer_range": 0.009020646889913162,
  "intermediate_size": 14336,
  "is_lora": false,
  "max_position_embeddings": 8192,
  "max_sequence_length": 4096,
  "mlp_bias": false,
  "model_type": "llama",
  "moe_group_origin": "dummy",
  "moe_rank": 0,
  "moe_router_bias_update_rate": 0.0,
  "moe_world_size": 1,
  "num_attention_heads": 32,
  "num_hidden_layers": 32,
  "num_key_value_heads": 8,
  "pad_token_id": 0,
  "paddleformers_version": "1.1.0.post20260512",
  "pipeline_model_parallel_size": 2,
  "pp_seg_method": "layer:DecoderLayer|EmptyLayer",
  "pretraining_tp": 1,
  "recompute_granularity": "full",
  "recompute_method": "uniform",
  "recompute_num_layers": 1,
  "rms_norm_eps": 1e-05,
  "rope_parameters": {
    "rope_theta": 500000.0,
    "rope_type": "default"
  },
  "rope_scaling": null,
  "rope_theta": 500000.0,
  "seq_length": 4096,
  "tensor_model_parallel_size": 2,
  "tie_word_embeddings": false,
  "torch_dtype": "float32",
  "use_cache": true,
  "use_fast_layer_norm": false,
  "vocab_size": 128256
}
, layer_idx=3)
[2026-05-12 06:27:26,188] [    INFO] pp_layers.py:899 - 5: DecoderLayerPipe(config=LlamaConfig {
  "architectures": [
    "LlamaForCausalLM"
  ],
  "attention_bias": false,
  "attention_dropout": 0.0,
  "bos_token_id": 128000,
  "enable_auto_parallel": false,
  "eos_token_id": 128001,
  "head_dim": 128,
  "hidden_act": "silu",
  "hidden_size": 4096,
  "initializer_range": 0.009020646889913162,
  "intermediate_size": 14336,
  "is_lora": false,
  "max_position_embeddings": 8192,
  "max_sequence_length": 4096,
  "mlp_bias": false,
  "model_type": "llama",
  "moe_group_origin": "dummy",
  "moe_rank": 0,
  "moe_router_bias_update_rate": 0.0,
  "moe_world_size": 1,
  "num_attention_heads": 32,
  "num_hidden_layers": 32,
  "num_key_value_heads": 8,
  "pad_token_id": 0,
  "paddleformers_version": "1.1.0.post20260512",
  "pipeline_model_parallel_size": 2,
  "pp_seg_method": "layer:DecoderLayer|EmptyLayer",
  "pretraining_tp": 1,
  "recompute_granularity": "full",
  "recompute_method": "uniform",
  "recompute_num_layers": 1,
  "rms_norm_eps": 1e-05,
  "rope_parameters": {
    "rope_theta": 500000.0,
    "rope_type": "default"
  },
  "rope_scaling": null,
  "rope_theta": 500000.0,
  "seq_length": 4096,
  "tensor_model_parallel_size": 2,
  "tie_word_embeddings": false,
  "torch_dtype": "float32",
  "use_cache": true,
  "use_fast_layer_norm": false,
  "vocab_size": 128256
}
, layer_idx=4)
[2026-05-12 06:27:26,190] [    INFO] pp_layers.py:899 - 6: DecoderLayerPipe(config=LlamaConfig {
  "architectures": [
    "LlamaForCausalLM"
  ],
  "attention_bias": false,
  "attention_dropout": 0.0,
  "bos_token_id": 128000,
  "enable_auto_parallel": false,
  "eos_token_id": 128001,
  "head_dim": 128,
  "hidden_act": "silu",
  "hidden_size": 4096,
  "initializer_range": 0.009020646889913162,
  "intermediate_size": 14336,
  "is_lora": false,
  "max_position_embeddings": 8192,
  "max_sequence_length": 4096,
  "mlp_bias": false,
  "model_type": "llama",
  "moe_group_origin": "dummy",
  "moe_rank": 0,
  "moe_router_bias_update_rate": 0.0,
  "moe_world_size": 1,
  "num_attention_heads": 32,
  "num_hidden_layers": 32,
  "num_key_value_heads": 8,
  "pad_token_id": 0,
  "paddleformers_version": "1.1.0.post20260512",
  "pipeline_model_parallel_size": 2,
  "pp_seg_method": "layer:DecoderLayer|EmptyLayer",
  "pretraining_tp": 1,
  "recompute_granularity": "full",
  "recompute_method": "uniform",
  "recompute_num_layers": 1,
  "rms_norm_eps": 1e-05,
  "rope_parameters": {
    "rope_theta": 500000.0,
    "rope_type": "default"
  },
  "rope_scaling": null,
  "rope_theta": 500000.0,
  "seq_length": 4096,
  "tensor_model_parallel_size": 2,
  "tie_word_embeddings": false,
  "torch_dtype": "float32",
  "use_cache": true,
  "use_fast_layer_norm": false,
  "vocab_size": 128256
}
, layer_idx=5)
[2026-05-12 06:27:26,191] [    INFO] pp_layers.py:899 - 7: DecoderLayerPipe(config=LlamaConfig {
  "architectures": [
    "LlamaForCausalLM"
  ],
  "attention_bias": false,
  "attention_dropout": 0.0,
  "bos_token_id": 128000,
  "enable_auto_parallel": false,
  "eos_token_id": 128001,
  "head_dim": 128,
  "hidden_act": "silu",
  "hidden_size": 4096,
  "initializer_range": 0.009020646889913162,
  "intermediate_size": 14336,
  "is_lora": false,
  "max_position_embeddings": 8192,
  "max_sequence_length": 4096,
  "mlp_bias": false,
  "model_type": "llama",
  "moe_group_origin": "dummy",
  "moe_rank": 0,
  "moe_router_bias_update_rate": 0.0,
  "moe_world_size": 1,
  "num_attention_heads": 32,
  "num_hidden_layers": 32,
  "num_key_value_heads": 8,
  "pad_token_id": 0,
  "paddleformers_version": "1.1.0.post20260512",
  "pipeline_model_parallel_size": 2,
  "pp_seg_method": "layer:DecoderLayer|EmptyLayer",
  "pretraining_tp": 1,
  "recompute_granularity": "full",
  "recompute_method": "uniform",
  "recompute_num_layers": 1,
  "rms_norm_eps": 1e-05,
  "rope_parameters": {
    "rope_theta": 500000.0,
    "rope_type": "default"
  },
  "rope_scaling": null,
  "rope_theta": 500000.0,
  "seq_length": 4096,
  "tensor_model_parallel_size": 2,
  "tie_word_embeddings": false,
  "torch_dtype": "float32",
  "use_cache": true,
  "use_fast_layer_norm": false,
  "vocab_size": 128256
}
, layer_idx=6)
[2026-05-12 06:27:26,193] [    INFO] pp_layers.py:899 - 8: DecoderLayerPipe(config=LlamaConfig {
  "architectures": [
    "LlamaForCausalLM"
  ],
  "attention_bias": false,
  "attention_dropout": 0.0,
  "bos_token_id": 128000,
  "enable_auto_parallel": false,
  "eos_token_id": 128001,
  "head_dim": 128,
  "hidden_act": "silu",
  "hidden_size": 4096,
  "initializer_range": 0.009020646889913162,
  "intermediate_size": 14336,
  "is_lora": false,
  "max_position_embeddings": 8192,
  "max_sequence_length": 4096,
  "mlp_bias": false,
  "model_type": "llama",
  "moe_group_origin": "dummy",
  "moe_rank": 0,
  "moe_router_bias_update_rate": 0.0,
  "moe_world_size": 1,
  "num_attention_heads": 32,
  "num_hidden_layers": 32,
  "num_key_value_heads": 8,
  "pad_token_id": 0,
  "paddleformers_version": "1.1.0.post20260512",
  "pipeline_model_parallel_size": 2,
  "pp_seg_method": "layer:DecoderLayer|EmptyLayer",
  "pretraining_tp": 1,
  "recompute_granularity": "full",
  "recompute_method": "uniform",
  "recompute_num_layers": 1,
  "rms_norm_eps": 1e-05,
  "rope_parameters": {
    "rope_theta": 500000.0,
    "rope_type": "default"
  },
  "rope_scaling": null,
  "rope_theta": 500000.0,
  "seq_length": 4096,
  "tensor_model_parallel_size": 2,
  "tie_word_embeddings": false,
  "torch_dtype": "float32",
  "use_cache": true,
  "use_fast_layer_norm": false,
  "vocab_size": 128256
}
, layer_idx=7)
[2026-05-12 06:27:26,195] [    INFO] pp_layers.py:899 - 9: DecoderLayerPipe(config=LlamaConfig {
  "architectures": [
    "LlamaForCausalLM"
  ],
  "attention_bias": false,
  "attention_dropout": 0.0,
  "bos_token_id": 128000,
  "enable_auto_parallel": false,
  "eos_token_id": 128001,
  "head_dim": 128,
  "hidden_act": "silu",
  "hidden_size": 4096,
  "initializer_range": 0.009020646889913162,
  "intermediate_size": 14336,
  "is_lora": false,
  "max_position_embeddings": 8192,
  "max_sequence_length": 4096,
  "mlp_bias": false,
  "model_type": "llama",
  "moe_group_origin": "dummy",
  "moe_rank": 0,
  "moe_router_bias_update_rate": 0.0,
  "moe_world_size": 1,
  "num_attention_heads": 32,
  "num_hidden_layers": 32,
  "num_key_value_heads": 8,
  "pad_token_id": 0,
  "paddleformers_version": "1.1.0.post20260512",
  "pipeline_model_parallel_size": 2,
  "pp_seg_method": "layer:DecoderLayer|EmptyLayer",
  "pretraining_tp": 1,
  "recompute_granularity": "full",
  "recompute_method": "uniform",
  "recompute_num_layers": 1,
  "rms_norm_eps": 1e-05,
  "rope_parameters": {
    "rope_theta": 500000.0,
    "rope_type": "default"
  },
  "rope_scaling": null,
  "rope_theta": 500000.0,
  "seq_length": 4096,
  "tensor_model_parallel_size": 2,
  "tie_word_embeddings": false,
  "torch_dtype": "float32",
  "use_cache": true,
  "use_fast_layer_norm": false,
  "vocab_size": 128256
}
, layer_idx=8)
[2026-05-12 06:27:26,196] [    INFO] pp_layers.py:899 - 10: DecoderLayerPipe(config=LlamaConfig {
  "architectures": [
    "LlamaForCausalLM"
  ],
  "attention_bias": false,
  "attention_dropout": 0.0,
  "bos_token_id": 128000,
  "enable_auto_parallel": false,
  "eos_token_id": 128001,
  "head_dim": 128,
  "hidden_act": "silu",
  "hidden_size": 4096,
  "initializer_range": 0.009020646889913162,
  "intermediate_size": 14336,
  "is_lora": false,
  "max_position_embeddings": 8192,
  "max_sequence_length": 4096,
  "mlp_bias": false,
  "model_type": "llama",
  "moe_group_origin": "dummy",
  "moe_rank": 0,
  "moe_router_bias_update_rate": 0.0,
  "moe_world_size": 1,
  "num_attention_heads": 32,
  "num_hidden_layers": 32,
  "num_key_value_heads": 8,
  "pad_token_id": 0,
  "paddleformers_version": "1.1.0.post20260512",
  "pipeline_model_parallel_size": 2,
  "pp_seg_method": "layer:DecoderLayer|EmptyLayer",
  "pretraining_tp": 1,
  "recompute_granularity": "full",
  "recompute_method": "uniform",
  "recompute_num_layers": 1,
  "rms_norm_eps": 1e-05,
  "rope_parameters": {
    "rope_theta": 500000.0,
    "rope_type": "default"
  },
  "rope_scaling": null,
  "rope_theta": 500000.0,
  "seq_length": 4096,
  "tensor_model_parallel_size": 2,
  "tie_word_embeddings": false,
  "torch_dtype": "float32",
  "use_cache": true,
  "use_fast_layer_norm": false,
  "vocab_size": 128256
}
, layer_idx=9)
[2026-05-12 06:27:26,198] [    INFO] pp_layers.py:899 - 11: DecoderLayerPipe(config=LlamaConfig {
  "architectures": [
    "LlamaForCausalLM"
  ],
  "attention_bias": false,
  "attention_dropout": 0.0,
  "bos_token_id": 128000,
  "enable_auto_parallel": false,
  "eos_token_id": 128001,
  "head_dim": 128,
  "hidden_act": "silu",
  "hidden_size": 4096,
  "initializer_range": 0.009020646889913162,
  "intermediate_size": 14336,
  "is_lora": false,
  "max_position_embeddings": 8192,
  "max_sequence_length": 4096,
  "mlp_bias": false,
  "model_type": "llama",
  "moe_group_origin": "dummy",
  "moe_rank": 0,
  "moe_router_bias_update_rate": 0.0,
  "moe_world_size": 1,
  "num_attention_heads": 32,
  "num_hidden_layers": 32,
  "num_key_value_heads": 8,
  "pad_token_id": 0,
  "paddleformers_version": "1.1.0.post20260512",
  "pipeline_model_parallel_size": 2,
  "pp_seg_method": "layer:DecoderLayer|EmptyLayer",
  "pretraining_tp": 1,
  "recompute_granularity": "full",
  "recompute_method": "uniform",
  "recompute_num_layers": 1,
  "rms_norm_eps": 1e-05,
  "rope_parameters": {
    "rope_theta": 500000.0,
    "rope_type": "default"
  },
  "rope_scaling": null,
  "rope_theta": 500000.0,
  "seq_length": 4096,
  "tensor_model_parallel_size": 2,
  "tie_word_embeddings": false,
  "torch_dtype": "float32",
  "use_cache": true,
  "use_fast_layer_norm": false,
  "vocab_size": 128256
}
, layer_idx=10)
[2026-05-12 06:27:26,199] [    INFO] pp_layers.py:899 - 12: DecoderLayerPipe(config=LlamaConfig {
  "architectures": [
    "LlamaForCausalLM"
  ],
  "attention_bias": false,
  "attention_dropout": 0.0,
  "bos_token_id": 128000,
  "enable_auto_parallel": false,
  "eos_token_id": 128001,
  "head_dim": 128,
  "hidden_act": "silu",
  "hidden_size": 4096,
  "initializer_range": 0.009020646889913162,
  "intermediate_size": 14336,
  "is_lora": false,
  "max_position_embeddings": 8192,
  "max_sequence_length": 4096,
  "mlp_bias": false,
  "model_type": "llama",
  "moe_group_origin": "dummy",
  "moe_rank": 0,
  "moe_router_bias_update_rate": 0.0,
  "moe_world_size": 1,
  "num_attention_heads": 32,
  "num_hidden_layers": 32,
  "num_key_value_heads": 8,
  "pad_token_id": 0,
  "paddleformers_version": "1.1.0.post20260512",
  "pipeline_model_parallel_size": 2,
  "pp_seg_method": "layer:DecoderLayer|EmptyLayer",
  "pretraining_tp": 1,
  "recompute_granularity": "full",
  "recompute_method": "uniform",
  "recompute_num_layers": 1,
  "rms_norm_eps": 1e-05,
  "rope_parameters": {
    "rope_theta": 500000.0,
    "rope_type": "default"
  },
  "rope_scaling": null,
  "rope_theta": 500000.0,
  "seq_length": 4096,
  "tensor_model_parallel_size": 2,
  "tie_word_embeddings": false,
  "torch_dtype": "float32",
  "use_cache": true,
  "use_fast_layer_norm": false,
  "vocab_size": 128256
}
, layer_idx=11)
[2026-05-12 06:27:26,203] [    INFO] pp_layers.py:899 - 13: DecoderLayerPipe(config=LlamaConfig {
  "architectures": [
    "LlamaForCausalLM"
  ],
  "attention_bias": false,
  "attention_dropout": 0.0,
  "bos_token_id": 128000,
  "enable_auto_parallel": false,
  "eos_token_id": 128001,
  "head_dim": 128,
  "hidden_act": "silu",
  "hidden_size": 4096,
  "initializer_range": 0.009020646889913162,
  "intermediate_size": 14336,
  "is_lora": false,
  "max_position_embeddings": 8192,
  "max_sequence_length": 4096,
  "mlp_bias": false,
  "model_type": "llama",
  "moe_group_origin": "dummy",
  "moe_rank": 0,
  "moe_router_bias_update_rate": 0.0,
  "moe_world_size": 1,
  "num_attention_heads": 32,
  "num_hidden_layers": 32,
  "num_key_value_heads": 8,
  "pad_token_id": 0,
  "paddleformers_version": "1.1.0.post20260512",
  "pipeline_model_parallel_size": 2,
  "pp_seg_method": "layer:DecoderLayer|EmptyLayer",
  "pretraining_tp": 1,
  "recompute_granularity": "full",
  "recompute_method": "uniform",
  "recompute_num_layers": 1,
  "rms_norm_eps": 1e-05,
  "rope_parameters": {
    "rope_theta": 500000.0,
    "rope_type": "default"
  },
  "rope_scaling": null,
  "rope_theta": 500000.0,
  "seq_length": 4096,
  "tensor_model_parallel_size": 2,
  "tie_word_embeddings": false,
  "torch_dtype": "float32",
  "use_cache": true,
  "use_fast_layer_norm": false,
  "vocab_size": 128256
}
, layer_idx=12)
[2026-05-12 06:27:26,205] [    INFO] pp_layers.py:899 - 14: DecoderLayerPipe(config=LlamaConfig {
  "architectures": [
    "LlamaForCausalLM"
  ],
  "attention_bias": false,
  "attention_dropout": 0.0,
  "bos_token_id": 128000,
  "enable_auto_parallel": false,
  "eos_token_id": 128001,
  "head_dim": 128,
  "hidden_act": "silu",
  "hidden_size": 4096,
  "initializer_range": 0.009020646889913162,
  "intermediate_size": 14336,
  "is_lora": false,
  "max_position_embeddings": 8192,
  "max_sequence_length": 4096,
  "mlp_bias": false,
  "model_type": "llama",
  "moe_group_origin": "dummy",
  "moe_rank": 0,
  "moe_router_bias_update_rate": 0.0,
  "moe_world_size": 1,
  "num_attention_heads": 32,
  "num_hidden_layers": 32,
  "num_key_value_heads": 8,
  "pad_token_id": 0,
  "paddleformers_version": "1.1.0.post20260512",
  "pipeline_model_parallel_size": 2,
  "pp_seg_method": "layer:DecoderLayer|EmptyLayer",
  "pretraining_tp": 1,
  "recompute_granularity": "full",
  "recompute_method": "uniform",
  "recompute_num_layers": 1,
  "rms_norm_eps": 1e-05,
  "rope_parameters": {
    "rope_theta": 500000.0,
    "rope_type": "default"
  },
  "rope_scaling": null,
  "rope_theta": 500000.0,
  "seq_length": 4096,
  "tensor_model_parallel_size": 2,
  "tie_word_embeddings": false,
  "torch_dtype": "float32",
  "use_cache": true,
  "use_fast_layer_norm": false,
  "vocab_size": 128256
}
, layer_idx=13)
[2026-05-12 06:27:26,207] [    INFO] pp_layers.py:899 - 15: DecoderLayerPipe(config=LlamaConfig {
  "architectures": [
    "LlamaForCausalLM"
  ],
  "attention_bias": false,
  "attention_dropout": 0.0,
  "bos_token_id": 128000,
  "enable_auto_parallel": false,
  "eos_token_id": 128001,
  "head_dim": 128,
  "hidden_act": "silu",
  "hidden_size": 4096,
  "initializer_range": 0.009020646889913162,
  "intermediate_size": 14336,
  "is_lora": false,
  "max_position_embeddings": 8192,
  "max_sequence_length": 4096,
  "mlp_bias": false,
  "model_type": "llama",
  "moe_group_origin": "dummy",
  "moe_rank": 0,
  "moe_router_bias_update_rate": 0.0,
  "moe_world_size": 1,
  "num_attention_heads": 32,
  "num_hidden_layers": 32,
  "num_key_value_heads": 8,
  "pad_token_id": 0,
  "paddleformers_version": "1.1.0.post20260512",
  "pipeline_model_parallel_size": 2,
  "pp_seg_method": "layer:DecoderLayer|EmptyLayer",
  "pretraining_tp": 1,
  "recompute_granularity": "full",
  "recompute_method": "uniform",
  "recompute_num_layers": 1,
  "rms_norm_eps": 1e-05,
  "rope_parameters": {
    "rope_theta": 500000.0,
    "rope_type": "default"
  },
  "rope_scaling": null,
  "rope_theta": 500000.0,
  "seq_length": 4096,
  "tensor_model_parallel_size": 2,
  "tie_word_embeddings": false,
  "torch_dtype": "float32",
  "use_cache": true,
  "use_fast_layer_norm": false,
  "vocab_size": 128256
}
, layer_idx=14)
[2026-05-12 06:27:26,209] [    INFO] pp_layers.py:899 - 16: DecoderLayerPipe(config=LlamaConfig {
  "architectures": [
    "LlamaForCausalLM"
  ],
  "attention_bias": false,
  "attention_dropout": 0.0,
  "bos_token_id": 128000,
  "enable_auto_parallel": false,
  "eos_token_id": 128001,
  "head_dim": 128,
  "hidden_act": "silu",
  "hidden_size": 4096,
  "initializer_range": 0.009020646889913162,
  "intermediate_size": 14336,
  "is_lora": false,
  "max_position_embeddings": 8192,
  "max_sequence_length": 4096,
  "mlp_bias": false,
  "model_type": "llama",
  "moe_group_origin": "dummy",
  "moe_rank": 0,
  "moe_router_bias_update_rate": 0.0,
  "moe_world_size": 1,
  "num_attention_heads": 32,
  "num_hidden_layers": 32,
  "num_key_value_heads": 8,
  "pad_token_id": 0,
  "paddleformers_version": "1.1.0.post20260512",
  "pipeline_model_parallel_size": 2,
  "pp_seg_method": "layer:DecoderLayer|EmptyLayer",
  "pretraining_tp": 1,
  "recompute_granularity": "full",
  "recompute_method": "uniform",
  "recompute_num_layers": 1,
  "rms_norm_eps": 1e-05,
  "rope_parameters": {
    "rope_theta": 500000.0,
    "rope_type": "default"
  },
  "rope_scaling": null,
  "rope_theta": 500000.0,
  "seq_length": 4096,
  "tensor_model_parallel_size": 2,
  "tie_word_embeddings": false,
  "torch_dtype": "float32",
  "use_cache": true,
  "use_fast_layer_norm": false,
  "vocab_size": 128256
}
, layer_idx=15)
[2026-05-12 06:27:26,209] [    INFO] pp_layers.py:894 - stage=1, global_rank=0 ,layer_number=18
[2026-05-12 06:27:26,210] [    INFO] pp_layers.py:899 - 17: DecoderLayerPipe(config=LlamaConfig {
  "architectures": [
    "LlamaForCausalLM"
  ],
  "attention_bias": false,
  "attention_dropout": 0.0,
  "bos_token_id": 128000,
  "enable_auto_parallel": false,
  "eos_token_id": 128001,
  "head_dim": 128,
  "hidden_act": "silu",
  "hidden_size": 4096,
  "initializer_range": 0.009020646889913162,
  "intermediate_size": 14336,
  "is_lora": false,
  "max_position_embeddings": 8192,
  "max_sequence_length": 4096,
  "mlp_bias": false,
  "model_type": "llama",
  "moe_group_origin": "dummy",
  "moe_rank": 0,
  "moe_router_bias_update_rate": 0.0,
  "moe_world_size": 1,
  "num_attention_heads": 32,
  "num_hidden_layers": 32,
  "num_key_value_heads": 8,
  "pad_token_id": 0,
  "paddleformers_version": "1.1.0.post20260512",
  "pipeline_model_parallel_size": 2,
  "pp_seg_method": "layer:DecoderLayer|EmptyLayer",
  "pretraining_tp": 1,
  "recompute_granularity": "full",
  "recompute_method": "uniform",
  "recompute_num_layers": 1,
  "rms_norm_eps": 1e-05,
  "rope_parameters": {
    "rope_theta": 500000.0,
    "rope_type": "default"
  },
  "rope_scaling": null,
  "rope_theta": 500000.0,
  "seq_length": 4096,
  "tensor_model_parallel_size": 2,
  "tie_word_embeddings": false,
  "torch_dtype": "float32",
  "use_cache": true,
  "use_fast_layer_norm": false,
  "vocab_size": 128256
}
, layer_idx=16)
[2026-05-12 06:27:26,212] [    INFO] pp_layers.py:899 - 18: DecoderLayerPipe(config=LlamaConfig {
  "architectures": [
    "LlamaForCausalLM"
  ],
  "attention_bias": false,
  "attention_dropout": 0.0,
  "bos_token_id": 128000,
  "enable_auto_parallel": false,
  "eos_token_id": 128001,
  "head_dim": 128,
  "hidden_act": "silu",
  "hidden_size": 4096,
  "initializer_range": 0.009020646889913162,
  "intermediate_size": 14336,
  "is_lora": false,
  "max_position_embeddings": 8192,
  "max_sequence_length": 4096,
  "mlp_bias": false,
  "model_type": "llama",
  "moe_group_origin": "dummy",
  "moe_rank": 0,
  "moe_router_bias_update_rate": 0.0,
  "moe_world_size": 1,
  "num_attention_heads": 32,
  "num_hidden_layers": 32,
  "num_key_value_heads": 8,
  "pad_token_id": 0,
  "paddleformers_version": "1.1.0.post20260512",
  "pipeline_model_parallel_size": 2,
  "pp_seg_method": "layer:DecoderLayer|EmptyLayer",
  "pretraining_tp": 1,
  "recompute_granularity": "full",
  "recompute_method": "uniform",
  "recompute_num_layers": 1,
  "rms_norm_eps": 1e-05,
  "rope_parameters": {
    "rope_theta": 500000.0,
    "rope_type": "default"
  },
  "rope_scaling": null,
  "rope_theta": 500000.0,
  "seq_length": 4096,
  "tensor_model_parallel_size": 2,
  "tie_word_embeddings": false,
  "torch_dtype": "float32",
  "use_cache": true,
  "use_fast_layer_norm": false,
  "vocab_size": 128256
}
, layer_idx=17)
[2026-05-12 06:27:26,214] [    INFO] pp_layers.py:899 - 19: DecoderLayerPipe(config=LlamaConfig {
  "architectures": [
    "LlamaForCausalLM"
  ],
  "attention_bias": false,
  "attention_dropout": 0.0,
  "bos_token_id": 128000,
  "enable_auto_parallel": false,
  "eos_token_id": 128001,
  "head_dim": 128,
  "hidden_act": "silu",
  "hidden_size": 4096,
  "initializer_range": 0.009020646889913162,
  "intermediate_size": 14336,
  "is_lora": false,
  "max_position_embeddings": 8192,
  "max_sequence_length": 4096,
  "mlp_bias": false,
  "model_type": "llama",
  "moe_group_origin": "dummy",
  "moe_rank": 0,
  "moe_router_bias_update_rate": 0.0,
  "moe_world_size": 1,
  "num_attention_heads": 32,
  "num_hidden_layers": 32,
  "num_key_value_heads": 8,
  "pad_token_id": 0,
  "paddleformers_version": "1.1.0.post20260512",
  "pipeline_model_parallel_size": 2,
  "pp_seg_method": "layer:DecoderLayer|EmptyLayer",
  "pretraining_tp": 1,
  "recompute_granularity": "full",
  "recompute_method": "uniform",
  "recompute_num_layers": 1,
  "rms_norm_eps": 1e-05,
  "rope_parameters": {
    "rope_theta": 500000.0,
    "rope_type": "default"
  },
  "rope_scaling": null,
  "rope_theta": 500000.0,
  "seq_length": 4096,
  "tensor_model_parallel_size": 2,
  "tie_word_embeddings": false,
  "torch_dtype": "float32",
  "use_cache": true,
  "use_fast_layer_norm": false,
  "vocab_size": 128256
}
, layer_idx=18)
[2026-05-12 06:27:26,215] [    INFO] pp_layers.py:899 - 20: DecoderLayerPipe(config=LlamaConfig {
  "architectures": [
    "LlamaForCausalLM"
  ],
  "attention_bias": false,
  "attention_dropout": 0.0,
  "bos_token_id": 128000,
  "enable_auto_parallel": false,
  "eos_token_id": 128001,
  "head_dim": 128,
  "hidden_act": "silu",
  "hidden_size": 4096,
  "initializer_range": 0.009020646889913162,
  "intermediate_size": 14336,
  "is_lora": false,
  "max_position_embeddings": 8192,
  "max_sequence_length": 4096,
  "mlp_bias": false,
  "model_type": "llama",
  "moe_group_origin": "dummy",
  "moe_rank": 0,
  "moe_router_bias_update_rate": 0.0,
  "moe_world_size": 1,
  "num_attention_heads": 32,
  "num_hidden_layers": 32,
  "num_key_value_heads": 8,
  "pad_token_id": 0,
  "paddleformers_version": "1.1.0.post20260512",
  "pipeline_model_parallel_size": 2,
  "pp_seg_method": "layer:DecoderLayer|EmptyLayer",
  "pretraining_tp": 1,
  "recompute_granularity": "full",
  "recompute_method": "uniform",
  "recompute_num_layers": 1,
  "rms_norm_eps": 1e-05,
  "rope_parameters": {
    "rope_theta": 500000.0,
    "rope_type": "default"
  },
  "rope_scaling": null,
  "rope_theta": 500000.0,
  "seq_length": 4096,
  "tensor_model_parallel_size": 2,
  "tie_word_embeddings": false,
  "torch_dtype": "float32",
  "use_cache": true,
  "use_fast_layer_norm": false,
  "vocab_size": 128256
}
, layer_idx=19)
[2026-05-12 06:27:26,217] [    INFO] pp_layers.py:899 - 21: DecoderLayerPipe(config=LlamaConfig {
  "architectures": [
    "LlamaForCausalLM"
  ],
  "attention_bias": false,
  "attention_dropout": 0.0,
  "bos_token_id": 128000,
  "enable_auto_parallel": false,
  "eos_token_id": 128001,
  "head_dim": 128,
  "hidden_act": "silu",
  "hidden_size": 4096,
  "initializer_range": 0.009020646889913162,
  "intermediate_size": 14336,
  "is_lora": false,
  "max_position_embeddings": 8192,
  "max_sequence_length": 4096,
  "mlp_bias": false,
  "model_type": "llama",
  "moe_group_origin": "dummy",
  "moe_rank": 0,
  "moe_router_bias_update_rate": 0.0,
  "moe_world_size": 1,
  "num_attention_heads": 32,
  "num_hidden_layers": 32,
  "num_key_value_heads": 8,
  "pad_token_id": 0,
  "paddleformers_version": "1.1.0.post20260512",
  "pipeline_model_parallel_size": 2,
  "pp_seg_method": "layer:DecoderLayer|EmptyLayer",
  "pretraining_tp": 1,
  "recompute_granularity": "full",
  "recompute_method": "uniform",
  "recompute_num_layers": 1,
  "rms_norm_eps": 1e-05,
  "rope_parameters": {
    "rope_theta": 500000.0,
    "rope_type": "default"
  },
  "rope_scaling": null,
  "rope_theta": 500000.0,
  "seq_length": 4096,
  "tensor_model_parallel_size": 2,
  "tie_word_embeddings": false,
  "torch_dtype": "float32",
  "use_cache": true,
  "use_fast_layer_norm": false,
  "vocab_size": 128256
}
, layer_idx=20)
[2026-05-12 06:27:26,219] [    INFO] pp_layers.py:899 - 22: DecoderLayerPipe(config=LlamaConfig {
  "architectures": [
    "LlamaForCausalLM"
  ],
  "attention_bias": false,
  "attention_dropout": 0.0,
  "bos_token_id": 128000,
  "enable_auto_parallel": false,
  "eos_token_id": 128001,
  "head_dim": 128,
  "hidden_act": "silu",
  "hidden_size": 4096,
  "initializer_range": 0.009020646889913162,
  "intermediate_size": 14336,
  "is_lora": false,
  "max_position_embeddings": 8192,
  "max_sequence_length": 4096,
  "mlp_bias": false,
  "model_type": "llama",
  "moe_group_origin": "dummy",
  "moe_rank": 0,
  "moe_router_bias_update_rate": 0.0,
  "moe_world_size": 1,
  "num_attention_heads": 32,
  "num_hidden_layers": 32,
  "num_key_value_heads": 8,
  "pad_token_id": 0,
  "paddleformers_version": "1.1.0.post20260512",
  "pipeline_model_parallel_size": 2,
  "pp_seg_method": "layer:DecoderLayer|EmptyLayer",
  "pretraining_tp": 1,
  "recompute_granularity": "full",
  "recompute_method": "uniform",
  "recompute_num_layers": 1,
  "rms_norm_eps": 1e-05,
  "rope_parameters": {
    "rope_theta": 500000.0,
    "rope_type": "default"
  },
  "rope_scaling": null,
  "rope_theta": 500000.0,
  "seq_length": 4096,
  "tensor_model_parallel_size": 2,
  "tie_word_embeddings": false,
  "torch_dtype": "float32",
  "use_cache": true,
  "use_fast_layer_norm": false,
  "vocab_size": 128256
}
, layer_idx=21)
[2026-05-12 06:27:26,221] [    INFO] pp_layers.py:899 - 23: DecoderLayerPipe(config=LlamaConfig {
  "architectures": [
    "LlamaForCausalLM"
  ],
  "attention_bias": false,
  "attention_dropout": 0.0,
  "bos_token_id": 128000,
  "enable_auto_parallel": false,
  "eos_token_id": 128001,
  "head_dim": 128,
  "hidden_act": "silu",
  "hidden_size": 4096,
  "initializer_range": 0.009020646889913162,
  "intermediate_size": 14336,
  "is_lora": false,
  "max_position_embeddings": 8192,
  "max_sequence_length": 4096,
  "mlp_bias": false,
  "model_type": "llama",
  "moe_group_origin": "dummy",
  "moe_rank": 0,
  "moe_router_bias_update_rate": 0.0,
  "moe_world_size": 1,
  "num_attention_heads": 32,
  "num_hidden_layers": 32,
  "num_key_value_heads": 8,
  "pad_token_id": 0,
  "paddleformers_version": "1.1.0.post20260512",
  "pipeline_model_parallel_size": 2,
  "pp_seg_method": "layer:DecoderLayer|EmptyLayer",
  "pretraining_tp": 1,
  "recompute_granularity": "full",
  "recompute_method": "uniform",
  "recompute_num_layers": 1,
  "rms_norm_eps": 1e-05,
  "rope_parameters": {
    "rope_theta": 500000.0,
    "rope_type": "default"
  },
  "rope_scaling": null,
  "rope_theta": 500000.0,
  "seq_length": 4096,
  "tensor_model_parallel_size": 2,
  "tie_word_embeddings": false,
  "torch_dtype": "float32",
  "use_cache": true,
  "use_fast_layer_norm": false,
  "vocab_size": 128256
}
, layer_idx=22)
[2026-05-12 06:27:26,222] [    INFO] pp_layers.py:899 - 24: DecoderLayerPipe(config=LlamaConfig {
  "architectures": [
    "LlamaForCausalLM"
  ],
  "attention_bias": false,
  "attention_dropout": 0.0,
  "bos_token_id": 128000,
  "enable_auto_parallel": false,
  "eos_token_id": 128001,
  "head_dim": 128,
  "hidden_act": "silu",
  "hidden_size": 4096,
  "initializer_range": 0.009020646889913162,
  "intermediate_size": 14336,
  "is_lora": false,
  "max_position_embeddings": 8192,
  "max_sequence_length": 4096,
  "mlp_bias": false,
  "model_type": "llama",
  "moe_group_origin": "dummy",
  "moe_rank": 0,
  "moe_router_bias_update_rate": 0.0,
  "moe_world_size": 1,
  "num_attention_heads": 32,
  "num_hidden_layers": 32,
  "num_key_value_heads": 8,
  "pad_token_id": 0,
  "paddleformers_version": "1.1.0.post20260512",
  "pipeline_model_parallel_size": 2,
  "pp_seg_method": "layer:DecoderLayer|EmptyLayer",
  "pretraining_tp": 1,
  "recompute_granularity": "full",
  "recompute_method": "uniform",
  "recompute_num_layers": 1,
  "rms_norm_eps": 1e-05,
  "rope_parameters": {
    "rope_theta": 500000.0,
    "rope_type": "default"
  },
  "rope_scaling": null,
  "rope_theta": 500000.0,
  "seq_length": 4096,
  "tensor_model_parallel_size": 2,
  "tie_word_embeddings": false,
  "torch_dtype": "float32",
  "use_cache": true,
  "use_fast_layer_norm": false,
  "vocab_size": 128256
}
, layer_idx=23)
[2026-05-12 06:27:26,224] [    INFO] pp_layers.py:899 - 25: DecoderLayerPipe(config=LlamaConfig {
  "architectures": [
    "LlamaForCausalLM"
  ],
  "attention_bias": false,
  "attention_dropout": 0.0,
  "bos_token_id": 128000,
  "enable_auto_parallel": false,
  "eos_token_id": 128001,
  "head_dim": 128,
  "hidden_act": "silu",
  "hidden_size": 4096,
  "initializer_range": 0.009020646889913162,
  "intermediate_size": 14336,
  "is_lora": false,
  "max_position_embeddings": 8192,
  "max_sequence_length": 4096,
  "mlp_bias": false,
  "model_type": "llama",
  "moe_group_origin": "dummy",
  "moe_rank": 0,
  "moe_router_bias_update_rate": 0.0,
  "moe_world_size": 1,
  "num_attention_heads": 32,
  "num_hidden_layers": 32,
  "num_key_value_heads": 8,
  "pad_token_id": 0,
  "paddleformers_version": "1.1.0.post20260512",
  "pipeline_model_parallel_size": 2,
  "pp_seg_method": "layer:DecoderLayer|EmptyLayer",
  "pretraining_tp": 1,
  "recompute_granularity": "full",
  "recompute_method": "uniform",
  "recompute_num_layers": 1,
  "rms_norm_eps": 1e-05,
  "rope_parameters": {
    "rope_theta": 500000.0,
    "rope_type": "default"
  },
  "rope_scaling": null,
  "rope_theta": 500000.0,
  "seq_length": 4096,
  "tensor_model_parallel_size": 2,
  "tie_word_embeddings": false,
  "torch_dtype": "float32",
  "use_cache": true,
  "use_fast_layer_norm": false,
  "vocab_size": 128256
}
, layer_idx=24)
[2026-05-12 06:27:26,226] [    INFO] pp_layers.py:899 - 26: DecoderLayerPipe(config=LlamaConfig {
  "architectures": [
    "LlamaForCausalLM"
  ],
  "attention_bias": false,
  "attention_dropout": 0.0,
  "bos_token_id": 128000,
  "enable_auto_parallel": false,
  "eos_token_id": 128001,
  "head_dim": 128,
  "hidden_act": "silu",
  "hidden_size": 4096,
  "initializer_range": 0.009020646889913162,
  "intermediate_size": 14336,
  "is_lora": false,
  "max_position_embeddings": 8192,
  "max_sequence_length": 4096,
  "mlp_bias": false,
  "model_type": "llama",
  "moe_group_origin": "dummy",
  "moe_rank": 0,
  "moe_router_bias_update_rate": 0.0,
  "moe_world_size": 1,
  "num_attention_heads": 32,
  "num_hidden_layers": 32,
  "num_key_value_heads": 8,
  "pad_token_id": 0,
  "paddleformers_version": "1.1.0.post20260512",
  "pipeline_model_parallel_size": 2,
  "pp_seg_method": "layer:DecoderLayer|EmptyLayer",
  "pretraining_tp": 1,
  "recompute_granularity": "full",
  "recompute_method": "uniform",
  "recompute_num_layers": 1,
  "rms_norm_eps": 1e-05,
  "rope_parameters": {
    "rope_theta": 500000.0,
    "rope_type": "default"
  },
  "rope_scaling": null,
  "rope_theta": 500000.0,
  "seq_length": 4096,
  "tensor_model_parallel_size": 2,
  "tie_word_embeddings": false,
  "torch_dtype": "float32",
  "use_cache": true,
  "use_fast_layer_norm": false,
  "vocab_size": 128256
}
, layer_idx=25)
[2026-05-12 06:27:26,228] [    INFO] pp_layers.py:899 - 27: DecoderLayerPipe(config=LlamaConfig {
  "architectures": [
    "LlamaForCausalLM"
  ],
  "attention_bias": false,
  "attention_dropout": 0.0,
  "bos_token_id": 128000,
  "enable_auto_parallel": false,
  "eos_token_id": 128001,
  "head_dim": 128,
  "hidden_act": "silu",
  "hidden_size": 4096,
  "initializer_range": 0.009020646889913162,
  "intermediate_size": 14336,
  "is_lora": false,
  "max_position_embeddings": 8192,
  "max_sequence_length": 4096,
  "mlp_bias": false,
  "model_type": "llama",
  "moe_group_origin": "dummy",
  "moe_rank": 0,
  "moe_router_bias_update_rate": 0.0,
  "moe_world_size": 1,
  "num_attention_heads": 32,
  "num_hidden_layers": 32,
  "num_key_value_heads": 8,
  "pad_token_id": 0,
  "paddleformers_version": "1.1.0.post20260512",
  "pipeline_model_parallel_size": 2,
  "pp_seg_method": "layer:DecoderLayer|EmptyLayer",
  "pretraining_tp": 1,
  "recompute_granularity": "full",
  "recompute_method": "uniform",
  "recompute_num_layers": 1,
  "rms_norm_eps": 1e-05,
  "rope_parameters": {
    "rope_theta": 500000.0,
    "rope_type": "default"
  },
  "rope_scaling": null,
  "rope_theta": 500000.0,
  "seq_length": 4096,
  "tensor_model_parallel_size": 2,
  "tie_word_embeddings": false,
  "torch_dtype": "float32",
  "use_cache": true,
  "use_fast_layer_norm": false,
  "vocab_size": 128256
}
, layer_idx=26)
[2026-05-12 06:27:26,229] [    INFO] pp_layers.py:899 - 28: DecoderLayerPipe(config=LlamaConfig {
  "architectures": [
    "LlamaForCausalLM"
  ],
  "attention_bias": false,
  "attention_dropout": 0.0,
  "bos_token_id": 128000,
  "enable_auto_parallel": false,
  "eos_token_id": 128001,
  "head_dim": 128,
  "hidden_act": "silu",
  "hidden_size": 4096,
  "initializer_range": 0.009020646889913162,
  "intermediate_size": 14336,
  "is_lora": false,
  "max_position_embeddings": 8192,
  "max_sequence_length": 4096,
  "mlp_bias": false,
  "model_type": "llama",
  "moe_group_origin": "dummy",
  "moe_rank": 0,
  "moe_router_bias_update_rate": 0.0,
  "moe_world_size": 1,
  "num_attention_heads": 32,
  "num_hidden_layers": 32,
  "num_key_value_heads": 8,
  "pad_token_id": 0,
  "paddleformers_version": "1.1.0.post20260512",
  "pipeline_model_parallel_size": 2,
  "pp_seg_method": "layer:DecoderLayer|EmptyLayer",
  "pretraining_tp": 1,
  "recompute_granularity": "full",
  "recompute_method": "uniform",
  "recompute_num_layers": 1,
  "rms_norm_eps": 1e-05,
  "rope_parameters": {
    "rope_theta": 500000.0,
    "rope_type": "default"
  },
  "rope_scaling": null,
  "rope_theta": 500000.0,
  "seq_length": 4096,
  "tensor_model_parallel_size": 2,
  "tie_word_embeddings": false,
  "torch_dtype": "float32",
  "use_cache": true,
  "use_fast_layer_norm": false,
  "vocab_size": 128256
}
, layer_idx=27)
[2026-05-12 06:27:26,231] [    INFO] pp_layers.py:899 - 29: DecoderLayerPipe(config=LlamaConfig {
  "architectures": [
    "LlamaForCausalLM"
  ],
  "attention_bias": false,
  "attention_dropout": 0.0,
  "bos_token_id": 128000,
  "enable_auto_parallel": false,
  "eos_token_id": 128001,
  "head_dim": 128,
  "hidden_act": "silu",
  "hidden_size": 4096,
  "initializer_range": 0.009020646889913162,
  "intermediate_size": 14336,
  "is_lora": false,
  "max_position_embeddings": 8192,
  "max_sequence_length": 4096,
  "mlp_bias": false,
  "model_type": "llama",
  "moe_group_origin": "dummy",
  "moe_rank": 0,
  "moe_router_bias_update_rate": 0.0,
  "moe_world_size": 1,
  "num_attention_heads": 32,
  "num_hidden_layers": 32,
  "num_key_value_heads": 8,
  "pad_token_id": 0,
  "paddleformers_version": "1.1.0.post20260512",
  "pipeline_model_parallel_size": 2,
  "pp_seg_method": "layer:DecoderLayer|EmptyLayer",
  "pretraining_tp": 1,
  "recompute_granularity": "full",
  "recompute_method": "uniform",
  "recompute_num_layers": 1,
  "rms_norm_eps": 1e-05,
  "rope_parameters": {
    "rope_theta": 500000.0,
    "rope_type": "default"
  },
  "rope_scaling": null,
  "rope_theta": 500000.0,
  "seq_length": 4096,
  "tensor_model_parallel_size": 2,
  "tie_word_embeddings": false,
  "torch_dtype": "float32",
  "use_cache": true,
  "use_fast_layer_norm": false,
  "vocab_size": 128256
}
, layer_idx=28)
[2026-05-12 06:27:26,233] [    INFO] pp_layers.py:899 - 30: DecoderLayerPipe(config=LlamaConfig {
  "architectures": [
    "LlamaForCausalLM"
  ],
  "attention_bias": false,
  "attention_dropout": 0.0,
  "bos_token_id": 128000,
  "enable_auto_parallel": false,
  "eos_token_id": 128001,
  "head_dim": 128,
  "hidden_act": "silu",
  "hidden_size": 4096,
  "initializer_range": 0.009020646889913162,
  "intermediate_size": 14336,
  "is_lora": false,
  "max_position_embeddings": 8192,
  "max_sequence_length": 4096,
  "mlp_bias": false,
  "model_type": "llama",
  "moe_group_origin": "dummy",
  "moe_rank": 0,
  "moe_router_bias_update_rate": 0.0,
  "moe_world_size": 1,
  "num_attention_heads": 32,
  "num_hidden_layers": 32,
  "num_key_value_heads": 8,
  "pad_token_id": 0,
  "paddleformers_version": "1.1.0.post20260512",
  "pipeline_model_parallel_size": 2,
  "pp_seg_method": "layer:DecoderLayer|EmptyLayer",
  "pretraining_tp": 1,
  "recompute_granularity": "full",
  "recompute_method": "uniform",
  "recompute_num_layers": 1,
  "rms_norm_eps": 1e-05,
  "rope_parameters": {
    "rope_theta": 500000.0,
    "rope_type": "default"
  },
  "rope_scaling": null,
  "rope_theta": 500000.0,
  "seq_length": 4096,
  "tensor_model_parallel_size": 2,
  "tie_word_embeddings": false,
  "torch_dtype": "float32",
  "use_cache": true,
  "use_fast_layer_norm": false,
  "vocab_size": 128256
}
, layer_idx=29)
[2026-05-12 06:27:26,234] [    INFO] pp_layers.py:899 - 31: DecoderLayerPipe(config=LlamaConfig {
  "architectures": [
    "LlamaForCausalLM"
  ],
  "attention_bias": false,
  "attention_dropout": 0.0,
  "bos_token_id": 128000,
  "enable_auto_parallel": false,
  "eos_token_id": 128001,
  "head_dim": 128,
  "hidden_act": "silu",
  "hidden_size": 4096,
  "initializer_range": 0.009020646889913162,
  "intermediate_size": 14336,
  "is_lora": false,
  "max_position_embeddings": 8192,
  "max_sequence_length": 4096,
  "mlp_bias": false,
  "model_type": "llama",
  "moe_group_origin": "dummy",
  "moe_rank": 0,
  "moe_router_bias_update_rate": 0.0,
  "moe_world_size": 1,
  "num_attention_heads": 32,
  "num_hidden_layers": 32,
  "num_key_value_heads": 8,
  "pad_token_id": 0,
  "paddleformers_version": "1.1.0.post20260512",
  "pipeline_model_parallel_size": 2,
  "pp_seg_method": "layer:DecoderLayer|EmptyLayer",
  "pretraining_tp": 1,
  "recompute_granularity": "full",
  "recompute_method": "uniform",
  "recompute_num_layers": 1,
  "rms_norm_eps": 1e-05,
  "rope_parameters": {
    "rope_theta": 500000.0,
    "rope_type": "default"
  },
  "rope_scaling": null,
  "rope_theta": 500000.0,
  "seq_length": 4096,
  "tensor_model_parallel_size": 2,
  "tie_word_embeddings": false,
  "torch_dtype": "float32",
  "use_cache": true,
  "use_fast_layer_norm": false,
  "vocab_size": 128256
}
, layer_idx=30)
[2026-05-12 06:27:26,236] [    INFO] pp_layers.py:899 - 32: DecoderLayerPipe(config=LlamaConfig {
  "architectures": [
    "LlamaForCausalLM"
  ],
  "attention_bias": false,
  "attention_dropout": 0.0,
  "bos_token_id": 128000,
  "enable_auto_parallel": false,
  "eos_token_id": 128001,
  "head_dim": 128,
  "hidden_act": "silu",
  "hidden_size": 4096,
  "initializer_range": 0.009020646889913162,
  "intermediate_size": 14336,
  "is_lora": false,
  "max_position_embeddings": 8192,
  "max_sequence_length": 4096,
  "mlp_bias": false,
  "model_type": "llama",
  "moe_group_origin": "dummy",
  "moe_rank": 0,
  "moe_router_bias_update_rate": 0.0,
  "moe_world_size": 1,
  "num_attention_heads": 32,
  "num_hidden_layers": 32,
  "num_key_value_heads": 8,
  "pad_token_id": 0,
  "paddleformers_version": "1.1.0.post20260512",
  "pipeline_model_parallel_size": 2,
  "pp_seg_method": "layer:DecoderLayer|EmptyLayer",
  "pretraining_tp": 1,
  "recompute_granularity": "full",
  "recompute_method": "uniform",
  "recompute_num_layers": 1,
  "rms_norm_eps": 1e-05,
  "rope_parameters": {
    "rope_theta": 500000.0,
    "rope_type": "default"
  },
  "rope_scaling": null,
  "rope_theta": 500000.0,
  "seq_length": 4096,
  "tensor_model_parallel_size": 2,
  "tie_word_embeddings": false,
  "torch_dtype": "float32",
  "use_cache": true,
  "use_fast_layer_norm": false,
  "vocab_size": 128256
}
, layer_idx=31)
[2026-05-12 06:27:26,238] [    INFO] pp_layers.py:899 - 33: RMSNormPipe(config=LlamaConfig {
  "architectures": [
    "LlamaForCausalLM"
  ],
  "attention_bias": false,
  "attention_dropout": 0.0,
  "bos_token_id": 128000,
  "enable_auto_parallel": false,
  "eos_token_id": 128001,
  "head_dim": 128,
  "hidden_act": "silu",
  "hidden_size": 4096,
  "initializer_range": 0.009020646889913162,
  "intermediate_size": 14336,
  "is_lora": false,
  "max_position_embeddings": 8192,
  "max_sequence_length": 4096,
  "mlp_bias": false,
  "model_type": "llama",
  "moe_group_origin": "dummy",
  "moe_rank": 0,
  "moe_router_bias_update_rate": 0.0,
  "moe_world_size": 1,
  "num_attention_heads": 32,
  "num_hidden_layers": 32,
  "num_key_value_heads": 8,
  "pad_token_id": 0,
  "paddleformers_version": "1.1.0.post20260512",
  "pipeline_model_parallel_size": 2,
  "pp_seg_method": "layer:DecoderLayer|EmptyLayer",
  "pretraining_tp": 1,
  "recompute_granularity": "full",
  "recompute_method": "uniform",
  "recompute_num_layers": 1,
  "rms_norm_eps": 1e-05,
  "rope_parameters": {
    "rope_theta": 500000.0,
    "rope_type": "default"
  },
  "rope_scaling": null,
  "rope_theta": 500000.0,
  "seq_length": 4096,
  "tensor_model_parallel_size": 2,
  "tie_word_embeddings": false,
  "torch_dtype": "float32",
  "use_cache": true,
  "use_fast_layer_norm": false,
  "vocab_size": 128256
}
)
[2026-05-12 06:27:26,240] [    INFO] pp_layers.py:899 - 34: LMHeadPipe(config=LlamaConfig {
  "architectures": [
    "LlamaForCausalLM"
  ],
  "attention_bias": false,
  "attention_dropout": 0.0,
  "bos_token_id": 128000,
  "enable_auto_parallel": false,
  "eos_token_id": 128001,
  "head_dim": 128,
  "hidden_act": "silu",
  "hidden_size": 4096,
  "initializer_range": 0.009020646889913162,
  "intermediate_size": 14336,
  "is_lora": false,
  "max_position_embeddings": 8192,
  "max_sequence_length": 4096,
  "mlp_bias": false,
  "model_type": "llama",
  "moe_group_origin": "dummy",
  "moe_rank": 0,
  "moe_router_bias_update_rate": 0.0,
  "moe_world_size": 1,
  "num_attention_heads": 32,
  "num_hidden_layers": 32,
  "num_key_value_heads": 8,
  "pad_token_id": 0,
  "paddleformers_version": "1.1.0.post20260512",
  "pipeline_model_parallel_size": 2,
  "pp_seg_method": "layer:DecoderLayer|EmptyLayer",
  "pretraining_tp": 1,
  "recompute_granularity": "full",
  "recompute_method": "uniform",
  "recompute_num_layers": 1,
  "rms_norm_eps": 1e-05,
  "rope_parameters": {
    "rope_theta": 500000.0,
    "rope_type": "default"
  },
  "rope_scaling": null,
  "rope_theta": 500000.0,
  "seq_length": 4096,
  "tensor_model_parallel_size": 2,
  "tie_word_embeddings": false,
  "torch_dtype": "float32",
  "use_cache": true,
  "use_fast_layer_norm": false,
  "vocab_size": 128256
}
)
[2026-05-12 06:27:26,240] [    INFO] pp_layers.py:921 - loss: CriterionLayerPipe
[2026-05-12 06:27:26,335] [    INFO] pp_layers.py:978 - flush 17 of layers into run_function
/workspace/Paddle/build/python/paddle/distributed/fleet/meta_parallel/parallel_layers/pp_layers.py:674: UserWarning: No shared comm will be constructed, this may happen when all shared attrs are on a same stage.
  warnings.warn(
[32m[2026-05-12 06:27:26,338] [    INFO][0m - Using download source: huggingface[0m
[32m[2026-05-12 06:27:27,588] [    INFO][0m - Loading configuration file ./models/Llama-3-8b/config.json[0m
[32m[2026-05-12 06:27:27,590] [    INFO][0m - Using download source: huggingface[0m
[33m[2026-05-12 06:27:28,821] [ WARNING][0m - `template` was not specified, use `empty` template.[0m
[33m[2026-05-12 06:27:28,824] [ WARNING][0m - suffix is not specified, using eos token as suffix.[0m
 > building dataset index ...
    reading sizes...
    reading pointers...
    reading document index...
    creating numpy buffer of mmap...
    creating memory view of numpy buffer...
 > finished creating indexed dataset in 0.000483 seconds
    number of documents: 100000
 > dataset split:
    train:
     document indices in [0, 99000) total of 99000 documents
    validation:
     document indices in [99000, 100000) total of 1000 documents
    test:
     document indices in [100000, 100000) total of 0 documents
W0512 06:27:28.827629 31278 nccl_comm_context.cc:70] ncclCommInitRankConfigMemOpt is not supported.
searching for causal dataset, build_indices=False, share_folder False, check_rank_flag False
build success
 > loading doc-idx mapping from ./data/pt/index-cache/00a74943708040165f8e0a4dfe65118f_doc_idx.npy
 > loading sample-idx mapping from ./data/pt/index-cache/00a74943708040165f8e0a4dfe65118f_sample_idx.npy
 > loading shuffle-idx mapping from ./data/pt/index-cache/00a74943708040165f8e0a4dfe65118f_shuffle_idx.npy
    loaded indexed file in 0.234 seconds
    total number of samples: 29863
    total number of epochs: 1
searching for causal dataset, build_indices=False, share_folder False, check_rank_flag False
build success
 > loading doc-idx mapping from ./data/pt/index-cache/f4d62d1780d11fcba403c74e115b8ab0_doc_idx.npy
 > loading sample-idx mapping from ./data/pt/index-cache/f4d62d1780d11fcba403c74e115b8ab0_sample_idx.npy
 > loading shuffle-idx mapping from ./data/pt/index-cache/f4d62d1780d11fcba403c74e115b8ab0_shuffle_idx.npy
    loaded indexed file in 0.001 seconds
    total number of samples: 257
    total number of epochs: 1
building indices for the blendable dataset, Since --data_cache is not specified, the index file will not be stored.
> building indices for blendable datasets ...
 > sample ratios:
   dataset 0, input: 1, achieved: 1
> elapsed time for building blendable dataset indices: 0.00 (sec)
> size of blendable dataset: 1200 samples
building indices for the blendable dataset, Since --data_cache is not specified, the index file will not be stored.
> building indices for blendable datasets ...
 > sample ratios:
   dataset 0, input: 1, achieved: 1
> elapsed time for building blendable dataset indices: 0.00 (sec)
> size of blendable dataset: 20 samples
[32m[2026-05-12 06:27:29,884] [    INFO][0m - Setting max_seq_len to None using PaddleFormers Model.[0m
callbacks: [<paddleformers.trainer.trainer_callback.FP8QuantWeightCallback object at 0x7f211078e890>]
[35m[2026-05-12 06:27:29,884] [   DEBUG][0m - 0: main local process completed work, releasing all replicas[0m
[32m[2026-05-12 06:27:29,885] [    INFO][0m - The global seed is set to 23, local seed is set to 27 and random seed is set to 23.[0m
[32m[2026-05-12 06:27:29,936] [    INFO][0m - max_steps is given, it will override any value given in num_train_epochs[0m
[32m[2026-05-12 06:27:29,937] [    INFO][0m - Using half precision[0m
/workspace/PaddleFormers/paddleformers/trainer/trainer.py:641: VisibleDeprecationWarning: [93m
Warning:
API "paddle.distributed.fleet.utils.mix_precision_utils.MixPrecisionScaler" is deprecated since 2.5.0, and will be removed in future versions. Please use "paddle.distributed_scaler" instead. [0m
  mix_precision_utils.MixPrecisionScaler(self.scaler)  # return value has no use
[35m[2026-05-12 06:27:29,940] [   DEBUG][0m - ============================================================[0m
[35m[2026-05-12 06:27:29,940] [   DEBUG][0m -     Training Configuration Arguments    [0m
[35m[2026-05-12 06:27:29,940] [   DEBUG][0m - paddle commit id              : 328272eb92b8b82b6b05e1bd6b4de36793bef9e6[0m
[35m[2026-05-12 06:27:29,940] [   DEBUG][0m - paddleformers commit id       : 733171e1d61277b1b9d12869ff882b8422f3b939.dirty[0m
[35m[2026-05-12 06:27:29,941] [   DEBUG][0m - _no_sync_in_gradient_accumulation: True[0m
[35m[2026-05-12 06:27:29,941] [   DEBUG][0m - adam_beta1                    : 0.9[0m
[35m[2026-05-12 06:27:29,941] [   DEBUG][0m - adam_beta2                    : 0.999[0m
[35m[2026-05-12 06:27:29,941] [   DEBUG][0m - adam_epsilon                  : 1e-08[0m
[35m[2026-05-12 06:27:29,941] [   DEBUG][0m - amp_custom_black_list         : ['reduce_sum', 'softmax_with_cross_entropy', 'c_softmax_with_cross_entropy', 'elementwise_div', 'sin', 'cos'][0m
[35m[2026-05-12 06:27:29,941] [   DEBUG][0m - amp_custom_white_list         : ['lookup_table', 'lookup_table_v2', 'flash_attn', 'matmul', 'matmul_v2', 'fused_gemm_epilogue'][0m
[35m[2026-05-12 06:27:29,941] [   DEBUG][0m - amp_master_grad               : True[0m
[35m[2026-05-12 06:27:29,941] [   DEBUG][0m - aoa_config                    : None[0m
[35m[2026-05-12 06:27:29,941] [   DEBUG][0m - apply_rope_fusion             : False[0m
[35m[2026-05-12 06:27:29,941] [   DEBUG][0m - attention_probs_dropout_prob  : 0.0[0m
[35m[2026-05-12 06:27:29,941] [   DEBUG][0m - auto_parallel_resume_form_hybrid_parallel: False[0m
[35m[2026-05-12 06:27:29,941] [   DEBUG][0m - auto_parallel_sync_shared_params: False[0m
[35m[2026-05-12 06:27:29,941] [   DEBUG][0m - autotuner_benchmark           : False[0m
[35m[2026-05-12 06:27:29,941] [   DEBUG][0m - balanced_image_preprocess     : False[0m
[35m[2026-05-12 06:27:29,941] [   DEBUG][0m - batch_p2p_comm                : True[0m
[35m[2026-05-12 06:27:29,942] [   DEBUG][0m - benchmark                     : False[0m
[35m[2026-05-12 06:27:29,942] [   DEBUG][0m - best_unbalanced_scheduler     : False[0m
[35m[2026-05-12 06:27:29,942] [   DEBUG][0m - beta                          : 0.1[0m
[35m[2026-05-12 06:27:29,942] [   DEBUG][0m - bf16                          : True[0m
[35m[2026-05-12 06:27:29,942] [   DEBUG][0m - bf16_full_eval                : False[0m
[35m[2026-05-12 06:27:29,942] [   DEBUG][0m - ckpt_quant_stage              : O0[0m
[35m[2026-05-12 06:27:29,942] [   DEBUG][0m - clear_every_step_cache        : False[0m
[35m[2026-05-12 06:27:29,942] [   DEBUG][0m - compute_type                  : bf16[0m
[35m[2026-05-12 06:27:29,942] [   DEBUG][0m - context_parallel_rank         : 0[0m
[35m[2026-05-12 06:27:29,942] [   DEBUG][0m - context_parallel_size         : 1[0m
[35m[2026-05-12 06:27:29,942] [   DEBUG][0m - convert_from_hf               : True[0m
[35m[2026-05-12 06:27:29,942] [   DEBUG][0m - copy_custom_file_list         : [0m
[35m[2026-05-12 06:27:29,942] [   DEBUG][0m - count_trained_tokens          : False[0m
[35m[2026-05-12 06:27:29,942] [   DEBUG][0m - cp_comm_type                  : None[0m
[35m[2026-05-12 06:27:29,942] [   DEBUG][0m - cp_sharding_degree            : 1[0m
[35m[2026-05-12 06:27:29,942] [   DEBUG][0m - cp_sharding_rank              : 0[0m
[35m[2026-05-12 06:27:29,942] [   DEBUG][0m - current_device                : gpu:0[0m
[35m[2026-05-12 06:27:29,943] [   DEBUG][0m - data_parallel_config          : [0m
[35m[2026-05-12 06:27:29,943] [   DEBUG][0m - data_parallel_rank            : 0[0m
[35m[2026-05-12 06:27:29,943] [   DEBUG][0m - data_parallel_size            : 1[0m
[35m[2026-05-12 06:27:29,943] [   DEBUG][0m - dataloader_drop_last          : False[0m
[35m[2026-05-12 06:27:29,943] [   DEBUG][0m - dataloader_num_workers        : 0[0m
[35m[2026-05-12 06:27:29,943] [   DEBUG][0m - dataloader_shuffle            : True[0m
[35m[2026-05-12 06:27:29,943] [   DEBUG][0m - dataset_batch_size            : 1000[0m
[35m[2026-05-12 06:27:29,943] [   DEBUG][0m - dataset_kwargs                : {}[0m
[35m[2026-05-12 06:27:29,943] [   DEBUG][0m - dataset_num_proc              : None[0m
[35m[2026-05-12 06:27:29,943] [   DEBUG][0m - dataset_rank                  : 0[0m
[35m[2026-05-12 06:27:29,943] [   DEBUG][0m - dataset_text_field            : text[0m
[35m[2026-05-12 06:27:29,943] [   DEBUG][0m - dataset_world_size            : 1[0m
[35m[2026-05-12 06:27:29,943] [   DEBUG][0m - ddp_find_unused_parameters    : None[0m
[35m[2026-05-12 06:27:29,943] [   DEBUG][0m - decay_function                : half_life[0m
[35m[2026-05-12 06:27:29,943] [   DEBUG][0m - decay_steps                   : 300[0m
[35m[2026-05-12 06:27:29,943] [   DEBUG][0m - deterministic_mode            : False[0m
[35m[2026-05-12 06:27:29,943] [   DEBUG][0m - device                        : gpu[0m
[35m[2026-05-12 06:27:29,943] [   DEBUG][0m - disable_tqdm                  : False[0m
[35m[2026-05-12 06:27:29,943] [   DEBUG][0m - distributed_dataloader        : False[0m
[35m[2026-05-12 06:27:29,944] [   DEBUG][0m - do_eval                       : True[0m
[35m[2026-05-12 06:27:29,944] [   DEBUG][0m - do_export                     : False[0m
[35m[2026-05-12 06:27:29,944] [   DEBUG][0m - do_predict                    : False[0m
[35m[2026-05-12 06:27:29,944] [   DEBUG][0m - do_train                      : True[0m
[35m[2026-05-12 06:27:29,944] [   DEBUG][0m - download_hub                  : None[0m
[35m[2026-05-12 06:27:29,944] [   DEBUG][0m - dp_allreduce_avg_in_gradinent_scale: False[0m
[35m[2026-05-12 06:27:29,944] [   DEBUG][0m - dp_comm_overlap               : False[0m
[35m[2026-05-12 06:27:29,944] [   DEBUG][0m - dpop_lambda                   : 50[0m
[35m[2026-05-12 06:27:29,944] [   DEBUG][0m - embedding_init_method         : None[0m
[35m[2026-05-12 06:27:29,944] [   DEBUG][0m - embedding_init_method_std     : 0.02[0m
[35m[2026-05-12 06:27:29,944] [   DEBUG][0m - enable_auto_parallel          : False[0m
[35m[2026-05-12 06:27:29,944] [   DEBUG][0m - enable_linear_fused_grad_add  : False[0m
[35m[2026-05-12 06:27:29,944] [   DEBUG][0m - enable_mtp_magic_send         : False[0m
[35m[2026-05-12 06:27:29,944] [   DEBUG][0m - enable_sharding_comm_overlap  : False[0m
[35m[2026-05-12 06:27:29,944] [   DEBUG][0m - enable_zero_cost_checkpoint   : False[0m
[35m[2026-05-12 06:27:29,944] [   DEBUG][0m - estimation_output_file        : estimation_output.json[0m
[35m[2026-05-12 06:27:29,944] [   DEBUG][0m - eval_accumulation_steps       : None[0m
[35m[2026-05-12 06:27:29,944] [   DEBUG][0m - eval_batch_size               : 1[0m
[35m[2026-05-12 06:27:29,945] [   DEBUG][0m - eval_iters                    : 10[0m
[35m[2026-05-12 06:27:29,945] [   DEBUG][0m - eval_steps                    : 300[0m
[35m[2026-05-12 06:27:29,945] [   DEBUG][0m - evaluation_strategy           : IntervalStrategy.STEPS[0m
[35m[2026-05-12 06:27:29,945] [   DEBUG][0m - expert_model_parallel_size    : 1[0m
[35m[2026-05-12 06:27:29,945] [   DEBUG][0m - expert_parallel_rank          : 0[0m
[35m[2026-05-12 06:27:29,945] [   DEBUG][0m - expert_tensor_model_parallel_size: 1[0m
[35m[2026-05-12 06:27:29,945] [   DEBUG][0m - fa_version                    : 2[0m
[35m[2026-05-12 06:27:29,945] [   DEBUG][0m - factor                        : 20[0m
[35m[2026-05-12 06:27:29,945] [   DEBUG][0m - flash_device_save_steps       : 0[0m
[35m[2026-05-12 06:27:29,945] [   DEBUG][0m - flatten_param_grads           : False[0m
[35m[2026-05-12 06:27:29,945] [   DEBUG][0m - force_reshard_pp              : False[0m
[35m[2026-05-12 06:27:29,945] [   DEBUG][0m - forward_backward_overlap_scheduler: False[0m
[35m[2026-05-12 06:27:29,945] [   DEBUG][0m - fp16                          : False[0m
[35m[2026-05-12 06:27:29,945] [   DEBUG][0m - fp16_full_eval                : False[0m
[35m[2026-05-12 06:27:29,945] [   DEBUG][0m - fp16_opt_level                : O1[0m
[35m[2026-05-12 06:27:29,945] [   DEBUG][0m - fp32_residual_connection      : True[0m
[35m[2026-05-12 06:27:29,945] [   DEBUG][0m - fp8                           : None[0m
[35m[2026-05-12 06:27:29,945] [   DEBUG][0m - fp8_wgrad                     : True[0m
[35m[2026-05-12 06:27:29,945] [   DEBUG][0m - freeze_config                 : [0m
[35m[2026-05-12 06:27:29,946] [   DEBUG][0m - fuse_optimizer_states         : False[0m
[35m[2026-05-12 06:27:29,946] [   DEBUG][0m - fuse_sequence_parallel_allreduce: False[0m
[35m[2026-05-12 06:27:29,946] [   DEBUG][0m - fuse_swiglu                   : False[0m
[35m[2026-05-12 06:27:29,946] [   DEBUG][0m - gated_linear_unit             : True[0m
[35m[2026-05-12 06:27:29,946] [   DEBUG][0m - gc_interval                   : 0[0m
[35m[2026-05-12 06:27:29,946] [   DEBUG][0m - global_batch_size             : 4[0m
[35m[2026-05-12 06:27:29,946] [   DEBUG][0m - global_logging_interval       : 1[0m
[35m[2026-05-12 06:27:29,946] [   DEBUG][0m - gradient_accumulation_steps   : 4[0m
[35m[2026-05-12 06:27:29,946] [   DEBUG][0m - gradient_sync_after_accumulate: False[0m
[35m[2026-05-12 06:27:29,946] [   DEBUG][0m - greater_is_better             : None[0m
[35m[2026-05-12 06:27:29,946] [   DEBUG][0m - hidden_dropout_prob           : 0.0[0m
[35m[2026-05-12 06:27:29,946] [   DEBUG][0m - hidden_size                   : None[0m
[35m[2026-05-12 06:27:29,946] [   DEBUG][0m - hybrid_parallel_expert_grad_scale: 2.0[0m
[35m[2026-05-12 06:27:29,946] [   DEBUG][0m - hybrid_parallel_topo_order    : sharding_first[0m
[35m[2026-05-12 06:27:29,946] [   DEBUG][0m - ignore_data_skip              : False[0m
[35m[2026-05-12 06:27:29,946] [   DEBUG][0m - ignore_eos_token              : False[0m
[35m[2026-05-12 06:27:29,946] [   DEBUG][0m - ignore_load_lr_and_optim      : False[0m
[35m[2026-05-12 06:27:29,946] [   DEBUG][0m - ignore_save_lr_and_optim      : False[0m
[35m[2026-05-12 06:27:29,946] [   DEBUG][0m - init_method                   : None[0m
[35m[2026-05-12 06:27:29,947] [   DEBUG][0m - intermediate_size             : None[0m
[35m[2026-05-12 06:27:29,947] [   DEBUG][0m - label_names                   : None[0m
[35m[2026-05-12 06:27:29,947] [   DEBUG][0m - label_smoothing               : 0.0[0m
[35m[2026-05-12 06:27:29,947] [   DEBUG][0m - lazy_data_processing          : True[0m
[35m[2026-05-12 06:27:29,947] [   DEBUG][0m - learning_rate                 : 0.0001[0m
[35m[2026-05-12 06:27:29,947] [   DEBUG][0m - load_best_model_at_end        : False[0m
[35m[2026-05-12 06:27:29,947] [   DEBUG][0m - load_checkpoint_format        : flex_checkpoint[0m
[35m[2026-05-12 06:27:29,947] [   DEBUG][0m - load_from_hf                  : False[0m
[35m[2026-05-12 06:27:29,947] [   DEBUG][0m - load_sharded_model            : False[0m
[35m[2026-05-12 06:27:29,947] [   DEBUG][0m - load_sharded_model_remap_parameter_name: False[0m
[35m[2026-05-12 06:27:29,947] [   DEBUG][0m - load_via_cpu                  : True[0m
[35m[2026-05-12 06:27:29,947] [   DEBUG][0m - local_process_index           : 0[0m
[35m[2026-05-12 06:27:29,947] [   DEBUG][0m - local_rank                    : 0[0m
[35m[2026-05-12 06:27:29,947] [   DEBUG][0m - log_global_grad_norm          : False[0m
[35m[2026-05-12 06:27:29,947] [   DEBUG][0m - log_level                     : -1[0m
[35m[2026-05-12 06:27:29,947] [   DEBUG][0m - log_level_replica             : -1[0m
[35m[2026-05-12 06:27:29,947] [   DEBUG][0m - log_on_each_node              : True[0m
[35m[2026-05-12 06:27:29,947] [   DEBUG][0m - logging_dir                   : ./logs/pt/llama3-8b[0m
[35m[2026-05-12 06:27:29,947] [   DEBUG][0m - logging_first_step            : False[0m
[35m[2026-05-12 06:27:29,948] [   DEBUG][0m - logging_steps                 : 1[0m
[35m[2026-05-12 06:27:29,948] [   DEBUG][0m - logging_strategy              : IntervalStrategy.STEPS[0m
[35m[2026-05-12 06:27:29,948] [   DEBUG][0m - logical_process_index         : 0[0m
[35m[2026-05-12 06:27:29,948] [   DEBUG][0m - loss_subbatch_sequence_length : -1[0m
[35m[2026-05-12 06:27:29,948] [   DEBUG][0m - loss_type                     : sigmoid[0m
[35m[2026-05-12 06:27:29,948] [   DEBUG][0m - lr_end                        : 1e-07[0m
[35m[2026-05-12 06:27:29,948] [   DEBUG][0m - lr_scheduler                  : cosine[0m
[35m[2026-05-12 06:27:29,948] [   DEBUG][0m - lr_scheduler_type             : SchedulerType.LINEAR[0m
[35m[2026-05-12 06:27:29,948] [   DEBUG][0m - max_estimate_samples          : 100000.0[0m
[35m[2026-05-12 06:27:29,948] [   DEBUG][0m - max_evaluate_steps            : -1[0m
[35m[2026-05-12 06:27:29,948] [   DEBUG][0m - max_grad_norm                 : 1.0[0m
[35m[2026-05-12 06:27:29,948] [   DEBUG][0m - max_gradient_accumulation_steps: 4[0m
[35m[2026-05-12 06:27:29,948] [   DEBUG][0m - max_seq_len                   : 4096[0m
[35m[2026-05-12 06:27:29,948] [   DEBUG][0m - max_steps                     : 300[0m
[35m[2026-05-12 06:27:29,948] [   DEBUG][0m - merge_with_qdq_base_model     : False[0m
[35m[2026-05-12 06:27:29,948] [   DEBUG][0m - metric_for_best_model         : None[0m
[35m[2026-05-12 06:27:29,948] [   DEBUG][0m - metrics_output_path           : None[0m
[35m[2026-05-12 06:27:29,948] [   DEBUG][0m - min_lr                        : 0.0[0m
[35m[2026-05-12 06:27:29,948] [   DEBUG][0m - minimum_eval_times            : None[0m
[35m[2026-05-12 06:27:29,949] [   DEBUG][0m - model_name_or_path            : ./models/Llama-3-8b[0m
[35m[2026-05-12 06:27:29,949] [   DEBUG][0m - moe_deep_gemm                 : False[0m
[35m[2026-05-12 06:27:29,949] [   DEBUG][0m - moe_deepep_num_sms            : None[0m
[35m[2026-05-12 06:27:29,949] [   DEBUG][0m - moe_dequant_input             : False[0m
[35m[2026-05-12 06:27:29,949] [   DEBUG][0m - moe_dropout_prob              : 0.0[0m
[35m[2026-05-12 06:27:29,949] [   DEBUG][0m - moe_ep_barrier                : True[0m
[35m[2026-05-12 06:27:29,949] [   DEBUG][0m - moe_expert_capacity_factor    : 0.0[0m
[35m[2026-05-12 06:27:29,949] [   DEBUG][0m - moe_expert_fusion             : True[0m
[35m[2026-05-12 06:27:29,949] [   DEBUG][0m - moe_gate_lr_ratio             : None[0m
[35m[2026-05-12 06:27:29,949] [   DEBUG][0m - moe_grouped_gemm              : False[0m
[35m[2026-05-12 06:27:29,949] [   DEBUG][0m - moe_pad_expert_input_to_capacity: False[0m
[35m[2026-05-12 06:27:29,949] [   DEBUG][0m - moe_router_bias_update_rate   : 0.0[0m
[35m[2026-05-12 06:27:29,949] [   DEBUG][0m - moe_router_force_load_balancing: False[0m
[35m[2026-05-12 06:27:29,949] [   DEBUG][0m - moe_router_fusion             : True[0m
[35m[2026-05-12 06:27:29,949] [   DEBUG][0m - moe_router_load_balancing_type: seq_aux_loss[0m
[35m[2026-05-12 06:27:29,949] [   DEBUG][0m - moe_sharding_parallel_rank    : 0[0m
[35m[2026-05-12 06:27:29,949] [   DEBUG][0m - moe_sharding_parallel_size    : 1[0m
[35m[2026-05-12 06:27:29,949] [   DEBUG][0m - moe_shared_expert_overlap     : True[0m
[35m[2026-05-12 06:27:29,950] [   DEBUG][0m - moe_subbatch_token_num_after_dispatch: None[0m
[35m[2026-05-12 06:27:29,950] [   DEBUG][0m - moe_subbatch_token_num_before_dispatch: 0[0m
[35m[2026-05-12 06:27:29,950] [   DEBUG][0m - moe_token_dispatcher_type     : deepep[0m
[35m[2026-05-12 06:27:29,950] [   DEBUG][0m - moe_token_drop_policy         : probs[0m
[35m[2026-05-12 06:27:29,950] [   DEBUG][0m - moe_use_fusion_node           : True[0m
[35m[2026-05-12 06:27:29,950] [   DEBUG][0m - moe_with_send_router_loss     : True[0m
[35m[2026-05-12 06:27:29,950] [   DEBUG][0m - mp_async_allreduce            : False[0m
[35m[2026-05-12 06:27:29,950] [   DEBUG][0m - mp_fused_linear_param_grad_add: False[0m
[35m[2026-05-12 06:27:29,950] [   DEBUG][0m - mp_skip_c_identity            : False[0m
[35m[2026-05-12 06:27:29,950] [   DEBUG][0m - mtp_distillation_loss         : False[0m
[35m[2026-05-12 06:27:29,950] [   DEBUG][0m - mtp_num_layers                : 0[0m
[35m[2026-05-12 06:27:29,950] [   DEBUG][0m - multi_latent_attention        : False[0m
[35m[2026-05-12 06:27:29,950] [   DEBUG][0m - n_routed_experts              : None[0m
[35m[2026-05-12 06:27:29,950] [   DEBUG][0m - nccl_comm_group_config        : None[0m
[35m[2026-05-12 06:27:29,950] [   DEBUG][0m - need_data                     : True[0m
[35m[2026-05-12 06:27:29,950] [   DEBUG][0m - no_cuda                       : False[0m
[35m[2026-05-12 06:27:29,950] [   DEBUG][0m - no_recompute_layers           : None[0m
[35m[2026-05-12 06:27:29,950] [   DEBUG][0m - no_rope_freq                  : False[0m
[35m[2026-05-12 06:27:29,951] [   DEBUG][0m - non_batch_p2p_comm            : False[0m
[35m[2026-05-12 06:27:29,951] [   DEBUG][0m - normalization                 : RMSNorm[0m
[35m[2026-05-12 06:27:29,951] [   DEBUG][0m - normalize_logps               : False[0m
[35m[2026-05-12 06:27:29,951] [   DEBUG][0m - num_attention_heads           : None[0m
[35m[2026-05-12 06:27:29,951] [   DEBUG][0m - num_consecutive               : 1[0m
[35m[2026-05-12 06:27:29,951] [   DEBUG][0m - num_cycles                    : 0.5[0m
[35m[2026-05-12 06:27:29,951] [   DEBUG][0m - num_empty_layers_add_in_head  : 0[0m
[35m[2026-05-12 06:27:29,951] [   DEBUG][0m - num_empty_layers_add_in_tail  : 0[0m
[35m[2026-05-12 06:27:29,951] [   DEBUG][0m - num_experts_per_tok           : None[0m
[35m[2026-05-12 06:27:29,951] [   DEBUG][0m - num_hidden_layers             : None[0m
[35m[2026-05-12 06:27:29,951] [   DEBUG][0m - num_key_value_heads           : None[0m
[35m[2026-05-12 06:27:29,951] [   DEBUG][0m - num_nextn_predict_layers      : 0[0m
[35m[2026-05-12 06:27:29,951] [   DEBUG][0m - num_of_gpus                   : -1[0m
[35m[2026-05-12 06:27:29,951] [   DEBUG][0m - num_train_epochs              : 1.0[0m
[35m[2026-05-12 06:27:29,951] [   DEBUG][0m - offload_fp8_expert_master_weight: True[0m
[35m[2026-05-12 06:27:29,951] [   DEBUG][0m - offload_queue                 : False[0m
[35m[2026-05-12 06:27:29,951] [   DEBUG][0m - offset_alpha                  : 0.0[0m
[35m[2026-05-12 06:27:29,952] [   DEBUG][0m - optim                         : OptimizerNames.ADAMW[0m
[35m[2026-05-12 06:27:29,952] [   DEBUG][0m - optim_shard_num               : 1[0m
[35m[2026-05-12 06:27:29,952] [   DEBUG][0m - optimizer_name_suffix         : tp00_pp00[0m
[35m[2026-05-12 06:27:29,952] [   DEBUG][0m - ordered_save_group_size       : 0[0m
[35m[2026-05-12 06:27:29,952] [   DEBUG][0m - output_dir                    : ./checkpoints/pt/llama3-8b[0m
[35m[2026-05-12 06:27:29,952] [   DEBUG][0m - output_layer_init_method      : None[0m
[35m[2026-05-12 06:27:29,952] [   DEBUG][0m - output_signal_dir             : ./checkpoints/pt/llama3-8b[0m
[35m[2026-05-12 06:27:29,952] [   DEBUG][0m - overlap                       : False[0m
[35m[2026-05-12 06:27:29,952] [   DEBUG][0m - overlap_p2p_comm              : False[0m
[35m[2026-05-12 06:27:29,952] [   DEBUG][0m - overwrite_output_dir          : True[0m
[35m[2026-05-12 06:27:29,952] [   DEBUG][0m - p2p_cache_shape               : True[0m
[35m[2026-05-12 06:27:29,952] [   DEBUG][0m - pad_token_id                  : 0[0m
[35m[2026-05-12 06:27:29,952] [   DEBUG][0m - partial_send_recv             : True[0m
[35m[2026-05-12 06:27:29,952] [   DEBUG][0m - past_index                    : -1[0m
[35m[2026-05-12 06:27:29,952] [   DEBUG][0m - pdc_download_ckpt             : False[0m
[35m[2026-05-12 06:27:29,952] [   DEBUG][0m - pdc_download_timeout          : 300[0m
[35m[2026-05-12 06:27:29,952] [   DEBUG][0m - per_device_eval_batch_size    : 1[0m
[35m[2026-05-12 06:27:29,953] [   DEBUG][0m - per_device_train_batch_size   : 1[0m
[35m[2026-05-12 06:27:29,953] [   DEBUG][0m - pipeline_model_parallel_size  : 2[0m
[35m[2026-05-12 06:27:29,953] [   DEBUG][0m - pipeline_parallel_config      : [0m
[35m[2026-05-12 06:27:29,953] [   DEBUG][0m - pipeline_parallel_rank        : 0[0m
[35m[2026-05-12 06:27:29,953] [   DEBUG][0m - position_embedding_type       : rope[0m
[35m[2026-05-12 06:27:29,953] [   DEBUG][0m - power                         : 1.0[0m
[35m[2026-05-12 06:27:29,953] [   DEBUG][0m - pp_delay_scale_loss           : True[0m
[35m[2026-05-12 06:27:29,953] [   DEBUG][0m - pp_need_data                  : False[0m
[35m[2026-05-12 06:27:29,953] [   DEBUG][0m - pp_need_data_degree           : 0[0m
[35m[2026-05-12 06:27:29,953] [   DEBUG][0m - pp_release_grads              : False[0m
[35m[2026-05-12 06:27:29,953] [   DEBUG][0m - pp_sharding_comm_overlap      : False[0m
[35m[2026-05-12 06:27:29,953] [   DEBUG][0m - pp_sync_moment                : False[0m
[35m[2026-05-12 06:27:29,953] [   DEBUG][0m - pp_sync_param                 : False[0m
[35m[2026-05-12 06:27:29,953] [   DEBUG][0m - pre_alloc_memory              : 0[0m
[35m[2026-05-12 06:27:29,953] [   DEBUG][0m - prediction_loss_only          : False[0m
[35m[2026-05-12 06:27:29,953] [   DEBUG][0m - pref_loss_ratio               : 1.0[0m
[35m[2026-05-12 06:27:29,953] [   DEBUG][0m - prefetch_factor               : 2[0m
[35m[2026-05-12 06:27:29,953] [   DEBUG][0m - process_index                 : 0[0m
[35m[2026-05-12 06:27:29,953] [   DEBUG][0m - profile                       : False[0m
[35m[2026-05-12 06:27:29,954] [   DEBUG][0m - profile_step_end              : 12[0m
[35m[2026-05-12 06:27:29,954] [   DEBUG][0m - profile_step_start            : 10[0m
[35m[2026-05-12 06:27:29,954] [   DEBUG][0m - recompute_granularity         : full[0m
[35m[2026-05-12 06:27:29,954] [   DEBUG][0m - recompute_method              : uniform[0m
[35m[2026-05-12 06:27:29,954] [   DEBUG][0m - recompute_modules             : None[0m
[35m[2026-05-12 06:27:29,954] [   DEBUG][0m - recompute_mtp_granularity     : None[0m
[35m[2026-05-12 06:27:29,954] [   DEBUG][0m - recompute_mtp_method          : None[0m
[35m[2026-05-12 06:27:29,954] [   DEBUG][0m - recompute_mtp_modules         : None[0m
[35m[2026-05-12 06:27:29,954] [   DEBUG][0m - recompute_num_layers          : 1[0m
[35m[2026-05-12 06:27:29,954] [   DEBUG][0m - recompute_use_reentrant       : True[0m
[35m[2026-05-12 06:27:29,954] [   DEBUG][0m - reeao_dataset_rank            : 0[0m
[35m[2026-05-12 06:27:29,954] [   DEBUG][0m - reeao_dataset_world_size      : 1[0m
[35m[2026-05-12 06:27:29,954] [   DEBUG][0m - ref_model_update_steps        : -1[0m
[35m[2026-05-12 06:27:29,954] [   DEBUG][0m - reference_free                : False[0m
[35m[2026-05-12 06:27:29,954] [   DEBUG][0m - release_grads                 : False[0m
[35m[2026-05-12 06:27:29,954] [   DEBUG][0m - remove_unused_columns         : True[0m
[35m[2026-05-12 06:27:29,954] [   DEBUG][0m - reorder_pipeline_priority     : False[0m
[35m[2026-05-12 06:27:29,954] [   DEBUG][0m - replace_with_c_embedding      : False[0m
[35m[2026-05-12 06:27:29,955] [   DEBUG][0m - replace_with_parallel_cross_entropy: False[0m
[35m[2026-05-12 06:27:29,955] [   DEBUG][0m - replicate_saved_into_local    : False[0m
[35m[2026-05-12 06:27:29,955] [   DEBUG][0m - report_to                     : ['visualdl'][0m
[35m[2026-05-12 06:27:29,955] [   DEBUG][0m - resume_from_checkpoint        : None[0m
[35m[2026-05-12 06:27:29,955] [   DEBUG][0m - resume_from_huggingface_ckpt  : None[0m
[35m[2026-05-12 06:27:29,955] [   DEBUG][0m - router_aux_loss_coef          : 0.0[0m
[35m[2026-05-12 06:27:29,955] [   DEBUG][0m - router_z_loss_coef            : None[0m
[35m[2026-05-12 06:27:29,955] [   DEBUG][0m - run_name                      : ./checkpoints/pt/llama3-8b[0m
[35m[2026-05-12 06:27:29,955] [   DEBUG][0m - same_data                     : None[0m
[35m[2026-05-12 06:27:29,955] [   DEBUG][0m - save_checkpoint_format        : flex_checkpoint[0m
[35m[2026-05-12 06:27:29,955] [   DEBUG][0m - save_hf_memory_growth_threshold: 8[0m
[35m[2026-05-12 06:27:29,955] [   DEBUG][0m - save_hf_steps                 : -1[0m
[35m[2026-05-12 06:27:29,955] [   DEBUG][0m - save_hf_total_limit           : None[0m
[35m[2026-05-12 06:27:29,955] [   DEBUG][0m - save_last_step                : False[0m
[35m[2026-05-12 06:27:29,955] [   DEBUG][0m - save_on_each_node             : False[0m
[35m[2026-05-12 06:27:29,955] [   DEBUG][0m - save_rng_states               : True[0m
[35m[2026-05-12 06:27:29,955] [   DEBUG][0m - save_sharded_model            : False[0m
[35m[2026-05-12 06:27:29,955] [   DEBUG][0m - save_sharding_stage1_model_include_freeze_params: False[0m
[35m[2026-05-12 06:27:29,955] [   DEBUG][0m - save_steps                    : 300[0m
[35m[2026-05-12 06:27:29,956] [   DEBUG][0m - save_strategy                 : IntervalStrategy.NO[0m
[35m[2026-05-12 06:27:29,956] [   DEBUG][0m - save_to_hf                    : True[0m
[35m[2026-05-12 06:27:29,956] [   DEBUG][0m - save_tokenizer                : True[0m
[35m[2026-05-12 06:27:29,956] [   DEBUG][0m - save_total_limit              : None[0m
[35m[2026-05-12 06:27:29,956] [   DEBUG][0m - scale_loss                    : 32768[0m
[35m[2026-05-12 06:27:29,956] [   DEBUG][0m - sd_release_grads              : False[0m
[35m[2026-05-12 06:27:29,956] [   DEBUG][0m - sd_sharding_comm_overlap      : False[0m
[35m[2026-05-12 06:27:29,956] [   DEBUG][0m - sd_shardingv1_comm_overlap    : False[0m
[35m[2026-05-12 06:27:29,956] [   DEBUG][0m - seed                          : 23[0m
[35m[2026-05-12 06:27:29,956] [   DEBUG][0m - send_recv_overlap             : False[0m
[35m[2026-05-12 06:27:29,956] [   DEBUG][0m - sep_parallel_size             : 1[0m
[35m[2026-05-12 06:27:29,956] [   DEBUG][0m - sequence_parallel             : False[0m
[35m[2026-05-12 06:27:29,956] [   DEBUG][0m - sequence_parallel_config      : [0m
[35m[2026-05-12 06:27:29,956] [   DEBUG][0m - sft_loss_ratio                : 0.0[0m
[35m[2026-05-12 06:27:29,956] [   DEBUG][0m - sharded_model_from_ema        : False[0m
[35m[2026-05-12 06:27:29,956] [   DEBUG][0m - sharding                      : [][0m
[35m[2026-05-12 06:27:29,956] [   DEBUG][0m - sharding_comm_buffer_size_MB  : -1[0m
[35m[2026-05-12 06:27:29,956] [   DEBUG][0m - sharding_degree               : -1[0m
[35m[2026-05-12 06:27:29,957] [   DEBUG][0m - sharding_offload_opt_buffersize_GB: -1[0m
[35m[2026-05-12 06:27:29,957] [   DEBUG][0m - sharding_parallel_config      : [0m
[35m[2026-05-12 06:27:29,957] [   DEBUG][0m - sharding_parallel_mesh_dimension: dp[0m
[35m[2026-05-12 06:27:29,957] [   DEBUG][0m - sharding_parallel_rank        : 0[0m
[35m[2026-05-12 06:27:29,957] [   DEBUG][0m - sharding_parallel_size        : 1[0m
[35m[2026-05-12 06:27:29,957] [   DEBUG][0m - should_load_dataset           : True[0m
[35m[2026-05-12 06:27:29,957] [   DEBUG][0m - should_load_sharding_stage1_model: False[0m
[35m[2026-05-12 06:27:29,957] [   DEBUG][0m - should_log                    : True[0m
[35m[2026-05-12 06:27:29,957] [   DEBUG][0m - should_save                   : True[0m
[35m[2026-05-12 06:27:29,957] [   DEBUG][0m - should_save_model_state       : True[0m
[35m[2026-05-12 06:27:29,957] [   DEBUG][0m - should_save_model_with_tensor_fusion: False[0m
[35m[2026-05-12 06:27:29,957] [   DEBUG][0m - should_save_sharding_stage1_model: False[0m
[35m[2026-05-12 06:27:29,957] [   DEBUG][0m - shuffle_consecutive           : False[0m
[35m[2026-05-12 06:27:29,957] [   DEBUG][0m - simpo_gamma                   : 0.5[0m
[35m[2026-05-12 06:27:29,957] [   DEBUG][0m - skip_data_intervals           : None[0m
[35m[2026-05-12 06:27:29,957] [   DEBUG][0m - skip_memory_metrics           : True[0m
[35m[2026-05-12 06:27:29,957] [   DEBUG][0m - skip_profile_timer            : True[0m
[35m[2026-05-12 06:27:29,957] [   DEBUG][0m - softmax_scale                 : None[0m
[35m[2026-05-12 06:27:29,958] [   DEBUG][0m - softmax_type                  : vanilla[0m
[35m[2026-05-12 06:27:29,958] [   DEBUG][0m - sp_allreduce_avg_in_gradinent_scale: False[0m
[35m[2026-05-12 06:27:29,958] [   DEBUG][0m - sp_async_reduce_scatter       : False[0m
[35m[2026-05-12 06:27:29,958] [   DEBUG][0m - split_backward                : False[0m
[35m[2026-05-12 06:27:29,958] [   DEBUG][0m - split_inputs_sequence_dim     : True[0m
[35m[2026-05-12 06:27:29,958] [   DEBUG][0m - split_norm_comm               : False[0m
[35m[2026-05-12 06:27:29,958] [   DEBUG][0m - split_param                   : True[0m
[35m[2026-05-12 06:27:29,958] [   DEBUG][0m - stage1_allgather_overlap      : False[0m
[35m[2026-05-12 06:27:29,958] [   DEBUG][0m - stage1_broadcast_overlap      : False[0m
[35m[2026-05-12 06:27:29,958] [   DEBUG][0m - stage1_overlap                : False[0m
[35m[2026-05-12 06:27:29,958] [   DEBUG][0m - stage1_reduce_avg             : True[0m
[35m[2026-05-12 06:27:29,958] [   DEBUG][0m - stage1_tensor_fusion          : False[0m
[35m[2026-05-12 06:27:29,958] [   DEBUG][0m - stage2_overlap                : False[0m
[35m[2026-05-12 06:27:29,958] [   DEBUG][0m - sync_grad                     : False[0m
[35m[2026-05-12 06:27:29,958] [   DEBUG][0m - tensor_fusion                 : False[0m
[35m[2026-05-12 06:27:29,958] [   DEBUG][0m - tensor_model_parallel_size    : 2[0m
[35m[2026-05-12 06:27:29,958] [   DEBUG][0m - tensor_parallel_config        : [0m
[35m[2026-05-12 06:27:29,958] [   DEBUG][0m - tensor_parallel_output        : True[0m
[35m[2026-05-12 06:27:29,959] [   DEBUG][0m - tensor_parallel_rank          : 0[0m
[35m[2026-05-12 06:27:29,959] [   DEBUG][0m - tensorwise_offload_optimizer  : False[0m
[35m[2026-05-12 06:27:29,959] [   DEBUG][0m - test_iters                    : 100[0m
[35m[2026-05-12 06:27:29,959] [   DEBUG][0m - tie_word_embeddings           : None[0m
[35m[2026-05-12 06:27:29,959] [   DEBUG][0m - timer                         : False[0m
[35m[2026-05-12 06:27:29,959] [   DEBUG][0m - to_static                     : False[0m
[35m[2026-05-12 06:27:29,959] [   DEBUG][0m - token_balance_loss            : False[0m
[35m[2026-05-12 06:27:29,959] [   DEBUG][0m - tp_async_allreduce            : False[0m
[35m[2026-05-12 06:27:29,959] [   DEBUG][0m - tp_sync_moment                : False[0m
[35m[2026-05-12 06:27:29,959] [   DEBUG][0m - tp_sync_param                 : False[0m
[35m[2026-05-12 06:27:29,959] [   DEBUG][0m - train_batch_size              : 1[0m
[35m[2026-05-12 06:27:29,959] [   DEBUG][0m - train_mtp_only                : False[0m
[35m[2026-05-12 06:27:29,959] [   DEBUG][0m - unified_checkpoint            : False[0m
[35m[2026-05-12 06:27:29,959] [   DEBUG][0m - unified_checkpoint_config     : [0m
[35m[2026-05-12 06:27:29,959] [   DEBUG][0m - use_async_save                : False[0m
[35m[2026-05-12 06:27:29,959] [   DEBUG][0m - use_cache                     : False[0m
[35m[2026-05-12 06:27:29,959] [   DEBUG][0m - use_dualpipev                 : False[0m
[35m[2026-05-12 06:27:29,959] [   DEBUG][0m - use_expert_parallel           : False[0m
[35m[2026-05-12 06:27:29,959] [   DEBUG][0m - use_filtered_label_loss       : False[0m
[35m[2026-05-12 06:27:29,960] [   DEBUG][0m - use_fp8                       : False[0m
[35m[2026-05-12 06:27:29,960] [   DEBUG][0m - use_fused_head_and_loss_fn    : False[0m
[35m[2026-05-12 06:27:29,960] [   DEBUG][0m - use_fused_linear_cross_entropy: False[0m
[35m[2026-05-12 06:27:29,960] [   DEBUG][0m - use_hybrid_parallel           : True[0m
[35m[2026-05-12 06:27:29,960] [   DEBUG][0m - use_intermediate_api          : False[0m
[35m[2026-05-12 06:27:29,960] [   DEBUG][0m - use_lowprecision_moment       : False[0m
[35m[2026-05-12 06:27:29,960] [   DEBUG][0m - use_moe                       : False[0m
[35m[2026-05-12 06:27:29,960] [   DEBUG][0m - use_ortho_loss_callback       : False[0m
[35m[2026-05-12 06:27:29,960] [   DEBUG][0m - use_qk_norm                   : None[0m
[35m[2026-05-12 06:27:29,960] [   DEBUG][0m - use_recompute_mtp             : False[0m
[35m[2026-05-12 06:27:29,960] [   DEBUG][0m - use_unified_moe               : False[0m
[35m[2026-05-12 06:27:29,960] [   DEBUG][0m - using_sonic_moe               : False[0m
[35m[2026-05-12 06:27:29,960] [   DEBUG][0m - variable_seq_lengths          : False[0m
[35m[2026-05-12 06:27:29,960] [   DEBUG][0m - virtual_pipeline_model_parallel_size: 1[0m
[35m[2026-05-12 06:27:29,960] [   DEBUG][0m - wandb_api_key                 : None[0m
[35m[2026-05-12 06:27:29,960] [   DEBUG][0m - wandb_http_proxy              : None[0m
[35m[2026-05-12 06:27:29,960] [   DEBUG][0m - warmup_ratio                  : 0.0[0m
[35m[2026-05-12 06:27:29,960] [   DEBUG][0m - warmup_steps                  : 10[0m
[35m[2026-05-12 06:27:29,961] [   DEBUG][0m - weight_decay                  : 0.0[0m
[35m[2026-05-12 06:27:29,961] [   DEBUG][0m - weight_name_suffix            : tp00_pp00[0m
[35m[2026-05-12 06:27:29,961] [   DEBUG][0m - weight_quantize_algo          : None[0m
[35m[2026-05-12 06:27:29,961] [   DEBUG][0m - world_size                    : 4[0m
[35m[2026-05-12 06:27:29,961] [   DEBUG][0m - zcc_ema_interval              : 1[0m
[35m[2026-05-12 06:27:29,961] [   DEBUG][0m - zcc_ema_loss_threshold        : None[0m
[35m[2026-05-12 06:27:29,961] [   DEBUG][0m - zcc_pipeline_hooks_capacity_usage: 0.6[0m
[35m[2026-05-12 06:27:29,961] [   DEBUG][0m - zcc_save_ema_coef             : None[0m
[35m[2026-05-12 06:27:29,961] [   DEBUG][0m - zcc_workers_num               : 3[0m
[35m[2026-05-12 06:27:29,961] [   DEBUG][0m - [0m
[32m[2026-05-12 06:27:29,962] [    INFO][0m - Starting training from resume_from_checkpoint : None[0m
[32m[2026-05-12 06:27:29,963] [    INFO][0m - [timelog] RuntimeTimer: 0.00s (2026-05-12 06:27:29) [0m
[32m[2026-05-12 06:27:29,963] [    INFO][0m - ***** Running training *****[0m
[32m[2026-05-12 06:27:29,963] [    INFO][0m -   Num examples = 1,200[0m
[32m[2026-05-12 06:27:29,963] [    INFO][0m -   Num Epochs = 1[0m
[32m[2026-05-12 06:27:29,963] [    INFO][0m -   Instantaneous batch size per device = 1[0m
[32m[2026-05-12 06:27:29,963] [    INFO][0m -   Total train batch size (w. parallel, distributed & accumulation) = 4[0m
[32m[2026-05-12 06:27:29,963] [    INFO][0m -   Gradient Accumulation steps = 4[0m
[32m[2026-05-12 06:27:29,963] [    INFO][0m -   Total optimization steps = 300[0m
[32m[2026-05-12 06:27:29,963] [    INFO][0m -   Total num train samples = 1,200[0m
[2026-05-12 06:27:29,968] [    INFO] pipeline_parallel.py:808 - Pipeline scheduler is in dynamic_shape mode=False
[2026-05-12 06:27:29,968] [    INFO] pipeline_parallel.py:818 - dp_comm_overlap False;             sharding_comm_overlap False;             sharding_split_param False;
[2026-05-12 06:27:29,969] [    INFO] pipeline_parallel.py:890 - Pipeline Info -- num_stages: 2, stage_id: 0
[2026-05-12 06:27:29,969] [    INFO] pipeline_parallel.py:895 - start broadcast mp parameters
W0512 06:27:30.004875 31278 nccl_comm_context.cc:70] ncclCommInitRankConfigMemOpt is not supported.
[2026-05-12 06:27:30,761] [ WARNING] hybrid_parallel_optimizer.py:332 - While using ClipGradByGlobalNorm in TensorParallel, PipelineParallel or Sharding, the grad clip of original optimizer will be changed.
[35m[2026-05-12 06:27:30,763] [   DEBUG][0m -   Number of trainable parameters = 2,007,629,824 (per device)[0m
[35m[2026-05-12 06:27:30,793] [   DEBUG][0m -   Number of trainable parameters = 8,030,527,488 (all devices, roughly)[0m

TrainProcess:   0%|          | 0/300 [00:00<?, ?it/s]W0512 06:27:33.137379 31278 nccl_comm_context.cc:70] ncclCommInitRankConfigMemOpt is not supported.
W0512 06:27:38.812354 31278 nccl_comm_context.cc:70] ncclCommInitRankConfigMemOpt is not supported.

TrainProcess:   0%|          | 1/300 [00:08<43:32,  8.74s/it][32m[2026-05-12 06:27:39,569] [    INFO][0m - loss: 12.76437092, learning_rate: 1e-05, global_step: 1, current_memory_allocated: 29.91601800918579, current_memory_reserved: 29.947267293930054, max_memory_allocated: 29.916018962860107, max_memory_reserved: 29.947267293930054, interval_runtime: 8.7751, interval_samples_per_second: 0.4558, interval_steps_per_second: 0.114, global_norm: 24.6756591796875, ppl: 349539.17392598, progress_or_epoch: 0.0033, cpu_used_memory: 267.43, cpu_available_memory: 1242.73[0m
[32m[2026-05-12 06:27:39,569] [    INFO][0m - [DataLoad global_step: 1] data_load_time: 1513.18 ms (accumulated over 4 micro-batches)[0m

TrainProcess:   1%|          | 2/300 [00:12<29:44,  5.99s/it][32m[2026-05-12 06:27:43,608] [    INFO][0m - loss: 12.76440334, learning_rate: 2e-05, global_step: 2, current_memory_allocated: 29.91601800918579, current_memory_reserved: 37.353517293930054, max_memory_allocated: 35.45581269264221, max_memory_reserved: 37.353517293930054, interval_runtime: 4.0388, interval_samples_per_second: 0.9904, interval_steps_per_second: 0.2476, global_norm: 26.25737953186035, ppl: 349550.5061696934, progress_or_epoch: 0.0067, cpu_used_memory: 267.41, cpu_available_memory: 1242.75[0m
[32m[2026-05-12 06:27:43,609] [    INFO][0m - [DataLoad global_step: 2] data_load_time: 0.27 ms (accumulated over 4 micro-batches)[0m

TrainProcess:   1%|          | 3/300 [00:16<25:13,  5.10s/it][32m[2026-05-12 06:27:47,643] [    INFO][0m - loss: 12.34072495, learning_rate: 3e-05, global_step: 3, current_memory_allocated: 29.91601800918579, current_memory_reserved: 37.353517293930054, max_memory_allocated: 35.45581269264221, max_memory_reserved: 37.353517293930054, interval_runtime: 4.0343, interval_samples_per_second: 0.9915, interval_steps_per_second: 0.2479, global_norm: 21.704633712768555, ppl: 228827.78064040668, progress_or_epoch: 0.01, cpu_used_memory: 267.37, cpu_available_memory: 1242.79[0m
[32m[2026-05-12 06:27:47,644] [    INFO][0m - [DataLoad global_step: 3] data_load_time: 0.27 ms (accumulated over 4 micro-batches)[0m

TrainProcess:   1%|▏         | 4/300 [00:20<23:04,  4.68s/it][32m[2026-05-12 06:27:51,679] [    INFO][0m - loss: 12.01341724, learning_rate: 4e-05, global_step: 4, current_memory_allocated: 29.91601800918579, current_memory_reserved: 37.353517293930054, max_memory_allocated: 35.45581269264221, max_memory_reserved: 37.353517293930054, interval_runtime: 4.0353, interval_samples_per_second: 0.9913, interval_steps_per_second: 0.2478, global_norm: 69.95978546142578, ppl: 164953.22700503832, progress_or_epoch: 0.0133, cpu_used_memory: 267.35, cpu_available_memory: 1242.81[0m
[32m[2026-05-12 06:27:51,679] [    INFO][0m - [DataLoad global_step: 4] data_load_time: 0.29 ms (accumulated over 4 micro-batches)[0m

TrainProcess:   2%|▏         | 5/300 [00:24<21:51,  4.45s/it][32m[2026-05-12 06:27:55,714] [    INFO][0m - loss: 12.40391064, learning_rate: 5e-05, global_step: 5, current_memory_allocated: 29.91601800918579, current_memory_reserved: 37.353517293930054, max_memory_allocated: 35.45581269264221, max_memory_reserved: 37.353517293930054, interval_runtime: 4.0349, interval_samples_per_second: 0.9914, interval_steps_per_second: 0.2478, global_norm: 110.28801727294922, ppl: 243752.9862336444, progress_or_epoch: 0.0167, cpu_used_memory: 267.32, cpu_available_memory: 1242.84[0m
[32m[2026-05-12 06:27:55,714] [    INFO][0m - [DataLoad global_step: 5] data_load_time: 0.70 ms (accumulated over 4 micro-batches)[0m

TrainProcess:   2%|▏         | 6/300 [00:28<21:06,  4.31s/it][32m[2026-05-12 06:27:59,749] [    INFO][0m - loss: 12.13060379, learning_rate: 6e-05, global_step: 6, current_memory_allocated: 29.91601800918579, current_memory_reserved: 37.353517293930054, max_memory_allocated: 35.45581269264221, max_memory_reserved: 37.353517293930054, interval_runtime: 4.0345, interval_samples_per_second: 0.9914, interval_steps_per_second: 0.2479, global_norm: 57.64553451538086, ppl: 185461.7221238625, progress_or_epoch: 0.02, cpu_used_memory: 267.28, cpu_available_memory: 1242.88[0m
[32m[2026-05-12 06:27:59,749] [    INFO][0m - [DataLoad global_step: 6] data_load_time: 0.90 ms (accumulated over 4 micro-batches)[0m

TrainProcess:   2%|▏         | 7/300 [00:32<20:35,  4.22s/it][32m[2026-05-12 06:28:03,785] [    INFO][0m - loss: 12.44362831, learning_rate: 7e-05, global_step: 7, current_memory_allocated: 29.91601800918579, current_memory_reserved: 37.353517293930054, max_memory_allocated: 35.45581269264221, max_memory_reserved: 37.353517293930054, interval_runtime: 4.0357, interval_samples_per_second: 0.9912, interval_steps_per_second: 0.2478, global_norm: 22.951068878173828, ppl: 253629.11709554752, progress_or_epoch: 0.0233, cpu_used_memory: 267.43, cpu_available_memory: 1242.73[0m
[32m[2026-05-12 06:28:03,785] [    INFO][0m - [DataLoad global_step: 7] data_load_time: 0.29 ms (accumulated over 4 micro-batches)[0m

TrainProcess:   3%|▎         | 8/300 [00:37<20:14,  4.16s/it][32m[2026-05-12 06:28:07,818] [    INFO][0m - loss: 16.67554665, learning_rate: 8e-05, global_step: 8, current_memory_allocated: 29.91601800918579, current_memory_reserved: 37.353517293930054, max_memory_allocated: 35.45581269264221, max_memory_reserved: 37.353517293930054, interval_runtime: 4.0324, interval_samples_per_second: 0.992, interval_steps_per_second: 0.248, global_norm: 164.4216766357422, ppl: 17462157.17000717, progress_or_epoch: 0.0267, cpu_used_memory: 267.4, cpu_available_memory: 1242.76[0m
[32m[2026-05-12 06:28:07,818] [    INFO][0m - [DataLoad global_step: 8] data_load_time: 0.81 ms (accumulated over 4 micro-batches)[0m

TrainProcess:   3%|▎         | 9/300 [00:41<19:58,  4.12s/it][32m[2026-05-12 06:28:11,849] [    INFO][0m - loss: 15.47158527, learning_rate: 9e-05, global_step: 9, current_memory_allocated: 29.91601800918579, current_memory_reserved: 37.353517293930054, max_memory_allocated: 35.45581269264221, max_memory_reserved: 37.353517293930054, interval_runtime: 4.0315, interval_samples_per_second: 0.9922, interval_steps_per_second: 0.248, global_norm: 68.58612823486328, ppl: 5238706.999356526, progress_or_epoch: 0.03, cpu_used_memory: 267.39, cpu_available_memory: 1242.77[0m
[32m[2026-05-12 06:28:11,850] [    INFO][0m - [DataLoad global_step: 9] data_load_time: 0.65 ms (accumulated over 4 micro-batches)[0m

TrainProcess:   3%|▎         | 10/300 [00:45<19:46,  4.09s/it][32m[2026-05-12 06:28:15,882] [    INFO][0m - loss: 14.01452827, learning_rate: 0.0001, global_step: 10, current_memory_allocated: 29.91601800918579, current_memory_reserved: 37.353517293930054, max_memory_allocated: 35.45581269264221, max_memory_reserved: 37.353517293930054, interval_runtime: 4.0322, interval_samples_per_second: 0.992, interval_steps_per_second: 0.248, global_norm: 38.54873275756836, ppl: 1220203.5779978405, progress_or_epoch: 0.0333, cpu_used_memory: 267.4, cpu_available_memory: 1242.75[0m
[32m[2026-05-12 06:28:15,883] [    INFO][0m - [DataLoad global_step: 10] data_load_time: 0.25 ms (accumulated over 4 micro-batches)[0m

TrainProcess:   4%|▎         | 11/300 [00:49<19:37,  4.07s/it][32m[2026-05-12 06:28:19,916] [    INFO][0m - loss: 12.29966545, learning_rate: 9.966e-05, global_step: 11, current_memory_allocated: 29.91601800918579, current_memory_reserved: 37.353517293930054, max_memory_allocated: 35.45581269264221, max_memory_reserved: 37.353517293930054, interval_runtime: 4.0333, interval_samples_per_second: 0.9918, interval_steps_per_second: 0.2479, global_norm: 16.444093704223633, ppl: 219622.50167235098, progress_or_epoch: 0.0367, cpu_used_memory: 267.28, cpu_available_memory: 1242.88[0m
[32m[2026-05-12 06:28:19,916] [    INFO][0m - [DataLoad global_step: 11] data_load_time: 0.66 ms (accumulated over 4 micro-batches)[0m

TrainProcess:   4%|▍         | 12/300 [00:53<19:29,  4.06s/it][32m[2026-05-12 06:28:23,950] [    INFO][0m - loss: 11.95366287, learning_rate: 9.931e-05, global_step: 12, current_memory_allocated: 29.91601800918579, current_memory_reserved: 37.353517293930054, max_memory_allocated: 35.45581269264221, max_memory_reserved: 37.353517293930054, interval_runtime: 4.0341, interval_samples_per_second: 0.9916, interval_steps_per_second: 0.2479, global_norm: 13.397486686706543, ppl: 155385.261488265, progress_or_epoch: 0.04, cpu_used_memory: 267.32, cpu_available_memory: 1242.83[0m
[32m[2026-05-12 06:28:23,950] [    INFO][0m - [DataLoad global_step: 12] data_load_time: 0.76 ms (accumulated over 4 micro-batches)[0m

TrainProcess:   4%|▍         | 13/300 [00:57<19:23,  4.05s/it][32m[2026-05-12 06:28:27,983] [    INFO][0m - loss: 12.28981876, learning_rate: 9.897e-05, global_step: 13, current_memory_allocated: 29.91601800918579, current_memory_reserved: 37.353517293930054, max_memory_allocated: 35.45581269264221, max_memory_reserved: 37.353517293930054, interval_runtime: 4.0326, interval_samples_per_second: 0.9919, interval_steps_per_second: 0.248, global_norm: 46.05032730102539, ppl: 217470.5591241278, progress_or_epoch: 0.0433, cpu_used_memory: 267.34, cpu_available_memory: 1242.82[0m
[32m[2026-05-12 06:28:27,983] [    INFO][0m - [DataLoad global_step: 13] data_load_time: 0.28 ms (accumulated over 4 micro-batches)[0m

TrainProcess:   5%|▍         | 14/300 [01:01<19:17,  4.05s/it][32m[2026-05-12 06:28:32,015] [    INFO][0m - loss: 11.86284637, learning_rate: 9.862e-05, global_step: 14, current_memory_allocated: 29.91601800918579, current_memory_reserved: 37.353517293930054, max_memory_allocated: 35.45581269264221, max_memory_reserved: 37.353517293930054, interval_runtime: 4.0309, interval_samples_per_second: 0.9923, interval_steps_per_second: 0.2481, global_norm: 19.5842342376709, ppl: 141895.53119264852, progress_or_epoch: 0.0467, cpu_used_memory: 267.36, cpu_available_memory: 1242.8[0m
[32m[2026-05-12 06:28:32,015] [    INFO][0m - [DataLoad global_step: 14] data_load_time: 0.24 ms (accumulated over 4 micro-batches)[0m

TrainProcess:   5%|▌         | 15/300 [01:05<19:11,  4.04s/it][32m[2026-05-12 06:28:36,045] [    INFO][0m - loss: 11.61467171, learning_rate: 9.828e-05, global_step: 15, current_memory_allocated: 29.91601800918579, current_memory_reserved: 37.353517293930054, max_memory_allocated: 35.45581269264221, max_memory_reserved: 37.353517293930054, interval_runtime: 4.0302, interval_samples_per_second: 0.9925, interval_steps_per_second: 0.2481, global_norm: 8.172483444213867, ppl: 110710.2503318106, progress_or_epoch: 0.05, cpu_used_memory: 267.41, cpu_available_memory: 1242.75[0m
[32m[2026-05-12 06:28:36,045] [    INFO][0m - [DataLoad global_step: 15] data_load_time: 0.55 ms (accumulated over 4 micro-batches)[0m

TrainProcess:   5%|▌         | 16/300 [01:09<19:06,  4.04s/it][32m[2026-05-12 06:28:40,075] [    INFO][0m - loss: 10.69459152, learning_rate: 9.793e-05, global_step: 16, current_memory_allocated: 29.91601800918579, current_memory_reserved: 37.353517293930054, max_memory_allocated: 35.45581269264221, max_memory_reserved: 37.353517293930054, interval_runtime: 4.0299, interval_samples_per_second: 0.9926, interval_steps_per_second: 0.2481, global_norm: 4.737878322601318, ppl: 44116.604948060594, progress_or_epoch: 0.0533, cpu_used_memory: 267.45, cpu_available_memory: 1242.71[0m
[32m[2026-05-12 06:28:40,075] [    INFO][0m - [DataLoad global_step: 16] data_load_time: 0.24 ms (accumulated over 4 micro-batches)[0m

TrainProcess:   6%|▌         | 17/300 [01:13<19:02,  4.04s/it][32m[2026-05-12 06:28:44,106] [    INFO][0m - loss: 10.37105846, learning_rate: 9.759e-05, global_step: 17, current_memory_allocated: 29.91601800918579, current_memory_reserved: 37.353517293930054, max_memory_allocated: 35.45581269264221, max_memory_reserved: 37.353517293930054, interval_runtime: 4.0311, interval_samples_per_second: 0.9923, interval_steps_per_second: 0.2481, global_norm: 8.59227180480957, ppl: 31922.2475164064, progress_or_epoch: 0.0567, cpu_used_memory: 267.41, cpu_available_memory: 1242.75[0m
[32m[2026-05-12 06:28:44,107] [    INFO][0m - [DataLoad global_step: 17] data_load_time: 0.30 ms (accumulated over 4 micro-batches)[0m

TrainProcess:   6%|▌         | 18/300 [01:17<18:57,  4.03s/it][32m[2026-05-12 06:28:48,137] [    INFO][0m - loss: 9.55765152, learning_rate: 9.724e-05, global_step: 18, current_memory_allocated: 29.91601800918579, current_memory_reserved: 37.353517293930054, max_memory_allocated: 35.45581269264221, max_memory_reserved: 37.353517293930054, interval_runtime: 4.0299, interval_samples_per_second: 0.9926, interval_steps_per_second: 0.2481, global_norm: 5.0589518547058105, ppl: 14152.570112920868, progress_or_epoch: 0.06, cpu_used_memory: 267.43, cpu_available_memory: 1242.73[0m
[32m[2026-05-12 06:28:48,137] [    INFO][0m - [DataLoad global_step: 18] data_load_time: 0.66 ms (accumulated over 4 micro-batches)[0m

TrainProcess:   6%|▋         | 19/300 [01:21<18:53,  4.03s/it][32m[2026-05-12 06:28:52,168] [    INFO][0m - loss: 9.5034008, learning_rate: 9.69e-05, global_step: 19, current_memory_allocated: 29.91601800918579, current_memory_reserved: 37.353517293930054, max_memory_allocated: 35.45581269264221, max_memory_reserved: 37.353517293930054, interval_runtime: 4.0307, interval_samples_per_second: 0.9924, interval_steps_per_second: 0.2481, global_norm: 35.55146408081055, ppl: 13405.237931879405, progress_or_epoch: 0.0633, cpu_used_memory: 267.46, cpu_available_memory: 1242.7[0m
[32m[2026-05-12 06:28:52,168] [    INFO][0m - [DataLoad global_step: 19] data_load_time: 0.22 ms (accumulated over 4 micro-batches)[0m

TrainProcess:   7%|▋         | 20/300 [01:25<18:49,  4.03s/it][32m[2026-05-12 06:28:56,200] [    INFO][0m - loss: 10.20217609, learning_rate: 9.655e-05, global_step: 20, current_memory_allocated: 29.91601800918579, current_memory_reserved: 37.353517293930054, max_memory_allocated: 35.45581269264221, max_memory_reserved: 37.353517293930054, interval_runtime: 4.0318, interval_samples_per_second: 0.9921, interval_steps_per_second: 0.248, global_norm: 33.78059005737305, ppl: 26961.793572950515, progress_or_epoch: 0.0667, cpu_used_memory: 267.44, cpu_available_memory: 1242.72[0m
[32m[2026-05-12 06:28:56,200] [    INFO][0m - [DataLoad global_step: 20] data_load_time: 0.26 ms (accumulated over 4 micro-batches)[0m

TrainProcess:   7%|▋         | 21/300 [01:29<18:44,  4.03s/it][32m[2026-05-12 06:29:00,228] [    INFO][0m - loss: 10.46898746, learning_rate: 9.621e-05, global_step: 21, current_memory_allocated: 29.91601800918579, current_memory_reserved: 37.353517293930054, max_memory_allocated: 35.45581269264221, max_memory_reserved: 37.353517293930054, interval_runtime: 4.0282, interval_samples_per_second: 0.993, interval_steps_per_second: 0.2482, global_norm: 64.63265991210938, ppl: 35206.551273738056, progress_or_epoch: 0.07, cpu_used_memory: 267.41, cpu_available_memory: 1242.75[0m
[32m[2026-05-12 06:29:00,228] [    INFO][0m - [DataLoad global_step: 21] data_load_time: 0.59 ms (accumulated over 4 micro-batches)[0m

TrainProcess:   7%|▋         | 22/300 [01:33<18:40,  4.03s/it][32m[2026-05-12 06:29:04,259] [    INFO][0m - loss: 8.75505638, learning_rate: 9.586e-05, global_step: 22, current_memory_allocated: 29.91601800918579, current_memory_reserved: 37.353517293930054, max_memory_allocated: 35.45581269264221, max_memory_reserved: 37.353517293930054, interval_runtime: 4.0304, interval_samples_per_second: 0.9924, interval_steps_per_second: 0.2481, global_norm: 32.95558547973633, ppl: 6342.67815398175, progress_or_epoch: 0.0733, cpu_used_memory: 267.43, cpu_available_memory: 1242.73[0m
[32m[2026-05-12 06:29:04,259] [    INFO][0m - [DataLoad global_step: 22] data_load_time: 0.27 ms (accumulated over 4 micro-batches)[0m

TrainProcess:   8%|▊         | 23/300 [01:37<18:36,  4.03s/it][32m[2026-05-12 06:29:08,287] [    INFO][0m - loss: 8.43493843, learning_rate: 9.552e-05, global_step: 23, current_memory_allocated: 29.91601800918579, current_memory_reserved: 37.353517293930054, max_memory_allocated: 35.45581269264221, max_memory_reserved: 37.353517293930054, interval_runtime: 4.0279, interval_samples_per_second: 0.9931, interval_steps_per_second: 0.2483, global_norm: 8.79751968383789, ppl: 4605.186420208525, progress_or_epoch: 0.0767, cpu_used_memory: 267.43, cpu_available_memory: 1242.73[0m
[32m[2026-05-12 06:29:08,288] [    INFO][0m - [DataLoad global_step: 23] data_load_time: 0.23 ms (accumulated over 4 micro-batches)[0m

TrainProcess:   8%|▊         | 24/300 [01:41<18:32,  4.03s/it][32m[2026-05-12 06:29:12,317] [    INFO][0m - loss: 8.78365707, learning_rate: 9.517e-05, global_step: 24, current_memory_allocated: 29.91601800918579, current_memory_reserved: 37.353517293930054, max_memory_allocated: 35.45581269264221, max_memory_reserved: 37.353517293930054, interval_runtime: 4.0298, interval_samples_per_second: 0.9926, interval_steps_per_second: 0.2482, global_norm: 5.299739360809326, ppl: 6526.702188692351, progress_or_epoch: 0.08, cpu_used_memory: 267.39, cpu_available_memory: 1242.77[0m
[32m[2026-05-12 06:29:12,318] [    INFO][0m - [DataLoad global_step: 24] data_load_time: 0.49 ms (accumulated over 4 micro-batches)[0m

TrainProcess:   8%|▊         | 25/300 [01:45<18:28,  4.03s/it][32m[2026-05-12 06:29:16,347] [    INFO][0m - loss: 8.06873512, learning_rate: 9.483e-05, global_step: 25, current_memory_allocated: 29.91601800918579, current_memory_reserved: 37.353517293930054, max_memory_allocated: 35.45581269264221, max_memory_reserved: 37.353517293930054, interval_runtime: 4.0296, interval_samples_per_second: 0.9926, interval_steps_per_second: 0.2482, global_norm: 3.8139231204986572, ppl: 3193.0604353936365, progress_or_epoch: 0.0833, cpu_used_memory: 267.48, cpu_available_memory: 1242.67[0m
[32m[2026-05-12 06:29:16,347] [    INFO][0m - [DataLoad global_step: 25] data_load_time: 0.44 ms (accumulated over 4 micro-batches)[0m

TrainProcess:   9%|▊         | 26/300 [01:49<18:24,  4.03s/it][32m[2026-05-12 06:29:20,378] [    INFO][0m - loss: 8.00556183, learning_rate: 9.448e-05, global_step: 26, current_memory_allocated: 29.91601800918579, current_memory_reserved: 37.353517293930054, max_memory_allocated: 35.45581269264221, max_memory_reserved: 37.353517293930054, interval_runtime: 4.0306, interval_samples_per_second: 0.9924, interval_steps_per_second: 0.2481, global_norm: 3.5623042583465576, ppl: 2997.583760607505, progress_or_epoch: 0.0867, cpu_used_memory: 267.45, cpu_available_memory: 1242.71[0m
[32m[2026-05-12 06:29:20,378] [    INFO][0m - [DataLoad global_step: 26] data_load_time: 0.67 ms (accumulated over 4 micro-batches)[0m

TrainProcess:   9%|▉         | 27/300 [01:53<18:20,  4.03s/it][32m[2026-05-12 06:29:24,408] [    INFO][0m - loss: 7.88757801, learning_rate: 9.414e-05, global_step: 27, current_memory_allocated: 29.91601800918579, current_memory_reserved: 37.353517293930054, max_memory_allocated: 35.45581269264221, max_memory_reserved: 37.353517293930054, interval_runtime: 4.0296, interval_samples_per_second: 0.9927, interval_steps_per_second: 0.2482, global_norm: 3.747753143310547, ppl: 2663.9839583453145, progress_or_epoch: 0.09, cpu_used_memory: 267.51, cpu_available_memory: 1242.65[0m
[32m[2026-05-12 06:29:24,408] [    INFO][0m - [DataLoad global_step: 27] data_load_time: 0.67 ms (accumulated over 4 micro-batches)[0m

TrainProcess:   9%|▉         | 28/300 [01:57<18:16,  4.03s/it][32m[2026-05-12 06:29:28,437] [    INFO][0m - loss: 8.34911442, learning_rate: 9.379e-05, global_step: 28, current_memory_allocated: 29.91601800918579, current_memory_reserved: 37.353517293930054, max_memory_allocated: 35.45581269264221, max_memory_reserved: 37.353517293930054, interval_runtime: 4.029, interval_samples_per_second: 0.9928, interval_steps_per_second: 0.2482, global_norm: 25.193418502807617, ppl: 4226.436237942464, progress_or_epoch: 0.0933, cpu_used_memory: 267.53, cpu_available_memory: 1242.63[0m
[32m[2026-05-12 06:29:28,438] [    INFO][0m - [DataLoad global_step: 28] data_load_time: 0.23 ms (accumulated over 4 micro-batches)[0m

TrainProcess:  10%|▉         | 29/300 [02:01<18:12,  4.03s/it][32m[2026-05-12 06:29:32,467] [    INFO][0m - loss: 7.71509361, learning_rate: 9.345e-05, global_step: 29, current_memory_allocated: 29.91601800918579, current_memory_reserved: 37.353517293930054, max_memory_allocated: 35.45581269264221, max_memory_reserved: 37.353517293930054, interval_runtime: 4.0297, interval_samples_per_second: 0.9926, interval_steps_per_second: 0.2482, global_norm: 4.694985866546631, ppl: 2241.9327552852824, progress_or_epoch: 0.0967, cpu_used_memory: 267.52, cpu_available_memory: 1242.64[0m
[32m[2026-05-12 06:29:32,468] [    INFO][0m - [DataLoad global_step: 29] data_load_time: 0.49 ms (accumulated over 4 micro-batches)[0m

TrainProcess:  10%|█         | 30/300 [02:05<18:08,  4.03s/it][32m[2026-05-12 06:29:36,498] [    INFO][0m - loss: 7.87821674, learning_rate: 9.31e-05, global_step: 30, current_memory_allocated: 29.91601800918579, current_memory_reserved: 37.353517293930054, max_memory_allocated: 35.45581269264221, max_memory_reserved: 37.353517293930054, interval_runtime: 4.0302, interval_samples_per_second: 0.9925, interval_steps_per_second: 0.2481, global_norm: 3.8574817180633545, ppl: 2639.1620488028584, progress_or_epoch: 0.1, cpu_used_memory: 267.55, cpu_available_memory: 1242.61[0m
[32m[2026-05-12 06:29:36,498] [    INFO][0m - [DataLoad global_step: 30] data_load_time: 0.61 ms (accumulated over 4 micro-batches)[0m

TrainProcess:  10%|█         | 31/300 [02:09<18:04,  4.03s/it][32m[2026-05-12 06:29:40,527] [    INFO][0m - loss: 7.647089, learning_rate: 9.276e-05, global_step: 31, current_memory_allocated: 29.91601800918579, current_memory_reserved: 37.353517293930054, max_memory_allocated: 35.45581269264221, max_memory_reserved: 37.353517293930054, interval_runtime: 4.0294, interval_samples_per_second: 0.9927, interval_steps_per_second: 0.2482, global_norm: 3.6560912132263184, ppl: 2094.539501831735, progress_or_epoch: 0.1033, cpu_used_memory: 267.53, cpu_available_memory: 1242.63[0m
[32m[2026-05-12 06:29:40,528] [    INFO][0m - [DataLoad global_step: 31] data_load_time: 0.24 ms (accumulated over 4 micro-batches)[0m

TrainProcess:  11%|█         | 32/300 [02:13<17:59,  4.03s/it][32m[2026-05-12 06:29:44,558] [    INFO][0m - loss: 8.00181484, learning_rate: 9.241e-05, global_step: 32, current_memory_allocated: 29.91601800918579, current_memory_reserved: 37.353517293930054, max_memory_allocated: 35.45581269264221, max_memory_reserved: 37.353517293930054, interval_runtime: 4.0306, interval_samples_per_second: 0.9924, interval_steps_per_second: 0.2481, global_norm: 3.8343214988708496, ppl: 2986.372860913557, progress_or_epoch: 0.1067, cpu_used_memory: 267.53, cpu_available_memory: 1242.63[0m
[32m[2026-05-12 06:29:44,558] [    INFO][0m - [DataLoad global_step: 32] data_load_time: 0.21 ms (accumulated over 4 micro-batches)[0m

TrainProcess:  11%|█         | 33/300 [02:17<17:56,  4.03s/it][32m[2026-05-12 06:29:48,591] [    INFO][0m - loss: 7.94614792, learning_rate: 9.207e-05, global_step: 33, current_memory_allocated: 29.91601800918579, current_memory_reserved: 37.353517293930054, max_memory_allocated: 35.45581269264221, max_memory_reserved: 37.353517293930054, interval_runtime: 4.0322, interval_samples_per_second: 0.992, interval_steps_per_second: 0.248, global_norm: 3.914034843444824, ppl: 2824.673099800365, progress_or_epoch: 0.11, cpu_used_memory: 267.52, cpu_available_memory: 1242.63[0m
[32m[2026-05-12 06:29:48,591] [    INFO][0m - [DataLoad global_step: 33] data_load_time: 0.22 ms (accumulated over 4 micro-batches)[0m

TrainProcess:  11%|█▏        | 34/300 [02:21<17:52,  4.03s/it][32m[2026-05-12 06:29:52,623] [    INFO][0m - loss: 7.65085125, learning_rate: 9.172e-05, global_step: 34, current_memory_allocated: 29.91601800918579, current_memory_reserved: 37.353517293930054, max_memory_allocated: 35.45581269264221, max_memory_reserved: 37.353517293930054, interval_runtime: 4.0322, interval_samples_per_second: 0.992, interval_steps_per_second: 0.248, global_norm: 3.269447088241577, ppl: 2102.434525285972, progress_or_epoch: 0.1133, cpu_used_memory: 267.5, cpu_available_memory: 1242.66[0m
[32m[2026-05-12 06:29:52,624] [    INFO][0m - [DataLoad global_step: 34] data_load_time: 0.56 ms (accumulated over 4 micro-batches)[0m

TrainProcess:  12%|█▏        | 35/300 [02:25<17:48,  4.03s/it][32m[2026-05-12 06:29:56,655] [    INFO][0m - loss: 7.83783388, learning_rate: 9.138e-05, global_step: 35, current_memory_allocated: 29.91601800918579, current_memory_reserved: 37.353517293930054, max_memory_allocated: 35.45581269264221, max_memory_reserved: 37.353517293930054, interval_runtime: 4.031, interval_samples_per_second: 0.9923, interval_steps_per_second: 0.2481, global_norm: 3.4186439514160156, ppl: 2534.708400448454, progress_or_epoch: 0.1167, cpu_used_memory: 267.51, cpu_available_memory: 1242.65[0m
[32m[2026-05-12 06:29:56,655] [    INFO][0m - [DataLoad global_step: 35] data_load_time: 0.56 ms (accumulated over 4 micro-batches)[0m

TrainProcess:  12%|█▏        | 36/300 [02:29<17:44,  4.03s/it][32m[2026-05-12 06:30:00,686] [    INFO][0m - loss: 7.50809526, learning_rate: 9.103e-05, global_step: 36, current_memory_allocated: 29.91601800918579, current_memory_reserved: 37.353517293930054, max_memory_allocated: 35.45581269264221, max_memory_reserved: 37.353517293930054, interval_runtime: 4.0307, interval_samples_per_second: 0.9924, interval_steps_per_second: 0.2481, global_norm: 3.524219036102295, ppl: 1822.7383915135756, progress_or_epoch: 0.12, cpu_used_memory: 267.51, cpu_available_memory: 1242.65[0m
[32m[2026-05-12 06:30:00,686] [    INFO][0m - [DataLoad global_step: 36] data_load_time: 0.64 ms (accumulated over 4 micro-batches)[0m

TrainProcess:  12%|█▏        | 37/300 [02:33<17:40,  4.03s/it][32m[2026-05-12 06:30:04,716] [    INFO][0m - loss: 8.03773689, learning_rate: 9.069e-05, global_step: 37, current_memory_allocated: 29.91601800918579, current_memory_reserved: 37.353517293930054, max_memory_allocated: 35.45581269264221, max_memory_reserved: 37.353517293930054, interval_runtime: 4.0303, interval_samples_per_second: 0.9925, interval_steps_per_second: 0.2481, global_norm: 3.284907102584839, ppl: 3095.5995746760295, progress_or_epoch: 0.1233, cpu_used_memory: 267.59, cpu_available_memory: 1242.56[0m
[32m[2026-05-12 06:30:04,716] [    INFO][0m - [DataLoad global_step: 37] data_load_time: 0.37 ms (accumulated over 4 micro-batches)[0m

TrainProcess:  13%|█▎        | 38/300 [02:37<17:36,  4.03s/it][32m[2026-05-12 06:30:08,748] [    INFO][0m - loss: 7.60181713, learning_rate: 9.034e-05, global_step: 38, current_memory_allocated: 29.91601800918579, current_memory_reserved: 37.353517293930054, max_memory_allocated: 35.45581269264221, max_memory_reserved: 37.353517293930054, interval_runtime: 4.0311, interval_samples_per_second: 0.9923, interval_steps_per_second: 0.2481, global_norm: 2.4648501873016357, ppl: 2001.8301777930176, progress_or_epoch: 0.1267, cpu_used_memory: 267.54, cpu_available_memory: 1242.62[0m
[32m[2026-05-12 06:30:08,748] [    INFO][0m - [DataLoad global_step: 38] data_load_time: 0.53 ms (accumulated over 4 micro-batches)[0m

TrainProcess:  13%|█▎        | 39/300 [02:41<17:32,  4.03s/it][32m[2026-05-12 06:30:12,778] [    INFO][0m - loss: 7.72277927, learning_rate: 9e-05, global_step: 39, current_memory_allocated: 29.91601800918579, current_memory_reserved: 37.353517293930054, max_memory_allocated: 35.45581269264221, max_memory_reserved: 37.353517293930054, interval_runtime: 4.0298, interval_samples_per_second: 0.9926, interval_steps_per_second: 0.2482, global_norm: 2.475644111633301, ppl: 2259.2298729237737, progress_or_epoch: 0.13, cpu_used_memory: 267.53, cpu_available_memory: 1242.63[0m
[32m[2026-05-12 06:30:12,778] [    INFO][0m - [DataLoad global_step: 39] data_load_time: 0.25 ms (accumulated over 4 micro-batches)[0m

TrainProcess:  13%|█▎        | 40/300 [02:46<17:28,  4.03s/it][32m[2026-05-12 06:30:16,809] [    INFO][0m - loss: 8.37596512, learning_rate: 8.966e-05, global_step: 40, current_memory_allocated: 29.91601800918579, current_memory_reserved: 37.353517293930054, max_memory_allocated: 35.45581269264221, max_memory_reserved: 37.353517293930054, interval_runtime: 4.0314, interval_samples_per_second: 0.9922, interval_steps_per_second: 0.2481, global_norm: 9.419905662536621, ppl: 4341.456283482814, progress_or_epoch: 0.1333, cpu_used_memory: 267.53, cpu_available_memory: 1242.63[0m
[32m[2026-05-12 06:30:16,810] [    INFO][0m - [DataLoad global_step: 40] data_load_time: 0.60 ms (accumulated over 4 micro-batches)[0m

TrainProcess:  14%|█▎        | 41/300 [02:50<17:23,  4.03s/it][32m[2026-05-12 06:30:20,839] [    INFO][0m - loss: 7.59186268, learning_rate: 8.931e-05, global_step: 41, current_memory_allocated: 29.91601800918579, current_memory_reserved: 37.353517293930054, max_memory_allocated: 35.45581269264221, max_memory_reserved: 37.353517293930054, interval_runtime: 4.0296, interval_samples_per_second: 0.9926, interval_steps_per_second: 0.2482, global_norm: 4.999484539031982, ppl: 1982.0019128490758, progress_or_epoch: 0.1367, cpu_used_memory: 267.59, cpu_available_memory: 1242.57[0m
[32m[2026-05-12 06:30:20,839] [    INFO][0m - [DataLoad global_step: 41] data_load_time: 0.26 ms (accumulated over 4 micro-batches)[0m

TrainProcess:  14%|█▍        | 42/300 [02:54<17:20,  4.03s/it][32m[2026-05-12 06:30:24,871] [    INFO][0m - loss: 7.43380404, learning_rate: 8.897e-05, global_step: 42, current_memory_allocated: 29.91601800918579, current_memory_reserved: 37.353517293930054, max_memory_allocated: 35.45581269264221, max_memory_reserved: 37.353517293930054, interval_runtime: 4.0316, interval_samples_per_second: 0.9922, interval_steps_per_second: 0.248, global_norm: 3.1999292373657227, ppl: 1692.2326657142248, progress_or_epoch: 0.14, cpu_used_memory: 267.75, cpu_available_memory: 1242.41[0m
[32m[2026-05-12 06:30:24,871] [    INFO][0m - [DataLoad global_step: 42] data_load_time: 0.26 ms (accumulated over 4 micro-batches)[0m

TrainProcess:  14%|█▍        | 43/300 [02:58<17:15,  4.03s/it][32m[2026-05-12 06:30:28,901] [    INFO][0m - loss: 7.40306282, learning_rate: 8.862e-05, global_step: 43, current_memory_allocated: 29.91601800918579, current_memory_reserved: 37.353517293930054, max_memory_allocated: 35.45581269264221, max_memory_reserved: 37.353517293930054, interval_runtime: 4.0298, interval_samples_per_second: 0.9926, interval_steps_per_second: 0.2482, global_norm: 1.7630410194396973, ppl: 1641.0028371436129, progress_or_epoch: 0.1433, cpu_used_memory: 267.84, cpu_available_memory: 1242.32[0m
[32m[2026-05-12 06:30:28,901] [    INFO][0m - [DataLoad global_step: 43] data_load_time: 0.71 ms (accumulated over 4 micro-batches)[0m

TrainProcess:  15%|█▍        | 44/300 [03:02<17:11,  4.03s/it][32m[2026-05-12 06:30:32,931] [    INFO][0m - loss: 7.96901798, learning_rate: 8.828e-05, global_step: 44, current_memory_allocated: 29.91601800918579, current_memory_reserved: 37.353517293930054, max_memory_allocated: 35.45581269264221, max_memory_reserved: 37.353517293930054, interval_runtime: 4.0299, interval_samples_per_second: 0.9926, interval_steps_per_second: 0.2481, global_norm: 5.101058483123779, ppl: 2890.017914857806, progress_or_epoch: 0.1467, cpu_used_memory: 267.83, cpu_available_memory: 1242.33[0m
[32m[2026-05-12 06:30:32,932] [    INFO][0m - [DataLoad global_step: 44] data_load_time: 0.24 ms (accumulated over 4 micro-batches)[0m

TrainProcess:  15%|█▌        | 45/300 [03:06<17:07,  4.03s/it][32m[2026-05-12 06:30:36,962] [    INFO][0m - loss: 7.49946976, learning_rate: 8.793e-05, global_step: 45, current_memory_allocated: 29.91601800918579, current_memory_reserved: 37.353517293930054, max_memory_allocated: 35.45581269264221, max_memory_reserved: 37.353517293930054, interval_runtime: 4.0296, interval_samples_per_second: 0.9926, interval_steps_per_second: 0.2482, global_norm: 3.003880262374878, ppl: 1807.083972170897, progress_or_epoch: 0.15, cpu_used_memory: 267.93, cpu_available_memory: 1242.23[0m
[32m[2026-05-12 06:30:36,962] [    INFO][0m - [DataLoad global_step: 45] data_load_time: 0.25 ms (accumulated over 4 micro-batches)[0m

TrainProcess:  15%|█▌        | 46/300 [03:10<17:03,  4.03s/it][32m[2026-05-12 06:30:40,993] [    INFO][0m - loss: 7.46235895, learning_rate: 8.759e-05, global_step: 46, current_memory_allocated: 29.91601800918579, current_memory_reserved: 37.353517293930054, max_memory_allocated: 35.45581269264221, max_memory_reserved: 37.353517293930054, interval_runtime: 4.0314, interval_samples_per_second: 0.9922, interval_steps_per_second: 0.2481, global_norm: 2.401210308074951, ppl: 1741.250739867702, progress_or_epoch: 0.1533, cpu_used_memory: 267.86, cpu_available_memory: 1242.29[0m
[32m[2026-05-12 06:30:40,993] [    INFO][0m - [DataLoad global_step: 46] data_load_time: 0.26 ms (accumulated over 4 micro-batches)[0m

TrainProcess:  16%|█▌        | 47/300 [03:14<16:59,  4.03s/it][32m[2026-05-12 06:30:45,024] [    INFO][0m - loss: 7.31400299, learning_rate: 8.724e-05, global_step: 47, current_memory_allocated: 29.91601800918579, current_memory_reserved: 37.353517293930054, max_memory_allocated: 35.45581269264221, max_memory_reserved: 37.353517293930054, interval_runtime: 4.0308, interval_samples_per_second: 0.9924, interval_steps_per_second: 0.2481, global_norm: 2.273153066635132, ppl: 1501.1743638348862, progress_or_epoch: 0.1567, cpu_used_memory: 267.79, cpu_available_memory: 1242.37[0m
[32m[2026-05-12 06:30:45,024] [    INFO][0m - [DataLoad global_step: 47] data_load_time: 0.22 ms (accumulated over 4 micro-batches)[0m

TrainProcess:  16%|█▌        | 48/300 [03:18<16:55,  4.03s/it][32m[2026-05-12 06:30:49,054] [    INFO][0m - loss: 7.4364357, learning_rate: 8.69e-05, global_step: 48, current_memory_allocated: 29.91601800918579, current_memory_reserved: 37.353517293930054, max_memory_allocated: 35.45581269264221, max_memory_reserved: 37.353517293930054, interval_runtime: 4.0295, interval_samples_per_second: 0.9927, interval_steps_per_second: 0.2482, global_norm: 1.9075320959091187, ppl: 1696.6919117674197, progress_or_epoch: 0.16, cpu_used_memory: 267.81, cpu_available_memory: 1242.35[0m
[32m[2026-05-12 06:30:49,054] [    INFO][0m - [DataLoad global_step: 48] data_load_time: 0.23 ms (accumulated over 4 micro-batches)[0m

TrainProcess:  16%|█▋        | 49/300 [03:22<16:51,  4.03s/it][32m[2026-05-12 06:30:53,083] [    INFO][0m - loss: 7.38509607, learning_rate: 8.655e-05, global_step: 49, current_memory_allocated: 29.91601800918579, current_memory_reserved: 37.353517293930054, max_memory_allocated: 35.45581269264221, max_memory_reserved: 37.353517293930054, interval_runtime: 4.0286, interval_samples_per_second: 0.9929, interval_steps_per_second: 0.2482, global_norm: 2.231619358062744, ppl: 1611.7826315134168, progress_or_epoch: 0.1633, cpu_used_memory: 267.79, cpu_available_memory: 1242.37[0m
[32m[2026-05-12 06:30:53,083] [    INFO][0m - [DataLoad global_step: 49] data_load_time: 0.21 ms (accumulated over 4 micro-batches)[0m

TrainProcess:  17%|█▋        | 50/300 [03:26<16:47,  4.03s/it][32m[2026-05-12 06:30:57,111] [    INFO][0m - loss: 7.65386724, learning_rate: 8.621e-05, global_step: 50, current_memory_allocated: 29.91601800918579, current_memory_reserved: 37.353517293930054, max_memory_allocated: 35.45581269264221, max_memory_reserved: 37.353517293930054, interval_runtime: 4.0283, interval_samples_per_second: 0.993, interval_steps_per_second: 0.2482, global_norm: 2.3799855709075928, ppl: 2108.7850184881104, progress_or_epoch: 0.1667, cpu_used_memory: 267.81, cpu_available_memory: 1242.35[0m
[32m[2026-05-12 06:30:57,111] [    INFO][0m - [DataLoad global_step: 50] data_load_time: 0.21 ms (accumulated over 4 micro-batches)[0m

TrainProcess:  17%|█▋        | 51/300 [03:30<16:43,  4.03s/it][32m[2026-05-12 06:31:01,143] [    INFO][0m - loss: 7.35632706, learning_rate: 8.586e-05, global_step: 51, current_memory_allocated: 29.91601800918579, current_memory_reserved: 37.353517293930054, max_memory_allocated: 35.45581269264221, max_memory_reserved: 37.353517293930054, interval_runtime: 4.0307, interval_samples_per_second: 0.9924, interval_steps_per_second: 0.2481, global_norm: 2.4470207691192627, ppl: 1566.073891024731, progress_or_epoch: 0.17, cpu_used_memory: 267.81, cpu_available_memory: 1242.35[0m
[32m[2026-05-12 06:31:01,143] [    INFO][0m - [DataLoad global_step: 51] data_load_time: 0.53 ms (accumulated over 4 micro-batches)[0m

TrainProcess:  17%|█▋        | 52/300 [03:34<16:39,  4.03s/it][32m[2026-05-12 06:31:05,174] [    INFO][0m - loss: 7.45420837, learning_rate: 8.552e-05, global_step: 52, current_memory_allocated: 29.91601800918579, current_memory_reserved: 37.353517293930054, max_memory_allocated: 35.45581269264221, max_memory_reserved: 37.353517293930054, interval_runtime: 4.0313, interval_samples_per_second: 0.9922, interval_steps_per_second: 0.2481, global_norm: 2.1933934688568115, ppl: 1727.1162169408688, progress_or_epoch: 0.1733, cpu_used_memory: 267.82, cpu_available_memory: 1242.34[0m
[32m[2026-05-12 06:31:05,174] [    INFO][0m - [DataLoad global_step: 52] data_load_time: 0.28 ms (accumulated over 4 micro-batches)[0m

TrainProcess:  18%|█▊        | 53/300 [03:38<16:35,  4.03s/it][32m[2026-05-12 06:31:09,205] [    INFO][0m - loss: 7.30758095, learning_rate: 8.517e-05, global_step: 53, current_memory_allocated: 29.91601800918579, current_memory_reserved: 37.353517293930054, max_memory_allocated: 35.45581269264221, max_memory_reserved: 37.353517293930054, interval_runtime: 4.0304, interval_samples_per_second: 0.9925, interval_steps_per_second: 0.2481, global_norm: 1.5514135360717773, ppl: 1491.5646520276061, progress_or_epoch: 0.1767, cpu_used_memory: 267.75, cpu_available_memory: 1242.4[0m
[32m[2026-05-12 06:31:09,205] [    INFO][0m - [DataLoad global_step: 53] data_load_time: 0.27 ms (accumulated over 4 micro-batches)[0m

TrainProcess:  18%|█▊        | 54/300 [03:42<16:31,  4.03s/it][32m[2026-05-12 06:31:13,234] [    INFO][0m - loss: 7.15189266, learning_rate: 8.483e-05, global_step: 54, current_memory_allocated: 29.91601800918579, current_memory_reserved: 37.353517293930054, max_memory_allocated: 35.45581269264221, max_memory_reserved: 37.353517293930054, interval_runtime: 4.0295, interval_samples_per_second: 0.9927, interval_steps_per_second: 0.2482, global_norm: 2.089170455932617, ppl: 1276.5196880178426, progress_or_epoch: 0.18, cpu_used_memory: 267.77, cpu_available_memory: 1242.39[0m
[32m[2026-05-12 06:31:13,235] [    INFO][0m - [DataLoad global_step: 54] data_load_time: 0.26 ms (accumulated over 4 micro-batches)[0m

TrainProcess:  18%|█▊        | 55/300 [03:46<16:27,  4.03s/it][32m[2026-05-12 06:31:17,266] [    INFO][0m - loss: 7.55068207, learning_rate: 8.448e-05, global_step: 55, current_memory_allocated: 29.91601800918579, current_memory_reserved: 37.353517293930054, max_memory_allocated: 35.45581269264221, max_memory_reserved: 37.353517293930054, interval_runtime: 4.0312, interval_samples_per_second: 0.9923, interval_steps_per_second: 0.2481, global_norm: 2.100649833679199, ppl: 1902.0396131661591, progress_or_epoch: 0.1833, cpu_used_memory: 267.75, cpu_available_memory: 1242.41[0m
[32m[2026-05-12 06:31:17,266] [    INFO][0m - [DataLoad global_step: 55] data_load_time: 0.33 ms (accumulated over 4 micro-batches)[0m

TrainProcess:  19%|█▊        | 56/300 [03:50<16:23,  4.03s/it][32m[2026-05-12 06:31:21,298] [    INFO][0m - loss: 7.69633961, learning_rate: 8.414e-05, global_step: 56, current_memory_allocated: 29.91601800918579, current_memory_reserved: 37.353517293930054, max_memory_allocated: 35.45581269264221, max_memory_reserved: 37.353517293930054, interval_runtime: 4.0321, interval_samples_per_second: 0.992, interval_steps_per_second: 0.248, global_norm: 2.4669084548950195, ppl: 2200.279353172356, progress_or_epoch: 0.1867, cpu_used_memory: 267.81, cpu_available_memory: 1242.35[0m
[32m[2026-05-12 06:31:21,298] [    INFO][0m - [DataLoad global_step: 56] data_load_time: 0.24 ms (accumulated over 4 micro-batches)[0m

TrainProcess:  19%|█▉        | 57/300 [03:54<16:19,  4.03s/it][32m[2026-05-12 06:31:25,331] [    INFO][0m - loss: 7.36127281, learning_rate: 8.379e-05, global_step: 57, current_memory_allocated: 29.91601800918579, current_memory_reserved: 37.353517293930054, max_memory_allocated: 35.45581269264221, max_memory_reserved: 37.353517293930054, interval_runtime: 4.0321, interval_samples_per_second: 0.992, interval_steps_per_second: 0.248, global_norm: 1.9609274864196777, ppl: 1573.8384860169951, progress_or_epoch: 0.19, cpu_used_memory: 267.88, cpu_available_memory: 1242.28[0m
[32m[2026-05-12 06:31:25,331] [    INFO][0m - [DataLoad global_step: 57] data_load_time: 0.64 ms (accumulated over 4 micro-batches)[0m

TrainProcess:  19%|█▉        | 58/300 [03:58<16:15,  4.03s/it][32m[2026-05-12 06:31:29,363] [    INFO][0m - loss: 7.33795977, learning_rate: 8.345e-05, global_step: 58, current_memory_allocated: 29.91601800918579, current_memory_reserved: 37.353517293930054, max_memory_allocated: 35.45581269264221, max_memory_reserved: 37.353517293930054, interval_runtime: 4.0323, interval_samples_per_second: 0.992, interval_steps_per_second: 0.248, global_norm: 2.2579073905944824, ppl: 1537.571911047604, progress_or_epoch: 0.1933, cpu_used_memory: 267.85, cpu_available_memory: 1242.3[0m
[32m[2026-05-12 06:31:29,364] [    INFO][0m - [DataLoad global_step: 58] data_load_time: 0.51 ms (accumulated over 4 micro-batches)[0m

TrainProcess:  20%|█▉        | 59/300 [04:02<16:11,  4.03s/it][32m[2026-05-12 06:31:33,394] [    INFO][0m - loss: 7.86388445, learning_rate: 8.31e-05, global_step: 59, current_memory_allocated: 29.91601800918579, current_memory_reserved: 37.353517293930054, max_memory_allocated: 35.45581269264221, max_memory_reserved: 37.353517293930054, interval_runtime: 4.0302, interval_samples_per_second: 0.9925, interval_steps_per_second: 0.2481, global_norm: 2.0250465869903564, ppl: 2601.606583738286, progress_or_epoch: 0.1967, cpu_used_memory: 267.83, cpu_available_memory: 1242.33[0m
[32m[2026-05-12 06:31:33,394] [    INFO][0m - [DataLoad global_step: 59] data_load_time: 0.27 ms (accumulated over 4 micro-batches)[0m

TrainProcess:  20%|██        | 60/300 [04:06<16:07,  4.03s/it][32m[2026-05-12 06:31:37,426] [    INFO][0m - loss: 7.92954874, learning_rate: 8.276e-05, global_step: 60, current_memory_allocated: 29.91601800918579, current_memory_reserved: 37.353517293930054, max_memory_allocated: 35.45581269264221, max_memory_reserved: 37.353517293930054, interval_runtime: 4.0324, interval_samples_per_second: 0.992, interval_steps_per_second: 0.248, global_norm: 3.720416307449341, ppl: 2778.17284332972, progress_or_epoch: 0.2, cpu_used_memory: 267.83, cpu_available_memory: 1242.33[0m
[32m[2026-05-12 06:31:37,427] [    INFO][0m - [DataLoad global_step: 60] data_load_time: 0.42 ms (accumulated over 4 micro-batches)[0m

TrainProcess:  20%|██        | 61/300 [04:10<16:03,  4.03s/it][32m[2026-05-12 06:31:41,458] [    INFO][0m - loss: 7.29794073, learning_rate: 8.241e-05, global_step: 61, current_memory_allocated: 29.91601800918579, current_memory_reserved: 37.353517293930054, max_memory_allocated: 35.45581269264221, max_memory_reserved: 37.353517293930054, interval_runtime: 4.0314, interval_samples_per_second: 0.9922, interval_steps_per_second: 0.248, global_norm: 2.404707431793213, ppl: 1477.2547268740227, progress_or_epoch: 0.2033, cpu_used_memory: 267.8, cpu_available_memory: 1242.35[0m
[32m[2026-05-12 06:31:41,458] [    INFO][0m - [DataLoad global_step: 61] data_load_time: 0.23 ms (accumulated over 4 micro-batches)[0m

TrainProcess:  21%|██        | 62/300 [04:14<15:59,  4.03s/it][32m[2026-05-12 06:31:45,490] [    INFO][0m - loss: 7.24650192, learning_rate: 8.207e-05, global_step: 62, current_memory_allocated: 29.91601800918579, current_memory_reserved: 37.353517293930054, max_memory_allocated: 35.45581269264221, max_memory_reserved: 37.353517293930054, interval_runtime: 4.0313, interval_samples_per_second: 0.9922, interval_steps_per_second: 0.2481, global_norm: 2.611083984375, ppl: 1403.1877899428603, progress_or_epoch: 0.2067, cpu_used_memory: 267.8, cpu_available_memory: 1242.36[0m
[32m[2026-05-12 06:31:45,490] [    INFO][0m - [DataLoad global_step: 62] data_load_time: 0.82 ms (accumulated over 4 micro-batches)[0m

TrainProcess:  21%|██        | 63/300 [04:18<15:55,  4.03s/it][32m[2026-05-12 06:31:49,521] [    INFO][0m - loss: 7.46213675, learning_rate: 8.172e-05, global_step: 63, current_memory_allocated: 29.91601800918579, current_memory_reserved: 37.353517293930054, max_memory_allocated: 35.45581269264221, max_memory_reserved: 37.353517293930054, interval_runtime: 4.0308, interval_samples_per_second: 0.9924, interval_steps_per_second: 0.2481, global_norm: 2.2539608478546143, ppl: 1740.8638769353674, progress_or_epoch: 0.21, cpu_used_memory: 267.82, cpu_available_memory: 1242.34[0m
[32m[2026-05-12 06:31:49,521] [    INFO][0m - [DataLoad global_step: 63] data_load_time: 0.44 ms (accumulated over 4 micro-batches)[0m

TrainProcess:  21%|██▏       | 64/300 [04:22<15:51,  4.03s/it][32m[2026-05-12 06:31:53,553] [    INFO][0m - loss: 7.37926006, learning_rate: 8.138e-05, global_step: 64, current_memory_allocated: 29.91601800918579, current_memory_reserved: 37.353517293930054, max_memory_allocated: 35.45581269264221, max_memory_reserved: 37.353517293930054, interval_runtime: 4.0315, interval_samples_per_second: 0.9922, interval_steps_per_second: 0.248, global_norm: 2.599966049194336, ppl: 1602.4036465031315, progress_or_epoch: 0.2133, cpu_used_memory: 267.86, cpu_available_memory: 1242.29[0m
[32m[2026-05-12 06:31:53,553] [    INFO][0m - [DataLoad global_step: 64] data_load_time: 0.27 ms (accumulated over 4 micro-batches)[0m

TrainProcess:  22%|██▏       | 65/300 [04:26<15:47,  4.03s/it][32m[2026-05-12 06:31:57,583] [    INFO][0m - loss: 7.4541111, learning_rate: 8.103e-05, global_step: 65, current_memory_allocated: 29.91601800918579, current_memory_reserved: 37.353517293930054, max_memory_allocated: 35.45581269264221, max_memory_reserved: 37.353517293930054, interval_runtime: 4.0304, interval_samples_per_second: 0.9925, interval_steps_per_second: 0.2481, global_norm: 2.270188093185425, ppl: 1726.948228516697, progress_or_epoch: 0.2167, cpu_used_memory: 267.85, cpu_available_memory: 1242.31[0m
[32m[2026-05-12 06:31:57,583] [    INFO][0m - [DataLoad global_step: 65] data_load_time: 0.52 ms (accumulated over 4 micro-batches)[0m

TrainProcess:  22%|██▏       | 66/300 [04:30<15:43,  4.03s/it][32m[2026-05-12 06:32:01,615] [    INFO][0m - loss: 7.25728083, learning_rate: 8.069e-05, global_step: 66, current_memory_allocated: 29.91601800918579, current_memory_reserved: 37.353517293930054, max_memory_allocated: 35.45581269264221, max_memory_reserved: 37.353517293930054, interval_runtime: 4.0319, interval_samples_per_second: 0.9921, interval_steps_per_second: 0.248, global_norm: 1.6282254457473755, ppl: 1418.394433131343, progress_or_epoch: 0.22, cpu_used_memory: 267.65, cpu_available_memory: 1242.51[0m
[32m[2026-05-12 06:32:01,616] [    INFO][0m - [DataLoad global_step: 66] data_load_time: 1.77 ms (accumulated over 4 micro-batches)[0m

TrainProcess:  22%|██▏       | 67/300 [04:34<15:39,  4.03s/it][32m[2026-05-12 06:32:05,647] [    INFO][0m - loss: 8.47144604, learning_rate: 8.034e-05, global_step: 67, current_memory_allocated: 29.91601800918579, current_memory_reserved: 37.353517293930054, max_memory_allocated: 35.45581269264221, max_memory_reserved: 37.353517293930054, interval_runtime: 4.0314, interval_samples_per_second: 0.9922, interval_steps_per_second: 0.2481, global_norm: 5.216060638427734, ppl: 4776.417368649635, progress_or_epoch: 0.2233, cpu_used_memory: 267.67, cpu_available_memory: 1242.49[0m
[32m[2026-05-12 06:32:05,647] [    INFO][0m - [DataLoad global_step: 67] data_load_time: 0.91 ms (accumulated over 4 micro-batches)[0m

TrainProcess:  23%|██▎       | 68/300 [04:38<15:35,  4.03s/it][32m[2026-05-12 06:32:09,678] [    INFO][0m - loss: 7.18701887, learning_rate: 8e-05, global_step: 68, current_memory_allocated: 29.91601800918579, current_memory_reserved: 37.353517293930054, max_memory_allocated: 35.45581269264221, max_memory_reserved: 37.353517293930054, interval_runtime: 4.0308, interval_samples_per_second: 0.9924, interval_steps_per_second: 0.2481, global_norm: 4.208384037017822, ppl: 1322.1558063364992, progress_or_epoch: 0.2267, cpu_used_memory: 267.67, cpu_available_memory: 1242.49[0m
[32m[2026-05-12 06:32:09,678] [    INFO][0m - [DataLoad global_step: 68] data_load_time: 0.21 ms (accumulated over 4 micro-batches)[0m

TrainProcess:  23%|██▎       | 69/300 [04:42<15:31,  4.03s/it][32m[2026-05-12 06:32:13,711] [    INFO][0m - loss: 7.31005287, learning_rate: 7.966e-05, global_step: 69, current_memory_allocated: 29.91601800918579, current_memory_reserved: 37.353517293930054, max_memory_allocated: 35.45581269264221, max_memory_reserved: 37.353517293930054, interval_runtime: 4.0319, interval_samples_per_second: 0.9921, interval_steps_per_second: 0.248, global_norm: 2.706533670425415, ppl: 1495.256241299168, progress_or_epoch: 0.23, cpu_used_memory: 267.74, cpu_available_memory: 1242.42[0m
[32m[2026-05-12 06:32:13,711] [    INFO][0m - [DataLoad global_step: 69] data_load_time: 0.60 ms (accumulated over 4 micro-batches)[0m

TrainProcess:  23%|██▎       | 70/300 [04:46<15:27,  4.03s/it][32m[2026-05-12 06:32:17,743] [    INFO][0m - loss: 7.32090425, learning_rate: 7.931e-05, global_step: 70, current_memory_allocated: 29.91601800918579, current_memory_reserved: 37.353517293930054, max_memory_allocated: 35.45581269264221, max_memory_reserved: 37.353517293930054, interval_runtime: 4.0327, interval_samples_per_second: 0.9919, interval_steps_per_second: 0.248, global_norm: 2.2407987117767334, ppl: 1511.5701893118417, progress_or_epoch: 0.2333, cpu_used_memory: 267.75, cpu_available_memory: 1242.41[0m
[32m[2026-05-12 06:32:17,744] [    INFO][0m - [DataLoad global_step: 70] data_load_time: 0.29 ms (accumulated over 4 micro-batches)[0m

TrainProcess:  24%|██▎       | 71/300 [04:50<15:23,  4.03s/it][32m[2026-05-12 06:32:21,774] [    INFO][0m - loss: 7.35120487, learning_rate: 7.897e-05, global_step: 71, current_memory_allocated: 29.91601800918579, current_memory_reserved: 37.353517293930054, max_memory_allocated: 35.45581269264221, max_memory_reserved: 37.353517293930054, interval_runtime: 4.0308, interval_samples_per_second: 0.9924, interval_steps_per_second: 0.2481, global_norm: 2.3321826457977295, ppl: 1558.072672375816, progress_or_epoch: 0.2367, cpu_used_memory: 267.8, cpu_available_memory: 1242.35[0m
[32m[2026-05-12 06:32:21,774] [    INFO][0m - [DataLoad global_step: 71] data_load_time: 0.24 ms (accumulated over 4 micro-batches)[0m

TrainProcess:  24%|██▍       | 72/300 [04:55<15:19,  4.03s/it][32m[2026-05-12 06:32:25,809] [    INFO][0m - loss: 7.66878605, learning_rate: 7.862e-05, global_step: 72, current_memory_allocated: 29.91601800918579, current_memory_reserved: 37.353517293930054, max_memory_allocated: 35.45581269264221, max_memory_reserved: 37.353517293930054, interval_runtime: 4.034, interval_samples_per_second: 0.9916, interval_steps_per_second: 0.2479, global_norm: 2.083404064178467, ppl: 2140.4814299908576, progress_or_epoch: 0.24, cpu_used_memory: 267.87, cpu_available_memory: 1242.29[0m
[32m[2026-05-12 06:32:25,809] [    INFO][0m - [DataLoad global_step: 72] data_load_time: 0.25 ms (accumulated over 4 micro-batches)[0m

TrainProcess:  24%|██▍       | 73/300 [04:59<15:15,  4.03s/it][32m[2026-05-12 06:32:29,841] [    INFO][0m - loss: 7.26288509, learning_rate: 7.828e-05, global_step: 73, current_memory_allocated: 29.91601800918579, current_memory_reserved: 37.353517293930054, max_memory_allocated: 35.45581269264221, max_memory_reserved: 37.353517293930054, interval_runtime: 4.0324, interval_samples_per_second: 0.992, interval_steps_per_second: 0.248, global_norm: 1.9900486469268799, ppl: 1426.365800260603, progress_or_epoch: 0.2433, cpu_used_memory: 267.93, cpu_available_memory: 1242.23[0m
[32m[2026-05-12 06:32:29,841] [    INFO][0m - [DataLoad global_step: 73] data_load_time: 0.40 ms (accumulated over 4 micro-batches)[0m

TrainProcess:  25%|██▍       | 74/300 [05:03<15:11,  4.03s/it][32m[2026-05-12 06:32:33,872] [    INFO][0m - loss: 7.79829741, learning_rate: 7.793e-05, global_step: 74, current_memory_allocated: 29.91601800918579, current_memory_reserved: 37.353517293930054, max_memory_allocated: 35.45581269264221, max_memory_reserved: 37.353517293930054, interval_runtime: 4.0303, interval_samples_per_second: 0.9925, interval_steps_per_second: 0.2481, global_norm: 13.223867416381836, ppl: 2436.450168520689, progress_or_epoch: 0.2467, cpu_used_memory: 267.87, cpu_available_memory: 1242.29[0m
[32m[2026-05-12 06:32:33,872] [    INFO][0m - [DataLoad global_step: 74] data_load_time: 0.75 ms (accumulated over 4 micro-batches)[0m

TrainProcess:  25%|██▌       | 75/300 [05:07<15:07,  4.03s/it][32m[2026-05-12 06:32:37,904] [    INFO][0m - loss: 7.46386766, learning_rate: 7.759e-05, global_step: 75, current_memory_allocated: 29.91601800918579, current_memory_reserved: 37.353517293930054, max_memory_allocated: 35.45581269264221, max_memory_reserved: 37.353517293930054, interval_runtime: 4.0316, interval_samples_per_second: 0.9922, interval_steps_per_second: 0.248, global_norm: 5.779007911682129, ppl: 1743.8797649910118, progress_or_epoch: 0.25, cpu_used_memory: 267.84, cpu_available_memory: 1242.32[0m
[32m[2026-05-12 06:32:37,904] [    INFO][0m - [DataLoad global_step: 75] data_load_time: 0.69 ms (accumulated over 4 micro-batches)[0m

TrainProcess:  25%|██▌       | 76/300 [05:11<15:03,  4.03s/it][32m[2026-05-12 06:32:41,937] [    INFO][0m - loss: 7.20905685, learning_rate: 7.724e-05, global_step: 76, current_memory_allocated: 29.91601800918579, current_memory_reserved: 37.353517293930054, max_memory_allocated: 35.45581269264221, max_memory_reserved: 37.353517293930054, interval_runtime: 4.0326, interval_samples_per_second: 0.9919, interval_steps_per_second: 0.248, global_norm: 2.753720760345459, ppl: 1351.6168885635857, progress_or_epoch: 0.2533, cpu_used_memory: 267.83, cpu_available_memory: 1242.33[0m
[32m[2026-05-12 06:32:41,937] [    INFO][0m - [DataLoad global_step: 76] data_load_time: 0.27 ms (accumulated over 4 micro-batches)[0m

TrainProcess:  26%|██▌       | 77/300 [05:15<14:59,  4.03s/it][32m[2026-05-12 06:32:45,968] [    INFO][0m - loss: 7.21984673, learning_rate: 7.69e-05, global_step: 77, current_memory_allocated: 29.91601800918579, current_memory_reserved: 37.353517293930054, max_memory_allocated: 35.45581269264221, max_memory_reserved: 37.353517293930054, interval_runtime: 4.031, interval_samples_per_second: 0.9923, interval_steps_per_second: 0.2481, global_norm: 2.065453290939331, ppl: 1366.2796349796633, progress_or_epoch: 0.2567, cpu_used_memory: 267.84, cpu_available_memory: 1242.32[0m
[32m[2026-05-12 06:32:45,968] [    INFO][0m - [DataLoad global_step: 77] data_load_time: 0.23 ms (accumulated over 4 micro-batches)[0m

TrainProcess:  26%|██▌       | 78/300 [05:19<14:55,  4.03s/it][32m[2026-05-12 06:32:50,001] [    INFO][0m - loss: 7.06468058, learning_rate: 7.655e-05, global_step: 78, current_memory_allocated: 29.91601800918579, current_memory_reserved: 37.353517293930054, max_memory_allocated: 35.45581269264221, max_memory_reserved: 37.353517293930054, interval_runtime: 4.0326, interval_samples_per_second: 0.9919, interval_steps_per_second: 0.248, global_norm: 2.4449665546417236, ppl: 1169.9082196836205, progress_or_epoch: 0.26, cpu_used_memory: 267.83, cpu_available_memory: 1242.33[0m
[32m[2026-05-12 06:32:50,001] [    INFO][0m - [DataLoad global_step: 78] data_load_time: 0.48 ms (accumulated over 4 micro-batches)[0m

TrainProcess:  26%|██▋       | 79/300 [05:23<14:51,  4.03s/it][32m[2026-05-12 06:32:54,032] [    INFO][0m - loss: 7.09263372, learning_rate: 7.621e-05, global_step: 79, current_memory_allocated: 29.91601800918579, current_memory_reserved: 37.353517293930054, max_memory_allocated: 35.45581269264221, max_memory_reserved: 37.353517293930054, interval_runtime: 4.0313, interval_samples_per_second: 0.9922, interval_steps_per_second: 0.2481, global_norm: 2.142812967300415, ppl: 1203.0721870081954, progress_or_epoch: 0.2633, cpu_used_memory: 267.82, cpu_available_memory: 1242.34[0m
[32m[2026-05-12 06:32:54,032] [    INFO][0m - [DataLoad global_step: 79] data_load_time: 0.47 ms (accumulated over 4 micro-batches)[0m

TrainProcess:  27%|██▋       | 80/300 [05:27<14:47,  4.03s/it][32m[2026-05-12 06:32:58,064] [    INFO][0m - loss: 7.41194296, learning_rate: 7.586e-05, global_step: 80, current_memory_allocated: 29.91601800918579, current_memory_reserved: 37.353517293930054, max_memory_allocated: 35.45581269264221, max_memory_reserved: 37.353517293930054, interval_runtime: 4.0317, interval_samples_per_second: 0.9921, interval_steps_per_second: 0.248, global_norm: 2.248389959335327, ppl: 1655.6400662124518, progress_or_epoch: 0.2667, cpu_used_memory: 267.92, cpu_available_memory: 1242.23[0m
[32m[2026-05-12 06:32:58,064] [    INFO][0m - [DataLoad global_step: 80] data_load_time: 0.20 ms (accumulated over 4 micro-batches)[0m

TrainProcess:  27%|██▋       | 81/300 [05:31<14:43,  4.03s/it][32m[2026-05-12 06:33:02,100] [    INFO][0m - loss: 8.15425491, learning_rate: 7.552e-05, global_step: 81, current_memory_allocated: 29.91601800918579, current_memory_reserved: 37.353517293930054, max_memory_allocated: 35.45581269264221, max_memory_reserved: 37.353517293930054, interval_runtime: 4.0355, interval_samples_per_second: 0.9912, interval_steps_per_second: 0.2478, global_norm: 11.344522476196289, ppl: 3478.1468271674544, progress_or_epoch: 0.27, cpu_used_memory: 267.94, cpu_available_memory: 1242.22[0m
[32m[2026-05-12 06:33:02,101] [    INFO][0m - [DataLoad global_step: 81] data_load_time: 1.00 ms (accumulated over 4 micro-batches)[0m

TrainProcess:  27%|██▋       | 82/300 [05:35<14:39,  4.03s/it][32m[2026-05-12 06:33:06,136] [    INFO][0m - loss: 7.17875433, learning_rate: 7.517e-05, global_step: 82, current_memory_allocated: 29.91601800918579, current_memory_reserved: 37.353517293930054, max_memory_allocated: 35.45581269264221, max_memory_reserved: 37.353517293930054, interval_runtime: 4.0352, interval_samples_per_second: 0.9913, interval_steps_per_second: 0.2478, global_norm: 2.5465846061706543, ppl: 1311.2738260085603, progress_or_epoch: 0.2733, cpu_used_memory: 267.87, cpu_available_memory: 1242.28[0m
[32m[2026-05-12 06:33:06,136] [    INFO][0m - [DataLoad global_step: 82] data_load_time: 0.65 ms (accumulated over 4 micro-batches)[0m

TrainProcess:  28%|██▊       | 83/300 [05:39<14:35,  4.03s/it][32m[2026-05-12 06:33:10,168] [    INFO][0m - loss: 7.49978542, learning_rate: 7.483e-05, global_step: 83, current_memory_allocated: 29.91601800918579, current_memory_reserved: 37.353517293930054, max_memory_allocated: 35.45581269264221, max_memory_reserved: 37.353517293930054, interval_runtime: 4.032, interval_samples_per_second: 0.9921, interval_steps_per_second: 0.248, global_norm: 1.870913028717041, ppl: 1807.6544863370661, progress_or_epoch: 0.2767, cpu_used_memory: 267.89, cpu_available_memory: 1242.27[0m
[32m[2026-05-12 06:33:10,168] [    INFO][0m - [DataLoad global_step: 83] data_load_time: 1.07 ms (accumulated over 4 micro-batches)[0m

TrainProcess:  28%|██▊       | 84/300 [05:43<14:31,  4.03s/it][32m[2026-05-12 06:33:14,199] [    INFO][0m - loss: 7.00981045, learning_rate: 7.448e-05, global_step: 84, current_memory_allocated: 29.91601800918579, current_memory_reserved: 37.353517293930054, max_memory_allocated: 35.45581269264221, max_memory_reserved: 37.353517293930054, interval_runtime: 4.0311, interval_samples_per_second: 0.9923, interval_steps_per_second: 0.2481, global_norm: 1.9471697807312012, ppl: 1107.4445688866135, progress_or_epoch: 0.28, cpu_used_memory: 267.9, cpu_available_memory: 1242.26[0m
[32m[2026-05-12 06:33:14,200] [    INFO][0m - [DataLoad global_step: 84] data_load_time: 0.23 ms (accumulated over 4 micro-batches)[0m

TrainProcess:  28%|██▊       | 85/300 [05:47<14:27,  4.03s/it][32m[2026-05-12 06:33:18,233] [    INFO][0m - loss: 7.07136822, learning_rate: 7.414e-05, global_step: 85, current_memory_allocated: 29.91601800918579, current_memory_reserved: 37.353517293930054, max_memory_allocated: 35.45581269264221, max_memory_reserved: 37.353517293930054, interval_runtime: 4.0333, interval_samples_per_second: 0.9917, interval_steps_per_second: 0.2479, global_norm: 2.032796621322632, ppl: 1177.7583649046833, progress_or_epoch: 0.2833, cpu_used_memory: 267.92, cpu_available_memory: 1242.24[0m
[32m[2026-05-12 06:33:18,233] [    INFO][0m - [DataLoad global_step: 85] data_load_time: 0.45 ms (accumulated over 4 micro-batches)[0m

TrainProcess:  29%|██▊       | 86/300 [05:51<14:23,  4.03s/it][32m[2026-05-12 06:33:22,267] [    INFO][0m - loss: 6.94818735, learning_rate: 7.379e-05, global_step: 86, current_memory_allocated: 29.91601800918579, current_memory_reserved: 37.353517293930054, max_memory_allocated: 35.45581269264221, max_memory_reserved: 37.353517293930054, interval_runtime: 4.0337, interval_samples_per_second: 0.9916, interval_steps_per_second: 0.2479, global_norm: 1.870495319366455, ppl: 1041.2605755290597, progress_or_epoch: 0.2867, cpu_used_memory: 267.99, cpu_available_memory: 1242.17[0m
[32m[2026-05-12 06:33:22,267] [    INFO][0m - [DataLoad global_step: 86] data_load_time: 0.60 ms (accumulated over 4 micro-batches)[0m

TrainProcess:  29%|██▉       | 87/300 [05:55<14:19,  4.03s/it][32m[2026-05-12 06:33:26,302] [    INFO][0m - loss: 7.15816164, learning_rate: 7.345e-05, global_step: 87, current_memory_allocated: 29.91601800918579, current_memory_reserved: 37.353517293930054, max_memory_allocated: 35.45581269264221, max_memory_reserved: 37.353517293930054, interval_runtime: 4.0345, interval_samples_per_second: 0.9914, interval_steps_per_second: 0.2479, global_norm: 2.221137285232544, ppl: 1284.5473005924848, progress_or_epoch: 0.29, cpu_used_memory: 268.03, cpu_available_memory: 1242.13[0m
[32m[2026-05-12 06:33:26,302] [    INFO][0m - [DataLoad global_step: 87] data_load_time: 0.24 ms (accumulated over 4 micro-batches)[0m

TrainProcess:  29%|██▉       | 88/300 [05:59<14:15,  4.03s/it][32m[2026-05-12 06:33:30,338] [    INFO][0m - loss: 6.98447323, learning_rate: 7.31e-05, global_step: 88, current_memory_allocated: 29.91601800918579, current_memory_reserved: 37.353517293930054, max_memory_allocated: 35.45581269264221, max_memory_reserved: 37.353517293930054, interval_runtime: 4.0354, interval_samples_per_second: 0.9912, interval_steps_per_second: 0.2478, global_norm: 2.9909520149230957, ppl: 1079.7374945798026, progress_or_epoch: 0.2933, cpu_used_memory: 268.02, cpu_available_memory: 1242.14[0m
[32m[2026-05-12 06:33:30,338] [    INFO][0m - [DataLoad global_step: 88] data_load_time: 0.82 ms (accumulated over 4 micro-batches)[0m

TrainProcess:  30%|██▉       | 89/300 [06:03<14:11,  4.03s/it][32m[2026-05-12 06:33:34,369] [    INFO][0m - loss: 6.85488987, learning_rate: 7.276e-05, global_step: 89, current_memory_allocated: 29.91601800918579, current_memory_reserved: 37.353517293930054, max_memory_allocated: 35.45581269264221, max_memory_reserved: 37.353517293930054, interval_runtime: 4.0309, interval_samples_per_second: 0.9923, interval_steps_per_second: 0.2481, global_norm: 2.2678639888763428, ppl: 948.5076645037142, progress_or_epoch: 0.2967, cpu_used_memory: 268.1, cpu_available_memory: 1242.06[0m
[32m[2026-05-12 06:33:34,369] [    INFO][0m - [DataLoad global_step: 89] data_load_time: 0.47 ms (accumulated over 4 micro-batches)[0m

TrainProcess:  30%|███       | 90/300 [06:07<14:07,  4.03s/it][32m[2026-05-12 06:33:38,401] [    INFO][0m - loss: 6.96611881, learning_rate: 7.241e-05, global_step: 90, current_memory_allocated: 29.91601800918579, current_memory_reserved: 37.353517293930054, max_memory_allocated: 35.45581269264221, max_memory_reserved: 37.353517293930054, interval_runtime: 4.0321, interval_samples_per_second: 0.992, interval_steps_per_second: 0.248, global_norm: 1.7083346843719482, ppl: 1060.1003050130212, progress_or_epoch: 0.3, cpu_used_memory: 268.03, cpu_available_memory: 1242.13[0m
[32m[2026-05-12 06:33:38,401] [    INFO][0m - [DataLoad global_step: 90] data_load_time: 0.78 ms (accumulated over 4 micro-batches)[0m

TrainProcess:  30%|███       | 91/300 [06:11<14:02,  4.03s/it][32m[2026-05-12 06:33:42,433] [    INFO][0m - loss: 6.67152882, learning_rate: 7.207e-05, global_step: 91, current_memory_allocated: 29.91601800918579, current_memory_reserved: 37.353517293930054, max_memory_allocated: 35.45581269264221, max_memory_reserved: 37.353517293930054, interval_runtime: 4.0318, interval_samples_per_second: 0.9921, interval_steps_per_second: 0.248, global_norm: 3.1785247325897217, ppl: 789.6018412551696, progress_or_epoch: 0.3033, cpu_used_memory: 268.08, cpu_available_memory: 1242.08[0m
[32m[2026-05-12 06:33:42,433] [    INFO][0m - [DataLoad global_step: 91] data_load_time: 0.25 ms (accumulated over 4 micro-batches)[0m

TrainProcess:  31%|███       | 92/300 [06:15<13:58,  4.03s/it][32m[2026-05-12 06:33:46,465] [    INFO][0m - loss: 7.46445179, learning_rate: 7.172e-05, global_step: 92, current_memory_allocated: 29.91601800918579, current_memory_reserved: 37.353517293930054, max_memory_allocated: 35.45581269264221, max_memory_reserved: 37.353517293930054, interval_runtime: 4.0321, interval_samples_per_second: 0.992, interval_steps_per_second: 0.248, global_norm: 3.3777027130126953, ppl: 1744.898715048812, progress_or_epoch: 0.3067, cpu_used_memory: 268.14, cpu_available_memory: 1242.02[0m
[32m[2026-05-12 06:33:46,466] [    INFO][0m - [DataLoad global_step: 92] data_load_time: 0.52 ms (accumulated over 4 micro-batches)[0m

TrainProcess:  31%|███       | 93/300 [06:19<13:54,  4.03s/it][32m[2026-05-12 06:33:50,498] [    INFO][0m - loss: 6.76681614, learning_rate: 7.138e-05, global_step: 93, current_memory_allocated: 29.91601800918579, current_memory_reserved: 37.353517293930054, max_memory_allocated: 35.45581269264221, max_memory_reserved: 37.353517293930054, interval_runtime: 4.0317, interval_samples_per_second: 0.9921, interval_steps_per_second: 0.248, global_norm: 2.663559913635254, ppl: 868.5421704496837, progress_or_epoch: 0.31, cpu_used_memory: 268.11, cpu_available_memory: 1242.05[0m
[32m[2026-05-12 06:33:50,498] [    INFO][0m - [DataLoad global_step: 93] data_load_time: 0.95 ms (accumulated over 4 micro-batches)[0m

TrainProcess:  31%|███▏      | 94/300 [06:23<13:50,  4.03s/it][32m[2026-05-12 06:33:54,531] [    INFO][0m - loss: 7.9047842, learning_rate: 7.103e-05, global_step: 94, current_memory_allocated: 29.91601800918579, current_memory_reserved: 37.353517293930054, max_memory_allocated: 35.45581269264221, max_memory_reserved: 37.353517293930054, interval_runtime: 4.0335, interval_samples_per_second: 0.9917, interval_steps_per_second: 0.2479, global_norm: 2.536564350128174, ppl: 2710.2175841365233, progress_or_epoch: 0.3133, cpu_used_memory: 268.1, cpu_available_memory: 1242.06[0m
[32m[2026-05-12 06:33:54,532] [    INFO][0m - [DataLoad global_step: 94] data_load_time: 0.26 ms (accumulated over 4 micro-batches)[0m

TrainProcess:  32%|███▏      | 95/300 [06:27<13:46,  4.03s/it][32m[2026-05-12 06:33:58,564] [    INFO][0m - loss: 7.05380583, learning_rate: 7.069e-05, global_step: 95, current_memory_allocated: 29.91601800918579, current_memory_reserved: 37.353517293930054, max_memory_allocated: 35.45581269264221, max_memory_reserved: 37.353517293930054, interval_runtime: 4.0322, interval_samples_per_second: 0.992, interval_steps_per_second: 0.248, global_norm: 2.7571232318878174, ppl: 1157.254686974547, progress_or_epoch: 0.3167, cpu_used_memory: 268.12, cpu_available_memory: 1242.04[0m
[32m[2026-05-12 06:33:58,564] [    INFO][0m - [DataLoad global_step: 95] data_load_time: 0.25 ms (accumulated over 4 micro-batches)[0m

TrainProcess:  32%|███▏      | 96/300 [06:31<13:42,  4.03s/it][32m[2026-05-12 06:34:02,597] [    INFO][0m - loss: 6.80832958, learning_rate: 7.034e-05, global_step: 96, current_memory_allocated: 29.91601800918579, current_memory_reserved: 37.353517293930054, max_memory_allocated: 35.45581269264221, max_memory_reserved: 37.353517293930054, interval_runtime: 4.0332, interval_samples_per_second: 0.9918, interval_steps_per_second: 0.2479, global_norm: 3.3012938499450684, ppl: 905.3572163321963, progress_or_epoch: 0.32, cpu_used_memory: 268.11, cpu_available_memory: 1242.04[0m
[32m[2026-05-12 06:34:02,598] [    INFO][0m - [DataLoad global_step: 96] data_load_time: 0.24 ms (accumulated over 4 micro-batches)[0m

TrainProcess:  32%|███▏      | 97/300 [06:35<13:38,  4.03s/it][32m[2026-05-12 06:34:06,630] [    INFO][0m - loss: 6.70598698, learning_rate: 7e-05, global_step: 97, current_memory_allocated: 29.91601800918579, current_memory_reserved: 37.353517293930054, max_memory_allocated: 35.45581269264221, max_memory_reserved: 37.353517293930054, interval_runtime: 4.0326, interval_samples_per_second: 0.9919, interval_steps_per_second: 0.248, global_norm: 2.4365949630737305, ppl: 817.2842716034436, progress_or_epoch: 0.3233, cpu_used_memory: 268.12, cpu_available_memory: 1242.04[0m
[32m[2026-05-12 06:34:06,630] [    INFO][0m - [DataLoad global_step: 97] data_load_time: 0.56 ms (accumulated over 4 micro-batches)[0m

TrainProcess:  33%|███▎      | 98/300 [06:39<13:34,  4.03s/it][32m[2026-05-12 06:34:10,664] [    INFO][0m - loss: 7.55021524, learning_rate: 6.966e-05, global_step: 98, current_memory_allocated: 29.91601800918579, current_memory_reserved: 37.353517293930054, max_memory_allocated: 35.45581269264221, max_memory_reserved: 37.353517293930054, interval_runtime: 4.0332, interval_samples_per_second: 0.9918, interval_steps_per_second: 0.2479, global_norm: 3.8483543395996094, ppl: 1901.1518912372812, progress_or_epoch: 0.3267, cpu_used_memory: 268.1, cpu_available_memory: 1242.06[0m
[32m[2026-05-12 06:34:10,664] [    INFO][0m - [DataLoad global_step: 98] data_load_time: 0.55 ms (accumulated over 4 micro-batches)[0m

TrainProcess:  33%|███▎      | 99/300 [06:43<13:30,  4.03s/it][32m[2026-05-12 06:34:14,697] [    INFO][0m - loss: 7.12056446, learning_rate: 6.931e-05, global_step: 99, current_memory_allocated: 29.91601800918579, current_memory_reserved: 37.353517293930054, max_memory_allocated: 35.45581269264221, max_memory_reserved: 37.353517293930054, interval_runtime: 4.0332, interval_samples_per_second: 0.9918, interval_steps_per_second: 0.2479, global_norm: 2.8684182167053223, ppl: 1237.1485572902584, progress_or_epoch: 0.33, cpu_used_memory: 268.09, cpu_available_memory: 1242.07[0m
[32m[2026-05-12 06:34:14,698] [    INFO][0m - [DataLoad global_step: 99] data_load_time: 0.72 ms (accumulated over 4 micro-batches)[0m

TrainProcess:  33%|███▎      | 100/300 [06:47<13:26,  4.03s/it][32m[2026-05-12 06:34:18,732] [    INFO][0m - loss: 6.81542015, learning_rate: 6.897e-05, global_step: 100, current_memory_allocated: 29.91601800918579, current_memory_reserved: 37.353517293930054, max_memory_allocated: 35.45581269264221, max_memory_reserved: 37.353517293930054, interval_runtime: 4.0345, interval_samples_per_second: 0.9914, interval_steps_per_second: 0.2479, global_norm: 2.496676206588745, ppl: 911.7995278889186, progress_or_epoch: 0.3333, cpu_used_memory: 268.04, cpu_available_memory: 1242.12[0m
[32m[2026-05-12 06:34:18,732] [    INFO][0m - [DataLoad global_step: 100] data_load_time: 0.26 ms (accumulated over 4 micro-batches)[0m

TrainProcess:  34%|███▎      | 101/300 [06:51<13:22,  4.03s/it][32m[2026-05-12 06:34:22,766] [    INFO][0m - loss: 6.87277126, learning_rate: 6.862e-05, global_step: 101, current_memory_allocated: 29.91601800918579, current_memory_reserved: 37.353517293930054, max_memory_allocated: 35.45581269264221, max_memory_reserved: 37.353517293930054, interval_runtime: 4.0338, interval_samples_per_second: 0.9916, interval_steps_per_second: 0.2479, global_norm: 2.1296746730804443, ppl: 965.6208477382777, progress_or_epoch: 0.3367, cpu_used_memory: 268.11, cpu_available_memory: 1242.05[0m
[32m[2026-05-12 06:34:22,766] [    INFO][0m - [DataLoad global_step: 101] data_load_time: 0.28 ms (accumulated over 4 micro-batches)[0m

TrainProcess:  34%|███▍      | 102/300 [06:55<13:18,  4.03s/it][32m[2026-05-12 06:34:26,800] [    INFO][0m - loss: 6.89308929, learning_rate: 6.828e-05, global_step: 102, current_memory_allocated: 29.91601800918579, current_memory_reserved: 37.353517293930054, max_memory_allocated: 35.45581269264221, max_memory_reserved: 37.353517293930054, interval_runtime: 4.033, interval_samples_per_second: 0.9918, interval_steps_per_second: 0.248, global_norm: 2.3619680404663086, ppl: 985.4410328020359, progress_or_epoch: 0.34, cpu_used_memory: 268.15, cpu_available_memory: 1242.01[0m
[32m[2026-05-12 06:34:26,800] [    INFO][0m - [DataLoad global_step: 102] data_load_time: 0.23 ms (accumulated over 4 micro-batches)[0m

TrainProcess:  34%|███▍      | 103/300 [07:00<13:14,  4.03s/it][32m[2026-05-12 06:34:30,833] [    INFO][0m - loss: 6.86658478, learning_rate: 6.793e-05, global_step: 103, current_memory_allocated: 29.91601800918579, current_memory_reserved: 37.353517293930054, max_memory_allocated: 35.45581269264221, max_memory_reserved: 37.353517293930054, interval_runtime: 4.0334, interval_samples_per_second: 0.9917, interval_steps_per_second: 0.2479, global_norm: 2.105560779571533, ppl: 959.6654940083945, progress_or_epoch: 0.3433, cpu_used_memory: 268.14, cpu_available_memory: 1242.02[0m
[32m[2026-05-12 06:34:30,833] [    INFO][0m - [DataLoad global_step: 103] data_load_time: 0.24 ms (accumulated over 4 micro-batches)[0m

TrainProcess:  35%|███▍      | 104/300 [07:04<13:10,  4.03s/it][32m[2026-05-12 06:34:34,866] [    INFO][0m - loss: 7.11963367, learning_rate: 6.759e-05, global_step: 104, current_memory_allocated: 29.91601800918579, current_memory_reserved: 37.353517293930054, max_memory_allocated: 35.45581269264221, max_memory_reserved: 37.353517293930054, interval_runtime: 4.0321, interval_samples_per_second: 0.992, interval_steps_per_second: 0.248, global_norm: 2.6620965003967285, ppl: 1235.997567532595, progress_or_epoch: 0.3467, cpu_used_memory: 268.16, cpu_available_memory: 1242.0[0m
[32m[2026-05-12 06:34:34,866] [    INFO][0m - [DataLoad global_step: 104] data_load_time: 0.22 ms (accumulated over 4 micro-batches)[0m

TrainProcess:  35%|███▌      | 105/300 [07:08<13:06,  4.03s/it][32m[2026-05-12 06:34:38,901] [    INFO][0m - loss: 7.02140522, learning_rate: 6.724e-05, global_step: 105, current_memory_allocated: 29.91601800918579, current_memory_reserved: 37.353517293930054, max_memory_allocated: 35.45581269264221, max_memory_reserved: 37.353517293930054, interval_runtime: 4.035, interval_samples_per_second: 0.9913, interval_steps_per_second: 0.2478, global_norm: 3.132155656814575, ppl: 1120.3598641972824, progress_or_epoch: 0.35, cpu_used_memory: 268.18, cpu_available_memory: 1241.98[0m
[32m[2026-05-12 06:34:38,901] [    INFO][0m - [DataLoad global_step: 105] data_load_time: 0.44 ms (accumulated over 4 micro-batches)[0m

TrainProcess:  35%|███▌      | 106/300 [07:12<13:02,  4.03s/it][32m[2026-05-12 06:34:42,936] [    INFO][0m - loss: 7.15906811, learning_rate: 6.69e-05, global_step: 106, current_memory_allocated: 29.91601800918579, current_memory_reserved: 37.353517293930054, max_memory_allocated: 35.45581269264221, max_memory_reserved: 37.353517293930054, interval_runtime: 4.0348, interval_samples_per_second: 0.9914, interval_steps_per_second: 0.2478, global_norm: 2.4948570728302, ppl: 1285.7122320920128, progress_or_epoch: 0.3533, cpu_used_memory: 268.18, cpu_available_memory: 1241.98[0m
[32m[2026-05-12 06:34:42,936] [    INFO][0m - [DataLoad global_step: 106] data_load_time: 0.26 ms (accumulated over 4 micro-batches)[0m

TrainProcess:  36%|███▌      | 107/300 [07:16<12:58,  4.03s/it][32m[2026-05-12 06:34:46,968] [    INFO][0m - loss: 6.8970685, learning_rate: 6.655e-05, global_step: 107, current_memory_allocated: 29.91601800918579, current_memory_reserved: 37.353517293930054, max_memory_allocated: 35.45581269264221, max_memory_reserved: 37.353517293930054, interval_runtime: 4.0318, interval_samples_per_second: 0.9921, interval_steps_per_second: 0.248, global_norm: 2.6137137413024902, ppl: 989.3701217647493, progress_or_epoch: 0.3567, cpu_used_memory: 268.24, cpu_available_memory: 1241.92[0m
[32m[2026-05-12 06:34:46,968] [    INFO][0m - [DataLoad global_step: 107] data_load_time: 0.58 ms (accumulated over 4 micro-batches)[0m

TrainProcess:  36%|███▌      | 108/300 [07:20<12:54,  4.03s/it][32m[2026-05-12 06:34:51,002] [    INFO][0m - loss: 7.05207396, learning_rate: 6.621e-05, global_step: 108, current_memory_allocated: 29.91601800918579, current_memory_reserved: 37.353517293930054, max_memory_allocated: 35.45581269264221, max_memory_reserved: 37.353517293930054, interval_runtime: 4.0337, interval_samples_per_second: 0.9916, interval_steps_per_second: 0.2479, global_norm: 2.691234827041626, ppl: 1155.2522068179867, progress_or_epoch: 0.36, cpu_used_memory: 268.27, cpu_available_memory: 1241.89[0m
[32m[2026-05-12 06:34:51,002] [    INFO][0m - [DataLoad global_step: 108] data_load_time: 0.24 ms (accumulated over 4 micro-batches)[0m

TrainProcess:  36%|███▋      | 109/300 [07:24<12:50,  4.03s/it][32m[2026-05-12 06:34:55,036] [    INFO][0m - loss: 6.84250498, learning_rate: 6.586e-05, global_step: 109, current_memory_allocated: 29.91601800918579, current_memory_reserved: 37.353517293930054, max_memory_allocated: 35.45581269264221, max_memory_reserved: 37.353517293930054, interval_runtime: 4.0332, interval_samples_per_second: 0.9918, interval_steps_per_second: 0.2479, global_norm: 2.5836925506591797, ppl: 936.8329456961194, progress_or_epoch: 0.3633, cpu_used_memory: 268.46, cpu_available_memory: 1241.7[0m
[32m[2026-05-12 06:34:55,036] [    INFO][0m - [DataLoad global_step: 109] data_load_time: 0.21 ms (accumulated over 4 micro-batches)[0m

TrainProcess:  37%|███▋      | 110/300 [07:28<12:46,  4.03s/it][32m[2026-05-12 06:34:59,069] [    INFO][0m - loss: 6.7359705, learning_rate: 6.552e-05, global_step: 110, current_memory_allocated: 29.91601800918579, current_memory_reserved: 37.353517293930054, max_memory_allocated: 35.45581269264221, max_memory_reserved: 37.353517293930054, interval_runtime: 4.0328, interval_samples_per_second: 0.9919, interval_steps_per_second: 0.248, global_norm: 1.9691061973571777, ppl: 842.1604042848414, progress_or_epoch: 0.3667, cpu_used_memory: 268.45, cpu_available_memory: 1241.71[0m
[32m[2026-05-12 06:34:59,069] [    INFO][0m - [DataLoad global_step: 110] data_load_time: 0.21 ms (accumulated over 4 micro-batches)[0m

TrainProcess:  37%|███▋      | 111/300 [07:32<12:42,  4.03s/it][32m[2026-05-12 06:35:03,103] [    INFO][0m - loss: 6.90515614, learning_rate: 6.517e-05, global_step: 111, current_memory_allocated: 29.91601800918579, current_memory_reserved: 37.353517293930054, max_memory_allocated: 35.45581269264221, max_memory_reserved: 37.353517293930054, interval_runtime: 4.0341, interval_samples_per_second: 0.9915, interval_steps_per_second: 0.2479, global_norm: 3.3906304836273193, ppl: 997.4042358550637, progress_or_epoch: 0.37, cpu_used_memory: 268.26, cpu_available_memory: 1241.9[0m
[32m[2026-05-12 06:35:03,104] [    INFO][0m - [DataLoad global_step: 111] data_load_time: 0.26 ms (accumulated over 4 micro-batches)[0m

TrainProcess:  37%|███▋      | 112/300 [07:36<12:38,  4.03s/it][32m[2026-05-12 06:35:07,136] [    INFO][0m - loss: 7.07329082, learning_rate: 6.483e-05, global_step: 112, current_memory_allocated: 29.91601800918579, current_memory_reserved: 37.353517293930054, max_memory_allocated: 35.45581269264221, max_memory_reserved: 37.353517293930054, interval_runtime: 4.0328, interval_samples_per_second: 0.9919, interval_steps_per_second: 0.248, global_norm: 1.8033514022827148, ppl: 1180.024901260281, progress_or_epoch: 0.3733, cpu_used_memory: 268.29, cpu_available_memory: 1241.87[0m
[32m[2026-05-12 06:35:07,137] [    INFO][0m - [DataLoad global_step: 112] data_load_time: 0.28 ms (accumulated over 4 micro-batches)[0m

TrainProcess:  38%|███▊      | 113/300 [07:40<12:34,  4.03s/it][32m[2026-05-12 06:35:11,170] [    INFO][0m - loss: 7.02617741, learning_rate: 6.448e-05, global_step: 113, current_memory_allocated: 29.91601800918579, current_memory_reserved: 37.353517293930054, max_memory_allocated: 35.45581269264221, max_memory_reserved: 37.353517293930054, interval_runtime: 4.0335, interval_samples_per_second: 0.9917, interval_steps_per_second: 0.2479, global_norm: 1.7459332942962646, ppl: 1125.7192120797365, progress_or_epoch: 0.3767, cpu_used_memory: 268.24, cpu_available_memory: 1241.92[0m
[32m[2026-05-12 06:35:11,170] [    INFO][0m - [DataLoad global_step: 113] data_load_time: 0.25 ms (accumulated over 4 micro-batches)[0m

TrainProcess:  38%|███▊      | 114/300 [07:44<12:30,  4.03s/it][32m[2026-05-12 06:35:15,203] [    INFO][0m - loss: 6.96528101, learning_rate: 6.414e-05, global_step: 114, current_memory_allocated: 29.91601800918579, current_memory_reserved: 37.353517293930054, max_memory_allocated: 35.45581269264221, max_memory_reserved: 37.353517293930054, interval_runtime: 4.0329, interval_samples_per_second: 0.9918, interval_steps_per_second: 0.248, global_norm: 2.1285603046417236, ppl: 1059.21252492049, progress_or_epoch: 0.38, cpu_used_memory: 268.33, cpu_available_memory: 1241.83[0m
[32m[2026-05-12 06:35:15,203] [    INFO][0m - [DataLoad global_step: 114] data_load_time: 0.23 ms (accumulated over 4 micro-batches)[0m

TrainProcess:  38%|███▊      | 115/300 [07:48<12:26,  4.03s/it][32m[2026-05-12 06:35:19,236] [    INFO][0m - loss: 6.8267231, learning_rate: 6.379e-05, global_step: 115, current_memory_allocated: 29.91601800918579, current_memory_reserved: 37.353517293930054, max_memory_allocated: 35.45581269264221, max_memory_reserved: 37.353517293930054, interval_runtime: 4.0326, interval_samples_per_second: 0.9919, interval_steps_per_second: 0.248, global_norm: 2.2636945247650146, ppl: 922.1640166677386, progress_or_epoch: 0.3833, cpu_used_memory: 268.32, cpu_available_memory: 1241.84[0m
[32m[2026-05-12 06:35:19,236] [    INFO][0m - [DataLoad global_step: 115] data_load_time: 0.23 ms (accumulated over 4 micro-batches)[0m

TrainProcess:  39%|███▊      | 116/300 [07:52<12:22,  4.03s/it][32m[2026-05-12 06:35:23,272] [    INFO][0m - loss: 6.8316288, learning_rate: 6.345e-05, global_step: 116, current_memory_allocated: 29.91601800918579, current_memory_reserved: 37.353517293930054, max_memory_allocated: 35.45581269264221, max_memory_reserved: 37.353517293930054, interval_runtime: 4.0356, interval_samples_per_second: 0.9912, interval_steps_per_second: 0.2478, global_norm: 1.847555160522461, ppl: 926.6989912017441, progress_or_epoch: 0.3867, cpu_used_memory: 268.38, cpu_available_memory: 1241.78[0m
[32m[2026-05-12 06:35:23,272] [    INFO][0m - [DataLoad global_step: 116] data_load_time: 0.24 ms (accumulated over 4 micro-batches)[0m

TrainProcess:  39%|███▉      | 117/300 [07:56<12:18,  4.03s/it][32m[2026-05-12 06:35:27,309] [    INFO][0m - loss: 6.79822111, learning_rate: 6.31e-05, global_step: 117, current_memory_allocated: 29.91601800918579, current_memory_reserved: 37.353517293930054, max_memory_allocated: 35.45581269264221, max_memory_reserved: 37.353517293930054, interval_runtime: 4.0364, interval_samples_per_second: 0.991, interval_steps_per_second: 0.2477, global_norm: 1.566986083984375, ppl: 896.2515398360526, progress_or_epoch: 0.39, cpu_used_memory: 268.36, cpu_available_memory: 1241.79[0m
[32m[2026-05-12 06:35:27,309] [    INFO][0m - [DataLoad global_step: 117] data_load_time: 0.27 ms (accumulated over 4 micro-batches)[0m

TrainProcess:  39%|███▉      | 118/300 [08:00<12:14,  4.04s/it][32m[2026-05-12 06:35:31,346] [    INFO][0m - loss: 6.81975555, learning_rate: 6.276e-05, global_step: 118, current_memory_allocated: 29.91601800918579, current_memory_reserved: 37.353517293930054, max_memory_allocated: 35.45581269264221, max_memory_reserved: 37.353517293930054, interval_runtime: 4.0365, interval_samples_per_second: 0.9909, interval_steps_per_second: 0.2477, global_norm: 1.7103184461593628, ppl: 915.7611249109151, progress_or_epoch: 0.3933, cpu_used_memory: 268.32, cpu_available_memory: 1241.84[0m
[32m[2026-05-12 06:35:31,346] [    INFO][0m - [DataLoad global_step: 118] data_load_time: 0.28 ms (accumulated over 4 micro-batches)[0m

TrainProcess:  40%|███▉      | 119/300 [08:04<12:10,  4.03s/it][32m[2026-05-12 06:35:35,380] [    INFO][0m - loss: 6.63324261, learning_rate: 6.241e-05, global_step: 119, current_memory_allocated: 29.91601800918579, current_memory_reserved: 37.353517293930054, max_memory_allocated: 35.45581269264221, max_memory_reserved: 37.353517293930054, interval_runtime: 4.0336, interval_samples_per_second: 0.9917, interval_steps_per_second: 0.2479, global_norm: 2.3377792835235596, ppl: 759.942376491543, progress_or_epoch: 0.3967, cpu_used_memory: 268.32, cpu_available_memory: 1241.84[0m
[32m[2026-05-12 06:35:35,380] [    INFO][0m - [DataLoad global_step: 119] data_load_time: 0.25 ms (accumulated over 4 micro-batches)[0m

TrainProcess:  40%|████      | 120/300 [08:08<12:06,  4.03s/it][32m[2026-05-12 06:35:39,413] [    INFO][0m - loss: 6.93406296, learning_rate: 6.207e-05, global_step: 120, current_memory_allocated: 29.91601800918579, current_memory_reserved: 37.353517293930054, max_memory_allocated: 35.45581269264221, max_memory_reserved: 37.353517293930054, interval_runtime: 4.0331, interval_samples_per_second: 0.9918, interval_steps_per_second: 0.2479, global_norm: 2.47123122215271, ppl: 1026.6567826867476, progress_or_epoch: 0.4, cpu_used_memory: 268.26, cpu_available_memory: 1241.9[0m
[32m[2026-05-12 06:35:39,413] [    INFO][0m - [DataLoad global_step: 120] data_load_time: 0.22 ms (accumulated over 4 micro-batches)[0m

TrainProcess:  40%|████      | 121/300 [08:12<12:02,  4.03s/it][32m[2026-05-12 06:35:43,446] [    INFO][0m - loss: 6.77881861, learning_rate: 6.172e-05, global_step: 121, current_memory_allocated: 29.91601800918579, current_memory_reserved: 37.353517293930054, max_memory_allocated: 35.45581269264221, max_memory_reserved: 37.353517293930054, interval_runtime: 4.0333, interval_samples_per_second: 0.9917, interval_steps_per_second: 0.2479, global_norm: 1.6914914846420288, ppl: 879.0296336242357, progress_or_epoch: 0.4033, cpu_used_memory: 268.24, cpu_available_memory: 1241.92[0m
[32m[2026-05-12 06:35:43,447] [    INFO][0m - [DataLoad global_step: 121] data_load_time: 0.50 ms (accumulated over 4 micro-batches)[0m

TrainProcess:  41%|████      | 122/300 [08:16<11:58,  4.03s/it][32m[2026-05-12 06:35:47,480] [    INFO][0m - loss: 6.64491796, learning_rate: 6.138e-05, global_step: 122, current_memory_allocated: 29.91601800918579, current_memory_reserved: 37.353517293930054, max_memory_allocated: 35.45581269264221, max_memory_reserved: 37.353517293930054, interval_runtime: 4.0335, interval_samples_per_second: 0.9917, interval_steps_per_second: 0.2479, global_norm: 2.475984811782837, ppl: 768.8669671984612, progress_or_epoch: 0.4067, cpu_used_memory: 268.23, cpu_available_memory: 1241.93[0m
[32m[2026-05-12 06:35:47,480] [    INFO][0m - [DataLoad global_step: 122] data_load_time: 0.24 ms (accumulated over 4 micro-batches)[0m

TrainProcess:  41%|████      | 123/300 [08:20<11:53,  4.03s/it][32m[2026-05-12 06:35:51,513] [    INFO][0m - loss: 6.73363447, learning_rate: 6.103e-05, global_step: 123, current_memory_allocated: 29.91601800918579, current_memory_reserved: 37.353517293930054, max_memory_allocated: 35.45581269264221, max_memory_reserved: 37.353517293930054, interval_runtime: 4.0324, interval_samples_per_second: 0.992, interval_steps_per_second: 0.248, global_norm: 2.1534535884857178, ppl: 840.1953883772725, progress_or_epoch: 0.41, cpu_used_memory: 268.22, cpu_available_memory: 1241.93[0m
[32m[2026-05-12 06:35:51,514] [    INFO][0m - [DataLoad global_step: 123] data_load_time: 0.22 ms (accumulated over 4 micro-batches)[0m

TrainProcess:  41%|████▏     | 124/300 [08:24<11:49,  4.03s/it][32m[2026-05-12 06:35:55,546] [    INFO][0m - loss: 6.68772602, learning_rate: 6.069e-05, global_step: 124, current_memory_allocated: 29.91601800918579, current_memory_reserved: 37.353517293930054, max_memory_allocated: 35.45581269264221, max_memory_reserved: 37.353517293930054, interval_runtime: 4.0331, interval_samples_per_second: 0.9918, interval_steps_per_second: 0.2479, global_norm: 2.4487712383270264, ppl: 802.4953174228145, progress_or_epoch: 0.4133, cpu_used_memory: 268.19, cpu_available_memory: 1241.96[0m
[32m[2026-05-12 06:35:55,547] [    INFO][0m - [DataLoad global_step: 124] data_load_time: 0.51 ms (accumulated over 4 micro-batches)[0m

TrainProcess:  42%|████▏     | 125/300 [08:28<11:46,  4.04s/it][32m[2026-05-12 06:35:59,595] [    INFO][0m - loss: 6.95251703, learning_rate: 6.034e-05, global_step: 125, current_memory_allocated: 29.91601800918579, current_memory_reserved: 37.353517293930054, max_memory_allocated: 35.45581269264221, max_memory_reserved: 37.353517293930054, interval_runtime: 4.0487, interval_samples_per_second: 0.988, interval_steps_per_second: 0.247, global_norm: 2.2768309116363525, ppl: 1045.778674521068, progress_or_epoch: 0.4167, cpu_used_memory: 268.45, cpu_available_memory: 1241.71[0m
[32m[2026-05-12 06:35:59,595] [    INFO][0m - [DataLoad global_step: 125] data_load_time: 0.39 ms (accumulated over 4 micro-batches)[0m

TrainProcess:  42%|████▏     | 126/300 [08:32<11:44,  4.05s/it][32m[2026-05-12 06:36:03,666] [    INFO][0m - loss: 6.63771439, learning_rate: 6e-05, global_step: 126, current_memory_allocated: 29.91601800918579, current_memory_reserved: 37.353517293930054, max_memory_allocated: 35.45581269264221, max_memory_reserved: 37.353517293930054, interval_runtime: 4.0705, interval_samples_per_second: 0.9827, interval_steps_per_second: 0.2457, global_norm: 1.6846574544906616, ppl: 763.3482811644874, progress_or_epoch: 0.42, cpu_used_memory: 269.03, cpu_available_memory: 1241.13[0m
[32m[2026-05-12 06:36:03,666] [    INFO][0m - [DataLoad global_step: 126] data_load_time: 0.22 ms (accumulated over 4 micro-batches)[0m

TrainProcess:  42%|████▏     | 127/300 [08:36<11:39,  4.04s/it][32m[2026-05-12 06:36:07,700] [    INFO][0m - loss: 6.74971771, learning_rate: 5.966e-05, global_step: 127, current_memory_allocated: 29.91601800918579, current_memory_reserved: 37.353517293930054, max_memory_allocated: 35.45581269264221, max_memory_reserved: 37.353517293930054, interval_runtime: 4.0337, interval_samples_per_second: 0.9916, interval_steps_per_second: 0.2479, global_norm: 1.7693737745285034, ppl: 853.8177043038413, progress_or_epoch: 0.4233, cpu_used_memory: 267.71, cpu_available_memory: 1242.45[0m
[32m[2026-05-12 06:36:07,700] [    INFO][0m - [DataLoad global_step: 127] data_load_time: 0.22 ms (accumulated over 4 micro-batches)[0m

TrainProcess:  43%|████▎     | 128/300 [08:40<11:35,  4.04s/it][32m[2026-05-12 06:36:11,734] [    INFO][0m - loss: 6.53625393, learning_rate: 5.931e-05, global_step: 128, current_memory_allocated: 29.91601800918579, current_memory_reserved: 37.353517293930054, max_memory_allocated: 35.45581269264221, max_memory_reserved: 37.353517293930054, interval_runtime: 4.0337, interval_samples_per_second: 0.9916, interval_steps_per_second: 0.2479, global_norm: 1.9600330591201782, ppl: 689.6980754381169, progress_or_epoch: 0.4267, cpu_used_memory: 267.82, cpu_available_memory: 1242.34[0m
[32m[2026-05-12 06:36:11,734] [    INFO][0m - [DataLoad global_step: 128] data_load_time: 0.50 ms (accumulated over 4 micro-batches)[0m

TrainProcess:  43%|████▎     | 129/300 [08:44<11:30,  4.04s/it][32m[2026-05-12 06:36:15,770] [    INFO][0m - loss: 7.56494856, learning_rate: 5.897e-05, global_step: 129, current_memory_allocated: 29.91601800918579, current_memory_reserved: 37.353517293930054, max_memory_allocated: 35.45581269264221, max_memory_reserved: 37.353517293930054, interval_runtime: 4.0355, interval_samples_per_second: 0.9912, interval_steps_per_second: 0.2478, global_norm: 2.437929630279541, ppl: 1929.369529734893, progress_or_epoch: 0.43, cpu_used_memory: 268.29, cpu_available_memory: 1241.87[0m
[32m[2026-05-12 06:36:15,770] [    INFO][0m - [DataLoad global_step: 129] data_load_time: 0.52 ms (accumulated over 4 micro-batches)[0m

TrainProcess:  43%|████▎     | 130/300 [08:48<11:26,  4.04s/it][32m[2026-05-12 06:36:19,805] [    INFO][0m - loss: 6.77653456, learning_rate: 5.862e-05, global_step: 130, current_memory_allocated: 29.91601800918579, current_memory_reserved: 37.353517293930054, max_memory_allocated: 35.45581269264221, max_memory_reserved: 37.353517293930054, interval_runtime: 4.0348, interval_samples_per_second: 0.9914, interval_steps_per_second: 0.2478, global_norm: 1.5231943130493164, ppl: 877.0241771428472, progress_or_epoch: 0.4333, cpu_used_memory: 268.33, cpu_available_memory: 1241.82[0m
[32m[2026-05-12 06:36:19,805] [    INFO][0m - [DataLoad global_step: 130] data_load_time: 0.27 ms (accumulated over 4 micro-batches)[0m

TrainProcess:  44%|████▎     | 131/300 [08:53<11:22,  4.04s/it][32m[2026-05-12 06:36:23,839] [    INFO][0m - loss: 6.71239471, learning_rate: 5.828e-05, global_step: 131, current_memory_allocated: 29.91601800918579, current_memory_reserved: 37.353517293930054, max_memory_allocated: 35.45581269264221, max_memory_reserved: 37.353517293930054, interval_runtime: 4.034, interval_samples_per_second: 0.9916, interval_steps_per_second: 0.2479, global_norm: 1.897424340248108, ppl: 822.538022882831, progress_or_epoch: 0.4367, cpu_used_memory: 268.39, cpu_available_memory: 1241.77[0m
[32m[2026-05-12 06:36:23,839] [    INFO][0m - [DataLoad global_step: 131] data_load_time: 0.51 ms (accumulated over 4 micro-batches)[0m

TrainProcess:  44%|████▍     | 132/300 [08:57<11:18,  4.04s/it][32m[2026-05-12 06:36:27,874] [    INFO][0m - loss: 6.81844234, learning_rate: 5.793e-05, global_step: 132, current_memory_allocated: 29.91601800918579, current_memory_reserved: 37.353517293930054, max_memory_allocated: 35.45581269264221, max_memory_reserved: 37.353517293930054, interval_runtime: 4.034, interval_samples_per_second: 0.9916, interval_steps_per_second: 0.2479, global_norm: 2.095554828643799, ppl: 914.5593275229548, progress_or_epoch: 0.44, cpu_used_memory: 268.42, cpu_available_memory: 1241.74[0m
[32m[2026-05-12 06:36:27,874] [    INFO][0m - [DataLoad global_step: 132] data_load_time: 0.53 ms (accumulated over 4 micro-batches)[0m

TrainProcess:  44%|████▍     | 133/300 [09:01<11:13,  4.04s/it][32m[2026-05-12 06:36:31,907] [    INFO][0m - loss: 6.73293114, learning_rate: 5.759e-05, global_step: 133, current_memory_allocated: 29.91601800918579, current_memory_reserved: 37.353517293930054, max_memory_allocated: 35.45581269264221, max_memory_reserved: 37.353517293930054, interval_runtime: 4.0333, interval_samples_per_second: 0.9917, interval_steps_per_second: 0.2479, global_norm: 2.1259517669677734, ppl: 839.6046615170775, progress_or_epoch: 0.4433, cpu_used_memory: 268.38, cpu_available_memory: 1241.78[0m
[32m[2026-05-12 06:36:31,907] [    INFO][0m - [DataLoad global_step: 133] data_load_time: 0.20 ms (accumulated over 4 micro-batches)[0m

TrainProcess:  45%|████▍     | 134/300 [09:05<11:09,  4.04s/it][32m[2026-05-12 06:36:35,943] [    INFO][0m - loss: 6.57325792, learning_rate: 5.724e-05, global_step: 134, current_memory_allocated: 29.91601800918579, current_memory_reserved: 37.353517293930054, max_memory_allocated: 35.45581269264221, max_memory_reserved: 37.353517293930054, interval_runtime: 4.0351, interval_samples_per_second: 0.9913, interval_steps_per_second: 0.2478, global_norm: 2.5905561447143555, ppl: 715.697734995908, progress_or_epoch: 0.4467, cpu_used_memory: 268.44, cpu_available_memory: 1241.72[0m
[32m[2026-05-12 06:36:35,943] [    INFO][0m - [DataLoad global_step: 134] data_load_time: 0.45 ms (accumulated over 4 micro-batches)[0m

TrainProcess:  45%|████▌     | 135/300 [09:09<11:05,  4.04s/it][32m[2026-05-12 06:36:39,978] [    INFO][0m - loss: 6.90805197, learning_rate: 5.69e-05, global_step: 135, current_memory_allocated: 29.91601800918579, current_memory_reserved: 37.353517293930054, max_memory_allocated: 35.45581269264221, max_memory_reserved: 37.353517293930054, interval_runtime: 4.035, interval_samples_per_second: 0.9913, interval_steps_per_second: 0.2478, global_norm: 7.497612476348877, ppl: 1000.2967350349959, progress_or_epoch: 0.45, cpu_used_memory: 268.34, cpu_available_memory: 1241.82[0m
[32m[2026-05-12 06:36:39,978] [    INFO][0m - [DataLoad global_step: 135] data_load_time: 0.66 ms (accumulated over 4 micro-batches)[0m

TrainProcess:  45%|████▌     | 136/300 [09:13<11:01,  4.04s/it][32m[2026-05-12 06:36:44,013] [    INFO][0m - loss: 6.70163822, learning_rate: 5.655e-05, global_step: 136, current_memory_allocated: 29.91601800918579, current_memory_reserved: 37.353517293930054, max_memory_allocated: 35.45581269264221, max_memory_reserved: 37.353517293930054, interval_runtime: 4.0352, interval_samples_per_second: 0.9913, interval_steps_per_second: 0.2478, global_norm: 4.2853899002075195, ppl: 813.7378153870624, progress_or_epoch: 0.4533, cpu_used_memory: 268.32, cpu_available_memory: 1241.84[0m
[32m[2026-05-12 06:36:44,014] [    INFO][0m - [DataLoad global_step: 136] data_load_time: 0.69 ms (accumulated over 4 micro-batches)[0m

TrainProcess:  46%|████▌     | 137/300 [09:17<10:57,  4.03s/it][32m[2026-05-12 06:36:48,049] [    INFO][0m - loss: 6.6177454, learning_rate: 5.621e-05, global_step: 137, current_memory_allocated: 29.91601800918579, current_memory_reserved: 37.353517293930054, max_memory_allocated: 35.45581269264221, max_memory_reserved: 37.353517293930054, interval_runtime: 4.0352, interval_samples_per_second: 0.9913, interval_steps_per_second: 0.2478, global_norm: 2.7959485054016113, ppl: 748.25617553266, progress_or_epoch: 0.4567, cpu_used_memory: 268.37, cpu_available_memory: 1241.79[0m
[32m[2026-05-12 06:36:48,049] [    INFO][0m - [DataLoad global_step: 137] data_load_time: 0.68 ms (accumulated over 4 micro-batches)[0m

TrainProcess:  46%|████▌     | 138/300 [09:21<10:53,  4.04s/it][32m[2026-05-12 06:36:52,083] [    INFO][0m - loss: 6.63394928, learning_rate: 5.586e-05, global_step: 138, current_memory_allocated: 29.91601800918579, current_memory_reserved: 37.353517293930054, max_memory_allocated: 35.45581269264221, max_memory_reserved: 37.353517293930054, interval_runtime: 4.0336, interval_samples_per_second: 0.9917, interval_steps_per_second: 0.2479, global_norm: 2.4517507553100586, ppl: 760.4795947664013, progress_or_epoch: 0.46, cpu_used_memory: 268.41, cpu_available_memory: 1241.75[0m
[32m[2026-05-12 06:36:52,083] [    INFO][0m - [DataLoad global_step: 138] data_load_time: 0.74 ms (accumulated over 4 micro-batches)[0m

TrainProcess:  46%|████▋     | 139/300 [09:25<10:49,  4.03s/it][32m[2026-05-12 06:36:56,118] [    INFO][0m - loss: 6.33129501, learning_rate: 5.552e-05, global_step: 139, current_memory_allocated: 29.91601800918579, current_memory_reserved: 37.353517293930054, max_memory_allocated: 35.45581269264221, max_memory_reserved: 37.353517293930054, interval_runtime: 4.0349, interval_samples_per_second: 0.9914, interval_steps_per_second: 0.2478, global_norm: 2.82314133644104, ppl: 561.8837680008671, progress_or_epoch: 0.4633, cpu_used_memory: 268.32, cpu_available_memory: 1241.84[0m
[32m[2026-05-12 06:36:56,118] [    INFO][0m - [DataLoad global_step: 139] data_load_time: 0.62 ms (accumulated over 4 micro-batches)[0m

TrainProcess:  47%|████▋     | 140/300 [09:29<10:45,  4.03s/it][32m[2026-05-12 06:37:00,151] [    INFO][0m - loss: 6.48459148, learning_rate: 5.517e-05, global_step: 140, current_memory_allocated: 29.91601800918579, current_memory_reserved: 37.353517293930054, max_memory_allocated: 35.45581269264221, max_memory_reserved: 37.353517293930054, interval_runtime: 4.033, interval_samples_per_second: 0.9918, interval_steps_per_second: 0.248, global_norm: 2.39310622215271, ppl: 654.9713406859177, progress_or_epoch: 0.4667, cpu_used_memory: 268.33, cpu_available_memory: 1241.83[0m
[32m[2026-05-12 06:37:00,151] [    INFO][0m - [DataLoad global_step: 140] data_load_time: 0.36 ms (accumulated over 4 micro-batches)[0m

TrainProcess:  47%|████▋     | 141/300 [09:33<10:41,  4.03s/it][32m[2026-05-12 06:37:04,187] [    INFO][0m - loss: 6.51654243, learning_rate: 5.483e-05, global_step: 141, current_memory_allocated: 29.91601800918579, current_memory_reserved: 37.353517293930054, max_memory_allocated: 35.45581269264221, max_memory_reserved: 37.353517293930054, interval_runtime: 4.0349, interval_samples_per_second: 0.9913, interval_steps_per_second: 0.2478, global_norm: 2.5393450260162354, ppl: 676.2362045320481, progress_or_epoch: 0.47, cpu_used_memory: 268.35, cpu_available_memory: 1241.8[0m
[32m[2026-05-12 06:37:04,187] [    INFO][0m - [DataLoad global_step: 141] data_load_time: 0.57 ms (accumulated over 4 micro-batches)[0m

TrainProcess:  47%|████▋     | 142/300 [09:37<10:37,  4.03s/it][32m[2026-05-12 06:37:08,221] [    INFO][0m - loss: 6.59843159, learning_rate: 5.448e-05, global_step: 142, current_memory_allocated: 29.91601800918579, current_memory_reserved: 37.353517293930054, max_memory_allocated: 35.45581269264221, max_memory_reserved: 37.353517293930054, interval_runtime: 4.034, interval_samples_per_second: 0.9916, interval_steps_per_second: 0.2479, global_norm: 1.6889640092849731, ppl: 733.9431622576918, progress_or_epoch: 0.4733, cpu_used_memory: 268.41, cpu_available_memory: 1241.75[0m
[32m[2026-05-12 06:37:08,221] [    INFO][0m - [DataLoad global_step: 142] data_load_time: 0.29 ms (accumulated over 4 micro-batches)[0m

TrainProcess:  48%|████▊     | 143/300 [09:41<10:33,  4.03s/it][32m[2026-05-12 06:37:12,255] [    INFO][0m - loss: 6.5792985, learning_rate: 5.414e-05, global_step: 143, current_memory_allocated: 29.91601800918579, current_memory_reserved: 37.353517293930054, max_memory_allocated: 35.45581269264221, max_memory_reserved: 37.353517293930054, interval_runtime: 4.0337, interval_samples_per_second: 0.9916, interval_steps_per_second: 0.2479, global_norm: 1.8168838024139404, ppl: 720.0340481577555, progress_or_epoch: 0.4767, cpu_used_memory: 268.43, cpu_available_memory: 1241.73[0m
[32m[2026-05-12 06:37:12,255] [    INFO][0m - [DataLoad global_step: 143] data_load_time: 0.50 ms (accumulated over 4 micro-batches)[0m

TrainProcess:  48%|████▊     | 144/300 [09:45<10:29,  4.03s/it][32m[2026-05-12 06:37:16,288] [    INFO][0m - loss: 6.67499352, learning_rate: 5.379e-05, global_step: 144, current_memory_allocated: 29.91601800918579, current_memory_reserved: 37.353517293930054, max_memory_allocated: 35.45581269264221, max_memory_reserved: 37.353517293930054, interval_runtime: 4.0333, interval_samples_per_second: 0.9917, interval_steps_per_second: 0.2479, global_norm: 2.112825870513916, ppl: 792.3423194805958, progress_or_epoch: 0.48, cpu_used_memory: 268.47, cpu_available_memory: 1241.69[0m
[32m[2026-05-12 06:37:16,289] [    INFO][0m - [DataLoad global_step: 144] data_load_time: 0.20 ms (accumulated over 4 micro-batches)[0m

TrainProcess:  48%|████▊     | 145/300 [09:49<10:25,  4.03s/it][32m[2026-05-12 06:37:20,323] [    INFO][0m - loss: 6.80988741, learning_rate: 5.345e-05, global_step: 145, current_memory_allocated: 29.91601800918579, current_memory_reserved: 37.353517293930054, max_memory_allocated: 35.45581269264221, max_memory_reserved: 37.353517293930054, interval_runtime: 4.0344, interval_samples_per_second: 0.9915, interval_steps_per_second: 0.2479, global_norm: 1.5572328567504883, ppl: 906.7687081111798, progress_or_epoch: 0.4833, cpu_used_memory: 268.54, cpu_available_memory: 1241.62[0m
[32m[2026-05-12 06:37:20,323] [    INFO][0m - [DataLoad global_step: 145] data_load_time: 0.78 ms (accumulated over 4 micro-batches)[0m

TrainProcess:  49%|████▊     | 146/300 [09:53<10:21,  4.04s/it][32m[2026-05-12 06:37:24,361] [    INFO][0m - loss: 6.78121138, learning_rate: 5.31e-05, global_step: 146, current_memory_allocated: 29.91601800918579, current_memory_reserved: 37.353517293930054, max_memory_allocated: 35.45581269264221, max_memory_reserved: 37.353517293930054, interval_runtime: 4.0375, interval_samples_per_second: 0.9907, interval_steps_per_second: 0.2477, global_norm: 1.5060491561889648, ppl: 881.1354677443172, progress_or_epoch: 0.4867, cpu_used_memory: 268.57, cpu_available_memory: 1241.59[0m
[32m[2026-05-12 06:37:24,362] [    INFO][0m - [DataLoad global_step: 146] data_load_time: 0.23 ms (accumulated over 4 micro-batches)[0m

TrainProcess:  49%|████▉     | 147/300 [09:57<10:17,  4.04s/it][32m[2026-05-12 06:37:28,398] [    INFO][0m - loss: 6.37517643, learning_rate: 5.276e-05, global_step: 147, current_memory_allocated: 29.91601800918579, current_memory_reserved: 37.353517293930054, max_memory_allocated: 35.45581269264221, max_memory_reserved: 37.353517293930054, interval_runtime: 4.0367, interval_samples_per_second: 0.9909, interval_steps_per_second: 0.2477, global_norm: 2.486675977706909, ppl: 587.0890019175347, progress_or_epoch: 0.49, cpu_used_memory: 268.58, cpu_available_memory: 1241.58[0m
[32m[2026-05-12 06:37:28,399] [    INFO][0m - [DataLoad global_step: 147] data_load_time: 0.27 ms (accumulated over 4 micro-batches)[0m

TrainProcess:  49%|████▉     | 148/300 [10:01<10:13,  4.04s/it][32m[2026-05-12 06:37:32,435] [    INFO][0m - loss: 6.47311687, learning_rate: 5.241e-05, global_step: 148, current_memory_allocated: 29.91601800918579, current_memory_reserved: 37.353517293930054, max_memory_allocated: 35.45581269264221, max_memory_reserved: 37.353517293930054, interval_runtime: 4.0368, interval_samples_per_second: 0.9909, interval_steps_per_second: 0.2477, global_norm: 1.7342658042907715, ppl: 647.4987544872318, progress_or_epoch: 0.4933, cpu_used_memory: 268.63, cpu_available_memory: 1241.53[0m
[32m[2026-05-12 06:37:32,435] [    INFO][0m - [DataLoad global_step: 148] data_load_time: 0.28 ms (accumulated over 4 micro-batches)[0m

TrainProcess:  50%|████▉     | 149/300 [10:05<10:09,  4.04s/it][32m[2026-05-12 06:37:36,470] [    INFO][0m - loss: 6.71744919, learning_rate: 5.207e-05, global_step: 149, current_memory_allocated: 29.91601800918579, current_memory_reserved: 37.353517293930054, max_memory_allocated: 35.45581269264221, max_memory_reserved: 37.353517293930054, interval_runtime: 4.0345, interval_samples_per_second: 0.9914, interval_steps_per_second: 0.2479, global_norm: 2.2204184532165527, ppl: 826.7060495989252, progress_or_epoch: 0.4967, cpu_used_memory: 268.61, cpu_available_memory: 1241.55[0m
[32m[2026-05-12 06:37:36,470] [    INFO][0m - [DataLoad global_step: 149] data_load_time: 0.24 ms (accumulated over 4 micro-batches)[0m

TrainProcess:  50%|█████     | 150/300 [10:09<10:05,  4.04s/it][32m[2026-05-12 06:37:40,505] [    INFO][0m - loss: 6.6460638, learning_rate: 5.172e-05, global_step: 150, current_memory_allocated: 29.91601800918579, current_memory_reserved: 37.353517293930054, max_memory_allocated: 35.45581269264221, max_memory_reserved: 37.353517293930054, interval_runtime: 4.0345, interval_samples_per_second: 0.9915, interval_steps_per_second: 0.2479, global_norm: 2.5123682022094727, ppl: 769.7484706586712, progress_or_epoch: 0.5, cpu_used_memory: 268.6, cpu_available_memory: 1241.55[0m
[32m[2026-05-12 06:37:40,505] [    INFO][0m - [DataLoad global_step: 150] data_load_time: 0.25 ms (accumulated over 4 micro-batches)[0m

TrainProcess:  50%|█████     | 151/300 [10:13<10:01,  4.04s/it][32m[2026-05-12 06:37:44,540] [    INFO][0m - loss: 6.52666521, learning_rate: 5.138e-05, global_step: 151, current_memory_allocated: 29.91601800918579, current_memory_reserved: 37.353517293930054, max_memory_allocated: 35.45581269264221, max_memory_reserved: 37.353517293930054, interval_runtime: 4.0356, interval_samples_per_second: 0.9912, interval_steps_per_second: 0.2478, global_norm: 1.7870773077011108, ppl: 683.1163592537933, progress_or_epoch: 0.5033, cpu_used_memory: 268.59, cpu_available_memory: 1241.57[0m
[32m[2026-05-12 06:37:44,541] [    INFO][0m - [DataLoad global_step: 151] data_load_time: 0.66 ms (accumulated over 4 micro-batches)[0m

TrainProcess:  51%|█████     | 152/300 [10:17<09:57,  4.04s/it][32m[2026-05-12 06:37:48,575] [    INFO][0m - loss: 6.56136608, learning_rate: 5.103e-05, global_step: 152, current_memory_allocated: 29.91601800918579, current_memory_reserved: 37.353517293930054, max_memory_allocated: 35.45581269264221, max_memory_reserved: 37.353517293930054, interval_runtime: 4.0346, interval_samples_per_second: 0.9914, interval_steps_per_second: 0.2479, global_norm: 2.2594618797302246, ppl: 707.2371775452463, progress_or_epoch: 0.5067, cpu_used_memory: 268.39, cpu_available_memory: 1241.76[0m
[32m[2026-05-12 06:37:48,575] [    INFO][0m - [DataLoad global_step: 152] data_load_time: 0.20 ms (accumulated over 4 micro-batches)[0m

TrainProcess:  51%|█████     | 153/300 [10:21<09:53,  4.04s/it][32m[2026-05-12 06:37:52,612] [    INFO][0m - loss: 6.69289207, learning_rate: 5.069e-05, global_step: 153, current_memory_allocated: 29.91601800918579, current_memory_reserved: 37.353517293930054, max_memory_allocated: 35.45581269264221, max_memory_reserved: 37.353517293930054, interval_runtime: 4.0359, interval_samples_per_second: 0.9911, interval_steps_per_second: 0.2478, global_norm: 1.6159663200378418, ppl: 806.6517753481355, progress_or_epoch: 0.51, cpu_used_memory: 268.4, cpu_available_memory: 1241.76[0m
[32m[2026-05-12 06:37:52,612] [    INFO][0m - [DataLoad global_step: 153] data_load_time: 0.24 ms (accumulated over 4 micro-batches)[0m

TrainProcess:  51%|█████▏    | 154/300 [10:25<09:49,  4.04s/it][32m[2026-05-12 06:37:56,647] [    INFO][0m - loss: 6.61090708, learning_rate: 5.034e-05, global_step: 154, current_memory_allocated: 29.91601800918579, current_memory_reserved: 37.353517293930054, max_memory_allocated: 35.45581269264221, max_memory_reserved: 37.353517293930054, interval_runtime: 4.0348, interval_samples_per_second: 0.9914, interval_steps_per_second: 0.2478, global_norm: 1.923132300376892, ppl: 743.1568157609519, progress_or_epoch: 0.5133, cpu_used_memory: 268.38, cpu_available_memory: 1241.78[0m
[32m[2026-05-12 06:37:56,647] [    INFO][0m - [DataLoad global_step: 154] data_load_time: 0.29 ms (accumulated over 4 micro-batches)[0m

TrainProcess:  52%|█████▏    | 155/300 [10:29<09:45,  4.04s/it][32m[2026-05-12 06:38:00,682] [    INFO][0m - loss: 6.80923939, learning_rate: 5e-05, global_step: 155, current_memory_allocated: 29.91601800918579, current_memory_reserved: 37.353517293930054, max_memory_allocated: 35.45581269264221, max_memory_reserved: 37.353517293930054, interval_runtime: 4.035, interval_samples_per_second: 0.9913, interval_steps_per_second: 0.2478, global_norm: 3.544415235519409, ppl: 906.1812942014866, progress_or_epoch: 0.5167, cpu_used_memory: 268.49, cpu_available_memory: 1241.67[0m
[32m[2026-05-12 06:38:00,682] [    INFO][0m - [DataLoad global_step: 155] data_load_time: 0.25 ms (accumulated over 4 micro-batches)[0m

TrainProcess:  52%|█████▏    | 156/300 [10:33<09:41,  4.04s/it][32m[2026-05-12 06:38:04,716] [    INFO][0m - loss: 6.57181501, learning_rate: 4.966e-05, global_step: 156, current_memory_allocated: 29.91601800918579, current_memory_reserved: 37.353517293930054, max_memory_allocated: 35.45581269264221, max_memory_reserved: 37.353517293930054, interval_runtime: 4.0342, interval_samples_per_second: 0.9915, interval_steps_per_second: 0.2479, global_norm: 2.0610766410827637, ppl: 714.6657922563955, progress_or_epoch: 0.52, cpu_used_memory: 268.69, cpu_available_memory: 1241.47[0m
[32m[2026-05-12 06:38:04,717] [    INFO][0m - [DataLoad global_step: 156] data_load_time: 0.25 ms (accumulated over 4 micro-batches)[0m

TrainProcess:  52%|█████▏    | 157/300 [10:37<09:37,  4.04s/it][32m[2026-05-12 06:38:08,753] [    INFO][0m - loss: 6.75882864, learning_rate: 4.931e-05, global_step: 157, current_memory_allocated: 29.91601800918579, current_memory_reserved: 37.353517293930054, max_memory_allocated: 35.45581269264221, max_memory_reserved: 37.353517293930054, interval_runtime: 4.0359, interval_samples_per_second: 0.9911, interval_steps_per_second: 0.2478, global_norm: 2.31581711769104, ppl: 861.6323228046563, progress_or_epoch: 0.5233, cpu_used_memory: 268.65, cpu_available_memory: 1241.51[0m
[32m[2026-05-12 06:38:08,753] [    INFO][0m - [DataLoad global_step: 157] data_load_time: 0.26 ms (accumulated over 4 micro-batches)[0m

TrainProcess:  53%|█████▎    | 158/300 [10:41<09:33,  4.04s/it][32m[2026-05-12 06:38:12,789] [    INFO][0m - loss: 6.63445425, learning_rate: 4.897e-05, global_step: 158, current_memory_allocated: 29.91601800918579, current_memory_reserved: 37.353517293930054, max_memory_allocated: 35.45581269264221, max_memory_reserved: 37.353517293930054, interval_runtime: 4.0357, interval_samples_per_second: 0.9912, interval_steps_per_second: 0.2478, global_norm: 2.156958818435669, ppl: 760.8637111228262, progress_or_epoch: 0.5267, cpu_used_memory: 268.6, cpu_available_memory: 1241.56[0m
[32m[2026-05-12 06:38:12,789] [    INFO][0m - [DataLoad global_step: 158] data_load_time: 0.39 ms (accumulated over 4 micro-batches)[0m

TrainProcess:  53%|█████▎    | 159/300 [10:46<09:29,  4.04s/it][32m[2026-05-12 06:38:16,825] [    INFO][0m - loss: 6.69421959, learning_rate: 4.862e-05, global_step: 159, current_memory_allocated: 29.91601800918579, current_memory_reserved: 37.353517293930054, max_memory_allocated: 35.45581269264221, max_memory_reserved: 37.353517293930054, interval_runtime: 4.0359, interval_samples_per_second: 0.9911, interval_steps_per_second: 0.2478, global_norm: 2.181619644165039, ppl: 807.7233328125606, progress_or_epoch: 0.53, cpu_used_memory: 268.62, cpu_available_memory: 1241.54[0m
[32m[2026-05-12 06:38:16,825] [    INFO][0m - [DataLoad global_step: 159] data_load_time: 0.26 ms (accumulated over 4 micro-batches)[0m

TrainProcess:  53%|█████▎    | 160/300 [10:50<09:25,  4.04s/it][32m[2026-05-12 06:38:20,861] [    INFO][0m - loss: 6.10852146, learning_rate: 4.828e-05, global_step: 160, current_memory_allocated: 29.91601800918579, current_memory_reserved: 37.353517293930054, max_memory_allocated: 35.45581269264221, max_memory_reserved: 37.353517293930054, interval_runtime: 4.0364, interval_samples_per_second: 0.991, interval_steps_per_second: 0.2477, global_norm: 2.95466947555542, ppl: 449.6733633595376, progress_or_epoch: 0.5333, cpu_used_memory: 268.58, cpu_available_memory: 1241.58[0m
[32m[2026-05-12 06:38:20,862] [    INFO][0m - [DataLoad global_step: 160] data_load_time: 0.34 ms (accumulated over 4 micro-batches)[0m

TrainProcess:  54%|█████▎    | 161/300 [10:54<09:21,  4.04s/it][32m[2026-05-12 06:38:24,898] [    INFO][0m - loss: 6.58560371, learning_rate: 4.793e-05, global_step: 161, current_memory_allocated: 29.91601800918579, current_memory_reserved: 37.353517293930054, max_memory_allocated: 35.45581269264221, max_memory_reserved: 37.353517293930054, interval_runtime: 4.0364, interval_samples_per_second: 0.991, interval_steps_per_second: 0.2477, global_norm: 1.9992244243621826, ppl: 724.5883568867199, progress_or_epoch: 0.5367, cpu_used_memory: 268.59, cpu_available_memory: 1241.57[0m
[32m[2026-05-12 06:38:24,898] [    INFO][0m - [DataLoad global_step: 161] data_load_time: 0.26 ms (accumulated over 4 micro-batches)[0m

TrainProcess:  54%|█████▍    | 162/300 [10:58<09:17,  4.04s/it][32m[2026-05-12 06:38:28,934] [    INFO][0m - loss: 6.33094168, learning_rate: 4.759e-05, global_step: 162, current_memory_allocated: 29.91601800918579, current_memory_reserved: 37.353517293930054, max_memory_allocated: 35.45581269264221, max_memory_reserved: 37.353517293930054, interval_runtime: 4.0358, interval_samples_per_second: 0.9911, interval_steps_per_second: 0.2478, global_norm: 3.264648675918579, ppl: 561.6852726783604, progress_or_epoch: 0.54, cpu_used_memory: 268.57, cpu_available_memory: 1241.59[0m
[32m[2026-05-12 06:38:28,934] [    INFO][0m - [DataLoad global_step: 162] data_load_time: 0.26 ms (accumulated over 4 micro-batches)[0m

TrainProcess:  54%|█████▍    | 163/300 [11:02<09:12,  4.04s/it][32m[2026-05-12 06:38:32,969] [    INFO][0m - loss: 6.46635818, learning_rate: 4.724e-05, global_step: 163, current_memory_allocated: 29.91601800918579, current_memory_reserved: 37.353517293930054, max_memory_allocated: 35.45581269264221, max_memory_reserved: 37.353517293930054, interval_runtime: 4.035, interval_samples_per_second: 0.9913, interval_steps_per_second: 0.2478, global_norm: 2.8192248344421387, ppl: 643.1372667048743, progress_or_epoch: 0.5433, cpu_used_memory: 268.57, cpu_available_memory: 1241.59[0m
[32m[2026-05-12 06:38:32,970] [    INFO][0m - [DataLoad global_step: 163] data_load_time: 0.88 ms (accumulated over 4 micro-batches)[0m

TrainProcess:  55%|█████▍    | 164/300 [11:06<09:08,  4.04s/it][32m[2026-05-12 06:38:37,003] [    INFO][0m - loss: 6.46506643, learning_rate: 4.69e-05, global_step: 164, current_memory_allocated: 29.91601800918579, current_memory_reserved: 37.353517293930054, max_memory_allocated: 35.45581269264221, max_memory_reserved: 37.353517293930054, interval_runtime: 4.0335, interval_samples_per_second: 0.9917, interval_steps_per_second: 0.2479, global_norm: 2.5443122386932373, ppl: 642.3070304848724, progress_or_epoch: 0.5467, cpu_used_memory: 268.58, cpu_available_memory: 1241.58[0m
[32m[2026-05-12 06:38:37,004] [    INFO][0m - [DataLoad global_step: 164] data_load_time: 0.22 ms (accumulated over 4 micro-batches)[0m

TrainProcess:  55%|█████▌    | 165/300 [11:10<09:04,  4.04s/it][32m[2026-05-12 06:38:41,040] [    INFO][0m - loss: 6.51929903, learning_rate: 4.655e-05, global_step: 165, current_memory_allocated: 29.91601800918579, current_memory_reserved: 37.353517293930054, max_memory_allocated: 35.45581269264221, max_memory_reserved: 37.353517293930054, interval_runtime: 4.0355, interval_samples_per_second: 0.9912, interval_steps_per_second: 0.2478, global_norm: 2.0267841815948486, ppl: 678.1028889225029, progress_or_epoch: 0.55, cpu_used_memory: 268.53, cpu_available_memory: 1241.62[0m
[32m[2026-05-12 06:38:41,040] [    INFO][0m - [DataLoad global_step: 165] data_load_time: 0.41 ms (accumulated over 4 micro-batches)[0m

TrainProcess:  55%|█████▌    | 166/300 [11:14<09:00,  4.04s/it][32m[2026-05-12 06:38:45,074] [    INFO][0m - loss: 6.52006769, learning_rate: 4.621e-05, global_step: 166, current_memory_allocated: 29.91601800918579, current_memory_reserved: 37.353517293930054, max_memory_allocated: 35.45581269264221, max_memory_reserved: 37.353517293930054, interval_runtime: 4.0346, interval_samples_per_second: 0.9914, interval_steps_per_second: 0.2479, global_norm: 1.5223265886306763, ppl: 678.6243198649829, progress_or_epoch: 0.5533, cpu_used_memory: 268.63, cpu_available_memory: 1241.53[0m
[32m[2026-05-12 06:38:45,074] [    INFO][0m - [DataLoad global_step: 166] data_load_time: 0.58 ms (accumulated over 4 micro-batches)[0m

TrainProcess:  56%|█████▌    | 167/300 [11:18<08:56,  4.04s/it][32m[2026-05-12 06:38:49,109] [    INFO][0m - loss: 6.34913969, learning_rate: 4.586e-05, global_step: 167, current_memory_allocated: 29.91601800918579, current_memory_reserved: 37.353517293930054, max_memory_allocated: 35.45581269264221, max_memory_reserved: 37.353517293930054, interval_runtime: 4.0347, interval_samples_per_second: 0.9914, interval_steps_per_second: 0.2478, global_norm: 2.6417973041534424, ppl: 572.0003996108954, progress_or_epoch: 0.5567, cpu_used_memory: 268.61, cpu_available_memory: 1241.54[0m
[32m[2026-05-12 06:38:49,109] [    INFO][0m - [DataLoad global_step: 167] data_load_time: 0.50 ms (accumulated over 4 micro-batches)[0m

TrainProcess:  56%|█████▌    | 168/300 [11:22<08:52,  4.04s/it][32m[2026-05-12 06:38:53,143] [    INFO][0m - loss: 6.42682171, learning_rate: 4.552e-05, global_step: 168, current_memory_allocated: 29.91601800918579, current_memory_reserved: 37.353517293930054, max_memory_allocated: 35.45581269264221, max_memory_reserved: 37.353517293930054, interval_runtime: 4.0338, interval_samples_per_second: 0.9916, interval_steps_per_second: 0.2479, global_norm: 1.922193169593811, ppl: 618.2059843916516, progress_or_epoch: 0.56, cpu_used_memory: 268.62, cpu_available_memory: 1241.54[0m
[32m[2026-05-12 06:38:53,143] [    INFO][0m - [DataLoad global_step: 168] data_load_time: 0.51 ms (accumulated over 4 micro-batches)[0m

TrainProcess:  56%|█████▋    | 169/300 [11:26<08:48,  4.03s/it][32m[2026-05-12 06:38:57,177] [    INFO][0m - loss: 6.37473679, learning_rate: 4.517e-05, global_step: 169, current_memory_allocated: 29.91601800918579, current_memory_reserved: 37.353517293930054, max_memory_allocated: 35.45581269264221, max_memory_reserved: 37.353517293930054, interval_runtime: 4.0341, interval_samples_per_second: 0.9915, interval_steps_per_second: 0.2479, global_norm: 2.302490234375, ppl: 586.8309508376767, progress_or_epoch: 0.5633, cpu_used_memory: 268.52, cpu_available_memory: 1241.64[0m
[32m[2026-05-12 06:38:57,178] [    INFO][0m - [DataLoad global_step: 169] data_load_time: 0.23 ms (accumulated over 4 micro-batches)[0m

TrainProcess:  57%|█████▋    | 170/300 [11:30<08:44,  4.03s/it][32m[2026-05-12 06:39:01,214] [    INFO][0m - loss: 6.36545372, learning_rate: 4.483e-05, global_step: 170, current_memory_allocated: 29.91601800918579, current_memory_reserved: 37.353517293930054, max_memory_allocated: 35.45581269264221, max_memory_reserved: 37.353517293930054, interval_runtime: 4.0362, interval_samples_per_second: 0.991, interval_steps_per_second: 0.2478, global_norm: 1.5632121562957764, ppl: 581.4085651753458, progress_or_epoch: 0.5667, cpu_used_memory: 268.55, cpu_available_memory: 1241.61[0m
[32m[2026-05-12 06:39:01,214] [    INFO][0m - [DataLoad global_step: 170] data_load_time: 0.54 ms (accumulated over 4 micro-batches)[0m

TrainProcess:  57%|█████▋    | 171/300 [11:34<08:40,  4.04s/it][32m[2026-05-12 06:39:05,250] [    INFO][0m - loss: 6.49445391, learning_rate: 4.448e-05, global_step: 171, current_memory_allocated: 29.91601800918579, current_memory_reserved: 37.353517293930054, max_memory_allocated: 35.45581269264221, max_memory_reserved: 37.353517293930054, interval_runtime: 4.0358, interval_samples_per_second: 0.9911, interval_steps_per_second: 0.2478, global_norm: 2.740119457244873, ppl: 661.4629083832997, progress_or_epoch: 0.57, cpu_used_memory: 268.6, cpu_available_memory: 1241.56[0m
[32m[2026-05-12 06:39:05,251] [    INFO][0m - [DataLoad global_step: 171] data_load_time: 0.61 ms (accumulated over 4 micro-batches)[0m

TrainProcess:  57%|█████▋    | 172/300 [11:38<08:36,  4.04s/it][32m[2026-05-12 06:39:09,286] [    INFO][0m - loss: 6.39528608, learning_rate: 4.414e-05, global_step: 172, current_memory_allocated: 29.91601800918579, current_memory_reserved: 37.353517293930054, max_memory_allocated: 35.45581269264221, max_memory_reserved: 37.353517293930054, interval_runtime: 4.0357, interval_samples_per_second: 0.9912, interval_steps_per_second: 0.2478, global_norm: 2.219712018966675, ppl: 599.0146648283563, progress_or_epoch: 0.5733, cpu_used_memory: 268.61, cpu_available_memory: 1241.55[0m
[32m[2026-05-12 06:39:09,286] [    INFO][0m - [DataLoad global_step: 172] data_load_time: 1.63 ms (accumulated over 4 micro-batches)[0m

TrainProcess:  58%|█████▊    | 173/300 [11:42<08:32,  4.04s/it][32m[2026-05-12 06:39:13,321] [    INFO][0m - loss: 6.38268805, learning_rate: 4.379e-05, global_step: 173, current_memory_allocated: 29.91601800918579, current_memory_reserved: 37.353517293930054, max_memory_allocated: 35.45581269264221, max_memory_reserved: 37.353517293930054, interval_runtime: 4.035, interval_samples_per_second: 0.9913, interval_steps_per_second: 0.2478, global_norm: 1.640297532081604, ppl: 591.5155960385978, progress_or_epoch: 0.5767, cpu_used_memory: 268.62, cpu_available_memory: 1241.53[0m
[32m[2026-05-12 06:39:13,321] [    INFO][0m - [DataLoad global_step: 173] data_load_time: 0.24 ms (accumulated over 4 micro-batches)[0m

TrainProcess:  58%|█████▊    | 174/300 [11:46<08:28,  4.04s/it][32m[2026-05-12 06:39:17,355] [    INFO][0m - loss: 6.14317274, learning_rate: 4.345e-05, global_step: 174, current_memory_allocated: 29.91601800918579, current_memory_reserved: 37.353517293930054, max_memory_allocated: 35.45581269264221, max_memory_reserved: 37.353517293930054, interval_runtime: 4.0334, interval_samples_per_second: 0.9917, interval_steps_per_second: 0.2479, global_norm: 2.146249771118164, ppl: 465.5282303041602, progress_or_epoch: 0.58, cpu_used_memory: 268.6, cpu_available_memory: 1241.56[0m
[32m[2026-05-12 06:39:17,355] [    INFO][0m - [DataLoad global_step: 174] data_load_time: 0.21 ms (accumulated over 4 micro-batches)[0m

TrainProcess:  58%|█████▊    | 175/300 [11:50<08:24,  4.04s/it][32m[2026-05-12 06:39:21,391] [    INFO][0m - loss: 6.56124783, learning_rate: 4.31e-05, global_step: 175, current_memory_allocated: 29.91601800918579, current_memory_reserved: 37.353517293930054, max_memory_allocated: 35.45581269264221, max_memory_reserved: 37.353517293930054, interval_runtime: 4.0357, interval_samples_per_second: 0.9912, interval_steps_per_second: 0.2478, global_norm: 2.0282397270202637, ppl: 707.1535516934775, progress_or_epoch: 0.5833, cpu_used_memory: 268.75, cpu_available_memory: 1241.41[0m
[32m[2026-05-12 06:39:21,391] [    INFO][0m - [DataLoad global_step: 175] data_load_time: 0.45 ms (accumulated over 4 micro-batches)[0m

TrainProcess:  59%|█████▊    | 176/300 [11:54<08:20,  4.04s/it][32m[2026-05-12 06:39:25,428] [    INFO][0m - loss: 6.3713541, learning_rate: 4.276e-05, global_step: 176, current_memory_allocated: 29.91601800918579, current_memory_reserved: 37.353517293930054, max_memory_allocated: 35.45581269264221, max_memory_reserved: 37.353517293930054, interval_runtime: 4.0362, interval_samples_per_second: 0.991, interval_steps_per_second: 0.2478, global_norm: 2.0119123458862305, ppl: 584.8492372995327, progress_or_epoch: 0.5867, cpu_used_memory: 268.84, cpu_available_memory: 1241.32[0m
[32m[2026-05-12 06:39:25,428] [    INFO][0m - [DataLoad global_step: 176] data_load_time: 0.21 ms (accumulated over 4 micro-batches)[0m

TrainProcess:  59%|█████▉    | 177/300 [11:58<08:16,  4.04s/it][32m[2026-05-12 06:39:29,465] [    INFO][0m - loss: 6.34250784, learning_rate: 4.241e-05, global_step: 177, current_memory_allocated: 29.91601800918579, current_memory_reserved: 37.353517293930054, max_memory_allocated: 35.45581269264221, max_memory_reserved: 37.353517293930054, interval_runtime: 4.0368, interval_samples_per_second: 0.9909, interval_steps_per_second: 0.2477, global_norm: 1.7935212850570679, ppl: 568.2195296991277, progress_or_epoch: 0.59, cpu_used_memory: 268.76, cpu_available_memory: 1241.4[0m
[32m[2026-05-12 06:39:29,465] [    INFO][0m - [DataLoad global_step: 177] data_load_time: 1.34 ms (accumulated over 4 micro-batches)[0m

TrainProcess:  59%|█████▉    | 178/300 [12:02<08:12,  4.04s/it][32m[2026-05-12 06:39:33,500] [    INFO][0m - loss: 6.42250824, learning_rate: 4.207e-05, global_step: 178, current_memory_allocated: 29.91601800918579, current_memory_reserved: 37.353517293930054, max_memory_allocated: 35.45581269264221, max_memory_reserved: 37.353517293930054, interval_runtime: 4.0352, interval_samples_per_second: 0.9913, interval_steps_per_second: 0.2478, global_norm: 1.6268142461776733, ppl: 615.5451143414087, progress_or_epoch: 0.5933, cpu_used_memory: 268.79, cpu_available_memory: 1241.37[0m
[32m[2026-05-12 06:39:33,500] [    INFO][0m - [DataLoad global_step: 178] data_load_time: 0.60 ms (accumulated over 4 micro-batches)[0m

TrainProcess:  60%|█████▉    | 179/300 [12:06<08:08,  4.04s/it][32m[2026-05-12 06:39:37,535] [    INFO][0m - loss: 6.39011288, learning_rate: 4.172e-05, global_step: 179, current_memory_allocated: 29.91601800918579, current_memory_reserved: 37.353517293930054, max_memory_allocated: 35.45581269264221, max_memory_reserved: 37.353517293930054, interval_runtime: 4.0347, interval_samples_per_second: 0.9914, interval_steps_per_second: 0.2479, global_norm: 2.051518678665161, ppl: 595.9238437750455, progress_or_epoch: 0.5967, cpu_used_memory: 268.79, cpu_available_memory: 1241.37[0m
[32m[2026-05-12 06:39:37,535] [    INFO][0m - [DataLoad global_step: 179] data_load_time: 0.45 ms (accumulated over 4 micro-batches)[0m

TrainProcess:  60%|██████    | 180/300 [12:10<08:04,  4.04s/it][32m[2026-05-12 06:39:41,570] [    INFO][0m - loss: 6.38822842, learning_rate: 4.138e-05, global_step: 180, current_memory_allocated: 29.91601800918579, current_memory_reserved: 37.353517293930054, max_memory_allocated: 35.45581269264221, max_memory_reserved: 37.353517293930054, interval_runtime: 4.035, interval_samples_per_second: 0.9913, interval_steps_per_second: 0.2478, global_norm: 2.610960006713867, ppl: 594.8019065833028, progress_or_epoch: 0.6, cpu_used_memory: 268.74, cpu_available_memory: 1241.42[0m
[32m[2026-05-12 06:39:41,571] [    INFO][0m - [DataLoad global_step: 180] data_load_time: 0.48 ms (accumulated over 4 micro-batches)[0m

TrainProcess:  60%|██████    | 181/300 [12:14<08:00,  4.04s/it][32m[2026-05-12 06:39:45,606] [    INFO][0m - loss: 6.3194294, learning_rate: 4.103e-05, global_step: 181, current_memory_allocated: 29.91601800918579, current_memory_reserved: 37.353517293930054, max_memory_allocated: 35.45581269264221, max_memory_reserved: 37.353517293930054, interval_runtime: 4.0355, interval_samples_per_second: 0.9912, interval_steps_per_second: 0.2478, global_norm: 1.6987438201904297, ppl: 555.2560729276487, progress_or_epoch: 0.6033, cpu_used_memory: 268.74, cpu_available_memory: 1241.42[0m
[32m[2026-05-12 06:39:45,606] [    INFO][0m - [DataLoad global_step: 181] data_load_time: 0.21 ms (accumulated over 4 micro-batches)[0m

TrainProcess:  61%|██████    | 182/300 [12:18<07:56,  4.04s/it][32m[2026-05-12 06:39:49,646] [    INFO][0m - loss: 6.32481384, learning_rate: 4.069e-05, global_step: 182, current_memory_allocated: 29.91601800918579, current_memory_reserved: 37.353517293930054, max_memory_allocated: 35.45581269264221, max_memory_reserved: 37.353517293930054, interval_runtime: 4.0394, interval_samples_per_second: 0.9902, interval_steps_per_second: 0.2476, global_norm: 1.6100388765335083, ppl: 558.2538794488904, progress_or_epoch: 0.6067, cpu_used_memory: 268.73, cpu_available_memory: 1241.43[0m
[32m[2026-05-12 06:39:49,646] [    INFO][0m - [DataLoad global_step: 182] data_load_time: 0.22 ms (accumulated over 4 micro-batches)[0m

TrainProcess:  61%|██████    | 183/300 [12:22<07:52,  4.04s/it][32m[2026-05-12 06:39:53,683] [    INFO][0m - loss: 6.91947079, learning_rate: 4.034e-05, global_step: 183, current_memory_allocated: 29.91601800918579, current_memory_reserved: 37.353517293930054, max_memory_allocated: 35.45581269264221, max_memory_reserved: 37.353517293930054, interval_runtime: 4.0365, interval_samples_per_second: 0.991, interval_steps_per_second: 0.2477, global_norm: 2.0275611877441406, ppl: 1011.7844064024055, progress_or_epoch: 0.61, cpu_used_memory: 268.72, cpu_available_memory: 1241.44[0m
[32m[2026-05-12 06:39:53,683] [    INFO][0m - [DataLoad global_step: 183] data_load_time: 0.60 ms (accumulated over 4 micro-batches)[0m

TrainProcess:  61%|██████▏   | 184/300 [12:26<07:48,  4.04s/it][32m[2026-05-12 06:39:57,719] [    INFO][0m - loss: 6.48463631, learning_rate: 4e-05, global_step: 184, current_memory_allocated: 29.91601800918579, current_memory_reserved: 37.353517293930054, max_memory_allocated: 35.45581269264221, max_memory_reserved: 37.353517293930054, interval_runtime: 4.0357, interval_samples_per_second: 0.9912, interval_steps_per_second: 0.2478, global_norm: 1.8259999752044678, ppl: 655.000703709288, progress_or_epoch: 0.6133, cpu_used_memory: 268.69, cpu_available_memory: 1241.47[0m
[32m[2026-05-12 06:39:57,719] [    INFO][0m - [DataLoad global_step: 184] data_load_time: 0.56 ms (accumulated over 4 micro-batches)[0m

TrainProcess:  62%|██████▏   | 185/300 [12:30<07:44,  4.04s/it][32m[2026-05-12 06:40:01,755] [    INFO][0m - loss: 6.47365761, learning_rate: 3.966e-05, global_step: 185, current_memory_allocated: 29.91601800918579, current_memory_reserved: 37.353517293930054, max_memory_allocated: 35.45581269264221, max_memory_reserved: 37.353517293930054, interval_runtime: 4.0356, interval_samples_per_second: 0.9912, interval_steps_per_second: 0.2478, global_norm: 1.64463472366333, ppl: 647.8489776450347, progress_or_epoch: 0.6167, cpu_used_memory: 268.73, cpu_available_memory: 1241.42[0m
[32m[2026-05-12 06:40:01,755] [    INFO][0m - [DataLoad global_step: 185] data_load_time: 0.40 ms (accumulated over 4 micro-batches)[0m

TrainProcess:  62%|██████▏   | 186/300 [12:34<07:40,  4.04s/it][32m[2026-05-12 06:40:05,790] [    INFO][0m - loss: 6.16632318, learning_rate: 3.931e-05, global_step: 186, current_memory_allocated: 29.91601800918579, current_memory_reserved: 37.353517293930054, max_memory_allocated: 35.45581269264221, max_memory_reserved: 37.353517293930054, interval_runtime: 4.0352, interval_samples_per_second: 0.9913, interval_steps_per_second: 0.2478, global_norm: 1.5234055519104004, ppl: 476.43113019303405, progress_or_epoch: 0.62, cpu_used_memory: 268.83, cpu_available_memory: 1241.33[0m
[32m[2026-05-12 06:40:05,790] [    INFO][0m - [DataLoad global_step: 186] data_load_time: 0.57 ms (accumulated over 4 micro-batches)[0m

TrainProcess:  62%|██████▏   | 187/300 [12:39<07:36,  4.04s/it][32m[2026-05-12 06:40:09,826] [    INFO][0m - loss: 6.48242712, learning_rate: 3.897e-05, global_step: 187, current_memory_allocated: 29.91601800918579, current_memory_reserved: 37.353517293930054, max_memory_allocated: 35.45581269264221, max_memory_reserved: 37.353517293930054, interval_runtime: 4.0359, interval_samples_per_second: 0.9911, interval_steps_per_second: 0.2478, global_norm: 2.690521478652954, ppl: 653.5552799004407, progress_or_epoch: 0.6233, cpu_used_memory: 268.81, cpu_available_memory: 1241.35[0m
[32m[2026-05-12 06:40:09,826] [    INFO][0m - [DataLoad global_step: 187] data_load_time: 0.37 ms (accumulated over 4 micro-batches)[0m

TrainProcess:  63%|██████▎   | 188/300 [12:43<07:32,  4.04s/it][32m[2026-05-12 06:40:13,863] [    INFO][0m - loss: 6.53450775, learning_rate: 3.862e-05, global_step: 188, current_memory_allocated: 29.91601800918579, current_memory_reserved: 37.353517293930054, max_memory_allocated: 35.45581269264221, max_memory_reserved: 37.353517293930054, interval_runtime: 4.0357, interval_samples_per_second: 0.9912, interval_steps_per_second: 0.2478, global_norm: 1.9541833400726318, ppl: 688.4947893355613, progress_or_epoch: 0.6267, cpu_used_memory: 268.78, cpu_available_memory: 1241.38[0m
[32m[2026-05-12 06:40:13,863] [    INFO][0m - [DataLoad global_step: 188] data_load_time: 0.26 ms (accumulated over 4 micro-batches)[0m

TrainProcess:  63%|██████▎   | 189/300 [12:47<07:27,  4.04s/it][32m[2026-05-12 06:40:17,897] [    INFO][0m - loss: 6.60045338, learning_rate: 3.828e-05, global_step: 189, current_memory_allocated: 29.91601800918579, current_memory_reserved: 37.353517293930054, max_memory_allocated: 35.45581269264221, max_memory_reserved: 37.353517293930054, interval_runtime: 4.0346, interval_samples_per_second: 0.9914, interval_steps_per_second: 0.2479, global_norm: 1.968901515007019, ppl: 735.4285422609574, progress_or_epoch: 0.63, cpu_used_memory: 268.8, cpu_available_memory: 1241.36[0m
[32m[2026-05-12 06:40:17,898] [    INFO][0m - [DataLoad global_step: 189] data_load_time: 0.46 ms (accumulated over 4 micro-batches)[0m

TrainProcess:  63%|██████▎   | 190/300 [12:51<07:23,  4.04s/it][32m[2026-05-12 06:40:21,933] [    INFO][0m - loss: 6.38001156, learning_rate: 3.793e-05, global_step: 190, current_memory_allocated: 29.91601800918579, current_memory_reserved: 37.353517293930054, max_memory_allocated: 35.45581269264221, max_memory_reserved: 37.353517293930054, interval_runtime: 4.0349, interval_samples_per_second: 0.9913, interval_steps_per_second: 0.2478, global_norm: 1.9469858407974243, ppl: 589.9345272621863, progress_or_epoch: 0.6333, cpu_used_memory: 268.86, cpu_available_memory: 1241.3[0m
[32m[2026-05-12 06:40:21,933] [    INFO][0m - [DataLoad global_step: 190] data_load_time: 0.49 ms (accumulated over 4 micro-batches)[0m

TrainProcess:  64%|██████▎   | 191/300 [12:55<07:19,  4.04s/it][32m[2026-05-12 06:40:25,968] [    INFO][0m - loss: 6.24155283, learning_rate: 3.759e-05, global_step: 191, current_memory_allocated: 29.91601800918579, current_memory_reserved: 37.353517293930054, max_memory_allocated: 35.45581269264221, max_memory_reserved: 37.353517293930054, interval_runtime: 4.0348, interval_samples_per_second: 0.9914, interval_steps_per_second: 0.2478, global_norm: 1.7642515897750854, ppl: 513.6555116675445, progress_or_epoch: 0.6367, cpu_used_memory: 268.87, cpu_available_memory: 1241.28[0m
[32m[2026-05-12 06:40:25,968] [    INFO][0m - [DataLoad global_step: 191] data_load_time: 0.24 ms (accumulated over 4 micro-batches)[0m

TrainProcess:  64%|██████▍   | 192/300 [12:59<07:15,  4.04s/it][32m[2026-05-12 06:40:30,003] [    INFO][0m - loss: 6.36694717, learning_rate: 3.724e-05, global_step: 192, current_memory_allocated: 29.91601800918579, current_memory_reserved: 37.353517293930054, max_memory_allocated: 35.45581269264221, max_memory_reserved: 37.353517293930054, interval_runtime: 4.0352, interval_samples_per_second: 0.9913, interval_steps_per_second: 0.2478, global_norm: 1.6296241283416748, ppl: 582.2775185046733, progress_or_epoch: 0.64, cpu_used_memory: 268.88, cpu_available_memory: 1241.28[0m
[32m[2026-05-12 06:40:30,003] [    INFO][0m - [DataLoad global_step: 192] data_load_time: 0.78 ms (accumulated over 4 micro-batches)[0m

TrainProcess:  64%|██████▍   | 193/300 [13:03<07:11,  4.04s/it][32m[2026-05-12 06:40:34,039] [    INFO][0m - loss: 6.39482212, learning_rate: 3.69e-05, global_step: 193, current_memory_allocated: 29.91601800918579, current_memory_reserved: 37.353517293930054, max_memory_allocated: 35.45581269264221, max_memory_reserved: 37.353517293930054, interval_runtime: 4.0357, interval_samples_per_second: 0.9911, interval_steps_per_second: 0.2478, global_norm: 2.0393264293670654, ppl: 598.7368104461062, progress_or_epoch: 0.6433, cpu_used_memory: 268.89, cpu_available_memory: 1241.27[0m
[32m[2026-05-12 06:40:34,039] [    INFO][0m - [DataLoad global_step: 193] data_load_time: 0.23 ms (accumulated over 4 micro-batches)[0m

TrainProcess:  65%|██████▍   | 194/300 [13:07<07:07,  4.04s/it][32m[2026-05-12 06:40:38,076] [    INFO][0m - loss: 6.38639641, learning_rate: 3.655e-05, global_step: 194, current_memory_allocated: 29.91601800918579, current_memory_reserved: 37.353517293930054, max_memory_allocated: 35.45581269264221, max_memory_reserved: 37.353517293930054, interval_runtime: 4.0359, interval_samples_per_second: 0.9911, interval_steps_per_second: 0.2478, global_norm: 2.059061288833618, ppl: 593.7132210882726, progress_or_epoch: 0.6467, cpu_used_memory: 268.84, cpu_available_memory: 1241.32[0m
[32m[2026-05-12 06:40:38,076] [    INFO][0m - [DataLoad global_step: 194] data_load_time: 0.27 ms (accumulated over 4 micro-batches)[0m

TrainProcess:  65%|██████▌   | 195/300 [13:11<07:03,  4.04s/it][32m[2026-05-12 06:40:42,113] [    INFO][0m - loss: 6.23961401, learning_rate: 3.621e-05, global_step: 195, current_memory_allocated: 29.91601800918579, current_memory_reserved: 37.353517293930054, max_memory_allocated: 35.45581269264221, max_memory_reserved: 37.353517293930054, interval_runtime: 4.0378, interval_samples_per_second: 0.9906, interval_steps_per_second: 0.2477, global_norm: 2.0560081005096436, ppl: 512.660590886229, progress_or_epoch: 0.65, cpu_used_memory: 268.91, cpu_available_memory: 1241.25[0m
[32m[2026-05-12 06:40:42,114] [    INFO][0m - [DataLoad global_step: 195] data_load_time: 0.35 ms (accumulated over 4 micro-batches)[0m

TrainProcess:  65%|██████▌   | 196/300 [13:15<06:59,  4.04s/it][32m[2026-05-12 06:40:46,149] [    INFO][0m - loss: 6.25118828, learning_rate: 3.586e-05, global_step: 196, current_memory_allocated: 29.91601800918579, current_memory_reserved: 37.353517293930054, max_memory_allocated: 35.45581269264221, max_memory_reserved: 37.353517293930054, interval_runtime: 4.0354, interval_samples_per_second: 0.9912, interval_steps_per_second: 0.2478, global_norm: 1.6923402547836304, ppl: 518.6287348120192, progress_or_epoch: 0.6533, cpu_used_memory: 268.91, cpu_available_memory: 1241.25[0m
[32m[2026-05-12 06:40:46,149] [    INFO][0m - [DataLoad global_step: 196] data_load_time: 0.30 ms (accumulated over 4 micro-batches)[0m

TrainProcess:  66%|██████▌   | 197/300 [13:19<06:55,  4.04s/it][32m[2026-05-12 06:40:50,185] [    INFO][0m - loss: 6.44298697, learning_rate: 3.552e-05, global_step: 197, current_memory_allocated: 29.91601800918579, current_memory_reserved: 37.353517293930054, max_memory_allocated: 35.45581269264221, max_memory_reserved: 37.353517293930054, interval_runtime: 4.0357, interval_samples_per_second: 0.9912, interval_steps_per_second: 0.2478, global_norm: 1.4841604232788086, ppl: 628.2806553121944, progress_or_epoch: 0.6567, cpu_used_memory: 268.73, cpu_available_memory: 1241.43[0m
[32m[2026-05-12 06:40:50,185] [    INFO][0m - [DataLoad global_step: 197] data_load_time: 0.27 ms (accumulated over 4 micro-batches)[0m

TrainProcess:  66%|██████▌   | 198/300 [13:23<06:51,  4.04s/it][32m[2026-05-12 06:40:54,221] [    INFO][0m - loss: 6.29082537, learning_rate: 3.517e-05, global_step: 198, current_memory_allocated: 29.91601800918579, current_memory_reserved: 37.353517293930054, max_memory_allocated: 35.45581269264221, max_memory_reserved: 37.353517293930054, interval_runtime: 4.0355, interval_samples_per_second: 0.9912, interval_steps_per_second: 0.2478, global_norm: 1.5584256649017334, ppl: 539.5985137636359, progress_or_epoch: 0.66, cpu_used_memory: 268.73, cpu_available_memory: 1241.43[0m
[32m[2026-05-12 06:40:54,221] [    INFO][0m - [DataLoad global_step: 198] data_load_time: 0.27 ms (accumulated over 4 micro-batches)[0m

TrainProcess:  66%|██████▋   | 199/300 [13:27<06:47,  4.04s/it][32m[2026-05-12 06:40:58,258] [    INFO][0m - loss: 6.49006271, learning_rate: 3.483e-05, global_step: 199, current_memory_allocated: 29.91601800918579, current_memory_reserved: 37.353517293930054, max_memory_allocated: 35.45581269264221, max_memory_reserved: 37.353517293930054, interval_runtime: 4.0366, interval_samples_per_second: 0.9909, interval_steps_per_second: 0.2477, global_norm: 1.835623025894165, ppl: 658.5646605101911, progress_or_epoch: 0.6633, cpu_used_memory: 268.74, cpu_available_memory: 1241.42[0m
[32m[2026-05-12 06:40:58,258] [    INFO][0m - [DataLoad global_step: 199] data_load_time: 0.25 ms (accumulated over 4 micro-batches)[0m

TrainProcess:  67%|██████▋   | 200/300 [13:31<06:43,  4.04s/it][32m[2026-05-12 06:41:02,296] [    INFO][0m - loss: 6.23995113, learning_rate: 3.448e-05, global_step: 200, current_memory_allocated: 29.91601800918579, current_memory_reserved: 37.353517293930054, max_memory_allocated: 35.45581269264221, max_memory_reserved: 37.353517293930054, interval_runtime: 4.0376, interval_samples_per_second: 0.9907, interval_steps_per_second: 0.2477, global_norm: 1.602237343788147, ppl: 512.8334481598131, progress_or_epoch: 0.6667, cpu_used_memory: 268.83, cpu_available_memory: 1241.33[0m
[32m[2026-05-12 06:41:02,297] [    INFO][0m - [DataLoad global_step: 200] data_load_time: 0.25 ms (accumulated over 4 micro-batches)[0m

TrainProcess:  67%|██████▋   | 201/300 [13:35<06:39,  4.04s/it][32m[2026-05-12 06:41:06,332] [    INFO][0m - loss: 6.35800266, learning_rate: 3.414e-05, global_step: 201, current_memory_allocated: 29.91601800918579, current_memory_reserved: 37.353517293930054, max_memory_allocated: 35.45581269264221, max_memory_reserved: 37.353517293930054, interval_runtime: 4.0364, interval_samples_per_second: 0.991, interval_steps_per_second: 0.2477, global_norm: 2.0236973762512207, ppl: 577.0925544671954, progress_or_epoch: 0.67, cpu_used_memory: 268.89, cpu_available_memory: 1241.27[0m
[32m[2026-05-12 06:41:06,333] [    INFO][0m - [DataLoad global_step: 201] data_load_time: 0.58 ms (accumulated over 4 micro-batches)[0m

TrainProcess:  67%|██████▋   | 202/300 [13:39<06:35,  4.04s/it][32m[2026-05-12 06:41:10,368] [    INFO][0m - loss: 6.52168846, learning_rate: 3.379e-05, global_step: 202, current_memory_allocated: 29.91601800918579, current_memory_reserved: 37.353517293930054, max_memory_allocated: 35.45581269264221, max_memory_reserved: 37.353517293930054, interval_runtime: 4.0356, interval_samples_per_second: 0.9912, interval_steps_per_second: 0.2478, global_norm: 2.4526174068450928, ppl: 679.7251056231862, progress_or_epoch: 0.6733, cpu_used_memory: 268.87, cpu_available_memory: 1241.28[0m
[32m[2026-05-12 06:41:10,369] [    INFO][0m - [DataLoad global_step: 202] data_load_time: 0.67 ms (accumulated over 4 micro-batches)[0m

TrainProcess:  68%|██████▊   | 203/300 [13:43<06:31,  4.04s/it][32m[2026-05-12 06:41:14,405] [    INFO][0m - loss: 6.30286121, learning_rate: 3.345e-05, global_step: 203, current_memory_allocated: 29.91601800918579, current_memory_reserved: 37.353517293930054, max_memory_allocated: 35.45581269264221, max_memory_reserved: 37.353517293930054, interval_runtime: 4.0363, interval_samples_per_second: 0.991, interval_steps_per_second: 0.2478, global_norm: 1.6981391906738281, ppl: 546.1322759235147, progress_or_epoch: 0.6767, cpu_used_memory: 268.88, cpu_available_memory: 1241.28[0m
[32m[2026-05-12 06:41:14,405] [    INFO][0m - [DataLoad global_step: 203] data_load_time: 0.28 ms (accumulated over 4 micro-batches)[0m

TrainProcess:  68%|██████▊   | 204/300 [13:47<06:27,  4.04s/it][32m[2026-05-12 06:41:18,439] [    INFO][0m - loss: 6.13635635, learning_rate: 3.31e-05, global_step: 204, current_memory_allocated: 29.91601800918579, current_memory_reserved: 37.353517293930054, max_memory_allocated: 35.45581269264221, max_memory_reserved: 37.353517293930054, interval_runtime: 4.0344, interval_samples_per_second: 0.9915, interval_steps_per_second: 0.2479, global_norm: 2.0264623165130615, ppl: 462.3657987584865, progress_or_epoch: 0.68, cpu_used_memory: 268.87, cpu_available_memory: 1241.29[0m
[32m[2026-05-12 06:41:18,440] [    INFO][0m - [DataLoad global_step: 204] data_load_time: 0.25 ms (accumulated over 4 micro-batches)[0m

TrainProcess:  68%|██████▊   | 205/300 [13:51<06:23,  4.04s/it][32m[2026-05-12 06:41:22,476] [    INFO][0m - loss: 6.08888817, learning_rate: 3.276e-05, global_step: 205, current_memory_allocated: 29.91601800918579, current_memory_reserved: 37.353517293930054, max_memory_allocated: 35.45581269264221, max_memory_reserved: 37.353517293930054, interval_runtime: 4.0363, interval_samples_per_second: 0.991, interval_steps_per_second: 0.2477, global_norm: 2.1067686080932617, ppl: 440.9308983123876, progress_or_epoch: 0.6833, cpu_used_memory: 268.9, cpu_available_memory: 1241.25[0m
[32m[2026-05-12 06:41:22,476] [    INFO][0m - [DataLoad global_step: 205] data_load_time: 0.21 ms (accumulated over 4 micro-batches)[0m

TrainProcess:  69%|██████▊   | 206/300 [13:55<06:19,  4.04s/it][32m[2026-05-12 06:41:26,512] [    INFO][0m - loss: 6.31430435, learning_rate: 3.241e-05, global_step: 206, current_memory_allocated: 29.91601800918579, current_memory_reserved: 37.353517293930054, max_memory_allocated: 35.45581269264221, max_memory_reserved: 37.353517293930054, interval_runtime: 4.0357, interval_samples_per_second: 0.9911, interval_steps_per_second: 0.2478, global_norm: 1.6543697118759155, ppl: 552.4176375655587, progress_or_epoch: 0.6867, cpu_used_memory: 268.87, cpu_available_memory: 1241.29[0m
[32m[2026-05-12 06:41:26,513] [    INFO][0m - [DataLoad global_step: 206] data_load_time: 0.21 ms (accumulated over 4 micro-batches)[0m

TrainProcess:  69%|██████▉   | 207/300 [13:59<06:15,  4.04s/it][32m[2026-05-12 06:41:30,549] [    INFO][0m - loss: 6.81973219, learning_rate: 3.207e-05, global_step: 207, current_memory_allocated: 29.91601800918579, current_memory_reserved: 37.353517293930054, max_memory_allocated: 35.45581269264221, max_memory_reserved: 37.353517293930054, interval_runtime: 4.0363, interval_samples_per_second: 0.991, interval_steps_per_second: 0.2478, global_norm: 1.9572962522506714, ppl: 915.7397329808957, progress_or_epoch: 0.69, cpu_used_memory: 268.87, cpu_available_memory: 1241.29[0m
[32m[2026-05-12 06:41:30,549] [    INFO][0m - [DataLoad global_step: 207] data_load_time: 1.10 ms (accumulated over 4 micro-batches)[0m

TrainProcess:  69%|██████▉   | 208/300 [14:03<06:11,  4.04s/it][32m[2026-05-12 06:41:34,585] [    INFO][0m - loss: 6.27185583, learning_rate: 3.172e-05, global_step: 208, current_memory_allocated: 29.91601800918579, current_memory_reserved: 37.353517293930054, max_memory_allocated: 35.45581269264221, max_memory_reserved: 37.353517293930054, interval_runtime: 4.0361, interval_samples_per_second: 0.9911, interval_steps_per_second: 0.2478, global_norm: 1.5624911785125732, ppl: 529.459052678898, progress_or_epoch: 0.6933, cpu_used_memory: 268.92, cpu_available_memory: 1241.24[0m
[32m[2026-05-12 06:41:34,585] [    INFO][0m - [DataLoad global_step: 208] data_load_time: 0.57 ms (accumulated over 4 micro-batches)[0m

TrainProcess:  70%|██████▉   | 209/300 [14:07<06:07,  4.04s/it][32m[2026-05-12 06:41:38,620] [    INFO][0m - loss: 6.38230896, learning_rate: 3.138e-05, global_step: 209, current_memory_allocated: 29.91601800918579, current_memory_reserved: 37.353517293930054, max_memory_allocated: 35.45581269264221, max_memory_reserved: 37.353517293930054, interval_runtime: 4.0346, interval_samples_per_second: 0.9914, interval_steps_per_second: 0.2479, global_norm: 1.5117520093917847, ppl: 591.29140088905, progress_or_epoch: 0.6967, cpu_used_memory: 268.85, cpu_available_memory: 1241.31[0m
[32m[2026-05-12 06:41:38,620] [    INFO][0m - [DataLoad global_step: 209] data_load_time: 0.53 ms (accumulated over 4 micro-batches)[0m

TrainProcess:  70%|███████   | 210/300 [14:11<06:03,  4.04s/it][32m[2026-05-12 06:41:42,657] [    INFO][0m - loss: 7.00800896, learning_rate: 3.103e-05, global_step: 210, current_memory_allocated: 29.91601800918579, current_memory_reserved: 37.353517293930054, max_memory_allocated: 35.45581269264221, max_memory_reserved: 37.353517293930054, interval_runtime: 4.0365, interval_samples_per_second: 0.991, interval_steps_per_second: 0.2477, global_norm: 3.503037691116333, ppl: 1105.4513145231815, progress_or_epoch: 0.7, cpu_used_memory: 268.89, cpu_available_memory: 1241.27[0m
[32m[2026-05-12 06:41:42,657] [    INFO][0m - [DataLoad global_step: 210] data_load_time: 0.50 ms (accumulated over 4 micro-batches)[0m

TrainProcess:  70%|███████   | 211/300 [14:15<06:00,  4.04s/it][32m[2026-05-12 06:41:46,722] [    INFO][0m - loss: 6.20538044, learning_rate: 3.069e-05, global_step: 211, current_memory_allocated: 29.91601800918579, current_memory_reserved: 37.353517293930054, max_memory_allocated: 35.45581269264221, max_memory_reserved: 37.353517293930054, interval_runtime: 4.0651, interval_samples_per_second: 0.984, interval_steps_per_second: 0.246, global_norm: 1.4124904870986938, ppl: 495.4073928819862, progress_or_epoch: 0.7033, cpu_used_memory: 269.6, cpu_available_memory: 1240.56[0m
[32m[2026-05-12 06:41:46,722] [    INFO][0m - [DataLoad global_step: 211] data_load_time: 0.26 ms (accumulated over 4 micro-batches)[0m

TrainProcess:  71%|███████   | 212/300 [14:19<05:55,  4.04s/it][32m[2026-05-12 06:41:50,758] [    INFO][0m - loss: 6.13747072, learning_rate: 3.034e-05, global_step: 212, current_memory_allocated: 29.91601800918579, current_memory_reserved: 37.353517293930054, max_memory_allocated: 35.45581269264221, max_memory_reserved: 37.353517293930054, interval_runtime: 4.0356, interval_samples_per_second: 0.9912, interval_steps_per_second: 0.2478, global_norm: 1.3286023139953613, ppl: 462.88133252798224, progress_or_epoch: 0.7067, cpu_used_memory: 268.75, cpu_available_memory: 1241.41[0m
[32m[2026-05-12 06:41:50,759] [    INFO][0m - [DataLoad global_step: 212] data_load_time: 0.87 ms (accumulated over 4 micro-batches)[0m

TrainProcess:  71%|███████   | 213/300 [14:23<05:51,  4.04s/it][32m[2026-05-12 06:41:54,796] [    INFO][0m - loss: 6.11802578, learning_rate: 3e-05, global_step: 213, current_memory_allocated: 29.91601800918579, current_memory_reserved: 37.353517293930054, max_memory_allocated: 35.45581269264221, max_memory_reserved: 37.353517293930054, interval_runtime: 4.0374, interval_samples_per_second: 0.9907, interval_steps_per_second: 0.2477, global_norm: 1.465528130531311, ppl: 453.9675773670223, progress_or_epoch: 0.71, cpu_used_memory: 268.42, cpu_available_memory: 1241.74[0m
[32m[2026-05-12 06:41:54,796] [    INFO][0m - [DataLoad global_step: 213] data_load_time: 0.48 ms (accumulated over 4 micro-batches)[0m

TrainProcess:  71%|███████▏  | 214/300 [14:28<05:47,  4.04s/it][32m[2026-05-12 06:41:58,831] [    INFO][0m - loss: 6.06593466, learning_rate: 2.966e-05, global_step: 214, current_memory_allocated: 29.91601800918579, current_memory_reserved: 37.353517293930054, max_memory_allocated: 35.45581269264221, max_memory_reserved: 37.353517293930054, interval_runtime: 4.0351, interval_samples_per_second: 0.9913, interval_steps_per_second: 0.2478, global_norm: 1.7178151607513428, ppl: 430.9252581067191, progress_or_epoch: 0.7133, cpu_used_memory: 268.63, cpu_available_memory: 1241.53[0m
[32m[2026-05-12 06:41:58,831] [    INFO][0m - [DataLoad global_step: 214] data_load_time: 0.25 ms (accumulated over 4 micro-batches)[0m

TrainProcess:  72%|███████▏  | 215/300 [14:32<05:43,  4.04s/it][32m[2026-05-12 06:42:02,865] [    INFO][0m - loss: 6.00401974, learning_rate: 2.931e-05, global_step: 215, current_memory_allocated: 29.91601800918579, current_memory_reserved: 37.353517293930054, max_memory_allocated: 35.45581269264221, max_memory_reserved: 37.353517293930054, interval_runtime: 4.0339, interval_samples_per_second: 0.9916, interval_steps_per_second: 0.2479, global_norm: 2.549875020980835, ppl: 405.053736086434, progress_or_epoch: 0.7167, cpu_used_memory: 268.25, cpu_available_memory: 1241.91[0m
[32m[2026-05-12 06:42:02,866] [    INFO][0m - [DataLoad global_step: 215] data_load_time: 0.32 ms (accumulated over 4 micro-batches)[0m

TrainProcess:  72%|███████▏  | 216/300 [14:36<05:39,  4.04s/it][32m[2026-05-12 06:42:06,900] [    INFO][0m - loss: 6.35846615, learning_rate: 2.897e-05, global_step: 216, current_memory_allocated: 29.91601800918579, current_memory_reserved: 37.353517293930054, max_memory_allocated: 35.45581269264221, max_memory_reserved: 37.353517293930054, interval_runtime: 4.0342, interval_samples_per_second: 0.9915, interval_steps_per_second: 0.2479, global_norm: 4.324365615844727, ppl: 577.3600930912141, progress_or_epoch: 0.72, cpu_used_memory: 268.37, cpu_available_memory: 1241.78[0m
[32m[2026-05-12 06:42:06,900] [    INFO][0m - [DataLoad global_step: 216] data_load_time: 0.61 ms (accumulated over 4 micro-batches)[0m

TrainProcess:  72%|███████▏  | 217/300 [14:40<05:35,  4.04s/it][32m[2026-05-12 06:42:10,936] [    INFO][0m - loss: 6.22731161, learning_rate: 2.862e-05, global_step: 217, current_memory_allocated: 29.91601800918579, current_memory_reserved: 37.353517293930054, max_memory_allocated: 35.45581269264221, max_memory_reserved: 37.353517293930054, interval_runtime: 4.0355, interval_samples_per_second: 0.9912, interval_steps_per_second: 0.2478, global_norm: 2.1380538940429688, ppl: 506.3922719746733, progress_or_epoch: 0.7233, cpu_used_memory: 269.01, cpu_available_memory: 1241.15[0m
[32m[2026-05-12 06:42:10,936] [    INFO][0m - [DataLoad global_step: 217] data_load_time: 0.60 ms (accumulated over 4 micro-batches)[0m

TrainProcess:  73%|███████▎  | 218/300 [14:44<05:32,  4.05s/it][32m[2026-05-12 06:42:15,017] [    INFO][0m - loss: 6.2003932, learning_rate: 2.828e-05, global_step: 218, current_memory_allocated: 29.91601800918579, current_memory_reserved: 37.353517293930054, max_memory_allocated: 35.45581269264221, max_memory_reserved: 37.353517293930054, interval_runtime: 4.0807, interval_samples_per_second: 0.9802, interval_steps_per_second: 0.2451, global_norm: 1.5275827646255493, ppl: 492.9428281122452, progress_or_epoch: 0.7267, cpu_used_memory: 269.67, cpu_available_memory: 1240.49[0m
[32m[2026-05-12 06:42:15,017] [    INFO][0m - [DataLoad global_step: 218] data_load_time: 0.68 ms (accumulated over 4 micro-batches)[0m

TrainProcess:  73%|███████▎  | 219/300 [14:48<05:27,  4.05s/it][32m[2026-05-12 06:42:19,054] [    INFO][0m - loss: 6.2342906, learning_rate: 2.793e-05, global_step: 219, current_memory_allocated: 29.91601800918579, current_memory_reserved: 37.353517293930054, max_memory_allocated: 35.45581269264221, max_memory_reserved: 37.353517293930054, interval_runtime: 4.0365, interval_samples_per_second: 0.991, interval_steps_per_second: 0.2477, global_norm: 1.8014907836914062, ppl: 509.93873956318106, progress_or_epoch: 0.73, cpu_used_memory: 268.3, cpu_available_memory: 1241.86[0m
[32m[2026-05-12 06:42:19,054] [    INFO][0m - [DataLoad global_step: 219] data_load_time: 0.93 ms (accumulated over 4 micro-batches)[0m

TrainProcess:  73%|███████▎  | 220/300 [14:52<05:23,  4.04s/it][32m[2026-05-12 06:42:23,088] [    INFO][0m - loss: 6.077281, learning_rate: 2.759e-05, global_step: 220, current_memory_allocated: 29.91601800918579, current_memory_reserved: 37.353517293930054, max_memory_allocated: 35.45581269264221, max_memory_reserved: 37.353517293930054, interval_runtime: 4.0344, interval_samples_per_second: 0.9915, interval_steps_per_second: 0.2479, global_norm: 2.053349733352661, ppl: 435.8425263446889, progress_or_epoch: 0.7333, cpu_used_memory: 268.91, cpu_available_memory: 1241.25[0m
[32m[2026-05-12 06:42:23,088] [    INFO][0m - [DataLoad global_step: 220] data_load_time: 0.51 ms (accumulated over 4 micro-batches)[0m

TrainProcess:  74%|███████▎  | 221/300 [14:56<05:19,  4.04s/it][32m[2026-05-12 06:42:27,122] [    INFO][0m - loss: 6.23359442, learning_rate: 2.724e-05, global_step: 221, current_memory_allocated: 29.91601800918579, current_memory_reserved: 37.353517293930054, max_memory_allocated: 35.45581269264221, max_memory_reserved: 37.353517293930054, interval_runtime: 4.0335, interval_samples_per_second: 0.9917, interval_steps_per_second: 0.2479, global_norm: 1.812180995941162, ppl: 509.583853957936, progress_or_epoch: 0.7367, cpu_used_memory: 268.48, cpu_available_memory: 1241.68[0m
[32m[2026-05-12 06:42:27,122] [    INFO][0m - [DataLoad global_step: 221] data_load_time: 0.23 ms (accumulated over 4 micro-batches)[0m

TrainProcess:  74%|███████▍  | 222/300 [15:00<05:14,  4.04s/it][32m[2026-05-12 06:42:31,157] [    INFO][0m - loss: 6.66163826, learning_rate: 2.69e-05, global_step: 222, current_memory_allocated: 29.91601800918579, current_memory_reserved: 37.353517293930054, max_memory_allocated: 35.45581269264221, max_memory_reserved: 37.353517293930054, interval_runtime: 4.0345, interval_samples_per_second: 0.9915, interval_steps_per_second: 0.2479, global_norm: 1.7827048301696777, ppl: 781.8307305360008, progress_or_epoch: 0.74, cpu_used_memory: 268.26, cpu_available_memory: 1241.9[0m
[32m[2026-05-12 06:42:31,157] [    INFO][0m - [DataLoad global_step: 222] data_load_time: 0.24 ms (accumulated over 4 micro-batches)[0m

TrainProcess:  74%|███████▍  | 223/300 [15:04<05:10,  4.04s/it][32m[2026-05-12 06:42:35,192] [    INFO][0m - loss: 6.23207426, learning_rate: 2.655e-05, global_step: 223, current_memory_allocated: 29.91601800918579, current_memory_reserved: 37.353517293930054, max_memory_allocated: 35.45581269264221, max_memory_reserved: 37.353517293930054, interval_runtime: 4.035, interval_samples_per_second: 0.9913, interval_steps_per_second: 0.2478, global_norm: 1.506363868713379, ppl: 508.8097934634677, progress_or_epoch: 0.7433, cpu_used_memory: 268.37, cpu_available_memory: 1241.79[0m
[32m[2026-05-12 06:42:35,192] [    INFO][0m - [DataLoad global_step: 223] data_load_time: 0.24 ms (accumulated over 4 micro-batches)[0m

TrainProcess:  75%|███████▍  | 224/300 [15:08<05:06,  4.04s/it][32m[2026-05-12 06:42:39,229] [    INFO][0m - loss: 6.29992199, learning_rate: 2.621e-05, global_step: 224, current_memory_allocated: 29.91601800918579, current_memory_reserved: 37.353517293930054, max_memory_allocated: 35.45581269264221, max_memory_reserved: 37.353517293930054, interval_runtime: 4.0361, interval_samples_per_second: 0.9911, interval_steps_per_second: 0.2478, global_norm: 1.3600682020187378, ppl: 544.5294297281894, progress_or_epoch: 0.7467, cpu_used_memory: 268.33, cpu_available_memory: 1241.83[0m
[32m[2026-05-12 06:42:39,229] [    INFO][0m - [DataLoad global_step: 224] data_load_time: 0.86 ms (accumulated over 4 micro-batches)[0m

TrainProcess:  75%|███████▌  | 225/300 [15:12<05:02,  4.04s/it][32m[2026-05-12 06:42:43,264] [    INFO][0m - loss: 6.70423126, learning_rate: 2.586e-05, global_step: 225, current_memory_allocated: 29.91601800918579, current_memory_reserved: 37.353517293930054, max_memory_allocated: 35.45581269264221, max_memory_reserved: 37.353517293930054, interval_runtime: 4.0354, interval_samples_per_second: 0.9912, interval_steps_per_second: 0.2478, global_norm: 2.3668062686920166, ppl: 815.8506081861506, progress_or_epoch: 0.75, cpu_used_memory: 268.27, cpu_available_memory: 1241.89[0m
[32m[2026-05-12 06:42:43,264] [    INFO][0m - [DataLoad global_step: 225] data_load_time: 0.27 ms (accumulated over 4 micro-batches)[0m

TrainProcess:  75%|███████▌  | 226/300 [15:16<04:58,  4.04s/it][32m[2026-05-12 06:42:47,299] [    INFO][0m - loss: 6.21406651, learning_rate: 2.552e-05, global_step: 226, current_memory_allocated: 29.91601800918579, current_memory_reserved: 37.353517293930054, max_memory_allocated: 35.45581269264221, max_memory_reserved: 37.353517293930054, interval_runtime: 4.035, interval_samples_per_second: 0.9913, interval_steps_per_second: 0.2478, global_norm: 2.3795948028564453, ppl: 499.72927910517274, progress_or_epoch: 0.7533, cpu_used_memory: 268.35, cpu_available_memory: 1241.8[0m
[32m[2026-05-12 06:42:47,300] [    INFO][0m - [DataLoad global_step: 226] data_load_time: 0.26 ms (accumulated over 4 micro-batches)[0m

TrainProcess:  76%|███████▌  | 227/300 [15:20<04:54,  4.04s/it][32m[2026-05-12 06:42:51,334] [    INFO][0m - loss: 6.33725262, learning_rate: 2.517e-05, global_step: 227, current_memory_allocated: 29.91601800918579, current_memory_reserved: 37.353517293930054, max_memory_allocated: 35.45581269264221, max_memory_reserved: 37.353517293930054, interval_runtime: 4.0347, interval_samples_per_second: 0.9914, interval_steps_per_second: 0.2479, global_norm: 1.4948813915252686, ppl: 565.2412436907186, progress_or_epoch: 0.7567, cpu_used_memory: 268.32, cpu_available_memory: 1241.84[0m
[32m[2026-05-12 06:42:51,334] [    INFO][0m - [DataLoad global_step: 227] data_load_time: 0.22 ms (accumulated over 4 micro-batches)[0m

TrainProcess:  76%|███████▌  | 228/300 [15:24<04:50,  4.04s/it][32m[2026-05-12 06:42:55,369] [    INFO][0m - loss: 6.42550182, learning_rate: 2.483e-05, global_step: 228, current_memory_allocated: 29.91601800918579, current_memory_reserved: 37.353517293930054, max_memory_allocated: 35.45581269264221, max_memory_reserved: 37.353517293930054, interval_runtime: 4.0349, interval_samples_per_second: 0.9913, interval_steps_per_second: 0.2478, global_norm: 2.019679546356201, ppl: 617.3905587493688, progress_or_epoch: 0.76, cpu_used_memory: 268.31, cpu_available_memory: 1241.85[0m
[32m[2026-05-12 06:42:55,370] [    INFO][0m - [DataLoad global_step: 228] data_load_time: 0.23 ms (accumulated over 4 micro-batches)[0m

TrainProcess:  76%|███████▋  | 229/300 [15:28<04:46,  4.04s/it][32m[2026-05-12 06:42:59,404] [    INFO][0m - loss: 6.15795565, learning_rate: 2.448e-05, global_step: 229, current_memory_allocated: 29.91601800918579, current_memory_reserved: 37.353517293930054, max_memory_allocated: 35.45581269264221, max_memory_reserved: 37.353517293930054, interval_runtime: 4.0338, interval_samples_per_second: 0.9916, interval_steps_per_second: 0.2479, global_norm: 2.0818963050842285, ppl: 472.46121079104, progress_or_epoch: 0.7633, cpu_used_memory: 268.34, cpu_available_memory: 1241.82[0m
[32m[2026-05-12 06:42:59,404] [    INFO][0m - [DataLoad global_step: 229] data_load_time: 0.22 ms (accumulated over 4 micro-batches)[0m

TrainProcess:  77%|███████▋  | 230/300 [15:32<04:42,  4.04s/it][32m[2026-05-12 06:43:03,440] [    INFO][0m - loss: 6.18809652, learning_rate: 2.414e-05, global_step: 230, current_memory_allocated: 29.91601800918579, current_memory_reserved: 37.353517293930054, max_memory_allocated: 35.45581269264221, max_memory_reserved: 37.353517293930054, interval_runtime: 4.036, interval_samples_per_second: 0.9911, interval_steps_per_second: 0.2478, global_norm: 1.5601305961608887, ppl: 486.9183841385049, progress_or_epoch: 0.7667, cpu_used_memory: 268.37, cpu_available_memory: 1241.79[0m
[32m[2026-05-12 06:43:03,441] [    INFO][0m - [DataLoad global_step: 230] data_load_time: 0.25 ms (accumulated over 4 micro-batches)[0m

TrainProcess:  77%|███████▋  | 231/300 [15:36<04:38,  4.04s/it][32m[2026-05-12 06:43:07,476] [    INFO][0m - loss: 6.17612076, learning_rate: 2.379e-05, global_step: 231, current_memory_allocated: 29.91601800918579, current_memory_reserved: 37.353517293930054, max_memory_allocated: 35.45581269264221, max_memory_reserved: 37.353517293930054, interval_runtime: 4.0362, interval_samples_per_second: 0.991, interval_steps_per_second: 0.2478, global_norm: 2.1214206218719482, ppl: 481.1219440942736, progress_or_epoch: 0.77, cpu_used_memory: 268.42, cpu_available_memory: 1241.74[0m
[32m[2026-05-12 06:43:07,477] [    INFO][0m - [DataLoad global_step: 231] data_load_time: 0.30 ms (accumulated over 4 micro-batches)[0m

TrainProcess:  77%|███████▋  | 232/300 [15:40<04:34,  4.04s/it][32m[2026-05-12 06:43:11,512] [    INFO][0m - loss: 5.98915386, learning_rate: 2.345e-05, global_step: 232, current_memory_allocated: 29.91601800918579, current_memory_reserved: 37.353517293930054, max_memory_allocated: 35.45581269264221, max_memory_reserved: 37.353517293930054, interval_runtime: 4.0349, interval_samples_per_second: 0.9914, interval_steps_per_second: 0.2478, global_norm: 2.92873215675354, ppl: 399.0767921897714, progress_or_epoch: 0.7733, cpu_used_memory: 268.39, cpu_available_memory: 1241.77[0m
[32m[2026-05-12 06:43:11,512] [    INFO][0m - [DataLoad global_step: 232] data_load_time: 0.88 ms (accumulated over 4 micro-batches)[0m

TrainProcess:  78%|███████▊  | 233/300 [15:44<04:30,  4.04s/it][32m[2026-05-12 06:43:15,545] [    INFO][0m - loss: 6.06566715, learning_rate: 2.31e-05, global_step: 233, current_memory_allocated: 29.91601800918579, current_memory_reserved: 37.353517293930054, max_memory_allocated: 35.45581269264221, max_memory_reserved: 37.353517293930054, interval_runtime: 4.0336, interval_samples_per_second: 0.9917, interval_steps_per_second: 0.2479, global_norm: 1.9421732425689697, ppl: 430.8099967083989, progress_or_epoch: 0.7767, cpu_used_memory: 268.42, cpu_available_memory: 1241.74[0m
[32m[2026-05-12 06:43:15,546] [    INFO][0m - [DataLoad global_step: 233] data_load_time: 0.44 ms (accumulated over 4 micro-batches)[0m

TrainProcess:  78%|███████▊  | 234/300 [15:48<04:26,  4.03s/it][32m[2026-05-12 06:43:19,581] [    INFO][0m - loss: 6.35920906, learning_rate: 2.276e-05, global_step: 234, current_memory_allocated: 29.91601800918579, current_memory_reserved: 37.353517293930054, max_memory_allocated: 35.45581269264221, max_memory_reserved: 37.353517293930054, interval_runtime: 4.0351, interval_samples_per_second: 0.9913, interval_steps_per_second: 0.2478, global_norm: 1.644112467765808, ppl: 577.7891790443606, progress_or_epoch: 0.78, cpu_used_memory: 268.39, cpu_available_memory: 1241.77[0m
[32m[2026-05-12 06:43:19,581] [    INFO][0m - [DataLoad global_step: 234] data_load_time: 0.23 ms (accumulated over 4 micro-batches)[0m

TrainProcess:  78%|███████▊  | 235/300 [15:52<04:22,  4.04s/it][32m[2026-05-12 06:43:23,616] [    INFO][0m - loss: 6.15377808, learning_rate: 2.241e-05, global_step: 235, current_memory_allocated: 29.91601800918579, current_memory_reserved: 37.353517293930054, max_memory_allocated: 35.45581269264221, max_memory_reserved: 37.353517293930054, interval_runtime: 4.035, interval_samples_per_second: 0.9913, interval_steps_per_second: 0.2478, global_norm: 1.8604135513305664, ppl: 470.49158799373276, progress_or_epoch: 0.7833, cpu_used_memory: 268.4, cpu_available_memory: 1241.76[0m
[32m[2026-05-12 06:43:23,616] [    INFO][0m - [DataLoad global_step: 235] data_load_time: 0.26 ms (accumulated over 4 micro-batches)[0m

TrainProcess:  79%|███████▊  | 236/300 [15:56<04:18,  4.04s/it][32m[2026-05-12 06:43:27,651] [    INFO][0m - loss: 6.18253994, learning_rate: 2.207e-05, global_step: 236, current_memory_allocated: 29.91601800918579, current_memory_reserved: 37.353517293930054, max_memory_allocated: 35.45581269264221, max_memory_reserved: 37.353517293930054, interval_runtime: 4.0346, interval_samples_per_second: 0.9914, interval_steps_per_second: 0.2479, global_norm: 1.9132156372070312, ppl: 484.22028622413114, progress_or_epoch: 0.7867, cpu_used_memory: 268.44, cpu_available_memory: 1241.72[0m
[32m[2026-05-12 06:43:27,651] [    INFO][0m - [DataLoad global_step: 236] data_load_time: 0.58 ms (accumulated over 4 micro-batches)[0m

TrainProcess:  79%|███████▉  | 237/300 [16:00<04:14,  4.04s/it][32m[2026-05-12 06:43:31,687] [    INFO][0m - loss: 6.15075111, learning_rate: 2.172e-05, global_step: 237, current_memory_allocated: 29.91601800918579, current_memory_reserved: 37.353517293930054, max_memory_allocated: 35.45581269264221, max_memory_reserved: 37.353517293930054, interval_runtime: 4.0353, interval_samples_per_second: 0.9913, interval_steps_per_second: 0.2478, global_norm: 1.4775066375732422, ppl: 469.06957734917336, progress_or_epoch: 0.79, cpu_used_memory: 268.38, cpu_available_memory: 1241.78[0m
[32m[2026-05-12 06:43:31,687] [    INFO][0m - [DataLoad global_step: 237] data_load_time: 0.24 ms (accumulated over 4 micro-batches)[0m

TrainProcess:  79%|███████▉  | 238/300 [16:04<04:10,  4.04s/it][32m[2026-05-12 06:43:35,723] [    INFO][0m - loss: 6.23750782, learning_rate: 2.138e-05, global_step: 238, current_memory_allocated: 29.91601800918579, current_memory_reserved: 37.353517293930054, max_memory_allocated: 35.45581269264221, max_memory_reserved: 37.353517293930054, interval_runtime: 4.0365, interval_samples_per_second: 0.991, interval_steps_per_second: 0.2477, global_norm: 1.86981201171875, ppl: 511.5819665689204, progress_or_epoch: 0.7933, cpu_used_memory: 268.37, cpu_available_memory: 1241.79[0m
[32m[2026-05-12 06:43:35,724] [    INFO][0m - [DataLoad global_step: 238] data_load_time: 0.27 ms (accumulated over 4 micro-batches)[0m

TrainProcess:  80%|███████▉  | 239/300 [16:08<04:06,  4.04s/it][32m[2026-05-12 06:43:39,757] [    INFO][0m - loss: 6.0831461, learning_rate: 2.103e-05, global_step: 239, current_memory_allocated: 29.91601800918579, current_memory_reserved: 37.353517293930054, max_memory_allocated: 35.45581269264221, max_memory_reserved: 37.353517293930054, interval_runtime: 4.0337, interval_samples_per_second: 0.9916, interval_steps_per_second: 0.2479, global_norm: 2.46451735496521, ppl: 438.4062973833682, progress_or_epoch: 0.7967, cpu_used_memory: 268.32, cpu_available_memory: 1241.84[0m
[32m[2026-05-12 06:43:39,758] [    INFO][0m - [DataLoad global_step: 239] data_load_time: 0.22 ms (accumulated over 4 micro-batches)[0m

TrainProcess:  80%|████████  | 240/300 [16:12<04:02,  4.04s/it][32m[2026-05-12 06:43:43,792] [    INFO][0m - loss: 6.12751102, learning_rate: 2.069e-05, global_step: 240, current_memory_allocated: 29.91601800918579, current_memory_reserved: 37.353517293930054, max_memory_allocated: 35.45581269264221, max_memory_reserved: 37.353517293930054, interval_runtime: 4.0347, interval_samples_per_second: 0.9914, interval_steps_per_second: 0.2479, global_norm: 1.9349700212478638, ppl: 458.29405519319624, progress_or_epoch: 0.8, cpu_used_memory: 268.65, cpu_available_memory: 1241.51[0m
[32m[2026-05-12 06:43:43,792] [    INFO][0m - [DataLoad global_step: 240] data_load_time: 0.24 ms (accumulated over 4 micro-batches)[0m

TrainProcess:  80%|████████  | 241/300 [16:17<03:58,  4.04s/it][32m[2026-05-12 06:43:47,827] [    INFO][0m - loss: 6.17265844, learning_rate: 2.034e-05, global_step: 241, current_memory_allocated: 29.91601800918579, current_memory_reserved: 37.353517293930054, max_memory_allocated: 35.45581269264221, max_memory_reserved: 37.353517293930054, interval_runtime: 4.0344, interval_samples_per_second: 0.9915, interval_steps_per_second: 0.2479, global_norm: 1.429955244064331, ppl: 479.4590264025957, progress_or_epoch: 0.8033, cpu_used_memory: 268.62, cpu_available_memory: 1241.54[0m
[32m[2026-05-12 06:43:47,827] [    INFO][0m - [DataLoad global_step: 241] data_load_time: 0.67 ms (accumulated over 4 micro-batches)[0m

TrainProcess:  81%|████████  | 242/300 [16:21<03:54,  4.04s/it][32m[2026-05-12 06:43:51,863] [    INFO][0m - loss: 6.13357162, learning_rate: 2e-05, global_step: 242, current_memory_allocated: 29.91601800918579, current_memory_reserved: 37.353517293930054, max_memory_allocated: 35.45581269264221, max_memory_reserved: 37.353517293930054, interval_runtime: 4.0351, interval_samples_per_second: 0.9913, interval_steps_per_second: 0.2478, global_norm: 2.1160895824432373, ppl: 461.0800259436757, progress_or_epoch: 0.8067, cpu_used_memory: 268.45, cpu_available_memory: 1241.71[0m
[32m[2026-05-12 06:43:51,863] [    INFO][0m - [DataLoad global_step: 242] data_load_time: 0.57 ms (accumulated over 4 micro-batches)[0m

TrainProcess:  81%|████████  | 243/300 [16:25<03:50,  4.04s/it][32m[2026-05-12 06:43:55,898] [    INFO][0m - loss: 6.93739414, learning_rate: 1.966e-05, global_step: 243, current_memory_allocated: 29.91601800918579, current_memory_reserved: 37.353517293930054, max_memory_allocated: 35.45581269264221, max_memory_reserved: 37.353517293930054, interval_runtime: 4.0352, interval_samples_per_second: 0.9913, interval_steps_per_second: 0.2478, global_norm: 1.8887938261032104, ppl: 1030.0824638405415, progress_or_epoch: 0.81, cpu_used_memory: 268.44, cpu_available_memory: 1241.72[0m
[32m[2026-05-12 06:43:55,898] [    INFO][0m - [DataLoad global_step: 243] data_load_time: 0.27 ms (accumulated over 4 micro-batches)[0m

TrainProcess:  81%|████████▏ | 244/300 [16:29<03:45,  4.04s/it][32m[2026-05-12 06:43:59,933] [    INFO][0m - loss: 5.91978693, learning_rate: 1.931e-05, global_step: 244, current_memory_allocated: 29.91601800918579, current_memory_reserved: 37.353517293930054, max_memory_allocated: 35.45581269264221, max_memory_reserved: 37.353517293930054, interval_runtime: 4.0347, interval_samples_per_second: 0.9914, interval_steps_per_second: 0.2478, global_norm: 1.6511377096176147, ppl: 372.33237256523336, progress_or_epoch: 0.8133, cpu_used_memory: 268.41, cpu_available_memory: 1241.75[0m
[32m[2026-05-12 06:43:59,933] [    INFO][0m - [DataLoad global_step: 244] data_load_time: 0.24 ms (accumulated over 4 micro-batches)[0m

TrainProcess:  82%|████████▏ | 245/300 [16:33<03:41,  4.04s/it][32m[2026-05-12 06:44:03,971] [    INFO][0m - loss: 6.02906895, learning_rate: 1.897e-05, global_step: 245, current_memory_allocated: 29.91601800918579, current_memory_reserved: 37.353517293930054, max_memory_allocated: 35.45581269264221, max_memory_reserved: 37.353517293930054, interval_runtime: 4.0375, interval_samples_per_second: 0.9907, interval_steps_per_second: 0.2477, global_norm: 2.0639119148254395, ppl: 415.3281580301127, progress_or_epoch: 0.8167, cpu_used_memory: 268.3, cpu_available_memory: 1241.86[0m
[32m[2026-05-12 06:44:03,971] [    INFO][0m - [DataLoad global_step: 245] data_load_time: 0.22 ms (accumulated over 4 micro-batches)[0m

TrainProcess:  82%|████████▏ | 246/300 [16:37<03:37,  4.04s/it][32m[2026-05-12 06:44:08,009] [    INFO][0m - loss: 6.10944939, learning_rate: 1.862e-05, global_step: 246, current_memory_allocated: 29.91601800918579, current_memory_reserved: 37.353517293930054, max_memory_allocated: 35.45581269264221, max_memory_reserved: 37.353517293930054, interval_runtime: 4.0377, interval_samples_per_second: 0.9907, interval_steps_per_second: 0.2477, global_norm: 1.7785310745239258, ppl: 450.0908224200381, progress_or_epoch: 0.82, cpu_used_memory: 268.28, cpu_available_memory: 1241.87[0m
[32m[2026-05-12 06:44:08,009] [    INFO][0m - [DataLoad global_step: 246] data_load_time: 0.49 ms (accumulated over 4 micro-batches)[0m

TrainProcess:  82%|████████▏ | 247/300 [16:41<03:33,  4.04s/it][32m[2026-05-12 06:44:12,043] [    INFO][0m - loss: 6.16986132, learning_rate: 1.828e-05, global_step: 247, current_memory_allocated: 29.91601800918579, current_memory_reserved: 37.353517293930054, max_memory_allocated: 35.45581269264221, max_memory_reserved: 37.353517293930054, interval_runtime: 4.0343, interval_samples_per_second: 0.9915, interval_steps_per_second: 0.2479, global_norm: 1.5545018911361694, ppl: 478.1197958381274, progress_or_epoch: 0.8233, cpu_used_memory: 268.3, cpu_available_memory: 1241.86[0m
[32m[2026-05-12 06:44:12,043] [    INFO][0m - [DataLoad global_step: 247] data_load_time: 0.22 ms (accumulated over 4 micro-batches)[0m

TrainProcess:  83%|████████▎ | 248/300 [16:45<03:29,  4.04s/it][32m[2026-05-12 06:44:16,080] [    INFO][0m - loss: 6.11892843, learning_rate: 1.793e-05, global_step: 248, current_memory_allocated: 29.91601800918579, current_memory_reserved: 37.353517293930054, max_memory_allocated: 35.45581269264221, max_memory_reserved: 37.353517293930054, interval_runtime: 4.0362, interval_samples_per_second: 0.991, interval_steps_per_second: 0.2478, global_norm: 1.6632758378982544, ppl: 454.37753619756654, progress_or_epoch: 0.8267, cpu_used_memory: 268.38, cpu_available_memory: 1241.78[0m
[32m[2026-05-12 06:44:16,080] [    INFO][0m - [DataLoad global_step: 248] data_load_time: 0.44 ms (accumulated over 4 micro-batches)[0m

TrainProcess:  83%|████████▎ | 249/300 [16:49<03:25,  4.04s/it][32m[2026-05-12 06:44:20,118] [    INFO][0m - loss: 6.17539549, learning_rate: 1.759e-05, global_step: 249, current_memory_allocated: 29.91601800918579, current_memory_reserved: 37.353517293930054, max_memory_allocated: 35.45581269264221, max_memory_reserved: 37.353517293930054, interval_runtime: 4.0382, interval_samples_per_second: 0.9906, interval_steps_per_second: 0.2476, global_norm: 1.621948003768921, ppl: 480.77312729035225, progress_or_epoch: 0.83, cpu_used_memory: 268.42, cpu_available_memory: 1241.74[0m
[32m[2026-05-12 06:44:20,119] [    INFO][0m - [DataLoad global_step: 249] data_load_time: 0.30 ms (accumulated over 4 micro-batches)[0m

TrainProcess:  83%|████████▎ | 250/300 [16:53<03:21,  4.04s/it][32m[2026-05-12 06:44:24,157] [    INFO][0m - loss: 6.09408379, learning_rate: 1.724e-05, global_step: 250, current_memory_allocated: 29.91601800918579, current_memory_reserved: 37.353517293930054, max_memory_allocated: 35.45581269264221, max_memory_reserved: 37.353517293930054, interval_runtime: 4.0381, interval_samples_per_second: 0.9906, interval_steps_per_second: 0.2476, global_norm: 1.756321907043457, ppl: 443.2277693739915, progress_or_epoch: 0.8333, cpu_used_memory: 268.46, cpu_available_memory: 1241.7[0m
[32m[2026-05-12 06:44:24,157] [    INFO][0m - [DataLoad global_step: 250] data_load_time: 0.57 ms (accumulated over 4 micro-batches)[0m

TrainProcess:  84%|████████▎ | 251/300 [16:57<03:17,  4.04s/it][32m[2026-05-12 06:44:28,192] [    INFO][0m - loss: 6.17244434, learning_rate: 1.69e-05, global_step: 251, current_memory_allocated: 29.91601800918579, current_memory_reserved: 37.353517293930054, max_memory_allocated: 35.45581269264221, max_memory_reserved: 37.353517293930054, interval_runtime: 4.0356, interval_samples_per_second: 0.9912, interval_steps_per_second: 0.2478, global_norm: 1.208418607711792, ppl: 479.3563852131743, progress_or_epoch: 0.8367, cpu_used_memory: 268.42, cpu_available_memory: 1241.73[0m
[32m[2026-05-12 06:44:28,193] [    INFO][0m - [DataLoad global_step: 251] data_load_time: 0.25 ms (accumulated over 4 micro-batches)[0m

TrainProcess:  84%|████████▍ | 252/300 [17:01<03:13,  4.04s/it][32m[2026-05-12 06:44:32,229] [    INFO][0m - loss: 6.1890831, learning_rate: 1.655e-05, global_step: 252, current_memory_allocated: 29.91601800918579, current_memory_reserved: 37.353517293930054, max_memory_allocated: 35.45581269264221, max_memory_reserved: 37.353517293930054, interval_runtime: 4.0363, interval_samples_per_second: 0.991, interval_steps_per_second: 0.2478, global_norm: 1.2797205448150635, ppl: 487.3990051244706, progress_or_epoch: 0.84, cpu_used_memory: 268.43, cpu_available_memory: 1241.72[0m
[32m[2026-05-12 06:44:32,229] [    INFO][0m - [DataLoad global_step: 252] data_load_time: 0.27 ms (accumulated over 4 micro-batches)[0m

TrainProcess:  84%|████████▍ | 253/300 [17:05<03:09,  4.04s/it][32m[2026-05-12 06:44:36,265] [    INFO][0m - loss: 6.16599941, learning_rate: 1.621e-05, global_step: 253, current_memory_allocated: 29.91601800918579, current_memory_reserved: 37.353517293930054, max_memory_allocated: 35.45581269264221, max_memory_reserved: 37.353517293930054, interval_runtime: 4.0353, interval_samples_per_second: 0.9913, interval_steps_per_second: 0.2478, global_norm: 1.4424761533737183, ppl: 476.27690105474295, progress_or_epoch: 0.8433, cpu_used_memory: 268.38, cpu_available_memory: 1241.78[0m
[32m[2026-05-12 06:44:36,265] [    INFO][0m - [DataLoad global_step: 253] data_load_time: 1.90 ms (accumulated over 4 micro-batches)[0m

TrainProcess:  85%|████████▍ | 254/300 [17:09<03:05,  4.04s/it][32m[2026-05-12 06:44:40,301] [    INFO][0m - loss: 6.05344105, learning_rate: 1.586e-05, global_step: 254, current_memory_allocated: 29.91601800918579, current_memory_reserved: 37.353517293930054, max_memory_allocated: 35.45581269264221, max_memory_reserved: 37.353517293930054, interval_runtime: 4.0364, interval_samples_per_second: 0.991, interval_steps_per_second: 0.2477, global_norm: 1.3655608892440796, ppl: 425.5749379934571, progress_or_epoch: 0.8467, cpu_used_memory: 268.4, cpu_available_memory: 1241.76[0m
[32m[2026-05-12 06:44:40,302] [    INFO][0m - [DataLoad global_step: 254] data_load_time: 0.28 ms (accumulated over 4 micro-batches)[0m

TrainProcess:  85%|████████▌ | 255/300 [17:13<03:01,  4.04s/it][32m[2026-05-12 06:44:44,338] [    INFO][0m - loss: 6.14753342, learning_rate: 1.552e-05, global_step: 255, current_memory_allocated: 29.91601800918579, current_memory_reserved: 37.353517293930054, max_memory_allocated: 35.45581269264221, max_memory_reserved: 37.353517293930054, interval_runtime: 4.036, interval_samples_per_second: 0.9911, interval_steps_per_second: 0.2478, global_norm: 1.2857435941696167, ppl: 467.5626825211821, progress_or_epoch: 0.85, cpu_used_memory: 268.42, cpu_available_memory: 1241.74[0m
[32m[2026-05-12 06:44:44,338] [    INFO][0m - [DataLoad global_step: 255] data_load_time: 0.99 ms (accumulated over 4 micro-batches)[0m

TrainProcess:  85%|████████▌ | 256/300 [17:17<02:57,  4.04s/it][32m[2026-05-12 06:44:48,374] [    INFO][0m - loss: 6.00706244, learning_rate: 1.517e-05, global_step: 256, current_memory_allocated: 29.91601800918579, current_memory_reserved: 37.353517293930054, max_memory_allocated: 35.45581269264221, max_memory_reserved: 37.353517293930054, interval_runtime: 4.0362, interval_samples_per_second: 0.991, interval_steps_per_second: 0.2478, global_norm: 1.1754443645477295, ppl: 406.28806999081877, progress_or_epoch: 0.8533, cpu_used_memory: 268.41, cpu_available_memory: 1241.75[0m
[32m[2026-05-12 06:44:48,374] [    INFO][0m - [DataLoad global_step: 256] data_load_time: 0.30 ms (accumulated over 4 micro-batches)[0m

TrainProcess:  86%|████████▌ | 257/300 [17:21<02:53,  4.04s/it][32m[2026-05-12 06:44:52,408] [    INFO][0m - loss: 6.19893837, learning_rate: 1.483e-05, global_step: 257, current_memory_allocated: 29.91601800918579, current_memory_reserved: 37.353517293930054, max_memory_allocated: 35.45581269264221, max_memory_reserved: 37.353517293930054, interval_runtime: 4.0339, interval_samples_per_second: 0.9916, interval_steps_per_second: 0.2479, global_norm: 1.4819695949554443, ppl: 492.22620150896006, progress_or_epoch: 0.8567, cpu_used_memory: 268.39, cpu_available_memory: 1241.76[0m
[32m[2026-05-12 06:44:52,408] [    INFO][0m - [DataLoad global_step: 257] data_load_time: 0.53 ms (accumulated over 4 micro-batches)[0m

TrainProcess:  86%|████████▌ | 258/300 [17:25<02:49,  4.04s/it][32m[2026-05-12 06:44:56,442] [    INFO][0m - loss: 6.23541641, learning_rate: 1.448e-05, global_step: 258, current_memory_allocated: 29.91601800918579, current_memory_reserved: 37.353517293930054, max_memory_allocated: 35.45581269264221, max_memory_reserved: 37.353517293930054, interval_runtime: 4.0338, interval_samples_per_second: 0.9916, interval_steps_per_second: 0.2479, global_norm: 2.0343594551086426, ppl: 510.51315697733304, progress_or_epoch: 0.86, cpu_used_memory: 268.12, cpu_available_memory: 1242.04[0m
[32m[2026-05-12 06:44:56,443] [    INFO][0m - [DataLoad global_step: 258] data_load_time: 0.44 ms (accumulated over 4 micro-batches)[0m

TrainProcess:  86%|████████▋ | 259/300 [17:29<02:45,  4.04s/it][32m[2026-05-12 06:45:00,478] [    INFO][0m - loss: 6.37091589, learning_rate: 1.414e-05, global_step: 259, current_memory_allocated: 29.91601800918579, current_memory_reserved: 37.353517293930054, max_memory_allocated: 35.45581269264221, max_memory_reserved: 37.353517293930054, interval_runtime: 4.035, interval_samples_per_second: 0.9913, interval_steps_per_second: 0.2478, global_norm: 1.5850627422332764, ppl: 584.5930066607702, progress_or_epoch: 0.8633, cpu_used_memory: 268.28, cpu_available_memory: 1241.88[0m
[32m[2026-05-12 06:45:00,478] [    INFO][0m - [DataLoad global_step: 259] data_load_time: 0.52 ms (accumulated over 4 micro-batches)[0m

TrainProcess:  87%|████████▋ | 260/300 [17:33<02:41,  4.04s/it][32m[2026-05-12 06:45:04,513] [    INFO][0m - loss: 6.32288837, learning_rate: 1.379e-05, global_step: 260, current_memory_allocated: 29.91601800918579, current_memory_reserved: 37.353517293930054, max_memory_allocated: 35.45581269264221, max_memory_reserved: 37.353517293930054, interval_runtime: 4.0349, interval_samples_per_second: 0.9914, interval_steps_per_second: 0.2478, global_norm: 1.4260550737380981, ppl: 557.180012532668, progress_or_epoch: 0.8667, cpu_used_memory: 268.57, cpu_available_memory: 1241.59[0m
[32m[2026-05-12 06:45:04,513] [    INFO][0m - [DataLoad global_step: 260] data_load_time: 0.56 ms (accumulated over 4 micro-batches)[0m

TrainProcess:  87%|████████▋ | 261/300 [17:37<02:37,  4.04s/it][32m[2026-05-12 06:45:08,547] [    INFO][0m - loss: 7.19111443, learning_rate: 1.345e-05, global_step: 261, current_memory_allocated: 29.91601800918579, current_memory_reserved: 37.353517293930054, max_memory_allocated: 35.45581269264221, max_memory_reserved: 37.353517293930054, interval_runtime: 4.0341, interval_samples_per_second: 0.9915, interval_steps_per_second: 0.2479, global_norm: 6.374601364135742, ppl: 1327.5818785883673, progress_or_epoch: 0.87, cpu_used_memory: 268.53, cpu_available_memory: 1241.62[0m
[32m[2026-05-12 06:45:08,548] [    INFO][0m - [DataLoad global_step: 261] data_load_time: 0.60 ms (accumulated over 4 micro-batches)[0m

TrainProcess:  87%|████████▋ | 262/300 [17:41<02:33,  4.04s/it][32m[2026-05-12 06:45:12,583] [    INFO][0m - loss: 6.10227108, learning_rate: 1.31e-05, global_step: 262, current_memory_allocated: 29.91601800918579, current_memory_reserved: 37.353517293930054, max_memory_allocated: 35.45581269264221, max_memory_reserved: 37.353517293930054, interval_runtime: 4.0356, interval_samples_per_second: 0.9912, interval_steps_per_second: 0.2478, global_norm: 1.5451772212982178, ppl: 446.8714994415143, progress_or_epoch: 0.8733, cpu_used_memory: 268.54, cpu_available_memory: 1241.62[0m
[32m[2026-05-12 06:45:12,583] [    INFO][0m - [DataLoad global_step: 262] data_load_time: 0.55 ms (accumulated over 4 micro-batches)[0m

TrainProcess:  88%|████████▊ | 263/300 [17:45<02:29,  4.03s/it][32m[2026-05-12 06:45:16,616] [    INFO][0m - loss: 8.10680008, learning_rate: 1.276e-05, global_step: 263, current_memory_allocated: 29.91601800918579, current_memory_reserved: 37.353517293930054, max_memory_allocated: 35.45581269264221, max_memory_reserved: 37.353517293930054, interval_runtime: 4.0329, interval_samples_per_second: 0.9918, interval_steps_per_second: 0.248, global_norm: 11.642390251159668, ppl: 3316.9470645950228, progress_or_epoch: 0.8767, cpu_used_memory: 267.85, cpu_available_memory: 1242.31[0m
[32m[2026-05-12 06:45:16,616] [    INFO][0m - [DataLoad global_step: 263] data_load_time: 0.21 ms (accumulated over 4 micro-batches)[0m

TrainProcess:  88%|████████▊ | 264/300 [17:49<02:25,  4.03s/it][32m[2026-05-12 06:45:20,650] [    INFO][0m - loss: 6.31870174, learning_rate: 1.241e-05, global_step: 264, current_memory_allocated: 29.91601800918579, current_memory_reserved: 37.353517293930054, max_memory_allocated: 35.45581269264221, max_memory_reserved: 37.353517293930054, interval_runtime: 4.0332, interval_samples_per_second: 0.9918, interval_steps_per_second: 0.2479, global_norm: 3.3371615409851074, ppl: 554.8521822589855, progress_or_epoch: 0.88, cpu_used_memory: 267.98, cpu_available_memory: 1242.18[0m
[32m[2026-05-12 06:45:20,650] [    INFO][0m - [DataLoad global_step: 264] data_load_time: 0.53 ms (accumulated over 4 micro-batches)[0m

TrainProcess:  88%|████████▊ | 265/300 [17:53<02:21,  4.03s/it][32m[2026-05-12 06:45:24,686] [    INFO][0m - loss: 6.91940689, learning_rate: 1.207e-05, global_step: 265, current_memory_allocated: 29.91601800918579, current_memory_reserved: 37.353517293930054, max_memory_allocated: 35.45581269264221, max_memory_reserved: 37.353517293930054, interval_runtime: 4.036, interval_samples_per_second: 0.9911, interval_steps_per_second: 0.2478, global_norm: 3.274445056915283, ppl: 1011.7197554444566, progress_or_epoch: 0.8833, cpu_used_memory: 267.9, cpu_available_memory: 1242.26[0m
[32m[2026-05-12 06:45:24,686] [    INFO][0m - [DataLoad global_step: 265] data_load_time: 0.54 ms (accumulated over 4 micro-batches)[0m

TrainProcess:  89%|████████▊ | 266/300 [17:57<02:17,  4.04s/it][32m[2026-05-12 06:45:28,724] [    INFO][0m - loss: 5.9366169, learning_rate: 1.172e-05, global_step: 266, current_memory_allocated: 29.91601800918579, current_memory_reserved: 37.353517293930054, max_memory_allocated: 35.45581269264221, max_memory_reserved: 37.353517293930054, interval_runtime: 4.0372, interval_samples_per_second: 0.9908, interval_steps_per_second: 0.2477, global_norm: 1.6566780805587769, ppl: 378.6517434752835, progress_or_epoch: 0.8867, cpu_used_memory: 268.08, cpu_available_memory: 1242.07[0m
[32m[2026-05-12 06:45:28,724] [    INFO][0m - [DataLoad global_step: 266] data_load_time: 0.22 ms (accumulated over 4 micro-batches)[0m

TrainProcess:  89%|████████▉ | 267/300 [18:01<02:13,  4.04s/it][32m[2026-05-12 06:45:32,760] [    INFO][0m - loss: 6.17657995, learning_rate: 1.138e-05, global_step: 267, current_memory_allocated: 29.91601800918579, current_memory_reserved: 37.353517293930054, max_memory_allocated: 35.45581269264221, max_memory_reserved: 37.353517293930054, interval_runtime: 4.0357, interval_samples_per_second: 0.9911, interval_steps_per_second: 0.2478, global_norm: 3.3658435344696045, ppl: 481.34292121114055, progress_or_epoch: 0.89, cpu_used_memory: 268.04, cpu_available_memory: 1242.12[0m
[32m[2026-05-12 06:45:32,760] [    INFO][0m - [DataLoad global_step: 267] data_load_time: 0.64 ms (accumulated over 4 micro-batches)[0m

TrainProcess:  89%|████████▉ | 268/300 [18:05<02:09,  4.04s/it][32m[2026-05-12 06:45:36,794] [    INFO][0m - loss: 6.19521427, learning_rate: 1.103e-05, global_step: 268, current_memory_allocated: 29.91601800918579, current_memory_reserved: 37.353517293930054, max_memory_allocated: 35.45581269264221, max_memory_reserved: 37.353517293930054, interval_runtime: 4.0344, interval_samples_per_second: 0.9915, interval_steps_per_second: 0.2479, global_norm: 1.6429059505462646, ppl: 490.39651100178196, progress_or_epoch: 0.8933, cpu_used_memory: 268.1, cpu_available_memory: 1242.06[0m
[32m[2026-05-12 06:45:36,795] [    INFO][0m - [DataLoad global_step: 268] data_load_time: 0.57 ms (accumulated over 4 micro-batches)[0m

TrainProcess:  90%|████████▉ | 269/300 [18:10<02:05,  4.04s/it][32m[2026-05-12 06:45:40,828] [    INFO][0m - loss: 5.95229387, learning_rate: 1.069e-05, global_step: 269, current_memory_allocated: 29.91601800918579, current_memory_reserved: 37.353517293930054, max_memory_allocated: 35.45581269264221, max_memory_reserved: 37.353517293930054, interval_runtime: 4.0337, interval_samples_per_second: 0.9916, interval_steps_per_second: 0.2479, global_norm: 2.0392937660217285, ppl: 384.6346297296628, progress_or_epoch: 0.8967, cpu_used_memory: 268.12, cpu_available_memory: 1242.04[0m
[32m[2026-05-12 06:45:40,829] [    INFO][0m - [DataLoad global_step: 269] data_load_time: 0.21 ms (accumulated over 4 micro-batches)[0m

TrainProcess:  90%|█████████ | 270/300 [18:14<02:01,  4.03s/it][32m[2026-05-12 06:45:44,862] [    INFO][0m - loss: 6.13134384, learning_rate: 1.034e-05, global_step: 270, current_memory_allocated: 29.91601800918579, current_memory_reserved: 37.353517293930054, max_memory_allocated: 35.45581269264221, max_memory_reserved: 37.353517293930054, interval_runtime: 4.033, interval_samples_per_second: 0.9918, interval_steps_per_second: 0.248, global_norm: 1.6502493619918823, ppl: 460.0539844052425, progress_or_epoch: 0.9, cpu_used_memory: 267.71, cpu_available_memory: 1242.45[0m
[32m[2026-05-12 06:45:44,862] [    INFO][0m - [DataLoad global_step: 270] data_load_time: 0.20 ms (accumulated over 4 micro-batches)[0m

TrainProcess:  90%|█████████ | 271/300 [18:18<01:57,  4.04s/it][32m[2026-05-12 06:45:48,899] [    INFO][0m - loss: 5.94538307, learning_rate: 1e-05, global_step: 271, current_memory_allocated: 29.91601800918579, current_memory_reserved: 37.353517293930054, max_memory_allocated: 35.45581269264221, max_memory_reserved: 37.353517293930054, interval_runtime: 4.0367, interval_samples_per_second: 0.9909, interval_steps_per_second: 0.2477, global_norm: 1.4922584295272827, ppl: 381.985660521432, progress_or_epoch: 0.9033, cpu_used_memory: 267.68, cpu_available_memory: 1242.48[0m
[32m[2026-05-12 06:45:48,899] [    INFO][0m - [DataLoad global_step: 271] data_load_time: 0.55 ms (accumulated over 4 micro-batches)[0m

TrainProcess:  91%|█████████ | 272/300 [18:22<01:52,  4.04s/it][32m[2026-05-12 06:45:52,934] [    INFO][0m - loss: 6.08146286, learning_rate: 9.655e-06, global_step: 272, current_memory_allocated: 29.91601800918579, current_memory_reserved: 37.353517293930054, max_memory_allocated: 35.45581269264221, max_memory_reserved: 37.353517293930054, interval_runtime: 4.0344, interval_samples_per_second: 0.9915, interval_steps_per_second: 0.2479, global_norm: 1.3056772947311401, ppl: 437.66897508664005, progress_or_epoch: 0.9067, cpu_used_memory: 267.69, cpu_available_memory: 1242.47[0m
[32m[2026-05-12 06:45:52,934] [    INFO][0m - [DataLoad global_step: 272] data_load_time: 0.22 ms (accumulated over 4 micro-batches)[0m

TrainProcess:  91%|█████████ | 273/300 [18:26<01:48,  4.04s/it][32m[2026-05-12 06:45:56,969] [    INFO][0m - loss: 6.0766263, learning_rate: 9.31e-06, global_step: 273, current_memory_allocated: 29.91601800918579, current_memory_reserved: 37.353517293930054, max_memory_allocated: 35.45581269264221, max_memory_reserved: 37.353517293930054, interval_runtime: 4.0351, interval_samples_per_second: 0.9913, interval_steps_per_second: 0.2478, global_norm: 1.4033528566360474, ppl: 435.55727363035606, progress_or_epoch: 0.91, cpu_used_memory: 267.62, cpu_available_memory: 1242.54[0m
[32m[2026-05-12 06:45:56,969] [    INFO][0m - [DataLoad global_step: 273] data_load_time: 0.24 ms (accumulated over 4 micro-batches)[0m

TrainProcess:  91%|█████████▏| 274/300 [18:30<01:44,  4.04s/it][32m[2026-05-12 06:46:01,004] [    INFO][0m - loss: 5.98149061, learning_rate: 8.966e-06, global_step: 274, current_memory_allocated: 29.91601800918579, current_memory_reserved: 37.353517293930054, max_memory_allocated: 35.45581269264221, max_memory_reserved: 37.353517293930054, interval_runtime: 4.0352, interval_samples_per_second: 0.9913, interval_steps_per_second: 0.2478, global_norm: 3.8753325939178467, ppl: 396.03025505893515, progress_or_epoch: 0.9133, cpu_used_memory: 267.63, cpu_available_memory: 1242.53[0m
[32m[2026-05-12 06:46:01,004] [    INFO][0m - [DataLoad global_step: 274] data_load_time: 0.24 ms (accumulated over 4 micro-batches)[0m

TrainProcess:  92%|█████████▏| 275/300 [18:34<01:40,  4.04s/it][32m[2026-05-12 06:46:05,040] [    INFO][0m - loss: 5.85713339, learning_rate: 8.621e-06, global_step: 275, current_memory_allocated: 29.91601800918579, current_memory_reserved: 37.353517293930054, max_memory_allocated: 35.45581269264221, max_memory_reserved: 37.353517293930054, interval_runtime: 4.0353, interval_samples_per_second: 0.9913, interval_steps_per_second: 0.2478, global_norm: 2.8283610343933105, ppl: 349.7201943350201, progress_or_epoch: 0.9167, cpu_used_memory: 267.65, cpu_available_memory: 1242.51[0m
[32m[2026-05-12 06:46:05,040] [    INFO][0m - [DataLoad global_step: 275] data_load_time: 0.22 ms (accumulated over 4 micro-batches)[0m

TrainProcess:  92%|█████████▏| 276/300 [18:38<01:36,  4.04s/it][32m[2026-05-12 06:46:09,075] [    INFO][0m - loss: 5.91007996, learning_rate: 8.276e-06, global_step: 276, current_memory_allocated: 29.91601800918579, current_memory_reserved: 37.353517293930054, max_memory_allocated: 35.45581269264221, max_memory_reserved: 37.353517293930054, interval_runtime: 4.0346, interval_samples_per_second: 0.9914, interval_steps_per_second: 0.2479, global_norm: 1.6642988920211792, ppl: 368.73563833225506, progress_or_epoch: 0.92, cpu_used_memory: 267.6, cpu_available_memory: 1242.56[0m
[32m[2026-05-12 06:46:09,075] [    INFO][0m - [DataLoad global_step: 276] data_load_time: 0.22 ms (accumulated over 4 micro-batches)[0m

TrainProcess:  92%|█████████▏| 277/300 [18:42<01:32,  4.04s/it][32m[2026-05-12 06:46:13,110] [    INFO][0m - loss: 6.46489477, learning_rate: 7.931e-06, global_step: 277, current_memory_allocated: 29.91601800918579, current_memory_reserved: 37.353517293930054, max_memory_allocated: 35.45581269264221, max_memory_reserved: 37.353517293930054, interval_runtime: 4.0347, interval_samples_per_second: 0.9914, interval_steps_per_second: 0.2479, global_norm: 1.8821909427642822, ppl: 642.1967815229583, progress_or_epoch: 0.9233, cpu_used_memory: 267.61, cpu_available_memory: 1242.55[0m
[32m[2026-05-12 06:46:13,110] [    INFO][0m - [DataLoad global_step: 277] data_load_time: 0.25 ms (accumulated over 4 micro-batches)[0m

TrainProcess:  93%|█████████▎| 278/300 [18:46<01:28,  4.03s/it][32m[2026-05-12 06:46:17,144] [    INFO][0m - loss: 6.15058565, learning_rate: 7.586e-06, global_step: 278, current_memory_allocated: 29.91601800918579, current_memory_reserved: 37.353517293930054, max_memory_allocated: 35.45581269264221, max_memory_reserved: 37.353517293930054, interval_runtime: 4.0341, interval_samples_per_second: 0.9915, interval_steps_per_second: 0.2479, global_norm: 3.488405704498291, ppl: 468.99197151741276, progress_or_epoch: 0.9267, cpu_used_memory: 267.64, cpu_available_memory: 1242.52[0m
[32m[2026-05-12 06:46:17,145] [    INFO][0m - [DataLoad global_step: 278] data_load_time: 0.64 ms (accumulated over 4 micro-batches)[0m

TrainProcess:  93%|█████████▎| 279/300 [18:50<01:24,  4.04s/it][32m[2026-05-12 06:46:21,180] [    INFO][0m - loss: 6.14413357, learning_rate: 7.241e-06, global_step: 279, current_memory_allocated: 29.91601800918579, current_memory_reserved: 37.353517293930054, max_memory_allocated: 35.45581269264221, max_memory_reserved: 37.353517293930054, interval_runtime: 4.0355, interval_samples_per_second: 0.9912, interval_steps_per_second: 0.2478, global_norm: 1.4263725280761719, ppl: 465.97573874902497, progress_or_epoch: 0.93, cpu_used_memory: 267.75, cpu_available_memory: 1242.41[0m
[32m[2026-05-12 06:46:21,180] [    INFO][0m - [DataLoad global_step: 279] data_load_time: 0.24 ms (accumulated over 4 micro-batches)[0m

TrainProcess:  93%|█████████▎| 280/300 [18:54<01:20,  4.04s/it][32m[2026-05-12 06:46:25,216] [    INFO][0m - loss: 6.38098288, learning_rate: 6.897e-06, global_step: 280, current_memory_allocated: 29.91601800918579, current_memory_reserved: 37.353517293930054, max_memory_allocated: 35.45581269264221, max_memory_reserved: 37.353517293930054, interval_runtime: 4.036, interval_samples_per_second: 0.9911, interval_steps_per_second: 0.2478, global_norm: 1.570907711982727, ppl: 590.5078208478964, progress_or_epoch: 0.9333, cpu_used_memory: 267.82, cpu_available_memory: 1242.34[0m
[32m[2026-05-12 06:46:25,216] [    INFO][0m - [DataLoad global_step: 280] data_load_time: 0.25 ms (accumulated over 4 micro-batches)[0m

TrainProcess:  94%|█████████▎| 281/300 [18:58<01:16,  4.04s/it][32m[2026-05-12 06:46:29,252] [    INFO][0m - loss: 5.9746809, learning_rate: 6.552e-06, global_step: 281, current_memory_allocated: 29.91601800918579, current_memory_reserved: 37.353517293930054, max_memory_allocated: 35.45581269264221, max_memory_reserved: 37.353517293930054, interval_runtime: 4.035, interval_samples_per_second: 0.9913, interval_steps_per_second: 0.2478, global_norm: 1.3047035932540894, ppl: 393.34256545031445, progress_or_epoch: 0.9367, cpu_used_memory: 267.82, cpu_available_memory: 1242.34[0m
[32m[2026-05-12 06:46:29,252] [    INFO][0m - [DataLoad global_step: 281] data_load_time: 0.23 ms (accumulated over 4 micro-batches)[0m

TrainProcess:  94%|█████████▍| 282/300 [19:02<01:12,  4.04s/it][32m[2026-05-12 06:46:33,286] [    INFO][0m - loss: 5.87380028, learning_rate: 6.207e-06, global_step: 282, current_memory_allocated: 29.91601800918579, current_memory_reserved: 37.353517293930054, max_memory_allocated: 35.45581269264221, max_memory_reserved: 37.353517293930054, interval_runtime: 4.0344, interval_samples_per_second: 0.9915, interval_steps_per_second: 0.2479, global_norm: 1.3511769771575928, ppl: 355.59778688059197, progress_or_epoch: 0.94, cpu_used_memory: 267.81, cpu_available_memory: 1242.35[0m
[32m[2026-05-12 06:46:33,286] [    INFO][0m - [DataLoad global_step: 282] data_load_time: 0.24 ms (accumulated over 4 micro-batches)[0m

TrainProcess:  94%|█████████▍| 283/300 [19:06<01:08,  4.03s/it][32m[2026-05-12 06:46:37,321] [    INFO][0m - loss: 5.84428406, learning_rate: 5.862e-06, global_step: 283, current_memory_allocated: 29.91601800918579, current_memory_reserved: 37.353517293930054, max_memory_allocated: 35.45581269264221, max_memory_reserved: 37.353517293930054, interval_runtime: 4.0348, interval_samples_per_second: 0.9914, interval_steps_per_second: 0.2478, global_norm: 1.141671061515808, ppl: 345.25527121732364, progress_or_epoch: 0.9433, cpu_used_memory: 267.8, cpu_available_memory: 1242.36[0m
[32m[2026-05-12 06:46:37,321] [    INFO][0m - [DataLoad global_step: 283] data_load_time: 0.48 ms (accumulated over 4 micro-batches)[0m

TrainProcess:  95%|█████████▍| 284/300 [19:10<01:04,  4.04s/it][32m[2026-05-12 06:46:41,358] [    INFO][0m - loss: 5.77389622, learning_rate: 5.517e-06, global_step: 284, current_memory_allocated: 29.91601800918579, current_memory_reserved: 37.353517293930054, max_memory_allocated: 35.45581269264221, max_memory_reserved: 37.353517293930054, interval_runtime: 4.0362, interval_samples_per_second: 0.991, interval_steps_per_second: 0.2478, global_norm: 1.0861225128173828, ppl: 321.7890543013022, progress_or_epoch: 0.9467, cpu_used_memory: 267.73, cpu_available_memory: 1242.42[0m
[32m[2026-05-12 06:46:41,358] [    INFO][0m - [DataLoad global_step: 284] data_load_time: 0.21 ms (accumulated over 4 micro-batches)[0m

TrainProcess:  95%|█████████▌| 285/300 [19:14<01:00,  4.04s/it][32m[2026-05-12 06:46:45,395] [    INFO][0m - loss: 6.17459345, learning_rate: 5.172e-06, global_step: 285, current_memory_allocated: 29.91601800918579, current_memory_reserved: 37.353517293930054, max_memory_allocated: 35.45581269264221, max_memory_reserved: 37.353517293930054, interval_runtime: 4.0368, interval_samples_per_second: 0.9909, interval_steps_per_second: 0.2477, global_norm: 1.5933325290679932, ppl: 480.38768260303084, progress_or_epoch: 0.95, cpu_used_memory: 267.74, cpu_available_memory: 1242.42[0m
[32m[2026-05-12 06:46:45,395] [    INFO][0m - [DataLoad global_step: 285] data_load_time: 0.29 ms (accumulated over 4 micro-batches)[0m

TrainProcess:  95%|█████████▌| 286/300 [19:18<00:56,  4.04s/it][32m[2026-05-12 06:46:49,429] [    INFO][0m - loss: 6.0007782, learning_rate: 4.828e-06, global_step: 286, current_memory_allocated: 29.91601800918579, current_memory_reserved: 37.353517293930054, max_memory_allocated: 35.45581269264221, max_memory_reserved: 37.353517293930054, interval_runtime: 4.0339, interval_samples_per_second: 0.9916, interval_steps_per_second: 0.2479, global_norm: 1.2641757726669312, ppl: 403.7428639688035, progress_or_epoch: 0.9533, cpu_used_memory: 267.75, cpu_available_memory: 1242.41[0m
[32m[2026-05-12 06:46:49,429] [    INFO][0m - [DataLoad global_step: 286] data_load_time: 0.52 ms (accumulated over 4 micro-batches)[0m

TrainProcess:  96%|█████████▌| 287/300 [19:22<00:52,  4.04s/it][32m[2026-05-12 06:46:53,464] [    INFO][0m - loss: 5.89516449, learning_rate: 4.483e-06, global_step: 287, current_memory_allocated: 29.91601800918579, current_memory_reserved: 37.353517293930054, max_memory_allocated: 35.45581269264221, max_memory_reserved: 37.353517293930054, interval_runtime: 4.0343, interval_samples_per_second: 0.9915, interval_steps_per_second: 0.2479, global_norm: 1.1734144687652588, ppl: 363.2765863502781, progress_or_epoch: 0.9567, cpu_used_memory: 267.59, cpu_available_memory: 1242.57[0m
[32m[2026-05-12 06:46:53,464] [    INFO][0m - [DataLoad global_step: 287] data_load_time: 0.56 ms (accumulated over 4 micro-batches)[0m

TrainProcess:  96%|█████████▌| 288/300 [19:26<00:48,  4.04s/it][32m[2026-05-12 06:46:57,499] [    INFO][0m - loss: 5.96955585, learning_rate: 4.138e-06, global_step: 288, current_memory_allocated: 29.91601800918579, current_memory_reserved: 37.353517293930054, max_memory_allocated: 35.45581269264221, max_memory_reserved: 37.353517293930054, interval_runtime: 4.0349, interval_samples_per_second: 0.9913, interval_steps_per_second: 0.2478, global_norm: 1.5100561380386353, ppl: 391.33182211651786, progress_or_epoch: 0.96, cpu_used_memory: 267.61, cpu_available_memory: 1242.54[0m
[32m[2026-05-12 06:46:57,499] [    INFO][0m - [DataLoad global_step: 288] data_load_time: 0.23 ms (accumulated over 4 micro-batches)[0m

TrainProcess:  96%|█████████▋| 289/300 [19:30<00:44,  4.04s/it][32m[2026-05-12 06:47:01,536] [    INFO][0m - loss: 6.12530994, learning_rate: 3.793e-06, global_step: 289, current_memory_allocated: 29.91601800918579, current_memory_reserved: 37.353517293930054, max_memory_allocated: 35.45581269264221, max_memory_reserved: 37.353517293930054, interval_runtime: 4.0367, interval_samples_per_second: 0.9909, interval_steps_per_second: 0.2477, global_norm: 1.234788179397583, ppl: 457.28642266090964, progress_or_epoch: 0.9633, cpu_used_memory: 267.63, cpu_available_memory: 1242.53[0m
[32m[2026-05-12 06:47:01,536] [    INFO][0m - [DataLoad global_step: 289] data_load_time: 0.24 ms (accumulated over 4 micro-batches)[0m

TrainProcess:  97%|█████████▋| 290/300 [19:34<00:40,  4.04s/it][32m[2026-05-12 06:47:05,572] [    INFO][0m - loss: 5.97425365, learning_rate: 3.448e-06, global_step: 290, current_memory_allocated: 29.91601800918579, current_memory_reserved: 37.353517293930054, max_memory_allocated: 35.45581269264221, max_memory_reserved: 37.353517293930054, interval_runtime: 4.0355, interval_samples_per_second: 0.9912, interval_steps_per_second: 0.2478, global_norm: 1.2041339874267578, ppl: 393.1745457349932, progress_or_epoch: 0.9667, cpu_used_memory: 267.75, cpu_available_memory: 1242.41[0m
[32m[2026-05-12 06:47:05,572] [    INFO][0m - [DataLoad global_step: 290] data_load_time: 0.24 ms (accumulated over 4 micro-batches)[0m

TrainProcess:  97%|█████████▋| 291/300 [19:38<00:36,  4.04s/it][32m[2026-05-12 06:47:09,607] [    INFO][0m - loss: 5.80103588, learning_rate: 3.103e-06, global_step: 291, current_memory_allocated: 29.91601800918579, current_memory_reserved: 37.353517293930054, max_memory_allocated: 35.45581269264221, max_memory_reserved: 37.353517293930054, interval_runtime: 4.035, interval_samples_per_second: 0.9913, interval_steps_per_second: 0.2478, global_norm: 1.2602826356887817, ppl: 330.64188789251205, progress_or_epoch: 0.97, cpu_used_memory: 267.81, cpu_available_memory: 1242.35[0m
[32m[2026-05-12 06:47:09,607] [    INFO][0m - [DataLoad global_step: 291] data_load_time: 0.26 ms (accumulated over 4 micro-batches)[0m

TrainProcess:  97%|█████████▋| 292/300 [19:42<00:32,  4.04s/it][32m[2026-05-12 06:47:13,641] [    INFO][0m - loss: 6.25267076, learning_rate: 2.759e-06, global_step: 292, current_memory_allocated: 29.91601800918579, current_memory_reserved: 37.353517293930054, max_memory_allocated: 35.45581269264221, max_memory_reserved: 37.353517293930054, interval_runtime: 4.0343, interval_samples_per_second: 0.9915, interval_steps_per_second: 0.2479, global_norm: 1.2280452251434326, ppl: 519.3981617278932, progress_or_epoch: 0.9733, cpu_used_memory: 267.81, cpu_available_memory: 1242.35[0m
[32m[2026-05-12 06:47:13,642] [    INFO][0m - [DataLoad global_step: 292] data_load_time: 0.23 ms (accumulated over 4 micro-batches)[0m

TrainProcess:  98%|█████████▊| 293/300 [19:46<00:28,  4.04s/it][32m[2026-05-12 06:47:17,679] [    INFO][0m - loss: 6.00539017, learning_rate: 2.414e-06, global_step: 293, current_memory_allocated: 29.91601800918579, current_memory_reserved: 37.353517293930054, max_memory_allocated: 35.45581269264221, max_memory_reserved: 37.353517293930054, interval_runtime: 4.0371, interval_samples_per_second: 0.9908, interval_steps_per_second: 0.2477, global_norm: 1.5397655963897705, ppl: 405.60921441312445, progress_or_epoch: 0.9767, cpu_used_memory: 267.79, cpu_available_memory: 1242.36[0m
[32m[2026-05-12 06:47:17,679] [    INFO][0m - [DataLoad global_step: 293] data_load_time: 0.20 ms (accumulated over 4 micro-batches)[0m

TrainProcess:  98%|█████████▊| 294/300 [19:50<00:24,  4.04s/it][32m[2026-05-12 06:47:21,714] [    INFO][0m - loss: 5.95782089, learning_rate: 2.069e-06, global_step: 294, current_memory_allocated: 29.91601800918579, current_memory_reserved: 37.353517293930054, max_memory_allocated: 35.45581269264221, max_memory_reserved: 37.353517293930054, interval_runtime: 4.0353, interval_samples_per_second: 0.9913, interval_steps_per_second: 0.2478, global_norm: 1.147106409072876, ppl: 386.76639875914003, progress_or_epoch: 0.98, cpu_used_memory: 267.75, cpu_available_memory: 1242.41[0m
[32m[2026-05-12 06:47:21,715] [    INFO][0m - [DataLoad global_step: 294] data_load_time: 0.19 ms (accumulated over 4 micro-batches)[0m

TrainProcess:  98%|█████████▊| 295/300 [19:54<00:20,  4.04s/it][32m[2026-05-12 06:47:25,750] [    INFO][0m - loss: 6.1565752, learning_rate: 1.724e-06, global_step: 295, current_memory_allocated: 29.91601800918579, current_memory_reserved: 37.353517293930054, max_memory_allocated: 35.45581269264221, max_memory_reserved: 37.353517293930054, interval_runtime: 4.0356, interval_samples_per_second: 0.9912, interval_steps_per_second: 0.2478, global_norm: 1.1841429471969604, ppl: 471.8094516765399, progress_or_epoch: 0.9833, cpu_used_memory: 267.84, cpu_available_memory: 1242.31[0m
[32m[2026-05-12 06:47:25,751] [    INFO][0m - [DataLoad global_step: 295] data_load_time: 0.21 ms (accumulated over 4 micro-batches)[0m

TrainProcess:  99%|█████████▊| 296/300 [19:58<00:16,  4.04s/it][32m[2026-05-12 06:47:29,787] [    INFO][0m - loss: 5.58207178, learning_rate: 1.379e-06, global_step: 296, current_memory_allocated: 29.91601800918579, current_memory_reserved: 37.353517293930054, max_memory_allocated: 35.45581269264221, max_memory_reserved: 37.353517293930054, interval_runtime: 4.0363, interval_samples_per_second: 0.991, interval_steps_per_second: 0.2478, global_norm: 1.6163603067398071, ppl: 265.6213451104953, progress_or_epoch: 0.9867, cpu_used_memory: 267.8, cpu_available_memory: 1242.36[0m
[32m[2026-05-12 06:47:29,788] [    INFO][0m - [DataLoad global_step: 296] data_load_time: 0.51 ms (accumulated over 4 micro-batches)[0m

TrainProcess:  99%|█████████▉| 297/300 [20:03<00:12,  4.04s/it][32m[2026-05-12 06:47:33,824] [    INFO][0m - loss: 6.0676527, learning_rate: 1.034e-06, global_step: 297, current_memory_allocated: 29.91601800918579, current_memory_reserved: 37.353517293930054, max_memory_allocated: 35.45581269264221, max_memory_reserved: 37.353517293930054, interval_runtime: 4.0366, interval_samples_per_second: 0.9909, interval_steps_per_second: 0.2477, global_norm: 1.2038230895996094, ppl: 431.6662412742565, progress_or_epoch: 0.99, cpu_used_memory: 267.81, cpu_available_memory: 1242.35[0m
[32m[2026-05-12 06:47:33,824] [    INFO][0m - [DataLoad global_step: 297] data_load_time: 0.43 ms (accumulated over 4 micro-batches)[0m

TrainProcess:  99%|█████████▉| 298/300 [20:07<00:08,  4.04s/it][32m[2026-05-12 06:47:37,858] [    INFO][0m - loss: 5.9726119, learning_rate: 6.897e-07, global_step: 298, current_memory_allocated: 29.91601800918579, current_memory_reserved: 37.353517293930054, max_memory_allocated: 35.45581269264221, max_memory_reserved: 37.353517293930054, interval_runtime: 4.0342, interval_samples_per_second: 0.9915, interval_steps_per_second: 0.2479, global_norm: 0.9605967998504639, ppl: 392.5295810048228, progress_or_epoch: 0.9933, cpu_used_memory: 267.78, cpu_available_memory: 1242.38[0m
[32m[2026-05-12 06:47:37,858] [    INFO][0m - [DataLoad global_step: 298] data_load_time: 0.68 ms (accumulated over 4 micro-batches)[0m

TrainProcess: 100%|█████████▉| 299/300 [20:11<00:04,  4.04s/it][32m[2026-05-12 06:47:41,892] [    INFO][0m - loss: 6.05386353, learning_rate: 3.448e-07, global_step: 299, current_memory_allocated: 29.91601800918579, current_memory_reserved: 37.353517293930054, max_memory_allocated: 35.45581269264221, max_memory_reserved: 37.353517293930054, interval_runtime: 4.0335, interval_samples_per_second: 0.9917, interval_steps_per_second: 0.2479, global_norm: 1.0585581064224243, ppl: 425.754772878907, progress_or_epoch: 0.9967, cpu_used_memory: 267.8, cpu_available_memory: 1242.36[0m
[32m[2026-05-12 06:47:41,892] [    INFO][0m - [DataLoad global_step: 299] data_load_time: 0.20 ms (accumulated over 4 micro-batches)[0m

TrainProcess: 100%|██████████| 300/300 [20:15<00:00,  4.03s/it][32m[2026-05-12 06:47:45,923] [    INFO][0m - loss: 5.92505741, learning_rate: 0.0, global_step: 300, current_memory_allocated: 29.91601800918579, current_memory_reserved: 37.353517293930054, max_memory_allocated: 35.45581269264221, max_memory_reserved: 37.353517293930054, interval_runtime: 4.031, interval_samples_per_second: 0.9923, interval_steps_per_second: 0.2481, global_norm: 1.85978102684021, ppl: 374.2999233020514, progress_or_epoch: 1.0, cpu_used_memory: 267.79, cpu_available_memory: 1242.37[0m
[32m[2026-05-12 06:47:45,924] [    INFO][0m - ***** Running Evaluation *****[0m
[32m[2026-05-12 06:47:45,924] [    INFO][0m -   Num examples = 20[0m
[32m[2026-05-12 06:47:45,924] [    INFO][0m -   Total prediction steps = 20[0m
[32m[2026-05-12 06:47:45,924] [    INFO][0m -   Pre device batch size = 1[0m
[32m[2026-05-12 06:47:45,924] [    INFO][0m -   Total Batch size = 1[0m


PredictProcess:   0%|          | 0/20 [00:00<?, ?it/s][A

PredictProcess:  20%|██        | 4/20 [00:01<00:04,  3.63it/s][A

PredictProcess:  40%|████      | 8/20 [00:02<00:03,  3.65it/s][A

PredictProcess:  60%|██████    | 12/20 [00:03<00:02,  3.65it/s][A

PredictProcess:  80%|████████  | 16/20 [00:04<00:01,  3.66it/s][A

PredictProcess: 100%|██████████| 20/20 [00:05<00:00,  3.66it/s][A[32m[2026-05-12 06:47:51,406] [    INFO][0m - eval_loss: 5.976737976074219, eval_runtime: 5.4815, eval_samples_per_second: 3.6487, eval_steps_per_second: 3.6487, eval_ppl: 394.1525338283405, progress_or_epoch: 1.0, cpu_used_memory: 267.81, cpu_available_memory: 1242.35[0m


                                                               [A[32m[2026-05-12 06:47:51,406] [    INFO][0m - [DataLoad global_step: 300] data_load_time: 0.19 ms (accumulated over 4 micro-batches)[0m
[32m[2026-05-12 06:47:51,407] [    INFO][0m - 
Training completed. 
[0m
[32m[2026-05-12 06:47:51,407] [    INFO][0m - train_runtime: 1220.6143, train_samples_per_second: 0.9831, train_steps_per_second: 0.2458, train_loss: 7.093609903653463, progress_or_epoch: 1.0, cpu_used_memory: 267.81, cpu_available_memory: 1242.35[0m

TrainProcess: 100%|██████████| 300/300 [20:20<00:00,  4.07s/it]
[32m[2026-05-12 06:47:51,408] [    INFO][0m - Saving model checkpoint to ./checkpoints/pt/llama3-8b[0m
[32m[2026-05-12 06:47:51,803] [    INFO][0m - [Rank 0/4] (Saver) Initializing save. Max shard size set to: 10.00 GB[0m
[32m[2026-05-12 06:47:51,803] [    INFO][0m - [Rank 0/4] Starting to process the weight iterator...[0m
[32m[2026-05-12 06:47:51,895] [    INFO][0m - [Rank 0/4] Assigned to store parameter model.embed_tokens.weight[0m
[32m[2026-05-12 06:47:53,299] [    INFO][0m - [Rank 0/4] Assigned to store parameter model.layers.0.self_attn.o_proj.weight[0m
[32m[2026-05-12 06:47:53,659] [    INFO][0m - [Rank 0/4] Assigned to store parameter model.layers.0.input_layernorm.weight[0m
[32m[2026-05-12 06:47:53,827] [    INFO][0m - [Rank 0/4] Assigned to store parameter model.layers.1.self_attn.v_proj.weight[0m
[32m[2026-05-12 06:47:54,181] [    INFO][0m - [Rank 0/4] Assigned to store parameter model.layers.1.mlp.down_proj.weight[0m
[32m[2026-05-12 06:47:54,377] [    INFO][0m - [Rank 0/4] Assigned to store parameter model.layers.2.self_attn.k_proj.weight[0m
[32m[2026-05-12 06:47:54,593] [    INFO][0m - [Rank 0/4] Assigned to store parameter model.layers.2.mlp.up_proj.weight[0m
[32m[2026-05-12 06:47:54,894] [    INFO][0m - [Rank 0/4] Assigned to store parameter model.layers.3.self_attn.q_proj.weight[0m
[32m[2026-05-12 06:47:55,009] [    INFO][0m - [Rank 0/4] Assigned to store parameter model.layers.3.mlp.gate_proj.weight[0m
[32m[2026-05-12 06:47:55,313] [    INFO][0m - [Rank 0/4] Assigned to store parameter model.layers.3.post_attention_layernorm.weight[0m
[32m[2026-05-12 06:47:55,485] [    INFO][0m - [Rank 0/4] Assigned to store parameter model.layers.4.self_attn.o_proj.weight[0m
[32m[2026-05-12 06:47:55,835] [    INFO][0m - [Rank 0/4] Assigned to store parameter model.layers.4.input_layernorm.weight[0m
[32m[2026-05-12 06:47:56,001] [    INFO][0m - [Rank 0/4] Assigned to store parameter model.layers.5.self_attn.v_proj.weight[0m
[32m[2026-05-12 06:47:56,350] [    INFO][0m - [Rank 0/4] Assigned to store parameter model.layers.5.mlp.down_proj.weight[0m
[32m[2026-05-12 06:47:56,545] [    INFO][0m - [Rank 0/4] Assigned to store parameter model.layers.6.self_attn.k_proj.weight[0m
[32m[2026-05-12 06:47:56,767] [    INFO][0m - [Rank 0/4] Assigned to store parameter model.layers.6.mlp.up_proj.weight[0m
[32m[2026-05-12 06:47:57,073] [    INFO][0m - [Rank 0/4] Assigned to store parameter model.layers.7.self_attn.q_proj.weight[0m
[32m[2026-05-12 06:47:57,187] [    INFO][0m - [Rank 0/4] Assigned to store parameter model.layers.7.mlp.gate_proj.weight[0m
[32m[2026-05-12 06:47:57,491] [    INFO][0m - [Rank 0/4] Assigned to store parameter model.layers.7.post_attention_layernorm.weight[0m
[32m[2026-05-12 06:47:57,662] [    INFO][0m - [Rank 0/4] Assigned to store parameter model.layers.8.self_attn.o_proj.weight[0m
[32m[2026-05-12 06:47:58,006] [    INFO][0m - [Rank 0/4] Assigned to store parameter model.layers.8.input_layernorm.weight[0m
[32m[2026-05-12 06:47:58,175] [    INFO][0m - [Rank 0/4] Assigned to store parameter model.layers.9.self_attn.v_proj.weight[0m
[32m[2026-05-12 06:47:58,535] [    INFO][0m - [Rank 0/4] Assigned to store parameter model.layers.9.mlp.down_proj.weight[0m
[32m[2026-05-12 06:47:58,730] [    INFO][0m - [Rank 0/4] Assigned to store parameter model.layers.10.self_attn.k_proj.weight[0m
[32m[2026-05-12 06:47:58,950] [    INFO][0m - [Rank 0/4] Assigned to store parameter model.layers.10.mlp.up_proj.weight[0m
[32m[2026-05-12 06:47:59,256] [    INFO][0m - [Rank 0/4] Assigned to store parameter model.layers.11.self_attn.q_proj.weight[0m
[32m[2026-05-12 06:47:59,371] [    INFO][0m - [Rank 0/4] Assigned to store parameter model.layers.11.mlp.gate_proj.weight[0m
[32m[2026-05-12 06:47:59,673] [    INFO][0m - [Rank 0/4] Assigned to store parameter model.layers.11.post_attention_layernorm.weight[0m
[32m[2026-05-12 06:47:59,845] [    INFO][0m - [Rank 0/4] Assigned to store parameter model.layers.12.self_attn.o_proj.weight[0m
[32m[2026-05-12 06:48:00,188] [    INFO][0m - [Rank 0/4] Assigned to store parameter model.layers.12.input_layernorm.weight[0m
[32m[2026-05-12 06:48:00,356] [    INFO][0m - [Rank 0/4] Assigned to store parameter model.layers.13.self_attn.v_proj.weight[0m
[32m[2026-05-12 06:48:00,720] [    INFO][0m - [Rank 0/4] Assigned to store parameter model.layers.13.mlp.down_proj.weight[0m
[32m[2026-05-12 06:48:00,918] [    INFO][0m - [Rank 0/4] Assigned to store parameter model.layers.14.self_attn.k_proj.weight[0m
[32m[2026-05-12 06:48:01,143] [    INFO][0m - [Rank 0/4] Assigned to store parameter model.layers.14.mlp.up_proj.weight[0m
[32m[2026-05-12 06:48:01,446] [    INFO][0m - [Rank 0/4] Assigned to store parameter model.layers.15.self_attn.q_proj.weight[0m
[32m[2026-05-12 06:48:01,563] [    INFO][0m - [Rank 0/4] Assigned to store parameter model.layers.15.mlp.gate_proj.weight[0m
[32m[2026-05-12 06:48:01,864] [    INFO][0m - [Rank 0/4] Assigned to store parameter model.layers.15.post_attention_layernorm.weight[0m
[32m[2026-05-12 06:48:02,084] [    INFO][0m - [Rank 0/4] Assigned to store parameter model.layers.16.self_attn.o_proj.weight[0m
[32m[2026-05-12 06:48:02,574] [    INFO][0m - [Rank 0/4] Assigned to store parameter model.layers.16.input_layernorm.weight[0m
[32m[2026-05-12 06:48:02,631] [    INFO][0m - [Rank 0/4] Assigned to store parameter model.layers.17.self_attn.v_proj.weight[0m
[32m[2026-05-12 06:48:02,983] [    INFO][0m - [Rank 0/4] Assigned to store parameter model.layers.17.mlp.down_proj.weight[0m
[32m[2026-05-12 06:48:03,132] [    INFO][0m - [Rank 0/4] Assigned to store parameter model.layers.18.self_attn.k_proj.weight[0m
[32m[2026-05-12 06:48:03,349] [    INFO][0m - [Rank 0/4] Assigned to store parameter model.layers.18.mlp.up_proj.weight[0m
[32m[2026-05-12 06:48:03,501] [    INFO][0m - [Rank 0/4] Assigned to store parameter model.layers.19.self_attn.q_proj.weight[0m
[32m[2026-05-12 06:48:03,724] [    INFO][0m - [Rank 0/4] Assigned to store parameter model.layers.19.mlp.gate_proj.weight[0m
[32m[2026-05-12 06:48:04,171] [    INFO][0m - [Rank 0/4] Assigned to store parameter model.layers.19.post_attention_layernorm.weight[0m
[32m[2026-05-12 06:48:04,239] [    INFO][0m - [Rank 0/4] Assigned to store parameter model.layers.20.self_attn.o_proj.weight[0m
[32m[2026-05-12 06:48:04,725] [    INFO][0m - [Rank 0/4] Assigned to store parameter model.layers.20.input_layernorm.weight[0m
[32m[2026-05-12 06:48:04,782] [    INFO][0m - [Rank 0/4] Assigned to store parameter model.layers.21.self_attn.v_proj.weight[0m
[32m[2026-05-12 06:48:05,145] [    INFO][0m - [Rank 0/4] Assigned to store parameter model.layers.21.mlp.down_proj.weight[0m
[32m[2026-05-12 06:48:05,297] [    INFO][0m - [Rank 0/4] Assigned to store parameter model.layers.22.self_attn.k_proj.weight[0m
[32m[2026-05-12 06:48:05,516] [    INFO][0m - [Rank 0/4] Assigned to store parameter model.layers.22.mlp.up_proj.weight[0m
[32m[2026-05-12 06:48:05,668] [    INFO][0m - [Rank 0/4] Assigned to store parameter model.layers.23.self_attn.q_proj.weight[0m
[32m[2026-05-12 06:48:05,890] [    INFO][0m - [Rank 0/4] Assigned to store parameter model.layers.23.mlp.gate_proj.weight[0m
[32m[2026-05-12 06:48:06,337] [    INFO][0m - [Rank 0/4] Assigned to store parameter model.layers.23.post_attention_layernorm.weight[0m
[32m[2026-05-12 06:48:06,405] [    INFO][0m - [Rank 0/4] Assigned to store parameter model.layers.24.self_attn.o_proj.weight[0m
[32m[2026-05-12 06:48:06,891] [    INFO][0m - [Rank 0/4] Assigned to store parameter model.layers.24.input_layernorm.weight[0m
[32m[2026-05-12 06:48:06,948] [    INFO][0m - [Rank 0/4] Assigned to store parameter model.layers.25.self_attn.v_proj.weight[0m
[32m[2026-05-12 06:48:07,301] [    INFO][0m - [Rank 0/4] Assigned to store parameter model.layers.25.mlp.down_proj.weight[0m
[32m[2026-05-12 06:48:07,450] [    INFO][0m - [Rank 0/4] Assigned to store parameter model.layers.26.self_attn.k_proj.weight[0m
[32m[2026-05-12 06:48:07,668] [    INFO][0m - [Rank 0/4] Assigned to store parameter model.layers.26.mlp.up_proj.weight[0m
[32m[2026-05-12 06:48:07,820] [    INFO][0m - [Rank 0/4] Assigned to store parameter model.layers.27.self_attn.q_proj.weight[0m
[32m[2026-05-12 06:48:08,035] [    INFO][0m - [Rank 0/4] Assigned to store parameter model.layers.27.mlp.gate_proj.weight[0m
[32m[2026-05-12 06:48:08,480] [    INFO][0m - [Rank 0/4] Assigned to store parameter model.layers.27.post_attention_layernorm.weight[0m
[32m[2026-05-12 06:48:08,549] [    INFO][0m - [Rank 0/4] Assigned to store parameter model.layers.28.self_attn.o_proj.weight[0m
[32m[2026-05-12 06:48:09,058] [    INFO][0m - [Rank 0/4] Assigned to store parameter model.layers.28.input_layernorm.weight[0m
[32m[2026-05-12 06:48:09,119] [    INFO][0m - [Rank 0/4] Assigned to store parameter model.layers.29.self_attn.v_proj.weight[0m
[32m[2026-05-12 06:48:09,473] [    INFO][0m - [Rank 0/4] Assigned to store parameter model.layers.29.mlp.down_proj.weight[0m
[32m[2026-05-12 06:48:09,624] [    INFO][0m - [Rank 0/4] Assigned to store parameter model.layers.30.self_attn.k_proj.weight[0m
[32m[2026-05-12 06:48:09,844] [    INFO][0m - [Rank 0/4] Assigned to store parameter model.layers.30.mlp.up_proj.weight[0m
[32m[2026-05-12 06:48:09,997] [    INFO][0m - [Rank 0/4] Assigned to store parameter model.layers.31.self_attn.q_proj.weight[0m
[32m[2026-05-12 06:48:10,214] [    INFO][0m - [Rank 0/4] Assigned to store parameter model.layers.31.mlp.gate_proj.weight[0m
[32m[2026-05-12 06:48:10,661] [    INFO][0m - [Rank 0/4] Assigned to store parameter model.layers.31.post_attention_layernorm.weight[0m
[32m[2026-05-12 06:48:10,678] [    INFO][0m - [Rank 0/4] Saving sub-shard 0... Size: 8660.25 MB, Params: 73, Path: ./checkpoints/pt/llama3-8b/shard_0-0.safetensors[0m
[32m[2026-05-12 06:48:25,701] [    INFO][0m - [Rank 0/4] (Saver) All shards saved successfully.[0m
[32m[2026-05-12 06:48:26,272] [    INFO][0m - Configuration saved in ./checkpoints/pt/llama3-8b/config.json[0m
[32m[2026-05-12 06:48:26,273] [    INFO][0m - ***** train metrics *****[0m
[32m[2026-05-12 06:48:26,273] [    INFO][0m -   cpu_available_memory     =    1242.35[0m
[32m[2026-05-12 06:48:26,273] [    INFO][0m -   cpu_used_memory          =     267.81[0m
[32m[2026-05-12 06:48:26,274] [    INFO][0m -   progress_or_epoch        =        1.0[0m
[32m[2026-05-12 06:48:26,274] [    INFO][0m -   train_loss               =     7.0936[0m
[32m[2026-05-12 06:48:26,274] [    INFO][0m -   train_runtime            = 0:20:20.61[0m
[32m[2026-05-12 06:48:26,274] [    INFO][0m -   train_samples_per_second =     0.9831[0m
[32m[2026-05-12 06:48:26,274] [    INFO][0m -   train_steps_per_second   =     0.2458[0m
I0512 06:48:26.867082 31278 process_group_nccl.cc:163] ProcessGroupNCCL destruct 
I0512 06:48:26.867185 31278 process_group_nccl.cc:163] ProcessGroupNCCL destruct 
I0512 06:48:26.867231 31278 process_group_nccl.cc:163] ProcessGroupNCCL destruct 
I0512 06:48:26.867256 31278 process_group_nccl.cc:163] ProcessGroupNCCL destruct 
LAUNCH INFO 2026-05-12 06:48:29,984 Pod completed
LAUNCH INFO 2026-05-12 06:48:29,984 Exit code 0
